-7.102503180503845215e-01,3.614174127578735352e-01,-1.553289175033569336e+00,1.809389889240264893e-01,-1.156184673309326172e+00,-4.026169776916503906e-01,-1.288165092468261719e+00,-2.874501943588256836e-01,6.916680335998535156e-01,-5.699822306632995605e-01,-8.966259360313415527e-01,-2.763627767562866211e-01,-5.973724722862243652e-01,-1.272519588470458984e+00,-1.954002380371093750e-01,-9.949485063552856445e-01,-1.475889801979064941e+00,-1.046260356903076172e+00,-8.173784613609313965e-02,1.054606363177299500e-01
3.270246088504791260e-01,-2.238853573799133301e-01,1.362733602523803711e+00,3.490657508373260498e-01,3.918274939060211182e-01,4.912438094615936279e-01,9.039393663406372070e-01,2.949727773666381836e-01,2.596298754215240479e-01,-2.311234951019287109e+00,3.491942584514617920e-01,4.239139556884765625e-01,8.185766935348510742e-01,8.179697990417480469e-01,1.881136298179626465e+00,5.117441415786743164e-01,8.967741131782531738e-01,7.391115427017211914e-01,1.003706336021423340e+00,1.138342637568712234e-02
-3.258146941661834717e-01,-3.935380876064300537e-01,4.268527030944824219e-01,-2.384802997112274170e-01,-3.207062184810638428e-02,-4.860582947731018066e-01,-5.073972940444946289e-01,6.550315618515014648e-01,-3.755806088447570801e-01,-1.172528982162475586e+00,-3.411547839641571045e-01,4.315218627452850342e-01,4.115023910999298096e-01,-3.245100080966949463e-01,1.566801667213439941e-01,-1.505472898483276367e+00,2.478021681308746338e-01,-9.473889470100402832e-01,-3.769702315330505371e-01,-9.877949357032775879e-01
-1.692991495132446289e+00,-1.481290340423583984e+00,-8.047547936439514160e-01,-1.069538474082946777e+00,-2.622674465179443359e+00,-7.890002727508544922e-01,-1.700183629989624023e+00,-8.247578740119934082e-01,-2.166684865951538086e+00,-1.642174124717712402e+00,4.969391971826553345e-03,-2.904340922832489014e-01,-3.497642576694488525e-01,-7.901500463485717773e-01,-9.940985441207885742e-01,-9.052265286445617676e-01,-1.711773395538330078e+00,-1.643981099128723145e+00,-1.690203428268432617e+00,-6.642999053001403809e-01
-1.601464629173278809e+00,-1.356347918510437012e+00,-8.685287833213806152e-01,-5.504753589630126953e-01,6.387382745742797852e-01,-3.147693574428558350e-01,-8.281384110450744629e-01,7.837556600570678711e-01,-3.459151983261108398e-01,4.451273754239082336e-02,-4.876928627490997314e-01,7.835662923753261566e-03,-5.890964269638061523e-01,-2.808635473251342773e+00,-5.266094803810119629e-01,-5.173037052154541016e-01,-3.529278337955474854e-01,-1.181851979345083237e-02,-5.342427492141723633e-01,-7.244707345962524414e-01
-1.800416707992553711e-01,2.003687471151351929e-01,-1.481947660446166992e+00,1.154825612902641296e-01,-1.186289638280868530e-01,-5.952408909797668457e-01,-1.819788336753845215e+00,-1.383080631494522095e-01,-5.421608090400695801e-01,-1.104156374931335449e+00,1.311124116182327271e-01,-1.043983623385429382e-01,2.912625968456268311e-01,-2.945005595684051514e-01,1.823282092809677124e-01,-1.200567483901977539e+00,4.551286995410919189e-01,-4.307824671268463135e-01,-3.234088718891143799e-01,4.146760329604148865e-02
4.799595773220062256e-01,-4.603305757045745850e-01,1.249484419822692871e+00,4.600140452384948730e-01,-4.138595238327980042e-02,1.434209823608398438e+00,1.417615652084350586e+00,1.600988030433654785e+00,8.794400691986083984e-01,4.527256488800048828e-01,9.381775856018066406e-01,9.513208270072937012e-02,1.238329768180847168e+00,3.892607986927032471e-01,8.724000453948974609e-01,1.042664289474487305e+00,1.808710813522338867e+00,1.038011312484741211e+00,8.949078917503356934e-01,1.171918392181396484e+00
1.624472886323928833e-01,1.422399520874023438e+00,-7.732611894607543945e-01,2.988579869270324707e-01,-9.010987728834152222e-02,1.669376939535140991e-01,8.055682182312011719e-01,4.909299015998840332e-01,7.786713838577270508e-01,-1.361542195081710815e-01,8.017717599868774414e-01,9.136928319931030273e-01,3.767876923084259033e-01,-1.828085780143737793e-01,2.629351913928985596e-01,1.724927574396133423e-01,-5.361704155802726746e-02,-2.578185498714447021e-01,1.052599430084228516e+00,7.861745357513427734e-01
-2.966234385967254639e-01,-1.059553623199462891e+00,-3.374195098876953125e-01,7.003745436668395996e-01,7.516175508499145508e-02,-3.924315869808197021e-01,-1.640152931213378906e+00,-1.257336605340242386e-02,-3.576692640781402588e-01,9.146493673324584961e-02,5.231538414955139160e-01,7.831080816686153412e-03,2.844694256782531738e-01,-4.522420763969421387e-01,-4.281976521015167236e-01,4.128720164299011230e-01,-5.663033723831176758e-01,-3.087137043476104736e-01,-9.256492853164672852e-01,2.298027276992797852e+00
-2.589325606822967529e-01,-3.716545999050140381e-01,-3.195511102676391602e-01,-1.401875764131546021e-01,6.083998084068298340e-01,6.997963190078735352e-01,5.149667859077453613e-01,3.107554614543914795e-01,-2.695476412773132324e-01,8.101470023393630981e-02,3.447637259960174561e-01,-9.802941083908081055e-01,-3.765777945518493652e-01,-4.690549075603485107e-01,3.128925263881683350e-01,3.189909756183624268e-01,-1.241418600082397461e+00,1.394707113504409790e-01,3.582175374031066895e-01,2.292150855064392090e-01
1.632085204124450684e+00,9.537599086761474609e-01,1.452693223953247070e+00,-6.817236542701721191e-02,2.092459917068481445e+00,5.924167633056640625e-01,2.255465507507324219e+00,6.144810914993286133e-01,1.813512563705444336e+00,4.983246326446533203e-01,2.294107437133789062e+00,8.164269328117370605e-01,1.963176369667053223e+00,9.722078591585159302e-02,6.482009589672088623e-02,1.061270594596862793e+00,8.444814085960388184e-01,1.118011832237243652e+00,2.217264652252197266e+00,4.951951205730438232e-01
-8.250102996826171875e-01,-1.761911362409591675e-01,1.005424976348876953e+00,-4.429187625646591187e-02,7.701587677001953125e-01,5.451853275299072266e-01,3.319496810436248779e-01,-1.425408869981765747e-01,3.072277605533599854e-01,2.094645351171493530e-01,-8.032547235488891602e-01,-2.774015069007873535e-01,-4.240818321704864502e-01,-2.852069735527038574e-01,-9.055338501930236816e-01,-1.517695933580398560e-01,4.757761359214782715e-01,2.589498460292816162e-01,1.854784607887268066e+00,1.183817535638809204e-01
8.453537225723266602e-01,5.472196936607360840e-01,1.635877966880798340e+00,4.235706329345703125e-01,3.372280299663543701e-01,4.080862998962402344e-01,-2.266811728477478027e-01,4.178800284862518311e-01,3.850725591182708740e-01,4.375618696212768555e-01,9.025272130966186523e-01,1.371981739997863770e+00,5.160778760910034180e-01,3.141244649887084961e-01,1.278720855712890625e+00,-1.250326484441757202e-01,4.691327512264251709e-01,-2.788583338260650635e-01,-1.576029300689697266e+00,1.550211161375045776e-01
-2.239634275436401367e+00,-1.771664500236511230e+00,-6.524558067321777344e-01,-4.212316870689392090e-01,1.755906641483306885e-01,-7.718702554702758789e-01,3.167426288127899170e-01,-8.263088017702102661e-02,1.595628410577774048e-01,4.948329627513885498e-01,3.288576602935791016e-01,-1.245154887437820435e-01,6.680622696876525879e-01,-1.057736039161682129e+00,-9.490523934364318848e-01,3.363913670182228088e-02,4.532057642936706543e-01,-2.381825000047683716e-01,-4.951360225677490234e-01,-5.282921791076660156e-01
3.998220860958099365e-01,7.382149994373321533e-02,7.625327110290527344e-01,3.613810539245605469e-01,1.587015539407730103e-01,3.838163912296295166e-01,1.644263505935668945e+00,1.764972567558288574e+00,1.107319712638854980e+00,-1.686548590660095215e-01,3.153138160705566406e-01,8.891756534576416016e-01,1.033475875854492188e+00,4.086534976959228516e-01,-6.590418219566345215e-01,1.897998601198196411e-01,3.346768915653228760e-01,5.715888738632202148e-02,2.549781203269958496e-01,9.500543475151062012e-01
9.352243542671203613e-01,3.997875154018402100e-01,2.328697204589843750e+00,5.363337993621826172e-01,1.096054196357727051e+00,3.856576979160308838e-01,-1.234429925680160522e-01,1.031902074813842773e+00,-1.099817872047424316e+00,5.291501432657241821e-02,1.956488192081451416e-01,9.321599602699279785e-01,1.141547799110412598e+00,5.044524073600769043e-01,-5.659673213958740234e-01,-4.381758272647857666e-01,5.277991890907287598e-01,4.846465587615966797e-01,-4.402833282947540283e-01,5.144630074501037598e-01
-3.141623735427856445e-01,9.066916108131408691e-01,-5.140858292579650879e-01,-3.853817284107208252e-01,3.701209425926208496e-01,-4.096675813198089600e-01,-1.955231726169586182e-01,4.889044761657714844e-01,2.368458032608032227e+00,4.281937777996063232e-01,1.881470233201980591e-01,1.006836175918579102e+00,3.373445272445678711e-01,1.694460988044738770e+00,4.600329399108886719e-01,-1.294105947017669678e-01,-2.779447138309478760e-01,2.947043180465698242e-01,6.090583801269531250e-01,3.646548688411712646e-01
-2.041283607482910156e+00,-1.067996740341186523e+00,-1.716495394706726074e+00,-1.155729413032531738e+00,-2.005746364593505859e+00,-9.999624490737915039e-01,-3.046218678355216980e-02,-1.059313178062438965e+00,-1.147630065679550171e-01,-9.069012999534606934e-01,-1.009231925010681152e+00,-8.202267289161682129e-01,-8.006896376609802246e-01,-1.032287001609802246e+00,-1.009039878845214844e+00,-1.043199777603149414e+00,-2.051350831985473633e+00,-2.065705537796020508e+00,-1.771560549736022949e+00,-1.608355641365051270e+00
9.356267452239990234e-01,9.702308177947998047e-01,1.068820595741271973e+00,-1.150275021791458130e-01,3.261641561985015869e-01,-9.762980043888092041e-02,1.336839199066162109e-01,9.285801649093627930e-01,-2.218048721551895142e-01,-5.813032984733581543e-01,2.459041178226470947e-01,8.363262414932250977e-01,-8.640384674072265625e-01,4.822846651077270508e-01,-8.451582789421081543e-01,2.621127963066101074e-01,4.521530866622924805e-01,1.480707168579101562e+00,-3.263781964778900146e-01,8.058905601501464844e-01
-1.599870681762695312e+00,2.353010773658752441e-01,-1.175168514251708984e+00,-3.974234759807586670e-01,3.773021101951599121e-01,-1.503433227539062500e+00,-1.063247442245483398e+00,-1.637433618307113647e-01,1.529599070549011230e+00,6.918732821941375732e-02,7.374243140220642090e-01,3.437792956829071045e-01,4.445914924144744873e-01,1.236619502305984497e-01,1.992899477481842041e-01,-1.358506530523300171e-01,-1.798502087593078613e+00,-3.308350741863250732e-01,-5.181851387023925781e-01,2.143531441688537598e-01
-1.029730796813964844e+00,-2.248220890760421753e-01,-1.270479440689086914e+00,1.244880110025405884e-01,-3.617416322231292725e-01,-1.770521402359008789e-01,-8.449373245239257812e-01,5.700603872537612915e-02,8.192686736583709717e-02,-1.254561245441436768e-01,-2.425186157226562500e+00,-6.194109916687011719e-01,-9.845031499862670898e-01,-8.582278490066528320e-01,-6.041001677513122559e-01,-9.986904859542846680e-01,-1.090313673019409180e+00,-6.391777396202087402e-01,2.769623994827270508e-01,-1.085156440734863281e+00
-5.673601031303405762e-01,-4.958120882511138916e-01,-1.374742627143859863e+00,-2.805526852607727051e-01,1.749916076660156250e+00,3.503213450312614441e-02,8.036060929298400879e-01,-5.922125186771154404e-03,2.695584893226623535e-01,-4.134855568408966064e-01,2.117250412702560425e-01,-6.454244256019592285e-01,-6.379472613334655762e-01,-2.851437330245971680e-01,1.631311893463134766e+00,-1.841426789760589600e-01,3.485996127128601074e-01,-4.530956745147705078e-01,2.849012017250061035e-01,-8.293398022651672363e-01
-4.721127450466156006e-01,-9.362778067588806152e-01,3.880003392696380615e-01,-9.669456481933593750e-01,-1.773774623870849609e+00,-1.027192234992980957e+00,-2.383494853973388672e+00,-4.609270095825195312e-01,-1.044343233108520508e+00,3.110424876213073730e-01,-3.000777661800384521e-01,-1.213199973106384277e+00,-3.749038577079772949e-01,-4.327342808246612549e-01,-6.120719313621520996e-01,-8.965719938278198242e-01,-2.892889082431793213e-01,-8.433282375335693359e-01,-6.645872592926025391e-01,9.046263247728347778e-02
-1.021664738655090332e+00,1.268103837966918945e+00,-4.298726022243499756e-01,-5.706484913825988770e-01,-4.761331379413604736e-01,2.224929481744766235e-01,-4.433260560035705566e-01,-7.981100082397460938e-01,-1.120389938354492188e+00,-1.935043185949325562e-01,-3.833979070186614990e-01,-1.067250251770019531e+00,-2.742928862571716309e-01,-8.958503603935241699e-01,-1.475030481815338135e-01,2.476190477609634399e-01,-2.999279834330081940e-02,-4.112390577793121338e-01,2.461913675069808960e-01,-1.727165430784225464e-01
5.307182073593139648e-01,-8.934878110885620117e-01,4.761867523193359375e-01,9.752380251884460449e-01,8.543438315391540527e-01,-4.168175160884857178e-01,1.431128621101379395e+00,2.299651503562927246e-01,1.507183194160461426e+00,-1.235283259302377701e-02,3.874117136001586914e-01,-4.457691013813018799e-01,8.998441100120544434e-01,3.786321282386779785e-01,4.280085861682891846e-01,1.186980843544006348e+00,4.865312874317169189e-01,6.072589159011840820e-01,4.204038381576538086e-01,-7.545651197433471680e-01
-1.410424113273620605e+00,-1.028674006462097168e+00,-2.949787855148315430e+00,-1.657614111900329590e+00,-9.251922369003295898e-01,-3.251601755619049072e-02,-1.567965984344482422e+00,-1.038294076919555664e+00,-9.441896080970764160e-01,-2.813812494277954102e-01,-1.511433362960815430e+00,-1.458139300346374512e+00,-1.207215547561645508e+00,-1.313123464584350586e+00,-1.562250733375549316e+00,-2.256662130355834961e+00,-1.270241022109985352e+00,-1.109346270561218262e+00,-1.677551031112670898e+00,-1.463355660438537598e+00
1.661479949951171875e+00,2.992046177387237549e-01,1.174375787377357483e-01,1.116042017936706543e+00,-3.792679682374000549e-02,5.873706936836242676e-02,9.893268346786499023e-01,1.053013086318969727e+00,-4.749432504177093506e-01,-1.140489727258682251e-01,6.224772930145263672e-01,-8.801802992820739746e-02,1.649595022201538086e+00,1.084532618522644043e+00,2.156680822372436523e-01,2.784615755081176758e-01,-5.292389392852783203e-01,4.835191369056701660e-01,-4.546555280685424805e-01,2.078043937683105469e+00
-7.490748763084411621e-01,2.400456517934799194e-01,5.210719108581542969e-01,1.021620988845825195e+00,2.261615991592407227e-01,-1.772923171520233154e-01,4.793561697006225586e-01,1.266898632049560547e+00,1.330502867698669434e+00,-5.356689170002937317e-02,9.173457026481628418e-01,3.070907294750213623e-01,2.566761374473571777e-01,4.095915257930755615e-01,5.286828875541687012e-01,-3.956046402454376221e-01,-8.845653533935546875e-01,2.347347140312194824e-01,2.138641625642776489e-01,6.707292199134826660e-01
-1.102906823158264160e+00,-2.947967052459716797e+00,-1.078304052352905273e+00,-1.732106357812881470e-01,-2.499773025512695312e+00,-1.076995372772216797e+00,-7.867814898490905762e-01,1.911315023899078369e-01,-3.887319266796112061e-01,-9.409623146057128906e-01,-5.029672980308532715e-01,-9.713006019592285156e-01,-9.391973614692687988e-01,-8.162888884544372559e-01,-3.087322711944580078e-01,-4.079733192920684814e-01,-9.202848076820373535e-01,-1.907471179962158203e+00,-7.373122572898864746e-01,-4.292867481708526611e-01
1.076388731598854065e-01,9.591456651687622070e-01,8.554422855377197266e-01,1.850007414817810059e+00,3.007829487323760986e-01,1.109687924385070801e+00,1.048589229583740234e+00,1.160457372665405273e+00,1.157914042472839355e+00,1.001091122627258301e+00,1.542557716369628906e+00,-4.039477556943893433e-02,5.153762102127075195e-01,2.990335822105407715e-01,5.564833879470825195e-01,6.986485719680786133e-01,4.127651751041412354e-01,3.827588856220245361e-01,5.813991427421569824e-01,9.964548349380493164e-01
-4.801921844482421875e-01,-1.380123496055603027e+00,-7.497919201850891113e-01,-1.679853320121765137e+00,-1.076032280921936035e+00,-7.530599832534790039e-01,3.356853425502777100e-01,1.529487222433090210e-01,-1.274317353963851929e-01,-5.175192356109619141e-01,-7.406854629516601562e-01,-2.909825742244720459e-01,-2.202097885310649872e-02,-6.090919971466064453e-01,-1.312373638153076172e+00,-8.945281505584716797e-01,2.600899040699005127e-01,3.398813307285308838e-01,1.215786859393119812e-01,-1.051949381828308105e+00
6.304820626974105835e-02,-7.940595746040344238e-01,4.366988241672515869e-01,1.279126882553100586e+00,4.792020916938781738e-01,9.877355098724365234e-01,1.706440448760986328e+00,1.105826020240783691e+00,-3.640793263912200928e-02,-1.264215409755706787e-01,3.403976261615753174e-01,8.559873700141906738e-01,9.854082465171813965e-01,9.828649163246154785e-01,4.968750290572643280e-03,-6.730366349220275879e-01,2.602179050445556641e-01,4.527551531791687012e-01,-1.313429474830627441e-01,1.023296117782592773e+00
2.305330485105514526e-01,1.460354588925838470e-02,3.191473782062530518e-01,-9.295564889907836914e-01,-4.936146140098571777e-01,6.338201463222503662e-02,-7.575576305389404297e-01,5.683369934558868408e-02,-4.862904846668243408e-01,1.170078068971633911e-01,2.334353923797607422e-01,-9.307038038969039917e-03,4.903562068939208984e-01,-1.657090544700622559e+00,-5.307498574256896973e-01,-8.251531124114990234e-01,-3.843316435813903809e-01,4.235803782939910889e-01,-7.454332709312438965e-01,-2.305749356746673584e-01
2.452988028526306152e-01,9.097415208816528320e-01,1.162985920906066895e+00,-2.408726513385772705e-01,6.554614305496215820e-01,5.978765487670898438e-01,3.527537882328033447e-01,1.751525044441223145e+00,1.201099038124084473e+00,6.437704563140869141e-01,1.702658414840698242e+00,1.029307126998901367e+00,7.864661216735839844e-01,2.737140059471130371e-01,1.027281209826469421e-01,-6.571387052536010742e-01,1.075590610504150391e+00,1.070559620857238770e+00,8.049414753913879395e-01,1.094502925872802734e+00
6.302934885025024414e-02,3.445620834827423096e-01,3.366869390010833740e-01,9.264488220214843750e-01,7.799708843231201172e-01,1.181397438049316406e-01,1.719108223915100098e+00,3.806108832359313965e-01,-7.306050062179565430e-01,-7.972581684589385986e-02,4.386171996593475342e-01,2.788168787956237793e-01,-1.332641243934631348e-01,8.857441544532775879e-01,-5.104617476463317871e-01,5.164960622787475586e-01,1.473874300718307495e-01,3.935162127017974854e-01,1.154981613159179688e+00,5.055620670318603516e-01
-7.464191317558288574e-01,-7.096217870712280273e-01,-1.037975430488586426e+00,-1.176179885864257812e+00,-1.411705017089843750e+00,-8.189631104469299316e-01,-2.246567964553833008e+00,-1.343564271926879883e+00,-1.843410253524780273e+00,-1.562111258506774902e+00,-2.748591423034667969e+00,-7.511593103408813477e-01,-1.341730713844299316e+00,-1.485832691192626953e+00,-1.418761253356933594e+00,-1.176256299018859863e+00,-1.799802064895629883e+00,-1.207787990570068359e+00,-2.180127620697021484e+00,-9.997259378433227539e-01
-4.579451382160186768e-01,-1.986670643091201782e-01,-2.049635946750640869e-01,-4.956473708152770996e-01,3.462940156459808350e-01,5.869166851043701172e-01,-3.431650698184967041e-01,-8.251451700925827026e-02,9.547983407974243164e-01,1.842017531394958496e+00,3.439063131809234619e-01,-3.354949355125427246e-01,1.506410598754882812e+00,1.640979409217834473e+00,-2.434719055891036987e-01,-7.609741687774658203e-01,1.356417685747146606e-01,-4.555850625038146973e-01,-6.671952009201049805e-01,-1.504952162504196167e-01
-1.461923956871032715e+00,-4.445924758911132812e-01,-1.082542181015014648e+00,-1.074149847030639648e+00,-1.100431442260742188e+00,-1.152502417564392090e+00,-1.603208422660827637e+00,-4.949882924556732178e-01,-1.437845945358276367e+00,-1.215085148811340332e+00,-1.638540267944335938e+00,-9.759975671768188477e-01,-4.032397270202636719e-01,-7.591147422790527344e-01,-1.364873290061950684e+00,-1.558651685714721680e+00,-9.539995789527893066e-01,-2.727750837802886963e-01,-1.512667179107666016e+00,-3.954001069068908691e-01
2.820425033569335938e-01,-1.732757240533828735e-01,-5.779436230659484863e-01,-4.848529994487762451e-01,1.240621227771043777e-02,-7.095516324043273926e-01,2.129982262849807739e-01,-1.725780218839645386e-01,-7.610527276992797852e-01,-1.737830519676208496e+00,-7.036976218223571777e-01,-4.250021278858184814e-02,4.595239758491516113e-01,-3.933270573616027832e-01,-2.891514897346496582e-01,4.061754643917083740e-01,-2.871692180633544922e-01,-8.831931948661804199e-01,-1.048344850540161133e+00,1.799126714468002319e-01
8.733704090118408203e-01,-6.022826582193374634e-02,-1.217695832252502441e+00,-3.133336007595062256e-01,-4.183216094970703125e-01,2.389568984508514404e-01,-3.031209111213684082e-01,-7.156363129615783691e-01,1.383938074111938477e+00,-4.807893335819244385e-01,7.065292596817016602e-01,8.712650835514068604e-02,-1.119587540626525879e+00,-8.306639194488525391e-01,3.532790243625640869e-01,4.127936363220214844e-01,-9.368983507156372070e-01,-2.142242044210433960e-01,4.257347583770751953e-01,-3.858386874198913574e-01
4.943967163562774658e-01,1.982229471206665039e+00,4.698605537414550781e-01,-1.210108250379562378e-01,-3.146219253540039062e-01,3.980864882469177246e-01,2.801219224929809570e-01,1.115082025527954102e+00,-6.979936361312866211e-01,-8.021767139434814453e-01,9.580172300338745117e-01,1.452606618404388428e-01,5.567466840147972107e-02,4.126115143299102783e-01,3.396257758140563965e-01,2.179304659366607666e-01,1.156669139862060547e+00,7.878618240356445312e-01,4.897671639919281006e-01,1.035471558570861816e+00
1.202533841133117676e+00,7.917400598526000977e-01,-9.930698275566101074e-01,9.361373186111450195e-01,1.058912754058837891e+00,4.419511854648590088e-01,3.552088141441345215e-01,1.195975542068481445e+00,6.010942459106445312e-01,5.879642963409423828e-01,1.579632401466369629e+00,4.171246588230133057e-01,-2.238152742385864258e+00,4.776578843593597412e-01,4.505334496498107910e-01,2.588318288326263428e-01,4.179542660713195801e-01,5.167489647865295410e-01,9.118292331695556641e-01,9.193605780601501465e-01
2.643456459045410156e-01,1.581665515899658203e+00,1.327935218811035156e+00,9.429708719253540039e-01,8.238895237445831299e-02,9.366568922996520996e-01,6.102031469345092773e-01,1.141425013542175293e+00,1.219480276107788086e+00,1.112213253974914551e+00,9.472938776016235352e-01,1.269198298454284668e+00,1.272394776344299316e+00,8.029384016990661621e-01,2.763802528381347656e+00,1.512534320354461670e-01,9.976929426193237305e-01,8.574031591415405273e-01,9.566655755043029785e-01,1.454058051109313965e+00
1.185676693916320801e+00,1.290746569633483887e+00,1.155724287033081055e+00,5.566517114639282227e-01,1.338864210993051529e-02,6.235451102256774902e-01,2.840155959129333496e-01,-5.679075047373771667e-02,1.151090741157531738e+00,8.382776975631713867e-01,1.511314392089843750e+00,-1.021545171737670898e+00,1.029049396514892578e+00,1.135149717330932617e+00,5.329599976539611816e-01,2.989272773265838623e-01,-7.231497764587402344e-01,1.103531718254089355e+00,4.927154779434204102e-01,9.765257835388183594e-01
-5.864808559417724609e-01,-9.378113150596618652e-01,-6.767489910125732422e-01,-1.642709970474243164e+00,-8.564805388450622559e-01,-1.730390340089797974e-01,-1.901860684156417847e-01,-8.663165569305419922e-01,-9.312955290079116821e-02,-2.542898654937744141e-01,-4.136338829994201660e-01,1.029991880059242249e-01,4.421709105372428894e-02,-9.925442337989807129e-01,-6.778836846351623535e-01,-9.634047746658325195e-01,4.411727786064147949e-01,-1.568954229354858398e+00,-1.079037427902221680e+00,-1.099087238311767578e+00
4.571420252323150635e-01,5.045740678906440735e-02,1.039971828460693359e+00,7.737227082252502441e-01,1.495652437210083008e+00,1.174849390983581543e+00,4.416660070419311523e-01,1.237069487571716309e+00,4.713008403778076172e-01,5.079732537269592285e-01,2.361082077026367188e+00,-2.011756151914596558e-01,5.534266233444213867e-01,1.065232157707214355e+00,3.809494674205780029e-01,-3.010836243629455566e-01,1.830403327941894531e+00,3.912333846092224121e-01,2.149891853332519531e-01,7.325925230979919434e-01
1.127477049827575684e+00,4.631963968276977539e-01,-2.509820163249969482e-01,6.071591377258300781e-01,4.360364973545074463e-01,2.742234766483306885e-01,-9.205140471458435059e-01,5.954005196690559387e-02,2.638606131076812744e-01,2.255493402481079102e+00,4.243990778923034668e-02,3.667108118534088135e-01,4.478527605533599854e-01,5.397118926048278809e-01,2.660439968109130859e+00,-3.088597655296325684e-01,-2.080529183149337769e-01,2.515218555927276611e-01,-7.343963719904422760e-03,4.943206012248992920e-01
2.314390659332275391e+00,4.735049009323120117e-01,1.092666625976562500e+00,-8.671590089797973633e-01,4.762480854988098145e-01,-1.622180938720703125e-01,3.240693211555480957e-01,3.103210330009460449e-01,-1.746740043163299561e-01,-9.228245615959167480e-01,1.508750200271606445e+00,3.902071118354797363e-01,3.467933833599090576e-01,-2.147482037544250488e-01,-4.595446586608886719e-02,1.061200618743896484e+00,9.580124616622924805e-01,1.575422137975692749e-01,2.065133303403854370e-01,3.595703840255737305e-01
7.273362576961517334e-02,4.927206635475158691e-01,-1.636409908533096313e-01,-1.392543613910675049e-01,1.900696903467178345e-01,-1.068097829818725586e+00,-1.251750230789184570e+00,2.515196800231933594e-01,8.238880038261413574e-01,2.320352196693420410e-01,-4.177096188068389893e-01,-1.099330000579357147e-02,3.220647573471069336e-01,-3.633999526500701904e-01,-4.597002863883972168e-01,-1.005081892013549805e+00,-7.594423294067382812e-01,8.924462795257568359e-01,6.795961856842041016e-01,-4.205984473228454590e-01
1.304470002651214600e-01,4.442498981952667236e-01,1.384817838668823242e+00,4.477510154247283936e-01,6.644552350044250488e-01,5.422727465629577637e-01,1.571851849555969238e+00,9.045035243034362793e-01,7.465288043022155762e-01,3.482849001884460449e-01,1.544540047645568848e+00,1.014573335647583008e+00,6.839740872383117676e-01,1.238783001899719238e+00,2.434570312500000000e+00,4.643307998776435852e-02,7.748975753784179688e-01,1.091651439666748047e+00,4.030565321445465088e-01,1.126825809478759766e+00
6.205083131790161133e-01,8.507525324821472168e-01,9.533216245472431183e-03,9.839487075805664062e-01,1.561427593231201172e+00,1.289527177810668945e+00,2.994173467159271240e-01,1.450468182563781738e+00,1.467165350914001465e+00,8.658564090728759766e-01,1.138977289199829102e+00,1.452327013015747070e+00,6.021279096603393555e-01,1.709666728973388672e+00,8.184031844139099121e-01,1.472048759460449219e+00,1.076924443244934082e+00,2.006884098052978516e+00,1.510536789894104004e+00,1.465962767601013184e+00
-7.729985117912292480e-01,-4.702427685260772705e-01,-1.741200566291809082e+00,-1.562337875366210938e+00,-1.543487310409545898e+00,-2.367287874221801758e+00,-7.826951146125793457e-01,-3.133897483348846436e-01,-1.062690019607543945e+00,-9.482394456863403320e-01,-2.116663217544555664e+00,-6.481224894523620605e-01,-5.234476923942565918e-01,-1.498815536499023438e+00,-2.364457845687866211e+00,-9.282965064048767090e-01,-7.016040682792663574e-01,-2.197741031646728516e+00,-2.021163940429687500e+00,-1.014166355133056641e+00
6.616448760032653809e-01,7.330186963081359863e-01,-5.632962286472320557e-02,4.120053350925445557e-01,-5.292692184448242188e-01,3.881266117095947266e-01,1.373684853315353394e-01,2.691050767898559570e-01,4.672081470489501953e-01,4.929430782794952393e-01,1.090139031410217285e+00,5.379624962806701660e-01,1.396021962165832520e+00,3.648744821548461914e-01,2.070531249046325684e-01,2.761265337467193604e-01,1.813301682472229004e+00,-2.550799548625946045e-01,9.689491987228393555e-01,-1.556299626827239990e-01
-2.235881537199020386e-01,-5.672636032104492188e-01,-1.005742430686950684e+00,-2.731597721576690674e-01,3.874652683734893799e-01,-3.452813625335693359e-01,1.196322441101074219e+00,-3.969739079475402832e-01,-5.622153878211975098e-01,-2.518688440322875977e-01,-7.362254858016967773e-01,-2.108163982629776001e-01,-1.731396615505218506e-01,-1.042183995246887207e+00,2.684476077556610107e-01,-4.565860927104949951e-01,8.401263505220413208e-02,-6.240231394767761230e-01,-3.825965523719787598e-01,-4.589124619960784912e-01
-3.244986534118652344e-01,1.240313500165939331e-01,-1.195210099220275879e+00,-4.479696750640869141e-01,9.871672391891479492e-01,8.766026496887207031e-01,-3.857629299163818359e-01,8.519606590270996094e-01,-2.960385009646415710e-02,-1.955425143241882324e-01,7.462897300720214844e-01,3.786461055278778076e-01,1.031008601188659668e+00,2.360826879739761353e-01,5.136766433715820312e-01,-2.971838712692260742e-01,4.608229398727416992e-01,7.820180803537368774e-02,1.075584292411804199e+00,-2.374741435050964355e-01
-1.097934365272521973e+00,1.535536944866180420e-01,-1.025605559349060059e+00,-9.288210868835449219e-01,-1.715390324592590332e+00,-1.142845511436462402e+00,-1.760620355606079102e+00,-8.706786036491394043e-01,-1.127541542053222656e+00,-1.134991168975830078e+00,-8.187933564186096191e-01,-2.900578379631042480e-01,-5.515352487564086914e-01,3.369531780481338501e-02,-1.072337150573730469e+00,-2.443891018629074097e-01,-8.517287969589233398e-01,-6.207476258277893066e-01,-2.391605615615844727e+00,-6.919904947280883789e-01
-2.337751388549804688e+00,-1.368577122688293457e+00,-1.723433136940002441e+00,-4.957572519779205322e-01,-1.569822192192077637e+00,-3.918497562408447266e-01,-7.733449339866638184e-01,-9.898665547370910645e-01,-6.774337291717529297e-01,-4.137907028198242188e-01,-1.515567779541015625e+00,-4.571319743990898132e-02,1.479049921035766602e+00,-5.930603742599487305e-01,-5.835430622100830078e-01,-2.592581510543823242e-01,-1.463587284088134766e+00,-5.565189123153686523e-01,-9.380831122398376465e-01,-8.516905307769775391e-01
8.261849284172058105e-01,2.284170389175415039e+00,3.616374433040618896e-01,1.210846662521362305e+00,9.362819790840148926e-01,1.077803611755371094e+00,-3.444603085517883301e-02,2.099358320236206055e+00,-2.578156888484954834e-01,4.458386078476905823e-02,8.291223049163818359e-01,5.372925400733947754e-01,8.339654207229614258e-01,7.654837965965270996e-01,-1.086745318025350571e-02,5.145794153213500977e-01,-2.912305295467376709e-01,1.018586397171020508e+00,1.516140341758728027e+00,7.321777939796447754e-01
4.540826380252838135e-01,6.296629905700683594e-01,1.065096855163574219e+00,-2.979227602481842041e-01,-5.277750492095947266e-01,-3.147460818290710449e-01,-5.094988346099853516e-01,8.504153043031692505e-02,1.143337935209274292e-01,-1.411775112152099609e+00,-1.150277256965637207e+00,-1.064646765589714050e-01,-3.150233924388885498e-01,9.507921934127807617e-01,1.460796713829040527e+00,-7.600573301315307617e-01,8.702083230018615723e-01,-1.229874610900878906e+00,-1.203273296356201172e+00,-1.370286494493484497e-01
-1.081615209579467773e+00,-2.311571121215820312e+00,1.417643576860427856e-01,1.260400056838989258e+00,-2.944944500923156738e-01,-1.202928304672241211e+00,-4.339188933372497559e-01,-3.006688654422760010e-01,-4.738198220729827881e-01,-1.578587889671325684e+00,-6.094917058944702148e-01,-1.155103817582130432e-01,-4.518380463123321533e-01,-1.748964309692382812e+00,-3.989425301551818848e-01,-7.178633213043212891e-01,-3.799284696578979492e-01,2.190505266189575195e-01,-1.303702592849731445e+00,1.766519993543624878e-01
-2.450567930936813354e-01,8.248710036277770996e-01,6.586689352989196777e-01,4.006697833538055420e-01,9.429075121879577637e-01,1.102158427238464355e+00,-3.537121415138244629e-01,2.509552955627441406e+00,1.630925655364990234e+00,-1.792509108781814575e-01,7.740253210067749023e-01,8.460876345634460449e-01,4.024602174758911133e-01,-3.614263832569122314e-01,3.833076059818267822e-01,5.709442496299743652e-01,-6.898815184831619263e-02,1.663342595100402832e+00,8.686351776123046875e-01,4.012943208217620850e-01
-5.155439972877502441e-01,-3.582211434841156006e-01,2.634614109992980957e-01,1.282838940620422363e+00,-3.093496859073638916e-01,2.415958493947982788e-01,-7.859951257705688477e-01,-7.028533518314361572e-02,-1.998938024044036865e-01,-2.443470478057861328e+00,-9.342325925827026367e-01,-1.992392539978027344e+00,-7.063431143760681152e-01,-5.158304572105407715e-01,-2.990013659000396729e-01,-4.393562674522399902e-01,-9.550623297691345215e-01,-6.008411645889282227e-01,-3.208811581134796143e-01,-5.095714330673217773e-01
-1.742930412292480469e-01,-2.796704694628715515e-02,-8.789889216423034668e-01,-1.067035079002380371e+00,8.353693485260009766e-01,-3.857095539569854736e-01,-1.282930850982666016e+00,-1.052763342857360840e+00,-4.737874269485473633e-01,-3.153024315834045410e-01,-2.375172674655914307e-01,-9.982715249061584473e-01,-7.521758675575256348e-01,-5.592696070671081543e-01,-4.535362422466278076e-01,-3.465305268764495850e-01,-2.076479047536849976e-01,-2.458684295415878296e-01,-4.356075823307037354e-01,-2.757890820503234863e-01
-1.604711294174194336e+00,-7.299837470054626465e-01,-1.117535352706909180e+00,-5.715404152870178223e-01,-4.836658537387847900e-01,9.606015868484973907e-03,-7.079553604125976562e-01,-8.113457262516021729e-02,-9.682571887969970703e-01,-1.239023879170417786e-01,-1.630076527595520020e+00,-4.958356022834777832e-01,-5.157791972160339355e-01,7.200468778610229492e-01,-1.065286278724670410e+00,-4.034065604209899902e-01,-7.295047491788864136e-02,-1.104872107505798340e+00,-1.346817851066589355e+00,-1.520074725151062012e+00
1.378552079200744629e+00,1.435081601142883301e+00,6.398162245750427246e-01,9.994089007377624512e-01,1.054526418447494507e-01,3.756905794143676758e-01,9.546409249305725098e-01,-4.515163302421569824e-01,4.900163710117340088e-01,9.648253917694091797e-01,1.237552285194396973e+00,3.298733830451965332e-01,4.082423150539398193e-01,9.468553662300109863e-01,1.151150822639465332e+00,8.370334506034851074e-01,9.886695742607116699e-01,9.945285916328430176e-01,1.003604531288146973e+00,1.144818425178527832e+00
-1.789061069488525391e+00,-1.706398844718933105e+00,-5.174914002418518066e-01,-4.994936585426330566e-01,-9.906497001647949219e-01,-5.234732627868652344e-01,-5.956918001174926758e-01,-3.769269287586212158e-01,-4.556415975093841553e-01,-3.978069499135017395e-02,2.706382274627685547e-01,-1.563480257987976074e+00,-9.255452752113342285e-01,-5.210646390914916992e-01,-1.251323580741882324e+00,-3.617033958435058594e-01,-1.564522981643676758e-01,-4.501394331455230713e-01,1.215751245617866516e-01,-7.934458255767822266e-01
-1.690100550651550293e+00,-4.258125126361846924e-01,-4.062609076499938965e-01,2.406550757586956024e-02,-1.855275392532348633e+00,-3.729246854782104492e-01,-2.810715436935424805e-01,-7.954918742179870605e-01,-1.208003997802734375e+00,-1.877277612686157227e+00,-1.925482600927352905e-01,-3.643473088741302490e-01,-1.311246514320373535e+00,-8.451679944992065430e-01,1.560405939817428589e-01,-1.308106064796447754e+00,2.820408940315246582e-01,-9.382901787757873535e-01,-1.270480871200561523e+00,-5.878913030028343201e-02
-4.779951274394989014e-01,5.199279785156250000e-01,2.540852129459381104e-01,1.410780847072601318e-01,-4.174957275390625000e-01,-1.035786986351013184e+00,2.935082912445068359e-01,-3.701424896717071533e-01,1.276446729898452759e-01,-6.671796739101409912e-02,-2.123822569847106934e-01,-9.160668253898620605e-01,-1.176892161369323730e+00,-6.156342029571533203e-01,1.109557598829269409e-01,2.944187521934509277e-01,-9.234278202056884766e-01,2.023804783821105957e-01,9.444615244865417480e-01,-4.943690001964569092e-01
-3.315012454986572266e-01,5.254114419221878052e-02,-1.474610805511474609e+00,-3.073863089084625244e-01,-8.444998860359191895e-01,-1.436540603637695312e+00,-4.862821996212005615e-01,1.318530440330505371e-01,-1.034598469734191895e+00,-2.318727076053619385e-01,2.523916363716125488e-01,1.979707777500152588e-01,9.309703111648559570e-01,-1.169045567512512207e+00,-3.006645441055297852e-01,-7.741295099258422852e-01,-4.142565429210662842e-01,1.448203027248382568e-01,-1.179768204689025879e+00,9.046245217323303223e-01
1.065229654312133789e+00,-7.496718168258666992e-01,4.249597787857055664e-01,6.945330500602722168e-01,1.229570627212524414e+00,1.131683588027954102e+00,5.094764232635498047e-01,5.425635576248168945e-01,-6.377080082893371582e-01,-2.351489365100860596e-01,2.912603318691253662e-01,3.198625445365905762e-01,4.427621364593505859e-01,1.074239969253540039e+00,7.663828730583190918e-01,7.529740929603576660e-01,5.432109236717224121e-01,8.365247249603271484e-01,-4.486803710460662842e-01,8.626819401979446411e-02
3.981268107891082764e-01,-2.756511867046356201e-01,4.671752452850341797e-01,-3.720610439777374268e-01,3.741724491119384766e-01,-1.754802167415618896e-01,9.074532985687255859e-01,9.333637952804565430e-01,8.274531364440917969e-02,2.663939297199249268e-01,3.521298766136169434e-01,1.482806205749511719e+00,9.515403509140014648e-01,4.168555438518524170e-01,-2.381343096494674683e-01,-1.410596370697021484e+00,9.206664562225341797e-01,3.564275801181793213e-01,1.789805293083190918e+00,3.395707607269287109e-01
4.677007794380187988e-01,-8.637470006942749023e-01,-5.399256348609924316e-01,-1.286787986755371094e+00,-2.498946189880371094e+00,-1.216534614562988281e+00,-1.324528813362121582e+00,-1.244905143976211548e-01,-5.060360431671142578e-01,-1.029537677764892578e+00,-1.083202004432678223e+00,-3.262559771537780762e-01,-6.474044322967529297e-01,-1.853013187646865845e-01,-1.115768194198608398e+00,-1.509823322296142578e+00,-1.672174215316772461e+00,-1.133427739143371582e+00,-5.166715383529663086e-01,-3.649794161319732666e-01
2.961390018463134766e-01,1.271089762449264526e-01,-3.011937439441680908e-01,-1.902355849742889404e-01,-9.792170524597167969e-01,-5.777254700660705566e-01,-1.422735691070556641e+00,1.067449927330017090e+00,7.858893275260925293e-01,-2.698994576930999756e-01,5.277621150016784668e-01,7.030953168869018555e-01,1.033856987953186035e+00,4.165132939815521240e-01,1.341117262840270996e+00,9.364914894104003906e-01,2.070636272430419922e+00,-5.641148090362548828e-01,1.064588069915771484e+00,9.668876528739929199e-01
2.126345410943031311e-02,4.342556297779083252e-01,6.687297821044921875e-01,7.720323801040649414e-01,3.155171275138854980e-01,5.944020748138427734e-01,1.047138571739196777e+00,1.398360967636108398e+00,-3.190948367118835449e-01,6.572308540344238281e-01,1.185000658035278320e+00,3.347969055175781250e-01,8.423866033554077148e-01,1.864652037620544434e+00,1.135342955589294434e+00,2.939545392990112305e+00,1.779891729354858398e+00,5.415735393762588501e-02,9.349377155303955078e-01,1.542750000953674316e-01
-1.159321982413530350e-03,1.111351132392883301e+00,1.273963332176208496e+00,4.483651816844940186e-01,-4.393661022186279297e-01,4.499251246452331543e-01,3.535609543323516846e-01,1.187243819236755371e+00,5.338675379753112793e-01,-2.194301486015319824e-01,7.427529096603393555e-01,1.803678989410400391e+00,1.242673635482788086e+00,5.841702222824096680e-01,9.205656051635742188e-01,1.479206085205078125e+00,2.457470148801803589e-01,9.867307543754577637e-01,-3.916060924530029297e-02,6.549804806709289551e-01
9.087552428245544434e-01,8.601205348968505859e-01,2.753434181213378906e+00,6.830418109893798828e-01,1.907150268554687500e+00,1.334835886955261230e+00,2.639466226100921631e-01,1.082197189331054688e+00,1.369534373283386230e+00,1.465073585510253906e+00,1.000873684883117676e+00,4.542684853076934814e-01,-4.228878617286682129e-01,1.185424685478210449e+00,8.650701642036437988e-01,4.109541475772857666e-01,1.587603807449340820e+00,1.260259747505187988e+00,9.818134307861328125e-01,4.553849399089813232e-01
9.902034997940063477e-01,4.535948038101196289e-01,-3.349231183528900146e-01,5.977205932140350342e-02,4.582104682922363281e-01,6.269699931144714355e-01,2.934372425079345703e-01,2.477616965770721436e-01,7.105922698974609375e-01,2.144675999879837036e-01,1.589956521987915039e+00,1.810940742492675781e+00,1.275669574737548828e+00,1.578965067863464355e+00,2.084363698959350586e+00,-7.314996123313903809e-01,5.301089882850646973e-01,4.832987189292907715e-01,8.647689968347549438e-02,2.072183191776275635e-01
-2.444773018360137939e-01,-9.391479492187500000e-01,-5.613262057304382324e-01,-4.710749983787536621e-01,2.015719115734100342e-01,-9.396883249282836914e-01,9.350728392601013184e-01,1.051845312118530273e+00,1.246375665068626404e-01,-7.567505240440368652e-01,9.117557853460311890e-02,6.229478716850280762e-01,8.266099095344543457e-01,-3.507650792598724365e-01,-9.306961894035339355e-01,-1.153621673583984375e-01,2.599918842315673828e-01,-5.154087543487548828e-01,1.039223447442054749e-01,2.855034172534942627e-01
4.208751320838928223e-01,-5.402786135673522949e-01,-2.317621260881423950e-01,-4.464372396469116211e-01,-1.373897939920425415e-01,-9.779446721076965332e-01,8.297232538461685181e-02,4.132794141769409180e-01,9.801077246665954590e-01,-3.247123956680297852e-01,1.526393890380859375e-01,5.235168337821960449e-01,4.525227844715118408e-01,5.478830337524414062e-01,-5.522370934486389160e-01,1.993698924779891968e-01,2.299358397722244263e-01,9.867045283317565918e-01,-2.287709712982177734e-01,1.676869511604309082e+00
-3.518594205379486084e-01,9.211695790290832520e-01,4.388395547866821289e-01,-1.928125694394111633e-02,5.670024156570434570e-01,-2.495441585779190063e-01,2.864095568656921387e-01,9.476119279861450195e-02,-2.645100951194763184e-01,3.857442438602447510e-01,7.232468128204345703e-01,-4.442204535007476807e-01,-1.025557368993759155e-01,-4.579933881759643555e-01,2.845631599426269531e+00,-8.700373768806457520e-01,1.009978428483009338e-01,2.289639115333557129e-01,-7.586087584495544434e-01,-2.799756526947021484e-01
-1.845309972763061523e+00,-1.160799026489257812e+00,-1.062411189079284668e+00,-1.595681428909301758e+00,-7.555210590362548828e-01,-3.169691562652587891e-01,-2.914112508296966553e-01,-1.209887191653251648e-01,-9.214672446250915527e-01,-1.293838471174240112e-01,-1.256680846214294434e+00,-9.688190221786499023e-01,-1.109269142150878906e+00,-1.372930645942687988e+00,-1.915319681167602539e+00,-1.619318008422851562e+00,-1.167871832847595215e+00,-5.491982698440551758e-01,-6.058246493339538574e-01,-2.788980305194854736e-01
-1.926469445228576660e+00,-4.380350708961486816e-01,-3.984609842300415039e-01,-8.688414692878723145e-01,-7.025866508483886719e-01,-6.013138294219970703e-01,-7.965157032012939453e-01,-5.130370259284973145e-01,-6.820824146270751953e-01,-6.131967902183532715e-01,-8.470752239227294922e-01,-5.337532758712768555e-01,-2.485234498977661133e+00,-4.363341927528381348e-01,-6.445342302322387695e-02,-1.247825980186462402e+00,-9.760859012603759766e-01,1.756838262081146240e-01,-7.154507637023925781e-01,1.956098675727844238e-01
-1.006092667579650879e+00,2.667728066444396973e-01,-9.419861435890197754e-01,1.000337973237037659e-01,-7.061034440994262695e-01,3.500765562057495117e-01,-2.176302373409271240e-01,6.202400103211402893e-02,-2.268065512180328369e-01,-5.535181239247322083e-02,-9.007483720779418945e-02,6.691483259201049805e-01,-1.138793900609016418e-01,-5.820124149322509766e-01,-1.354685783386230469e+00,-3.131197392940521240e-01,1.080643385648727417e-01,2.043407857418060303e-01,-2.325424432754516602e+00,1.091726124286651611e-01
-1.839237570762634277e+00,-1.798562049865722656e+00,-1.725815415382385254e+00,-1.106038451194763184e+00,-2.253217220306396484e+00,-1.185011148452758789e+00,-2.004436731338500977e+00,-1.122152447700500488e+00,-1.950028300285339355e+00,-1.649937152862548828e+00,-2.396284341812133789e+00,-1.968018412590026855e+00,-2.779104232788085938e+00,-1.379070281982421875e+00,-1.671399354934692383e+00,-1.579322576522827148e+00,-9.019392728805541992e-01,-1.160101294517517090e+00,-1.462817311286926270e+00,-1.237364888191223145e+00
-8.124648332595825195e-01,-4.841462969779968262e-01,-1.633873939514160156e+00,-1.731765866279602051e+00,-1.479870438575744629e+00,-6.944577097892761230e-01,-1.300331354141235352e+00,-2.736213445663452148e+00,-1.258533596992492676e+00,-1.034672737121582031e+00,-1.349949121475219727e+00,-6.535397768020629883e-01,-9.659776687622070312e-01,-1.211568713188171387e+00,-1.476126074790954590e+00,-5.372692942619323730e-01,-2.067873954772949219e+00,-4.606364071369171143e-01,-2.104847431182861328e+00,-5.544046163558959961e-01
7.226902842521667480e-01,1.135682344436645508e+00,1.892319798469543457e+00,1.893511295318603516e+00,1.754762291908264160e+00,1.576501607894897461e+00,9.187994003295898438e-01,5.717971324920654297e-01,1.194076180458068848e+00,1.291817784309387207e+00,1.773998141288757324e+00,9.901449084281921387e-01,8.983920812606811523e-01,1.340266108512878418e+00,1.050134897232055664e+00,7.105837464332580566e-01,1.912998318672180176e+00,2.096973508596420288e-01,1.991211295127868652e+00,4.905103147029876709e-01
-1.005309581756591797e+00,-2.039758920669555664e+00,-1.944662690162658691e+00,-1.797622919082641602e+00,-4.879304468631744385e-01,-1.140021324157714844e+00,-1.754605293273925781e+00,-1.879994392395019531e+00,-9.264025092124938965e-01,-1.867302060127258301e+00,-1.235102534294128418e+00,-2.249653339385986328e+00,-2.959038019180297852e+00,-1.660130739212036133e+00,-1.802482724189758301e+00,-5.382941365242004395e-01,-1.559637784957885742e+00,-2.496432065963745117e+00,-1.021676063537597656e+00,-1.618698477745056152e+00
-2.016414105892181396e-01,2.865488529205322266e-01,1.132643461227416992e+00,-7.495068907737731934e-01,-3.114395439624786377e-01,2.054889500141143799e-01,2.424364089965820312e-01,-4.197474122047424316e-01,3.584517166018486023e-02,-1.562808394432067871e+00,1.860182583332061768e-01,-1.461758375167846680e+00,-4.459760487079620361e-01,2.398592829704284668e-01,9.683872461318969727e-01,-2.810125350952148438e-01,-8.754932880401611328e-01,2.531408965587615967e-01,3.148994147777557373e-01,4.102360606193542480e-01
7.431545853614807129e-02,8.769633769989013672e-01,4.438252747058868408e-01,2.716153860092163086e-01,4.585618153214454651e-02,2.414617836475372314e-01,1.678917765617370605e+00,-2.069281637668609619e-01,1.171559333801269531e+00,3.146933019161224365e-01,9.269545078277587891e-01,2.177240401506423950e-01,-6.145520210266113281e-01,1.217038869857788086e+00,-6.975114941596984863e-01,-1.138040497899055481e-01,2.227860987186431885e-01,5.369473695755004883e-01,-6.878733038902282715e-01,-2.166460901498794556e-01
1.812042951583862305e+00,1.342229366302490234e+00,1.947763442993164062e+00,7.382242083549499512e-01,6.928378343582153320e-02,1.059871912002563477e+00,1.130823969841003418e+00,1.111087560653686523e+00,2.040189027786254883e+00,8.909922242164611816e-01,2.007414102554321289e+00,4.419795274734497070e-01,1.162545442581176758e+00,3.029526956379413605e-02,8.890595436096191406e-01,3.032844699919223785e-02,1.888451576232910156e+00,1.210891723632812500e+00,1.313857674598693848e+00,-1.251606702804565430e+00
-2.887893021106719971e-01,2.263198047876358032e-01,2.847750484943389893e-01,3.219691216945648193e-01,6.050517559051513672e-01,3.062803745269775391e-01,-5.871637463569641113e-01,8.463788032531738281e-01,-1.298193454742431641e+00,-4.700618982315063477e-01,3.700300306081771851e-02,7.798424959182739258e-01,-2.012073993682861328e-01,-1.620525568723678589e-01,-4.603251218795776367e-01,-4.539242982864379883e-01,1.058464288711547852e+00,-1.003836035728454590e+00,-1.377027511596679688e+00,2.403471618890762329e-01
1.650524735450744629e-01,9.400593042373657227e-01,3.542100489139556885e-01,3.929359614849090576e-01,1.945030450820922852e+00,-3.608826175332069397e-02,-2.260528504848480225e-01,1.703990578651428223e+00,1.174631237983703613e+00,4.702996015548706055e-01,2.208152264356613159e-01,1.446521282196044922e+00,3.731774091720581055e-01,-5.111556872725486755e-02,1.265422821044921875e+00,3.015994131565093994e-01,9.320282936096191406e-01,1.036061048507690430e+00,5.177867412567138672e-01,4.805704355239868164e-01
-1.356684923171997070e+00,-1.656879186630249023e+00,-1.097325921058654785e+00,-1.366717219352722168e+00,-1.045070767402648926e+00,-4.180445373058319092e-01,-1.518398523330688477e+00,-2.728106975555419922e+00,-8.814604878425598145e-01,-1.317580640316009521e-01,-1.649865388870239258e+00,3.161582723259925842e-02,-2.431506395339965820e+00,-1.108499646186828613e+00,-1.237380146980285645e+00,-1.187082409858703613e+00,-1.263420104980468750e+00,-1.445164084434509277e+00,-6.408344507217407227e-01,-1.206358194351196289e+00
-2.578098177909851074e-01,-4.329901635646820068e-01,-7.476698756217956543e-01,-2.559802830219268799e-01,-4.627563059329986572e-01,-1.343807578086853027e-01,-3.257758617401123047e-01,1.948762238025665283e-01,-5.081525444984436035e-01,-1.129089474678039551e+00,8.292370289564132690e-02,7.853459119796752930e-01,1.886695623397827148e-02,-2.592490017414093018e-01,-2.871584892272949219e-01,-1.588357239961624146e-01,-3.581198751926422119e-01,2.634004950523376465e-01,4.451121985912322998e-01,2.528887093067169189e-01
-8.025476932525634766e-01,3.236705958843231201e-01,5.238164663314819336e-01,1.498621821403503418e+00,5.860968232154846191e-01,5.561188459396362305e-01,1.033902764320373535e+00,1.322516083717346191e+00,1.583557605743408203e+00,4.663697257637977600e-02,1.456641107797622681e-01,9.241132140159606934e-01,6.951062083244323730e-01,5.808480978012084961e-01,1.182999491691589355e+00,3.396935164928436279e-01,3.402690589427947998e-01,8.322778344154357910e-01,1.715257018804550171e-01,7.791827917098999023e-01
2.918244302272796631e-01,8.361632376909255981e-02,2.774127423763275146e-01,4.208178520202636719e-01,8.465537428855895996e-01,3.792060017585754395e-01,9.897579997777938843e-02,8.359309434890747070e-01,-2.995885312557220459e-01,-7.242560982704162598e-01,8.760200142860412598e-01,2.448706477880477905e-01,-8.956251144409179688e-01,-7.518445849418640137e-01,-2.713806331157684326e-01,4.194443114101886749e-03,8.516974449157714844e-01,1.792644113302230835e-01,-2.682215571403503418e-01,3.083009421825408936e-01
-1.020682215690612793e+00,-5.554730892181396484e-01,1.753035038709640503e-01,-3.959562480449676514e-01,-9.894672632217407227e-01,-6.619301438331604004e-01,-2.831560671329498291e-01,3.227755054831504822e-02,-2.861846446990966797e+00,-8.448250293731689453e-01,-8.645043969154357910e-01,-7.419215440750122070e-01,7.974634319543838501e-02,-3.184577226638793945e-01,2.751835823059082031e+00,-9.907004237174987793e-01,-1.726928353309631348e+00,-2.831009961664676666e-02,-9.485031366348266602e-01,-1.051015377044677734e+00
1.076586961746215820e+00,-5.991338193416595459e-02,4.862582311034202576e-02,-2.608254551887512207e-01,1.200732827186584473e+00,1.006177067756652832e+00,9.083036780357360840e-01,9.533650875091552734e-01,1.066886901855468750e+00,-1.043109744787216187e-01,-6.475423574447631836e-01,4.383935034275054932e-02,9.232757091522216797e-01,-1.743485629558563232e-01,8.419128060340881348e-01,1.564085930585861206e-01,9.324054718017578125e-01,8.590574264526367188e-01,3.725740015506744385e-01,5.323855280876159668e-01
-2.209408134222030640e-01,-3.333506882190704346e-01,6.262727975845336914e-01,-5.807815790176391602e-01,-1.258416771888732910e-01,3.618251681327819824e-01,3.508906364440917969e-01,8.814800977706909180e-01,1.014757275581359863e+00,-1.022747159004211426e-01,2.794245004653930664e+00,3.408094942569732666e-01,1.030051112174987793e+00,-9.052971750497817993e-02,2.583858251571655273e+00,-3.780972659587860107e-01,1.531425267457962036e-01,4.672625362873077393e-01,9.625120162963867188e-01,-3.717103600502014160e-01
-6.005570888519287109e-01,-2.204260230064392090e-01,-4.033567011356353760e-01,3.022997379302978516e-01,-8.101297616958618164e-01,-1.208871155977249146e-01,-1.803758978843688965e+00,-1.610184460878372192e-01,-6.612917184829711914e-01,-5.795147418975830078e-01,-1.179191842675209045e-01,5.550562962889671326e-02,-8.652212023735046387e-01,-9.352750182151794434e-01,-4.037094116210937500e-01,-7.528014183044433594e-01,-4.994601756334304810e-02,7.269378900527954102e-01,-8.011019229888916016e-01,6.261413451284170151e-03
5.298121571540832520e-01,1.768222093582153320e+00,-3.871894180774688721e-01,4.133908450603485107e-01,-1.809853017330169678e-01,9.155681729316711426e-01,1.574629187583923340e+00,3.714146018028259277e-01,2.123252391815185547e+00,5.186904072761535645e-01,1.506023705005645752e-01,-9.981473088264465332e-01,6.998504996299743652e-01,5.194080471992492676e-01,1.227089405059814453e+00,1.205784082412719727e-01,6.992229819297790527e-02,2.385399341583251953e-01,7.673344016075134277e-01,1.966455101966857910e+00
-1.747205972671508789e+00,-1.112075805664062500e+00,-1.095968604087829590e+00,-1.075261354446411133e+00,-1.986872076988220215e+00,-4.425494670867919922e-01,-3.877516686916351318e-01,-1.954577803611755371e+00,-5.937666296958923340e-01,-2.913196980953216553e-01,-1.154754638671875000e+00,-8.646922111511230469e-01,-1.162937209010124207e-01,-8.123201727867126465e-01,-1.795228481292724609e+00,-1.019651889801025391e+00,3.821943104267120361e-01,-1.149697661399841309e+00,-1.418040394783020020e+00,-2.152972519397735596e-01
-2.861071228981018066e-01,2.337412983179092407e-01,-2.889356613159179688e-01,2.212203502655029297e+00,4.062091410160064697e-01,4.446052908897399902e-01,-9.492509365081787109e-01,-2.241799533367156982e-01,-8.573938012123107910e-01,-1.009778618812561035e+00,-3.321791887283325195e-01,-1.034285783767700195e+00,-2.762114107608795166e-01,-2.252446711063385010e-01,2.234388291835784912e-01,2.780873179435729980e-01,2.715150825679302216e-03,-5.557952523231506348e-01,9.136173129081726074e-01,9.726275801658630371e-01
-2.212934494018554688e+00,5.930056422948837280e-02,-1.459463119506835938e+00,-6.493899226188659668e-01,5.669292807579040527e-01,-3.721085786819458008e-01,-1.404360890388488770e+00,-5.939408540725708008e-01,-4.371414780616760254e-01,-5.660301446914672852e-01,-5.142506361007690430e-01,5.886094570159912109e-01,-3.994504213333129883e-01,-9.937467575073242188e-01,-1.516559839248657227e+00,-7.638998329639434814e-02,-4.827203154563903809e-01,-6.658758223056793213e-02,-3.145988881587982178e-01,-8.626062870025634766e-01
-5.502482056617736816e-01,-1.479636311531066895e+00,-1.838415980339050293e+00,3.944561183452606201e-01,-8.437187671661376953e-01,-4.711613953113555908e-01,-7.900338172912597656e-01,-7.293635010719299316e-01,-1.653802990913391113e+00,-1.072327733039855957e+00,-1.635545134544372559e+00,-2.170436620712280273e+00,-1.888297200202941895e+00,-1.358722567558288574e+00,-7.248131632804870605e-01,-1.441814661026000977e+00,-4.668949544429779053e-01,-9.035126566886901855e-01,-1.221053242683410645e+00,-1.271216630935668945e+00
-5.349888205528259277e-01,-9.451856613159179688e-01,-7.691346406936645508e-01,-6.113901734352111816e-01,-6.098086833953857422e-01,-4.731846451759338379e-01,-1.400459289550781250e+00,-1.795238852500915527e-01,-9.014221429824829102e-01,-3.959868550300598145e-01,-9.179583787918090820e-01,-7.030417323112487793e-01,-5.492681860923767090e-01,-4.952987134456634521e-01,-1.791311621665954590e+00,-8.555634617805480957e-01,3.285351693630218506e-01,7.812290787696838379e-01,-1.325950622558593750e+00,-5.844308137893676758e-01
3.167062103748321533e-01,-4.002863466739654541e-01,-2.316093444824218750e-01,1.821374297142028809e-01,-8.840266466140747070e-01,-8.297520875930786133e-01,-3.718105256557464600e-01,-2.945649027824401855e-01,-2.321322411298751831e-01,1.689887166023254395e+00,-1.365316033363342285e+00,8.237072825431823730e-01,-8.618735671043395996e-01,2.373345941305160522e-01,2.595176398754119873e-01,1.023474261164665222e-01,2.871919870376586914e-01,2.127091735601425171e-01,-2.219359129667282104e-01,-5.274170041084289551e-01
-7.830268144607543945e-01,-4.867540597915649414e-01,-9.682599455118179321e-02,7.137041687965393066e-01,-2.976304888725280762e-01,-8.497556447982788086e-01,-2.453401386737823486e-01,2.694107033312320709e-02,-1.359248161315917969e+00,-1.699521089904010296e-03,-3.692247867584228516e-01,-2.037105560302734375e+00,-5.513979196548461914e-01,-1.133374810218811035e+00,-7.589017748832702637e-01,-8.648645281791687012e-01,1.195786986500024796e-02,-1.935371756553649902e+00,-1.027342438697814941e+00,-7.516951560974121094e-01
5.269712209701538086e-01,-4.728123247623443604e-01,-5.150799453258514404e-02,1.084477186203002930e+00,1.218828558921813965e-01,4.342817068099975586e-01,2.936335504055023193e-01,4.161382317543029785e-01,1.073991417884826660e+00,9.941396117210388184e-01,5.070099234580993652e-01,-2.510694861412048340e-01,-5.941338539123535156e-01,3.453099727630615234e-01,1.163169145584106445e+00,6.134093403816223145e-01,9.554447531700134277e-01,9.670935273170471191e-01,-2.532556885853409767e-03,2.604155302047729492e+00
-1.294330358505249023e-01,6.638960447162389755e-03,3.376876115798950195e-01,3.306939601898193359e-01,7.852618098258972168e-01,-1.177366852760314941e+00,2.484627068042755127e-03,-9.131445884704589844e-01,1.267167687416076660e+00,-1.542024910449981689e-01,-6.244833469390869141e-01,-2.753104269504547119e-01,4.096524417400360107e-01,2.157553881406784058e-01,1.911391317844390869e-01,-1.229256033897399902e+00,-5.303343534469604492e-01,-9.798725247383117676e-01,3.759226202964782715e-01,-1.909439563751220703e-01
2.439544498920440674e-01,9.504010677337646484e-01,4.517043530941009521e-01,-6.628890037536621094e-01,-3.516122698783874512e-01,2.366559952497482300e-01,-4.770761728286743164e-01,3.706950843334197998e-01,-9.904674291610717773e-01,7.788338661193847656e-01,1.999028623104095459e-01,5.077496767044067383e-01,-3.290997147560119629e-01,-8.066782355308532715e-02,-8.189634978771209717e-02,2.574921250343322754e-01,-3.501906096935272217e-01,1.037060543894767761e-01,-2.828284800052642822e-01,2.353533059358596802e-01
-1.106209754943847656e+00,-1.407054185867309570e+00,-1.640785217285156250e+00,-1.075759649276733398e+00,-5.337268114089965820e-01,-9.218046665191650391e-01,-1.279144287109375000e-01,8.237912654876708984e-01,-1.196296572685241699e+00,-1.370617270469665527e+00,-1.118284940719604492e+00,-1.829430311918258667e-01,-4.338785707950592041e-01,-1.111174583435058594e+00,-3.391830027103424072e-01,-3.591488003730773926e-01,-3.819330632686614990e-01,3.427294492721557617e-01,-1.001944184303283691e+00,6.225211620330810547e-01
-4.155422151088714600e-01,-4.065535068511962891e-01,-5.231769084930419922e-01,3.063308894634246826e-01,3.153205215930938721e-01,-6.581800580024719238e-01,5.647559762001037598e-01,1.757422685623168945e-01,2.330980300903320312e-01,3.160690963268280029e-01,1.529975175857543945e+00,2.226532250642776489e-01,6.535095721483230591e-02,-3.956571519374847412e-01,9.429002180695533752e-03,-1.158038973808288574e+00,-4.910813271999359131e-01,2.999242246150970459e-01,1.229121685028076172e-01,-3.337226808071136475e-01
-4.655519127845764160e-01,4.522818028926849365e-01,-1.232630968093872070e+00,1.074199285358190536e-02,-1.293706655502319336e+00,-3.860558569431304932e-01,-4.995076358318328857e-01,-4.058137834072113037e-01,-1.580639243125915527e+00,-3.484622538089752197e-01,-3.315369188785552979e-01,-1.070720911026000977e+00,-1.523525714874267578e+00,-1.335974454879760742e+00,-7.741546630859375000e-01,-3.469477295875549316e-01,-4.320830106735229492e-01,-7.987386733293533325e-02,-4.054533839225769043e-01,-1.641682505607604980e+00
2.891075909137725830e-01,-8.369857668876647949e-01,2.570316195487976074e-01,-1.153634786605834961e+00,5.955149605870246887e-02,-1.100091814994812012e+00,-1.854777336120605469e+00,-1.693858504295349121e+00,-3.308829367160797119e-01,-2.245504617691040039e+00,2.767596840858459473e-01,-4.494787156581878662e-01,-4.910097420215606689e-01,-6.211689710617065430e-01,-4.558876454830169678e-01,-2.560286819934844971e-01,-1.038098692893981934e+00,-6.425421237945556641e-01,-4.540660381317138672e-01,2.383410483598709106e-01
-5.161460041999816895e-01,3.997662663459777832e-01,1.537486314773559570e-01,-1.332238763570785522e-01,2.485426813364028931e-01,4.761556386947631836e-01,-4.125088751316070557e-01,-7.536904513835906982e-02,5.530342459678649902e-02,-1.198387295007705688e-01,1.598280072212219238e+00,1.360606670379638672e+00,1.080838799476623535e+00,8.855225443840026855e-01,7.982429862022399902e-01,-3.331203460693359375e-01,-1.957121491432189941e-01,4.586882293224334717e-01,1.241316318511962891e+00,-2.493449002504348755e-01
2.972811758518218994e-01,-4.031571093946695328e-03,1.709314286708831787e-01,-5.716137290000915527e-01,-5.200564265251159668e-01,-4.945530295372009277e-01,-3.914694488048553467e-01,1.625524461269378662e-01,4.432843625545501709e-01,-8.856887221336364746e-01,-2.879588305950164795e-01,-4.431943893432617188e-01,4.917604103684425354e-02,-9.859016537666320801e-01,-4.913616180419921875e-01,-2.854648232460021973e-01,-7.898036837577819824e-01,-3.083866834640502930e-01,-6.555134654045104980e-01,5.339581146836280823e-02
6.033821702003479004e-01,1.064333677291870117e+00,-6.193757429718971252e-02,7.842324376106262207e-01,4.593809545040130615e-01,1.905945944599807262e-03,1.413436770439147949e+00,1.698740124702453613e+00,1.176516890525817871e+00,4.753120541572570801e-01,6.072697043418884277e-01,1.511440634727478027e+00,7.454874515533447266e-01,8.540360927581787109e-01,1.410717248916625977e+00,3.920809626579284668e-01,6.908087134361267090e-01,1.763579249382019043e+00,1.637529850006103516e+00,9.496642351150512695e-01
-4.617830216884613037e-01,2.189762592315673828e-01,7.502082586288452148e-01,-2.315028667449951172e+00,-3.483801782131195068e-01,-3.187053203582763672e-01,2.450570017099380493e-01,-3.978269696235656738e-01,-2.747031748294830322e-01,1.863729804754257202e-01,-2.221601963043212891e+00,-1.724867224693298340e-01,-5.912349820137023926e-01,-3.195829093456268311e-01,-7.727703452110290527e-01,-3.669770658016204834e-01,5.217651724815368652e-01,1.141244098544120789e-01,-1.551141381263732910e+00,-3.449670076370239258e-01
2.978323698043823242e-01,4.133803546428680420e-01,1.417664766311645508e+00,3.140540421009063721e-01,3.657364845275878906e-01,4.588286280632019043e-01,4.546454548835754395e-01,1.131653264164924622e-01,7.218493223190307617e-01,1.000590562820434570e+00,1.869287967681884766e+00,9.964661598205566406e-01,1.260465741157531738e+00,7.232280969619750977e-01,1.077341914176940918e+00,-6.713012605905532837e-02,8.395825624465942383e-01,3.582197427749633789e-01,-4.451926425099372864e-02,4.947112798690795898e-01
6.033009886741638184e-01,-2.306912839412689209e-01,2.589662931859493256e-02,9.886457920074462891e-01,-2.309067547321319580e-01,6.239752769470214844e-01,8.070240020751953125e-01,-3.153754770755767822e-01,2.486461848020553589e-01,3.544426560401916504e-01,4.161737561225891113e-01,-9.766642451286315918e-01,-1.326428055763244629e+00,-3.254577815532684326e-01,-2.014068812131881714e-01,-1.735057830810546875e-01,1.315425753593444824e+00,1.105466485023498535e+00,1.038434267044067383e+00,4.449032843112945557e-01
9.027392268180847168e-01,7.333270311355590820e-01,9.899765849113464355e-01,1.458726644515991211e+00,2.557510375976562500e+00,5.490428954362869263e-02,7.003916501998901367e-01,1.582951307296752930e+00,1.225724577903747559e+00,6.110020279884338379e-01,9.457949995994567871e-01,1.711515307426452637e+00,4.908606112003326416e-01,6.904804110527038574e-01,9.357255697250366211e-01,1.160591125488281250e+00,5.686505436897277832e-01,7.540155649185180664e-01,2.640748322010040283e-01,5.319681763648986816e-01
3.573170304298400879e-02,-9.067550301551818848e-01,8.775078654289245605e-01,-9.538853764533996582e-01,-1.544943451881408691e+00,-1.744335174560546875e+00,-7.399898767471313477e-01,-4.391649663448333740e-01,-8.631140589714050293e-01,-1.738195419311523438e-01,-1.768809556961059570e-01,-8.179627060890197754e-01,5.301850661635398865e-02,2.373625338077545166e-01,-5.676656961441040039e-01,-2.973828613758087158e-01,-6.443629413843154907e-02,-1.758988499641418457e-01,-8.983670473098754883e-01,-1.023745387792587280e-01
-5.084810256958007812e-01,9.661458730697631836e-01,-2.421132087707519531e+00,-2.378483116626739502e-01,-5.159355401992797852e-01,-5.252441167831420898e-01,-9.798509478569030762e-01,-9.567427635192871094e-01,-7.230572700500488281e-01,-8.566778302192687988e-01,-1.271490097045898438e+00,-1.199851557612419128e-01,-1.205327272415161133e+00,-1.341202497482299805e+00,-1.081137061119079590e-01,-1.014676809310913086e+00,-2.824523150920867920e-01,-1.772793054580688477e+00,-9.212728738784790039e-01,-7.817979454994201660e-01
-3.363176882266998291e-01,-7.675898075103759766e-01,-7.530736327171325684e-01,-1.034168004989624023e+00,-7.984879612922668457e-01,-6.108797788619995117e-01,-6.814307570457458496e-01,-1.532963514328002930e+00,-9.709345102310180664e-01,-1.962309718132019043e+00,-9.187069535255432129e-01,-4.700811207294464111e-01,-7.713374495506286621e-01,-1.978698015213012695e+00,-9.003351330757141113e-01,-2.431435823440551758e+00,-1.114887833595275879e+00,-1.883509397506713867e+00,-1.110560774803161621e+00,-1.356624245643615723e+00
-2.917747497558593750e-01,-2.209101617336273193e-01,1.055662751197814941e+00,-2.842166423797607422e-01,-8.889990448951721191e-01,-3.441197574138641357e-01,2.200376242399215698e-01,-3.661452233791351318e-01,-4.643413722515106201e-01,-1.481380760669708252e-01,1.428364872932434082e+00,-1.594252884387969971e-01,3.875506818294525146e-01,-2.709492146968841553e-01,-3.672889471054077148e-01,-3.140535056591033936e-01,-9.662149548530578613e-01,-6.077025085687637329e-02,-6.469430774450302124e-02,-2.720502912998199463e-01
-8.492156863212585449e-01,-1.623648554086685181e-01,-2.127633243799209595e-01,-1.415112316608428955e-01,1.647993087768554688e+00,-4.772662222385406494e-01,-9.663522243499755859e-01,2.977847158908843994e-01,-3.270594775676727295e-01,6.648599505424499512e-01,1.844172179698944092e-01,-2.342153340578079224e-01,-4.554741382598876953e-01,7.664488255977630615e-02,-2.604147493839263916e-01,-4.254854321479797363e-01,1.343267261981964111e-01,8.333732485771179199e-01,4.461365938186645508e-01,-4.014327377080917358e-02
-4.311516582965850830e-01,-3.743186295032501221e-01,1.379519343376159668e+00,6.934299468994140625e-01,9.530690908432006836e-01,1.038996815681457520e+00,1.097903966903686523e+00,1.538910031318664551e+00,6.479916572570800781e-01,5.842724442481994629e-01,4.007957875728607178e-01,-2.634446881711483002e-02,3.123494982719421387e-01,1.341467499732971191e+00,3.436899185180664062e-01,-3.269424894824624062e-03,8.854878544807434082e-01,5.087761282920837402e-01,1.042700529098510742e+00,-1.355276675894856453e-03
-3.392938971519470215e-01,9.152390956878662109e-01,4.015170503407716751e-03,-2.672027647495269775e-01,1.903742104768753052e-01,1.900399774312973022e-01,1.051465749740600586e+00,9.437050819396972656e-01,-3.967650607228279114e-02,-1.103709265589714050e-01,-8.087772727012634277e-01,-9.762744903564453125e-01,4.864953756332397461e-01,-5.435917377471923828e-01,-3.988724946975708008e-01,-3.847228586673736572e-01,1.235763952136039734e-01,-4.797522127628326416e-01,1.727299988269805908e-01,-2.960231304168701172e-01
3.121628165245056152e-01,9.251922369003295898e-01,8.389703631401062012e-01,9.648875147104263306e-02,1.126463413238525391e+00,6.005516648292541504e-01,7.363274693489074707e-01,2.187160253524780273e-01,1.730736732482910156e+00,6.546147465705871582e-01,5.534854531288146973e-01,8.001250624656677246e-01,-3.890061974525451660e-01,4.113228619098663330e-01,-1.461336612701416016e-01,1.904307603836059570e-01,-3.425730764865875244e-01,9.609791636466979980e-01,-2.044999599456787109e-01,4.363270699977874756e-01
6.623521447181701660e-01,7.341124117374420166e-02,5.327055454254150391e-01,9.297631978988647461e-01,4.685357809066772461e-01,2.672506868839263916e-01,-1.772499382495880127e-01,1.719223260879516602e+00,1.295633554458618164e+00,1.688360452651977539e+00,7.292097806930541992e-01,2.748245298862457275e-01,-1.182329654693603516e-01,-6.551846265792846680e-01,1.277782201766967773e+00,9.203959107398986816e-01,2.014259397983551025e-01,2.727043628692626953e-01,-2.634818255901336670e-01,-2.407699823379516602e-01
5.491064786911010742e-01,3.704188764095306396e-01,6.060519814491271973e-01,1.157671809196472168e-01,-3.992443084716796875e-01,-4.306475520133972168e-01,-7.258442640304565430e-01,4.325135797262191772e-02,-1.969379037618637085e-01,4.561765789985656738e-01,4.755018949508666992e-01,8.327941298484802246e-01,1.015191555023193359e+00,1.002410173416137695e+00,1.150911897420883179e-01,4.519776105880737305e-01,4.232610762119293213e-01,9.942070841789245605e-01,7.217798233032226562e-01,-2.349058151245117188e+00
-4.668830037117004395e-01,-8.540708422660827637e-01,-8.590403795242309570e-01,-5.415112376213073730e-01,-1.859377264976501465e+00,-9.875605702400207520e-01,1.094590425491333008e-01,-4.065906405448913574e-01,8.045399188995361328e-01,-1.177539825439453125e+00,-5.972336530685424805e-01,-4.305519759654998779e-01,-2.176082849502563477e+00,-1.424113512039184570e+00,-1.138015389442443848e+00,-8.931256532669067383e-01,-3.022722005844116211e-01,-2.935496270656585693e-01,-1.495051264762878418e+00,-6.411840319633483887e-01
8.550285100936889648e-01,1.081224441528320312e+00,2.273077070713043213e-01,9.097929596900939941e-01,1.509729981422424316e+00,1.223514676094055176e+00,1.163479328155517578e+00,1.446392416954040527e+00,1.852712154388427734e+00,1.650327816605567932e-02,1.273037195205688477e+00,1.048122048377990723e+00,4.259174466133117676e-01,5.366116166114807129e-01,3.347075879573822021e-01,1.430854201316833496e+00,1.360766649246215820e+00,1.463757991790771484e+00,1.449261903762817383e+00,1.198800086975097656e+00
1.037760972976684570e+00,-3.727779984474182129e-01,-1.211693510413169861e-01,-7.694525122642517090e-01,-3.453483283519744873e-01,-1.004854440689086914e+00,1.710205823183059692e-01,3.500387370586395264e-01,3.083714842796325684e-01,8.914880156517028809e-01,-2.269070595502853394e-01,-4.569520652294158936e-01,-8.803154230117797852e-01,-9.471467137336730957e-01,-2.274153679609298706e-01,4.413433670997619629e-01,1.162090539932250977e+00,1.111748740077018738e-01,1.592043191194534302e-01,-4.252268075942993164e-01
-7.721304297447204590e-01,-2.499898523092269897e-01,1.235058188438415527e+00,1.342190522700548172e-02,-3.455193340778350830e-01,-4.972109198570251465e-01,-6.075888276100158691e-01,-2.373022586107254028e-01,-4.882665872573852539e-01,-9.491968750953674316e-01,7.846606969833374023e-01,-3.402308821678161621e-01,-8.972883224487304688e-01,5.892167612910270691e-02,-5.735124945640563965e-01,-2.914690673351287842e-01,-9.741359353065490723e-01,-5.822536349296569824e-01,2.406222969293594360e-01,-9.901618361473083496e-01
9.250808954238891602e-01,-3.819372355937957764e-01,1.005972083657979965e-02,-3.389265239238739014e-01,-3.019563257694244385e-01,-4.938172399997711182e-01,1.706540584564208984e-01,2.477146685123443604e-01,4.816654324531555176e-01,2.056876868009567261e-01,-7.184402346611022949e-01,-8.245925307273864746e-01,-9.392957687377929688e-01,-8.307267427444458008e-01,-8.305599093437194824e-01,9.319933056831359863e-01,4.552867114543914795e-01,5.900851264595985413e-02,-3.521557152271270752e-01,-2.085711807012557983e-01
4.405945539474487305e-01,-1.096955657005310059e+00,-2.214006185531616211e-01,-2.933430969715118408e-01,-4.394973218441009521e-01,-5.543692782521247864e-02,-4.284037351608276367e-01,3.309430480003356934e-01,-3.140056729316711426e-01,2.246998548507690430e-01,-5.368022918701171875e-01,-1.809040307998657227e-01,1.556853652000427246e+00,7.303912639617919922e-01,1.391360163688659668e-01,-4.018283784389495850e-01,2.835638523101806641e-01,7.496700882911682129e-01,2.675788402557373047e-01,-8.789702653884887695e-01
7.390663027763366699e-01,8.126999735832214355e-01,2.668975591659545898e-01,6.626579761505126953e-01,-5.533487796783447266e-01,-1.347822248935699463e-01,1.934801489114761353e-01,4.664783477783203125e-01,1.678122043609619141e+00,-9.567993283271789551e-01,2.823137342929840088e-01,5.658928304910659790e-02,-3.751465678215026855e-01,-3.290403261780738831e-02,1.540116518735885620e-01,-3.974604606628417969e-01,2.920616567134857178e-01,4.306663572788238525e-01,9.328309893608093262e-01,2.622154057025909424e-01
-1.130626201629638672e+00,-1.073340058326721191e+00,-5.449736714363098145e-01,-6.124579813331365585e-03,6.752409785985946655e-02,-1.255561113357543945e+00,-2.050464868545532227e+00,1.520077735185623169e-01,-9.122337102890014648e-01,-1.001027464866638184e+00,-3.410024568438529968e-02,-5.395582318305969238e-01,-2.996473312377929688e+00,-7.241562008857727051e-01,-2.500485181808471680e+00,-5.833162665367126465e-01,-3.235563337802886963e-01,-1.049314856529235840e+00,-1.635066390037536621e+00,-5.946707725524902344e-01
4.754170477390289307e-01,8.553938865661621094e-01,2.406888961791992188e+00,8.504627943038940430e-01,1.867748737335205078e+00,5.598948597908020020e-01,-2.954057455062866211e-01,7.412354946136474609e-01,7.940468788146972656e-01,5.756690502166748047e-01,2.052015542984008789e+00,1.042144179344177246e+00,1.457061767578125000e+00,9.778220653533935547e-01,3.012220859527587891e-01,1.536669492721557617e+00,1.058979034423828125e+00,9.285501837730407715e-01,1.754034042358398438e+00,1.047767758369445801e+00
1.689144730567932129e+00,5.149517059326171875e-01,-9.143081307411193848e-01,1.879688948392868042e-01,-3.854152262210845947e-01,3.055794909596443176e-02,-2.478271871805191040e-01,-1.491691172122955322e-01,2.935093343257904053e-01,-1.433527827262878418e+00,1.002574572339653969e-04,8.718343377113342285e-01,-1.172339439392089844e+00,1.790004372596740723e-01,-3.481948971748352051e-01,2.150117158889770508e-01,3.113528490066528320e-01,-1.807412803173065186e-01,-1.561116147786378860e-02,-2.685978710651397705e-01
-2.006024837493896484e+00,6.558535993099212646e-02,-2.391823291778564453e+00,-1.022714257240295410e+00,-7.177565693855285645e-01,-6.905866861343383789e-01,-9.472073912620544434e-01,-3.525380790233612061e-01,-1.093353509902954102e+00,-2.935367226600646973e-01,-1.140042185783386230e+00,-2.134183645248413086e-01,-1.711519479751586914e+00,-5.850693956017494202e-02,6.711599826812744141e-01,-1.328100681304931641e+00,-1.935741186141967773e+00,-1.696363449096679688e+00,-1.611873149871826172e+00,-2.055843174457550049e-01
-1.143448203802108765e-01,-2.155585587024688721e-01,-8.554335236549377441e-01,7.655641436576843262e-02,2.200178354978561401e-01,1.776597648859024048e-01,8.070034384727478027e-01,-4.771256819367408752e-02,-9.508250355720520020e-01,-8.427451848983764648e-01,1.498448729515075684e+00,3.687300980091094971e-01,-1.122668743133544922e+00,-3.038573563098907471e-01,2.951758205890655518e-01,-3.627526164054870605e-01,-8.410517126321792603e-02,7.264311909675598145e-01,-4.217510521411895752e-01,3.229442751035094261e-03
-3.520282506942749023e-01,-1.965401470661163330e-01,4.736205339431762695e-01,1.657586544752120972e-01,-4.901504218578338623e-01,2.977528572082519531e-01,-1.435630321502685547e+00,2.347451001405715942e-01,2.362288087606430054e-01,-1.356775760650634766e-01,-1.787571072578430176e+00,8.137966692447662354e-02,-9.983410239219665527e-01,-3.153795301914215088e-01,-1.309126168489456177e-01,2.879469096660614014e-01,-1.137367606163024902e+00,1.051003634929656982e-01,-4.249104261398315430e-01,-8.654276281595230103e-02
-1.254913359880447388e-01,1.219533085823059082e+00,-7.175205349922180176e-01,-8.447631001472473145e-01,-3.030736148357391357e-01,-9.363600015640258789e-01,-3.307785391807556152e-01,-1.989202499389648438e-01,3.205431699752807617e-01,-6.715551614761352539e-01,-9.100588560104370117e-01,7.719861268997192383e-01,2.606727361679077148e+00,-3.773034214973449707e-01,2.556142210960388184e-01,1.131528854370117188e+00,-6.031395196914672852e-01,-4.360837936401367188e-01,4.130707681179046631e-02,2.152984589338302612e-01
8.211953043937683105e-01,-1.987712502479553223e+00,1.429553389549255371e+00,2.832869887351989746e-01,8.329411149024963379e-01,-1.049045562744140625e+00,2.485767304897308350e-01,4.300728440284729004e-01,9.406336545944213867e-01,4.018281102180480957e-01,7.789196372032165527e-01,8.528258204460144043e-01,-1.579598188400268555e+00,3.207564651966094971e-01,7.056893408298492432e-02,3.732801973819732666e-01,7.959856986999511719e-01,-3.948131203651428223e-01,-2.953991591930389404e-01,3.733313977718353271e-01
-1.920093297958374023e-01,3.167873919010162354e-01,4.711019098758697510e-01,1.004041075706481934e+00,1.178532838821411133e+00,6.406061649322509766e-01,6.936234831809997559e-01,1.778271555900573730e+00,1.549477100372314453e+00,3.426745831966400146e-01,7.822991609573364258e-01,7.143995761871337891e-01,1.064257025718688965e+00,5.581445693969726562e-01,6.768293976783752441e-01,8.784654736518859863e-01,-1.067965477705001831e-01,1.288025975227355957e+00,2.998395681381225586e+00,3.405662998557090759e-02
2.932925224304199219e-01,8.333070874214172363e-01,-1.210631653666496277e-01,-3.242011964321136475e-01,-5.289345383644104004e-01,1.369702536612749100e-02,-2.164392173290252686e-01,-1.370554566383361816e-01,3.248614668846130371e-01,2.598349750041961670e-01,-3.410654067993164062e-01,-3.273923397064208984e-01,4.468803107738494873e-01,-7.497600317001342773e-01,-4.399018287658691406e-01,-7.707149386405944824e-01,1.489026308059692383e+00,-1.661306977272033691e+00,-1.126857846975326538e-01,-1.541269540786743164e+00
4.827778041362762451e-01,1.425628542900085449e+00,5.670006275177001953e-01,9.678790345788002014e-03,5.730307698249816895e-01,9.327862411737442017e-02,3.647171556949615479e-01,1.493467569351196289e+00,1.154828906059265137e+00,-2.635575830936431885e-01,7.872430980205535889e-02,9.735058546066284180e-01,-7.411571685224771500e-03,4.394804537296295166e-01,1.489476919174194336e+00,8.468688726425170898e-01,8.001270294189453125e-01,3.704082965850830078e-01,3.904245197772979736e-01,1.684404730796813965e+00
-1.361306786537170410e+00,-1.700458049774169922e+00,-1.604640245437622070e+00,-5.589122772216796875e-01,-1.129891514778137207e+00,-7.668775320053100586e-01,-2.450596690177917480e-01,3.794748187065124512e-01,-3.328457772731781006e-01,-6.869490742683410645e-01,-4.135289192199707031e-01,-2.900607585906982422e-01,-3.839290142059326172e-01,-5.969645977020263672e-01,-6.690455675125122070e-01,-1.106430649757385254e+00,-1.015532732009887695e+00,5.374633669853210449e-01,-6.262674927711486816e-01,-7.743971943855285645e-01
1.069302320480346680e+00,3.826915621757507324e-01,5.013684034347534180e-01,2.757453918457031250e-01,-5.143427252769470215e-01,1.001161932945251465e+00,2.919237911701202393e-01,9.249454736709594727e-01,-1.190873980522155762e-01,-1.254213452339172363e-01,3.781500458717346191e-01,3.289051949977874756e-01,-8.484502434730529785e-01,4.356755912303924561e-01,-1.458236217498779297e+00,5.144621729850769043e-01,3.562779426574707031e-01,3.923537433147430420e-01,7.932575345039367676e-01,4.305247664451599121e-01
1.766680955886840820e+00,1.042674899101257324e+00,2.785127401351928711e+00,1.736995458602905273e+00,1.910822272300720215e+00,2.520417451858520508e+00,2.145356893539428711e+00,9.932416677474975586e-01,8.644890785217285156e-01,7.589282989501953125e-01,1.052814960479736328e+00,8.964081406593322754e-01,1.097035884857177734e+00,2.066288948059082031e+00,7.125939726829528809e-01,1.468829035758972168e+00,1.881837844848632812e+00,1.070369124412536621e+00,1.096414685249328613e+00,2.229511737823486328e+00
-8.037740588188171387e-01,3.763892054557800293e-01,1.119686722755432129e+00,-3.500086665153503418e-01,6.214162707328796387e-01,1.007839679718017578e+00,1.009922862052917480e+00,3.162613511085510254e-01,5.043613314628601074e-01,-1.635330170392990112e-01,9.622235894203186035e-01,1.075715184211730957e+00,2.162314504384994507e-01,-1.158316247165203094e-02,8.098278641700744629e-01,2.753113806247711182e-01,9.106259942054748535e-01,9.760990142822265625e-01,2.103599905967712402e-01,4.482629895210266113e-01
2.911700487136840820e+00,1.760570168495178223e+00,1.618911504745483398e+00,4.558844864368438721e-01,1.124009847640991211e+00,8.599914312362670898e-01,1.529974818229675293e+00,1.644484847784042358e-01,8.740286827087402344e-01,3.540340363979339600e-01,9.747086167335510254e-01,1.375138521194458008e+00,1.839057207107543945e+00,1.134371399879455566e+00,6.825438141822814941e-01,1.227294802665710449e+00,1.435277938842773438e+00,1.044265270233154297e+00,5.405868887901306152e-01,1.467729330062866211e+00
6.145513653755187988e-01,3.023060262203216553e-01,2.427762001752853394e-01,1.103149771690368652e+00,-1.204992011189460754e-01,-1.651858687400817871e+00,2.381574869155883789e+00,9.863229393959045410e-01,3.838758170604705811e-01,-5.369258522987365723e-01,-8.383453488349914551e-01,2.235796302556991577e-01,1.076912522315979004e+00,9.551524519920349121e-01,-2.902765944600105286e-02,-1.440750509500503540e-01,4.189949333667755127e-01,3.236536681652069092e-02,-5.854346230626106262e-02,2.858463227748870850e-01
4.525556564331054688e-01,1.113652944564819336e+00,9.965085387229919434e-01,-2.444122880697250366e-01,5.422208309173583984e-01,1.146309614181518555e+00,8.730560541152954102e-01,5.479534864425659180e-01,4.515270292758941650e-01,3.874020874500274658e-01,7.174711823463439941e-01,1.222999215126037598e+00,1.118667840957641602e+00,9.410709142684936523e-01,6.623515486717224121e-01,-2.260634750127792358e-01,1.710572719573974609e+00,1.014899164438247681e-01,4.045421183109283447e-01,2.262757718563079834e-01
-4.178180098533630371e-01,1.881040185689926147e-01,3.151648938655853271e-01,-9.854762554168701172e-01,-4.305515587329864502e-01,-6.956155896186828613e-01,1.369417071342468262e+00,-4.538790285587310791e-01,1.308949440717697144e-01,-8.946322649717330933e-02,-2.875367701053619385e-01,-9.034354090690612793e-01,-1.020787358283996582e+00,-5.604417920112609863e-01,-3.497992157936096191e-01,-3.313055336475372314e-01,-4.482287168502807617e-01,-1.709696054458618164e-01,-2.114546000957489014e-01,3.335453867912292480e-01
1.706725955009460449e+00,2.041150629520416260e-01,9.136168360710144043e-01,9.798482060432434082e-01,6.860406994819641113e-01,9.066145420074462891e-01,4.869816303253173828e-01,1.099194765090942383e+00,1.969314515590667725e-01,1.257421135902404785e+00,1.002922892570495605e+00,-1.470937281847000122e-01,5.442214012145996094e-01,2.278247475624084473e-01,4.095692932605743408e-01,-1.779267638921737671e-01,1.516620874404907227e+00,4.873152375221252441e-01,1.819369077682495117e+00,-4.396620392799377441e-02
1.044336915016174316e+00,3.859961628913879395e-01,-6.229608654975891113e-01,7.050659656524658203e-01,1.573534488677978516e+00,7.381664216518402100e-02,-5.342875123023986816e-01,-2.222809940576553345e-01,1.017916440963745117e+00,8.100274801254272461e-01,1.891366988420486450e-01,8.008562326431274414e-01,3.109069764614105225e-01,7.047215104103088379e-01,3.317582309246063232e-01,-2.552952431142330170e-02,-2.860687375068664551e-01,-9.850546121597290039e-01,1.928301006555557251e-01,-2.966317534446716309e-01
1.397061198949813843e-01,3.199880719184875488e-01,3.929072320461273193e-01,5.701688528060913086e-01,8.026756644248962402e-01,9.749015569686889648e-01,9.324014186859130859e-01,7.989410161972045898e-01,-5.870980769395828247e-02,3.969422876834869385e-01,2.603951990604400635e-01,2.661461234092712402e-01,-6.216972470283508301e-01,8.024923205375671387e-01,5.096363425254821777e-01,-3.572474420070648193e-01,8.349862098693847656e-01,2.296356707811355591e-01,1.721481084823608398e-01,1.227411508560180664e+00
-6.095889210700988770e-01,2.847346663475036621e-01,-5.257729887962341309e-01,-7.857227921485900879e-01,-1.489081621170043945e+00,1.492662906646728516e+00,-8.070179224014282227e-01,-9.667044281959533691e-01,-9.432678818702697754e-01,-1.007800936698913574e+00,-1.666704416275024414e+00,-1.865694373846054077e-01,-1.835527658462524414e+00,-3.382671773433685303e-01,1.290320456027984619e-01,-9.076342582702636719e-01,1.462750136852264404e-01,-1.653214573860168457e+00,-4.374826550483703613e-01,-2.622850835323333740e-01
-5.241971015930175781e-01,5.933548212051391602e-01,9.841051697731018066e-01,1.870704442262649536e-01,-4.223704710602760315e-02,-3.531773388385772705e-01,-4.611607193946838379e-01,-4.779875576496124268e-01,-3.538380563259124756e-01,-3.372717201709747314e-01,-3.725790977478027344e-01,-2.750158309936523438e-01,-1.307842969894409180e+00,1.585827209055423737e-02,2.296961098909378052e-01,-7.202011942863464355e-01,-5.439634323120117188e-01,-4.607257246971130371e-01,-3.226448297500610352e-01,-4.479256570339202881e-01
1.037462949752807617e+00,5.643453598022460938e-01,1.087744116783142090e+00,4.056839644908905029e-01,7.891272306442260742e-01,-2.660789191722869873e-01,-6.234544515609741211e-02,4.417876303195953369e-01,8.149955868721008301e-01,4.120742082595825195e-01,1.628944396972656250e+00,3.107536435127258301e-01,1.025893211364746094e+00,8.824868202209472656e-01,4.511337280273437500e-01,9.511352777481079102e-01,6.661354899406433105e-01,1.835809826850891113e+00,-3.232882618904113770e-01,3.938325345516204834e-01
-1.062413692474365234e+00,-1.115426421165466309e+00,-5.839902758598327637e-01,-8.025066852569580078e-01,-1.125980615615844727e+00,-2.500037670135498047e+00,-1.098315715789794922e+00,-1.825688362121582031e+00,-2.727442979812622070e-01,-2.724085748195648193e-01,-8.841231465339660645e-01,-1.204875946044921875e+00,-4.482917487621307373e-01,-4.364746809005737305e-01,-5.889819264411926270e-01,1.520785838365554810e-01,-1.059270381927490234e+00,-1.155201435089111328e+00,1.451831102371215820e+00,-7.093159556388854980e-01
-4.896995723247528076e-01,3.390363156795501709e-01,3.222053945064544678e-01,1.607808709144592285e+00,4.124504923820495605e-01,1.890968441963195801e+00,1.195559024810791016e+00,9.233226776123046875e-01,4.499483108520507812e-01,1.948634982109069824e-01,9.211218953132629395e-01,8.567420840263366699e-01,2.245521068572998047e+00,1.518168568611145020e+00,1.621216297149658203e+00,3.656378388404846191e-01,2.531677246093750000e+00,4.933766126632690430e-01,5.997987389564514160e-01,1.959196567535400391e+00
-2.422759771347045898e+00,-8.484798669815063477e-01,7.038347125053405762e-01,-4.103504717350006104e-01,-4.082060158252716064e-01,-5.360755920410156250e-01,-6.807974576950073242e-01,-1.070589780807495117e+00,-1.071018218994140625e+00,-8.736283183097839355e-01,-1.147250413894653320e+00,-9.256323426961898804e-02,-2.546342134475708008e+00,-5.207168459892272949e-01,-1.367069363594055176e+00,-6.366722583770751953e-01,-1.560480594635009766e+00,-4.294450879096984863e-01,-1.635085225105285645e+00,-7.161721587181091309e-01
6.273529529571533203e-01,-4.517907202243804932e-01,2.023189514875411987e-01,-1.453603148460388184e+00,-1.026766777038574219e+00,-1.134078726172447205e-01,-1.347464561462402344e+00,3.352245390415191650e-01,3.906051814556121826e-01,-4.000369012355804443e-01,2.653914391994476318e-01,6.930471956729888916e-02,6.954042911529541016e-01,-4.868415594100952148e-01,-4.112833738327026367e-01,-5.219872593879699707e-01,-3.838289082050323486e-01,-2.617275476455688477e+00,-2.229140102863311768e-01,8.005777001380920410e-01
2.155446052551269531e+00,1.267519474029541016e+00,1.697800397872924805e+00,2.091742277145385742e+00,1.227659225463867188e+00,2.304650068283081055e+00,1.968350410461425781e+00,2.503364324569702148e+00,9.842390418052673340e-01,6.391176581382751465e-01,2.401836633682250977e+00,1.717051267623901367e+00,2.865849018096923828e+00,1.776604533195495605e+00,2.813259840011596680e+00,2.763328552246093750e+00,2.172872066497802734e+00,1.524290561676025391e+00,1.749460101127624512e+00,2.487655878067016602e+00
2.703737258911132812e+00,5.568851232528686523e-01,6.346597075462341309e-01,7.043566107749938965e-01,6.247063875198364258e-01,5.368063449859619141e-01,-1.095601841807365417e-01,2.174014300107955933e-01,1.413239240646362305e+00,1.091219782829284668e+00,9.844739437103271484e-01,-2.326457947492599487e-01,1.003497719764709473e+00,4.629751741886138916e-01,2.636487007141113281e+00,9.348250627517700195e-01,1.103006482124328613e+00,3.909722864627838135e-01,9.812808036804199219e-01,6.200068593025207520e-01
-7.066569328308105469e-01,-1.741417169570922852e+00,-1.135176539421081543e+00,-1.118847131729125977e+00,-9.661216139793395996e-01,-1.761215090751647949e+00,-1.765209317207336426e+00,-3.289903402328491211e-01,-1.585695505142211914e+00,-1.137523174285888672e+00,-4.724384248256683350e-01,-2.880986928939819336e-01,-1.113014817237854004e+00,-1.404053211212158203e+00,-1.239657282829284668e+00,-9.198598861694335938e-01,-1.573453426361083984e+00,-2.174434661865234375e-01,-9.050703048706054688e-01,-6.026485562324523926e-01
1.605103611946105957e-01,1.535925269126892090e+00,6.027157306671142578e-01,-6.344547122716903687e-02,-1.039043515920639038e-01,-2.313751727342605591e-01,8.251034021377563477e-01,1.440241456031799316e+00,3.722082972526550293e-01,9.651617407798767090e-01,8.288326263427734375e-01,3.642419278621673584e-01,8.237171769142150879e-01,3.830587863922119141e-01,5.993253588676452637e-01,-9.445877075195312500e-01,9.571262449026107788e-02,1.069093346595764160e+00,7.398848533630371094e-01,4.384762644767761230e-01
1.258305668830871582e+00,1.204946517944335938e+00,1.802516818046569824e+00,1.848042488098144531e+00,1.627702474594116211e+00,7.995563745498657227e-01,1.737842202186584473e+00,7.959001660346984863e-01,1.067698955535888672e+00,8.854531645774841309e-01,9.954335093498229980e-01,5.514497160911560059e-01,1.544337272644042969e+00,2.844249963760375977e+00,3.048759698867797852e-01,9.870663285255432129e-01,5.815938711166381836e-01,1.508305191993713379e+00,7.583065629005432129e-01,1.566838741302490234e+00
-9.385398626327514648e-01,1.461700320243835449e+00,-9.552288651466369629e-01,3.373839855194091797e-01,7.038445211946964264e-03,1.229922920465469360e-01,2.266944497823715210e-01,1.193993687629699707e+00,1.863288134336471558e-01,-1.392562091350555420e-01,-3.948261439800262451e-01,9.859845638275146484e-01,2.928414642810821533e-01,-3.744558244943618774e-02,-6.437360644340515137e-01,3.835753500461578369e-01,3.211905658245086670e-01,6.440457105636596680e-01,4.780888557434082031e-01,-3.789432644844055176e-01
-7.386740446090698242e-01,-2.777945399284362793e-01,1.750069260597229004e-01,3.854288756847381592e-01,1.496243715286254883e+00,2.956823408603668213e-01,-1.650033950805664062e+00,3.058817982673645020e-01,1.849011927843093872e-01,2.016587704420089722e-01,9.615712165832519531e-01,2.149146497249603271e-01,-4.051461517810821533e-01,5.039005875587463379e-01,3.107141256332397461e-01,-2.355021387338638306e-01,5.688546299934387207e-01,1.932441145181655884e-01,-4.924035370349884033e-01,-4.109955430030822754e-01
2.448724031448364258e+00,1.609231710433959961e+00,2.014582008123397827e-01,-2.031610161066055298e-01,9.693116545677185059e-01,1.163452506065368652e+00,1.049496054649353027e+00,1.069247007369995117e+00,2.693963050842285156e+00,1.135823726654052734e+00,3.456633090972900391e-01,-9.373711347579956055e-01,-3.454559445381164551e-01,3.755389451980590820e-01,3.532357215881347656e-01,3.021808564662933350e-01,3.763524293899536133e-01,2.385168224573135376e-01,1.008422613143920898e+00,5.064927339553833008e-01
1.502378106117248535e+00,5.235347151756286621e-01,1.616911292076110840e+00,-1.494570493698120117e+00,1.694670557975769043e+00,6.757368445396423340e-01,5.201715975999832153e-02,8.176702260971069336e-01,4.740290343761444092e-01,5.903198719024658203e-01,1.604104638099670410e+00,1.510681748390197754e+00,1.966591328382492065e-01,-4.164401441812515259e-02,1.708662323653697968e-02,7.913436293601989746e-01,1.756791830062866211e+00,1.579306721687316895e+00,1.163701534271240234e+00,5.908176302909851074e-01
-4.096691906452178955e-01,9.811927676200866699e-01,1.342230200767517090e+00,4.225691258907318115e-01,6.902433633804321289e-01,7.117481827735900879e-01,2.747681140899658203e-01,4.085503518581390381e-01,1.800720930099487305e+00,6.420196890830993652e-01,1.555533289909362793e+00,3.884607553482055664e-01,7.702516913414001465e-01,6.680036783218383789e-01,1.078361392021179199e+00,5.548251271247863770e-01,1.179580330848693848e+00,3.890433013439178467e-01,1.015812873840332031e+00,-1.523267179727554321e-01
-1.286526203155517578e+00,-1.006403923034667969e+00,-4.268275201320648193e-01,-9.954379200935363770e-01,4.502244591712951660e-01,-9.676368832588195801e-01,-3.963223695755004883e-01,-3.527301251888275146e-01,-9.476510882377624512e-01,-6.019560098648071289e-01,-1.061183214187622070e+00,-5.274118781089782715e-01,-1.084149360656738281e+00,-6.256069540977478027e-01,-4.729473888874053955e-01,-2.046890258789062500e+00,-3.397572934627532959e-01,-6.876156926155090332e-01,-1.571665167808532715e+00,-9.636290669441223145e-01
2.416913509368896484e-01,-9.221364855766296387e-01,6.860352754592895508e-01,8.149679303169250488e-01,1.660077571868896484e-01,3.403708040714263916e-01,-2.354247331619262695e+00,3.701713979244232178e-01,2.262249231338500977e+00,1.384135007858276367e+00,9.809972047805786133e-01,-3.893935680389404297e-01,9.030196070671081543e-01,6.053337454795837402e-01,4.928650557994842529e-01,1.016752362251281738e+00,4.014140665531158447e-01,1.364788532257080078e+00,9.806001782417297363e-01,2.017823457717895508e-01
2.789636850357055664e-01,-3.660984039306640625e-01,3.594384193420410156e-01,9.801744818687438965e-01,-5.297551751136779785e-01,1.450645089149475098e+00,3.070348799228668213e-01,8.214021325111389160e-01,-1.308318674564361572e-01,-1.011600568890571594e-01,-2.275201827287673950e-01,-2.413498610258102417e-01,-4.957209229469299316e-01,-4.460740387439727783e-01,-2.348950207233428955e-01,3.270760774612426758e-01,3.285819888114929199e-01,1.773564934730529785e+00,-9.363055974245071411e-02,-2.040177822113037109e+00
-3.025524318218231201e-01,-1.845116376876831055e+00,9.258727431297302246e-01,3.194354474544525146e-01,8.879131674766540527e-01,-3.650775551795959473e-01,1.884722560644149780e-01,-2.980129420757293701e-01,-3.553801774978637695e-01,-1.114227846264839172e-01,-3.253892958164215088e-01,2.659030556678771973e-01,2.866191267967224121e-01,-2.352018654346466064e-01,4.589021503925323486e-01,-2.578846216201782227e-01,-9.234053641557693481e-02,5.754064917564392090e-01,9.427437186241149902e-01,-2.631935179233551025e-01
5.777154564857482910e-01,3.778181374073028564e-01,1.235754966735839844e+00,9.080986380577087402e-01,2.007144927978515625e+00,1.385450005531311035e+00,1.432255625724792480e+00,1.590946912765502930e+00,1.506744623184204102e+00,6.428800821304321289e-01,1.868523716926574707e+00,8.406001329421997070e-01,1.149908304214477539e+00,1.042255684733390808e-01,4.494358301162719727e-01,1.170067414641380310e-01,2.888713598251342773e+00,1.382861971855163574e+00,1.145168781280517578e+00,5.837073326110839844e-01
-1.640274882316589355e+00,3.261309564113616943e-01,-3.701909482479095459e-01,2.982509136199951172e-01,-4.544955193996429443e-01,-2.086374908685684204e-01,6.074394583702087402e-01,1.808585673570632935e-01,3.282159864902496338e-01,-3.324488876387476921e-03,-5.766294598579406738e-01,1.497128009796142578e+00,5.043325424194335938e-01,3.761129975318908691e-01,-6.708362698554992676e-02,1.409148424863815308e-01,-2.994977831840515137e-01,8.842056393623352051e-01,3.046524226665496826e-01,7.059514522552490234e-01
-1.010843157768249512e+00,-4.873171746730804443e-01,-1.954919338226318359e+00,6.717170476913452148e-01,3.523209691047668457e-01,-5.732954740524291992e-01,-2.537329494953155518e-01,2.549232356250286102e-02,3.764269351959228516e-01,-3.191221654415130615e-01,8.457198739051818848e-01,-6.981833577156066895e-01,-3.919855654239654541e-01,-5.811707377433776855e-01,-4.970354437828063965e-01,2.411917001008987427e-01,-1.013103604316711426e+00,-2.779070734977722168e-01,-1.126718997955322266e+00,-6.607319116592407227e-01
1.255792081356048584e-01,7.881653495132923126e-03,-3.089350759983062744e-01,-8.007894754409790039e-01,1.803965449333190918e+00,-5.729156732559204102e-01,3.364649415016174316e-01,-2.320555411279201508e-02,-1.125502586364746094e+00,-3.118634223937988281e-01,-1.505786895751953125e+00,-3.912541270256042480e-01,-4.937219619750976562e-01,-1.124146819114685059e+00,-3.916696012020111084e-01,-9.079907536506652832e-01,-1.053413391113281250e+00,6.456994265317916870e-02,-3.725764751434326172e-01,-2.890591025352478027e-01
1.066480875015258789e-01,1.221078932285308838e-01,-2.411977648735046387e-01,2.010254383087158203e+00,7.692119479179382324e-01,2.732440829277038574e-01,-9.261323213577270508e-01,5.749495625495910645e-01,2.505330443382263184e-01,9.595611691474914551e-01,-1.038477197289466858e-02,-2.668710947036743164e-01,4.576256275177001953e-01,1.176457405090332031e+00,5.268703699111938477e-01,2.407819509506225586e+00,1.863015145063400269e-01,1.076156139373779297e+00,-1.772975921630859375e-01,1.196209788322448730e+00
-4.776745140552520752e-01,6.870630383491516113e-01,-2.525307536125183105e-01,-1.515836000442504883e+00,-5.058019161224365234e-01,-7.134152054786682129e-01,-5.100621581077575684e-01,-3.416790068149566650e-01,-7.006298899650573730e-01,-1.981999725103378296e-01,8.081275224685668945e-01,6.637598872184753418e-01,-1.039915204048156738e+00,-5.559667944908142090e-01,-1.791654229164123535e+00,3.400520682334899902e-01,4.827505648136138916e-01,-5.733643174171447754e-01,5.439919419586658478e-03,-1.679416060447692871e+00
7.456935048103332520e-01,5.220749378204345703e-01,1.122928261756896973e+00,8.160762786865234375e-01,1.104956030845642090e+00,4.545514285564422607e-01,1.409300804138183594e+00,1.210166215896606445e+00,1.242633342742919922e+00,1.266268134117126465e+00,2.354880422353744507e-01,1.051655054092407227e+00,2.785394906997680664e+00,1.158272385597229004e+00,1.597631812095642090e+00,5.500125288963317871e-01,3.768927454948425293e-01,6.933887600898742676e-01,2.750252962112426758e+00,6.495093703269958496e-01
4.636121094226837158e-01,7.026007175445556641e-01,1.521024107933044434e+00,7.012758851051330566e-01,1.467017412185668945e+00,1.921427249908447266e-01,7.488496303558349609e-01,1.080981731414794922e+00,2.175257056951522827e-01,2.238340228796005249e-01,-1.739199310541152954e-01,5.024016499519348145e-01,1.066428065299987793e+00,8.606996536254882812e-01,1.245629310607910156e+00,2.801488637924194336e-01,-5.865193605422973633e-01,1.008085608482360840e+00,-2.066998481750488281e-01,1.483332738280296326e-02
-1.634999513626098633e+00,-1.644912511110305786e-01,-8.285788893699645996e-01,-2.237063646316528320e-01,-1.029751062393188477e+00,-1.018543958663940430e+00,-3.587479889392852783e-02,1.711843758821487427e-01,-5.437925457954406738e-01,-1.120784163475036621e+00,1.320639401674270630e-01,8.646480441093444824e-01,-1.203277800232172012e-02,-4.002913832664489746e-01,-3.697275817394256592e-01,-8.269459605216979980e-01,1.142442971467971802e-02,2.234534770250320435e-01,-2.637730836868286133e-01,1.960362195968627930e-01
-1.525178670883178711e+00,-7.993224859237670898e-01,4.112965464591979980e-01,2.621646821498870850e-01,-5.148526430130004883e-01,-8.502675294876098633e-01,1.559938490390777588e-02,-9.104375243186950684e-01,-1.259123682975769043e+00,-1.782144665718078613e+00,4.274754524230957031e-01,3.422565013170242310e-02,-4.463279247283935547e-01,-9.922054409980773926e-01,-6.412203907966613770e-01,-3.433665633201599121e-01,-7.234157323837280273e-01,-3.344385623931884766e-01,-8.230543732643127441e-01,-8.923558592796325684e-01
-6.437387466430664062e-01,-7.490702867507934570e-01,2.598161399364471436e-01,-1.457616567611694336e+00,-8.375562429428100586e-01,-3.223101198673248291e-01,-3.748411238193511963e-01,-4.864887297153472900e-01,-4.502990841865539551e-01,-8.325715065002441406e-01,-4.054692983627319336e-01,-1.309049248695373535e+00,9.690102189779281616e-02,-2.390636682510375977e+00,-3.638400733470916748e-01,-9.697896242141723633e-01,2.453053742647171021e-01,-9.133894443511962891e-01,9.471905827522277832e-01,1.943387091159820557e-01
-1.343100786209106445e+00,-8.385851979255676270e-01,-4.305720031261444092e-01,-1.255607962608337402e+00,-1.029071569442749023e+00,-4.916848242282867432e-01,-1.000314354896545410e+00,-2.061828672885894775e-01,-5.237830877304077148e-01,-1.776367425918579102e+00,-1.513786315917968750e+00,-8.961881995201110840e-01,4.837044775485992432e-01,-1.047471880912780762e+00,-4.910459220409393311e-01,-3.579227626323699951e-01,-1.381055593490600586e+00,-1.290677666664123535e+00,-2.087052583694458008e+00,-1.113775372505187988e+00
-5.225037932395935059e-01,-1.127122879028320312e+00,-3.524884879589080811e-01,-9.902331829071044922e-01,-3.070091903209686279e-01,-1.540552496910095215e+00,-2.786307632923126221e-01,1.762753576040267944e-01,-1.684722781181335449e+00,-6.055140495300292969e-01,-1.959834456443786621e+00,2.378458976745605469e-01,-1.195997238159179688e+00,-1.964261680841445923e-01,1.677855104207992554e-01,-1.648276686668395996e+00,-4.893462955951690674e-01,-1.527729868888854980e+00,-1.251989483833312988e+00,-2.433507442474365234e-01
1.521516680717468262e+00,1.949625611305236816e-01,3.631079494953155518e-01,-3.396975398063659668e-01,-2.002515316009521484e+00,6.417043209075927734e-01,-9.975104331970214844e-01,-2.125696539878845215e-01,9.688555002212524414e-01,5.081596374511718750e-01,6.714809536933898926e-01,-4.082538932561874390e-02,3.571098148822784424e-01,1.778883934020996094e-01,2.617027163505554199e-01,3.489837348461151123e-01,-7.265049815177917480e-01,-1.749132573604583740e-01,-4.023778736591339111e-01,2.965304069221019745e-02
6.819735169410705566e-01,1.137526273727416992e+00,1.675350904464721680e+00,9.392657876014709473e-01,1.412530064582824707e+00,1.095528841018676758e+00,3.607249259948730469e-01,1.284342527389526367e+00,1.449813604354858398e+00,8.612395524978637695e-01,1.355933547019958496e+00,4.351176619529724121e-01,2.056065320968627930e+00,1.121251463890075684e+00,1.668700948357582092e-02,7.239324450492858887e-01,7.679893374443054199e-01,1.990912795066833496e+00,1.546151995658874512e+00,1.273980021476745605e+00
-1.518647551536560059e+00,-1.801434755325317383e+00,-1.127259492874145508e+00,-9.202326536178588867e-01,-9.066553115844726562e-01,-1.410500764846801758e+00,-1.068728566169738770e+00,-6.935428380966186523e-01,-1.194335699081420898e+00,-1.747863769531250000e+00,-5.531754493713378906e-01,-2.191766738891601562e+00,-2.728407979011535645e-01,-1.253508210182189941e+00,-1.853154778480529785e+00,-1.703955173492431641e+00,-1.812752962112426758e+00,-1.677244901657104492e+00,-1.837126493453979492e+00,-1.261870026588439941e+00
-5.167984962463378906e-02,6.164619922637939453e-01,5.027562975883483887e-01,-7.568004727363586426e-01,3.069790303707122803e-01,3.569341599941253662e-01,8.688383735716342926e-03,-2.192687541246414185e-01,1.174944281578063965e+00,4.740650057792663574e-01,-1.402662247419357300e-01,-3.328777551651000977e-01,2.791385352611541748e-01,-1.321313232183456421e-01,-1.348947644233703613e+00,-9.174128621816635132e-02,-8.570995926856994629e-02,1.007129073143005371e+00,8.053413033485412598e-02,-5.135689973831176758e-01
6.392536163330078125e-01,-2.340852469205856323e-01,7.126058340072631836e-01,5.354161858558654785e-01,-3.649559020996093750e-01,7.411698997020721436e-02,3.356740176677703857e-01,8.697191476821899414e-01,1.669404387474060059e+00,1.052955269813537598e+00,-3.557223677635192871e-01,-3.686828017234802246e-01,4.257741272449493408e-01,4.590279161930084229e-01,9.248435497283935547e-01,5.053279399871826172e-01,1.798515439033508301e+00,1.411905050277709961e+00,6.146517395973205566e-01,7.690312862396240234e-01
-2.881742641329765320e-02,2.716738283634185791e-01,5.901337265968322754e-01,2.489556312561035156e+00,-1.898580491542816162e-01,4.218345284461975098e-01,-3.092244565486907959e-01,9.827809929847717285e-01,8.683255314826965332e-01,-1.951235234737396240e-01,1.048207432031631470e-01,1.182840615510940552e-01,2.166894674301147461e-01,-6.204086542129516602e-02,4.515758454799652100e-01,-4.069569408893585205e-01,1.635590195655822754e-01,4.179344773292541504e-01,-5.809554830193519592e-02,-2.190105020999908447e-01
-2.225945144891738892e-01,3.398091197013854980e-01,4.750746786594390869e-01,5.980423688888549805e-01,6.491799950599670410e-01,2.863387823104858398e+00,-2.548556029796600342e-01,4.215941429138183594e-01,3.419921696186065674e-01,-2.003664970397949219e-01,1.050317764282226562e+00,1.966940462589263916e-01,-3.060395419597625732e-01,5.115640759468078613e-01,5.743963122367858887e-01,4.515633583068847656e-01,-7.946641445159912109e-01,7.970474958419799805e-01,3.794810175895690918e-01,8.976324461400508881e-03
1.012692332267761230e+00,2.664701640605926514e-01,7.726781070232391357e-02,1.059193968772888184e+00,1.621851682662963867e+00,-3.410571813583374023e-01,-2.080270498991012573e-01,4.280021190643310547e-01,6.426304578781127930e-01,3.870774805545806885e-01,-2.491283603012561798e-02,1.439015746116638184e+00,-7.797207832336425781e-01,-1.305093467235565186e-01,3.730779290199279785e-01,2.106627523899078369e-01,2.369211912155151367e+00,-2.343965172767639160e-01,8.434230089187622070e-01,-2.310749888420104980e-01
-4.756094813346862793e-01,-3.179116249084472656e-01,-6.119868159294128418e-01,-3.905664980411529541e-01,-4.177272021770477295e-01,-5.452955365180969238e-01,-5.426539778709411621e-01,-2.545417249202728271e-01,4.089689627289772034e-02,-9.784357547760009766e-01,-3.843398094177246094e-01,-3.659783601760864258e-01,-5.967643857002258301e-01,-1.612400293350219727e+00,-9.658259749412536621e-01,-8.375076055526733398e-01,5.001866817474365234e-01,4.622592031955718994e-01,3.088502287864685059e-01,1.027126088738441467e-01
-1.228778958320617676e+00,-2.715591713786125183e-02,-1.612670898437500000e+00,-8.891688585281372070e-01,-5.024762153625488281e-01,-1.867195606231689453e+00,4.834707677364349365e-01,-1.187375187873840332e+00,-1.564788341522216797e+00,-1.148986339569091797e+00,3.081626594066619873e-01,-1.260199546813964844e-01,-1.075332641601562500e+00,-9.267652630805969238e-01,-2.122799873352050781e+00,-9.072417616844177246e-01,-1.039292335510253906e+00,-2.451464891433715820e+00,-6.990486383438110352e-01,-1.142722964286804199e+00
-1.392788887023925781e+00,-4.925390779972076416e-01,-2.357540130615234375e+00,-3.122085928916931152e-01,-1.471981048583984375e+00,-3.978249430656433105e-01,-4.551742970943450928e-01,-5.899375081062316895e-01,-5.199553370475769043e-01,-1.418634772300720215e+00,-9.867615699768066406e-01,-1.624004244804382324e+00,-2.677889168262481689e-01,-3.537108004093170166e-01,-1.535064816474914551e+00,-1.113514065742492676e+00,-1.379315257072448730e-01,-1.090641379356384277e+00,-8.567496538162231445e-01,-1.862833261489868164e+00
-8.557114005088806152e-01,3.203594386577606201e-01,3.005341589450836182e-01,-4.332398623228073120e-02,2.212358862161636353e-01,2.026037722826004028e-01,7.293771505355834961e-01,1.401014626026153564e-01,-2.818859517574310303e-01,3.693451583385467529e-01,2.511435151100158691e-01,3.143190145492553711e-01,2.016728073358535767e-01,-5.500657558441162109e-01,1.063290476799011230e+00,-3.337549269199371338e-01,4.092906117439270020e-01,9.412948489189147949e-01,-5.117629170417785645e-01,-8.748682737350463867e-01
-3.057370781898498535e-01,-8.854988217353820801e-01,1.269542872905731201e-01,-1.399490684270858765e-01,1.116623520851135254e+00,1.359201967716217041e-01,1.095844268798828125e+00,1.014872431755065918e+00,3.933685719966888428e-01,-2.081899166107177734e+00,-8.031315207481384277e-01,-1.546411402523517609e-02,-1.845377236604690552e-01,1.466873288154602051e+00,-2.396136671304702759e-01,-1.050206184387207031e+00,1.000060588121414185e-01,-4.903577566146850586e-01,-2.252918332815170288e-01,1.564332842826843262e+00
-2.529078125953674316e-01,2.708813846111297607e-01,1.234686374664306641e+00,-7.667053490877151489e-02,6.123377084732055664e-01,-2.523684799671173096e-01,7.406215071678161621e-01,3.118096590042114258e-01,-3.601244091987609863e-01,-5.749498680233955383e-02,-2.736728787422180176e-01,3.114675879478454590e-01,4.773444533348083496e-01,-4.109567403793334961e-01,-1.415268182754516602e+00,2.843798100948333740e-01,-2.433710396289825439e-01,9.064590334892272949e-01,4.806194901466369629e-01,1.055747568607330322e-01
9.682509303092956543e-01,9.622119665145874023e-01,7.178450822830200195e-01,-9.389832019805908203e-01,5.620886087417602539e-01,4.565683007240295410e-01,-2.180065810680389404e-01,1.079381108283996582e+00,4.470914900302886963e-01,4.497230350971221924e-01,9.882460832595825195e-01,-6.626580357551574707e-01,-1.154812797904014587e-01,7.491645812988281250e-01,4.566823542118072510e-01,7.162087559700012207e-01,1.639184832572937012e+00,4.173275530338287354e-01,4.422816634178161621e-01,1.054758667945861816e+00
-1.739290654659271240e-01,-5.306846499443054199e-01,3.478342592716217041e-01,-4.521754384040832520e-01,-9.990952014923095703e-01,-4.857489466667175293e-01,-8.292894959449768066e-01,2.030194699764251709e-01,3.385122120380401611e-01,-8.906863927841186523e-01,-9.585230350494384766e-01,-1.085378408432006836e+00,-9.674507975578308105e-01,-2.419418245553970337e-01,6.252003312110900879e-01,3.397234976291656494e-01,-2.539077401161193848e-01,4.967895448207855225e-01,-4.613278210163116455e-01,3.289947211742401123e-01
-1.097561478614807129e+00,-9.768419861793518066e-01,-5.270633697509765625e-01,6.357295811176300049e-02,3.972625434398651123e-01,7.926430702209472656e-01,-6.508050560951232910e-01,-1.742988586425781250e+00,-4.661165475845336914e-01,-1.672176361083984375e+00,-8.603436946868896484e-01,-1.196412682533264160e+00,-9.309902787208557129e-03,-1.064201354980468750e+00,-1.091194868087768555e+00,-1.399382114410400391e+00,-8.414722681045532227e-01,-9.228326678276062012e-01,-4.175021350383758545e-01,7.615774869918823242e-01
3.663027286529541016e-01,2.146068960428237915e-01,-3.076955378055572510e-01,-3.148433268070220947e-01,-1.067168712615966797e+00,-1.635255932807922363e+00,1.455101370811462402e-01,1.889565885066986084e-01,-7.037846446037292480e-01,-1.877484321594238281e-01,4.543897211551666260e-01,-5.109298825263977051e-01,2.070860937237739563e-02,-3.863645493984222412e-01,-9.979680180549621582e-01,-9.270998835563659668e-01,-8.762106299400329590e-01,2.182953953742980957e-01,-2.947258055210113525e-01,4.017703831195831299e-01
3.171414136886596680e-01,3.580189347267150879e-01,2.456200569868087769e-01,1.138615489006042480e+00,1.111135005950927734e+00,4.632735550403594971e-01,-1.414130926132202148e-01,-3.337519466876983643e-01,3.790521621704101562e-01,1.163820147514343262e+00,5.235506296157836914e-01,-1.803544014692306519e-01,2.705163359642028809e-01,-2.571356892585754395e-01,6.821085214614868164e-01,9.680569916963577271e-02,3.785093128681182861e-01,8.048350811004638672e-01,3.372608423233032227e-01,2.429338216781616211e+00
-4.186120927333831787e-01,-7.027987241744995117e-01,-2.513442039489746094e-01,3.410274088382720947e-01,-9.696354866027832031e-01,4.462824165821075439e-01,2.976016104221343994e-01,-7.839958071708679199e-01,2.830558419227600098e-01,2.637297511100769043e-01,5.363083481788635254e-01,-6.225084066390991211e-01,-4.394629895687103271e-01,-8.304781913757324219e-01,-4.257113933563232422e-01,-2.089182853698730469e+00,-1.592247784137725830e-01,9.640767574310302734e-01,-2.409226447343826294e-01,-4.279490411281585693e-01
-2.826625585556030273e+00,-2.309948205947875977e+00,-7.132349014282226562e-01,-1.269957423210144043e+00,-1.114482045173645020e+00,-1.930068969726562500e+00,-2.139485359191894531e+00,-6.795655488967895508e-01,-1.354400277137756348e+00,-1.005632996559143066e+00,-1.751617789268493652e+00,-1.133489131927490234e+00,-1.692838788032531738e+00,-1.121734976768493652e+00,-1.537673592567443848e+00,-1.898270249366760254e+00,-7.292065620422363281e-01,-1.394389510154724121e+00,-1.693476200103759766e+00,-1.096651434898376465e+00
-2.350359916687011719e+00,2.183375954627990723e-01,-1.078525260090827942e-01,-9.635985493659973145e-01,-1.116839766502380371e+00,-6.166052818298339844e-01,-2.758228302001953125e+00,3.775980770587921143e-01,-7.078752517700195312e-01,-6.165946647524833679e-02,-1.698071509599685669e-01,-5.020943880081176758e-01,-1.166340470314025879e+00,-1.022636175155639648e+00,-6.243241429328918457e-01,4.618006050586700439e-01,-9.911119341850280762e-01,-4.795734286308288574e-01,-3.005335330963134766e-01,-5.008841753005981445e-01
-1.813132524490356445e+00,-1.643702626228332520e+00,9.078635275363922119e-02,-5.890713334083557129e-01,-1.178315654397010803e-01,-6.792200803756713867e-01,-1.738867282867431641e+00,-4.032542705535888672e-01,-2.222225666046142578e+00,-1.146121144294738770e+00,-1.708531856536865234e+00,-3.033514618873596191e-01,-9.878626465797424316e-01,-7.023175954818725586e-01,-7.400698661804199219e-01,-5.029162168502807617e-01,-4.132652282714843750e-02,-2.969526290893554688e+00,-1.251039981842041016e+00,-6.291127800941467285e-01
-1.340122342109680176e+00,-4.463846087455749512e-01,-4.025621414184570312e-01,-8.050894141197204590e-01,-4.075726568698883057e-01,-9.544093012809753418e-01,-7.897688150405883789e-01,4.024683237075805664e-01,-4.509338140487670898e-01,-1.730198740959167480e+00,-1.236296370625495911e-01,-1.235087513923645020e+00,-1.436817646026611328e+00,-2.549334287643432617e+00,-8.108808994293212891e-01,-1.046582341194152832e+00,-1.696605682373046875e+00,-1.050271272659301758e+00,-5.453350543975830078e-01,-5.181894898414611816e-01
-6.427847743034362793e-01,-1.507959485054016113e+00,-8.932713270187377930e-01,-1.383852243423461914e+00,1.686289012432098389e-01,-2.845541536808013916e-01,-6.984651684761047363e-01,-3.274512588977813721e-01,5.566705465316772461e-01,2.988128960132598877e-01,9.294263720512390137e-01,-4.406205415725708008e-01,1.775167137384414673e-02,2.118895798921585083e-01,3.204210102558135986e-01,-2.722102403640747070e-01,-3.440009653568267822e-01,-3.267380595207214355e-01,1.406374931335449219e+00,-2.902224063873291016e-01
-7.554404139518737793e-01,-8.220113515853881836e-01,1.493278890848159790e-01,-9.598423242568969727e-01,-8.643505573272705078e-01,-1.185723185539245605e+00,-7.762643098831176758e-01,-2.669690251350402832e-01,-3.301202356815338135e-01,-3.775078952312469482e-01,-2.685237526893615723e-01,-9.044854640960693359e-01,-9.918175339698791504e-01,-1.778731703758239746e+00,-8.064007759094238281e-01,-9.191901087760925293e-01,-1.128642797470092773e+00,-2.621754407882690430e-01,-1.127147197723388672e+00,-6.095782518386840820e-01
-2.060640752315521240e-01,4.398677945137023926e-01,1.715192794799804688e+00,8.850412964820861816e-01,9.962584972381591797e-01,1.096351861953735352e+00,1.239312529563903809e+00,1.633293986320495605e+00,4.492218494415283203e-01,1.027291059494018555e+00,6.631809473037719727e-01,1.847947388887405396e-01,7.288373708724975586e-01,1.433973670005798340e+00,1.408113718032836914e+00,1.019544482231140137e+00,4.955333471298217773e-01,1.011717200279235840e+00,6.108177900314331055e-01,6.207829713821411133e-01
-6.958133578300476074e-01,-1.601629376411437988e+00,-4.504060149192810059e-01,-1.609163045883178711e+00,-1.610587716102600098e+00,-1.718877792358398438e+00,-3.381021916866302490e-01,-4.977866411209106445e-01,-9.165713191032409668e-01,-1.084088563919067383e+00,-2.750693798065185547e+00,-1.554609775543212891e+00,-1.266849398612976074e+00,-1.197101950645446777e+00,-1.207397460937500000e+00,-1.735665678977966309e+00,-1.555160522460937500e+00,-1.093688964843750000e+00,-3.856430947780609131e-01,-1.487235546112060547e+00
2.038641422986984253e-01,2.747363150119781494e-01,1.480913519859313965e+00,6.643553972244262695e-01,5.906020998954772949e-01,-2.663463354110717773e-01,2.847392320632934570e+00,-5.500419139862060547e-01,-4.497741162776947021e-01,4.733380079269409180e-01,-1.637044996023178101e-01,-6.000161170959472656e-01,1.526484966278076172e+00,3.294826298952102661e-02,-5.885596275329589844e-01,7.843345403671264648e-01,3.206266462802886963e-01,-4.160803258419036865e-01,-1.009339615702629089e-01,-1.468733400106430054e-01
-9.790340065956115723e-01,4.324018955230712891e-01,-2.659370899200439453e-01,-2.656664550304412842e-01,-1.126798093318939209e-01,-1.156503200531005859e+00,6.910080909729003906e-01,-5.013870596885681152e-01,-1.138740658760070801e+00,-4.820125997066497803e-01,-2.211816549301147461e+00,-1.022439599037170410e+00,-9.437624812126159668e-01,-1.113659858703613281e+00,-7.876387238502502441e-01,-1.630486607551574707e+00,-6.647771596908569336e-01,-7.082924246788024902e-01,-2.249527931213378906e+00,-3.713330924510955811e-01
6.623559594154357910e-01,-1.171394944190979004e+00,-1.030372977256774902e+00,-5.602796077728271484e-01,-5.373337268829345703e-01,-7.905362844467163086e-01,2.502242624759674072e-01,-6.395656466484069824e-01,-7.785460948944091797e-01,-1.094646215438842773e+00,-3.338143825531005859e-01,-3.940213918685913086e-01,-4.707520008087158203e-01,-9.913637042045593262e-01,-1.139795899391174316e+00,-4.558425247669219971e-01,2.365124821662902832e-01,-2.192535623908042908e-02,-6.474407315254211426e-01,-2.331399202346801758e+00
-7.802628278732299805e-01,6.088027730584144592e-02,-3.417617976665496826e-01,8.464767783880233765e-02,-1.049005270004272461e+00,7.512343525886535645e-01,2.938302755355834961e-01,-4.121620059013366699e-01,-2.384604066610336304e-01,-8.754937052726745605e-01,-4.452732801437377930e-01,-4.868756830692291260e-01,-1.088117480278015137e+00,-1.088970661163330078e+00,-3.457859531044960022e-02,-5.786511898040771484e-01,-2.860697269439697266e+00,-7.710773497819900513e-02,-4.217974245548248291e-01,-6.809646487236022949e-01
-9.560199975967407227e-01,-8.062080480158329010e-03,-8.914529085159301758e-01,-2.901521623134613037e-01,-2.672173380851745605e-01,-8.808600306510925293e-01,-8.063707351684570312e-01,-3.575931191444396973e-01,-7.063262462615966797e-01,-1.005731225013732910e+00,-8.486451506614685059e-01,-2.150783777236938477e+00,2.015251964330673218e-01,1.578141748905181885e-01,-4.323868751525878906e-01,-1.610451817512512207e+00,-9.048236608505249023e-01,2.708192169666290283e-01,-9.770450592041015625e-01,-5.086061954498291016e-01
8.541749119758605957e-01,3.805059194564819336e-01,1.412854433059692383e+00,7.909216284751892090e-01,-4.754026234149932861e-01,7.307342290878295898e-01,1.318528950214385986e-01,1.032562375068664551e+00,1.689431786537170410e+00,1.210773229598999023e+00,6.159581542015075684e-01,8.137611150741577148e-01,2.746820926666259766e+00,4.121096432209014893e-01,1.719835758209228516e+00,3.322992324829101562e-01,5.968537330627441406e-01,1.061921119689941406e+00,2.473353445529937744e-01,1.209882259368896484e+00
1.726546525955200195e+00,1.027984380722045898e+00,1.302943825721740723e+00,8.734871149063110352e-01,1.599752426147460938e+00,4.033420607447624207e-02,2.191457003355026245e-01,2.476599454879760742e+00,2.432324290275573730e-01,1.219030499458312988e+00,5.333376526832580566e-01,3.680634498596191406e-01,1.863438248634338379e+00,1.677984118461608887e+00,7.788642644882202148e-01,1.412724494934082031e+00,8.770198822021484375e-01,9.698872566223144531e-01,1.432417750358581543e+00,1.590641498565673828e+00
2.083167076110839844e+00,8.891180157661437988e-01,-2.625068724155426025e-01,4.397056102752685547e-01,-2.271102219820022583e-01,5.652925968170166016e-01,-2.817082107067108154e-01,2.121894992887973785e-02,1.430899620056152344e+00,-7.008017897605895996e-01,7.989596724510192871e-01,-4.045112431049346924e-01,1.815299093723297119e-01,-3.231692612171173096e-01,-1.527239084243774414e+00,-4.864455461502075195e-01,-3.029012382030487061e-01,2.055674195289611816e-01,9.868813753128051758e-01,-2.811323702335357666e-01
1.214427828788757324e+00,3.527201712131500244e-01,1.556769490242004395e+00,1.547647237777709961e+00,9.944730401039123535e-01,3.091959953308105469e-01,1.430073022842407227e+00,1.747421145439147949e+00,2.574398279190063477e+00,1.024706363677978516e+00,1.667337298393249512e+00,1.945533752441406250e-01,1.539604067802429199e+00,9.737135171890258789e-01,1.787344694137573242e+00,1.316765785217285156e+00,-1.337654143571853638e-01,1.337803363800048828e+00,2.538630723953247070e+00,8.022252321243286133e-01
3.651419579982757568e-01,4.647862315177917480e-01,-2.334815412759780884e-01,-2.194027453660964966e-01,2.809094488620758057e-01,2.608656883239746094e+00,2.970540523529052734e-01,1.818269610404968262e+00,1.107522368431091309e+00,2.861804664134979248e-01,7.168852090835571289e-01,1.407569646835327148e+00,9.792306423187255859e-01,5.270009040832519531e-01,-3.146754205226898193e-01,4.605043828487396240e-01,5.184787884354591370e-02,9.581621885299682617e-01,-2.375579178333282471e-01,1.710065484046936035e+00
9.990124702453613281e-01,3.886906504631042480e-01,4.023347496986389160e-01,9.321856498718261719e-01,1.942523241043090820e+00,4.263221621513366699e-01,1.099577426910400391e+00,1.265582561492919922e+00,6.317886114120483398e-01,1.940785497426986694e-01,6.821566820144653320e-01,3.968555927276611328e-01,1.314617037773132324e+00,5.652405619621276855e-01,1.994922041893005371e+00,5.185937285423278809e-01,1.298846125602722168e+00,1.913065314292907715e+00,8.821173310279846191e-01,2.427134513854980469e+00
-3.706507384777069092e-01,1.558598130941390991e-01,-1.636522859334945679e-01,-3.682002425193786621e-01,-4.328179955482482910e-01,-1.435422062873840332e+00,-5.102194547653198242e-01,1.214155852794647217e-01,-7.294307351112365723e-01,1.389969587326049805e-01,-3.497470319271087646e-01,1.423454046249389648e+00,-9.635797739028930664e-01,3.515946865081787109e-01,6.181156262755393982e-02,2.289231568574905396e-01,3.478375971317291260e-01,-9.241811037063598633e-01,-2.155929058790206909e-01,-3.066419661045074463e-01
-1.093972682952880859e+00,-1.400021672248840332e+00,3.896809518337249756e-01,-4.107722342014312744e-01,-1.006414890289306641e+00,2.449833005666732788e-01,-1.047473073005676270e+00,1.389346867799758911e-01,-8.797143697738647461e-01,1.234175488352775574e-01,2.231708168983459473e-01,1.637297719717025757e-01,-9.530968666076660156e-01,-8.951166868209838867e-01,-4.090331494808197021e-01,-1.601062566041946411e-01,-1.187123432755470276e-01,-9.585929512977600098e-01,-1.256470441818237305e+00,9.298136085271835327e-02
7.567573785781860352e-01,-1.078194022178649902e+00,7.451492547988891602e-01,3.962218761444091797e-01,-3.589079082012176514e-01,5.873036980628967285e-01,-2.981004305183887482e-02,1.157606005668640137e+00,4.065833091735839844e-01,4.609742462635040283e-01,-3.320325911045074463e-01,7.977260947227478027e-01,8.905829787254333496e-01,6.229545921087265015e-03,-1.374900490045547485e-01,4.768351912498474121e-01,2.422116398811340332e-01,4.382897615432739258e-01,3.149692416191101074e-01,3.852580487728118896e-01
-2.449313551187515259e-01,5.917643429711461067e-04,-7.811270952224731445e-01,2.407132834196090698e-01,-7.958154082298278809e-01,-3.827611505985260010e-01,7.722771167755126953e-01,3.263775408267974854e-01,-2.812795937061309814e-01,2.019127905368804932e-01,8.166325092315673828e-01,1.032772287726402283e-02,7.639020085334777832e-01,-4.519281501416116953e-04,9.027736783027648926e-01,-8.045542836189270020e-01,-1.276926696300506592e-01,9.534528255462646484e-01,-5.750193595886230469e-01,-4.004552364349365234e-01
5.229303836822509766e-01,1.677810668945312500e+00,-1.616828441619873047e-01,5.846031904220581055e-01,8.642442822456359863e-01,4.250694811344146729e-01,-2.578559219837188721e-01,1.586567997932434082e+00,4.448085427284240723e-01,4.881582856178283691e-01,1.505564928054809570e+00,4.668301045894622803e-01,3.403220772743225098e-01,1.268012642860412598e+00,7.044500112533569336e-01,2.973569154739379883e+00,2.281937561929225922e-02,4.341332018375396729e-01,9.173957109451293945e-01,5.031444430351257324e-01
1.334784388542175293e+00,2.421606063842773438e+00,1.402877449989318848e+00,2.569352626800537109e+00,1.394703269004821777e+00,9.790862798690795898e-01,-2.578698992729187012e-01,3.501676023006439209e-01,1.974450707435607910e+00,6.227446198463439941e-01,1.575305342674255371e+00,1.596960425376892090e+00,9.248421192169189453e-01,2.081518173217773438e+00,1.166856884956359863e+00,4.141800105571746826e-01,1.087708115577697754e+00,9.468192458152770996e-01,1.633014678955078125e+00,1.565803050994873047e+00
1.003627061843872070e+00,1.989464163780212402e+00,2.524493038654327393e-01,-1.323133111000061035e-01,2.931984141469001770e-02,2.688298523426055908e-01,2.196447700262069702e-01,-2.782181501388549805e-01,-3.866393268108367920e-01,1.727854311466217041e-01,8.241215944290161133e-01,2.933215200901031494e-01,-3.943880498409271240e-01,4.764680266380310059e-01,-7.937596440315246582e-01,-3.903792202472686768e-01,5.083785653114318848e-01,-4.115745797753334045e-02,-1.015073776245117188e+00,-7.645382732152938843e-02
1.103724718093872070e+00,5.260105133056640625e-01,5.369820594787597656e-01,1.100390076637268066e+00,1.004614472389221191e+00,4.605342447757720947e-01,4.790837764739990234e-01,7.656475305557250977e-01,2.693454027175903320e+00,8.629709482192993164e-01,4.376098811626434326e-01,9.186446666717529297e-01,2.006477117538452148e+00,3.352678716182708740e-01,1.500333309173583984e+00,9.047412276268005371e-01,9.797131419181823730e-01,2.496865272521972656e+00,1.050242066383361816e+00,1.235899925231933594e+00
7.591348290443420410e-01,3.410778939723968506e-01,1.543247997760772705e-01,1.557013511657714844e+00,1.906413435935974121e-01,4.703069329261779785e-01,6.505381464958190918e-01,1.038160443305969238e+00,1.349888801574707031e+00,-1.266865432262420654e-01,7.945196330547332764e-02,1.240598678588867188e+00,4.897582232952117920e-01,6.406754851341247559e-01,1.045536518096923828e+00,4.877950847148895264e-01,8.005389571189880371e-01,6.005376577377319336e-01,1.861774802207946777e+00,4.667800366878509521e-01
8.755443692207336426e-01,6.842255592346191406e-01,2.436279207468032837e-01,-7.488778829574584961e-01,-2.658420428633689880e-02,-5.697913169860839844e-01,1.511648058891296387e+00,2.237551927566528320e+00,6.656360626220703125e-01,1.113224267959594727e+00,4.508445262908935547e-01,3.202089965343475342e-01,1.194919347763061523e+00,1.705702424049377441e+00,7.618058323860168457e-01,1.942231416702270508e+00,3.396890461444854736e-01,7.676060199737548828e-01,-9.355875849723815918e-02,4.676266014575958252e-01
3.830589950084686279e-01,8.208364248275756836e-01,4.675888121128082275e-01,9.707402586936950684e-01,8.340362310409545898e-01,5.001744031906127930e-01,2.475541532039642334e-01,-1.299640774726867676e+00,1.012997627258300781e+00,3.516737818717956543e-01,3.697417080402374268e-01,8.694278001785278320e-01,1.986407041549682617e-01,8.966149091720581055e-01,1.019744396209716797e+00,1.761905550956726074e-01,4.730361104011535645e-01,1.369435787200927734e+00,9.690158963203430176e-01,1.120010852813720703e+00
-1.060017466545104980e+00,-5.312197804450988770e-01,-1.585685610771179199e+00,-1.838560849428176880e-01,1.285726308822631836e+00,-3.527268171310424805e-01,2.111266404390335083e-01,-1.952860057353973389e-01,-6.546782851219177246e-01,-4.981515705585479736e-01,-1.122188091278076172e+00,-1.171095490455627441e+00,-4.523798078298568726e-02,-1.116204380989074707e+00,-9.627116918563842773e-01,-1.516710400581359863e+00,-1.249747514724731445e+00,-2.452725172042846680e-01,-6.885319948196411133e-01,-9.252892732620239258e-01
-3.053250610828399658e-01,-2.590390443801879883e-01,-3.863692581653594971e-01,-3.494576215744018555e-01,-1.083759427070617676e+00,-1.219375967979431152e+00,8.046241998672485352e-01,2.292273938655853271e-01,2.366954386234283447e-01,-2.482902705669403076e-01,-6.216874122619628906e-01,-1.094943404197692871e+00,2.245533913373947144e-01,-4.230454862117767334e-01,-2.612208425998687744e-01,-5.604466199874877930e-01,9.619420766830444336e-02,-3.175800740718841553e-01,-2.445552349090576172e-01,-1.160278692841529846e-01
8.932729363441467285e-01,-3.111887276172637939e-01,-3.192183971405029297e-01,-8.891601562500000000e-01,1.145578324794769287e-01,-4.248255789279937744e-01,-9.868461489677429199e-01,-2.946543693542480469e-01,-1.641697168350219727e+00,-4.179059565067291260e-01,-3.475667238235473633e-01,3.529733791947364807e-02,2.185600847005844116e-01,-9.581752419471740723e-01,-4.447707533836364746e-01,1.121964603662490845e-01,4.606291353702545166e-01,-3.540390133857727051e-01,-4.858834743499755859e-01,-3.174293041229248047e-01
1.865731716156005859e+00,2.081201791763305664e+00,2.877778530120849609e+00,1.283519744873046875e+00,1.826810836791992188e+00,1.969498991966247559e+00,2.451096057891845703e+00,8.902094960212707520e-01,2.042384862899780273e+00,1.584133148193359375e+00,1.698993444442749023e+00,1.472608447074890137e+00,1.935125112533569336e+00,1.438828945159912109e+00,9.360947012901306152e-01,1.501388430595397949e+00,2.889598369598388672e+00,2.252226352691650391e+00,1.103327631950378418e+00,1.151621699333190918e+00
-1.400159150362014771e-01,-9.343203306198120117e-01,-6.277769804000854492e-01,2.472634911537170410e-01,-1.114418268203735352e+00,-3.555461466312408447e-01,-8.657774329185485840e-01,-9.669195413589477539e-01,4.585228562355041504e-01,4.002438783645629883e-01,5.930451154708862305e-01,-1.690137743949890137e+00,-1.058737158775329590e+00,-8.263190835714340210e-02,-5.666658282279968262e-01,-2.021843343973159790e-01,-1.547418475151062012e+00,-1.251727938652038574e+00,8.683960884809494019e-02,9.631840139627456665e-02
-1.130582928657531738e+00,1.824654042720794678e-01,-3.079350339248776436e-03,-6.028424501419067383e-01,-3.452147841453552246e-01,2.959547638893127441e-01,8.564325422048568726e-02,6.973254084587097168e-01,-2.186387628316879272e-01,-7.546264529228210449e-01,-2.623760104179382324e-01,7.458653450012207031e-01,7.910886406898498535e-02,-2.853917777538299561e-01,-1.445139884948730469e+00,-9.162362813949584961e-01,-3.545058667659759521e-01,2.000885248184204102e+00,2.897326648235321045e-01,-5.489977002143859863e-01
1.143733739852905273e+00,1.268207788467407227e+00,1.951378464698791504e+00,1.754383325576782227e+00,5.812807083129882812e-01,2.069202661514282227e+00,2.356570720672607422e+00,1.090638875961303711e+00,1.520115137100219727e+00,9.446689486503601074e-01,8.188669681549072266e-01,1.574954390525817871e+00,9.518123865127563477e-01,2.133901596069335938e+00,1.901964306831359863e+00,1.394538998603820801e+00,1.838802218437194824e+00,8.057227134704589844e-01,1.450725674629211426e+00,1.316990375518798828e+00
-4.618839919567108154e-01,-1.162920713424682617e+00,-9.607090353965759277e-01,-1.835354417562484741e-01,2.288730591535568237e-01,-5.175026059150695801e-01,-5.232955813407897949e-01,2.457427829504013062e-01,-3.017758131027221680e-01,2.365627288818359375e-01,-1.048830747604370117e+00,2.976114749908447266e-01,2.427892982959747314e-01,-3.375666588544845581e-02,-1.177948951721191406e+00,3.169262409210205078e-01,-1.288769841194152832e+00,-1.144211411476135254e+00,1.668397039175033569e-01,-7.213276624679565430e-01
1.892682313919067383e-01,-4.092801511287689209e-01,-1.595570921897888184e+00,-9.000331759452819824e-01,-1.041444063186645508e+00,-1.107729077339172363e+00,-9.197257161140441895e-01,-1.435335073620080948e-02,-1.155654191970825195e+00,-4.369289577007293701e-01,-1.111459255218505859e+00,-2.712370455265045166e-01,-1.080355048179626465e+00,4.899462219327688217e-03,-1.487951755523681641e+00,-1.006474733352661133e+00,3.076075017452239990e-01,-1.471357345581054688e-01,8.477903008460998535e-01,-1.774803847074508667e-01
-9.616782665252685547e-01,-6.393632888793945312e-01,-6.650994420051574707e-01,-1.068731188774108887e+00,-8.244303464889526367e-01,-1.046684384346008301e+00,-1.173552751541137695e+00,-1.543380975723266602e+00,-1.921354889869689941e+00,-2.531735897064208984e-01,-1.138455748558044434e+00,5.156979709863662720e-02,-1.165720701217651367e+00,-1.013061165809631348e+00,-5.796568989753723145e-01,-1.021799802780151367e+00,-1.927934050559997559e+00,-1.138842105865478516e+00,-6.432552337646484375e-01,-8.898276090621948242e-01
-3.280157744884490967e-01,1.821486949920654297e-01,-1.889565736055374146e-01,-9.336587786674499512e-01,-1.128673076629638672e+00,-5.304785966873168945e-01,-3.628996014595031738e-01,-3.565272986888885498e-01,2.029098719358444214e-01,6.466012448072433472e-02,-2.522480487823486328e-01,-5.360051393508911133e-01,-8.866146802902221680e-01,-9.191098213195800781e-01,1.729082614183425903e-01,-5.054421350359916687e-02,2.442937195301055908e-01,-4.754933118820190430e-01,-2.759991288185119629e-01,-9.699824452400207520e-01
1.046870350837707520e+00,8.622080087661743164e-01,2.417204141616821289e+00,1.403020501136779785e+00,1.708584070205688477e+00,1.186290621757507324e+00,2.881611585617065430e+00,6.107991933822631836e-01,2.406180620193481445e+00,1.195070147514343262e+00,2.884112596511840820e+00,6.930934637784957886e-02,2.649501323699951172e+00,8.973986506462097168e-01,9.628387093544006348e-01,1.527846455574035645e+00,1.917725920677185059e+00,1.714823722839355469e+00,1.200033426284790039e+00,1.530609011650085449e+00
-1.917236089706420898e+00,-1.543958187103271484e+00,-1.292376518249511719e+00,-6.013262867927551270e-01,-2.999002635478973389e-01,-8.130838274955749512e-01,-8.704255819320678711e-01,6.766945719718933105e-01,-2.542046546936035156e+00,-1.070545792579650879e+00,3.104714155197143555e-01,-1.123799681663513184e+00,-7.136956453323364258e-01,-6.146577000617980957e-01,-8.693246245384216309e-01,-8.179358839988708496e-01,2.058015316724777222e-01,-9.522078037261962891e-01,-2.033907413482666016e+00,-9.228249788284301758e-01
2.217361927032470703e-01,1.162296891212463379e+00,-1.484701633453369141e-01,-1.725734621286392212e-01,2.207422554492950439e-01,-1.066185593605041504e+00,-6.879754662513732910e-01,1.007040739059448242e+00,5.706441402435302734e-01,7.759121656417846680e-01,2.407528609037399292e-01,2.863355875015258789e-01,-1.702534109354019165e-01,2.627971768379211426e-01,1.391502469778060913e-01,9.498088061809539795e-02,-8.886703848838806152e-01,-2.493699342012405396e-01,8.025600314140319824e-01,-9.080727696418762207e-01
-1.151262044906616211e+00,-1.066271305084228516e+00,-6.776080727577209473e-01,-1.958325654268264771e-01,-2.203817367553710938e+00,-9.523714184761047363e-01,-1.065655708312988281e+00,-1.042800784111022949e+00,-2.037439584732055664e+00,-2.717078685760498047e+00,-1.400090456008911133e+00,-1.066785931587219238e+00,-6.436793208122253418e-01,-9.231079220771789551e-01,-5.731148123741149902e-01,-3.936123847961425781e-01,-2.080343484878540039e+00,-1.301972389221191406e+00,-1.430360227823257446e-01,-1.221659898757934570e+00
-4.341353178024291992e-01,8.558583259582519531e-01,-5.351481437683105469e-01,4.691713154315948486e-01,4.484850764274597168e-01,-3.809011280536651611e-01,5.427370071411132812e-01,1.849728345870971680e+00,3.348349034786224365e-01,-2.878878116607666016e-01,-2.517029345035552979e-01,-3.105204105377197266e-01,-1.827225685119628906e-01,1.775239259004592896e-01,7.713901996612548828e-01,1.076975822448730469e+00,4.859287440776824951e-01,2.289236545562744141e+00,-5.839611291885375977e-01,1.639432668685913086e+00
-4.852980971336364746e-01,-6.591460704803466797e-01,2.858266532421112061e-01,-2.500712275505065918e-01,-7.712228596210479736e-02,2.741106152534484863e-01,9.141315221786499023e-01,-1.053203701972961426e+00,-2.557784914970397949e-01,2.946329116821289062e-01,2.647259533405303955e-01,3.291438817977905273e-01,3.256521224975585938e-01,2.768619358539581299e-01,-3.204172253608703613e-01,-3.475205004215240479e-01,-3.740900158882141113e-01,-3.295836746692657471e-01,-1.376989334821701050e-01,-4.923706352710723877e-01
-3.956096991896629333e-02,1.020017623901367188e+00,1.640415191650390625e+00,3.991074860095977783e-01,-2.366040796041488647e-01,-6.343881040811538696e-02,1.050518035888671875e+00,1.536260843276977539e+00,1.196326851844787598e+00,4.334141314029693604e-01,9.811296463012695312e-01,5.297052860260009766e-01,4.385604262351989746e-01,7.210571765899658203e-01,6.732255965471267700e-02,7.388360500335693359e-01,5.694403052330017090e-01,8.820110559463500977e-01,6.561545729637145996e-01,-2.736631870269775391e+00
1.408279061317443848e+00,-1.241581439971923828e-01,4.084926843643188477e-02,-3.888965845108032227e-01,4.203064441680908203e-01,9.709203839302062988e-01,1.122311234474182129e+00,3.026807904243469238e-01,6.651044487953186035e-01,8.117663264274597168e-01,7.884384989738464355e-01,1.030605196952819824e+00,-2.881304621696472168e-01,2.187001854181289673e-01,1.001922488212585449e+00,-1.640978604555130005e-01,1.054157733917236328e+00,5.298072099685668945e-01,5.196121335029602051e-01,9.445194005966186523e-01
1.889334321022033691e+00,1.098691225051879883e+00,8.212333321571350098e-01,7.029867172241210938e-01,3.119897842407226562e-01,1.787990033626556396e-01,8.599271178245544434e-01,6.808167695999145508e-01,1.405863165855407715e+00,-1.024595499038696289e+00,1.789084672927856445e+00,1.002347469329833984e+00,1.374556899070739746e+00,3.679381608963012695e-01,6.722016334533691406e-01,9.896676540374755859e-01,1.550793647766113281e+00,9.853277206420898438e-01,8.549449443817138672e-01,9.752464294433593750e-01
2.804744541645050049e-01,-5.809703469276428223e-01,2.253469526767730713e-01,-8.361942172050476074e-01,2.245003730058670044e-01,2.180652171373367310e-01,-4.361674487590789795e-01,-5.974742174148559570e-01,-3.862804174423217773e-01,-2.271482348442077637e-01,-4.313300549983978271e-01,-1.698775291442871094e+00,-4.119615554809570312e-01,-1.034997940063476562e+00,2.656795680522918701e-01,1.450032144784927368e-01,-3.994224369525909424e-01,6.002063751220703125e-01,-9.216504096984863281e-01,-4.119561016559600830e-01
2.926545619964599609e+00,1.880053430795669556e-01,8.533545732498168945e-01,4.737008512020111084e-01,1.881693005561828613e-01,5.100046992301940918e-01,-5.441849678754806519e-02,1.056084513664245605e+00,8.443359732627868652e-01,3.355067968368530273e-02,2.237855434417724609e+00,6.310609579086303711e-01,1.053592562675476074e+00,1.820412874221801758e+00,1.239196181297302246e+00,3.033220171928405762e-01,1.149230003356933594e+00,3.315842449665069580e-01,1.411179780960083008e+00,6.051291227340698242e-01
-1.643899083137512207e+00,-1.704541563987731934e+00,-1.939091801643371582e+00,-9.159299731254577637e-01,-9.215028882026672363e-01,-8.204542398452758789e-01,-1.648776531219482422e+00,-1.305492877960205078e+00,-1.292425990104675293e+00,-8.675753474235534668e-01,-1.345687866210937500e+00,-9.589351415634155273e-01,-1.435422778129577637e+00,-1.044767856597900391e+00,-9.228304028511047363e-01,-2.280179500579833984e+00,-1.142161846160888672e+00,-1.150518655776977539e+00,-4.664033651351928711e-01,-1.647283554077148438e+00
4.060520827770233154e-01,2.849882543087005615e-01,1.327467560768127441e+00,5.189253687858581543e-01,3.795673549175262451e-01,4.863788783550262451e-01,-1.413316130638122559e-01,1.789815872907638550e-01,1.081529974937438965e+00,3.742131888866424561e-01,-3.751229345798492432e-01,-1.909227520227432251e-01,7.004128396511077881e-02,6.195839643478393555e-01,1.027134358882904053e-01,1.297163069248199463e-01,2.524039030075073242e+00,5.453174710273742676e-01,-1.037389397621154785e+00,7.104337811470031738e-01
-4.266099631786346436e-01,-8.744689226150512695e-01,1.640522778034210205e-01,-1.445071458816528320e+00,-1.078884005546569824e+00,-7.853906154632568359e-01,-1.053906440734863281e+00,2.726355567574501038e-02,-4.934931099414825439e-01,-1.048148751258850098e+00,-1.304115414619445801e+00,-4.923429489135742188e-01,-4.938537180423736572e-01,-5.919117927551269531e-01,-1.518908739089965820e+00,-1.195722818374633789e+00,-2.199316024780273438e+00,-1.341516017913818359e+00,-2.012332916259765625e+00,-1.133664608001708984e+00
5.460276007652282715e-01,-5.322374030947685242e-02,-4.556317329406738281e-01,2.494764626026153564e-01,5.523520708084106445e-01,4.842025339603424072e-01,5.769153833389282227e-01,1.328722000122070312e+00,2.884613037109375000e+00,3.326356410980224609e-01,1.543886661529541016e+00,2.815202772617340088e-01,6.520357728004455566e-01,4.782519042491912842e-01,8.693296909332275391e-01,4.205718338489532471e-01,3.534684777259826660e-01,1.083904266357421875e+00,1.805951714515686035e+00,4.059968888759613037e-01
-4.109337329864501953e-01,6.305818557739257812e-01,7.961915731430053711e-01,2.538507580757141113e-01,-1.126006364822387695e+00,-8.155141472816467285e-01,-2.158613689243793488e-02,7.839143276214599609e-02,2.449554949998855591e-01,-1.062600240111351013e-01,5.488116145133972168e-01,-5.185267329216003418e-01,-2.330595731735229492e+00,-3.403788805007934570e-01,-1.004353404045104980e+00,3.483301997184753418e-01,-2.457005232572555542e-01,-2.225634604692459106e-01,-9.415238499641418457e-01,-3.542872667312622070e-01
-1.289623528718948364e-01,2.467608898878097534e-01,-4.014398455619812012e-01,7.177081108093261719e-01,-1.565829396247863770e+00,4.750057756900787354e-01,1.831067800521850586e-01,-2.561805844306945801e-01,-8.175592422485351562e-01,-4.807516038417816162e-01,-4.682745337486267090e-01,5.553186535835266113e-01,-1.144243404269218445e-02,-5.940832495689392090e-01,8.743371963500976562e-01,-3.012887537479400635e-01,8.284448981285095215e-01,-1.162515997886657715e+00,-2.306269258260726929e-01,-4.075070321559906006e-01
-1.480898112058639526e-01,3.503798246383666992e-01,-1.227894201874732971e-01,-6.335736066102981567e-02,2.859217822551727295e-01,3.091509640216827393e-01,-3.774535059928894043e-01,3.501159250736236572e-01,-7.211371660232543945e-01,3.513823747634887695e-01,-7.937803268432617188e-01,3.066031932830810547e-01,5.553309917449951172e-01,1.078538656234741211e+00,1.050680160522460938e+00,1.911962479352951050e-01,6.265190839767456055e-01,6.961162090301513672e-01,-2.826086282730102539e-01,3.583483695983886719e-01
7.894641160964965820e-01,1.700740337371826172e+00,7.928783893585205078e-01,8.691055774688720703e-01,8.236567378044128418e-01,8.495826721191406250e-01,2.043036222457885742e+00,1.892010569572448730e+00,1.048491716384887695e+00,1.212105751037597656e+00,2.449454069137573242e+00,1.370991468429565430e+00,1.009332299232482910e+00,1.580493092536926270e+00,5.125677585601806641e-01,8.475415706634521484e-01,4.985177218914031982e-01,1.464000701904296875e+00,1.572340607643127441e+00,1.513633370399475098e+00
-5.408951640129089355e-02,-7.662631869316101074e-01,-1.272270321846008301e+00,-1.712287187576293945e+00,-6.503561139106750488e-01,-1.086337327957153320e+00,-1.914252042770385742e+00,-3.793694376945495605e-01,-1.297063350677490234e+00,-1.324721097946166992e+00,-8.167862892150878906e-01,-1.428897023200988770e+00,-1.269150733947753906e+00,-1.913133859634399414e+00,-1.700320363044738770e+00,-1.049827575683593750e+00,-9.916021823883056641e-01,-1.023838162422180176e+00,-1.543648242950439453e+00,-1.185149192810058594e+00
9.940788745880126953e-01,9.732273817062377930e-01,-2.137470990419387817e-01,3.945560157299041748e-01,4.017438292503356934e-01,1.268702745437622070e-01,-1.835877448320388794e-01,5.980776548385620117e-01,1.602278351783752441e+00,3.932099938392639160e-01,3.694543838500976562e-01,-4.158107638359069824e-01,7.136666774749755859e-01,6.946625709533691406e-01,-5.387673974037170410e-01,1.622104942798614502e-01,-5.969853606075048447e-03,1.283676743507385254e+00,6.259403377771377563e-02,2.830442190170288086e-01
-2.992973029613494873e-01,-3.478603363037109375e-01,-1.074371695518493652e+00,-8.752343654632568359e-01,-2.455221116542816162e-01,3.812080919742584229e-01,-3.476084768772125244e-01,5.141805410385131836e-01,2.864533364772796631e-01,-4.601362049579620361e-01,2.547191977500915527e-01,9.112840890884399414e-01,7.626228928565979004e-01,-5.223009362816810608e-02,1.325042694807052612e-01,-5.763550996780395508e-01,-7.294206619262695312e-01,2.876248061656951904e-01,8.034577369689941406e-01,7.444586753845214844e-01
-9.864384531974792480e-01,3.726729750633239746e-01,-9.489129185676574707e-01,1.321668154560029507e-03,-4.760633409023284912e-01,1.639960557222366333e-01,-6.182367205619812012e-01,2.566992938518524170e-01,5.895782709121704102e-01,2.076369374990463257e-01,-2.186821222305297852e+00,-2.865226864814758301e-01,4.902380704879760742e-01,-2.532694041728973389e-01,3.254254162311553955e-01,2.205576300621032715e-01,-2.283133715391159058e-01,2.995624840259552002e-01,4.612531065940856934e-01,-3.680623173713684082e-01
2.179618775844573975e-01,-7.083770632743835449e-01,2.947278618812561035e-01,-4.864880442619323730e-01,-5.590478777885437012e-01,-3.263823091983795166e-01,4.642512500286102295e-01,-2.596593797206878662e-01,-1.754111409187316895e+00,-3.225101232528686523e-01,-3.847217857837677002e-01,-1.415620148181915283e-01,-3.286890983581542969e-01,-1.094755530357360840e+00,-1.053433418273925781e+00,-2.302755862474441528e-01,-1.057599306106567383e+00,-5.855873823165893555e-01,-4.186779260635375977e-01,7.956074476242065430e-01
-4.186292290687561035e-01,2.003021836280822754e-01,-2.747846841812133789e-01,-3.018427193164825439e-01,6.329945921897888184e-01,-2.990300059318542480e-01,1.249672055244445801e+00,5.357006192207336426e-01,-1.249726787209510803e-01,-1.297895610332489014e-01,-2.369313836097717285e-01,8.621217012405395508e-01,-1.050346374511718750e+00,-2.531110048294067383e-01,-9.673953652381896973e-01,6.190462037920951843e-02,2.254558950662612915e-01,1.070891022682189941e+00,7.168108969926834106e-02,8.999069929122924805e-01
-3.044606447219848633e-01,5.610272288322448730e-01,5.619204640388488770e-01,1.081850230693817139e-01,6.402028799057006836e-01,-4.791395664215087891e-01,1.590753555297851562e+00,1.086719155311584473e+00,9.105711579322814941e-01,6.284954547882080078e-01,9.006826281547546387e-01,1.031293511390686035e+00,1.114937305450439453e+00,1.621911883354187012e+00,1.031282663345336914e+00,4.033922553062438965e-01,1.043412804603576660e+00,-2.539139240980148315e-02,1.543347239494323730e+00,1.673510909080505371e+00
7.642168402671813965e-01,4.578518271446228027e-01,1.354556828737258911e-01,1.079549193382263184e+00,3.154322206974029541e-01,5.730354785919189453e-01,1.094837546348571777e+00,1.778749704360961914e+00,-5.149443149566650391e-01,1.143271446228027344e+00,1.242345452308654785e+00,9.424202442169189453e-01,5.867342352867126465e-01,7.878518104553222656e-01,3.725644052028656006e-01,2.791256010532379150e-01,1.530357718467712402e+00,3.587885200977325439e-01,2.159462869167327881e-01,1.012900710105895996e+00
-5.738741159439086914e-01,7.800927162170410156e-01,1.477064132690429688e+00,2.902416884899139404e-01,-2.373574078083038330e-01,-2.852997183799743652e-01,6.106256842613220215e-01,3.866520524024963379e-01,2.973283827304840088e-01,5.280688405036926270e-01,5.209099650382995605e-01,9.368677139282226562e-01,3.615837693214416504e-01,-1.742973625659942627e-01,-3.402369320392608643e-01,1.208524942398071289e+00,1.059550046920776367e+00,7.776741385459899902e-01,1.832885295152664185e-01,-9.822569042444229126e-02
-9.275792241096496582e-01,-2.389345169067382812e+00,8.492919206619262695e-01,4.136571884155273438e-01,2.111276537179946899e-01,1.225534901022911072e-01,1.919556707143783569e-01,-1.788617521524429321e-01,-8.133475184440612793e-01,1.198024377226829529e-01,1.561912298202514648e-01,-1.156402751803398132e-01,1.772256195545196533e-01,-5.289564728736877441e-01,4.082144796848297119e-01,-2.730863690376281738e-01,-5.119810104370117188e-01,2.706357240676879883e-01,-3.673524260520935059e-01,2.483349293470382690e-01
-7.024141550064086914e-01,-1.099134981632232666e-01,1.250593215227127075e-01,-4.547022879123687744e-01,-9.931452870368957520e-01,-5.613821744918823242e-01,-4.450201988220214844e-01,8.363811373710632324e-01,-2.433038711547851562e+00,-9.230435490608215332e-01,-2.572144614532589912e-03,-5.550770163536071777e-01,-5.111100673675537109e-01,-1.106154322624206543e+00,-5.571961402893066406e-01,-1.001195192337036133e+00,-2.136013031005859375e+00,-3.474795222282409668e-01,-1.200506448745727539e+00,4.754051566123962402e-01
4.144128561019897461e-01,-3.975332975387573242e-01,4.074908196926116943e-01,-2.284420877695083618e-01,-7.534931898117065430e-01,2.593050301074981689e-01,-8.968372344970703125e-01,-8.400648236274719238e-01,1.516549140214920044e-01,-8.666338920593261719e-01,8.940401673316955566e-01,-6.512408256530761719e-01,8.339593410491943359e-01,-2.937143445014953613e-01,2.891848087310791016e-01,-2.669842541217803955e-01,1.310953974723815918e+00,8.007584810256958008e-01,-3.496043980121612549e-01,1.874453425407409668e-01
1.930824071168899536e-01,2.818460464477539062e-01,1.026412606239318848e+00,-1.156451180577278137e-01,2.874071896076202393e-01,1.182595968246459961e+00,3.818317651748657227e-01,1.053002357482910156e+00,4.946338832378387451e-01,5.051625967025756836e-01,9.842696040868759155e-02,1.066529825329780579e-01,5.285521149635314941e-01,-7.058613300323486328e-01,6.204791665077209473e-01,-6.982781887054443359e-01,7.506448030471801758e-01,1.411812305450439453e+00,5.523757934570312500e-01,-2.646532952785491943e-01
3.756114840507507324e-01,3.694431483745574951e-01,-9.669743776321411133e-01,-7.480794787406921387e-01,2.951458692550659180e-01,-4.182146191596984863e-01,-3.813687711954116821e-03,-1.879112571477890015e-01,8.757740259170532227e-01,1.304254531860351562e-01,3.813786208629608154e-01,-1.369431167840957642e-01,8.860278129577636719e-01,-6.600955724716186523e-01,2.901341319084167480e-01,-5.190914869308471680e-01,2.573211491107940674e-01,-2.980321943759918213e-01,-9.307078123092651367e-01,-1.130209088325500488e+00
-2.090330600738525391e+00,1.077166914939880371e+00,8.700412511825561523e-01,-7.377812862396240234e-01,-2.647883892059326172e-01,9.388033151626586914e-01,-2.530257701873779297e-01,3.699612915515899658e-01,1.049734950065612793e+00,3.759312331676483154e-01,7.708986401557922363e-01,2.522993981838226318e-01,6.052315235137939453e-01,-4.526430666446685791e-01,3.162612617015838623e-01,2.742046415805816650e-01,-1.942411065101623535e-01,-5.702577233314514160e-01,1.042148351669311523e+00,6.269308328628540039e-01
-7.104154229164123535e-01,-9.770224094390869141e-01,-5.234270095825195312e-01,-1.578873038291931152e+00,-7.268606424331665039e-01,-1.664906181395053864e-02,-6.287607550621032715e-01,-4.926210343837738037e-01,-5.573527812957763672e-01,-4.996502995491027832e-01,-4.451845884323120117e-01,-1.314499020576477051e+00,-5.678187608718872070e-01,-1.661344885826110840e+00,-1.428677558898925781e+00,-6.733347773551940918e-01,-7.463777065277099609e-01,-2.844039537012577057e-02,-8.550558686256408691e-01,-1.429050326347351074e+00
2.003094553947448730e-01,8.530223965644836426e-01,-8.366732597351074219e-01,3.978348150849342346e-02,-3.974422346800565720e-03,8.631512522697448730e-01,4.346477389335632324e-01,1.215740680694580078e+00,2.348717451095581055e-01,7.064316868782043457e-01,-3.480394780635833740e-01,-1.004342436790466309e+00,-6.749438643455505371e-01,2.712768316268920898e-01,-4.121607244014739990e-01,-2.320360392332077026e-01,3.041000664234161377e-01,-1.082854390144348145e+00,-1.981876492500305176e-01,-6.047110557556152344e-01
5.178295969963073730e-01,-1.207997322082519531e+00,-4.443841576576232910e-01,-7.820000052452087402e-01,-1.638963341712951660e+00,-9.188553094863891602e-01,-1.044211149215698242e+00,-1.699451804161071777e+00,-9.456769227981567383e-01,-1.175077199935913086e+00,-7.715705633163452148e-01,-1.984964370727539062e+00,-1.540733575820922852e+00,-7.663564682006835938e-01,-2.628108978271484375e+00,-1.455997943878173828e+00,-3.935905992984771729e-01,-1.758844137191772461e+00,3.050466179847717285e-01,-2.507204055786132812e+00
2.736695408821105957e-01,4.362217485904693604e-01,2.666644155979156494e-01,1.287040352821350098e+00,6.427665352821350098e-01,1.019444584846496582e+00,1.016724467277526855e+00,-4.058095216751098633e-01,5.378269553184509277e-01,-1.510357391089200974e-02,8.177112340927124023e-01,2.849766314029693604e-01,1.488616228103637695e+00,-7.880904525518417358e-02,1.699294090270996094e+00,4.131317511200904846e-02,1.367496967315673828e+00,6.637990474700927734e-01,2.146311998367309570e+00,1.667100787162780762e+00
-3.578187525272369385e-01,-9.238938093185424805e-01,-4.441122412681579590e-01,-6.598733067512512207e-01,-5.654473304748535156e-01,2.819156944751739502e-01,-2.126890659332275391e+00,3.878421485424041748e-01,-7.744346261024475098e-01,-8.158282637596130371e-01,-1.578660607337951660e-01,4.269242882728576660e-01,-4.808277487754821777e-01,-1.082097649574279785e+00,-1.485706448554992676e+00,-1.158007085323333740e-01,-1.118581652641296387e+00,-4.873328208923339844e-01,-1.207242250442504883e+00,-1.012381672859191895e+00
-4.985385239124298096e-01,-1.815374612808227539e+00,-8.648917078971862793e-01,1.028148108161985874e-04,6.737920641899108887e-01,-5.158991813659667969e-01,-2.202904969453811646e-01,7.475665956735610962e-02,-1.939221858978271484e+00,-6.235390305519104004e-01,-9.241506457328796387e-01,-4.647702276706695557e-01,-8.135169744491577148e-01,-7.886678576469421387e-01,-1.229302287101745605e+00,-2.080437093973159790e-01,-2.255547761917114258e+00,-1.079902291297912598e+00,2.441401034593582153e-02,-2.382829040288925171e-01
-3.648846149444580078e-01,6.134604215621948242e-01,-6.643615961074829102e-01,4.022986590862274170e-01,-3.757531344890594482e-01,2.657122015953063965e-01,8.132879137992858887e-01,-2.712490260601043701e-01,1.416944265365600586e+00,-2.679787874221801758e-01,4.083154797554016113e-01,-3.474681079387664795e-01,-1.659825295209884644e-01,-7.471857070922851562e-01,-1.923077702522277832e-01,-1.124754771590232849e-01,1.544028669595718384e-01,4.866389930248260498e-01,-9.125808477401733398e-01,5.348542239516973495e-03
-1.123809933662414551e+00,-9.207120537757873535e-01,-3.820955753326416016e-01,3.542814031243324280e-02,7.511985898017883301e-01,-7.980744242668151855e-01,2.107738703489303589e-02,-1.046451926231384277e+00,-9.766020178794860840e-01,-4.414384365081787109e-01,-1.070827722549438477e+00,-1.687380224466323853e-01,-6.383501887321472168e-01,-7.272293567657470703e-01,-5.369744300842285156e-01,-8.969022631645202637e-01,-1.703903973102569580e-01,2.540292739868164062e-01,2.042750567197799683e-01,-1.030897021293640137e+00
-1.461422920227050781e+00,-1.132090330123901367e+00,-1.867852330207824707e+00,-1.236493587493896484e+00,-9.392283558845520020e-01,-3.525558114051818848e-01,-1.013660550117492676e+00,-9.553352594375610352e-01,-1.286941647529602051e+00,-1.021005630493164062e+00,-1.368345141410827637e+00,-3.422832489013671875e-01,-1.036961674690246582e+00,-2.267367601394653320e+00,-1.427530288696289062e+00,-1.577355027198791504e+00,-2.583486080169677734e+00,-4.226537048816680908e-01,-2.276895523071289062e+00,-7.052602171897888184e-01
-3.069609999656677246e-01,5.578435659408569336e-01,1.058989405632019043e+00,-1.720141619443893433e-01,-9.481219053268432617e-01,2.876525223255157471e-01,9.934691786766052246e-01,2.362244129180908203e-01,8.854623436927795410e-01,-1.586922883987426758e+00,2.566357851028442383e-01,-5.394622683525085449e-02,1.005025625228881836e+00,-2.675927579402923584e-01,-1.776675939559936523e+00,1.372939199209213257e-01,7.622104287147521973e-01,-6.766892075538635254e-01,-2.211630582809448242e+00,3.056801259517669678e-01
3.617394864559173584e-01,4.793440699577331543e-01,-5.472630262374877930e-01,2.517797350883483887e-01,-1.141444891691207886e-01,-8.176398277282714844e-02,2.807098627090454102e+00,3.448124527931213379e-01,-6.320879459381103516e-01,-2.748713269829750061e-02,-2.378765195608139038e-01,-2.326478809118270874e-01,9.756552986800670624e-03,1.909778416156768799e-01,1.065234184265136719e+00,4.993785321712493896e-01,-5.832533240318298340e-01,-1.593218445777893066e-01,3.235913813114166260e-01,-2.207432389259338379e-01
1.700325489044189453e+00,1.336886763572692871e+00,4.905800521373748779e-01,7.792941331863403320e-01,1.154250860214233398e+00,4.377150237560272217e-01,2.694723367691040039e+00,4.687052667140960693e-01,3.560038506984710693e-01,-2.737862169742584229e-01,6.713169813156127930e-01,-1.007522940635681152e-01,9.572247862815856934e-01,4.078902006149291992e-01,3.496567308902740479e-01,3.444845676422119141e-01,1.225389122962951660e+00,1.464104533195495605e+00,9.951573610305786133e-01,6.230630278587341309e-01
5.905373692512512207e-01,4.884753525257110596e-01,1.341321349143981934e+00,1.843100041151046753e-01,1.825167536735534668e+00,5.459997653961181641e-01,3.247547745704650879e-01,4.497713446617126465e-01,9.514539241790771484e-01,6.567056179046630859e-01,2.518412172794342041e-01,1.633747965097427368e-01,-2.221713662147521973e-01,7.398865222930908203e-01,4.435043632984161377e-01,-3.876848518848419189e-02,3.169301152229309082e-01,-9.206255674362182617e-01,1.045573234558105469e+00,-8.935559540987014771e-02
4.703682661056518555e-01,-2.139531522989273071e-01,1.341171860694885254e+00,-4.420561790466308594e-01,-3.006654679775238037e-01,8.663502931594848633e-01,7.307351231575012207e-01,2.859315872192382812e-01,4.417555630207061768e-01,3.670933544635772705e-01,1.005655050277709961e+00,6.845085322856903076e-02,4.160421490669250488e-01,1.832339048385620117e+00,6.710103154182434082e-01,1.821894794702529907e-01,8.713186383247375488e-01,-2.864126265048980713e-01,6.429942846298217773e-01,3.674821555614471436e-01
5.783369541168212891e-01,1.005157351493835449e+00,2.713427543640136719e-01,-3.480164408683776855e-01,2.209172546863555908e-01,1.122631430625915527e-01,1.784703880548477173e-01,3.726291358470916748e-01,-3.646922707557678223e-01,2.703680396080017090e-01,-2.337059020996093750e+00,-9.945988059043884277e-01,1.931621693074703217e-02,-5.185531973838806152e-01,3.312242925167083740e-01,-1.654336154460906982e-01,5.769442319869995117e-01,2.434981465339660645e-01,-1.452013552188873291e-01,3.178589642047882080e-01
2.369096040725708008e+00,1.418518543243408203e+00,2.938638687133789062e+00,-5.106014609336853027e-01,6.001132130622863770e-01,1.421445846557617188e+00,1.670351266860961914e+00,1.706074476242065430e+00,1.600907683372497559e+00,1.143760561943054199e+00,2.819010019302368164e+00,1.150051593780517578e+00,1.423339843750000000e+00,8.452453613281250000e-01,3.860331177711486816e-01,7.733758687973022461e-01,1.205560564994812012e+00,1.285951137542724609e+00,2.405222654342651367e-01,8.790557980537414551e-01
-1.426208615303039551e+00,-1.170946836471557617e+00,-1.886647701263427734e+00,-1.590402364730834961e+00,-1.796342253684997559e+00,-6.800109744071960449e-01,-1.098079323768615723e+00,-1.636507511138916016e+00,-1.385317087173461914e+00,-1.018012404441833496e+00,-1.489275813102722168e+00,-6.164673566818237305e-01,-1.600928068161010742e+00,-1.595209479331970215e+00,-1.103676676750183105e+00,-1.799484610557556152e+00,-2.445590019226074219e+00,-1.220285296440124512e+00,-1.345384955406188965e+00,-4.716033041477203369e-01
-4.664534628391265869e-01,-4.459248855710029602e-02,1.031393766403198242e+00,-7.701345682144165039e-01,-2.918063700199127197e-01,-5.170385241508483887e-01,8.892260193824768066e-01,-5.622521415352821350e-02,-1.972574293613433838e-01,-6.331426501274108887e-01,4.009415507316589355e-01,-1.981846392154693604e-01,-7.867805361747741699e-01,-9.496198892593383789e-01,2.402589172124862671e-01,-3.492288887500762939e-01,5.189312696456909180e-01,1.387686133384704590e-01,4.014593362808227539e-01,2.711081206798553467e-01
1.236667260527610779e-01,-1.011821150779724121e+00,-8.982658386230468750e-01,2.228928953409194946e-01,9.334383904933929443e-02,3.353747129440307617e-01,-3.681689500808715820e-01,8.966067433357238770e-01,-8.337277173995971680e-02,-3.404664695262908936e-01,-3.677591085433959961e-01,7.867051661014556885e-02,-5.427389740943908691e-01,-2.029082030057907104e-01,-3.408209681510925293e-01,3.168588578701019287e-01,-1.134706020355224609e+00,-5.671125054359436035e-01,7.706264853477478027e-01,-2.397504001855850220e-01
2.629170715808868408e-01,9.332370758056640625e-01,4.785113930702209473e-01,-1.974697038531303406e-02,6.150014400482177734e-01,1.043182730674743652e+00,3.008955419063568115e-01,1.652830123901367188e+00,1.006708741188049316e+00,1.021507978439331055e+00,1.404683142900466919e-01,4.798500239849090576e-01,1.821254968643188477e+00,5.138189792633056641e-01,1.473357915878295898e+00,1.133676171302795410e+00,1.952188462018966675e-02,3.996920883655548096e-01,1.251909613609313965e+00,1.167543411254882812e+00
1.060074687004089355e+00,1.234183311462402344e+00,2.944903075695037842e-01,9.021072387695312500e-01,9.031223058700561523e-01,4.701188206672668457e-01,-2.404414862394332886e-02,1.008688926696777344e+00,4.772165715694427490e-01,5.914784669876098633e-01,8.786708712577819824e-01,1.328460216522216797e+00,1.558923959732055664e+00,4.861295819282531738e-01,1.500726640224456787e-01,1.043719768524169922e+00,-4.099727272987365723e-01,1.116132378578186035e+00,9.740167856216430664e-01,1.231714725494384766e+00
4.235352277755737305e-01,5.263634324073791504e-01,2.537284612655639648e+00,3.185693919658660889e-01,1.144469976425170898e+00,4.410891830921173096e-01,1.166680693626403809e+00,1.066331744194030762e+00,8.621566295623779297e-01,1.248714447021484375e+00,6.927763819694519043e-01,2.159944027662277222e-01,3.219622671604156494e-01,-2.142926007509231567e-01,9.861465096473693848e-01,3.900023102760314941e-01,2.678293585777282715e-01,1.148450613021850586e+00,1.877774477005004883e+00,4.781686663627624512e-01
-1.063648223876953125e+00,-8.052365779876708984e-01,-6.055287122726440430e-01,-1.149700999259948730e+00,-1.010813474655151367e+00,-7.368315458297729492e-01,-2.462306737899780273e+00,-1.265720009803771973e+00,-2.288411140441894531e+00,-1.701933383941650391e+00,-1.407437801361083984e+00,-4.439896047115325928e-01,-1.777509808540344238e+00,-1.430196642875671387e+00,-1.977243781089782715e+00,-1.480066776275634766e+00,-1.200777769088745117e+00,-1.193560838699340820e+00,-2.421179771423339844e+00,-1.422392606735229492e+00
-1.407369226217269897e-01,-9.768744111061096191e-01,-9.799013137817382812e-01,-3.850253224372863770e-01,-9.035561680793762207e-01,-8.224849700927734375e-01,5.386116504669189453e-01,-3.113178908824920654e-01,2.178133249282836914e+00,-2.737278342247009277e-01,-5.268600583076477051e-01,-3.656759113073348999e-02,-3.520034551620483398e-01,-5.012428164482116699e-01,2.499571144580841064e-01,2.857715189456939697e-01,7.010980248451232910e-01,-2.345562577247619629e-01,3.537955582141876221e-01,4.025337696075439453e-01
2.497546076774597168e-01,-9.864410161972045898e-01,-5.460100769996643066e-01,-7.927233576774597168e-01,2.569515407085418701e-01,-8.222174644470214844e-01,2.370561510324478149e-01,-9.867039322853088379e-01,-3.505778312683105469e-01,-2.575985789299011230e-01,-4.923357367515563965e-01,7.720367610454559326e-02,-1.087801456451416016e+00,-6.576961278915405273e-01,-5.523423552513122559e-01,-9.201633930206298828e-01,4.414994418621063232e-01,2.377727627754211426e-01,-9.145581126213073730e-01,-1.836851686239242554e-01
-3.316617608070373535e-01,-3.341650068759918213e-01,1.181678324937820435e-01,3.111725449562072754e-01,2.566484808921813965e-01,-4.587349891662597656e-01,6.889414042234420776e-02,7.610762715339660645e-01,-5.498208999633789062e-01,-3.661938384175300598e-02,-3.233099579811096191e-01,-3.748502135276794434e-01,-8.579032421112060547e-01,3.981701433658599854e-01,8.041614890098571777e-01,-8.333858847618103027e-01,-9.441974759101867676e-01,2.282038182020187378e-01,2.904703617095947266e-01,-3.152894675731658936e-01
1.106614589691162109e+00,8.603080511093139648e-01,1.641972303390502930e+00,7.082470059394836426e-01,1.139711737632751465e+00,7.400813102722167969e-01,4.844096302986145020e-01,1.109819293022155762e+00,1.066807866096496582e+00,4.341184794902801514e-01,9.544085264205932617e-01,2.859547734260559082e-01,-3.579948544502258301e-01,4.813718199729919434e-01,-9.528694152832031250e-01,-1.685377806425094604e-01,1.734508395195007324e+00,4.864990711212158203e-01,1.684763073921203613e+00,1.073113083839416504e+00
-5.226373076438903809e-01,-1.150198101997375488e+00,-1.529200315475463867e+00,-1.825775027275085449e+00,-6.404073834419250488e-01,-6.983466744422912598e-01,-1.650710582733154297e+00,-9.174870252609252930e-01,1.403095275163650513e-01,-5.419179201126098633e-01,-8.887407779693603516e-01,-7.453870177268981934e-01,-1.925746321678161621e+00,-1.652764439582824707e+00,-1.540668010711669922e+00,-8.998513817787170410e-01,-3.632582128047943115e-01,-1.128131866455078125e+00,-6.046236753463745117e-01,-9.764760136604309082e-01
-2.799084186553955078e-01,2.079070061445236206e-01,3.657249808311462402e-01,-6.357230711728334427e-03,-4.509401917457580566e-01,-4.949590265750885010e-01,7.079156041145324707e-01,1.694284081459045410e-01,9.632616043090820312e-01,-1.579350352287292480e+00,-6.029798984527587891e-01,-6.023243069648742676e-01,-3.636164963245391846e-01,-1.098917722702026367e+00,-6.090256571769714355e-01,-2.326777577400207520e-01,4.019904434680938721e-01,-7.254932522773742676e-01,-5.529820919036865234e-01,-4.181393682956695557e-01
-5.275620222091674805e-01,-9.392090439796447754e-01,-2.329867839813232422e+00,-1.626793622970581055e+00,-1.709957480430603027e+00,-1.137438178062438965e+00,-1.175945878028869629e+00,2.882641553878784180e-01,-1.670783519744873047e+00,-9.479159116744995117e-01,-1.549389600753784180e+00,3.113121092319488525e-01,-3.851822018623352051e-01,-1.025246143341064453e+00,-1.818572521209716797e+00,-1.060408711433410645e+00,-1.613967895507812500e+00,-4.958155751228332520e-01,-3.569525480270385742e-01,-8.760331273078918457e-01
2.610417127609252930e+00,1.347264647483825684e+00,1.714899182319641113e+00,1.824459433555603027e+00,1.469606399536132812e+00,1.312457084655761719e+00,1.511264681816101074e+00,1.946367740631103516e+00,2.154379129409790039e+00,1.567342162132263184e+00,1.417297363281250000e+00,1.841490417718887329e-01,1.156509995460510254e+00,6.568052768707275391e-01,1.829149127006530762e+00,1.073677539825439453e+00,2.937723398208618164e+00,2.128802061080932617e+00,1.893268823623657227e+00,1.305459141731262207e+00
-1.699837207794189453e+00,-2.716449499130249023e+00,-4.719099104404449463e-01,-1.082542538642883301e+00,-1.042598366737365723e+00,-1.923955082893371582e+00,-6.615294814109802246e-01,-1.125877499580383301e+00,-3.284643962979316711e-02,-8.546372056007385254e-01,-2.985274493694305420e-01,-1.246368050575256348e+00,-2.039580494165420532e-01,-7.462328672409057617e-01,-4.134616851806640625e-01,-1.373170137405395508e+00,-3.478320538997650146e-01,-1.265177130699157715e+00,-8.632081151008605957e-01,-4.842028617858886719e-01
8.709780871868133545e-02,2.416151314973831177e-01,2.865601778030395508e-01,2.195924073457717896e-01,5.560959689319133759e-03,1.010256648063659668e+00,-9.869482368230819702e-03,6.459934115409851074e-01,2.970980107784271240e-01,4.173439145088195801e-01,-1.232563376426696777e+00,4.569977521896362305e-01,9.904251694679260254e-01,3.282404541969299316e-01,4.563349485397338867e-01,4.601680338382720947e-01,3.564830720424652100e-01,1.111026167869567871e+00,2.384469509124755859e-01,-1.901133358478546143e-01
1.666839480400085449e+00,1.428632974624633789e+00,1.170341491699218750e+00,3.778895437717437744e-01,-2.006197273731231689e-01,4.496310055255889893e-01,-1.310689300298690796e-01,-1.273440957069396973e+00,1.235667228698730469e+00,1.844743967056274414e+00,7.861099839210510254e-01,2.500483393669128418e-01,2.308880329132080078e+00,3.918537795543670654e-01,6.273940205574035645e-02,9.174931645393371582e-01,1.767835855484008789e+00,1.132140398025512695e+00,-4.526553750038146973e-01,5.458467006683349609e-01
1.012727141380310059e+00,-1.801082491874694824e-01,1.912904232740402222e-01,1.726066827774047852e+00,1.746860504150390625e+00,1.243235915899276733e-01,2.340762019157409668e-01,1.139066219329833984e+00,2.464859247207641602e+00,1.053178787231445312e+00,7.344943284988403320e-01,4.123191237449645996e-01,6.488474011421203613e-01,7.830180525779724121e-01,1.309580087661743164e+00,5.003566741943359375e-01,1.028040170669555664e+00,1.133423805236816406e+00,6.982223391532897949e-01,1.789031386375427246e+00
-1.047872900962829590e+00,-1.149174332618713379e+00,-3.818157017230987549e-01,-2.370939105749130249e-01,-1.319702386856079102e+00,-6.782512664794921875e-01,1.087465509772300720e-01,-8.946681618690490723e-01,-2.138043403625488281e+00,-4.173298776149749756e-01,-9.129629135131835938e-01,-9.064204692840576172e-01,-6.209243535995483398e-01,1.250458717346191406e+00,-2.934833526611328125e+00,-9.083545207977294922e-01,-1.061617493629455566e+00,-4.777024388313293457e-01,-1.986128568649291992e+00,-4.814316034317016602e-01
1.336123585700988770e+00,5.374596118927001953e-01,1.178575038909912109e+00,2.515424787998199463e-01,1.780098229646682739e-01,3.473189771175384521e-01,3.086188435554504395e-01,-1.479572355747222900e-01,9.798510670661926270e-01,2.600813806056976318e-01,1.132776618003845215e+00,1.260529756546020508e-01,8.460220694541931152e-01,-1.463383883237838745e-01,-5.836724042892456055e-01,2.342967092990875244e-01,-3.755123615264892578e-01,1.429243087768554688e-01,-2.110905647277832031e-01,1.551633980125188828e-02
2.093834161758422852e+00,6.854137182235717773e-01,8.054267764091491699e-01,9.811787605285644531e-01,1.506982564926147461e+00,1.043269872665405273e+00,9.194553494453430176e-01,1.523744940757751465e+00,3.718468844890594482e-01,9.686039686203002930e-01,1.189435243606567383e+00,9.351509213447570801e-01,1.119039297103881836e+00,-1.363145560026168823e-01,1.215373516082763672e+00,-5.398444533348083496e-01,9.640304446220397949e-01,1.796573638916015625e+00,5.036327838897705078e-01,1.280882835388183594e+00
-3.591307997703552246e-02,-1.113675951957702637e+00,2.877292931079864502e-01,-1.543839097023010254e+00,1.621652394533157349e-02,4.338305592536926270e-01,-1.797472089529037476e-01,8.642777800559997559e-02,2.018750458955764771e-01,-2.776201665401458740e-01,-1.073190927505493164e+00,-6.801529526710510254e-01,-5.467353463172912598e-01,-8.181017041206359863e-01,-3.354806005954742432e-01,-2.249612569808959961e+00,4.237238466739654541e-01,-1.172720432281494141e+00,2.295313626527786255e-01,-1.744282722473144531e+00
-1.186423540115356445e+00,-4.752688109874725342e-01,-4.122645854949951172e-01,-1.071252226829528809e+00,-3.406478166580200195e-01,-3.568030893802642822e-01,-1.687702298164367676e+00,2.699219286441802979e-01,-4.837997257709503174e-01,2.276133894920349121e-01,-3.788934051990509033e-01,-3.525255322456359863e-01,-2.445057868957519531e+00,-2.151685804128646851e-01,-1.051634788513183594e+00,-2.204952836036682129e-01,-8.393396139144897461e-01,2.752523124217987061e-01,-3.482897281646728516e-01,1.778429627418518066e+00
3.471958637237548828e-01,-5.459686517715454102e-01,-1.493558287620544434e-01,-1.959077566862106323e-01,7.969197034835815430e-01,2.795878648757934570e-01,-6.003720760345458984e-01,-1.808356493711471558e-01,4.182611107826232910e-01,1.191607639193534851e-01,2.414825439453125000e+00,-2.933546602725982666e-01,-7.795893549919128418e-01,-1.637497544288635254e-01,4.956569671630859375e-01,-9.103428721427917480e-01,1.619588136672973633e-01,2.548565566539764404e-01,9.308917075395584106e-02,6.533245444297790527e-01
3.395821154117584229e-01,1.487521648406982422e+00,4.072801470756530762e-01,-9.746631979942321777e-02,-4.075056314468383789e-01,1.575367212295532227e+00,6.963306665420532227e-01,-7.977888584136962891e-01,-2.346510142087936401e-01,3.122750520706176758e-01,-4.529129862785339355e-01,3.363097608089447021e-01,-1.557165086269378662e-01,-4.410505294799804688e-01,-2.063170373439788818e-01,1.371995825320482254e-02,3.634071648120880127e-01,1.385319828987121582e-01,4.007885456085205078e-01,4.505428969860076904e-01
-1.021622121334075928e-01,7.772825360298156738e-01,-8.775134682655334473e-01,-1.104515865445137024e-01,-1.254645735025405884e-01,1.827989816665649414e+00,2.151421070098876953e+00,3.503432571887969971e-01,7.953742146492004395e-01,1.033850193023681641e+00,-1.139770865440368652e+00,7.516376972198486328e-01,4.010221660137176514e-01,1.580339431762695312e+00,3.369032144546508789e-01,2.797459363937377930e-01,-2.607787549495697021e-01,-3.683759272098541260e-01,8.715129494667053223e-01,4.313416481018066406e-01
4.022682011127471924e-01,3.122980892658233643e-01,1.321643233299255371e+00,1.231161117553710938e+00,5.192534923553466797e-01,5.630754828453063965e-01,9.496203660964965820e-01,1.754035949707031250e+00,7.481430172920227051e-01,1.424439191818237305e+00,2.165026217699050903e-01,2.885766267776489258e+00,1.236039519309997559e+00,8.073433637619018555e-01,1.418947696685791016e+00,3.960154652595520020e-01,8.591579198837280273e-01,6.571325659751892090e-01,1.196087360382080078e+00,7.062594871968030930e-03
-4.973453003913164139e-03,-1.272319108247756958e-01,-8.915220499038696289e-01,-7.262476682662963867e-01,2.648839652538299561e-01,1.454126685857772827e-01,-7.672072052955627441e-01,-9.291439056396484375e-01,-1.157151341438293457e+00,-2.090980529785156250e+00,-1.020711421966552734e+00,-5.415880084037780762e-01,-1.187030911445617676e+00,-5.340384244918823242e-01,-3.789857625961303711e-01,-8.037889003753662109e-02,-6.668789386749267578e-01,-2.087058782577514648e+00,-2.986440062522888184e-01,-2.873081266880035400e-01
-1.869176328182220459e-01,-2.579180896282196045e-02,1.092887520790100098e+00,1.685406565666198730e-01,1.016015648841857910e+00,4.222424626350402832e-01,3.480115160346031189e-02,9.051668047904968262e-01,-2.053013592958450317e-01,-1.677568703889846802e-01,1.850885748863220215e+00,8.950769901275634766e-01,7.623479962348937988e-01,-2.889359295368194580e-01,1.811458110809326172e+00,2.137707620859146118e-01,-1.039914190769195557e-01,4.784096777439117432e-01,4.349632263183593750e-01,-3.131551444530487061e-01
-1.034847855567932129e+00,-9.659228920936584473e-01,-9.078599214553833008e-01,-1.221561074256896973e+00,-2.844400167465209961e+00,-1.561988115310668945e+00,-1.536097049713134766e+00,-3.243145644664764404e-01,-2.261826992034912109e+00,-1.905302882194519043e+00,-1.686911940574645996e+00,-6.629545092582702637e-01,-1.489601612091064453e+00,-1.644748449325561523e+00,-2.864476442337036133e+00,-4.324271082878112793e-01,-2.556612730026245117e+00,-1.564186215400695801e+00,-9.994777441024780273e-01,-1.204953551292419434e+00
3.623350560665130615e-01,1.505578279495239258e+00,8.721793293952941895e-01,-3.652513325214385986e-01,-2.499244064092636108e-01,-3.767699897289276123e-01,6.059247255325317383e-01,-2.473398149013519287e-01,1.031360864639282227e+00,-3.236835300922393799e-01,3.257884681224822998e-01,-5.160368084907531738e-01,4.733872711658477783e-01,-1.740646660327911377e-01,1.069208860397338867e+00,-8.157780766487121582e-01,2.946437001228332520e-01,2.510828971862792969e-01,3.819030225276947021e-01,7.555131912231445312e-01
-3.466767966747283936e-01,7.796253561973571777e-01,4.099453091621398926e-01,-3.410966098308563232e-01,-2.649220526218414307e-01,-8.789113163948059082e-01,-3.700389266014099121e-01,9.674250483512878418e-01,3.156806826591491699e-01,4.394345879554748535e-01,2.912445664405822754e-01,1.322557449340820312e+00,-4.164967238903045654e-01,-1.784806251525878906e+00,-3.850917816162109375e-01,-8.702000379562377930e-01,2.086383849382400513e-01,-9.002617001533508301e-01,-3.857968747615814209e-01,-2.001945674419403076e-01
5.389498472213745117e-01,-2.879664003849029541e-01,-4.333344846963882446e-02,1.043973445892333984e+00,1.037615895271301270e+00,-1.963044852018356323e-01,2.540627479553222656e+00,1.669172048568725586e-01,-7.249068021774291992e-01,4.872232675552368164e-01,-1.427895873785018921e-01,1.891382187604904175e-01,1.394147146493196487e-02,4.523303732275962830e-02,2.896947622299194336e+00,1.760101020336151123e-01,3.442199528217315674e-01,-2.996095716953277588e-01,7.505644559860229492e-01,4.247612059116363525e-01
-9.453868865966796875e-01,-4.170931875705718994e-01,-1.388622045516967773e+00,-4.351866841316223145e-01,-2.189951181411743164e+00,-6.877515316009521484e-01,-5.455707311630249023e-01,-2.173672765493392944e-01,-5.143829584121704102e-01,2.056699842214584351e-01,-9.750660657882690430e-01,-9.090746641159057617e-01,-4.785046875476837158e-01,-4.856156110763549805e-01,-1.398356795310974121e+00,-8.785821199417114258e-01,-1.681099772453308105e+00,-1.431375503540039062e+00,-1.415395140647888184e+00,-2.334035485982894897e-01
8.657596111297607422e-01,-1.170925348997116089e-01,-1.628960072994232178e-01,4.822658896446228027e-01,-1.587114691734313965e+00,-5.828186869621276855e-01,9.277226030826568604e-02,3.676112592220306396e-01,-3.838544189929962158e-01,-7.088209688663482666e-02,-1.207231543958187103e-02,5.806796252727508545e-02,-4.593678116798400879e-01,-4.155679643154144287e-01,9.463510513305664062e-01,-3.230450451374053955e-01,-4.986552000045776367e-01,-7.423929572105407715e-01,-2.905476987361907959e-01,2.563377320766448975e-01
-1.046617150306701660e+00,5.006607174873352051e-01,-3.414708971977233887e-01,2.713161520659923553e-02,-5.036986470222473145e-01,-2.678368091583251953e-01,2.227011322975158691e-01,-4.676920771598815918e-01,-6.334010362625122070e-01,-3.188662827014923096e-01,-4.019424617290496826e-01,-1.630747199058532715e+00,-3.024150431156158447e-01,-2.354273319244384766e+00,-5.263655781745910645e-01,-8.909239172935485840e-01,-3.068699836730957031e-01,4.153746068477630615e-01,-9.716842174530029297e-01,1.012548431754112244e-01
-3.970451056957244873e-01,-8.548761010169982910e-01,-1.087361097335815430e+00,-1.263898730278015137e+00,-1.195814371109008789e+00,-8.890649080276489258e-01,-9.328477978706359863e-01,1.519171357154846191e+00,-5.493196845054626465e-01,-1.207178950309753418e+00,-5.210270285606384277e-01,-1.049761772155761719e+00,-4.462664425373077393e-01,6.095035076141357422e-01,-1.020497918128967285e+00,-8.557497859001159668e-01,-1.489187479019165039e+00,-5.472241640090942383e-01,-8.692476749420166016e-01,1.938230842351913452e-01
-9.680410027503967285e-01,2.602809429168701172e+00,2.327990978956222534e-01,6.447791457176208496e-01,-4.375175833702087402e-01,-1.540367126464843750e+00,6.184673309326171875e-02,-2.892641425132751465e-01,-3.670006096363067627e-01,-2.255226373672485352e-01,-2.953526973724365234e-01,9.234054088592529297e-01,-9.040496945381164551e-01,-8.343059569597244263e-02,-3.731388151645660400e-01,3.997397720813751221e-01,4.954812526702880859e-01,7.412803769111633301e-01,-1.562328338623046875e-01,4.011818766593933105e-01
-3.442882746458053589e-02,-5.485709309577941895e-01,6.232705712318420410e-01,-2.564780116081237793e-01,-1.917265295982360840e+00,-5.021761059761047363e-01,5.280596613883972168e-01,-1.055455565452575684e+00,-1.016883015632629395e+00,-1.538159251213073730e+00,-3.173129856586456299e-01,-3.495709598064422607e-02,-4.505635201930999756e-01,-4.299094080924987793e-01,-3.093072772026062012e-01,-2.460319697856903076e-01,-2.912771999835968018e-01,8.896204084157943726e-02,-1.664155840873718262e+00,3.725366294384002686e-01
5.549778938293457031e-01,1.154711008071899414e+00,1.076486945152282715e+00,3.459672033786773682e-01,1.344266772270202637e+00,-9.424685686826705933e-02,4.107683598995208740e-01,6.289054155349731445e-01,-7.818967103958129883e-02,-1.385166794061660767e-01,4.488966166973114014e-01,6.355565786361694336e-01,9.161893129348754883e-01,4.231546819210052490e-01,2.554193735122680664e-01,-8.234383910894393921e-02,5.780023336410522461e-01,1.495956063270568848e+00,-1.347729265689849854e-01,7.631375193595886230e-01
3.960182666778564453e-01,-2.474130094051361084e-01,1.461309075355529785e+00,3.980260491371154785e-01,2.288175821304321289e-01,-3.170830011367797852e-01,4.772707223892211914e-01,-2.325821220874786377e-01,1.042562127113342285e+00,1.666647046804428101e-01,-3.532935082912445068e-01,2.460934221744537354e-01,-8.605202436447143555e-01,6.133946180343627930e-01,2.684997916221618652e-01,2.610185444355010986e-01,1.007238864898681641e+00,5.066927075386047363e-01,9.029047489166259766e-01,8.789404034614562988e-01
6.961069107055664062e-01,4.016245305538177490e-01,1.482185244560241699e+00,4.230079352855682373e-01,3.966640830039978027e-01,4.724354147911071777e-01,2.476041555404663086e+00,9.299039244651794434e-01,1.830605030059814453e+00,-1.413215547800064087e-01,-3.413944244384765625e-01,4.313894808292388916e-01,1.624499201774597168e+00,1.547177672386169434e+00,2.689326703548431396e-01,2.505257725715637207e-01,9.511016607284545898e-01,9.630653858184814453e-01,5.114167332649230957e-01,-3.238370642066001892e-03
9.685133695602416992e-01,6.767289042472839355e-01,-2.872938215732574463e-01,1.028560042381286621e+00,9.607228040695190430e-01,4.806869626045227051e-01,8.244827389717102051e-01,-2.219760715961456299e-01,3.875433504581451416e-01,2.727432847023010254e-01,5.496438145637512207e-01,8.770011067390441895e-01,-4.725296199321746826e-01,-2.641638219356536865e-01,-4.995440840721130371e-01,3.733070194721221924e-01,3.534814417362213135e-01,-2.521589100360870361e-01,5.007768273353576660e-01,3.787778615951538086e-01
-7.433226704597473145e-01,-2.074294388294219971e-01,-1.081039428710937500e+00,-1.020551323890686035e+00,-5.936818122863769531e-01,-3.908730149269104004e-01,-8.306859135627746582e-01,-9.831094741821289062e-01,-7.620508670806884766e-01,-9.202085733413696289e-01,-1.221898317337036133e+00,-7.379531860351562500e-01,-5.363426804542541504e-01,-9.266117811203002930e-01,-5.246304273605346680e-01,-1.039232969284057617e+00,-4.612030088901519775e-01,-5.665236711502075195e-01,-8.370305895805358887e-01,1.161086678504943848e+00
-1.067494004964828491e-01,-3.800373375415802002e-01,3.050891757011413574e-01,-1.275826990604400635e-01,-4.847564101219177246e-01,5.992530584335327148e-01,8.289320468902587891e-01,-4.101920723915100098e-01,4.541826844215393066e-01,-3.255232572555541992e-01,-2.932662963867187500e-01,9.300950914621353149e-02,8.942360877990722656e-01,8.587263822555541992e-01,2.926415205001831055e-01,-1.230387538671493530e-01,1.774269342422485352e+00,-5.096698403358459473e-01,-3.970743119716644287e-01,3.891305625438690186e-01
1.711422443389892578e+00,6.840132474899291992e-01,2.782340645790100098e-01,5.205281972885131836e-01,1.125751018524169922e+00,-4.532724022865295410e-01,9.172803759574890137e-01,3.342805802822113037e-01,2.969327688217163086e+00,-1.233671680092811584e-01,1.880719661712646484e+00,1.116966679692268372e-01,7.575873732566833496e-01,7.698894739151000977e-01,4.399943053722381592e-01,8.329126834869384766e-01,4.914591908454895020e-01,9.901064634323120117e-01,-2.398647218942642212e-01,9.877483248710632324e-01
-1.529580116271972656e+00,-7.391108870506286621e-01,-1.221039772033691406e+00,-8.075389862060546875e-01,-8.696187287569046021e-02,-5.376050472259521484e-01,3.909955918788909912e-02,-1.030317187309265137e+00,3.975546956062316895e-01,-6.514412760734558105e-01,-1.198081016540527344e+00,-6.582497954368591309e-01,-1.171212792396545410e+00,-3.432874381542205811e-01,-2.991644620895385742e+00,-3.697524070739746094e-01,-5.006222128868103027e-01,-5.940359234809875488e-01,-6.161486506462097168e-01,-3.395733833312988281e-01
-1.057897090911865234e+00,1.334671825170516968e-01,-4.655921161174774170e-01,-7.502311468124389648e-01,-1.087850093841552734e+00,-3.804989159107208252e-01,-1.021921992301940918e+00,-1.526361584663391113e+00,-2.072943449020385742e+00,-6.542364954948425293e-01,2.259903103113174438e-01,-1.306020140647888184e+00,-6.005271077156066895e-01,-6.410180330276489258e-01,-6.776193976402282715e-01,-1.604982137680053711e+00,-3.012673556804656982e-01,-2.491798400878906250e-01,-3.384084403514862061e-01,-1.222723960876464844e+00
8.845015764236450195e-01,1.405253171920776367e+00,1.849404096603393555e+00,4.563559889793395996e-01,1.379982829093933105e+00,1.683370947837829590e+00,9.995945692062377930e-01,1.595661520957946777e+00,1.638405084609985352e+00,1.249391198158264160e+00,5.294735431671142578e-01,1.032296299934387207e+00,7.804359793663024902e-01,1.651437997817993164e+00,8.190304636955261230e-01,1.452949762344360352e+00,2.477278232574462891e+00,1.677731037139892578e+00,1.464501172304153442e-01,8.633195161819458008e-01
9.042525663971900940e-03,3.825483620166778564e-01,5.850063264369964600e-02,4.326364696025848389e-01,1.120046019554138184e+00,4.644864201545715332e-01,7.934966087341308594e-01,3.423069417476654053e-01,4.233025610446929932e-01,-2.098234593868255615e-01,8.944416046142578125e-01,-2.104118764400482178e-01,7.071387171745300293e-01,-8.820101618766784668e-01,1.497153282165527344e+00,1.058790683746337891e+00,7.126284837722778320e-01,8.860260248184204102e-01,5.558165907859802246e-01,3.420826494693756104e-01
5.679535269737243652e-01,5.082263350486755371e-01,6.294892430305480957e-01,4.224480688571929932e-01,3.070372939109802246e-01,5.046685338020324707e-01,3.682470321655273438e-01,1.491137385368347168e+00,9.796609282493591309e-01,4.574658870697021484e-01,3.819705545902252197e-01,2.983548045158386230e-01,2.309681177139282227e-01,5.328291654586791992e-01,2.338335990905761719e+00,-1.623062044382095337e-01,1.491645812988281250e+00,3.784121572971343994e-01,-8.287180662155151367e-01,2.964348793029785156e-01
9.760677814483642578e-01,2.533934712409973145e-01,2.750205099582672119e-01,9.726759195327758789e-01,6.037624478340148926e-01,1.407645940780639648e+00,8.178224563598632812e-01,3.786636143922805786e-02,5.482673645019531250e-01,2.663982808589935303e-01,2.933583974838256836e+00,6.211196780204772949e-01,9.970731139183044434e-01,1.143061161041259766e+00,-1.372877061367034912e-01,2.320665419101715088e-01,1.081673860549926758e+00,1.077169179916381836e+00,2.998833656311035156e+00,-3.515349328517913818e-02
-4.559776186943054199e-02,1.431538611650466919e-01,2.575501203536987305e-01,-2.711436510086059570e+00,-5.390726327896118164e-01,7.757213115692138672e-01,-7.613806724548339844e-01,4.405772089958190918e-01,1.486410796642303467e-01,-3.325632512569427490e-01,6.403301358222961426e-01,-3.658123016357421875e-01,-5.366697311401367188e-01,-3.252364993095397949e-01,6.246024742722511292e-03,-1.246966794133186340e-01,-2.804194688796997070e-01,9.308574795722961426e-01,-4.022094607353210449e-01,-2.329016685485839844e+00
-1.180682539939880371e+00,-9.925973415374755859e-01,-1.511637419462203979e-01,-6.288175582885742188e-01,-1.850840806961059570e+00,-1.707684636116027832e+00,-1.491651892662048340e+00,2.260824441909790039e-01,-1.111896157264709473e+00,-7.970686554908752441e-01,-1.033932209014892578e+00,-2.003090232610702515e-01,-9.731715321540832520e-01,-1.805454969406127930e+00,-1.623054742813110352e+00,-4.746021032333374023e-01,8.386750817298889160e-01,-1.077773094177246094e+00,-9.323164224624633789e-01,-2.080479145050048828e+00
4.486763477325439453e-01,3.775177299976348877e-01,3.562900722026824951e-01,1.160861253738403320e+00,-1.983323507010936737e-02,2.583568096160888672e-01,3.743832707405090332e-01,1.098058342933654785e+00,-5.689493417739868164e-01,8.792838454246520996e-01,8.870345354080200195e-01,8.307545185089111328e-01,8.498239517211914062e-01,2.523990273475646973e-01,8.339764475822448730e-01,1.166621923446655273e+00,-8.973640203475952148e-01,1.252532750368118286e-01,-2.682673037052154541e-01,2.567110955715179443e-01
-2.313958168029785156e+00,-3.472166657447814941e-01,-1.412376523017883301e+00,3.856274485588073730e-02,1.520753949880599976e-01,-8.194506764411926270e-01,3.576282262802124023e-01,-2.693901956081390381e-01,5.583455786108970642e-02,-5.414742827415466309e-01,-9.311072230339050293e-01,-3.605682849884033203e-01,-1.075713872909545898e+00,1.343144774436950684e-01,4.545380175113677979e-01,-5.677275657653808594e-01,8.016408234834671021e-02,-4.041464254260063171e-02,-1.415408372879028320e+00,-1.188358187675476074e+00
1.752834171056747437e-01,-2.497767657041549683e-01,1.133783817291259766e+00,1.117294430732727051e+00,1.071790337562561035e+00,4.176203310489654541e-01,1.100919365882873535e+00,6.674956679344177246e-01,1.028793573379516602e+00,7.752388715744018555e-01,3.313534557819366455e-01,9.578195214271545410e-01,1.845249414443969727e+00,2.079106569290161133e+00,1.113498926162719727e+00,7.653043270111083984e-01,1.065535068511962891e+00,4.119006395339965820e-01,5.679169893264770508e-01,1.948143355548381805e-03
9.724297523498535156e-01,5.564408898353576660e-01,9.163019061088562012e-01,-1.470453441143035889e-01,1.927101016044616699e-01,-3.586911559104919434e-01,1.514197140932083130e-01,5.130697488784790039e-01,1.744618654251098633e+00,1.109955549240112305e+00,2.389079034328460693e-01,-7.952128648757934570e-01,4.678319990634918213e-01,-4.418272376060485840e-01,8.023595213890075684e-01,9.037778377532958984e-01,-5.227670073509216309e-01,5.118274092674255371e-01,6.850161403417587280e-02,2.367471903562545776e-01
-4.021828770637512207e-01,8.448360562324523926e-01,2.139217376708984375e+00,-1.231017857789993286e-01,3.540032077580690384e-03,3.181045651435852051e-01,8.234183192253112793e-01,4.463858306407928467e-01,-5.614645406603813171e-02,1.070984125137329102e+00,-3.738201260566711426e-01,1.030985951423645020e+00,1.068292975425720215e+00,1.070385098457336426e+00,1.563427746295928955e-01,2.021313667297363281e+00,1.056382417678833008e+00,1.010513067245483398e+00,8.507835119962692261e-02,5.840961337089538574e-01
2.273328453302383423e-01,8.727481365203857422e-01,1.189440846443176270e+00,8.881781250238418579e-03,4.281526505947113037e-01,2.477559328079223633e+00,1.548587083816528320e+00,3.560101091861724854e-01,3.581714630126953125e-01,5.275492072105407715e-01,5.209764838218688965e-01,1.152262538671493530e-01,-4.876654148101806641e-01,6.386724114418029785e-01,8.145276904106140137e-01,4.988463222980499268e-02,1.549494743347167969e+00,9.099833369255065918e-01,4.257237017154693604e-01,5.097936391830444336e-01
-1.382861882448196411e-01,-3.120008707046508789e-01,6.997357606887817383e-01,-4.470791518688201904e-01,-2.409720420837402344e-01,3.200961053371429443e-01,3.460819721221923828e-01,1.473461985588073730e+00,4.326387643814086914e-01,-1.587509214878082275e-01,9.559327363967895508e-01,1.441292881965637207e+00,-9.265945293009281158e-03,-9.745380282402038574e-01,4.590046703815460205e-01,-7.562366873025894165e-02,9.087434411048889160e-01,-3.445343673229217529e-01,-3.056417703628540039e-01,-1.558149158954620361e-01
5.103273987770080566e-01,-2.444479018449783325e-01,-2.399854212999343872e-01,-1.068359017372131348e+00,1.681763231754302979e-01,-5.764807462692260742e-01,-8.328822255134582520e-01,-1.538822799921035767e-01,3.862324357032775879e-01,-2.745346546173095703e+00,-1.471294015645980835e-01,-9.778465032577514648e-01,3.399353921413421631e-01,-6.475109606981277466e-02,3.012285530567169189e-01,-6.197178363800048828e-01,1.512810826301574707e+00,-6.778366565704345703e-01,-2.288603037595748901e-01,-2.113610655069351196e-01
-5.067180991172790527e-01,2.749062478542327881e-01,-9.535540342330932617e-01,-7.787859439849853516e-01,-1.374419808387756348e+00,-7.734017372131347656e-01,-2.168130725622177124e-01,-8.616711497306823730e-01,8.890570700168609619e-02,-1.504355192184448242e+00,-8.357205390930175781e-01,-1.188526749610900879e+00,-7.129904031753540039e-01,-3.870185613632202148e-01,-2.222446918487548828e+00,-1.602904677391052246e+00,-9.361453652381896973e-01,-1.357965469360351562e+00,1.887689977884292603e-01,-2.974447250366210938e+00
-2.453665584325790405e-01,-5.213001370429992676e-01,1.706665009260177612e-01,-2.904565036296844482e-01,3.604146540164947510e-01,-3.706095814704895020e-01,-3.778352141380310059e-01,1.448306560516357422e+00,-8.992694616317749023e-01,-1.979777067899703979e-01,-2.762712836265563965e-01,2.869717776775360107e-02,-2.099706083536148071e-01,-3.511202037334442139e-01,-3.013263344764709473e-01,7.180029749870300293e-01,-4.555206894874572754e-01,-2.706619799137115479e-01,-1.041332721710205078e+00,-6.682216376066207886e-02
-7.736555337905883789e-01,-1.551777839660644531e+00,-1.437390446662902832e+00,-5.828427672386169434e-01,-5.847317576408386230e-01,-1.370359659194946289e+00,-8.628848791122436523e-01,-1.661480665206909180e-01,-7.405074834823608398e-01,-1.133473038673400879e+00,-1.357176661491394043e+00,-2.546582698822021484e+00,-1.456469416618347168e+00,-2.341478765010833740e-01,-7.167015075683593750e-01,-9.073234796524047852e-01,-6.999164819717407227e-01,-9.167205095291137695e-01,-6.228484511375427246e-01,1.077749207615852356e-01
-9.598092436790466309e-01,-7.831435799598693848e-01,-9.880607128143310547e-01,-8.340385556221008301e-01,-9.434673786163330078e-01,-5.867598056793212891e-01,-1.807884573936462402e+00,-6.455054283142089844e-01,-2.988511621952056885e-01,-1.901834249496459961e+00,-1.056368708610534668e+00,-8.636549115180969238e-01,-8.811325430870056152e-01,-1.318690180778503418e+00,-1.352702498435974121e+00,-9.180899858474731445e-01,-4.689557254314422607e-01,-1.280823826789855957e+00,-1.151092410087585449e+00,-9.720716476440429688e-01
-1.668317794799804688e+00,2.949982285499572754e-01,4.444157183170318604e-01,1.057848691940307617e+00,-4.173031449317932129e-01,3.807962238788604736e-01,2.940297365188598633e+00,-2.932916581630706787e-01,-1.954935640096664429e-01,3.439402878284454346e-01,3.962801992893218994e-01,-1.774548292160034180e-01,-2.197682857513427734e-01,1.268716752529144287e-01,4.082437753677368164e-01,-4.703366756439208984e-01,4.900864139199256897e-02,3.832358121871948242e-01,-8.356221765279769897e-02,3.934220969676971436e-01
-2.925776839256286621e-01,3.115996122360229492e-01,8.307460546493530273e-01,7.771554589271545410e-01,-3.789785802364349365e-01,1.033724784851074219e+00,1.584077835083007812e+00,3.872821629047393799e-01,9.868169426918029785e-01,1.573349535465240479e-01,7.382314205169677734e-01,5.704973638057708740e-02,1.362647533416748047e+00,6.331017613410949707e-01,9.549698233604431152e-01,3.402219712734222412e-01,2.839988470077514648e+00,7.133431434631347656e-01,-9.107936173677444458e-02,4.043034277856349945e-03
-4.714519679546356201e-01,1.332256436347961426e+00,3.374757990241050720e-02,2.015262693166732788e-01,-4.100780785083770752e-01,2.531125545501708984e-01,-5.231778025627136230e-01,4.929032325744628906e-01,-2.830259688198566437e-02,3.104656934738159180e-01,8.805516362190246582e-01,1.448618412017822266e+00,1.105415597558021545e-01,6.532987952232360840e-01,2.300355285406112671e-01,-3.241032958030700684e-01,-1.399617642164230347e-01,1.544252634048461914e+00,2.495036423206329346e-01,-3.388480842113494873e-01
3.071178495883941650e-01,-3.256192207336425781e-01,3.251299262046813965e-01,2.857239544391632080e-01,-4.238626360893249512e-01,-1.162205711007118225e-01,-8.368385434150695801e-01,-8.013813197612762451e-02,4.248261153697967529e-01,3.887772262096405029e-01,-2.560814619064331055e-01,3.680544197559356689e-01,2.016031444072723389e-01,-5.759068131446838379e-01,-1.033426523208618164e+00,-6.781218051910400391e-01,8.671998381614685059e-01,2.637109160423278809e-01,-1.103326678276062012e-01,-2.479368746280670166e-01
-7.592328637838363647e-02,7.746206521987915039e-01,-1.381100267171859741e-01,9.512332677841186523e-01,3.004446029663085938e-01,3.440993130207061768e-01,2.196981906890869141e+00,1.280154824256896973e+00,-3.843347132205963135e-01,2.564201653003692627e-01,1.011343002319335938e+00,-3.162680864334106445e-01,-1.961679011583328247e-01,-5.373840928077697754e-01,4.326190054416656494e-01,-1.258084643632173538e-02,-5.367499589920043945e-01,4.014167785644531250e-01,1.060801506042480469e+00,-1.272127181291580200e-01
2.307204961776733398e+00,6.506351232528686523e-01,9.363665580749511719e-01,1.030434131622314453e+00,7.207025289535522461e-01,1.992759227752685547e+00,4.658284187316894531e-01,4.565916359424591064e-01,8.366560935974121094e-01,1.347005367279052734e+00,2.557205259799957275e-01,2.777185738086700439e-01,2.522735357284545898e+00,1.582503080368041992e+00,1.061332821846008301e+00,-1.153103038668632507e-01,2.581403553485870361e-01,7.736856341361999512e-01,1.037294983863830566e+00,1.579689621925354004e+00
9.983074069023132324e-01,7.408123612403869629e-01,3.422802686691284180e-01,3.630549907684326172e-01,7.888384461402893066e-01,1.011096358299255371e+00,-1.965352892875671387e-01,1.610055685043334961e+00,1.364133477210998535e+00,2.078606486320495605e-01,2.438245564699172974e-01,3.218331336975097656e-01,2.052296161651611328e+00,1.163033366203308105e+00,3.903173282742500305e-02,1.088701248168945312e+00,4.500115811824798584e-01,2.055997699499130249e-01,-3.534024357795715332e-01,1.106406092643737793e+00
-7.268850207328796387e-01,-1.585968017578125000e+00,-1.013811349868774414e+00,-1.452869772911071777e+00,-1.967738747596740723e+00,-9.371665716171264648e-01,-6.897905468940734863e-01,-1.319172620773315430e+00,-9.947673231363296509e-02,-1.429123997688293457e+00,-1.662249326705932617e+00,-1.035735607147216797e+00,-8.557230234146118164e-01,-1.281333923339843750e+00,-1.688529610633850098e+00,-9.625867009162902832e-01,-1.002916693687438965e+00,-1.224048376083374023e+00,-1.519276380538940430e+00,-2.056547641754150391e+00
-6.272316575050354004e-01,7.548995018005371094e-01,-1.603812724351882935e-01,-4.049312174320220947e-01,-1.654034554958343506e-01,-2.424214631319046021e-01,4.443485438823699951e-01,1.652960538864135742e+00,1.580993831157684326e-01,1.071777462959289551e+00,1.024194955825805664e+00,8.271750807762145996e-01,-3.802854567766189575e-02,6.849882006645202637e-01,-1.768541485071182251e-01,9.782243371009826660e-01,2.835517525672912598e-01,7.725415825843811035e-01,-2.414089143276214600e-01,8.727145195007324219e-02
-4.074696004390716553e-01,-2.851132676005363464e-02,-1.030157208442687988e+00,-1.431473016738891602e+00,-4.807319939136505127e-01,7.676424924284219742e-03,-2.582518339157104492e+00,-9.452435970306396484e-01,-1.216718435287475586e+00,-3.955897688865661621e-01,-7.822132110595703125e-01,-6.193594932556152344e-01,5.714578032493591309e-01,-5.337436795234680176e-01,6.309531629085540771e-02,9.907475709915161133e-01,-5.576999187469482422e-01,-5.326666831970214844e-01,1.129110082983970642e-01,-4.209876358509063721e-01
-1.399879574775695801e+00,-1.111440300941467285e+00,-5.581992268562316895e-01,-1.830889582633972168e+00,-7.415401935577392578e-01,-9.919665455818176270e-01,-5.065609216690063477e-01,-3.688233494758605957e-01,-7.281385660171508789e-01,-3.544314205646514893e-01,-1.033405780792236328e+00,-1.032568573951721191e+00,-1.142217516899108887e+00,-1.369037747383117676e+00,-1.753597855567932129e+00,-1.074060797691345215e+00,-3.517191410064697266e-01,-8.233185410499572754e-01,-1.165401101112365723e+00,-7.650957703590393066e-01
2.320723295211791992e+00,1.147211551666259766e+00,4.830032289028167725e-01,9.335544109344482422e-01,1.040705204010009766e+00,4.251880645751953125e-01,2.534873723983764648e+00,8.594989180564880371e-01,1.325094699859619141e+00,4.987981915473937988e-02,1.582680702209472656e+00,3.465211987495422363e-01,2.964034080505371094e+00,4.479869902133941650e-01,1.075371265411376953e+00,9.153435230255126953e-01,2.505403995513916016e+00,1.539524316787719727e+00,1.526113152503967285e+00,9.428529739379882812e-01
9.934532642364501953e-01,1.697283148765563965e+00,2.231282711029052734e+00,1.413433313369750977e+00,1.818143278360366821e-01,5.359160304069519043e-01,9.467530846595764160e-01,7.700560688972473145e-01,4.592117667198181152e-01,1.755361258983612061e-01,9.947395920753479004e-01,1.633530378341674805e+00,7.501999139785766602e-01,6.747325062751770020e-01,4.101190567016601562e-01,4.139909744262695312e-01,5.716085433959960938e-01,1.588381767272949219e+00,2.878417633473873138e-02,9.711857438087463379e-01
9.892223030328750610e-02,2.918338477611541748e-01,5.794053673744201660e-01,1.865309178829193115e-01,-2.206110060214996338e-01,-5.429300665855407715e-01,8.942260593175888062e-02,-2.774278521537780762e-01,-3.802241384983062744e-01,-2.334121614694595337e-01,-8.364951610565185547e-01,1.414423882961273193e-01,7.211046218872070312e-01,-2.511302828788757324e-01,-2.107473462820053101e-01,2.030498981475830078e-01,4.798246622085571289e-01,7.098756432533264160e-01,7.675895094871520996e-01,-8.160428404808044434e-01
-7.126963138580322266e-02,3.729762136936187744e-01,1.929810643196105957e-01,1.204755067825317383e+00,-5.940913558006286621e-01,7.177878618240356445e-01,1.324300050735473633e+00,3.559759855270385742e-01,9.819532632827758789e-01,8.649701476097106934e-01,9.750807881355285645e-01,3.611639738082885742e-01,-8.836058378219604492e-01,1.329586207866668701e-01,7.625465989112854004e-01,9.695189595222473145e-01,3.419688940048217773e-01,1.078448534011840820e+00,-1.332072913646697998e-01,-2.681124508380889893e-01
-4.083642363548278809e-01,-9.059569239616394043e-01,-9.297715425491333008e-01,5.915760993957519531e-01,-2.842736244201660156e-01,1.715466263704001904e-03,4.557180404663085938e-01,-4.866668581962585449e-01,-2.484364658594131470e-01,-5.280598998069763184e-01,9.132591634988784790e-02,-8.120498061180114746e-01,-5.516887903213500977e-01,-5.920442938804626465e-01,7.369148135185241699e-01,-8.725768327713012695e-01,-1.426498293876647949e-01,6.904248595237731934e-01,8.205696344375610352e-01,-8.639747500419616699e-01
-1.798708677291870117e+00,-1.120557308197021484e+00,-1.687666654586791992e+00,-1.528576612472534180e+00,-1.150304794311523438e+00,-9.629523754119873047e-01,-2.335526227951049805e+00,-1.745447874069213867e+00,-1.838565230369567871e+00,-9.995478391647338867e-01,-1.440490126609802246e+00,-1.273974180221557617e+00,-2.241567850112915039e+00,-2.096071004867553711e+00,-2.083472490310668945e+00,-4.231956005096435547e-01,-2.641711950302124023e+00,-1.183752417564392090e+00,-3.208892047405242920e-01,-1.210500001907348633e+00
6.983700394630432129e-01,2.318198978900909424e-01,3.860399425029754639e-01,2.057555764913558960e-01,5.689058899879455566e-01,1.452671408653259277e+00,1.263513684272766113e+00,1.162434935569763184e+00,1.063224554061889648e+00,2.994365453720092773e+00,7.370150089263916016e-01,-1.527850180864334106e-01,5.751107931137084961e-01,6.542778611183166504e-01,1.182866811752319336e+00,8.745804429054260254e-01,8.231807947158813477e-01,1.630998015403747559e+00,1.808758080005645752e-01,4.114413857460021973e-01
-4.077325761318206787e-01,-5.358834862709045410e-01,-2.300482749938964844e+00,2.306476533412933350e-01,-1.220360755920410156e+00,-6.880082488059997559e-01,-4.086880385875701904e-02,7.715631127357482910e-01,1.055984258651733398e+00,-9.369507431983947754e-01,-4.600245058536529541e-01,1.640149205923080444e-01,1.174153909087181091e-01,8.497763425111770630e-02,-5.325898528099060059e-01,-6.914857625961303711e-01,2.717925608158111572e-01,-7.849061489105224609e-01,-1.022974133491516113e+00,-9.669641852378845215e-01
1.190909370779991150e-01,4.407180547714233398e-01,2.720247983932495117e+00,1.096462845802307129e+00,4.896768927574157715e-02,4.153542518615722656e-01,1.605690121650695801e+00,5.381184220314025879e-01,1.276726126670837402e+00,1.002415418624877930e+00,2.761088371276855469e+00,4.024707973003387451e-01,2.296684980392456055e+00,1.003716230392456055e+00,1.542596697807312012e+00,5.038504600524902344e-01,1.343779444694519043e+00,1.103413105010986328e+00,1.643338799476623535e+00,1.212070465087890625e+00
9.320164918899536133e-01,-1.401067078113555908e-01,-1.653282493352890015e-01,7.440448999404907227e-01,-7.805642485618591309e-01,5.384394526481628418e-01,7.874819040298461914e-01,3.634589314460754395e-01,4.955832958221435547e-01,1.466604709625244141e+00,-2.201882004737854004e-01,8.026682138442993164e-01,3.825261024758219719e-03,3.628706634044647217e-01,8.898178339004516602e-01,-8.520264029502868652e-01,8.189187049865722656e-01,5.980983376502990723e-01,1.110615134239196777e+00,-1.124606579542160034e-01
-1.955324411392211914e+00,-8.962385654449462891e-01,-4.047391116619110107e-01,-3.437889218330383301e-01,-3.495946526527404785e-01,1.106035113334655762e-01,4.559689164161682129e-01,1.807053089141845703e-01,2.921285107731819153e-02,1.220189332962036133e-01,-3.028142154216766357e-01,-5.968074798583984375e-01,5.257877707481384277e-01,-1.601936101913452148e+00,-3.209666907787322998e-01,-8.939687609672546387e-01,4.145616292953491211e-01,1.334858983755111694e-01,6.358293443918228149e-02,-9.616242647171020508e-01
-7.636000514030456543e-01,9.964144229888916016e-01,-2.606772482395172119e-01,-5.602045059204101562e-01,9.462390094995498657e-02,8.159822970628738403e-02,-1.585345745086669922e+00,8.693566918373107910e-01,8.618207573890686035e-01,3.156302869319915771e-01,-3.785644471645355225e-01,3.849330246448516846e-01,-2.674034237861633301e-01,-1.138290315866470337e-01,-2.167396992444992065e-01,-4.465214908123016357e-02,-8.605669140815734863e-01,-3.469073772430419922e-02,-1.574097387492656708e-02,-1.313340425491333008e+00
1.608998179435729980e-01,4.726513624191284180e-01,2.350443303585052490e-01,-4.120837897062301636e-02,1.473430037498474121e+00,-6.478835940361022949e-01,2.882552146911621094e-01,-3.834730982780456543e-01,8.237695693969726562e-01,4.439427852630615234e-01,2.280940562486648560e-01,-2.889790236949920654e-01,8.361674547195434570e-01,-6.145682334899902344e-01,-9.752948880195617676e-01,2.578367888927459717e-01,-4.077090919017791748e-01,-1.362925916910171509e-01,-2.794677615165710449e-01,-9.366535544395446777e-01
-9.435279965400695801e-01,-3.549866378307342529e-01,-1.350795865058898926e+00,-4.649920463562011719e-01,-5.368135571479797363e-01,-3.860154375433921814e-02,-6.221301555633544922e-01,-2.186602652072906494e-01,-4.574314951896667480e-01,-3.742791116237640381e-01,-3.481967747211456299e-01,-3.212563991546630859e-01,-1.958530902862548828e+00,-2.745171546936035156e+00,-9.626437425613403320e-01,-1.083556175231933594e+00,2.209518663585186005e-02,-9.372741580009460449e-01,-1.027304530143737793e+00,-1.365668654441833496e+00
9.247538447380065918e-02,-3.357391357421875000e-01,-2.260073721408843994e-01,8.945339918136596680e-01,-3.703270852565765381e-01,-3.331573307514190674e-01,2.677194178104400635e-01,6.106415987014770508e-01,2.803997099399566650e-01,1.436054110527038574e+00,3.422360122203826904e-01,3.334515094757080078e-01,-1.492061972618103027e+00,-5.450878143310546875e-01,-1.147166937589645386e-01,1.658075451850891113e-01,-6.237930655479431152e-01,-4.037758409976959229e-01,1.377981066703796387e+00,-8.307836055755615234e-01
-4.583544731140136719e-01,1.804344505071640015e-01,-1.700148105621337891e+00,-2.394418716430664062e-01,-9.879080057144165039e-01,-4.227377772331237793e-01,8.649294376373291016e-01,4.426931440830230713e-01,-4.468396604061126709e-01,1.582042127847671509e-01,3.313758969306945801e-01,-4.130164384841918945e-01,-6.143496632575988770e-01,-1.470863074064254761e-01,-3.911036849021911621e-01,3.570899963378906250e-01,-5.334327220916748047e-01,-1.023339271545410156e+00,-1.585324764251708984e+00,-6.362333297729492188e-01
-7.532725334167480469e-01,-1.937047481536865234e+00,-1.116010308265686035e+00,-1.123823523521423340e+00,-1.334151625633239746e-01,-1.545423030853271484e+00,-2.480892419815063477e+00,-2.670363903045654297e+00,-9.780021905899047852e-01,-1.213063120841979980e+00,-1.047848343849182129e+00,-3.487365543842315674e-01,-7.808083891868591309e-01,-9.550008177757263184e-01,-8.590632081031799316e-01,-4.277792274951934814e-01,-5.098030567169189453e-01,-1.018929243087768555e+00,-1.277647495269775391e+00,-1.130093693733215332e+00
7.174146771430969238e-01,1.903574466705322266e-01,1.856888175010681152e+00,8.564172983169555664e-01,-2.737769782543182373e-01,3.398098349571228027e-01,-2.126687616109848022e-01,5.194814801216125488e-01,1.840592026710510254e+00,2.518194019794464111e-01,7.711746692657470703e-01,9.231460094451904297e-01,-1.582554459571838379e+00,1.106907486915588379e+00,9.319926500320434570e-01,4.940676391124725342e-01,9.374892115592956543e-01,9.951942563056945801e-01,9.409696459770202637e-01,7.752511501312255859e-01
-4.320342242717742920e-01,2.233378142118453979e-01,-1.114291906356811523e+00,9.374564886093139648e-01,-9.061525464057922363e-01,2.393996953964233398e+00,2.192621678113937378e-01,7.046132348477840424e-03,3.612372577190399170e-01,5.224509239196777344e-01,-2.882432937622070312e-01,-4.290657341480255127e-01,6.665047407150268555e-01,7.104537636041641235e-02,-1.042985081672668457e+00,-9.595533609390258789e-01,-1.240779086947441101e-01,-4.261251389980316162e-01,-4.526089131832122803e-01,8.189471811056137085e-02
1.013815045356750488e+00,1.290649652481079102e+00,1.938047766685485840e+00,1.042775750160217285e+00,1.258378863334655762e+00,2.580896377563476562e+00,1.662869095802307129e+00,1.903356671333312988e+00,2.311515808105468750e+00,2.217849969863891602e+00,1.934492707252502441e+00,2.240892171859741211e+00,1.405821561813354492e+00,8.855118751525878906e-01,2.052106618881225586e+00,1.247091531753540039e+00,2.278908967971801758e+00,1.973550200462341309e+00,1.842674136161804199e+00,1.811817407608032227e+00
9.640000462532043457e-01,5.064800754189491272e-02,3.432674109935760498e-01,1.198169112205505371e+00,6.326737999916076660e-01,8.573712706565856934e-01,-1.679274588823318481e-01,1.093675009906291962e-02,7.484357357025146484e-01,5.340605974197387695e-01,2.194196581840515137e-01,7.472346425056457520e-01,-2.148483507335186005e-02,5.214262604713439941e-01,-8.321339488029479980e-01,7.442381381988525391e-01,-1.455607533454895020e+00,9.253887534141540527e-01,3.429957032203674316e-01,4.581829011440277100e-01
1.725968122482299805e+00,5.291907787322998047e-01,5.572480559349060059e-01,-2.078977525234222412e-01,4.554993510246276855e-01,1.131856441497802734e+00,4.934351146221160889e-01,1.326670050621032715e+00,3.379879593849182129e-01,6.493721604347229004e-01,1.040789723396301270e+00,9.295054674148559570e-01,-3.678660094738006592e-02,8.459295034408569336e-01,1.038549065589904785e+00,1.028512835502624512e+00,1.897964715957641602e+00,1.151849746704101562e+00,9.584853053092956543e-01,1.038424611091613770e+00
-7.586028575897216797e-01,-8.864840865135192871e-02,-1.312914192676544189e-01,-3.676181733608245850e-01,3.411718606948852539e-01,-7.732467651367187500e-01,-4.612962603569030762e-01,-1.027604460716247559e+00,2.673289775848388672e-01,-3.174211382865905762e-01,-8.567864298820495605e-01,6.829125881195068359e-01,2.612851560115814209e-01,-3.609766662120819092e-01,8.328982442617416382e-02,4.961310625076293945e-01,-1.315542459487915039e+00,-4.653657972812652588e-01,-9.654700160026550293e-01,2.262092530727386475e-01
-1.508650541305541992e+00,-2.253891944885253906e+00,1.112518310546875000e+00,-3.354727625846862793e-01,-1.779265403747558594e-01,-4.139668941497802734e-01,2.826747000217437744e-01,2.962197363376617432e-01,9.225921034812927246e-01,3.335466980934143066e-01,8.979157209396362305e-01,-6.831264495849609375e-02,1.058991670608520508e+00,7.785210609436035156e-01,3.915167748928070068e-01,1.373525261878967285e-01,-2.658201217651367188e+00,1.682042926549911499e-01,-9.491747021675109863e-01,2.770872414112091064e-01
-2.774867713451385498e-01,4.870915710926055908e-01,9.914077520370483398e-01,3.207428753376007080e-02,1.047553896903991699e+00,2.787025272846221924e-01,-1.181905120611190796e-01,1.166728615760803223e+00,-1.456770300865173340e-01,1.347999453544616699e+00,2.672842741012573242e-01,1.080810070037841797e+00,3.302961587905883789e-01,5.487150549888610840e-01,1.088202953338623047e+00,1.824730038642883301e-01,3.572502434253692627e-01,1.020110368728637695e+00,6.561953425407409668e-01,1.776410460472106934e+00
-1.000418066978454590e+00,-3.286382257938385010e-01,-1.669036149978637695e-01,-2.396943718194961548e-01,-1.132889747619628906e+00,-4.456641376018524170e-01,2.201382875442504883e+00,-2.997468411922454834e-01,1.388364583253860474e-01,-7.400285601615905762e-01,-3.571740984916687012e-01,2.881112694740295410e-01,-1.829008221626281738e+00,-4.285941123962402344e-01,-5.824263095855712891e-01,-1.899384409189224243e-01,-1.721572875976562500e+00,-9.285350143909454346e-02,2.987615950405597687e-02,-4.864601790904998779e-01
-2.344651371240615845e-01,3.143030405044555664e-01,-3.084922730922698975e-01,-1.463544666767120361e-01,3.486465290188789368e-02,3.313081860542297363e-01,1.406019806861877441e+00,7.153006792068481445e-01,-5.156938433647155762e-01,-3.676925003528594971e-01,-9.638325572013854980e-01,-2.616914510726928711e-01,1.396844148635864258e+00,-7.861710339784622192e-02,5.296096205711364746e-01,-3.286437094211578369e-01,1.388350874185562134e-01,1.937802433967590332e-01,-7.899053692817687988e-01,-4.609288275241851807e-01
-1.523708343505859375e+00,-6.691103577613830566e-01,-1.708593249320983887e+00,-1.487714052200317383e-01,-5.841308832168579102e-01,-1.045565128326416016e+00,-2.083786875009536743e-01,-2.429115772247314453e-01,-1.600644350051879883e+00,-8.345606327056884766e-01,-1.461432933807373047e+00,-5.666273236274719238e-01,-1.286504387855529785e+00,-8.653126955032348633e-01,-2.371884822845458984e+00,-5.833829641342163086e-01,-1.073035001754760742e+00,-1.042743206024169922e+00,-8.592216968536376953e-01,-1.297003388404846191e+00
-1.833390742540359497e-01,-4.400161802768707275e-01,-6.969692707061767578e-01,-8.380731940269470215e-01,-3.264779448509216309e-01,-3.925020992755889893e-02,-7.926675677299499512e-01,1.043222069740295410e+00,2.856458127498626709e-01,-1.476161181926727295e-01,-4.264602959156036377e-01,4.669773206114768982e-02,-1.816272139549255371e-01,8.370295763015747070e-01,4.357919991016387939e-01,-1.318281412124633789e+00,-6.917338967323303223e-01,2.197684049606323242e-01,4.076648354530334473e-01,-4.465785026550292969e-01
-8.885344862937927246e-02,1.478074550628662109e+00,1.041614413261413574e+00,1.231468841433525085e-01,1.140888452529907227e+00,2.836046814918518066e-01,7.325502038002014160e-01,1.591912388801574707e+00,4.997797310352325439e-01,6.793722510337829590e-01,1.614882230758666992e+00,1.114040255546569824e+00,1.063372567296028137e-01,1.170664131641387939e-01,-1.140331402420997620e-01,1.013880670070648193e-01,-4.535924494266510010e-01,2.029145807027816772e-01,7.143739461898803711e-01,-6.921212654560804367e-03
-6.152960062026977539e-01,-4.366672411561012268e-02,-1.530066490173339844e+00,-2.742262370884418488e-02,-4.404482841491699219e-01,-9.443512558937072754e-01,-8.624116778373718262e-01,-9.772397279739379883e-01,-2.108099222183227539e+00,-1.538587808609008789e+00,-1.898024082183837891e+00,-1.696247816085815430e+00,-7.374140024185180664e-01,-1.492605805397033691e+00,1.399709463119506836e+00,-1.661968111991882324e+00,-8.167663812637329102e-01,-1.700107455253601074e+00,-2.876843452453613281e+00,-7.973703145980834961e-01
1.046398043632507324e+00,3.259415030479431152e-01,-2.305258437991142273e-02,4.369406402111053467e-01,1.189025759696960449e+00,7.710434794425964355e-01,3.709555864334106445e-01,9.818688035011291504e-02,4.576388373970985413e-02,8.569815754890441895e-01,5.948100686073303223e-01,1.305012464523315430e+00,1.986400038003921509e-02,5.552268028259277344e-01,1.735557913780212402e+00,-3.604397177696228027e-01,9.175381064414978027e-01,3.462220728397369385e-01,-6.804168224334716797e-01,-1.797754913568496704e-01
-1.742179095745086670e-01,-6.105940341949462891e-01,1.590666294097900391e+00,8.567328453063964844e-01,2.901436388492584229e-01,1.914071887731552124e-01,9.767843484878540039e-01,3.250871002674102783e-01,2.565344274044036865e-01,-1.503274291753768921e-01,3.160279095172882080e-01,7.231838703155517578e-01,-4.253291785717010498e-01,-1.160610392689704895e-01,-6.678266525268554688e-01,-3.382366001605987549e-01,5.614888854324817657e-03,-3.111417293548583984e-01,-7.375882863998413086e-01,-7.053972035646438599e-02
1.001368165016174316e+00,4.308423101902008057e-01,-6.020805835723876953e-01,1.803394593298435211e-02,7.622748613357543945e-01,2.093606233596801758e+00,2.928302884101867676e-01,-1.434656500816345215e+00,9.445747137069702148e-01,4.178923666477203369e-01,-1.391704797744750977e+00,-7.090939581394195557e-02,8.700639009475708008e-01,2.917352318763732910e-01,-1.213909611105918884e-01,2.455380260944366455e-01,8.243777155876159668e-01,4.936304390430450439e-01,7.037723660469055176e-01,-5.094766616821289062e-01
4.073430299758911133e-01,4.546697139739990234e-01,1.888653337955474854e-01,-3.257867097854614258e-01,8.471192121505737305e-01,-2.784024775028228760e-01,4.401869773864746094e-01,5.181106925010681152e-01,1.097851395606994629e+00,6.178540587425231934e-01,6.078063845634460449e-01,2.902342975139617920e-01,2.761937081813812256e-01,-3.018551468849182129e-01,5.350868701934814453e-01,-1.629857718944549561e-01,8.674088716506958008e-01,9.738212227821350098e-01,7.398444414138793945e-01,4.632563292980194092e-01
-4.067013859748840332e-01,3.330062329769134521e-02,-2.063201904296875000e+00,-5.286796092987060547e-01,3.370804190635681152e-01,2.695589363574981689e-01,1.182779148221015930e-01,-1.731337159872055054e-01,3.710276484489440918e-01,7.995012402534484863e-02,-1.020133614540100098e+00,7.651694416999816895e-01,-2.518406212329864502e-01,-5.358097553253173828e-01,1.143328994512557983e-01,-7.250826954841613770e-01,3.599347472190856934e-01,9.248267859220504761e-02,-3.941929340362548828e-01,9.601745754480361938e-02
-4.789602160453796387e-01,3.686790168285369873e-01,-7.149481177330017090e-01,-5.773373246192932129e-01,-1.888321280479431152e+00,1.065440997481346130e-01,-3.857864439487457275e-01,1.941527724266052246e-01,-1.599097490310668945e+00,-2.165125161409378052e-01,-1.187587738037109375e+00,-9.181480109691619873e-02,-5.216011404991149902e-01,-3.974223136901855469e-01,-4.968471527099609375e-01,-1.072869896888732910e+00,-4.896183609962463379e-01,1.893161982297897339e-01,-2.251021862030029297e+00,-3.822334706783294678e-01
5.764391645789146423e-02,1.042405486106872559e+00,5.113850831985473633e-01,1.035618305206298828e+00,8.297383785247802734e-01,-1.762275248765945435e-01,-3.720453083515167236e-01,-1.674616038799285889e-01,8.309041857719421387e-01,4.198068082332611084e-01,9.323493242263793945e-01,9.624714255332946777e-01,9.702072143554687500e-01,2.858334064483642578e+00,1.022472381591796875e+00,1.012571692466735840e+00,-7.176864147186279297e-01,8.640382885932922363e-01,3.032039403915405273e-01,-1.371189765632152557e-02
1.077821850776672363e+00,-1.837767362594604492e-01,1.693541169166564941e+00,1.620700120925903320e+00,1.933788418769836426e+00,1.238029479980468750e+00,7.442716360092163086e-01,1.173308849334716797e+00,1.958961606025695801e+00,1.096808910369873047e+00,2.645691871643066406e+00,7.896881699562072754e-01,3.316332399845123291e-01,7.360909581184387207e-01,7.771947383880615234e-01,8.051308989524841309e-01,1.363539457321166992e+00,1.407979726791381836e+00,2.971614122390747070e+00,5.644048452377319336e-01
-3.613768815994262695e-01,-2.559179663658142090e-01,9.596659541130065918e-01,4.373305439949035645e-01,-3.285911679267883301e-01,3.386526107788085938e-01,4.319408535957336426e-01,3.671631515026092529e-01,2.308697551488876343e-01,-1.342439800500869751e-01,-9.046912193298339844e-01,-4.336020052433013916e-01,1.472273111343383789e+00,-4.515716135501861572e-01,3.099910318851470947e-01,-8.504173755645751953e-01,-2.596572041511535645e-01,-9.618261456489562988e-01,-2.014403194189071655e-01,-1.280611157417297363e-01
-1.113707304000854492e+00,6.762313097715377808e-02,-1.049489021301269531e+00,-4.839419424533843994e-01,-3.901668488979339600e-01,-3.360310196876525879e-01,-1.261776804924011230e+00,-3.694348037242889404e-01,-7.601305246353149414e-01,-2.594700753688812256e-01,-1.030307188630104065e-01,-1.425430923700332642e-02,-1.272580862045288086e+00,-7.350674271583557129e-01,-5.011368393898010254e-01,-1.070944190025329590e+00,-1.590049028396606445e+00,-2.722829282283782959e-01,-4.646484553813934326e-01,-7.478016614913940430e-01
7.309055328369140625e-01,1.654347538948059082e+00,1.161321550607681274e-01,7.073503136634826660e-01,3.555500209331512451e-01,7.915571928024291992e-01,-2.681839168071746826e-01,1.625441789627075195e+00,5.225019454956054688e-01,2.341769933700561523e+00,1.150174021720886230e+00,2.776197791099548340e-01,5.996923446655273438e-01,1.132341980934143066e+00,-4.290322363376617432e-01,5.052270293235778809e-01,1.174388766288757324e+00,9.680928587913513184e-01,5.221344828605651855e-01,2.122431099414825439e-01
4.136112928390502930e-01,1.754797220230102539e+00,1.331822752952575684e+00,1.549431085586547852e+00,2.394358396530151367e+00,1.129920959472656250e+00,8.617761731147766113e-01,5.301379561424255371e-01,1.497965812683105469e+00,1.137674450874328613e+00,9.055286645889282227e-01,3.612576127052307129e-01,1.433031916618347168e+00,1.380039572715759277e+00,1.623784542083740234e+00,1.471625447273254395e+00,2.061250925064086914e+00,1.206703901290893555e+00,5.894609093666076660e-01,6.324698328971862793e-01
-1.497963964939117432e-01,2.840463817119598389e-01,-1.764746159315109253e-01,-2.454813271760940552e-01,5.958764627575874329e-02,3.794874846935272217e-01,-9.405962377786636353e-02,-2.020877897739410400e-01,5.594929456710815430e-01,2.162601470947265625e+00,6.980829685926437378e-02,-1.455927491188049316e-01,-7.037842869758605957e-01,3.270080089569091797e-01,3.426550626754760742e-01,5.541867613792419434e-01,-3.563074469566345215e-01,1.413386911153793335e-01,1.516030192375183105e+00,4.682361781597137451e-01
1.080873727798461914e+00,1.056423708796501160e-01,-1.761451661586761475e-01,2.811931967735290527e-01,-2.797522246837615967e-01,8.401015996932983398e-01,9.958624839782714844e-02,-1.514132320880889893e-01,1.561603397130966187e-01,1.378100812435150146e-01,8.693755865097045898e-01,-1.274842768907546997e-01,-9.566873908042907715e-01,-3.457193970680236816e-01,3.128069937229156494e-01,-2.612233459949493408e-01,4.749394059181213379e-01,-7.636607289314270020e-01,1.483716845512390137e+00,-2.258418649435043335e-01
6.748322248458862305e-01,1.492269486188888550e-01,-2.130321562290191650e-01,-4.182370007038116455e-01,-3.417241275310516357e-01,-6.745944172143936157e-02,-2.348565757274627686e-01,-8.413553833961486816e-01,1.888887584209442139e-01,-2.931482195854187012e-01,-3.655981719493865967e-01,3.547905012965202332e-02,3.177017569541931152e-01,-5.953431129455566406e-01,-4.356447458267211914e-01,-7.674826979637145996e-01,-2.141537815332412720e-01,3.009815216064453125e-01,8.489620685577392578e-01,-8.498362898826599121e-01
-1.075631618499755859e+00,-3.920125067234039307e-01,-8.130797147750854492e-01,-3.702695071697235107e-01,3.878424465656280518e-01,2.946892082691192627e-01,-3.074809908866882324e-01,4.066097438335418701e-01,-8.190369606018066406e-01,8.851168304681777954e-02,-3.422526121139526367e-01,4.727182909846305847e-02,3.354826942086219788e-02,-3.166785240173339844e-01,-1.352556824684143066e+00,-9.178863167762756348e-01,-5.800426602363586426e-01,6.407516002655029297e-01,8.997852206230163574e-01,-4.883673191070556641e-01
-9.565163254737854004e-01,9.457634687423706055e-01,-1.455635309219360352e+00,-1.954914808273315430e+00,-1.121921539306640625e+00,-8.935010433197021484e-02,-7.640036344528198242e-01,-3.370336890220642090e-01,-1.413302402943372726e-02,-1.538882553577423096e-01,-9.314044727943837643e-04,-5.320237874984741211e-01,-3.656041920185089111e-01,-5.500583052635192871e-01,-1.092445492744445801e+00,-2.591222226619720459e-01,-2.507227659225463867e-01,-6.364564299583435059e-01,-5.484979748725891113e-01,-7.526260018348693848e-01
-3.477337360382080078e-01,3.004009723663330078e-01,3.365700542926788330e-01,1.125736832618713379e-01,1.672069549560546875e+00,3.616381585597991943e-01,8.947800397872924805e-01,9.848934412002563477e-01,9.671105146408081055e-01,1.562275886535644531e+00,4.732329249382019043e-01,-1.831375658512115479e-01,8.633796125650405884e-02,1.160983324050903320e+00,5.356273055076599121e-01,-3.312548696994781494e-01,4.053599834442138672e-01,9.196316599845886230e-01,1.142225980758666992e+00,1.162959337234497070e+00
1.875303030014038086e+00,4.711686670780181885e-01,2.244587898254394531e+00,6.341779828071594238e-01,6.805456876754760742e-01,1.569793939590454102e+00,2.035136222839355469e+00,1.659836530685424805e+00,5.701827406883239746e-01,9.550384879112243652e-01,2.483585357666015625e+00,1.576186656951904297e+00,5.149995684623718262e-01,1.210179686546325684e+00,9.068409800529479980e-01,8.373891711235046387e-01,2.540874004364013672e+00,9.883683919906616211e-01,1.885121941566467285e+00,1.204600930213928223e+00
-5.399961471557617188e-01,2.665889263153076172e-01,1.179725050926208496e+00,8.285640925168991089e-02,6.898635029792785645e-01,1.783927083015441895e-01,4.003420770168304443e-01,6.307662129402160645e-01,3.549177348613739014e-01,-1.525068730115890503e-01,2.259669303894042969e-01,-6.061832979321479797e-02,-2.635382711887359619e-01,7.410182952880859375e-01,-2.220614999532699585e-01,-9.153189659118652344e-01,8.469167351722717285e-01,1.051746606826782227e+00,1.009696602821350098e+00,2.958984375000000000e-01
-4.537840187549591064e-01,1.274540781974792480e+00,5.228689908981323242e-01,-2.195482999086380005e-01,4.703412950038909912e-02,-5.163457393646240234e-01,2.434363365173339844e+00,-6.704338788986206055e-01,-4.159329831600189209e-01,-7.754953503608703613e-01,-3.650680929422378540e-02,-9.423867464065551758e-01,-5.430746674537658691e-01,-3.047090172767639160e-01,2.176379263401031494e-01,-4.276197254657745361e-01,3.328735530376434326e-01,8.327674865722656250e-01,3.949092030525207520e-01,-8.881786465644836426e-01
1.697998166084289551e+00,1.945390939712524414e+00,1.971728324890136719e+00,1.188122987747192383e+00,4.268878996372222900e-01,1.683243513107299805e+00,2.129003286361694336e+00,2.285654067993164062e+00,1.633899211883544922e+00,1.155713677406311035e+00,1.749892592430114746e+00,1.064029335975646973e+00,1.692686915397644043e+00,1.421097993850708008e+00,1.898904681205749512e+00,7.973451018333435059e-01,1.299849748611450195e+00,2.081536531448364258e+00,1.167052149772644043e+00,1.472443461418151855e+00
-4.739687442779541016e-01,-8.662183880805969238e-01,-3.702211081981658936e-01,4.049224555492401123e-01,4.087466001510620117e-01,9.438506364822387695e-01,1.833191663026809692e-01,3.686723113059997559e-01,5.091148614883422852e-01,-1.989604681730270386e-01,3.818650543689727783e-01,8.974142670631408691e-01,3.799157142639160156e-01,1.688214421272277832e+00,3.400551378726959229e-01,-3.007276058197021484e-01,1.481574892997741699e+00,2.149089574813842773e-01,-3.323915898799896240e-01,9.738164544105529785e-01
9.601613879203796387e-02,6.235288977622985840e-01,-3.558015823364257812e-01,1.710427999496459961e-01,-5.424547195434570312e-01,-9.400497674942016602e-01,6.023643612861633301e-01,8.713567852973937988e-01,-3.510434329509735107e-01,-2.536852359771728516e-01,2.438003122806549072e-01,2.108843624591827393e-01,-6.845872998237609863e-01,-7.439954876899719238e-01,-4.514455497264862061e-01,-8.628208041191101074e-01,4.455164670944213867e-01,-4.448631107807159424e-01,-1.661492943763732910e+00,4.392950329929590225e-03
-2.122783660888671875e+00,-8.759298324584960938e-01,-2.044859677553176880e-01,-9.434731006622314453e-01,-9.567583799362182617e-01,-4.502732157707214355e-01,-3.993746042251586914e-01,2.490389496088027954e-01,1.929666399955749512e+00,-3.586298227310180664e-01,-2.332218587398529053e-01,4.124189019203186035e-01,-9.062916636466979980e-01,-4.311500787734985352e-01,-9.164257049560546875e-01,2.522713541984558105e-01,-1.035117864608764648e+00,-4.656766057014465332e-01,1.210240364074707031e+00,-7.900707721710205078e-01
5.000406503677368164e-01,7.876487374305725098e-01,5.115103721618652344e-01,2.655460834503173828e-01,1.664171695709228516e+00,8.553250432014465332e-01,-1.048330441117286682e-01,9.438878893852233887e-01,-5.605627894401550293e-01,9.821501970291137695e-01,1.286683231592178345e-01,5.920379757881164551e-01,1.746272683143615723e+00,-1.739039123058319092e-01,1.866037100553512573e-01,-1.410104185342788696e-01,1.047594428062438965e+00,5.837880969047546387e-01,-4.858647584915161133e-01,2.318126410245895386e-01
-1.552082419395446777e+00,-8.494887351989746094e-01,-1.043495535850524902e+00,-5.911027789115905762e-01,-9.654982089996337891e-01,-1.693390488624572754e+00,-1.319035649299621582e+00,-1.171733975410461426e+00,-5.091018080711364746e-01,-1.456750750541687012e+00,-1.354540467262268066e+00,-8.435177803039550781e-01,-6.059554219245910645e-01,-2.918110132217407227e+00,-4.675826132297515869e-01,-4.051738083362579346e-01,-2.112600803375244141e+00,-1.609638094902038574e+00,-8.766506910324096680e-01,4.027546942234039307e-02
-1.735286951065063477e+00,-8.065352439880371094e-01,-4.398093223571777344e-01,-5.011137127876281738e-01,-6.605185270309448242e-01,-7.573606967926025391e-01,-3.976576328277587891e-01,-6.730925440788269043e-01,-1.318519413471221924e-01,3.369396328926086426e-01,-1.484018117189407349e-01,2.821309864521026611e-01,-4.998241961002349854e-01,-1.231699943542480469e+00,-1.167739987373352051e+00,-1.560980916023254395e+00,-1.159541964530944824e+00,-7.540336251258850098e-01,-1.022591233253479004e+00,-5.029979944229125977e-01
2.814697921276092529e-01,3.152358233928680420e-01,-1.746578693389892578e+00,5.723811388015747070e-01,5.538371205329895020e-01,-3.608779013156890869e-01,-9.310409426689147949e-02,-8.072659373283386230e-01,-9.062187075614929199e-01,-9.037271142005920410e-01,9.520407915115356445e-01,-4.684283137321472168e-01,2.108912914991378784e-01,-4.333255589008331299e-01,-9.542299509048461914e-01,-6.288380622863769531e-01,-2.902518272399902344e+00,-6.901613473892211914e-01,-7.247890830039978027e-01,-5.810750126838684082e-01
-8.078168630599975586e-01,-4.740943014621734619e-01,-9.784371852874755859e-01,-5.357694029808044434e-01,3.924275040626525879e-01,1.008454322814941406e+00,-5.607904195785522461e-01,-5.576357841491699219e-01,-1.627119421958923340e+00,1.688052773475646973e+00,-7.293459773063659668e-01,2.328886091709136963e-01,-1.611087203025817871e+00,-2.077277004718780518e-02,-4.266852736473083496e-01,-6.709875464439392090e-01,-4.001729190349578857e-01,-7.110946774482727051e-01,-1.819890856742858887e+00,-5.307787060737609863e-01
-7.336193323135375977e-01,-1.217305183410644531e+00,-9.734864234924316406e-01,-8.533934950828552246e-01,-6.722421050071716309e-01,-9.591191411018371582e-01,-6.735016703605651855e-01,8.564420938491821289e-01,-1.420959234237670898e+00,-9.814751744270324707e-01,-1.558726549148559570e+00,-1.569299548864364624e-01,-1.865782260894775391e+00,-8.150317668914794922e-01,-1.012628912925720215e+00,1.436862200498580933e-01,-1.484293937683105469e+00,-1.849955320358276367e-02,-8.948959708213806152e-01,-9.142253398895263672e-01
8.916870355606079102e-01,-2.114397883415222168e-01,9.459003806114196777e-01,7.359622120857238770e-01,1.852623820304870605e-01,9.425125122070312500e-01,-1.858820796012878418e+00,1.134251475334167480e+00,9.905349612236022949e-01,1.201897144317626953e+00,4.254003763198852539e-01,-1.301836371421813965e-01,1.746904253959655762e-01,1.176316857337951660e+00,4.129172265529632568e-01,3.792913258075714111e-01,2.315747976303100586e+00,4.245847463607788086e-01,-7.392817139625549316e-01,5.741747617721557617e-01
-1.690481066703796387e+00,-1.483105421066284180e+00,-1.852062225341796875e+00,-1.469014048576354980e+00,-5.601881146430969238e-01,-1.784570932388305664e+00,-1.812174320220947266e+00,-1.154420018196105957e+00,-1.498830080032348633e+00,-1.708479166030883789e+00,-2.342031240463256836e+00,-1.037620186805725098e+00,-1.533048987388610840e+00,-1.489466547966003418e+00,-1.489894986152648926e+00,-1.566719532012939453e+00,-2.328600168228149414e+00,-1.615616679191589355e+00,-1.440191984176635742e+00,-1.434374332427978516e+00
-7.732121348381042480e-01,3.125794231891632080e-01,1.098003983497619629e+00,-1.322085857391357422e-01,2.394272983074188232e-01,-2.578277587890625000e-01,7.069616019725799561e-02,5.232847929000854492e-01,1.030916810035705566e+00,-4.619128108024597168e-01,9.541655182838439941e-01,-9.917652234435081482e-03,1.178022623062133789e-01,-3.515769839286804199e-01,-1.497560977935791016e+00,-8.059217929840087891e-01,-2.965354025363922119e-01,1.420159637928009033e-01,-6.184202432632446289e-01,-2.207090258598327637e-01
-2.178939580917358398e+00,-1.265989661216735840e+00,-7.795198559761047363e-01,-1.071277022361755371e+00,-5.723663568496704102e-01,-7.055682539939880371e-01,-1.564612269401550293e+00,-8.536329269409179688e-01,-9.113997817039489746e-01,-9.561367630958557129e-01,-6.387543678283691406e-01,-6.870143413543701172e-01,-1.206058740615844727e+00,-1.990719199180603027e+00,-1.693049550056457520e+00,-8.860439062118530273e-01,-1.537364721298217773e+00,-8.011673092842102051e-01,-1.453112959861755371e+00,-1.123702645301818848e+00
1.237900018692016602e+00,4.914058446884155273e-01,1.840669035911560059e+00,9.826713204383850098e-01,2.511427402496337891e+00,5.940642952919006348e-01,-7.306434959173202515e-02,6.906209588050842285e-01,1.100965857505798340e+00,3.644443154335021973e-01,1.014247655868530273e+00,3.827800452709197998e-01,9.752707928419113159e-02,9.772952198982238770e-01,1.049868226051330566e+00,9.816513657569885254e-01,3.706883192062377930e-01,1.711869239807128906e+00,-3.620534241199493408e-01,4.333645701408386230e-01
-8.942869305610656738e-01,-1.571326971054077148e+00,-8.048064112663269043e-01,-1.607472777366638184e+00,-8.016680479049682617e-01,-1.180554270744323730e+00,-1.106767296791076660e+00,-7.367395758628845215e-01,-1.407310843467712402e+00,-9.874900579452514648e-01,-9.470365643501281738e-01,-1.130194187164306641e+00,-8.728665113449096680e-01,-1.998831152915954590e+00,-1.070219874382019043e+00,-1.142982840538024902e+00,-1.023200988769531250e+00,-5.205005407333374023e-01,-2.172493934631347656e-01,-1.534923315048217773e+00
9.350634217262268066e-01,6.320502758026123047e-01,-1.487322002649307251e-01,3.954420983791351318e-01,1.587952822446823120e-01,8.771426975727081299e-02,1.509821534156799316e+00,-2.382166385650634766e-01,1.784000039100646973e+00,1.455669999122619629e-01,9.702172875404357910e-01,-1.547019481658935547e-01,3.472413122653961182e-01,2.131519615650177002e-01,4.699770808219909668e-01,4.057593047618865967e-01,-5.318338871002197266e-01,2.222591191530227661e-01,1.547248482704162598e+00,5.261757969856262207e-01
-1.586198210716247559e+00,-8.148611187934875488e-01,-4.863982498645782471e-01,-1.045547146350145340e-02,-8.055076599121093750e-01,-1.884696960449218750e+00,-1.088543057441711426e+00,-3.963709473609924316e-01,-7.502400875091552734e-02,-1.626708269119262695e+00,-9.985609650611877441e-01,9.617149084806442261e-02,-4.863040447235107422e-01,-6.314287781715393066e-01,-1.064654707908630371e+00,-1.438178777694702148e+00,-2.425380051136016846e-01,-3.477018773555755615e-01,-9.600082039833068848e-01,-2.371679395437240601e-01
-4.904705584049224854e-01,-6.325818300247192383e-01,-7.894170880317687988e-01,-5.064557194709777832e-01,-8.844586014747619629e-01,3.217551708221435547e-01,-3.912852406501770020e-01,1.687333732843399048e-01,-1.051687479019165039e+00,-4.289828240871429443e-01,1.442636996507644653e-01,-4.579941034317016602e-01,-1.187934875488281250e-01,-1.430645346641540527e+00,5.171452164649963379e-01,-9.765160679817199707e-01,7.150570750236511230e-01,-1.131177663803100586e+00,-5.098209902644157410e-02,-1.099130868911743164e+00
8.620926737785339355e-02,-1.488451510667800903e-01,5.242441892623901367e-01,4.533135592937469482e-01,4.936036467552185059e-01,4.142128229141235352e-01,9.917472600936889648e-01,8.731157183647155762e-01,1.499219059944152832e+00,3.490026891231536865e-01,-7.558643817901611328e-01,8.489238619804382324e-01,5.786069035530090332e-01,2.516281843185424805e+00,4.015382826328277588e-01,7.814137339591979980e-01,7.756626009941101074e-01,2.236161470413208008e+00,-2.297690063714981079e-01,5.193670094013214111e-02
4.179392755031585693e-01,3.599196076393127441e-01,-7.481086850166320801e-01,2.873807251453399658e-01,2.570316791534423828e-01,2.345853745937347412e-01,2.329516410827636719e+00,3.998160362243652344e-01,1.112442255020141602e+00,-1.000348031520843506e-01,2.207208156585693359e+00,9.626395106315612793e-01,1.281717270612716675e-01,-1.502345204353332520e+00,1.217576980590820312e+00,1.263215690851211548e-01,1.115825176239013672e+00,3.786925971508026123e-01,3.860895931720733643e-01,3.855520486831665039e-01
-7.741705179214477539e-01,2.215370386838912964e-01,-9.350489377975463867e-01,7.585298418998718262e-01,-1.214179545640945435e-01,2.811205089092254639e-01,-5.578126907348632812e-01,-1.704326421022415161e-01,1.268696412444114685e-02,2.764197289943695068e-01,-9.178956747055053711e-01,9.348677992820739746e-01,1.825808286666870117e-01,8.109979629516601562e-01,-9.792829155921936035e-01,6.388857960700988770e-01,2.544980347156524658e-01,-6.905354261398315430e-01,1.031879544258117676e+00,1.885695606470108032e-01
4.382469654083251953e-01,3.493997752666473389e-01,-8.239510059356689453e-01,-9.036521315574645996e-01,2.129200935363769531e+00,-4.958252906799316406e-01,1.554462760686874390e-01,1.998421996831893921e-01,8.230129256844520569e-03,-3.957619965076446533e-01,1.052057817578315735e-01,1.880429685115814209e-01,5.906355381011962891e-02,4.067909717559814453e-01,-9.761675000190734863e-01,4.857551455497741699e-01,-2.131228595972061157e-01,-4.401378333568572998e-03,-2.799919545650482178e-01,-5.156165957450866699e-01
2.883436381816864014e-01,-2.543225884437561035e-01,-4.436702430248260498e-01,-7.304315567016601562e-01,-1.187591195106506348e+00,-6.075827479362487793e-01,-2.783198654651641846e-01,-5.434136390686035156e-01,-8.528110384941101074e-01,-8.112044334411621094e-01,-2.713652610778808594e+00,-9.079407453536987305e-01,4.518914222717285156e-02,-8.404220342636108398e-01,-1.214890837669372559e+00,-8.520440757274627686e-02,-7.965689897537231445e-01,1.214329078793525696e-01,-3.130345940589904785e-01,-3.169161677360534668e-01
2.284546792507171631e-01,-1.621879637241363525e-01,-7.568200826644897461e-01,-4.355232715606689453e-01,2.490449100732803345e-01,5.944082140922546387e-01,5.473387837409973145e-01,4.479543864727020264e-01,4.110235348343849182e-02,4.114518761634826660e-01,-8.526173830032348633e-01,8.617728352546691895e-01,1.397511810064315796e-01,-2.579887807369232178e-01,-1.303099989891052246e+00,-6.006136164069175720e-02,1.002291083335876465e+00,4.869325757026672363e-01,1.143417730927467346e-01,6.957006454467773438e-01
1.496599674224853516e+00,1.634968161582946777e+00,1.257896304130554199e+00,4.319424629211425781e-01,1.223564028739929199e+00,1.220266819000244141e+00,1.049872279167175293e+00,1.289325356483459473e+00,7.308772206306457520e-01,3.575961887836456299e-01,2.714461326599121094e+00,2.115129947662353516e+00,1.192395329475402832e+00,1.086616516113281250e+00,6.976752281188964844e-01,9.071014523506164551e-01,1.427907466888427734e+00,8.171104788780212402e-01,1.038355469703674316e+00,5.344057679176330566e-01
3.373055756092071533e-01,5.455703139305114746e-01,-8.179730176925659180e-01,3.009997010231018066e-01,-2.090584784746170044e-01,-1.373528242111206055e-01,1.807421296834945679e-01,-2.150476425886154175e-01,9.971015453338623047e-01,-5.079005956649780273e-01,-5.627474784851074219e-01,-8.462259769439697266e-01,2.510150074958801270e-01,-5.945638418197631836e-01,9.175686538219451904e-02,-2.793855965137481689e-01,-9.526026248931884766e-01,1.773055642843246460e-01,3.636520504951477051e-01,-8.750697970390319824e-01
-2.289831638336181641e+00,-1.067508220672607422e+00,-1.674285769462585449e+00,-1.152199149131774902e+00,-2.202259540557861328e+00,-1.242597937583923340e+00,-1.128900051116943359e+00,-3.494507670402526855e-01,-1.043057203292846680e+00,-8.352314829826354980e-01,-1.420017838478088379e+00,-9.322420358657836914e-01,-4.595182836055755615e-01,-1.493358373641967773e+00,-1.274013996124267578e+00,-1.393020868301391602e+00,-1.544973015785217285e+00,-1.653735399246215820e+00,-6.446448564529418945e-01,-9.770059585571289062e-01
-1.193504333496093750e-01,1.476536393165588379e-01,-4.376980364322662354e-01,-3.598811328411102295e-01,-4.057142138481140137e-01,5.317680239677429199e-01,-5.960209369659423828e-01,-2.998123764991760254e-01,8.399283885955810547e-01,-2.184942215681076050e-01,-9.043340682983398438e-01,-2.755370438098907471e-01,-1.527048110961914062e+00,6.436274051666259766e-01,-4.454082250595092773e-01,3.507733941078186035e-01,-7.906643152236938477e-01,2.412096410989761353e-01,-3.364254832267761230e-01,1.999688744544982910e-01
-9.777175188064575195e-01,-1.328261375427246094e+00,-2.996687591075897217e-01,-3.863313198089599609e-01,6.025303900241851807e-02,-5.701776742935180664e-01,2.007921412587165833e-02,1.967894881963729858e-01,-6.647726297378540039e-01,-4.729835391044616699e-01,-6.038686633110046387e-01,-3.984169661998748779e-01,-1.014847755432128906e+00,-1.071361660957336426e+00,-4.264754056930541992e-01,-1.027517318725585938e+00,-2.065189778804779053e-01,-3.093846142292022705e-01,-1.121958494186401367e+00,-3.911634087562561035e-01
1.444189190864562988e+00,1.346446394920349121e+00,8.260075449943542480e-01,3.467871546745300293e-01,4.632151424884796143e-01,1.121747493743896484e+00,8.867902755737304688e-01,1.330383777618408203e+00,2.112906694412231445e+00,5.205368995666503906e-01,1.550291538238525391e+00,4.893526136875152588e-01,7.468663454055786133e-01,3.830662965774536133e-01,1.140022873878479004e+00,9.719128012657165527e-01,1.702665805816650391e+00,1.288436532020568848e+00,1.666613698005676270e+00,3.537630438804626465e-01
2.019856870174407959e-01,-2.031203955411911011e-01,7.068304419517517090e-01,5.319110676646232605e-02,4.694160521030426025e-01,2.851873040199279785e-01,1.061543971300125122e-01,1.176369905471801758e+00,3.057141602039337158e-01,4.358226358890533447e-01,1.012083649635314941e+00,5.836921334266662598e-01,2.947149753570556641e+00,5.121799111366271973e-01,9.141458868980407715e-01,-2.346800565719604492e-01,-1.771557211875915527e+00,4.064536690711975098e-01,4.660945236682891846e-01,3.986004292964935303e-01
-3.404919803142547607e-01,3.834629058837890625e-01,-1.555330753326416016e-01,-5.235000699758529663e-02,8.093430995941162109e-01,1.568467855453491211e+00,-5.019477009773254395e-01,8.925417065620422363e-01,3.232150673866271973e-01,2.170654684305191040e-01,2.731169164180755615e-01,-1.426293015480041504e+00,1.713567674160003662e-01,-5.319557189941406250e-01,-2.316894084215164185e-01,-2.766366302967071533e-01,1.318971633911132812e+00,-3.386869728565216064e-01,5.090651512145996094e-01,5.811167359352111816e-01
-2.629977464675903320e-01,-9.650446176528930664e-01,-5.207753777503967285e-01,-9.631720781326293945e-01,1.099082455039024353e-01,9.729406833648681641e-01,1.840941905975341797e-01,-1.898577660322189331e-01,-7.317137718200683594e-02,-3.207113146781921387e-01,-4.938024878501892090e-01,9.741248488426208496e-01,-1.021883130073547363e+00,-2.281704396009445190e-01,-2.217162251472473145e-01,-5.086297392845153809e-01,-2.546907067298889160e-01,2.363393902778625488e-01,-2.795217633247375488e-01,-5.392850637435913086e-01
2.988403558731079102e+00,1.348443865776062012e+00,2.357308149337768555e+00,1.041263341903686523e+00,2.801119089126586914e+00,9.588562250137329102e-01,1.783392786979675293e+00,1.238925814628601074e+00,9.168677926063537598e-01,8.801849484443664551e-01,1.775221824645996094e+00,1.143375873565673828e+00,1.092067956924438477e+00,1.803856849670410156e+00,1.680966973304748535e+00,5.295870900154113770e-01,1.956577539443969727e+00,2.105094432830810547e+00,1.922600865364074707e+00,1.614541411399841309e+00
3.424237370491027832e-01,7.326073646545410156e-01,8.976045846939086914e-01,9.987947344779968262e-01,8.937152028083801270e-01,1.259491682052612305e+00,2.714975118637084961e+00,1.367509007453918457e+00,6.015699505805969238e-01,2.017332077026367188e+00,1.008359789848327637e+00,1.101825475692749023e+00,1.048385262489318848e+00,1.712752342224121094e+00,1.333539485931396484e+00,2.777169644832611084e-01,1.010099172592163086e+00,1.693042516708374023e+00,1.084707856178283691e+00,1.531801372766494751e-01
1.120357681065797806e-02,-1.389058113098144531e+00,-1.093248963356018066e+00,2.276206463575363159e-01,-1.134052872657775879e+00,-1.463309764862060547e+00,-8.388355374336242676e-01,-5.157940387725830078e-01,-1.177341699600219727e+00,-3.034427464008331299e-01,-5.415971875190734863e-01,-1.257534146308898926e+00,-9.191173911094665527e-01,-7.040923237800598145e-01,-1.134030222892761230e+00,-4.023805558681488037e-01,-3.376984298229217529e-01,-1.466557502746582031e+00,-5.265876054763793945e-01,-1.078935503959655762e+00
6.747867465019226074e-01,9.495269060134887695e-01,1.918085932731628418e+00,1.298397898674011230e+00,1.648064404726028442e-01,5.399997830390930176e-01,1.399748682975769043e+00,3.852551877498626709e-01,7.956691384315490723e-01,1.723190844058990479e-01,4.632543027400970459e-01,-4.932346940040588379e-02,5.962328314781188965e-01,2.456062287092208862e-01,3.099790215492248535e-01,-1.630762219429016113e-01,1.352273583412170410e+00,9.059616327285766602e-01,7.586925476789474487e-02,-2.167588919401168823e-01
-1.490980968810617924e-03,3.622047603130340576e-02,3.337444067001342773e-01,-2.597958743572235107e-01,-5.518901348114013672e-01,5.017370581626892090e-01,3.512240946292877197e-01,-2.738937139511108398e-01,2.378744632005691528e-02,-3.370015025138854980e-01,-2.699735462665557861e-01,2.730854153633117676e-01,-1.447004556655883789e+00,-1.009118914604187012e+00,-8.367093801498413086e-01,-1.435169935226440430e+00,2.745680510997772217e-01,-2.387933284044265747e-01,-3.516680896282196045e-01,8.578968048095703125e-01
1.838448643684387207e-01,1.257717460393905640e-01,-1.126914858818054199e+00,2.598501145839691162e-01,4.033563137054443359e-01,-5.444045662879943848e-01,-4.085246622562408447e-01,-4.629964008927345276e-02,-5.277628898620605469e-01,6.993960738182067871e-01,-2.372314184904098511e-01,-3.707367479801177979e-01,9.406839013099670410e-01,-2.547992169857025146e-01,-9.345110654830932617e-01,1.184787899255752563e-01,-1.034667968750000000e+00,-1.816497296094894409e-01,-2.527153193950653076e-01,8.226459026336669922e-01
-2.494858503341674805e+00,-1.523167192935943604e-01,-4.183017313480377197e-01,-9.517260193824768066e-01,-4.837840199470520020e-01,-6.662473082542419434e-01,-1.005725502967834473e+00,-5.043962970376014709e-02,-9.790629148483276367e-01,-9.338251948356628418e-01,-1.154764413833618164e+00,-7.828265428543090820e-01,7.599765807390213013e-02,-1.652328610420227051e+00,-2.815755605697631836e+00,-2.141685932874679565e-01,-1.916728138923645020e+00,-7.575295567512512207e-01,-2.828639984130859375e+00,-8.062276840209960938e-01
4.202989041805267334e-01,2.590840160846710205e-01,1.132968664169311523e+00,-1.263981014490127563e-01,4.767894744873046875e-01,9.337360858917236328e-01,1.058948278427124023e+00,4.735073745250701904e-01,4.486864805221557617e-01,-1.178441286087036133e+00,1.952727884054183960e-01,-2.929699122905731201e-01,9.315934181213378906e-01,-2.256711870431900024e-01,3.825405240058898926e-01,-1.409569025039672852e+00,-2.951601147651672363e-01,2.581987380981445312e-01,2.834509313106536865e-01,3.043290376663208008e-01
4.035566151142120361e-01,-2.203463613986968994e-01,1.300730824470520020e+00,-1.072639822959899902e-01,1.184154748916625977e+00,3.824652433395385742e-01,3.150739073753356934e-01,-1.672198250889778137e-02,1.077316761016845703e+00,2.081960290670394897e-01,1.171274900436401367e+00,4.079433381557464600e-01,1.070547223091125488e+00,-6.125869601964950562e-02,-2.713360786437988281e+00,2.887422144412994385e-01,-1.406461298465728760e-01,3.624167740345001221e-01,1.770396471023559570e+00,4.690859019756317139e-01
9.034572839736938477e-01,7.748898267745971680e-01,1.056993976235389709e-01,4.344845116138458252e-01,5.588472634553909302e-02,3.921440541744232178e-01,4.016877412796020508e-01,-2.626557089388370514e-02,-3.625661134719848633e-01,1.602864712476730347e-01,1.169890999794006348e+00,2.824167013168334961e-01,-2.312029749155044556e-01,5.874395743012428284e-02,-1.570532172918319702e-01,1.713677495718002319e-01,1.578363299369812012e+00,1.067498475313186646e-01,2.150497883558273315e-01,2.136036306619644165e-01
-8.859786391258239746e-02,-5.290911197662353516e-01,-4.782147109508514404e-01,-9.581857174634933472e-02,-1.161761760711669922e+00,-1.184085726737976074e+00,-9.045197367668151855e-01,-1.507153987884521484e+00,-3.306092619895935059e-01,-5.503250360488891602e-01,3.019675314426422119e-01,-5.370914936065673828e-01,-1.001216292381286621e+00,-4.719182848930358887e-01,-9.011449217796325684e-01,7.923517823219299316e-01,3.084302246570587158e-01,-1.332169532775878906e+00,-5.758746862411499023e-01,-1.223916769027709961e+00
-1.183481693267822266e+00,-7.003801465034484863e-01,1.758057624101638794e-01,-4.429618716239929199e-01,-1.715742945671081543e+00,-6.329327225685119629e-01,4.837261140346527100e-01,-4.419825971126556396e-01,-2.075516432523727417e-01,2.492671832442283630e-03,-1.028451085090637207e+00,-8.265612125396728516e-01,-1.244327068328857422e+00,-5.433160066604614258e-01,-1.088104367256164551e+00,-3.503159284591674805e-01,-8.102962374687194824e-01,2.722577750682830811e-01,-1.539649248123168945e+00,-6.974486112594604492e-01
6.415321826934814453e-01,4.338153600692749023e-01,1.618699073791503906e+00,-3.600031733512878418e-01,6.906748414039611816e-01,1.069873213768005371e+00,9.947584867477416992e-01,-4.336218908429145813e-02,5.752337574958801270e-01,-3.988823890686035156e-01,5.117925405502319336e-01,-3.923366069793701172e-01,2.644394934177398682e-01,5.917801260948181152e-01,4.397497475147247314e-01,1.304176926612854004e+00,1.017959237098693848e+00,8.210262060165405273e-01,-3.301995694637298584e-01,7.807018160820007324e-01
-1.059096455574035645e+00,-2.799596488475799561e-01,-5.585556626319885254e-01,-5.418489575386047363e-01,-1.770207762718200684e+00,-1.107632875442504883e+00,-1.424169540405273438e+00,-1.989209294319152832e+00,-7.968603819608688354e-02,-3.623113632202148438e-01,-3.726289570331573486e-01,-4.181082546710968018e-01,-1.846955537796020508e+00,-7.387208342552185059e-01,-5.778228640556335449e-01,-1.028272747993469238e+00,-3.006677925586700439e-01,-5.623449087142944336e-01,-1.592462778091430664e+00,-1.804159581661224365e-01
9.070304036140441895e-01,-7.266408801078796387e-01,7.590963840484619141e-01,1.076220750808715820e+00,1.103658676147460938e+00,2.543854117393493652e-01,3.982763588428497314e-01,-3.499827980995178223e-01,7.603239417076110840e-01,4.133009016513824463e-01,7.687569856643676758e-01,1.360408961772918701e-01,1.153041273355484009e-01,-5.522110685706138611e-02,1.243731856346130371e+00,2.604424655437469482e-01,-2.544614076614379883e-01,1.024698495864868164e+00,4.768134951591491699e-01,2.957029640674591064e-01
-1.228196322917938232e-01,3.872468769550323486e-01,3.733114600181579590e-01,3.051993250846862793e-01,4.707534313201904297e-01,-3.951900303363800049e-01,-1.987721621990203857e-01,-7.278580069541931152e-01,1.697075009346008301e+00,8.155421018600463867e-01,1.006016254425048828e+00,1.340185701847076416e-01,3.074361085891723633e-01,8.776795864105224609e-01,5.229912996292114258e-01,2.766125202178955078e-01,5.511392354965209961e-01,3.387466669082641602e-01,4.800140261650085449e-01,1.548063635826110840e+00
-3.692465424537658691e-01,2.646718025207519531e-01,-1.286054309457540512e-02,9.177196770906448364e-02,8.969321846961975098e-02,2.771857082843780518e-01,1.585416555404663086e+00,-2.852500379085540771e-01,1.487964034080505371e+00,5.378719568252563477e-01,-9.520215988159179688e-01,3.689608275890350342e-01,1.048132777214050293e+00,4.080192446708679199e-01,9.303085803985595703e-01,-2.511189319193363190e-02,-3.787098228931427002e-01,5.934899449348449707e-01,2.308248579502105713e-01,-3.004019558429718018e-01
-2.931739330291748047e+00,-1.266297578811645508e+00,-2.810940980911254883e+00,-3.826664090156555176e-01,-1.778089046478271484e+00,-1.177355408668518066e+00,-1.004001617431640625e+00,-1.154190063476562500e+00,-1.851583957672119141e+00,2.942162156105041504e-01,-1.569598197937011719e+00,-5.718462467193603516e-01,-1.158305883407592773e+00,-8.080448508262634277e-01,-1.013356208801269531e+00,-1.053885102272033691e+00,-1.033236384391784668e+00,-1.605199217796325684e+00,-1.856129884719848633e+00,-4.158545434474945068e-01
-9.971564412117004395e-01,-4.746576249599456787e-01,-6.963822841644287109e-01,1.610180735588073730e-01,-6.092112064361572266e-01,-1.265855073928833008e+00,-1.093569874763488770e+00,-1.004704356193542480e+00,3.347919583320617676e-01,-1.344026923179626465e+00,3.702517151832580566e-01,-8.492187261581420898e-01,-1.051010251045227051e+00,-7.160665392875671387e-01,-1.966986656188964844e+00,-1.215386748313903809e+00,-1.651453137397766113e+00,-1.672413945198059082e+00,-1.778873205184936523e+00,-6.494699120521545410e-01
5.556687712669372559e-01,2.155848026275634766e+00,-7.812089473009109497e-02,7.112554907798767090e-01,-2.788817286491394043e-01,7.257074713706970215e-01,8.981100320816040039e-01,4.369045495986938477e-01,1.063436865806579590e+00,1.309190243482589722e-01,-7.578819058835506439e-03,-3.462971001863479614e-02,-1.829587370157241821e-01,-3.627303242683410645e-01,-1.894286274909973145e-02,-8.998168259859085083e-02,-8.151791691780090332e-01,4.993738830089569092e-01,6.395621895790100098e-01,-3.410058021545410156e-01
-1.276292055845260620e-01,9.430941939353942871e-02,-3.859089016914367676e-01,-1.167698875069618225e-01,2.124408334493637085e-01,1.696442067623138428e-01,-4.646300077438354492e-01,-6.672301888465881348e-02,-3.258341550827026367e-01,5.181919932365417480e-01,-3.235879167914390564e-02,7.804499566555023193e-02,-2.295851945877075195e+00,-1.474180519580841064e-01,-4.704556465148925781e-01,-9.925743341445922852e-01,4.425816535949707031e-01,4.269632697105407715e-01,-3.365557193756103516e-01,-1.895445585250854492e-01
4.669187366962432861e-01,1.681806683540344238e+00,1.993123769760131836e+00,8.159219026565551758e-01,1.044370412826538086e+00,6.614763736724853516e-01,8.019214868545532227e-01,1.209283351898193359e+00,1.586137175559997559e+00,8.811540603637695312e-01,1.586155295372009277e+00,1.483374476432800293e+00,9.232453107833862305e-01,1.365013480186462402e+00,1.273938536643981934e+00,4.120809435844421387e-01,4.450356364250183105e-01,1.044135451316833496e+00,1.083935379981994629e+00,2.716273069381713867e-01
1.179493546485900879e+00,6.396049261093139648e-01,4.434042572975158691e-01,1.136189699172973633e+00,1.444701790809631348e+00,4.537120759487152100e-01,2.243353053927421570e-02,1.669895887374877930e+00,5.867580175399780273e-01,-1.080383211374282837e-01,6.229947209358215332e-01,9.644896388053894043e-01,7.160742282867431641e-01,1.374252200126647949e+00,3.997336924076080322e-01,8.055043220520019531e-02,1.682998538017272949e+00,1.802551984786987305e+00,3.234794735908508301e-01,1.804716348648071289e+00
2.015145719051361084e-01,3.011969029903411865e-01,3.752612471580505371e-01,2.980089187622070312e+00,-5.729232430458068848e-01,1.031932234764099121e+00,-1.990168541669845581e-01,1.001842737197875977e+00,1.808261722326278687e-01,1.477652072906494141e+00,2.188721448183059692e-01,3.641554713249206543e-01,1.289590001106262207e+00,9.931397438049316406e-01,9.858427941799163818e-02,2.363914400339126587e-01,6.788676381111145020e-01,3.435938358306884766e-01,7.369624972343444824e-01,1.576857924461364746e+00
2.010126560926437378e-01,2.147503197193145752e-01,2.825361788272857666e-01,-2.706848084926605225e-01,2.265708595514297485e-01,1.247977852821350098e+00,-2.196970283985137939e-01,5.094413161277770996e-01,1.031785368919372559e+00,4.681603014469146729e-01,-8.688580244779586792e-02,8.749353289604187012e-01,1.285936385393142700e-01,-2.411680519580841064e-01,-5.570386052131652832e-01,2.308434396982192993e-01,1.027174115180969238e+00,3.303258717060089111e-01,5.894783735275268555e-01,1.018456339836120605e+00
-5.602798238396644592e-02,2.121587038040161133e+00,4.980433881282806396e-01,-9.899937361478805542e-02,-8.735063076019287109e-01,9.481934905052185059e-01,2.086174488067626953e-01,5.898683667182922363e-01,2.792749404907226562e-01,-5.636050924658775330e-02,2.727580070495605469e-01,-1.868027001619338989e-01,1.650288581848144531e+00,-4.419943392276763916e-01,7.804106920957565308e-02,6.690183281898498535e-01,2.372424583882093430e-03,3.573210537433624268e-01,9.241784214973449707e-01,4.797368645668029785e-01
5.063188076019287109e-01,1.611398220062255859e+00,2.588275671005249023e-01,1.240803956985473633e+00,9.113106727600097656e-01,8.091360926628112793e-01,1.041113972663879395e+00,1.686150074005126953e+00,9.233278632164001465e-01,4.057485461235046387e-01,2.175683498382568359e+00,8.483002185821533203e-01,1.303445458412170410e+00,-4.547270834445953369e-01,5.452499985694885254e-01,3.409552574157714844e-02,7.414317131042480469e-01,6.587650775909423828e-01,4.143699109554290771e-01,2.884088158607482910e-01
9.153016209602355957e-01,9.244872331619262695e-01,-3.129095211625099182e-02,-4.182191193103790283e-01,-4.060358107089996338e-01,7.861139178276062012e-01,-8.704453110694885254e-01,1.062290310859680176e+00,1.799126625061035156e+00,5.033417344093322754e-01,1.601439356803894043e+00,-3.570370376110076904e-01,1.039245367050170898e+00,-3.575795888900756836e-01,7.131850123405456543e-01,5.016532540321350098e-01,8.819916844367980957e-01,1.561872363090515137e+00,6.786503791809082031e-01,-3.861840814352035522e-02
4.257989525794982910e-01,3.103499412536621094e-01,-6.795882433652877808e-02,2.920489013195037842e-01,-1.822408586740493774e-01,1.425036042928695679e-01,1.025881052017211914e+00,5.266529917716979980e-01,3.505869209766387939e-01,-6.119893491268157959e-02,-2.078067809343338013e-01,-1.145991683006286621e-02,1.657085299491882324e+00,-4.802011847496032715e-01,1.506737709045410156e+00,4.575570225715637207e-01,1.044208407402038574e+00,9.012289643287658691e-01,9.290255904197692871e-01,3.987891972064971924e-01
-1.417841434478759766e+00,-1.746547937393188477e+00,-1.136351823806762695e+00,-1.932922005653381348e-01,-1.774745583534240723e+00,-9.341968297958374023e-01,-8.707779049873352051e-01,-8.830468058586120605e-01,3.912819623947143555e-01,-4.339040517807006836e-01,-4.793540537357330322e-01,-5.259059071540832520e-01,-6.072448492050170898e-01,-4.928364753723144531e-01,-1.148218154907226562e+00,-1.446401715278625488e+00,-1.182562112808227539e+00,-2.403695136308670044e-01,-5.237681865692138672e-01,3.551552891731262207e-01
4.111348390579223633e-01,-2.441998124122619629e-01,-8.217045664787292480e-01,-9.409016370773315430e-01,3.919174969196319580e-01,-3.068445622920989990e-01,2.324729412794113159e-01,2.262257039546966553e-01,-3.391973674297332764e-01,-1.869965344667434692e-01,-3.897494971752166748e-01,-4.561277329921722412e-01,-5.417730808258056641e-01,-6.235749721527099609e-01,-1.568495154380798340e+00,-1.036421537399291992e+00,2.268520891666412354e-01,-5.200529694557189941e-01,-8.302848339080810547e-01,3.130908310413360596e-01
-1.426040053367614746e+00,-1.104516029357910156e+00,-2.360377073287963867e+00,-1.249244570732116699e+00,-2.371667146682739258e+00,-2.337209463119506836e+00,-2.431756496429443359e+00,-1.008196949958801270e+00,-2.335122346878051758e+00,-1.463271021842956543e+00,-1.471918225288391113e+00,-1.050153851509094238e+00,-1.564729452133178711e+00,-1.767557621002197266e+00,-2.306534051895141602e+00,-1.681195497512817383e+00,-4.117294549942016602e-01,-1.532724022865295410e+00,-7.132925987243652344e-01,-1.447838544845581055e+00
1.456462025642395020e+00,1.037484407424926758e+00,2.632449626922607422e+00,9.423859715461730957e-01,5.172011852264404297e-01,1.566563487052917480e+00,-1.650789231061935425e-01,1.236910462379455566e+00,1.359322428703308105e+00,5.248142480850219727e-01,2.709372520446777344e+00,1.378318369388580322e-01,1.893533229827880859e+00,1.636926651000976562e+00,2.361439317464828491e-01,5.313851237297058105e-01,-1.271276324987411499e-01,2.029116898775100708e-01,9.797656536102294922e-01,3.950140476226806641e-01
5.081840157508850098e-01,7.701690196990966797e-01,1.488236665725708008e+00,-1.258474439382553101e-01,9.520847797393798828e-01,-4.637662321329116821e-03,1.924342662096023560e-01,-5.336887761950492859e-02,3.141232728958129883e-01,-6.825661659240722656e-01,1.757684230804443359e+00,-4.182569980621337891e-01,1.086483478546142578e+00,4.501984417438507080e-01,3.332383632659912109e-01,4.227201342582702637e-01,5.289495587348937988e-01,4.126354157924652100e-01,1.866850554943084717e-01,1.907896250486373901e-01
-4.722955822944641113e-01,-4.854755699634552002e-01,-8.417584896087646484e-01,2.088217586278915405e-01,-5.683303475379943848e-01,1.741305142641067505e-01,-9.585336446762084961e-01,-8.848520517349243164e-01,-3.172174394130706787e-01,-3.588020205497741699e-01,-3.386227190494537354e-01,-6.199969053268432617e-01,1.698649823665618896e-01,-9.934359788894653320e-01,2.311581373214721680e+00,-1.069328665733337402e+00,-4.459549784660339355e-01,-6.702228188514709473e-01,-2.295219898223876953e-01,-1.601265668869018555e-01
-1.506438136100769043e+00,-1.775799155235290527e+00,-5.080735683441162109e-01,-1.591135561466217041e-01,-1.055010557174682617e+00,-2.872683703899383545e-01,-1.151388406753540039e+00,-8.059465289115905762e-01,-2.583721399307250977e+00,-7.819260358810424805e-01,-1.296417564153671265e-01,-2.798918187618255615e-01,-1.159023761749267578e+00,-7.925232648849487305e-01,-1.475909471511840820e+00,-1.472668647766113281e+00,-1.325639486312866211e+00,-1.103491783142089844e+00,-9.214140176773071289e-01,-1.328890085220336914e+00
-3.109710812568664551e-01,1.201378777623176575e-01,1.719033271074295044e-01,2.097115665674209595e-01,7.236015796661376953e-01,-2.089343219995498657e-01,-8.141694068908691406e-01,2.620453834533691406e-01,-4.415046274662017822e-01,-6.310982704162597656e-01,-4.276283681392669678e-01,-8.457937836647033691e-02,-3.423102498054504395e-01,-2.749376296997070312e-01,5.192088484764099121e-01,-3.174867928028106689e-01,-9.174758195877075195e-01,-2.095241993665695190e-01,-1.518208026885986328e+00,-8.182147890329360962e-02
-5.014405846595764160e-01,-1.511154055595397949e+00,2.507044970989227295e-01,3.413727283477783203e-01,-2.225898742675781250e+00,-1.424933671951293945e+00,9.495180100202560425e-02,2.946352958679199219e-01,9.503380060195922852e-01,2.446474581956863403e-01,-5.164645910263061523e-01,-2.137954682111740112e-01,-1.176046967506408691e+00,6.053476780652999878e-02,-2.493705749511718750e+00,3.812927901744842529e-01,2.408802658319473267e-01,-6.576844453811645508e-01,-2.983944714069366455e-01,9.547372162342071533e-02
-1.561400413513183594e+00,-4.079899787902832031e-01,-1.710616827011108398e+00,-3.663532733917236328e-01,-1.439645528793334961e+00,-2.147628366947174072e-01,-1.052394509315490723e+00,4.807069152593612671e-02,-7.215875387191772461e-01,-3.461272418498992920e-01,-2.105835676193237305e+00,-4.503790140151977539e-01,1.186692357063293457e+00,-5.004755854606628418e-01,1.806547880172729492e+00,-4.651480317115783691e-01,-7.963277101516723633e-01,1.283735223114490509e-02,-3.476320803165435791e-01,-2.166284024715423584e-01
8.830881714820861816e-01,4.655534923076629639e-01,-2.095078527927398682e-01,-5.763159990310668945e-01,-3.224535286426544189e-01,-4.600645899772644043e-01,2.026475220918655396e-01,-5.025835707783699036e-04,6.911195516586303711e-01,-2.118598967790603638e-01,9.707911312580108643e-02,-4.144279658794403076e-01,-1.765512704849243164e+00,-1.013143658638000488e+00,-2.256305217742919922e-01,-7.797726392745971680e-01,3.863658383488655090e-02,-3.043676018714904785e-01,-5.703447461128234863e-01,2.488765120506286621e-01
1.610683441162109375e+00,5.254706144332885742e-01,2.229541093111038208e-01,3.394899368286132812e-01,2.089596688747406006e-01,2.982657849788665771e-01,1.738567650318145752e-01,9.221583604812622070e-01,1.162518739700317383e+00,4.796513020992279053e-01,8.219583630561828613e-01,-3.576361835002899170e-01,1.138924002647399902e+00,6.892694830894470215e-01,4.544947743415832520e-01,4.771391153335571289e-01,-9.926764369010925293e-01,1.017810821533203125e+00,8.947094678878784180e-01,1.165595650672912598e+00
4.249645471572875977e-01,9.345557689666748047e-01,8.257593512535095215e-01,1.197194695472717285e+00,7.672317028045654297e-01,2.368570089340209961e+00,1.106307029724121094e+00,7.074762880802154541e-02,1.230507493019104004e+00,5.580685138702392578e-01,1.079894781112670898e+00,1.030153989791870117e+00,3.745115101337432861e-01,4.211459457874298096e-01,6.659247279167175293e-01,4.286273121833801270e-01,4.715199470520019531e-01,4.578019678592681885e-01,1.601923823356628418e+00,9.719306826591491699e-01
2.327819019556045532e-01,7.865801453590393066e-01,-6.144640594720840454e-02,-3.536711335182189941e-01,-4.975839555263519287e-01,-9.614214897155761719e-01,-4.607491493225097656e-01,-1.607515364885330200e-01,-3.265600502490997314e-01,1.504166238009929657e-02,2.257193922996520996e-01,2.536509633064270020e-01,-5.563653707504272461e-01,-2.999204099178314209e-01,-1.341193467378616333e-01,-6.923143267631530762e-01,4.071719646453857422e-01,1.261885881423950195e+00,7.868956923484802246e-01,7.192514091730117798e-02
-2.962947368621826172e+00,-2.162396311759948730e-01,-1.068303108215332031e+00,-1.584478095173835754e-02,-7.126665711402893066e-01,-9.804968833923339844e-01,-1.080845952033996582e+00,6.229810118675231934e-01,1.924167126417160034e-01,-3.767269849777221680e-01,-8.056908845901489258e-01,2.672002464532852173e-02,-1.081910729408264160e+00,2.861579954624176025e-01,-7.164136767387390137e-01,-8.962630480527877808e-02,2.882727384567260742e-01,-6.373378634452819824e-01,-1.495781183242797852e+00,9.338350035250186920e-03
-1.566859960556030273e+00,-7.564346790313720703e-01,-2.140403091907501221e-01,-1.167556405067443848e+00,1.106464385986328125e+00,-5.218812227249145508e-01,-1.495516061782836914e+00,-3.151419758796691895e-01,2.325316071510314941e-01,-3.329086303710937500e-01,-4.315530061721801758e-01,-1.151250481605529785e+00,-1.185656905174255371e+00,1.499211043119430542e-01,-2.541554927825927734e+00,-9.837457537651062012e-01,-2.359803318977355957e-01,-4.848402440547943115e-01,-5.865330696105957031e-01,-2.394503802061080933e-01
3.722960129380226135e-02,-9.802208542823791504e-01,-1.055852293968200684e+00,2.430438101291656494e-01,7.399711757898330688e-02,-1.051500558853149414e+00,-6.120738983154296875e-01,-1.562051773071289062e+00,-4.828318357467651367e-01,-5.144377797842025757e-02,-1.133908390998840332e+00,-8.620901703834533691e-01,3.987045884132385254e-01,-1.169607758522033691e+00,-9.344341158866882324e-01,-1.262819528579711914e+00,-4.184465706348419189e-01,-3.066501319408416748e-01,-3.571369349956512451e-01,-4.268493354320526123e-01
-2.671010732650756836e+00,-1.218535184860229492e+00,-7.112264037132263184e-01,-1.440981864929199219e+00,-2.190784454345703125e+00,-4.568002521991729736e-01,-2.921066999435424805e+00,-5.237686038017272949e-01,-1.870283365249633789e+00,-7.617877721786499023e-01,-2.161255121231079102e+00,-1.281377196311950684e+00,-6.664928197860717773e-01,-1.657696604728698730e+00,-1.803037405014038086e+00,-6.470726728439331055e-01,-1.789160609245300293e+00,-1.951363682746887207e+00,-2.361708164215087891e+00,-9.288269877433776855e-01
1.943359710276126862e-02,1.066000699996948242e+00,7.470758557319641113e-01,6.583769321441650391e-01,3.491210043430328369e-01,4.178531765937805176e-01,3.629468381404876709e-01,5.171942710876464844e-01,4.976202249526977539e-01,-1.259910315275192261e-01,-2.277304381132125854e-01,3.889682292938232422e-01,9.904764890670776367e-01,6.508253216743469238e-01,2.927284955978393555e+00,-3.052111566066741943e-01,4.036676883697509766e-01,3.920944631099700928e-01,5.220885276794433594e-01,9.255380034446716309e-01
-7.113247513771057129e-01,-9.977970123291015625e-01,-9.820532202720642090e-01,-1.031317830085754395e+00,-2.106702804565429688e+00,-3.793413639068603516e-01,-1.189197063446044922e+00,-1.031831026077270508e+00,-1.649583339691162109e+00,-1.219132900238037109e+00,-1.021020293235778809e+00,-2.507016420364379883e+00,-2.023023843765258789e+00,-1.516216158866882324e+00,-1.772944688796997070e+00,-1.042702317237854004e+00,-1.013306856155395508e+00,-1.556464076042175293e+00,-1.143251180648803711e+00,-1.031459331512451172e+00
-5.540979504585266113e-01,3.319738507270812988e-01,9.169614315032958984e-01,2.216368913650512695e+00,3.964608013629913330e-01,-3.586242794990539551e-01,-3.279412984848022461e-01,-2.714260816574096680e-01,-8.363550901412963867e-01,-3.411899209022521973e-01,3.980335593223571777e-01,8.248880505561828613e-01,5.320045351982116699e-01,-7.632834911346435547e-01,9.050374031066894531e-01,2.956944704055786133e-01,-6.770370900630950928e-02,-1.687343865633010864e-01,1.474528610706329346e-01,9.247883409261703491e-02
1.287237852811813354e-01,-1.080396175384521484e+00,-8.091809153556823730e-01,-4.563905894756317139e-01,-9.543066471815109253e-02,-1.028264164924621582e+00,-6.247261762619018555e-01,2.950324118137359619e-01,-5.347799658775329590e-01,-3.282197415828704834e-01,-9.130236506462097168e-01,-1.616134047508239746e+00,6.036448478698730469e-01,-8.479118943214416504e-01,-4.219797253608703613e-01,-1.446384429931640625e+00,-1.026966571807861328e+00,-5.984352827072143555e-01,-1.753038644790649414e+00,-4.532072246074676514e-01
8.031303286552429199e-01,1.539291501045227051e+00,9.964565038681030273e-01,1.636616826057434082e+00,8.435260653495788574e-01,1.085603237152099609e+00,-5.107607245445251465e-01,5.922119021415710449e-01,3.419828712940216064e-01,5.472828149795532227e-01,-3.965936303138732910e-01,-2.877498865127563477e-01,6.333301663398742676e-01,2.196475267410278320e-01,1.126714944839477539e+00,8.956848978996276855e-01,1.409393548965454102e+00,6.483005285263061523e-01,4.630092978477478027e-01,4.229861795902252197e-01
7.112592458724975586e-01,3.215179145336151123e-01,7.144437432289123535e-01,1.351146101951599121e+00,3.884803950786590576e-01,1.025500535964965820e+00,1.029416680335998535e+00,-1.794078014791011810e-02,4.496544301509857178e-01,6.463220119476318359e-01,9.238604307174682617e-01,2.457963526248931885e-01,1.421236276626586914e+00,8.530978560447692871e-01,1.684498548507690430e+00,1.045568346977233887e+00,-1.240417063236236572e-01,3.592808842658996582e-01,2.556228637695312500e-01,5.436848402023315430e-01
3.001196384429931641e-01,-8.477923870086669922e-01,3.005631268024444580e-01,1.002287149429321289e+00,2.626456916332244873e-01,5.071413516998291016e-01,2.247038334608078003e-01,-4.017083048820495605e-01,5.210931897163391113e-01,4.475158751010894775e-01,3.569158911705017090e-01,1.476571857929229736e-01,-9.755556583404541016e-01,4.686133265495300293e-01,1.066888093948364258e+00,3.599444925785064697e-01,7.740066051483154297e-01,-2.828283607959747314e-01,-3.760773316025733948e-02,-1.229049116373062134e-01
3.070670366287231445e-01,5.068547129631042480e-01,3.943194448947906494e-01,1.652440071105957031e+00,9.520825743675231934e-01,1.041253447532653809e+00,1.632946133613586426e+00,1.083700180053710938e+00,1.180214047431945801e+00,8.803289532661437988e-01,1.389421463012695312e+00,9.016790986061096191e-01,9.096390604972839355e-01,5.637248754501342773e-01,6.196082234382629395e-01,4.537424147129058838e-01,4.267375767230987549e-01,2.477962017059326172e+00,-1.827327311038970947e-01,9.749840497970581055e-01
-2.283760309219360352e-01,-2.965919673442840576e-01,-8.727487176656723022e-02,2.620002925395965576e-01,-3.996414244174957275e-01,-2.752414643764495850e-01,-3.602221012115478516e-01,1.086364034563302994e-02,-1.073076725006103516e+00,-1.039761781692504883e+00,-1.208563446998596191e+00,-1.386318206787109375e+00,-1.035411715507507324e+00,-4.848606884479522705e-01,-3.631985783576965332e-01,-1.869374066591262817e-01,2.655116617679595947e-01,-5.258469581604003906e-01,-3.578429818153381348e-01,1.392649859189987183e-01
-3.479854762554168701e-02,-2.074070274829864502e-01,1.335828900337219238e-01,-5.563279986381530762e-01,9.876290559768676758e-01,4.787928164005279541e-01,7.907664179801940918e-01,1.929675638675689697e-01,1.610714077949523926e+00,1.579041481018066406e+00,4.685153961181640625e-01,2.558577656745910645e-01,4.149371683597564697e-01,1.688565969467163086e+00,4.879618883132934570e-01,-4.667414128780364990e-01,2.793011069297790527e-01,9.060214757919311523e-01,1.981518268585205078e-01,-2.140004783868789673e-01
-3.491408228874206543e-01,4.561238884925842285e-01,4.519826471805572510e-01,6.300891041755676270e-01,5.231677889823913574e-01,-2.170163244009017944e-01,6.188072562217712402e-01,1.041963934898376465e+00,5.034921169281005859e-01,2.943616211414337158e-01,2.239711999893188477e+00,1.112790346145629883e+00,1.316020727157592773e+00,2.344940155744552612e-01,4.017215669155120850e-01,3.471573889255523682e-01,-1.674815773963928223e+00,5.582838654518127441e-01,8.504276871681213379e-01,4.442534446716308594e-01
2.904996275901794434e-01,8.000744134187698364e-02,1.598542809486389160e+00,4.800577461719512939e-01,3.261666893959045410e-01,9.401202797889709473e-01,-4.419643580913543701e-01,2.378338575363159180e-01,-7.441822290420532227e-01,-1.481498926877975464e-01,-3.460027873516082764e-01,3.434445261955261230e-01,-1.251112371683120728e-01,1.183436587452888489e-01,-9.369788169860839844e-01,4.395492672920227051e-01,1.514270901679992676e+00,-1.107475280761718750e+00,-3.055089414119720459e-01,3.414436578750610352e-01
7.965202331542968750e-01,-2.036925703287124634e-01,9.737378358840942383e-01,6.052349805831909180e-01,6.187404394149780273e-01,8.207976222038269043e-01,-6.094076633453369141e-01,9.180580973625183105e-01,2.320639640092849731e-01,6.441305875778198242e-01,1.724853038787841797e+00,3.743056058883666992e-01,1.023113369941711426e+00,1.133130073547363281e+00,7.999409437179565430e-01,1.925862431526184082e-01,1.607355475425720215e+00,1.741583108901977539e+00,4.198624193668365479e-01,4.762946963310241699e-01
2.759111225605010986e-01,1.636688113212585449e-01,-3.565852046012878418e-01,5.945031642913818359e-01,1.649413228034973145e+00,-1.945067793130874634e-01,8.808706402778625488e-01,5.729697346687316895e-01,-3.315009772777557373e-01,9.188864231109619141e-01,8.272515535354614258e-01,4.153138697147369385e-01,-2.823447883129119873e-01,-1.214627549052238464e-01,-1.351566433906555176e+00,-3.426792621612548828e-01,1.048972487449645996e+00,9.983467459678649902e-01,3.670466244220733643e-01,-3.727324306964874268e-01
1.493790388107299805e+00,5.227630734443664551e-01,2.194943428039550781e+00,1.688854694366455078e+00,1.892182230949401855e+00,8.582372665405273438e-01,1.125875830650329590e+00,9.488773941993713379e-01,2.987598419189453125e+00,6.403532624244689941e-01,1.525365948677062988e+00,1.310656666755676270e+00,6.796413064002990723e-01,1.155396580696105957e+00,1.730480313301086426e+00,8.557052016258239746e-01,1.371692657470703125e+00,1.358434557914733887e+00,2.244162559509277344e+00,4.212713837623596191e-01
-2.987401187419891357e-01,2.142204493284225464e-01,1.290154904127120972e-01,1.658666014671325684e+00,-4.490920007228851318e-01,-5.617027282714843750e-01,7.717577815055847168e-01,-4.363179504871368408e-01,-7.876487970352172852e-01,2.205317765474319458e-01,-4.767450690269470215e-01,-7.758875489234924316e-01,2.581347227096557617e-01,-1.862450540065765381e-01,3.123558461666107178e-01,-1.394501030445098877e-01,8.683914542198181152e-01,7.618901729583740234e-01,2.318143099546432495e-01,3.090589344501495361e-01
2.774924039840698242e-01,7.582101821899414062e-01,8.924312591552734375e-01,1.095646858215332031e+00,2.775113880634307861e-01,-1.889157295227050781e-01,2.059763669967651367e-01,1.793139934539794922e+00,1.167451024055480957e+00,2.471067905426025391e+00,1.881457567214965820e+00,1.071152806282043457e+00,9.744876027107238770e-01,1.060952186584472656e+00,2.429805248975753784e-01,1.592547893524169922e+00,7.564883232116699219e-01,-2.409803308546543121e-02,5.405341982841491699e-01,9.780084490776062012e-01
3.337475061416625977e-01,1.784271374344825745e-02,1.373089432716369629e+00,2.283786684274673462e-01,2.111465454101562500e+00,2.729214191436767578e+00,1.075503826141357422e+00,1.455814480781555176e+00,1.214322447776794434e+00,1.047589302062988281e+00,1.506418347358703613e+00,1.479022979736328125e+00,8.986560106277465820e-01,1.227543830871582031e+00,1.598288774490356445e+00,1.671979188919067383e+00,3.478002250194549561e-01,-6.496468931436538696e-02,1.211364030838012695e+00,2.314862966537475586e+00
-8.099411725997924805e-01,2.431907653808593750e-01,-1.427460312843322754e+00,2.423572540283203125e-01,2.964412569999694824e-01,-4.676374793052673340e-01,-9.319651126861572266e-01,2.076078765094280243e-02,-3.166741728782653809e-01,1.739064306020736694e-01,-1.664238125085830688e-01,5.257958173751831055e-01,8.083002567291259766e-01,8.243413567543029785e-01,-7.993298172950744629e-01,-3.532213866710662842e-01,2.217191696166992188e+00,-4.324805438518524170e-01,3.338180184364318848e-01,5.631088837981224060e-02
9.747778177261352539e-01,1.203689932823181152e+00,1.688745975494384766e+00,1.076267600059509277e+00,1.706156373023986816e+00,1.130523204803466797e+00,2.462233781814575195e+00,9.611218571662902832e-01,1.076779365539550781e+00,7.204003334045410156e-01,9.064301848411560059e-02,8.753902912139892578e-01,8.078990578651428223e-01,8.181592822074890137e-01,1.677855968475341797e+00,1.251891493797302246e+00,7.325606048107147217e-02,1.121002197265625000e+00,6.943702101707458496e-01,1.322082996368408203e+00
9.169481992721557617e-01,1.443658024072647095e-01,-1.088717579841613770e+00,2.115030884742736816e-01,-5.231117010116577148e-01,-1.277682930231094360e-01,-1.439751088619232178e-01,3.013046681880950928e-01,-1.156624555587768555e+00,-4.903048276901245117e-02,-1.755067944526672363e+00,-2.779058218002319336e-01,-9.736724495887756348e-01,-4.596627056598663330e-01,-1.127990007400512695e+00,1.885107010602951050e-01,-2.273761183023452759e-01,-4.041630029678344727e-01,-2.596394419670104980e-01,-9.291706681251525879e-01
-2.477497816085815430e+00,-1.123962044715881348e+00,-2.123448610305786133e+00,-8.216410279273986816e-01,-1.445914030075073242e+00,-1.811763405799865723e+00,-1.177078843116760254e+00,-1.150185704231262207e+00,-1.369924306869506836e+00,-7.478846311569213867e-01,-1.813816666603088379e+00,-7.034156918525695801e-01,-1.176005601882934570e+00,-3.418240547180175781e-01,-1.427735924720764160e+00,-1.712973237037658691e+00,-1.664062023162841797e+00,-6.909922957420349121e-01,-8.310881853103637695e-01,-9.330138564109802246e-01
1.522326350212097168e+00,2.047014236450195312e+00,1.874590158462524414e+00,1.116787910461425781e+00,2.545419454574584961e+00,1.712664842605590820e+00,2.231313467025756836e+00,1.731965780258178711e+00,1.747816205024719238e+00,1.888243556022644043e+00,2.233845740556716919e-01,1.210094928741455078e+00,2.684607267379760742e+00,1.321173071861267090e+00,1.840434789657592773e+00,6.096601486206054688e-01,2.412891149520874023e+00,1.456025123596191406e+00,9.447702765464782715e-01,1.164994716644287109e+00
1.758660376071929932e-01,-1.794495582580566406e-01,-3.199343979358673096e-01,4.884483516216278076e-01,1.027530193328857422e+00,-1.305568337440490723e+00,2.636226713657379150e-01,4.042327702045440674e-01,1.598078757524490356e-01,-3.156797885894775391e-01,9.912626147270202637e-01,3.829382658004760742e-01,-1.112191915512084961e+00,-1.768960803747177124e-01,-1.623369574546813965e+00,-3.224736154079437256e-01,3.014568388462066650e-01,2.764866650104522705e-01,3.821727037429809570e-01,9.920333325862884521e-02
1.101058363914489746e+00,1.946755051612854004e+00,1.981625080108642578e+00,7.965222001075744629e-01,1.084625005722045898e+00,1.719146490097045898e+00,1.051167130470275879e+00,1.326165437698364258e+00,1.199625849723815918e+00,1.462984085083007812e+00,1.700167179107666016e+00,1.194738984107971191e+00,6.027194261550903320e-01,1.458217144012451172e+00,2.087511777877807617e+00,1.429227590560913086e+00,2.444829702377319336e+00,1.597348690032958984e+00,1.887444257736206055e+00,1.760743379592895508e+00
1.356493234634399414e-01,-7.395285964012145996e-01,6.137117370963096619e-02,-8.159632682800292969e-01,-3.801919221878051758e-01,2.377826161682605743e-02,-4.349267482757568359e-01,-1.768749505281448364e-01,-1.498771905899047852e+00,1.008308380842208862e-01,-3.544685840606689453e-01,-4.005721807479858398e-01,-1.020165205001831055e+00,2.883693762123584747e-02,-3.533019721508026123e-01,-2.319956123828887939e-01,-1.651375651359558105e+00,-1.952711939811706543e-01,-8.728787899017333984e-01,3.694975972175598145e-01
1.478184461593627930e+00,4.115859568119049072e-01,1.493984818458557129e+00,1.362573821097612381e-02,1.827667474746704102e+00,1.564361691474914551e+00,8.900153040885925293e-01,6.290331482887268066e-01,1.207131147384643555e+00,5.251193046569824219e-01,1.700234889984130859e+00,1.178807299584150314e-02,5.468049049377441406e-01,4.704445302486419678e-01,9.364483356475830078e-01,4.573759436607360840e-01,1.187270998954772949e+00,8.069131374359130859e-01,1.824862122535705566e+00,-2.302094399929046631e-01
8.769382834434509277e-01,-4.023448526859283447e-01,-1.333009481430053711e+00,-2.255291044712066650e-01,6.107627153396606445e-01,3.827202320098876953e-01,2.210762649774551392e-01,-7.190033793449401855e-02,-9.128674268722534180e-01,-9.626674056053161621e-01,2.129462718963623047e+00,2.470328509807586670e-01,-9.300921559333801270e-01,2.530013024806976318e-01,4.501680731773376465e-01,-2.303410507738590240e-02,1.002441763877868652e+00,4.053744673728942871e-02,3.383919894695281982e-01,5.988263487815856934e-01
1.039934396743774414e+00,8.791286945343017578e-01,1.408958673477172852e+00,1.373113632202148438e+00,7.676977515220642090e-01,1.469068646430969238e+00,3.263716697692871094e-01,1.256534218788146973e+00,2.114988327026367188e+00,1.800176501274108887e+00,2.965806126594543457e-01,1.746361106634140015e-01,1.548440694808959961e+00,5.654492974281311035e-01,2.683228731155395508e+00,1.150681495666503906e+00,1.037650823593139648e+00,1.067948698997497559e+00,1.246554255485534668e+00,4.148557782173156738e-01
1.012222886085510254e+00,1.637750566005706787e-01,2.576965391635894775e-01,9.304585456848144531e-01,1.197703599929809570e+00,3.278335630893707275e-01,1.374896168708801270e+00,1.169878363609313965e+00,9.546895027160644531e-01,5.833651423454284668e-01,5.357093811035156250e-01,6.129125356674194336e-01,7.634747028350830078e-01,4.073052406311035156e-01,6.243328452110290527e-01,3.736436963081359863e-01,4.450909495353698730e-01,1.032191276550292969e+00,1.174314379692077637e+00,6.247192025184631348e-01
-1.827130794525146484e+00,-9.679496884346008301e-01,-4.163578152656555176e-02,-8.752768039703369141e-01,-1.459895670413970947e-01,-3.599432110786437988e-01,-9.581146836280822754e-01,-5.308643579483032227e-01,-6.949841976165771484e-01,-6.000874638557434082e-01,5.273408889770507812e-01,-2.935556471347808838e-01,-5.406325459480285645e-01,-8.577682971954345703e-01,-3.908662199974060059e-01,4.002055525779724121e-02,-2.336888074874877930e+00,-8.497024178504943848e-01,7.619148492813110352e-01,-9.240824580192565918e-01
2.042233705520629883e+00,7.167955636978149414e-01,1.439266443252563477e+00,1.341544866561889648e+00,1.222808957099914551e+00,1.891753911972045898e+00,1.503323674201965332e+00,7.239034771919250488e-01,1.986319541931152344e+00,1.016497969627380371e+00,2.432287216186523438e+00,1.388743400573730469e+00,2.060484886169433594e+00,1.138031363487243652e+00,1.471053719520568848e+00,1.767099380493164062e+00,2.558359622955322266e+00,2.259738206863403320e+00,1.771576285362243652e+00,1.350197911262512207e+00
-1.239861130714416504e+00,-1.072907328605651855e+00,-9.751573801040649414e-01,-1.881874680519104004e+00,-9.292095303535461426e-01,-1.127027034759521484e+00,-1.436374187469482422e+00,-8.417696952819824219e-01,-7.054249644279479980e-01,-8.196775317192077637e-01,-3.147627711296081543e-01,-1.402985453605651855e+00,-3.126336932182312012e-01,-9.995092749595642090e-01,-1.222634315490722656e+00,-1.522270679473876953e+00,-8.866114616394042969e-01,-2.449691668152809143e-02,-1.074917793273925781e+00,-8.399031162261962891e-01
5.070571303367614746e-01,3.161340355873107910e-01,7.813019752502441406e-01,1.541085839271545410e+00,-6.281614899635314941e-01,4.521359205245971680e-01,8.885563611984252930e-01,1.742564082145690918e+00,-2.891268134117126465e-01,2.663585543632507324e-01,6.871188879013061523e-01,-2.485940456390380859e-01,9.053657650947570801e-01,3.903354108333587646e-01,-7.310264110565185547e-01,3.481436371803283691e-01,3.912223279476165771e-01,2.289350032806396484e-01,-2.681505307555198669e-02,-5.507327616214752197e-02
-6.600254178047180176e-01,-9.066596031188964844e-01,-1.290449738502502441e+00,-7.392123937606811523e-01,-1.027071714401245117e+00,-1.062515735626220703e+00,-1.929749011993408203e+00,7.664275169372558594e-02,-7.891086339950561523e-01,8.785449862480163574e-01,-8.895843625068664551e-01,-9.755697846412658691e-01,-7.139744758605957031e-01,-2.411914110183715820e+00,-9.325696229934692383e-01,-2.120150327682495117e+00,-1.458771824836730957e+00,-1.747079968452453613e+00,-1.120266199111938477e+00,-1.505751490592956543e+00
-2.259140461683273315e-01,-4.222065210342407227e-01,-4.082095026969909668e-01,-2.037017494440078735e-01,-3.415715694427490234e-01,-5.747786760330200195e-01,-9.584074616432189941e-01,-1.674517989158630371e+00,2.324272245168685913e-01,-9.959368705749511719e-01,-1.005220174789428711e+00,7.965462654829025269e-02,-1.200375080108642578e+00,-5.939049720764160156e-01,-3.964821398258209229e-01,-4.736803770065307617e-01,-9.239842295646667480e-01,-9.413653016090393066e-01,-1.435526728630065918e+00,-7.515184283256530762e-01
-2.230630874633789062e+00,-8.683124780654907227e-01,-9.536566138267517090e-01,2.326051890850067139e-01,1.746268868446350098e-01,-9.431801438331604004e-01,-9.512913227081298828e-01,-1.146694794297218323e-01,-5.737203359603881836e-01,-1.046470254659652710e-01,4.960384964942932129e-02,-3.903989195823669434e-01,-3.026945590972900391e-01,-1.052270531654357910e+00,-4.852375388145446777e-01,-3.160974085330963135e-01,-7.764100432395935059e-01,3.546101450920104980e-01,-3.297565579414367676e-01,-5.847731232643127441e-01
-1.163945317268371582e+00,-2.338098138570785522e-01,4.481268525123596191e-01,-4.564231932163238525e-01,-1.136634349822998047e+00,9.320820122957229614e-02,-6.698858737945556641e-01,7.332075238227844238e-01,-5.823301672935485840e-01,2.486922293901443481e-01,1.612878143787384033e-01,1.672704890370368958e-02,-1.152266263961791992e+00,-1.211160182952880859e+00,-1.323355317115783691e+00,-6.331438422203063965e-01,-9.669705629348754883e-01,-3.736744225025177002e-01,6.654346734285354614e-02,-4.929499924182891846e-01
-1.341527462005615234e+00,-1.120576739311218262e+00,-8.804333209991455078e-01,-1.516074538230895996e+00,-1.409633398056030273e+00,-1.165212988853454590e+00,-7.654016017913818359e-01,-2.744271755218505859e+00,-4.938831925392150879e-01,-1.924110770225524902e+00,-4.974417090415954590e-01,-2.585833072662353516e+00,-1.283454179763793945e+00,-1.409049868583679199e+00,-6.023823022842407227e-01,-8.880890607833862305e-01,-1.369001865386962891e+00,4.608050361275672913e-02,2.311120554804801941e-02,-3.935631513595581055e-01
2.298005819320678711e-01,-1.571476101875305176e+00,2.170324027538299561e-01,3.364864885807037354e-01,-1.216669008135795593e-01,-3.886116445064544678e-01,4.283941090106964111e-01,1.089994192123413086e+00,2.283008992671966553e-01,-1.490992754697799683e-01,5.949035286903381348e-02,-3.245221078395843506e-02,1.916180402040481567e-01,2.986011028289794922e+00,-2.312239706516265869e-01,5.104550123214721680e-01,6.087295413017272949e-01,1.113925099372863770e+00,2.330895960330963135e-01,2.104492187500000000e+00
-1.027635812759399414e+00,-5.755048990249633789e-01,-1.583455562591552734e+00,-1.101037263870239258e+00,-6.358892917633056641e-01,-1.026031255722045898e+00,-5.389992594718933105e-01,3.097780942916870117e-01,-9.560595154762268066e-01,-7.756146192550659180e-01,-1.078325152397155762e+00,-3.954451382160186768e-01,-1.362334132194519043e+00,-1.483800888061523438e+00,-7.731503844261169434e-01,-4.777389764785766602e-01,-1.452370643615722656e+00,-1.642027616500854492e+00,-1.169428825378417969e+00,-1.673621416091918945e+00
-1.697812527418136597e-01,-2.999969005584716797e+00,-1.310001373291015625e+00,-2.498701572418212891e+00,-6.088936924934387207e-01,-1.041440486907958984e+00,-6.921615600585937500e-01,-6.151832640171051025e-02,-9.543924927711486816e-01,-3.491006195545196533e-01,-2.866981923580169678e-01,-7.949762344360351562e-01,-9.546098113059997559e-01,1.209368824958801270e+00,-1.394648790359497070e+00,-2.597913026809692383e+00,-1.084706783294677734e+00,-1.830921173095703125e+00,-1.203412055969238281e+00,-8.354219198226928711e-01
-3.979919552803039551e-01,-2.301995992660522461e+00,-5.926878452301025391e-01,-5.488707423210144043e-01,3.217218518257141113e-01,-4.794322848320007324e-01,3.008377254009246826e-01,-2.977321147918701172e-01,5.908330157399177551e-02,-1.769512891769409180e-01,2.807712852954864502e-01,-2.334461808204650879e-01,-6.387572884559631348e-01,1.473419070243835449e-01,-1.574358940124511719e+00,-9.606912136077880859e-01,-1.452607154846191406e+00,5.241680741310119629e-01,1.814531683921813965e-01,-3.064378499984741211e-01
8.680706620216369629e-01,-2.479514107108116150e-02,1.976385116577148438e-01,-6.054672598838806152e-01,-9.242755770683288574e-01,1.889179706573486328e+00,-1.540978908538818359e+00,1.043035864830017090e+00,3.270596265792846680e-01,4.874147474765777588e-01,3.287508189678192139e-01,1.128797829151153564e-01,1.035138130187988281e+00,4.606440663337707520e-02,-7.927626371383666992e-01,5.011696815490722656e-01,-3.490577340126037598e-01,2.090432047843933105e-01,9.275898337364196777e-01,-1.364267021417617798e-01
-2.570103108882904053e-01,-3.217321038246154785e-01,9.251366555690765381e-02,-5.250616073608398438e-01,-3.525176644325256348e-01,-8.206071853637695312e-01,7.169152796268463135e-02,-6.272550225257873535e-01,-1.311412453651428223e+00,-1.090943098068237305e+00,-9.247802495956420898e-01,-1.455534100532531738e-01,-4.093299806118011475e-01,-4.858935475349426270e-01,-7.368811219930648804e-02,-4.374614059925079346e-01,-1.589796304702758789e+00,-1.066621541976928711e+00,-1.132878780364990234e+00,-9.120113253593444824e-01
1.629632115364074707e+00,3.999615013599395752e-01,1.222522974014282227e+00,1.496460437774658203e+00,7.127350568771362305e-01,1.562861442565917969e+00,5.922037363052368164e-02,7.564998865127563477e-01,1.467055439949035645e+00,1.152982473373413086e+00,2.112325906753540039e+00,1.453764081001281738e+00,1.571003437042236328e+00,1.504588603973388672e+00,1.427415013313293457e+00,5.426073670387268066e-01,1.799052476882934570e+00,1.462853431701660156e+00,4.611328840255737305e-01,1.431210398674011230e+00
1.721164703369140625e+00,1.928264737129211426e+00,8.561570048332214355e-01,1.005422234535217285e+00,1.240163922309875488e+00,3.341997265815734863e-01,8.525880575180053711e-01,1.373598217964172363e+00,1.160361289978027344e+00,-5.312893390655517578e-01,4.537120759487152100e-01,6.267563253641128540e-02,1.223368167877197266e+00,5.865684151649475098e-01,1.490464687347412109e+00,1.035766720771789551e+00,2.320480495691299438e-01,9.295147657394409180e-01,7.089895009994506836e-01,1.784049630165100098e+00
-8.560149073600769043e-01,-7.009004950523376465e-01,-1.703079462051391602e+00,-1.381228566169738770e+00,-2.535228490829467773e+00,-1.921595573425292969e+00,-1.609423160552978516e+00,-2.817494153976440430e+00,-1.809350490570068359e+00,-1.017786145210266113e+00,-1.728595018386840820e+00,-1.052549004554748535e+00,-1.455655813217163086e+00,-1.794956922531127930e+00,-1.675343036651611328e+00,-1.862822294235229492e+00,-1.085716247558593750e+00,-1.886081695556640625e+00,-7.629243135452270508e-01,-1.738081812858581543e+00
-1.063889980316162109e+00,-1.326708793640136719e+00,-2.995175719261169434e-01,-2.325890064239501953e-01,3.716321289539337158e-01,-1.035640716552734375e+00,-1.177355289459228516e+00,2.795432880520820618e-02,7.399386167526245117e-01,-3.520101010799407959e-01,-1.577571511268615723e+00,-1.676062047481536865e-01,2.318955361843109131e-01,-5.223035216331481934e-01,-3.078063726425170898e-01,-8.576713800430297852e-01,-5.722301602363586426e-01,-7.929131388664245605e-01,-7.588296532630920410e-01,-7.416007518768310547e-01
3.289172425866127014e-02,-4.933668375015258789e-01,-1.608164012432098389e-01,3.487528264522552490e-01,-4.697713553905487061e-01,1.767145246267318726e-01,-4.770896136760711670e-01,-6.602963209152221680e-01,-4.863167107105255127e-01,-1.143197298049926758e+00,-1.034152269363403320e+00,-2.928926646709442139e-01,-7.447654008865356445e-01,-1.232385277748107910e+00,6.153759360313415527e-01,-1.730287075042724609e+00,3.154190182685852051e-01,2.853416800498962402e-01,-1.508715629577636719e+00,-5.894477963447570801e-01
9.207349419593811035e-01,4.005028605461120605e-01,-2.053276896476745605e-01,-2.972568571567535400e-01,6.550385951995849609e-01,1.801250725984573364e-01,-1.370200872421264648e+00,3.106032609939575195e-01,-8.523885011672973633e-01,3.949703872203826904e-01,8.872776627540588379e-01,-1.882624924182891846e-01,4.099398553371429443e-01,-4.933577775955200195e-01,-2.866785824298858643e-01,-2.568103075027465820e-01,1.096742749214172363e+00,-2.462451113387942314e-03,-8.825655579566955566e-01,3.126046955585479736e-01
5.746455192565917969e-01,2.931697964668273926e-01,3.948183357715606689e-01,2.436525672674179077e-01,3.511354327201843262e-01,4.956419467926025391e-01,-2.206774204969406128e-01,1.308410167694091797e+00,-1.546143740415573120e-01,5.176884531974792480e-01,2.160593271255493164e+00,1.964031010866165161e-01,4.172756373882293701e-01,6.472419500350952148e-01,-2.350004464387893677e-01,-3.057718575000762939e-01,3.830553293228149414e-01,-1.899818927049636841e-01,9.982491135597229004e-01,-2.356060892343521118e-01
-1.043796181678771973e+00,-5.969970822334289551e-01,-4.356396198272705078e-02,-9.742188453674316406e-01,-1.320889711380004883e+00,-2.703191637992858887e-01,9.444852173328399658e-02,-2.281697243452072144e-01,2.227413654327392578e+00,2.605543732643127441e-01,-2.630335807800292969e+00,-8.064442276954650879e-01,-8.038575649261474609e-01,-4.872959256172180176e-01,-4.466893672943115234e-01,-2.739824056625366211e+00,-7.882875800132751465e-01,-5.967072248458862305e-01,-8.713845610618591309e-01,-1.091989398002624512e+00
-3.230091333389282227e-01,1.635199040174484253e-01,-1.021483540534973145e+00,3.364827036857604980e-01,2.904905378818511963e-01,-1.490642577409744263e-01,-8.640236854553222656e-01,-1.003295063972473145e+00,-3.032296597957611084e-01,-1.728125512599945068e-01,-7.524187564849853516e-01,-3.655360639095306396e-02,-4.180423319339752197e-01,-5.348423123359680176e-01,3.544767200946807861e-02,-1.188576579093933105e+00,4.932041764259338379e-01,-3.792113661766052246e-01,-1.639401912689208984e+00,-8.677694201469421387e-01
1.988949179649353027e-01,-1.553421974182128906e+00,-1.369542479515075684e-01,3.608534932136535645e-01,2.914502620697021484e-01,-3.398462235927581787e-01,-8.199930191040039062e-01,-2.617664933204650879e-01,7.851681709289550781e-01,1.425582170486450195e-01,2.199106693267822266e+00,-1.722285598516464233e-01,3.524540662765502930e-01,9.566730856895446777e-01,-2.520039677619934082e-02,-2.991892695426940918e-01,3.921630680561065674e-01,-2.662740945816040039e-01,1.599206447601318359e+00,1.653140783309936523e-01
-2.445409297943115234e-01,9.590382874011993408e-02,-2.207228243350982666e-01,1.374824941158294678e-01,2.961617708206176758e-01,2.965171039104461670e-01,8.397873640060424805e-01,-2.224905639886856079e-01,1.060156747698783875e-01,3.113340139389038086e-01,2.758543789386749268e-01,-1.449048399925231934e+00,-8.519560098648071289e-01,-2.038398087024688721e-01,-5.183418393135070801e-01,1.688554763793945312e+00,-2.960088662803173065e-02,9.129261374473571777e-01,-3.981778025627136230e-01,4.428048729896545410e-01
-6.231891736388206482e-02,-2.848018407821655273e-01,-9.171578288078308105e-01,-8.358997702598571777e-01,-1.222175955772399902e+00,-5.142932534217834473e-01,-1.015102624893188477e+00,6.130649447441101074e-01,2.627557992935180664e+00,-1.556839048862457275e-01,-1.693209707736968994e-01,-1.044783234596252441e+00,-3.830703347921371460e-02,-9.379282593727111816e-01,-4.815693795680999756e-01,7.908754050731658936e-02,8.465242981910705566e-01,-2.012267112731933594e-01,-1.644800156354904175e-01,-3.263599276542663574e-01
1.041165113449096680e+00,3.725401759147644043e-01,6.295632123947143555e-01,1.235134720802307129e+00,2.972247004508972168e-01,1.077191114425659180e+00,1.124549388885498047e+00,-1.616764217615127563e-01,-5.682841688394546509e-02,-1.748763918876647949e-01,1.547541618347167969e+00,5.523791313171386719e-01,1.625149369239807129e+00,3.621368706226348877e-01,-1.018367484211921692e-01,2.578873634338378906e-01,2.446486204862594604e-01,3.912233114242553711e-01,2.977493107318878174e-01,2.341688394546508789e+00
-7.496906518936157227e-01,-3.697510957717895508e-01,-1.028740286827087402e+00,-1.919974684715270996e+00,-5.621318817138671875e-01,-9.258458018302917480e-01,-1.296692967414855957e+00,-3.611060976982116699e-01,3.879954516887664795e-01,-2.063866257667541504e-01,-4.732923805713653564e-01,8.590372651815414429e-02,-1.370124220848083496e+00,-4.678246378898620605e-01,-1.826217770576477051e+00,-3.231531679630279541e-01,-6.452401280403137207e-01,-1.180384874343872070e+00,-4.942320585250854492e-01,-8.658730983734130859e-01
-1.873612999916076660e+00,-1.570818185806274414e+00,-2.607311010360717773e-01,-2.216029644012451172e+00,-5.657706260681152344e-01,-8.901766538619995117e-01,-5.555567741394042969e-01,-4.977223277091979980e-01,-1.632889628410339355e+00,-1.703773260116577148e+00,-1.095337152481079102e+00,-7.521584033966064453e-01,-9.412239789962768555e-01,-9.255790710449218750e-01,-1.994293212890625000e+00,-9.524819254875183105e-01,-2.060521364212036133e+00,-1.260334849357604980e+00,-1.468367338180541992e+00,-1.040100812911987305e+00
3.848921060562133789e-01,6.232419013977050781e-01,-1.695366352796554565e-01,-2.772260904312133789e-01,-1.661328554153442383e+00,1.489155173301696777e+00,7.167823910713195801e-01,3.815489411354064941e-01,6.276744008064270020e-01,-7.988941073417663574e-01,5.497658848762512207e-01,4.057511687278747559e-01,4.523540139198303223e-01,9.257576465606689453e-01,7.244186997413635254e-01,5.574522614479064941e-01,4.664635062217712402e-01,2.479118406772613525e-01,9.777384996414184570e-01,1.116782665252685547e+00
3.126415014266967773e-01,-8.897872567176818848e-01,6.316410303115844727e-01,7.094020843505859375e-01,3.741672039031982422e-01,-4.381834864616394043e-01,1.588096767663955688e-01,1.097381472587585449e+00,-4.753151237964630127e-01,1.204285979270935059e+00,9.937160015106201172e-01,1.600979804992675781e+00,5.664405226707458496e-01,3.777329027652740479e-01,5.999140143394470215e-01,2.508342564105987549e-01,3.157182037830352783e-01,1.594545722007751465e+00,1.077260017395019531e+00,1.287749111652374268e-01
9.003697633743286133e-01,-2.234923243522644043e-01,-1.513506054878234863e+00,8.260427117347717285e-01,-3.601143360137939453e-01,-2.512995898723602295e-01,-9.249628782272338867e-01,-1.625481545925140381e-01,-1.355979442596435547e-01,-3.378362953662872314e-01,2.439645379781723022e-01,2.512420713901519775e-01,-1.010377407073974609e-01,-8.515142798423767090e-01,8.363444209098815918e-01,4.357330203056335449e-01,-2.424065396189689636e-02,1.868695020675659180e+00,-2.846710979938507080e-01,1.567469358444213867e+00
-3.815141022205352783e-01,3.893413543701171875e-01,-3.928799629211425781e-01,-1.057323336601257324e+00,-1.675009369850158691e+00,-1.217855572700500488e+00,-5.522616505622863770e-01,-9.449121356010437012e-01,6.741397976875305176e-01,-1.747229695320129395e-01,-6.282184123992919922e-01,-1.037681460380554199e+00,3.715407550334930420e-01,3.391156345605850220e-02,-3.272843956947326660e-01,-8.348120450973510742e-01,-1.043098807334899902e+00,2.076470404863357544e-01,-3.685239255428314209e-01,8.511421084403991699e-02
1.511981964111328125e+00,1.188255310058593750e+00,4.521220028400421143e-01,9.139177203178405762e-01,5.720638632774353027e-01,1.543247938156127930e+00,9.267508983612060547e-01,1.074761271476745605e+00,1.340323686599731445e+00,5.466423630714416504e-01,7.453197836875915527e-01,4.507157206535339355e-01,6.394955515861511230e-01,1.797123908996582031e+00,9.473441839218139648e-01,-4.516390562057495117e-01,5.954899787902832031e-01,1.925628900527954102e+00,4.174525737762451172e-01,1.622249841690063477e+00
3.147169649600982666e-01,-1.193448901176452637e-01,-9.163233041763305664e-01,3.919733166694641113e-01,-1.123848319053649902e+00,-5.332537889480590820e-01,7.061352580785751343e-02,4.590826928615570068e-01,4.232238233089447021e-01,2.536423802375793457e-01,5.169826149940490723e-01,2.648243308067321777e-01,-4.825269877910614014e-01,2.606018185615539551e-01,3.375965952873229980e-01,1.529816746711730957e+00,1.508529763668775558e-02,2.821610867977142334e-01,2.911794185638427734e-01,-3.742794692516326904e-01
-4.543553590774536133e-01,9.098529219627380371e-01,-3.115732073783874512e-01,-8.016919493675231934e-01,3.149238973855972290e-02,3.989070653915405273e-01,-5.381602048873901367e-01,2.280901521444320679e-01,-6.472771167755126953e-01,-9.287967085838317871e-01,-2.141295075416564941e-01,1.623057276010513306e-01,-4.845897257328033447e-01,-3.769687414169311523e-01,-2.476485818624496460e-01,-4.910784661769866943e-01,7.456343621015548706e-02,1.604181766510009766e+00,-3.472743630409240723e-01,7.153528332710266113e-01
4.501804336905479431e-02,1.198710441589355469e+00,1.208831071853637695e+00,9.226391911506652832e-01,8.589890003204345703e-01,7.569416165351867676e-01,9.932972788810729980e-01,1.010855793952941895e+00,1.239447832107543945e+00,4.697708189487457275e-01,1.225046873092651367e+00,8.731039762496948242e-01,1.060292243957519531e+00,1.024717926979064941e+00,1.105952262878417969e+00,6.119235754013061523e-01,9.679319858551025391e-01,1.739270448684692383e+00,1.836936235427856445e+00,4.122790396213531494e-01
-1.901484727859497070e+00,-1.764345526695251465e+00,-1.383366227149963379e+00,-8.496259450912475586e-01,-2.070663452148437500e+00,-1.563825488090515137e+00,-1.226738095283508301e+00,-1.886298418045043945e+00,-1.162681698799133301e+00,-9.701334834098815918e-01,-2.069080114364624023e+00,-6.029305458068847656e-01,-2.165581703186035156e+00,-2.341924190521240234e+00,-1.268107652664184570e+00,-1.328562617301940918e+00,-1.568551063537597656e+00,-1.394137024879455566e+00,-8.308812379837036133e-01,-6.169844865798950195e-01
1.001440167427062988e+00,-2.568214535713195801e-01,5.312244892120361328e-01,2.626405656337738037e-01,5.655210837721824646e-02,7.527648210525512695e-01,1.580478072166442871e+00,1.713391423225402832e+00,9.198191761970520020e-01,1.704518675804138184e+00,1.402350813150405884e-01,-3.629583418369293213e-01,-2.776813805103302002e-01,4.013901650905609131e-01,2.897013127803802490e-01,3.345708549022674561e-01,5.360338687896728516e-01,1.623840451240539551e+00,1.804396748542785645e+00,5.339463949203491211e-01
-5.224338173866271973e-01,-2.672757506370544434e-01,-1.058766245841979980e+00,-1.123865008354187012e+00,-2.800780534744262695e-01,-1.060539484024047852e+00,-1.509483695030212402e+00,-1.573051959276199341e-01,-1.069221973419189453e+00,-1.021791219711303711e+00,-4.930522739887237549e-01,4.128494560718536377e-01,-8.238214254379272461e-01,-2.975549995899200439e-01,-2.615234553813934326e-01,-1.047492265701293945e+00,-1.651228785514831543e+00,-3.465880826115608215e-02,1.274525821208953857e-01,-9.672769904136657715e-01
-2.238962501287460327e-01,-8.370668292045593262e-01,3.740584850311279297e-01,-8.793754875659942627e-02,-6.009407043457031250e-01,-2.637813687324523926e-01,1.494457364082336426e+00,6.240458488464355469e-01,9.781155586242675781e-01,2.999475300312042236e-01,-2.705877125263214111e-01,-2.891232669353485107e-01,1.668598771095275879e+00,-9.127167463302612305e-01,-1.232736185193061829e-01,7.830406427383422852e-01,-8.112867474555969238e-01,-1.988235563039779663e-01,2.613783180713653564e-01,1.425513982772827148e+00
9.592779278755187988e-01,1.194223642349243164e+00,2.347621440887451172e+00,3.070847988128662109e-01,1.283494234085083008e+00,4.828646183013916016e-01,1.710283517837524414e+00,9.608333110809326172e-01,-1.697640717029571533e-01,-7.857834547758102417e-02,4.789709746837615967e-01,2.780247628688812256e-01,1.309033632278442383e+00,5.036397576332092285e-01,7.881911993026733398e-01,3.552882075309753418e-01,-6.728149950504302979e-02,9.126253724098205566e-01,1.042555689811706543e+00,5.507726073265075684e-01
-7.780706137418746948e-02,-5.260552763938903809e-01,6.039685569703578949e-03,-1.618260741233825684e-01,-6.469254493713378906e-01,3.584942221641540527e-01,2.637985229492187500e+00,-3.889022767543792725e-01,-1.691076308488845825e-01,-1.146074414253234863e+00,1.140395045280456543e+00,2.802263796329498291e-01,-9.563331604003906250e-01,1.391890645027160645e+00,-3.335591256618499756e-01,-9.377451539039611816e-01,6.533076763153076172e-01,8.883717656135559082e-01,1.551978290081024170e-01,3.962774276733398438e-01
-1.052597165107727051e+00,-1.492177844047546387e+00,-2.664797306060791016e-01,-7.387277483940124512e-01,-1.000475168228149414e+00,-1.500597715377807617e+00,-1.164024472236633301e+00,-2.287599802017211914e+00,-4.350681304931640625e-01,-9.843849539756774902e-01,-7.984609603881835938e-01,-5.997431874275207520e-01,-1.257010340690612793e+00,-7.881935238838195801e-01,-6.199662685394287109e-01,-2.838176727294921875e+00,-9.239771962165832520e-01,2.375473082065582275e-01,-2.581166267395019531e+00,-4.414827823638916016e-01
6.400615572929382324e-01,-3.930892422795295715e-02,-7.119637727737426758e-01,4.120860397815704346e-01,3.408271670341491699e-01,-8.284016251564025879e-01,6.260535120964050293e-02,3.042180538177490234e-01,1.486610412597656250e+00,8.647522926330566406e-01,6.851092576980590820e-01,7.775727659463882446e-02,4.894936680793762207e-01,6.771962046623229980e-01,-3.048690557479858398e-01,8.053486049175262451e-02,1.183128237724304199e+00,-2.573896944522857666e-01,2.697578072547912598e-01,-1.253709495067596436e-01
-5.280408859252929688e-01,-9.487619400024414062e-01,-1.445326447486877441e+00,-7.865329980850219727e-01,-7.518656849861145020e-01,6.839938759803771973e-01,4.555845558643341064e-01,9.853825718164443970e-02,3.041674196720123291e-01,-1.198456212878227234e-01,-1.847217977046966553e-01,-9.046564698219299316e-01,-5.235965847969055176e-01,1.622742563486099243e-01,2.226947695016860962e-01,1.161213278770446777e+00,9.730530977249145508e-01,1.823137849569320679e-01,-9.890144318342208862e-02,-4.570692181587219238e-01
4.046462178230285645e-01,2.919114232063293457e-01,5.055227279663085938e-01,1.498318433761596680e+00,4.604412019252777100e-01,-3.600293695926666260e-01,1.066262498497962952e-01,1.264670610427856445e+00,5.181981921195983887e-01,4.270422160625457764e-01,3.035033941268920898e-01,-8.169303089380264282e-02,9.130560159683227539e-01,5.876364111900329590e-01,1.232861876487731934e+00,-2.592172324657440186e-01,9.452841877937316895e-01,1.654979705810546875e+00,1.045955419540405273e+00,-1.319624576717615128e-02
2.451155185699462891e-01,-1.263659298419952393e-01,2.166859358549118042e-01,-3.158492445945739746e-01,-4.185477793216705322e-01,-2.590710520744323730e-01,2.417737543582916260e-01,-2.234868258237838745e-01,2.759988903999328613e-01,8.285738229751586914e-01,7.983149886131286621e-01,-2.787165045738220215e-01,2.387268394231796265e-01,-2.794627845287322998e-01,-7.036152482032775879e-01,-1.793369531631469727e+00,8.979132398962974548e-03,6.662274599075317383e-01,8.987119793891906738e-01,8.843246698379516602e-01
-1.142653107643127441e+00,7.513334155082702637e-01,-8.077502846717834473e-01,-4.846350550651550293e-01,6.017174720764160156e-01,-8.321072161197662354e-02,4.685675501823425293e-01,-7.171060889959335327e-02,-9.656651020050048828e-01,-3.764639198780059814e-01,-4.397650957107543945e-01,2.270196527242660522e-01,9.843217134475708008e-01,-9.164360761642456055e-01,-1.078604817390441895e+00,-8.381161093711853027e-01,4.906706511974334717e-01,1.271192729473114014e-01,2.334948480129241943e-01,-4.864589869976043701e-01
-6.337627768516540527e-02,8.128828555345535278e-02,3.912013769149780273e-01,4.721066951751708984e-01,-2.624612450599670410e-01,1.636392809450626373e-02,3.401260077953338623e-02,-2.143877744674682617e-01,6.575256586074829102e-01,-1.085291728377342224e-01,-2.363421022891998291e-01,2.204441577196121216e-01,-3.418586254119873047e-01,-2.165047645568847656e+00,3.438662588596343994e-01,7.374472171068191528e-02,-2.231970727443695068e-01,-1.383290253579616547e-02,3.907594978809356689e-01,1.923831254243850708e-01
1.006034374237060547e+00,2.862022399902343750e+00,8.018015623092651367e-01,1.835425138473510742e+00,8.297125101089477539e-01,1.284371018409729004e+00,1.193497300148010254e+00,1.803216457366943359e+00,6.141678690910339355e-01,1.529389739036560059e+00,1.694658160209655762e+00,3.319378495216369629e-01,1.346418619155883789e+00,1.220859885215759277e+00,1.009761929512023926e+00,-2.807995071634650230e-03,1.550646424293518066e+00,2.530834376811981201e-01,1.554489135742187500e+00,1.176453709602355957e+00
-2.159880995750427246e-01,1.296352744102478027e-01,-5.461332201957702637e-01,-2.862581610679626465e-01,-1.015840888023376465e+00,2.284167276229709387e-04,-1.018530875444412231e-01,-8.551912307739257812e-01,7.185245156288146973e-01,-7.614097595214843750e-01,-8.443844914436340332e-01,9.211425185203552246e-01,-4.470548331737518311e-01,-1.338960528373718262e+00,-5.885848402976989746e-01,-2.145725041627883911e-01,-1.595839977264404297e+00,-4.363302886486053467e-01,6.805213093757629395e-01,-2.388551533222198486e-01
3.782835900783538818e-01,-4.657422602176666260e-01,3.367721140384674072e-01,-6.392487287521362305e-01,4.998030140995979309e-02,-9.226019978523254395e-01,7.796582579612731934e-01,-8.878653645515441895e-01,9.034960269927978516e-01,3.186575472354888916e-01,-8.419897556304931641e-01,-1.070993185043334961e+00,-2.938521504402160645e-01,7.354744672775268555e-01,-1.201055884361267090e+00,2.236210703849792480e-01,-1.556731313467025757e-01,8.398020863533020020e-01,-9.049051403999328613e-01,-4.235373139381408691e-01
1.502058357000350952e-01,-6.778945922851562500e-01,-9.205979704856872559e-01,-5.043649077415466309e-01,-1.559350043535232544e-01,-1.051016569137573242e+00,-1.038770079612731934e+00,-6.288059055805206299e-02,-1.684827804565429688e-01,-5.623365044593811035e-01,-8.786726593971252441e-01,-4.153791666030883789e-01,2.490487247705459595e-01,-1.402516663074493408e-01,-1.180991768836975098e+00,1.011227846145629883e+00,-3.819275200366973877e-01,-8.590360283851623535e-01,-1.576963543891906738e+00,-1.053637623786926270e+00
-1.161924481391906738e+00,-3.007492125034332275e-01,-1.006595969200134277e+00,-3.255200386047363281e-01,-1.240204811096191406e+00,-1.076669812202453613e+00,-1.187283158302307129e+00,-1.659113407135009766e+00,-3.740658983588218689e-02,-1.253091931343078613e+00,1.247280091047286987e-02,-1.050727248191833496e+00,-7.797886133193969727e-01,-1.876121163368225098e+00,-6.886233091354370117e-01,1.050217524170875549e-01,-7.322209477424621582e-01,-7.488893866539001465e-01,-1.867559552192687988e+00,-1.584195852279663086e+00
9.601802825927734375e-01,2.100830078125000000e+00,8.934451937675476074e-01,7.209880948066711426e-01,-6.986411809921264648e-01,9.632737636566162109e-01,8.164002299308776855e-01,5.760823488235473633e-01,2.950892925262451172e+00,6.378431916236877441e-01,5.633358955383300781e-01,8.600499033927917480e-01,1.995971202850341797e+00,3.669368326663970947e-01,2.289233505725860596e-01,8.325881361961364746e-01,4.356156885623931885e-01,-7.370915412902832031e-01,-5.181706696748733521e-02,7.636815309524536133e-01
-2.420155704021453857e-01,1.340977907180786133e+00,4.848563075065612793e-01,2.957074642181396484e-01,1.342168927192687988e+00,9.704846739768981934e-01,5.366273522377014160e-01,9.439151883125305176e-01,3.165866434574127197e-01,1.848253846168518066e+00,1.686939358711242676e+00,2.438209764659404755e-02,1.300697803497314453e+00,4.709454774856567383e-01,1.964126586914062500e+00,8.961181640625000000e-01,2.351239681243896484e+00,2.113425731658935547e-01,1.697635889053344727e+00,5.477247834205627441e-01
-1.062745377421379089e-01,9.485666155815124512e-01,3.433013558387756348e-01,7.155812382698059082e-01,4.222137928009033203e-01,-1.317909955978393555e-01,6.863924860954284668e-01,9.757537841796875000e-01,1.527776241302490234e+00,4.561372697353363037e-01,-6.057940423488616943e-02,1.027963280677795410e+00,9.145485758781433105e-01,1.845746040344238281e-01,2.636420428752899170e-01,-3.339826464653015137e-01,4.294376671314239502e-01,1.408740878105163574e+00,1.639832139015197754e+00,-5.654295682907104492e-01
1.047277212142944336e+00,1.129889249801635742e+00,1.607139110565185547e+00,2.932207584381103516e+00,8.860027790069580078e-01,1.688384652137756348e+00,4.370414912700653076e-01,1.391036748886108398e+00,9.171733260154724121e-01,4.362170100212097168e-01,1.975793480873107910e+00,1.573114275932312012e+00,1.374938249588012695e+00,3.920355439186096191e-01,7.162948250770568848e-01,5.195198655128479004e-01,4.235605597496032715e-01,9.741229414939880371e-01,1.935180902481079102e+00,7.743407487869262695e-01
-2.942190170288085938e-01,-1.673274993896484375e+00,1.044772788882255554e-01,-4.645526409149169922e-01,-8.883403539657592773e-01,2.340443730354309082e-01,-8.506602644920349121e-01,-5.260158181190490723e-01,6.179477274417877197e-02,-8.105973601341247559e-01,-2.007144689559936523e-01,-1.058646440505981445e+00,-5.218403339385986328e-01,-9.552847743034362793e-01,-3.279045522212982178e-01,-8.272089362144470215e-01,-9.111695885658264160e-01,8.894828706979751587e-02,-6.248795986175537109e-01,-4.712640643119812012e-01
-1.747934222221374512e-01,-5.752692222595214844e-01,-1.343128442764282227e+00,2.403524369001388550e-01,-1.700574159622192383e-01,-1.122407466173171997e-01,-9.010277390480041504e-01,1.576324850320816040e-01,-8.552665114402770996e-01,-4.414074718952178955e-01,3.901228904724121094e-01,-9.290549159049987793e-01,1.755475699901580811e-01,1.304453164339065552e-01,-4.172483980655670166e-01,-1.363830327987670898e+00,-2.263834625482559204e-01,9.338757395744323730e-02,-8.570007085800170898e-01,3.495864272117614746e-01
-2.428892135620117188e+00,-1.096469521522521973e+00,-1.700179100036621094e+00,-1.457727074623107910e+00,-3.286794573068618774e-02,-1.227862596511840820e+00,-2.151641130447387695e+00,-1.022892117500305176e+00,-1.858540415763854980e+00,-2.492082595825195312e+00,-1.651061773300170898e+00,-1.058938026428222656e+00,-8.794406056404113770e-01,-1.655011653900146484e+00,-1.767086029052734375e+00,-1.021570563316345215e+00,-2.892313241958618164e+00,-1.327227711677551270e+00,-1.364110112190246582e+00,-1.054657340049743652e+00
2.837588191032409668e-01,2.316655665636062622e-01,6.216120347380638123e-02,2.757923901081085205e-01,3.047541677951812744e-01,-1.204108968377113342e-01,-1.622679382562637329e-01,-3.825072944164276123e-01,-1.017008662223815918e+00,-2.465438991785049438e-01,2.089099287986755371e-01,-7.937612384557723999e-02,8.213821053504943848e-01,-5.991984605789184570e-01,3.129321038722991943e-01,-3.858158886432647705e-01,1.146376579999923706e-01,7.564726471900939941e-02,-9.067180156707763672e-01,8.843827247619628906e-01
5.083557963371276855e-01,-3.946874141693115234e-01,1.566673815250396729e-01,-2.721959590911865234e+00,-6.962038874626159668e-01,-7.892553508281707764e-02,2.663127481937408447e-01,1.436646729707717896e-01,1.823473274707794189e-01,6.820307672023773193e-02,2.236905574798583984e+00,-6.083533763885498047e-01,3.915843963623046875e-01,-3.743654191493988037e-01,1.200841307640075684e+00,-2.470511198043823242e-01,3.133091926574707031e-01,5.209295153617858887e-01,1.848069429397583008e-01,8.145751059055328369e-02
-3.460384011268615723e-01,-1.026329040527343750e+00,-3.379187583923339844e-01,8.008532971143722534e-02,-6.683535575866699219e-01,-1.744391471147537231e-01,-3.871398270130157471e-01,-6.986367106437683105e-01,-1.482708930969238281e+00,-7.660470604896545410e-01,-5.556147694587707520e-01,-1.114017724990844727e+00,-1.270132064819335938e+00,1.327132284641265869e-01,-4.866038858890533447e-01,-5.537778735160827637e-01,-1.378742218017578125e+00,-1.601674199104309082e+00,2.436831295490264893e-01,-3.459506928920745850e-01
1.083665847778320312e+00,9.564990997314453125e-01,9.158539772033691406e-01,5.534830689430236816e-01,4.061736166477203369e-01,3.236687779426574707e-01,1.602113842964172363e-01,1.095208406448364258e+00,1.210017681121826172e+00,-4.555610120296478271e-01,9.432778954505920410e-01,-1.908908784389495850e-01,1.651806950569152832e+00,-1.583182692527770996e+00,-4.177354574203491211e-01,2.808140218257904053e-01,6.545494198799133301e-01,9.907957911491394043e-01,1.213525772094726562e+00,-1.094385758042335510e-01
1.559518218040466309e+00,1.657859325408935547e+00,9.419755935668945312e-01,1.204541563987731934e+00,1.062948465347290039e+00,1.353078603744506836e+00,1.006378054618835449e+00,1.676942467689514160e+00,1.508396863937377930e+00,6.575564146041870117e-01,1.038868665695190430e+00,2.047068595886230469e+00,7.447923421859741211e-01,5.724936127662658691e-01,1.009600043296813965e+00,2.108978033065795898e+00,8.272883296012878418e-01,2.373927831649780273e+00,1.652396798133850098e+00,1.205071806907653809e+00
1.267137646675109863e+00,1.422913789749145508e+00,9.647275209426879883e-01,1.688217163085937500e+00,1.007845282554626465e+00,9.779549241065979004e-01,1.019736051559448242e+00,2.098217964172363281e+00,1.583281874656677246e+00,6.063960790634155273e-01,1.251848340034484863e+00,2.775032281875610352e+00,1.559363961219787598e+00,1.126910686492919922e+00,9.441595673561096191e-01,2.287486791610717773e+00,1.567642569541931152e+00,1.724137425422668457e+00,1.972530603408813477e+00,1.596118092536926270e+00
-3.969468474388122559e-01,-3.525959253311157227e-01,-3.234100639820098877e-01,-1.284679919481277466e-01,-1.040797233581542969e+00,-8.652494549751281738e-01,3.677745163440704346e-02,-1.112586379051208496e+00,-3.735418617725372314e-01,-1.192317754030227661e-01,9.879505038261413574e-01,-5.381218716502189636e-02,3.200807571411132812e-01,6.820722222328186035e-01,2.805804312229156494e-01,-2.005830526351928711e+00,-6.769500374794006348e-01,-2.446005493402481079e-01,-5.540796518325805664e-01,3.232355415821075439e-01
-1.377168297767639160e+00,-1.571859836578369141e+00,-5.593259334564208984e-01,-4.896085262298583984e-01,-1.890660405158996582e+00,-1.110594391822814941e+00,-2.520805597305297852e+00,-1.041604995727539062e+00,-1.637965798377990723e+00,-1.546030640602111816e+00,-4.599514007568359375e-01,-2.908619344234466553e-01,-1.062241673469543457e+00,-9.795113801956176758e-01,-6.760102510452270508e-01,-1.504113912582397461e+00,-1.592785477638244629e+00,-1.743017792701721191e+00,-4.974828660488128662e-01,-1.746273398399353027e+00
2.326041460037231445e-01,8.026238083839416504e-01,-1.174127221107482910e+00,-2.684022188186645508e-01,-6.012156605720520020e-01,-1.235490322113037109e+00,-4.806802570819854736e-01,1.493823677301406860e-01,7.311911582946777344e-01,1.379020094871520996e+00,1.705528140068054199e+00,1.578555405139923096e-01,2.475413382053375244e-01,-8.070553541183471680e-01,1.110888957977294922e+00,8.149111270904541016e-01,4.507786929607391357e-01,3.280632495880126953e-01,9.009305238723754883e-01,2.779639661312103271e-01
2.917196452617645264e-01,1.861838996410369873e-01,-7.172487378120422363e-01,-1.105230450630187988e+00,-5.564706325531005859e-01,-5.577656030654907227e-01,-1.361611962318420410e+00,-2.349204421043395996e-01,6.114819273352622986e-02,-1.175271511077880859e+00,-5.078099370002746582e-01,-7.972446680068969727e-01,-9.817651510238647461e-01,-1.003641486167907715e+00,-5.665444135665893555e-01,-6.910355091094970703e-01,-2.841813266277313232e-01,-4.110532701015472412e-01,-1.053338170051574707e+00,-4.089768826961517334e-01
2.342260330915451050e-01,-4.409442842006683350e-01,-8.298456072807312012e-01,-1.524742364883422852e+00,3.027003705501556396e-01,-8.171383738517761230e-01,1.231273040175437927e-01,8.381965160369873047e-01,1.962164938449859619e-01,-2.424734532833099365e-01,-1.074111342430114746e+00,-2.728461027145385742e-01,-4.199943840503692627e-01,-5.838584899902343750e-01,-2.414266318082809448e-01,-3.071841597557067871e-01,-9.092058539390563965e-01,-1.498568505048751831e-01,-9.192742109298706055e-01,7.873070836067199707e-01
-7.378354668617248535e-01,-1.249034523963928223e+00,-1.740719795227050781e+00,-1.657308101654052734e+00,-1.364055991172790527e+00,-1.929442644119262695e+00,-1.492006421089172363e+00,-1.659601211547851562e+00,-8.876026868820190430e-01,-1.119074583053588867e+00,-8.411183953285217285e-01,-2.497719764709472656e+00,-1.033913612365722656e+00,-1.711692690849304199e+00,-1.716163873672485352e+00,-1.802322030067443848e+00,-1.307898163795471191e+00,-1.210910916328430176e+00,-7.346343994140625000e-01,-6.573763489723205566e-01
-1.073665544390678406e-01,-8.645404577255249023e-01,1.460928916931152344e-01,4.248771667480468750e-01,-1.157523274421691895e+00,1.673009842634201050e-01,-1.676572203636169434e+00,5.898134112358093262e-01,-2.296314537525177002e-01,-4.620473086833953857e-01,3.221417069435119629e-01,4.983738064765930176e-02,3.465639054775238037e-01,-2.361648827791213989e-01,2.907778620719909668e-01,-3.166586458683013916e-01,7.504601478576660156e-01,-3.636995553970336914e-01,-5.002986192703247070e-01,3.735277950763702393e-01
2.073257684707641602e+00,-3.128952682018280029e-01,-3.788137109950184822e-03,2.608309388160705566e-01,-4.317813515663146973e-01,1.134555190801620483e-01,-1.613905429840087891e-01,-1.156952232122421265e-01,-9.690073132514953613e-01,1.650451421737670898e-01,-1.625600218772888184e+00,3.876132369041442871e-01,5.617298483848571777e-01,-6.014310717582702637e-01,-1.008875966072082520e+00,-4.905492067337036133e-01,-2.271670818328857422e+00,-1.320576548576354980e+00,1.656155347824096680e+00,-5.368592739105224609e-01
1.034822463989257812e+00,6.421440243721008301e-01,1.043049097061157227e+00,-5.881004035472869873e-02,1.622071027755737305e+00,1.025705099105834961e+00,1.633582234382629395e+00,2.712042033672332764e-01,6.148501634597778320e-01,1.279460191726684570e+00,1.468359470367431641e+00,9.316785335540771484e-01,1.187996625900268555e+00,1.208988547325134277e+00,3.684557676315307617e-01,9.121411442756652832e-01,9.301936626434326172e-01,1.730734348297119141e+00,4.025875031948089600e-01,1.069362759590148926e+00
-6.435084939002990723e-01,-1.272598862648010254e+00,-5.094872713088989258e-01,-1.240745425224304199e+00,-1.220431089401245117e+00,-8.220570683479309082e-01,-4.779888987541198730e-01,9.252513051033020020e-01,-9.930011034011840820e-01,-1.342630743980407715e+00,-3.617329597473144531e-01,-4.994385838508605957e-01,-6.148180365562438965e-01,-1.070747494697570801e+00,-1.121492385864257812e+00,-1.019612073898315430e+00,-1.658280134201049805e+00,-2.182470411062240601e-01,-4.361782670021057129e-01,-1.547765359282493591e-02
-6.119948029518127441e-01,-1.940772294998168945e+00,3.092048764228820801e-01,-1.028429627418518066e+00,-1.699240684509277344e+00,-2.758606970310211182e-01,-1.121826529502868652e+00,-2.767090499401092529e-01,-1.560565471649169922e+00,-1.759609103202819824e+00,-1.304347395896911621e+00,-1.846613287925720215e-01,-1.356201171875000000e+00,-9.227982163429260254e-01,-2.604402542114257812e+00,-2.594695389270782471e-01,-2.980362176895141602e+00,1.269686687737703323e-02,-5.859584212303161621e-01,-2.233248502016067505e-01
1.135292291641235352e+00,5.935348272323608398e-01,-4.869208671152591705e-03,4.593528509140014648e-01,1.643179297447204590e+00,8.286300301551818848e-02,3.232150673866271973e-01,9.263832569122314453e-01,9.102423787117004395e-01,2.561009526252746582e-01,9.183673858642578125e-01,4.502332508563995361e-01,-9.798547625541687012e-02,-8.313902467489242554e-02,4.679150879383087158e-01,8.109165430068969727e-01,-2.819231748580932617e-01,1.202113151550292969e+00,3.125386536121368408e-01,9.894161820411682129e-01
-1.593037486076354980e+00,-1.332090377807617188e+00,-5.079729557037353516e-01,-6.081435084342956543e-01,-1.524173498153686523e+00,-2.586739659309387207e-01,-9.746983051300048828e-01,-2.581046819686889648e+00,-1.031839370727539062e+00,-7.380611896514892578e-01,-5.438838601112365723e-01,9.384266138076782227e-01,-4.636302590370178223e-01,-2.337345182895660400e-01,-4.225304722785949707e-01,-1.378604304045438766e-02,-8.678150177001953125e-01,-1.593703985214233398e+00,-8.686629533767700195e-01,-7.284112572669982910e-01
1.916473656892776489e-01,9.354439973831176758e-01,1.415384173393249512e+00,2.203289717435836792e-01,3.680509924888610840e-01,8.632660508155822754e-01,3.708441853523254395e-01,2.241322547197341919e-01,1.065223097801208496e+00,8.320382833480834961e-01,-4.870624244213104248e-01,1.213383376598358154e-01,7.702884078025817871e-02,9.711608290672302246e-01,7.943562269210815430e-01,9.811840653419494629e-01,4.130544960498809814e-01,4.981931447982788086e-01,-2.066672891378402710e-01,3.849703967571258545e-01
1.341599375009536743e-01,-1.314057588577270508e+00,-1.098264694213867188e+00,-1.436334550380706787e-01,-2.443267822265625000e+00,-1.280244231224060059e+00,1.329833716154098511e-01,-1.042479202151298523e-01,2.114198356866836548e-01,-5.917963013052940369e-02,-4.811340272426605225e-01,-9.981089830398559570e-02,-3.159708082675933838e-01,-3.862991333007812500e-01,-1.581106781959533691e+00,-3.525577485561370850e-01,-6.511361598968505859e-01,-7.883477807044982910e-01,3.105604350566864014e-01,-1.705256581306457520e+00
2.997373640537261963e-01,-5.379827022552490234e-01,5.529087185859680176e-01,-8.697510957717895508e-01,-5.882543921470642090e-01,-4.075219035148620605e-01,-1.108824238181114197e-01,-6.724441647529602051e-01,-6.624329686164855957e-01,-2.750279903411865234e-01,6.946248412132263184e-01,-9.894197583198547363e-01,-4.607951045036315918e-01,-1.021361947059631348e+00,-6.958486884832382202e-02,3.895031511783599854e-01,-1.623897075653076172e+00,-1.480848938226699829e-01,-5.053270459175109863e-01,-4.104813635349273682e-01
3.233358263969421387e-01,3.387359976768493652e-01,3.616875782608985901e-02,7.974144071340560913e-03,3.301741778850555420e-01,-2.955164611339569092e-01,-3.860672414302825928e-01,-3.013955950736999512e-01,-8.011208176612854004e-01,7.608466744422912598e-01,6.785019040107727051e-01,-1.278115808963775635e-01,1.260175704956054688e-01,3.344736397266387939e-01,-7.287653535604476929e-02,5.340701937675476074e-01,-8.502301573753356934e-01,2.022764682769775391e-01,-2.670350968837738037e-01,-8.810101151466369629e-01
-6.908716168254613876e-03,-4.548770487308502197e-01,-2.544228553771972656e+00,-5.300284028053283691e-01,-1.275934100151062012e+00,-8.570332527160644531e-01,-1.206590771675109863e+00,-6.208624243736267090e-01,-8.781792521476745605e-01,-4.847475290298461914e-01,-1.367325186729431152e+00,-2.840690910816192627e-01,-1.001054048538208008e+00,-1.490230321884155273e+00,-1.908185720443725586e+00,-9.960916042327880859e-01,-1.182322502136230469e+00,-1.107113122940063477e+00,7.567011564970016479e-02,-1.594896435737609863e+00
-2.210578918457031250e-01,8.297654390335083008e-01,2.326816767454147339e-01,-8.640855550765991211e-01,-9.335337579250335693e-02,-2.219344526529312134e-01,-1.042472124099731445e+00,1.062671065330505371e+00,1.590544700622558594e+00,-1.420060843229293823e-01,1.007587790489196777e+00,-1.402712225914001465e+00,2.539026737213134766e-01,5.134372711181640625e-01,-3.460232913494110107e-01,-3.370249867439270020e-01,-3.064115941524505615e-01,2.521874308586120605e-01,2.228689938783645630e-01,-2.917297780513763428e-01
2.208127379417419434e-01,-5.367689132690429688e-01,-2.277641892433166504e-01,6.824620068073272705e-02,-2.202464193105697632e-01,1.006723642349243164e+00,1.144704222679138184e+00,1.001020550727844238e+00,4.125949740409851074e-01,-7.834283113479614258e-01,-2.703916132450103760e-01,1.924870908260345459e-01,1.191069722175598145e+00,1.732240438461303711e+00,1.034896254539489746e+00,5.373164415359497070e-01,-3.628318309783935547e-01,5.090463757514953613e-01,9.981939196586608887e-01,3.467208743095397949e-01
-1.044466018676757812e+00,-1.432714462280273438e+00,-8.065440654754638672e-01,-1.326710104942321777e+00,-1.019575953483581543e+00,-6.621115803718566895e-01,-4.414493441581726074e-01,-2.342188358306884766e-01,-1.039848685264587402e+00,-4.323067609220743179e-03,-1.543733477592468262e+00,-6.130455732345581055e-01,-1.254345178604125977e+00,-9.262885451316833496e-01,-1.542342662811279297e+00,-1.755943536758422852e+00,-8.764154314994812012e-01,-1.629298806190490723e+00,-1.436883687973022461e+00,-2.896350622177124023e+00
4.111926853656768799e-01,1.630704700946807861e-01,-8.599684238433837891e-01,2.391760982573032379e-02,-2.453997850418090820e+00,5.193370580673217773e-01,-3.135441243648529053e-01,5.260954424738883972e-02,1.606528282165527344e+00,1.702885180711746216e-01,1.481392741203308105e+00,-8.368980139493942261e-02,2.391639947891235352e-01,6.894387006759643555e-01,3.656505048274993896e-01,-2.258670181035995483e-01,-2.646804451942443848e-01,3.505567312240600586e-01,-3.202326595783233643e-01,-5.236198902130126953e-01
-4.678112566471099854e-01,2.418228387832641602e-01,-2.826818525791168213e-01,-1.050989389419555664e+00,4.470459371805191040e-02,-1.046743337064981461e-02,3.971119821071624756e-01,-9.050772786140441895e-01,2.138733714818954468e-01,-1.350037813186645508e+00,4.254586994647979736e-01,-3.333846479654312134e-02,-5.086344480514526367e-01,-1.583136916160583496e+00,-9.047603607177734375e-02,-1.198755204677581787e-01,-4.102850854396820068e-01,-1.128804802894592285e+00,-6.465166807174682617e-01,-4.286637008190155029e-01
-4.037485420703887939e-01,-3.135408833622932434e-02,-1.123040914535522461e-01,1.563070863485336304e-01,2.579702436923980713e-01,-9.080938249826431274e-02,1.121019348502159119e-01,-3.046667277812957764e-01,-1.102780580520629883e+00,-1.650476008653640747e-01,5.330982208251953125e-01,2.490878552198410034e-01,-9.997586607933044434e-01,-5.548419952392578125e-01,-4.594776928424835205e-01,-1.450905799865722656e+00,1.001036405563354492e+00,-1.467919111251831055e+00,1.840191483497619629e-01,-7.653947472572326660e-01
-1.686743646860122681e-01,1.221598863601684570e+00,-9.625602364540100098e-01,8.506958484649658203e-01,-1.430162042379379272e-01,-6.421667337417602539e-01,9.561979770660400391e-01,1.767874360084533691e+00,1.512037515640258789e-01,-3.569249212741851807e-01,2.994625270366668701e-01,2.261558622121810913e-01,1.253377199172973633e-01,-3.295934498310089111e-01,4.318821728229522705e-01,-6.470664143562316895e-01,4.921499192714691162e-01,2.349940240383148193e-01,-4.282456338405609131e-01,8.833954930305480957e-01
3.433777987957000732e-01,1.556563615798950195e+00,1.197790861129760742e+00,2.492243200540542603e-01,4.437079131603240967e-01,1.221498966217041016e+00,2.067824840545654297e+00,1.703855395317077637e-01,2.987579107284545898e-01,1.934257149696350098e-01,6.466996073722839355e-01,4.980666637420654297e-01,1.428753018379211426e+00,-7.724320888519287109e-02,-4.240628480911254883e-01,3.048485815525054932e-01,8.844165205955505371e-01,1.559414029121398926e+00,1.206868410110473633e+00,1.166613698005676270e+00
4.723587930202484131e-01,8.498781919479370117e-01,1.231162771582603455e-01,9.232641011476516724e-02,2.064680904150009155e-01,1.149738788604736328e+00,2.020340859889984131e-01,5.489985346794128418e-01,2.084142208099365234e+00,9.250353574752807617e-01,3.408878445625305176e-01,1.704553700983524323e-02,8.033905029296875000e-01,6.506683677434921265e-02,2.104938626289367676e-01,7.917877435684204102e-01,9.239760637283325195e-01,1.083067774772644043e+00,1.551109671592712402e+00,1.607215404510498047e-01
-2.816547155380249023e-01,-1.450911760330200195e-01,-1.874676197767257690e-01,1.572748303413391113e+00,1.975612044334411621e-01,-1.213572978973388672e+00,-4.653950035572052002e-01,-1.073940634727478027e+00,1.465930789709091187e-01,-3.944650292396545410e-01,4.759632647037506104e-01,-8.502824604511260986e-02,-1.767033338546752930e-01,3.346892595291137695e-01,5.472968891263008118e-02,-1.021845221519470215e+00,-4.119430184364318848e-01,-7.208810448646545410e-01,2.480655908584594727e-01,1.719109117984771729e-01
5.931371450424194336e-01,4.959281682968139648e-01,5.917402505874633789e-01,1.508726239204406738e+00,1.887676954269409180e+00,1.003148913383483887e+00,1.099099636077880859e+00,1.208168745040893555e+00,1.493316531181335449e+00,1.332996129989624023e+00,1.468516469001770020e+00,1.279142856597900391e+00,6.237952709197998047e-01,1.116344571113586426e+00,1.166337609291076660e+00,-8.811011910438537598e-02,1.397031545639038086e+00,5.190373063087463379e-01,7.895740270614624023e-01,2.666887521743774414e+00
-2.879895925521850586e+00,-3.112989366054534912e-01,-4.460426568984985352e-01,-1.155801653861999512e+00,-4.103813171386718750e-01,-1.739043474197387695e+00,-8.204902410507202148e-01,-5.810347795486450195e-01,-1.970614790916442871e+00,-1.081340193748474121e+00,1.111486107110977173e-01,-7.950058579444885254e-01,-6.292687654495239258e-01,-3.219883739948272705e-01,-3.677821159362792969e-01,-1.477356314659118652e+00,-1.550845384597778320e+00,-1.232514977455139160e+00,7.627367228269577026e-02,-1.041004538536071777e+00
-3.401141464710235596e-01,-4.490358829498291016e-01,5.834489464759826660e-01,-9.117204546928405762e-01,-1.513268500566482544e-01,1.743977703154087067e-02,-4.645273387432098389e-01,-9.205242991447448730e-01,-1.070669218897819519e-01,4.888623952865600586e-01,8.494468778371810913e-02,-1.361009776592254639e-01,-6.394439339637756348e-01,-3.363692462444305420e-01,1.454902738332748413e-01,-2.138231754302978516e+00,-1.818108856678009033e-01,-8.546994328498840332e-01,-2.683791816234588623e-01,-4.281628429889678955e-01
4.202262759208679199e-01,1.479676246643066406e+00,1.607172340154647827e-01,4.551286995410919189e-01,3.610556721687316895e-01,-2.129296660423278809e-01,-2.318374663591384888e-01,5.017724633216857910e-01,5.914463847875595093e-02,3.744439780712127686e-01,5.834016799926757812e-01,1.414486765861511230e+00,2.168904542922973633e-01,5.325983762741088867e-01,-5.213603377342224121e-01,-2.943575084209442139e-01,4.039735198020935059e-01,8.691291213035583496e-01,-3.164279460906982422e-01,3.016757071018218994e-01
-1.573367714881896973e+00,-1.051120877265930176e+00,-1.377598404884338379e+00,-9.597887396812438965e-01,-2.190969944000244141e+00,-1.397843360900878906e+00,-1.225537538528442383e+00,-1.712092041969299316e+00,-1.826511740684509277e+00,-1.478127121925354004e+00,-9.708420038223266602e-01,-2.731348276138305664e+00,-2.075741052627563477e+00,-1.174040436744689941e+00,-1.750162839889526367e+00,-2.862878084182739258e+00,-1.560495018959045410e+00,-1.758219152688980103e-01,-1.347257256507873535e+00,-1.723747730255126953e+00
-4.524056315422058105e-01,8.394396305084228516e-01,2.530853450298309326e-02,4.233066141605377197e-01,3.747103810310363770e-01,6.120792031288146973e-01,-3.095207214355468750e-01,4.339104890823364258e-01,1.536087036132812500e+00,5.474480986595153809e-01,9.386836886405944824e-01,9.936747550964355469e-01,-3.883094787597656250e-01,4.883879423141479492e-01,2.061241388320922852e+00,8.457205295562744141e-01,-9.880854189395904541e-02,-2.219299316406250000e+00,1.101963639259338379e+00,8.734486699104309082e-01
-4.378610849380493164e-01,1.230068504810333252e-01,-1.598970293998718262e+00,-1.028391599655151367e+00,6.570525765419006348e-01,-3.238168358802795410e-01,-2.125260353088378906e+00,-5.715881586074829102e-01,-8.686894774436950684e-01,-1.279849708080291748e-01,-1.035961627960205078e+00,1.676016449928283691e-01,-9.557229876518249512e-01,-5.222116112709045410e-01,-8.874508738517761230e-01,-8.728637099266052246e-01,9.233233332633972168e-01,-6.293220520019531250e-01,-1.171794891357421875e+00,-4.594102501869201660e-02
8.978597521781921387e-01,-1.030644103884696960e-01,2.037030905485153198e-01,4.910943508148193359e-01,2.738903462886810303e-01,2.936434745788574219e-01,8.335871100425720215e-01,9.731351733207702637e-01,1.127717733383178711e+00,-1.586243626661598682e-03,1.614291787147521973e+00,9.061858654022216797e-01,9.859654307365417480e-01,5.421816110610961914e-01,-1.868251442909240723e+00,1.021382331848144531e+00,1.667081713676452637e+00,3.652720749378204346e-01,1.652433872222900391e+00,-6.902139633893966675e-02
4.957002103328704834e-01,6.293773651123046875e-01,-1.218836754560470581e-01,8.491064608097076416e-02,2.699570655822753906e-01,2.322490066289901733e-01,4.192363321781158447e-01,4.112350940704345703e-01,1.051685452461242676e+00,4.920444488525390625e-01,7.751717567443847656e-01,7.246311902999877930e-01,1.716769695281982422e+00,-2.413763105869293213e-01,1.021169424057006836e+00,1.120774261653423309e-02,1.278967261314392090e+00,-2.254310995340347290e-01,5.703900456428527832e-01,4.021001756191253662e-01
-1.685546398162841797e+00,-7.767359614372253418e-01,-8.665133118629455566e-01,-1.173874020576477051e+00,-7.438421249389648438e-01,-1.092938065528869629e+00,-3.980223238468170166e-01,-2.472531944513320923e-01,3.909873664379119873e-01,-9.632611870765686035e-01,-1.138276696205139160e+00,-1.090965628623962402e+00,-8.872562050819396973e-01,-1.318199336528778076e-01,-1.687846541404724121e+00,-1.074246406555175781e+00,-1.049190640449523926e+00,-1.190435051918029785e+00,-1.476755023002624512e+00,-5.241525769233703613e-01
-1.306594759225845337e-01,-1.033813238143920898e+00,-3.613459169864654541e-01,-2.768508791923522949e-01,-2.002311795949935913e-01,-1.692191362380981445e-01,4.054215252399444580e-01,9.710855484008789062e-01,-1.125277638435363770e+00,3.778582811355590820e-01,2.588019967079162598e-01,9.692189097404479980e-01,3.162812888622283936e-01,-1.310884356498718262e-01,3.245566487312316895e-01,6.211009621620178223e-01,2.929220199584960938e-01,4.748819768428802490e-01,-3.090974688529968262e-01,3.500374257564544678e-01
3.808085024356842041e-01,1.133135080337524414e+00,2.162526845932006836e+00,2.220881938934326172e+00,1.015714526176452637e+00,1.184196352958679199e+00,1.393466711044311523e+00,1.479271054267883301e+00,1.953426957130432129e+00,3.686144948005676270e-01,1.600698351860046387e+00,4.201662838459014893e-01,1.232643723487854004e+00,1.162026286125183105e+00,1.026867032051086426e+00,-7.642421126365661621e-01,1.109906315803527832e+00,3.329757750034332275e-01,1.255567550659179688e+00,8.169182538986206055e-01
-9.213849306106567383e-01,-4.898961782455444336e-01,-4.214372038841247559e-01,-9.186457395553588867e-01,-1.006060764193534851e-01,-7.418839931488037109e-01,1.278719067573547363e+00,-3.867396414279937744e-01,7.936385869979858398e-01,2.944567501544952393e-01,1.845045834779739380e-01,-8.311466127634048462e-02,1.429734379053115845e-01,2.140761911869049072e-01,-1.376966595649719238e+00,-8.793920874595642090e-01,-3.787173926830291748e-01,-1.048717617988586426e+00,-4.320856034755706787e-01,-6.579064726829528809e-01
5.769701600074768066e-01,-1.096244931221008301e+00,-1.676789164543151855e+00,-8.283774256706237793e-01,-8.346804380416870117e-01,-9.585773944854736328e-01,-9.947022199630737305e-01,-3.041699230670928955e-01,-7.052779793739318848e-01,-5.044618248939514160e-01,-8.322992920875549316e-01,-2.196869999170303345e-01,-5.183520913124084473e-01,-4.696730673313140869e-01,-1.650633335113525391e+00,-8.927296996116638184e-01,-2.324000358581542969e+00,-6.444698572158813477e-01,-5.444515347480773926e-01,-3.288792371749877930e-01
9.303044676780700684e-01,3.718166649341583252e-01,-9.026420116424560547e-01,-1.179958730936050415e-01,-8.188961744308471680e-01,3.282787501811981201e-01,4.541174173355102539e-01,3.990218043327331543e-01,-2.803657948970794678e-01,1.442457199096679688e+00,2.506852447986602783e-01,8.520546555519104004e-01,3.273862898349761963e-01,-1.983554959297180176e-01,-3.993180692195892334e-01,-3.992515504360198975e-01,2.113985829055309296e-02,1.435724794864654541e-01,-2.962441444396972656e-01,2.600241601467132568e-01
-8.877614736557006836e-01,1.134745925664901733e-01,9.473197460174560547e-01,-2.975661456584930420e-01,-6.560688018798828125e-01,-1.907087676227092743e-02,9.731055498123168945e-01,8.881810903549194336e-01,-3.000476360321044922e-01,-2.497447431087493896e-01,-1.169988289475440979e-01,9.212737083435058594e-01,-1.713274598121643066e+00,-2.574082016944885254e-01,-3.704693019390106201e-01,7.298250198364257812e-01,-2.639851868152618408e-01,5.423813462257385254e-01,-2.764188051223754883e-01,-3.752970695495605469e-01
-3.392563462257385254e-01,-1.249161139130592346e-01,1.079164385795593262e+00,-1.830620914697647095e-01,-1.497822761535644531e+00,1.313164234161376953e+00,-2.968225777149200439e-01,-5.483486875891685486e-02,-2.067900300025939941e-01,3.491810560226440430e-01,1.365203619003295898e+00,3.520593047142028809e-02,2.374794483184814453e-01,2.218457758426666260e-01,-6.552497148513793945e-01,-8.890102803707122803e-02,5.900118350982666016e-01,3.082653284072875977e-01,-5.716537833213806152e-01,-2.249476015567779541e-01
-2.202440798282623291e-01,1.307820439338684082e+00,-4.033660888671875000e-01,-6.263978779315948486e-02,1.233094707131385803e-01,2.604258954524993896e-01,-3.467318601906299591e-03,4.857238233089447021e-01,8.444163203239440918e-01,8.816383481025695801e-01,-9.247800707817077637e-01,-4.916185140609741211e-01,-2.732236124575138092e-02,-2.192475944757461548e-01,2.520361185073852539e+00,-1.401755362749099731e-01,-3.205629289150238037e-01,3.768746852874755859e-01,-2.479259818792343140e-01,-5.127918720245361328e-01
2.158644944429397583e-01,2.245768308639526367e-01,-4.099790453910827637e-01,-1.033448204398155212e-01,-1.069287896156311035e+00,-2.943330109119415283e-01,-3.046238124370574951e-01,-4.504357874393463135e-01,-4.821382761001586914e-01,-4.527404531836509705e-02,8.970137238502502441e-01,-3.174220621585845947e-01,1.880419850349426270e-01,-1.124640703201293945e+00,9.912901520729064941e-01,-7.415729761123657227e-01,2.957195639610290527e-01,8.119044303894042969e-01,2.905492484569549561e-01,-2.743407189846038818e-01
-8.415417075157165527e-01,2.132823318243026733e-01,1.005617976188659668e+00,1.289058774709701538e-01,4.497845470905303955e-01,1.182170629501342773e+00,-6.972435116767883301e-01,2.814466655254364014e-01,4.536679983139038086e-01,3.720750510692596436e-01,5.017721056938171387e-01,-7.974726706743240356e-02,-3.984569013118743896e-01,-2.963084876537322998e-01,5.128745436668395996e-01,2.495478153228759766e+00,1.707276701927185059e+00,3.054574131965637207e-01,-5.125464200973510742e-01,3.499026596546173096e-01
-1.493194460868835449e+00,-5.448792576789855957e-01,-1.132658720016479492e+00,-6.297990679740905762e-01,-1.304417133331298828e+00,2.181036919355392456e-01,-1.402997493743896484e+00,-7.380179166793823242e-01,-5.001698732376098633e-01,-1.453349947929382324e+00,-1.170874953269958496e+00,-7.265264540910720825e-02,-2.084658145904541016e+00,8.672759681940078735e-02,-1.178144574165344238e+00,-4.371540248394012451e-01,3.554283380508422852e-01,-1.139599084854125977e+00,-1.715822577476501465e+00,1.775467842817306519e-01
1.253085136413574219e-01,6.714376211166381836e-01,2.877454757690429688e-01,2.378424108028411865e-01,-1.090506196022033691e+00,1.430280506610870361e-01,-1.093250513076782227e+00,7.492368817329406738e-01,-6.210159063339233398e-01,-1.059686616063117981e-01,-5.404527783393859863e-01,-1.635137557983398438e+00,-3.362695276737213135e-01,-6.048151254653930664e-01,-2.803786098957061768e-01,7.792712450027465820e-01,-1.580623686313629150e-01,-1.542205095291137695e+00,-7.720125317573547363e-01,-1.660166621208190918e+00
1.217929050326347351e-01,-8.293806314468383789e-01,9.591021388769149780e-02,-1.110489487648010254e+00,-1.670308351516723633e+00,-1.361160516738891602e+00,-9.241712689399719238e-01,3.603734541684389114e-03,-1.254369378089904785e+00,3.090149760246276855e-01,-8.204386830329895020e-01,-2.183724164962768555e+00,5.983499288558959961e-01,-1.335805773735046387e+00,-1.191366195678710938e+00,-2.867955863475799561e-01,-6.921882033348083496e-01,-7.011311650276184082e-01,-9.156145453453063965e-01,-4.783792197704315186e-01
-2.634304761886596680e-01,6.480571627616882324e-02,-1.248734351247549057e-02,-5.216748118400573730e-01,-3.417636156082153320e-01,-1.132446765899658203e+00,1.220740228891372681e-01,3.180980384349822998e-01,2.309328317642211914e+00,-4.022860229015350342e-01,-9.064903855323791504e-01,-2.089868187904357910e-01,1.111867874860763550e-01,-8.461917638778686523e-01,-1.083812713623046875e+00,-2.303265035152435303e-01,-8.017143011093139648e-01,1.419692784547805786e-01,-9.636918306350708008e-01,-4.771498441696166992e-01
2.630741298198699951e-01,4.092006087303161621e-01,1.171629309654235840e+00,-1.571318745613098145e+00,1.371280193328857422e+00,4.265654981136322021e-01,5.913614630699157715e-01,6.101485490798950195e-01,5.015915036201477051e-01,4.855795502662658691e-01,-1.328514069318771362e-01,3.797274827957153320e-01,2.238513082265853882e-01,5.249337553977966309e-01,8.793361783027648926e-01,-1.158286929130554199e-01,4.716245532035827637e-01,1.023788094520568848e+00,7.864512205123901367e-01,-1.503224521875381470e-01
-4.316487014293670654e-01,-3.449929356575012207e-01,-5.955382585525512695e-01,2.041258811950683594e+00,-5.225441455841064453e-01,-4.671488702297210693e-01,-1.332445621490478516e+00,-9.147229790687561035e-01,-3.989744782447814941e-01,3.952145278453826904e-01,-4.593168795108795166e-01,-4.167405962944030762e-01,1.157616451382637024e-01,-1.289130654186010361e-02,-1.167753577232360840e+00,-5.652742385864257812e-01,-7.417705059051513672e-01,-2.123353719711303711e+00,-2.497628480195999146e-01,-9.800722599029541016e-01
-1.424425005912780762e+00,-1.258599042892456055e+00,-9.081034660339355469e-01,1.707036197185516357e-01,-3.207143247127532959e-01,-1.457473993301391602e+00,3.867131769657135010e-01,1.442071944475173950e-01,-7.569476366043090820e-01,-1.008947610855102539e+00,5.471385121345520020e-01,-4.661087095737457275e-01,8.720810413360595703e-01,4.194122850894927979e-01,-3.406768739223480225e-01,-3.779785931110382080e-01,-6.948044300079345703e-01,1.297675520181655884e-01,2.687605023384094238e-01,-2.687010765075683594e-01
-1.329830288887023926e+00,-1.588538527488708496e+00,-1.078991055488586426e+00,-8.847557306289672852e-01,-5.026184916496276855e-01,-1.502933740615844727e+00,-1.109391927719116211e+00,-3.862258195877075195e-01,-1.419114470481872559e+00,-1.115823388099670410e+00,-1.150774240493774414e+00,-1.824015140533447266e+00,-1.254208087921142578e+00,-6.768667697906494141e-01,-1.744229435920715332e+00,-2.156164169311523438e+00,-3.823708295822143555e-01,-1.865855932235717773e+00,-1.015181183815002441e+00,-1.011821746826171875e+00
-1.111558198928833008e+00,6.559706926345825195e-01,2.748881578445434570e-01,4.722248017787933350e-01,1.005128741264343262e+00,1.533590406179428101e-01,5.201462507247924805e-01,1.368347048759460449e+00,2.839031815528869629e-01,9.871006011962890625e-02,-1.593979001045227051e+00,1.950234919786453247e-01,-9.000953286886215210e-02,5.854873657226562500e-01,2.395603209733963013e-01,-7.998229563236236572e-02,2.245316505432128906e+00,8.678478598594665527e-01,-6.167567968368530273e-01,-2.766096293926239014e-01
9.813223481178283691e-01,2.742604613304138184e-01,1.659220457077026367e+00,9.779705852270126343e-02,1.118059992790222168e+00,4.478827118873596191e-01,9.767624735832214355e-01,9.484746456146240234e-01,-6.798263192176818848e-01,-1.088998317718505859e-01,3.845757842063903809e-01,6.649408936500549316e-01,7.417011260986328125e-02,7.604860663414001465e-01,4.078299105167388916e-01,2.921186089515686035e-01,-1.055091738700866699e+00,1.887491047382354736e-01,8.431935310363769531e-01,2.379274368286132812e-02
-4.430477619171142578e-01,1.896092295646667480e-01,5.713973641395568848e-01,-3.832087814807891846e-01,-3.272065818309783936e-01,-1.523060798645019531e-01,-2.354776561260223389e-01,1.227595508098602295e-01,3.302151262760162354e-01,-1.001890599727630615e-01,-7.109020650386810303e-02,4.219291806221008301e-01,6.320025920867919922e-01,-2.642476260662078857e-01,-4.216669201850891113e-01,-2.276888370513916016e+00,6.424371004104614258e-01,4.713769629597663879e-02,-2.117961347103118896e-01,-8.515276312828063965e-01
-1.376621484756469727e+00,-7.305256724357604980e-01,-6.917576193809509277e-01,-6.989526152610778809e-01,-1.050829172134399414e+00,-1.898450016975402832e+00,-1.168568968772888184e+00,-5.166137218475341797e-01,-2.373369455337524414e+00,-1.976189970970153809e+00,-8.361384272575378418e-01,-7.031056284904479980e-01,-1.759371280670166016e+00,-9.785895943641662598e-01,-1.875019073486328125e+00,-1.561318635940551758e+00,-1.609075307846069336e+00,-1.112247705459594727e+00,-1.142833828926086426e+00,-1.166376113891601562e+00
3.036030568182468414e-02,2.145234793424606323e-01,7.533272504806518555e-01,2.911030650138854980e-01,3.730226457118988037e-01,1.158275678753852844e-01,1.009965062141418457e+00,7.925177812576293945e-01,-1.567977368831634521e-01,-1.116450503468513489e-01,8.487186431884765625e-01,2.861904501914978027e-01,-1.438455432653427124e-01,1.031747087836265564e-01,-1.307103157043457031e+00,-1.617215722799301147e-01,3.348988592624664307e-01,-4.633093476295471191e-01,-1.356454968452453613e+00,-2.217110097408294678e-01
-6.874879002571105957e-01,-2.577255070209503174e-01,1.902325004339218140e-01,4.519420266151428223e-01,-1.672086358070373535e+00,3.013465702533721924e-01,8.906012773513793945e-01,-1.580441147089004517e-01,7.343718409538269043e-01,5.516547560691833496e-01,2.779672741889953613e-01,4.696431159973144531e-01,6.570991873741149902e-01,1.916491270065307617e+00,1.744026064872741699e+00,-2.642379403114318848e-01,1.969263255596160889e-01,1.563696712255477905e-01,-3.350996673107147217e-01,2.237655639648437500e+00
-3.829855024814605713e-01,1.595895588397979736e-01,-3.998713791370391846e-01,2.120488435029983521e-01,-2.442219704389572144e-01,-2.879315912723541260e-01,-4.991723597049713135e-01,-3.444056808948516846e-01,-1.070108175277709961e+00,-7.299752831459045410e-01,-1.946285486221313477e+00,-1.082616448402404785e+00,5.176547169685363770e-01,-4.858388006687164307e-01,-4.349934309720993042e-02,-1.407798171043395996e+00,6.599809527397155762e-01,-8.447177410125732422e-01,-1.801971197128295898e-01,-1.464275240898132324e+00
-4.545243978500366211e-01,8.948823809623718262e-01,-2.861903309822082520e-01,-6.251689791679382324e-01,1.292683631181716919e-01,-4.126584231853485107e-01,-3.678064942359924316e-01,-3.095798790454864502e-01,1.406871080398559570e-01,7.799642682075500488e-01,-3.673496544361114502e-01,2.124794423580169678e-01,-9.668742418289184570e-01,-3.602830171585083008e-01,1.973545998334884644e-01,-2.418147325515747070e-01,8.549297451972961426e-01,2.758960127830505371e-01,-2.551297843456268311e-01,-1.722996681928634644e-01
-2.091564983129501343e-01,-2.824909389019012451e-01,-4.804131686687469482e-01,1.080677509307861328e+00,-3.063588142395019531e-01,-3.102914094924926758e-01,-5.842728912830352783e-02,-2.784146070480346680e+00,-7.263943552970886230e-01,-6.646575927734375000e-01,1.954223513603210449e-01,3.054259419441223145e-01,8.719077706336975098e-01,2.621006250381469727e+00,2.602188289165496826e-01,-5.055305361747741699e-02,2.372892051935195923e-01,3.753252029418945312e-01,2.191556543111801147e-01,6.012205779552459717e-02
1.599824905395507812e+00,5.628747344017028809e-01,9.459254890680313110e-02,5.607200264930725098e-01,6.728834658861160278e-02,5.133790373802185059e-01,9.209113717079162598e-01,4.930427670478820801e-01,8.645303249359130859e-01,-1.685970723628997803e-01,1.080242514610290527e+00,1.032097712159156799e-01,8.991211056709289551e-01,-2.706561088562011719e-01,-3.753283321857452393e-01,2.732439935207366943e-01,1.179763376712799072e-01,1.570640444755554199e+00,1.739839673042297363e+00,-1.923876255750656128e-01
-2.618872642517089844e+00,-1.163948416709899902e+00,-2.351648807525634766e+00,-1.211134791374206543e+00,-1.717454314231872559e+00,-1.902054667472839355e+00,-1.661369562149047852e+00,-7.965602874755859375e-01,-1.844478607177734375e+00,-4.987829029560089111e-01,-1.140972137451171875e+00,-1.607979297637939453e+00,-1.277552008628845215e+00,-9.171993732452392578e-01,-2.281668424606323242e+00,-7.459871172904968262e-01,-9.898671507835388184e-01,-1.719783782958984375e+00,-4.911416471004486084e-01,-1.921390652656555176e+00
5.884303525090217590e-02,5.799794569611549377e-02,-2.771992087364196777e-01,1.511736065149307251e-01,2.479529857635498047e+00,-2.406113296747207642e-01,-4.515480101108551025e-01,5.452830791473388672e-01,-2.901234626770019531e-01,-2.616718411445617676e-01,-1.693988889455795288e-01,1.513886451721191406e+00,5.197258591651916504e-01,4.815754666924476624e-02,3.221710920333862305e-01,-1.481749415397644043e-01,-1.964951902627944946e-01,1.009902238845825195e+00,2.944821119308471680e-01,1.125056371092796326e-01
4.326277673244476318e-01,3.773906826972961426e-01,-2.900546491146087646e-01,-2.013338953256607056e-01,-1.128085851669311523e+00,2.135730087757110596e-01,8.959578275680541992e-01,4.876380860805511475e-01,-8.966673612594604492e-01,1.783834397792816162e-01,-9.864713549613952637e-01,-1.052136898040771484e+00,1.946566104888916016e-01,-4.183652102947235107e-01,2.424518764019012451e-01,-1.685638576745986938e-01,1.873778998851776123e-01,3.403702080249786377e-01,-2.291127145290374756e-01,5.212388187646865845e-02
-1.114569306373596191e+00,-1.819370865821838379e+00,-2.179508447647094727e+00,-1.043074727058410645e+00,-8.432118296623229980e-01,2.407742738723754883e-01,-1.997948735952377319e-01,-1.118624687194824219e+00,-6.757336258888244629e-01,-7.612395882606506348e-01,-4.096817076206207275e-01,-8.637600541114807129e-01,-9.902814626693725586e-01,-1.041764044202864170e-03,-2.856786549091339111e-01,-1.471580386161804199e+00,2.698820233345031738e-01,-8.990790843963623047e-01,-5.329515933990478516e-01,-9.989164471626281738e-01
-8.164896368980407715e-01,-3.103107027709484100e-02,-9.962235093116760254e-01,-6.579780578613281250e-01,-1.258051753044128418e+00,-6.862020492553710938e-01,2.176348417997360229e-01,-3.786557018756866455e-01,-8.158160448074340820e-01,-9.800117611885070801e-01,-2.581995427608489990e-01,-7.594109177589416504e-01,-4.255303740501403809e-01,-4.701176285743713379e-01,1.227990746498107910e+00,2.178699016571044922e+00,-3.706796467304229736e-01,-4.177575707435607910e-01,-9.308117032051086426e-01,1.115911826491355896e-01
1.034634590148925781e+00,1.408011436462402344e+00,3.342646062374114990e-01,8.876284956932067871e-01,9.016411900520324707e-01,5.265785455703735352e-01,8.194534182548522949e-01,1.488245725631713867e+00,1.373528122901916504e+00,-2.625708580017089844e-01,6.533755660057067871e-01,8.578802347183227539e-01,1.007146596908569336e+00,9.203094840049743652e-01,2.980842590332031250e+00,3.011844456195831299e-01,1.331853032112121582e+00,5.585739016532897949e-01,2.051022529602050781e+00,3.854249715805053711e-01
-1.174706101417541504e+00,-1.939387060701847076e-02,-1.139131426811218262e+00,-1.099266648292541504e+00,-1.341033458709716797e+00,-1.289180040359497070e+00,-1.775513648986816406e+00,-1.010622158646583557e-01,-1.714618682861328125e+00,-1.691520452499389648e+00,-1.066225886344909668e+00,-1.420317173004150391e+00,-1.168555855751037598e+00,-3.670857548713684082e-01,-1.380868554115295410e-01,-7.988060116767883301e-01,-1.676419854164123535e+00,-2.193959355354309082e-01,-4.535371363162994385e-01,-3.561410307884216309e-01
-4.007923603057861328e-01,-5.380154252052307129e-01,-6.124103069305419922e-01,-1.016204237937927246e+00,-4.629376530647277832e-01,-2.778323292732238770e-01,-1.211670875549316406e+00,-1.498927921056747437e-01,-5.711673498153686523e-01,1.200644969940185547e+00,-6.099919676780700684e-01,2.424504980444908142e-02,1.351381301879882812e+00,-6.755440682172775269e-02,-1.069816350936889648e+00,-8.577805161476135254e-01,-7.967916727066040039e-01,-8.698393702507019043e-01,-3.904040157794952393e-01,-4.439611732959747314e-01
-3.595729172229766846e-01,-1.204220414161682129e+00,-9.185793399810791016e-01,-7.377620339393615723e-01,-1.066355943679809570e+00,-2.290274858474731445e+00,-2.302470445632934570e+00,-9.554551243782043457e-01,-1.193404078483581543e+00,-4.432273507118225098e-01,3.813847303390502930e-01,-1.139110922813415527e+00,-1.174007177352905273e+00,-1.074337244033813477e+00,-1.020795702934265137e+00,-4.233089685440063477e-01,-2.864654958248138428e-01,-4.225183427333831787e-01,-6.405200362205505371e-01,-8.671145439147949219e-01
4.112526476383209229e-01,6.130809187889099121e-01,1.894478440284729004e+00,4.569049477577209473e-01,6.720197945833206177e-02,6.110491752624511719e-01,2.168660908937454224e-01,1.609117150306701660e+00,1.982564330101013184e+00,3.208167254924774170e-01,6.347485184669494629e-01,1.054663300514221191e+00,1.267334818840026855e+00,4.387407600879669189e-01,1.168103575706481934e+00,1.145412325859069824e+00,-1.465740919113159180e+00,9.329520463943481445e-01,1.487681865692138672e+00,-7.559255510568618774e-02
-2.202657938003540039e+00,-3.729234635829925537e-01,-3.568375408649444580e-01,-1.011329889297485352e-01,-4.522407352924346924e-01,5.174930095672607422e-01,3.123287558555603027e-01,6.424226164817810059e-01,-2.221480607986450195e-01,4.137307405471801758e-01,3.101108968257904053e-01,1.020421743392944336e+00,6.279180049896240234e-01,2.502776682376861572e-01,-8.991065025329589844e-01,3.047584295272827148e-01,4.838817417621612549e-01,7.670350372791290283e-03,-3.272455930709838867e-01,-2.235287129878997803e-01
5.333681106567382812e-01,1.659821629524230957e+00,1.263617992401123047e+00,-3.405242264270782471e-01,2.245225310325622559e-01,-3.701291233301162720e-02,9.949489235877990723e-01,7.723924517631530762e-02,1.812297105789184570e+00,7.527253627777099609e-01,1.511300563812255859e+00,4.860879480838775635e-01,1.869861960411071777e+00,9.765093326568603516e-01,-3.371586650609970093e-02,4.872021973133087158e-01,1.106002330780029297e+00,1.105974793434143066e+00,8.488329052925109863e-01,3.729700446128845215e-01
-3.993353843688964844e-01,-2.114318370819091797e+00,-1.203696250915527344e+00,-1.541519880294799805e+00,-1.643121480941772461e+00,-1.192246198654174805e+00,-1.632700681686401367e+00,-2.177252769470214844e+00,-1.748688220977783203e+00,-6.102527379989624023e-01,-5.114371180534362793e-01,-1.108349323272705078e+00,-1.816706895828247070e+00,-1.684243321418762207e+00,-1.280092716217041016e+00,-1.119702577590942383e+00,-1.107495546340942383e+00,-1.182750701904296875e+00,-2.467548847198486328e+00,-9.493830800056457520e-01
9.066650867462158203e-01,1.560127139091491699e+00,3.684718161821365356e-02,5.796138048171997070e-01,-3.815101683139801025e-01,4.470979571342468262e-01,-9.000885486602783203e-02,1.015843033790588379e+00,1.691485047340393066e+00,2.844854891300201416e-01,1.892246752977371216e-01,8.163590431213378906e-01,9.253510832786560059e-01,-2.861974537372589111e-01,2.654324173927307129e-01,6.750476360321044922e-01,1.113492250442504883e+00,-1.930302232503890991e-01,4.158225953578948975e-01,1.755275726318359375e-01
-3.460537493228912354e-01,1.435566067695617676e+00,3.507782816886901855e-01,-2.852321267127990723e-01,1.918423175811767578e-01,-2.109561711549758911e-01,6.146559119224548340e-01,3.206193149089813232e-01,3.783217668533325195e-01,-1.765784472227096558e-01,1.933138608932495117e+00,1.022790431976318359e+00,-5.074105858802795410e-01,-2.067482024431228638e-01,-6.781870722770690918e-01,7.332217693328857422e-02,-4.840830266475677490e-01,7.643555402755737305e-01,6.106138825416564941e-01,1.043092370033264160e+00
-1.476178914308547974e-01,3.007067143917083740e-01,-1.015633583068847656e+00,1.340554207563400269e-01,5.252055525779724121e-01,2.589925229549407959e-01,-2.597500085830688477e-01,5.180336236953735352e-01,1.819615840911865234e+00,-1.282928138971328735e-01,-6.115857958793640137e-01,-4.063794016838073730e-01,2.100777149200439453e+00,1.302917301654815674e-01,-1.842951029539108276e-01,3.362179100513458252e-01,3.768646717071533203e-01,5.057525634765625000e-02,1.234359979629516602e+00,2.805587947368621826e-01
-7.169237136840820312e-01,1.735369414091110229e-01,8.902543783187866211e-01,-2.797791957855224609e-01,3.688009083271026611e-01,9.519765973091125488e-01,8.946692943572998047e-01,1.525747060775756836e+00,9.139094352722167969e-01,-7.228864431381225586e-01,7.915983796119689941e-01,-1.873461455106735229e-01,-2.630213201045989990e-01,3.168404698371887207e-01,-6.050233244895935059e-01,1.255621314048767090e-01,3.401722311973571777e-01,6.622223258018493652e-01,4.335408806800842285e-01,4.232376217842102051e-01
-3.320525884628295898e-01,9.417133927345275879e-01,2.057496458292007446e-01,-4.689314067363739014e-01,8.740853518247604370e-02,5.613675117492675781e-01,-1.031524181365966797e+00,1.875312030315399170e-01,-2.768468260765075684e-01,-2.289121299982070923e-01,-4.849480092525482178e-01,1.278350353240966797e-01,-5.159732699394226074e-01,9.222893118858337402e-01,1.412381291389465332e+00,-9.137906432151794434e-01,4.728503823280334473e-01,-7.482039332389831543e-01,-6.522729992866516113e-02,-4.013985991477966309e-01
3.592898547649383545e-01,4.613575935363769531e-01,3.500126004219055176e-01,6.887609362602233887e-01,1.031586647033691406e+00,4.073076844215393066e-01,-6.317867636680603027e-01,1.794218063354492188e+00,8.456558585166931152e-01,1.075227737426757812e+00,6.582893133163452148e-01,2.996344566345214844e-01,8.875349760055541992e-01,-1.824045479297637939e-01,-6.291053295135498047e-01,1.132955253124237061e-01,2.654084265232086182e-01,1.196682572364807129e+00,8.965501785278320312e-01,-3.010584414005279541e-01
1.205818891525268555e+00,1.356423735618591309e+00,1.623218536376953125e+00,2.708222866058349609e-01,1.774617731571197510e-01,-2.095357477664947510e-01,8.262416124343872070e-01,4.136647284030914307e-01,-2.517993748188018799e-01,1.219744682312011719e+00,1.977800726890563965e-01,2.583627700805664062e-01,5.100512504577636719e-01,-1.010943278670310974e-01,4.821556210517883301e-01,-3.884407281875610352e-01,2.184642702341079712e-01,-5.498319864273071289e-02,-3.074224293231964111e-02,-5.278066992759704590e-01
9.373448491096496582e-01,-3.540685176849365234e-01,1.036793470382690430e+00,-3.947132527828216553e-01,7.051870226860046387e-01,-5.131144523620605469e-01,-1.748529374599456787e-01,-2.855212688446044922e-01,6.652158498764038086e-01,-1.395490169525146484e+00,-6.321318745613098145e-01,-4.196863770484924316e-01,-1.031525969505310059e+00,-9.743047356605529785e-01,-5.421933531761169434e-01,-5.029032826423645020e-01,-2.762368619441986084e-01,2.179472297430038452e-01,-1.306100606918334961e+00,2.197413444519042969e-01
-2.192477583885192871e-01,8.674294352531433105e-01,1.920181214809417725e-01,2.100079953670501709e-01,8.942507207393646240e-02,9.613481163978576660e-01,7.587618231773376465e-01,3.499396741390228271e-01,-2.436292767524719238e-01,-2.446194291114807129e-01,9.406237006187438965e-01,2.948363721370697021e-01,1.068719506263732910e+00,-2.454965114593505859e-01,-2.424229979515075684e-01,2.804948091506958008e-01,-6.596060395240783691e-01,2.911474704742431641e-01,2.397165894508361816e-01,-5.242871046066284180e-01
2.122720927000045776e-01,3.289733827114105225e-01,-2.617398202419281006e-01,-5.254722237586975098e-01,4.490700662136077881e-01,-9.413475990295410156e-01,-3.665093779563903809e-01,3.824785053730010986e-01,-2.197415083646774292e-01,1.930291056632995605e-01,9.070721864700317383e-01,3.225436508655548096e-01,-2.486618757247924805e-01,1.364679813385009766e+00,2.927398085594177246e-01,2.306822091341018677e-01,8.340682387351989746e-01,1.684063486754894257e-02,-8.164921402931213379e-01,-8.832559585571289062e-01
-1.240757256746292114e-01,-3.204797208309173584e-02,-9.238010048866271973e-01,-2.564793229103088379e-01,-7.193335890769958496e-01,-2.363249301910400391e+00,-1.660170316696166992e+00,-1.282886713743209839e-01,7.548654079437255859e-01,-1.089397907257080078e+00,-4.233605563640594482e-01,-1.003541111946105957e+00,2.386289089918136597e-01,1.316879391670227051e+00,-2.332409173250198364e-01,1.007777571678161621e+00,-8.710415959358215332e-01,3.542955815792083740e-01,-2.736697196960449219e-01,1.039739698171615601e-01
3.225807845592498779e-01,-3.174998164176940918e-01,-8.659564256668090820e-01,1.235706210136413574e-01,3.557274937629699707e-01,-9.703868031501770020e-01,-1.981551945209503174e-01,6.117638349533081055e-01,5.506024360656738281e-01,4.819603860378265381e-01,-3.413568437099456787e-01,-4.185289144515991211e-01,-3.575031757354736328e-01,-3.320115506649017334e-01,-9.124182462692260742e-01,-4.152638018131256104e-01,-8.645815849304199219e-01,7.159658074378967285e-01,2.982345819473266602e+00,-1.811621487140655518e-01
7.890982031822204590e-01,4.296873509883880615e-01,2.840788662433624268e-01,-4.807119071483612061e-01,4.740498661994934082e-01,1.067426323890686035e+00,2.293635606765747070e-01,7.288413047790527344e-01,-4.838583767414093018e-01,-1.215718910098075867e-01,-8.507362604141235352e-01,3.924023807048797607e-01,-1.199560999870300293e+00,1.874426007270812988e-01,5.992684364318847656e-01,2.058846235275268555e+00,1.661447882652282715e+00,-4.549569487571716309e-01,-3.188204020261764526e-02,7.133738398551940918e-01
1.794058442115783691e+00,1.928013920783996582e+00,2.199218034744262695e+00,2.242601156234741211e+00,2.380650281906127930e+00,2.043410539627075195e+00,1.669708132743835449e+00,2.838938951492309570e+00,2.223032474517822266e+00,1.923798441886901855e+00,2.124687910079956055e+00,1.477568507194519043e+00,2.878390312194824219e+00,2.123609304428100586e+00,2.106872320175170898e+00,1.583529591560363770e+00,8.534488677978515625e-01,1.231733679771423340e+00,1.675913810729980469e+00,1.566939830780029297e+00
3.883252665400505066e-02,1.768045010976493359e-03,1.159009218215942383e+00,-1.139108166098594666e-01,-4.196835756301879883e-01,3.089419007301330566e-01,9.380239844322204590e-01,-2.980934977531433105e-01,3.204174935817718506e-01,-1.985099762678146362e-01,8.259172439575195312e-01,6.813336014747619629e-01,7.108649611473083496e-01,-4.566567838191986084e-01,-2.414101809263229370e-01,-1.210719466209411621e+00,2.927268445491790771e-01,1.974818706512451172e+00,1.505447179079055786e-01,7.379298806190490723e-01
-4.170278012752532959e-01,-3.201233148574829102e-01,1.432729005813598633e+00,-7.983611822128295898e-01,8.716045022010803223e-01,1.642884910106658936e-01,1.377563774585723877e-01,1.098000928759574890e-01,-1.693604350090026855e+00,-7.586069107055664062e-01,-3.400984108448028564e-01,3.078170716762542725e-01,-3.353236913681030273e-01,-4.742194712162017822e-01,3.193628191947937012e-01,-4.997717440128326416e-01,-1.759601354598999023e+00,-3.229215741157531738e-01,-1.655436277389526367e+00,6.969067454338073730e-02
-1.090040802955627441e+00,-6.093447804450988770e-01,-1.057108044624328613e+00,2.947152554988861084e-01,1.090226918458938599e-01,-9.700672626495361328e-01,-8.672283291816711426e-01,-6.009799838066101074e-01,-1.328135967254638672e+00,-8.703169226646423340e-01,1.174494922161102295e-01,-2.910682857036590576e-01,-1.106633663177490234e+00,-1.152470335364341736e-01,-9.990519881248474121e-01,-9.782666563987731934e-01,-7.501757144927978516e-01,-6.474980711936950684e-01,-8.997312784194946289e-01,-2.466739416122436523e-01
8.176861405372619629e-01,1.025528073310852051e+00,1.269955158233642578e+00,7.743749618530273438e-01,6.056799292564392090e-01,-1.877925395965576172e-01,3.411838412284851074e-01,-2.212336957454681396e-01,1.244404196739196777e+00,1.032392904162406921e-01,3.466233611106872559e-01,-2.329288274049758911e-01,3.599337637424468994e-01,7.698145508766174316e-01,2.605126857757568359e+00,4.598941206932067871e-01,1.242154717445373535e+00,1.236762762069702148e+00,-4.001978635787963867e-01,6.954899430274963379e-01
-2.499648094177246094e+00,-1.201662778854370117e+00,-6.184864044189453125e-01,-1.537275791168212891e+00,-2.919003009796142578e+00,-1.267964363098144531e+00,-2.223303794860839844e+00,-1.444477677345275879e+00,-1.425673961639404297e+00,-9.915965199470520020e-01,-1.086928606033325195e+00,-9.358055591583251953e-01,-2.746640443801879883e+00,-7.051318883895874023e-01,-2.312362432479858398e+00,-9.897211790084838867e-01,-8.639740347862243652e-01,-9.053623676300048828e-01,-1.995781898498535156e+00,-9.300802350044250488e-01
1.214808821678161621e+00,4.487918317317962646e-01,5.960966348648071289e-01,1.731392145156860352e+00,9.136059880256652832e-01,2.767323970794677734e+00,1.000119209289550781e+00,5.432826280593872070e-01,2.284718036651611328e+00,1.889269709587097168e+00,1.240858197212219238e+00,7.885944843292236328e-01,1.204375982284545898e+00,2.379154205322265625e+00,1.846850037574768066e+00,9.207966923713684082e-01,1.050323724746704102e+00,2.236218005418777466e-01,9.856850504875183105e-01,1.152159929275512695e+00
6.179261207580566406e-01,7.300170063972473145e-01,-3.380201160907745361e-01,3.140175938606262207e-01,1.709517538547515869e-01,1.091305375099182129e+00,1.920307427644729614e-01,1.068453431129455566e+00,-1.132053583860397339e-01,-1.113280653953552246e+00,3.289339691400527954e-02,9.179781079292297363e-01,-3.099372386932373047e-01,-8.360305428504943848e-01,1.252785976976156235e-02,-3.938491940498352051e-01,4.227607846260070801e-01,7.296665012836456299e-02,-1.911418288946151733e-01,3.831565976142883301e-01
8.321858048439025879e-01,1.581480383872985840e+00,3.212830424308776855e-01,1.900717854499816895e+00,3.783164322376251221e-01,1.129976034164428711e+00,-1.567908227443695068e-01,1.781460762023925781e+00,4.414216279983520508e-01,1.120955944061279297e+00,1.313372701406478882e-01,1.028963565826416016e+00,1.168627262115478516e+00,8.161494731903076172e-01,-4.792122244834899902e-01,2.199956029653549194e-01,4.277964532375335693e-01,3.533252179622650146e-01,8.887361288070678711e-01,7.189737558364868164e-01
-3.231142163276672363e-01,-3.494826555252075195e-01,3.071464300155639648e-01,-2.061587721109390259e-01,4.429217278957366943e-01,-2.557776868343353271e-01,-8.844845890998840332e-01,4.063563942909240723e-01,-1.764038652181625366e-01,-2.756442427635192871e-01,-4.807533621788024902e-01,1.555040001869201660e+00,3.162286281585693359e-01,1.292765974998474121e+00,1.103550046682357788e-01,5.095458775758743286e-02,-6.349392235279083252e-02,8.715500235557556152e-01,-4.626161977648735046e-02,4.625401198863983154e-01
1.346416622400283813e-01,-3.900139331817626953e-01,-4.604487121105194092e-01,-3.903146982192993164e-01,-5.299031734466552734e-01,-2.772842347621917725e-01,-1.825775861740112305e+00,1.647404432296752930e-01,-2.361847400665283203e+00,-4.485380947589874268e-01,8.954932689666748047e-01,1.271852999925613403e-01,-7.324318289756774902e-01,-3.492558300495147705e-01,5.598485097289085388e-02,-8.662509918212890625e-01,-1.687711000442504883e+00,-7.615436315536499023e-01,-3.831329643726348877e-01,-8.028177022933959961e-01
-5.851439237594604492e-01,-8.986449837684631348e-01,-1.158035993576049805e+00,-3.853066861629486084e-01,-6.056491136550903320e-01,-9.751950502395629883e-01,-5.608100891113281250e-01,-2.850590944290161133e-01,-1.424697518348693848e+00,-2.025289773941040039e+00,-5.753942728042602539e-01,-6.467733979225158691e-01,-1.429647803306579590e+00,-1.045125246047973633e+00,-1.232887387275695801e+00,-9.804982542991638184e-01,-1.709831953048706055e+00,-3.782116174697875977e-01,-1.153865814208984375e+00,-6.238961815834045410e-01
-6.450580433011054993e-03,1.794665306806564331e-01,-7.587308287620544434e-01,3.228055536746978760e-01,-9.497494697570800781e-01,-8.215580135583877563e-02,2.489151716232299805e+00,-8.932739496231079102e-01,-3.882934153079986572e-01,-4.740805923938751221e-01,8.199638128280639648e-01,6.931397914886474609e-01,-5.317450761795043945e-01,-3.496455848217010498e-01,-3.937231600284576416e-01,-1.362272948026657104e-01,7.246940135955810547e-01,-4.608278572559356689e-01,-1.034245967864990234e+00,-8.628693222999572754e-01
-6.877605319023132324e-01,2.465259283781051636e-01,1.157192945480346680e+00,1.077956676483154297e+00,1.187895417213439941e+00,2.018571496009826660e-01,2.313019037246704102e+00,3.084028661251068115e-01,1.875671595335006714e-01,7.415435314178466797e-01,-1.793054863810539246e-02,6.759741902351379395e-01,1.098794460296630859e+00,6.686084270477294922e-01,-4.309724867343902588e-01,5.017884373664855957e-01,2.836776494979858398e+00,-1.310700923204421997e-01,3.939181566238403320e-01,7.890174984931945801e-01
1.355796307325363159e-01,-8.199496269226074219e-01,-9.891571402549743652e-01,-6.182473301887512207e-01,-1.164426684379577637e+00,-1.287786960601806641e-01,-1.712697029113769531e+00,4.323368966579437256e-01,3.354379236698150635e-01,-5.247616171836853027e-01,-5.905032753944396973e-01,4.136218503117561340e-02,-1.267617344856262207e+00,6.501116603612899780e-02,2.118392139673233032e-01,-6.317476630210876465e-01,-2.389912605285644531e-01,-1.766964197158813477e+00,-6.610094904899597168e-01,1.481163054704666138e-01
7.002562880516052246e-01,1.275050878524780273e+00,5.472009778022766113e-01,2.999994456768035889e-01,3.325892388820648193e-01,4.348726868629455566e-01,3.314574062824249268e-01,1.071247696876525879e+00,1.077833294868469238e+00,7.882986068725585938e-01,5.277271866798400879e-01,1.775044798851013184e-01,2.421627759933471680e+00,-9.360730051994323730e-01,-8.467246592044830322e-02,4.620176851749420166e-01,2.677417099475860596e-01,2.681705653667449951e-01,1.371896028518676758e+00,-5.383644718676805496e-03
1.075238704681396484e+00,1.790135800838470459e-01,4.793798923492431641e-01,-2.756494879722595215e-01,2.284162044525146484e-01,6.643524765968322754e-01,2.515064954757690430e+00,9.485402107238769531e-01,4.385792911052703857e-01,1.004793882369995117e+00,1.783888489007949829e-01,9.963884353637695312e-01,1.715250253677368164e+00,3.646842539310455322e-01,7.351573705673217773e-01,2.419800043106079102e+00,5.054486393928527832e-01,1.099118947982788086e+00,5.915461182594299316e-01,6.778728961944580078e-01
-3.809751570224761963e-01,-6.310008764266967773e-01,-1.741411447525024414e+00,2.478217892348766327e-02,1.425321817398071289e+00,-4.966031312942504883e-01,-1.117753624916076660e+00,1.031647324562072754e-01,-1.262485623359680176e+00,1.463135927915573120e-01,-1.216290354728698730e+00,2.494044601917266846e-01,3.218277096748352051e-01,-1.014789342880249023e+00,-9.569217562675476074e-01,1.434207320213317871e+00,-3.415506482124328613e-01,-6.696922332048416138e-02,-3.584883511066436768e-01,-5.372321009635925293e-01
2.123512029647827148e+00,1.942365407943725586e+00,2.686845541000366211e+00,1.324859142303466797e+00,2.559806346893310547e+00,1.445593833923339844e+00,2.245440244674682617e+00,2.150909185409545898e+00,2.722731351852416992e+00,1.629552245140075684e+00,2.315955400466918945e+00,2.675110101699829102e+00,2.015445232391357422e+00,1.873632311820983887e+00,2.031503200531005859e+00,1.428659319877624512e+00,2.297583103179931641e+00,2.224660396575927734e+00,2.578074216842651367e+00,2.948526144027709961e+00
-1.784075945615768433e-01,-1.010270118713378906e+00,8.762007355690002441e-01,-3.504452705383300781e-01,-8.154073953628540039e-01,8.969979733228683472e-02,1.931740529835224152e-02,-3.568010628223419189e-01,-4.485847055912017822e-01,-2.412674665451049805e+00,-2.868776321411132812e+00,2.037584185600280762e-01,-1.593664646148681641e+00,-5.419977307319641113e-01,2.117280513048171997e-01,-3.956130146980285645e-01,-2.531284391880035400e-01,-1.779686100780963898e-02,-1.428751468658447266e+00,5.861691012978553772e-02
1.889418363571166992e-01,-5.909574627876281738e-01,-1.582037210464477539e+00,-8.040789365768432617e-01,2.681874334812164307e-01,-1.038732647895812988e+00,2.549400627613067627e-01,5.700602531433105469e-01,-4.819321632385253906e-01,3.273274004459381104e-01,7.194069623947143555e-01,4.568182304501533508e-02,-9.507487416267395020e-01,-1.968104392290115356e-01,-2.411278635263442993e-01,-7.134996056556701660e-01,3.719193935394287109e-01,4.640793204307556152e-01,-5.259727239608764648e-01,-2.622175514698028564e-01
4.339226782321929932e-01,7.636346817016601562e-01,1.866658449172973633e+00,6.275809407234191895e-01,5.103349685668945312e-01,1.076396465301513672e+00,4.543576836585998535e-01,6.245748996734619141e-01,6.207263469696044922e-01,4.055730700492858887e-01,2.359549403190612793e-01,9.105625152587890625e-01,1.501204371452331543e-01,-3.558576703071594238e-01,-5.483601093292236328e-01,1.353956818580627441e+00,5.124868154525756836e-01,1.211352229118347168e+00,8.939811587333679199e-01,5.258644223213195801e-01
2.200995683670043945e+00,-4.577312469482421875e-01,2.561682760715484619e-01,8.403035998344421387e-02,-1.708513259887695312e+00,-8.147719502449035645e-01,-4.568948745727539062e-01,5.370033383369445801e-01,-2.421903610229492188e-01,-2.679328322410583496e-01,2.850502490997314453e+00,2.354338169097900391e-01,8.918883651494979858e-02,9.591553211212158203e-01,4.881172180175781250e-01,-3.520688414573669434e-01,5.296809673309326172e-01,-4.747021198272705078e-01,6.521864533424377441e-01,2.257415056228637695e-01
2.221800684928894043e-01,-1.784413754940032959e-01,3.325511217117309570e-01,-8.324634432792663574e-01,-1.298744678497314453e+00,-3.235220909118652344e-03,1.521572947502136230e+00,-4.713687896728515625e-01,-3.224101066589355469e-01,2.596555054187774658e-01,3.342370986938476562e-01,-2.460511773824691772e-01,9.066669940948486328e-01,-1.071608811616897583e-01,-2.625070095062255859e+00,4.423678517341613770e-01,-5.712692737579345703e-01,-6.688989233225584030e-03,1.665989905595779419e-01,4.596149921417236328e-01
1.233084440231323242e+00,2.249886274337768555e+00,1.002758264541625977e+00,1.199581265449523926e+00,-1.496233344078063965e+00,-8.680166304111480713e-02,8.556195348501205444e-02,1.247845768928527832e+00,6.407030820846557617e-01,1.712657928466796875e+00,8.943063020706176758e-01,1.791284084320068359e-01,7.394788265228271484e-01,3.398869037628173828e-01,6.974698305130004883e-01,5.061245560646057129e-01,6.547054052352905273e-01,3.130448460578918457e-01,1.090523362159729004e+00,1.741838812828063965e+00
2.320353537797927856e-01,-4.793690443038940430e-01,-9.001331925392150879e-01,3.386943340301513672e-01,-8.576200902462005615e-02,2.132824897766113281e+00,8.784012794494628906e-01,3.178283870220184326e-01,8.090927004814147949e-01,-2.405104041099548340e-01,6.529036164283752441e-01,2.823075056076049805e-01,-2.422339320182800293e-01,-9.397772550582885742e-01,-2.309008836746215820e+00,-2.918995320796966553e-01,-5.022383332252502441e-01,3.175326287746429443e-01,8.191334009170532227e-01,-2.530296742916107178e-01
-2.660992145538330078e-01,9.982370138168334961e-01,-4.539634287357330322e-01,-1.717126965522766113e-01,-9.650090932846069336e-01,-1.131615519523620605e+00,-1.447984814643859863e+00,-4.760211706161499023e-01,-7.658670544624328613e-01,-1.092681288719177246e+00,-4.402647912502288818e-01,-4.795563519001007080e-01,-1.635910749435424805e+00,-9.375695586204528809e-01,-9.284070134162902832e-01,-5.216636657714843750e-01,-9.963197112083435059e-01,-5.386782288551330566e-01,-4.776303768157958984e-01,-2.606092929840087891e+00
-4.691168665885925293e-01,-2.513815164566040039e-01,-3.502320647239685059e-01,-3.444833159446716309e-01,-5.084110498428344727e-01,1.180313453078269958e-01,-7.646248340606689453e-01,2.605014145374298096e-01,-4.933468699455261230e-01,-9.437928795814514160e-01,-5.482901930809020996e-01,-8.132371306419372559e-01,-2.499795556068420410e-01,1.627150326967239380e-01,-1.745589822530746460e-01,-8.372200727462768555e-01,2.929993867874145508e-01,-1.211853504180908203e+00,-2.897332668304443359e+00,-7.681474685668945312e-01
-1.761672973632812500e+00,-5.932977199554443359e-01,-2.085789203643798828e+00,-1.565054655075073242e+00,-1.491290450096130371e+00,-1.744177699089050293e+00,-2.730228424072265625e+00,-9.402830898761749268e-02,-2.565872669219970703e+00,-1.770035386085510254e+00,1.620750129222869873e-01,-1.272529482841491699e+00,-1.331103801727294922e+00,-8.976646065711975098e-01,-1.524786472320556641e+00,-1.755343317985534668e+00,-1.653344273567199707e+00,-1.019512891769409180e+00,-1.921820640563964844e-01,-1.080319046974182129e+00
-1.936417698860168457e+00,-7.330288290977478027e-01,-6.434632539749145508e-01,1.593104749917984009e-01,-1.514958620071411133e+00,-1.422041296958923340e+00,-9.234199523925781250e-01,-2.288863956928253174e-01,-3.253647387027740479e-01,-6.030992139130830765e-03,-3.632000982761383057e-01,-4.763868749141693115e-01,-1.690758824348449707e+00,-1.152691721916198730e+00,-9.786930680274963379e-01,-8.514184951782226562e-01,-1.666567802429199219e+00,-8.679952621459960938e-01,-1.056846261024475098e+00,-1.090106487274169922e+00
4.287328720092773438e-01,-6.830414533615112305e-01,4.175003170967102051e-01,5.138687491416931152e-01,-9.143109619617462158e-02,2.159543335437774658e-01,9.385290145874023438e-01,5.332904458045959473e-01,5.503014326095581055e-01,9.066774845123291016e-01,7.855342030525207520e-01,3.062740266323089600e-01,1.559321582317352295e-01,3.755486309528350830e-01,1.552597165107727051e+00,9.980372190475463867e-01,-4.242353141307830811e-02,4.639202058315277100e-01,-1.123014762997627258e-01,2.517422437667846680e-01
8.109081387519836426e-01,8.879152536392211914e-01,7.161869406700134277e-01,6.032767295837402344e-01,9.087197780609130859e-01,9.250032901763916016e-01,6.109775304794311523e-01,1.287758827209472656e+00,1.044075369834899902e+00,4.903483986854553223e-01,1.145255804061889648e+00,-5.270243436098098755e-02,4.849725067615509033e-01,-4.053180217742919922e-01,-1.207677647471427917e-01,1.290869951248168945e+00,5.179694890975952148e-01,2.435189485549926758e+00,4.150804281234741211e-01,1.031804203987121582e+00
2.420532464981079102e+00,8.483927845954895020e-01,1.161493778228759766e+00,2.431204795837402344e+00,1.602073550224304199e+00,8.182031512260437012e-01,6.499335169792175293e-01,2.310148000717163086e+00,2.065152883529663086e+00,1.217787861824035645e+00,1.745703458786010742e+00,7.808308005332946777e-01,1.524602293968200684e+00,1.737893342971801758e+00,1.534147143363952637e+00,1.255482316017150879e+00,1.968059301376342773e+00,1.439527034759521484e+00,8.787159919738769531e-01,1.341771841049194336e+00
-4.160732030868530273e-01,1.868386119604110718e-01,6.732652187347412109e-01,2.499901205301284790e-01,2.032275676727294922e+00,-9.736103564500808716e-02,3.249042928218841553e-01,1.658896565437316895e+00,1.400339603424072266e+00,2.710649967193603516e-01,1.036545276641845703e+00,6.371493339538574219e-01,1.456407755613327026e-01,1.041817426681518555e+00,1.336506724357604980e+00,7.507948875427246094e-01,1.063178896903991699e+00,-1.063592672348022461e+00,1.631044268608093262e+00,8.304527401924133301e-01
1.435040086507797241e-01,4.489803314208984375e-01,-6.419211626052856445e-01,1.023613452911376953e+00,6.932775378227233887e-01,5.851291418075561523e-01,1.811492085456848145e+00,4.069838821887969971e-01,5.789511203765869141e-01,2.818681955337524414e+00,2.301557511091232300e-01,9.866837263107299805e-01,1.223736643791198730e+00,3.090188503265380859e-01,1.040960669517517090e+00,-9.044350124895572662e-03,-4.200083911418914795e-01,1.080955028533935547e+00,4.537458717823028564e-01,4.269588589668273926e-01
-1.240032076835632324e+00,-3.321443796157836914e-01,-1.756588101387023926e+00,-8.115237355232238770e-01,-5.192387104034423828e-01,-4.996531307697296143e-01,-1.690859317779541016e+00,-2.984401881694793701e-01,-1.159009099006652832e+00,-2.337600886821746826e-01,-1.098743319511413574e+00,-1.527939885854721069e-01,-7.138441205024719238e-01,8.362290263175964355e-02,-1.405842542648315430e+00,-2.480488717555999756e-01,-1.311985105276107788e-01,-5.268654823303222656e-01,-3.551846146583557129e-01,-6.171346902847290039e-01
-4.219367802143096924e-01,-8.936688899993896484e-01,-1.675779223442077637e+00,-9.549538493156433105e-01,-1.927678585052490234e+00,-1.388654828071594238e+00,-4.623247087001800537e-01,-1.643197983503341675e-02,-1.731940507888793945e-01,-6.451376676559448242e-01,-7.845898866653442383e-01,-5.247712135314941406e-01,-8.945282101631164551e-01,-1.408767104148864746e+00,-5.784506201744079590e-01,-2.699385285377502441e-01,-9.935117959976196289e-01,-9.536588788032531738e-01,1.126358956098556519e-01,-4.894075691699981689e-01
-2.101323366165161133e+00,-2.470095306634902954e-01,-2.966884672641754150e-01,-7.716737389564514160e-01,-3.790853917598724365e-01,1.640660315752029419e-01,6.943629384040832520e-01,-9.087863564491271973e-01,3.201861083507537842e-01,-4.331052303314208984e-01,1.181096434593200684e+00,-2.159791737794876099e-01,-6.886931061744689941e-01,5.871598795056343079e-02,2.756326675415039062e+00,-3.402424454689025879e-01,-3.133116662502288818e-01,-6.210106611251831055e-01,3.510187566280364990e-01,-2.368737012147903442e-01
-3.905220925807952881e-01,3.118056058883666992e-01,-6.628041863441467285e-01,7.123982310295104980e-01,2.337156087160110474e-01,9.462983608245849609e-01,6.607097983360290527e-01,7.354113459587097168e-01,1.966781497001647949e+00,-2.749598622322082520e-01,-7.892934232950210571e-02,2.156455814838409424e-01,1.336618900299072266e+00,9.585727453231811523e-01,5.146140456199645996e-01,-5.168887600302696228e-02,-3.553186953067779541e-01,6.708995103836059570e-01,-1.344242841005325317e-01,2.486865222454071045e-01
2.410932034254074097e-01,1.171639800071716309e+00,-3.146322369575500488e-01,1.758891642093658447e-01,-1.981373578310012817e-01,3.303675055503845215e-01,1.187373757362365723e+00,-8.918455988168716431e-02,1.551590561866760254e+00,5.832124352455139160e-01,-2.864473760128021240e-01,1.039763689041137695e+00,9.206980466842651367e-01,2.505000233650207520e-01,6.840090155601501465e-01,6.150445342063903809e-01,8.120299577713012695e-01,-3.511088192462921143e-01,1.197803616523742676e+00,2.615566551685333252e-01
1.578602075576782227e+00,2.072444200515747070e+00,1.644491314888000488e+00,7.717711329460144043e-01,1.342946290969848633e+00,1.298950791358947754e+00,2.030954837799072266e+00,1.862070679664611816e+00,8.863918781280517578e-01,8.860695958137512207e-01,1.613847136497497559e+00,1.056017518043518066e+00,1.715558886528015137e+00,1.100773572921752930e+00,1.610404253005981445e+00,-2.349599823355674744e-02,1.273273706436157227e+00,1.668771862983703613e+00,1.877173781394958496e+00,1.914656996726989746e+00
-1.726582646369934082e+00,-2.062846899032592773e+00,-1.595058083534240723e+00,-1.649115681648254395e+00,-2.493997573852539062e+00,-2.389505386352539062e+00,-1.543116927146911621e+00,-1.288165807723999023e+00,-1.243545055389404297e+00,-1.192519783973693848e+00,-1.893219113349914551e+00,-7.342841625213623047e-01,-1.248777747154235840e+00,-1.285855174064636230e+00,-1.112716078758239746e+00,-1.710990667343139648e+00,-1.037069678306579590e+00,-1.739446759223937988e+00,-1.630308985710144043e+00,-1.471888184547424316e+00
-1.747854471206665039e+00,-9.990894198417663574e-01,-2.433971881866455078e+00,-1.548840761184692383e+00,-1.890124917030334473e+00,-1.380087494850158691e+00,-2.587387323379516602e+00,-2.720521450042724609e+00,-1.947504878044128418e+00,-2.567905902862548828e+00,-1.165575146675109863e+00,-1.679618835449218750e+00,-1.677508234977722168e+00,-1.685283184051513672e+00,-1.603109598159790039e+00,-1.869251012802124023e+00,-2.831483125686645508e+00,-1.974102258682250977e+00,-8.916552662849426270e-01,-1.562560439109802246e+00
5.738183259963989258e-01,5.263901948928833008e-01,5.257777571678161621e-01,1.144584178924560547e+00,7.620487213134765625e-01,1.623004794120788574e+00,7.844076156616210938e-01,1.233376383781433105e+00,3.796951174736022949e-01,1.538646817207336426e+00,7.017288208007812500e-01,1.536484003067016602e+00,1.374889850616455078e+00,8.018027544021606445e-01,8.576340675354003906e-01,1.054847359657287598e+00,1.462969541549682617e+00,2.551126003265380859e+00,7.731078267097473145e-01,1.857963800430297852e+00
-8.388605713844299316e-01,-8.410841226577758789e-01,-1.337055325508117676e+00,-4.647874832153320312e-01,-1.792295217514038086e+00,-1.233243942260742188e-01,-2.068582296371459961e+00,-7.173811197280883789e-01,-6.136414408683776855e-01,-1.800857543945312500e+00,-1.030467629432678223e+00,-5.549817085266113281e-01,-9.835110902786254883e-01,-1.175776004791259766e+00,-6.931861042976379395e-01,-1.165549993515014648e+00,-1.650073528289794922e+00,-5.883074402809143066e-01,-9.092218279838562012e-01,-1.029618263244628906e+00
-5.156480073928833008e-01,-1.559971570968627930e+00,-1.021068692207336426e+00,-1.470170855522155762e+00,-5.041294693946838379e-01,-6.521017551422119141e-01,-9.689734578132629395e-01,-1.230604052543640137e+00,-8.063134551048278809e-01,-4.491784274578094482e-01,-3.907123208045959473e-01,-1.241986751556396484e+00,-5.999038815498352051e-01,1.714862436056137085e-01,-1.770415663719177246e+00,2.637109756469726562e-01,-4.583777487277984619e-01,-2.339902400970458984e+00,-1.243140339851379395e+00,-7.169080972671508789e-01
2.394089847803115845e-01,-2.028571069240570068e-01,3.874974548816680908e-01,1.649529188871383667e-01,-3.177294433116912842e-01,3.139123022556304932e-01,-8.201287388801574707e-01,3.625292479991912842e-01,1.091825485229492188e+00,-2.790347337722778320e-01,1.171202659606933594e+00,-3.941126763820648193e-01,-5.926463752985000610e-03,-2.737612696364521980e-03,-1.495874971151351929e-01,-8.679319620132446289e-01,-1.266285181045532227e-01,2.601304948329925537e-01,7.413429617881774902e-01,6.438416894525289536e-03
3.845409154891967773e-01,7.438033223152160645e-01,1.253655701875686646e-01,-4.098356068134307861e-01,-1.443851828575134277e+00,-1.315973877906799316e+00,-4.162165224552154541e-01,1.329130530357360840e+00,2.787995040416717529e-01,-4.109234213829040527e-01,-1.644931733608245850e-01,-5.750733017921447754e-01,1.644140630960464478e-01,-1.844235509634017944e-01,-4.159747660160064697e-01,8.576714247465133667e-02,-7.626589387655258179e-02,-1.837418377399444580e-01,-9.129857420921325684e-01,-6.735997200012207031e-01
-7.159042358398437500e-01,-1.119868874549865723e+00,-4.985738098621368408e-01,-7.389454841613769531e-01,2.275929301977157593e-01,-1.240262627601623535e+00,-1.596516489982604980e+00,-8.861046284437179565e-02,-2.664384841918945312e+00,-1.471207849681377411e-02,-1.959819674491882324e+00,-4.064579010009765625e-01,-1.028960585594177246e+00,-8.438413739204406738e-01,-4.904949069023132324e-01,-3.548359572887420654e-01,-3.775196075439453125e-01,-6.743123531341552734e-01,-1.809880137443542480e+00,-8.971112966537475586e-01
9.892344474792480469e-01,1.094922780990600586e+00,6.056019663810729980e-01,7.666749358177185059e-01,9.230012893676757812e-01,2.322208404541015625e+00,3.356116712093353271e-01,1.022771954536437988e+00,1.029814362525939941e+00,-2.026033401489257812e+00,1.611592173576354980e+00,2.910556793212890625e+00,1.779746651649475098e+00,1.236840724945068359e+00,1.767602443695068359e+00,2.678041696548461914e+00,8.722051978111267090e-01,1.136189818382263184e+00,1.005403757095336914e+00,7.475912570953369141e-01
-9.212706983089447021e-02,1.553208678960800171e-01,-1.636118162423372269e-03,1.148209452629089355e+00,-2.429732680320739746e-01,-9.991049766540527344e-01,1.510036587715148926e-01,-9.232072234153747559e-01,2.716515362262725830e-01,2.978343665599822998e-01,9.515799880027770996e-01,7.538254261016845703e-01,7.949632406234741211e-01,-9.200730919837951660e-02,-4.263668358325958252e-01,-2.129621654748916626e-01,-4.209110736846923828e-01,-8.808205723762512207e-01,4.138820245862007141e-02,3.390363752841949463e-01
3.963498771190643311e-01,-1.286050975322723389e-01,3.898646533489227295e-01,-4.175970852375030518e-01,2.281615495681762695e+00,4.377429559826850891e-02,-2.819623947143554688e-01,8.387723565101623535e-01,-2.287665307521820068e-01,2.954069375991821289e-01,-9.466488361358642578e-01,-3.668766617774963379e-01,3.790706396102905273e-01,-5.420861020684242249e-02,-1.011080026626586914e+00,1.369198262691497803e-01,-4.273848831653594971e-01,-3.013256192207336426e-01,-4.544060826301574707e-01,-9.723079204559326172e-01
2.961241304874420166e-01,1.658142447471618652e+00,4.245374798774719238e-01,4.201571643352508545e-01,4.903574883937835693e-01,4.494202733039855957e-01,4.967330098152160645e-01,5.402281284332275391e-01,1.134366750717163086e+00,2.429546788334846497e-02,-1.402041167020797729e-01,2.840521931648254395e-01,9.962797760963439941e-01,1.113048315048217773e+00,1.453133672475814819e-01,3.635847568511962891e-01,8.381005525588989258e-01,1.112848296761512756e-01,8.530209213495254517e-02,1.931821227073669434e+00
1.700257658958435059e+00,1.158345103263854980e+00,1.918119430541992188e+00,1.429114699363708496e+00,2.040458440780639648e+00,8.666657805442810059e-01,1.861727714538574219e+00,9.748793840408325195e-01,2.278546333312988281e+00,1.074699878692626953e+00,2.724017620086669922e+00,1.646750092506408691e+00,1.611188769340515137e+00,1.228282570838928223e+00,8.696661591529846191e-01,8.532868027687072754e-01,7.666026949882507324e-01,6.356839537620544434e-01,2.483892917633056641e+00,9.580265283584594727e-01
1.055133342742919922e+00,-1.996130645275115967e-01,-7.823764085769653320e-01,9.618467092514038086e-01,9.024709463119506836e-01,-2.446511685848236084e-01,-5.247461423277854919e-02,9.404578804969787598e-02,2.808473825454711914e+00,2.307568192481994629e-01,-2.471769601106643677e-01,1.166620776057243347e-01,1.919745355844497681e-01,1.698988974094390869e-01,7.417230606079101562e-01,-2.035829424858093262e-01,-2.672070562839508057e-01,3.981817364692687988e-01,9.454504847526550293e-01,6.825618147850036621e-01
-1.228708148002624512e+00,2.158169001340866089e-01,-4.640487134456634521e-01,-1.227463960647583008e+00,-7.198972702026367188e-01,-2.174508571624755859e+00,-6.139162182807922363e-01,-4.997330307960510254e-01,-1.092245578765869141e+00,-8.912090063095092773e-01,-1.105275511741638184e+00,-6.141366362571716309e-01,-1.227768063545227051e+00,-1.184344887733459473e+00,-5.977856516838073730e-01,-5.340044498443603516e-01,-6.729447245597839355e-01,-6.029776334762573242e-01,-1.697568655014038086e+00,-9.255263805389404297e-01
3.888553380966186523e-01,9.662904590368270874e-02,4.107020497322082520e-01,-2.091415524482727051e-01,5.799448490142822266e-01,-1.584588170051574707e+00,1.358374714851379395e+00,9.167114496231079102e-01,5.187418460845947266e-01,1.310773730278015137e+00,-7.627236843109130859e-01,-4.504344463348388672e-01,5.305478572845458984e-01,-2.512396574020385742e-01,4.326498210430145264e-01,-7.840012907981872559e-01,-3.098111748695373535e-01,7.648376822471618652e-01,3.343082368373870850e-01,3.210306167602539062e-01
-8.664203882217407227e-01,3.068287968635559082e-01,-1.755279898643493652e-01,5.685270428657531738e-01,3.122991919517517090e-01,4.021764695644378662e-01,-1.017013072967529297e+00,3.767741322517395020e-01,-3.146350085735321045e-01,1.878928393125534058e-01,1.089842319488525391e+00,6.675055623054504395e-01,5.439388155937194824e-01,-6.312512606382369995e-02,1.010931730270385742e+00,-2.901818454265594482e-01,-2.218569964170455933e-01,9.066587090492248535e-01,-3.442314565181732178e-01,2.493518441915512085e-01
2.879824161529541016e+00,8.688266277313232422e-01,2.520180702209472656e+00,1.335580348968505859e+00,1.613714337348937988e+00,1.944176793098449707e+00,1.114953398704528809e+00,1.214793205261230469e+00,1.750930309295654297e+00,1.743089079856872559e+00,1.847054958343505859e+00,1.222479701042175293e+00,2.633772850036621094e+00,1.041924595832824707e+00,6.692208647727966309e-01,9.197418093681335449e-01,1.737219095230102539e+00,1.314632892608642578e+00,2.165089607238769531e+00,-1.253913193941116333e-01
4.714699387550354004e-01,-4.233529865741729736e-01,1.108749628067016602e+00,1.125104665756225586e+00,-1.984101682901382446e-01,2.669717550277709961e+00,-2.345596551895141602e+00,5.581140518188476562e-01,1.501276791095733643e-01,1.218157768249511719e+00,5.159208774566650391e-01,1.573273390531539917e-01,9.140539169311523438e-01,7.460512518882751465e-01,8.191652894020080566e-01,-8.620408177375793457e-02,9.358833432197570801e-01,2.262449860572814941e-01,4.610725939273834229e-01,1.084960460662841797e+00
6.764967441558837891e-01,1.464972734451293945e+00,1.234916925430297852e+00,-2.128778249025344849e-01,1.251047134399414062e+00,1.214685916900634766e+00,2.803635001182556152e-01,1.104714751243591309e+00,1.258008003234863281e+00,1.325769275426864624e-01,1.882927060127258301e+00,1.421694397926330566e+00,1.157881855964660645e+00,6.251734495162963867e-01,1.087585687637329102e-01,1.031666994094848633e+00,1.832349181175231934e+00,3.204891979694366455e-01,4.153823554515838623e-01,1.680591464042663574e+00
1.976992785930633545e-01,2.764313220977783203e-01,1.677573919296264648e+00,3.719966113567352295e-01,5.227986574172973633e-01,2.192377597093582153e-01,8.883338570594787598e-01,-2.120712585747241974e-02,2.666492760181427002e-01,-2.126389503479003906e+00,1.433688759803771973e+00,-4.042395651340484619e-01,8.515227437019348145e-01,1.037507891654968262e+00,-5.878928303718566895e-01,4.172641038894653320e-01,6.383109092712402344e-01,1.349819779396057129e+00,-1.775659769773483276e-01,3.972552716732025146e-01
2.864039421081542969e+00,1.353418231010437012e-01,1.843360513448715210e-01,5.937564373016357422e-01,-1.777232438325881958e-01,8.742673993110656738e-01,9.105256199836730957e-01,-5.540204048156738281e-01,7.954283356666564941e-01,2.105378210544586182e-01,5.228364467620849609e-01,-2.493724077939987183e-01,1.461144208908081055e+00,-5.845679044723510742e-01,1.264700531959533691e+00,3.718165457248687744e-01,4.622648954391479492e-01,9.712598323822021484e-01,5.146156549453735352e-01,5.551549196243286133e-01
-7.585299015045166016e-01,-4.336717724800109863e-01,1.516387909650802612e-01,-7.153058648109436035e-01,-1.197060346603393555e+00,1.435528248548507690e-01,-4.670834839344024658e-01,4.094409942626953125e-01,-3.233639895915985107e-01,5.338670015335083008e-01,-1.725207567214965820e+00,-3.619547784328460693e-01,1.081231713294982910e+00,-2.270102351903915405e-01,8.972073793411254883e-01,2.102647781372070312e+00,-4.588874280452728271e-01,8.450768142938613892e-02,-3.216286301612854004e-01,-3.049850463867187500e-01
-1.670200467109680176e+00,-1.033127546310424805e+00,-7.107252478599548340e-01,-8.410533666610717773e-01,-1.696889281272888184e+00,-7.702208161354064941e-01,-1.713359594345092773e+00,-9.821054339408874512e-01,-1.780511021614074707e+00,-1.205666661262512207e+00,-2.251161813735961914e+00,-8.707823157310485840e-01,-6.901218891143798828e-01,-1.513588666915893555e+00,-8.939670324325561523e-01,-9.634134769439697266e-01,-8.930425047874450684e-01,-9.220237731933593750e-01,-9.603965282440185547e-01,-8.415720462799072266e-01
1.474272251129150391e+00,1.482161641120910645e+00,1.207498431205749512e+00,2.811367213726043701e-01,2.712599933147430420e-01,1.014787927269935608e-01,3.592773079872131348e-01,-1.474061161279678345e-01,-1.681505441665649414e-01,4.654882252216339111e-01,8.319438695907592773e-01,7.211021184921264648e-01,5.184184908866882324e-01,4.977055191993713379e-01,5.289625525474548340e-01,-4.921275377273559570e-01,-2.436674386262893677e-01,1.123463064432144165e-01,2.472890466451644897e-01,5.846446752548217773e-01
-7.670287489891052246e-01,-3.425231575965881348e-01,-1.071488261222839355e+00,-1.780857682228088379e+00,-2.458171129226684570e+00,-1.046598672866821289e+00,-4.458785653114318848e-01,-3.724187910556793213e-01,-1.472802758216857910e+00,-2.960566043853759766e+00,-9.782696962356567383e-01,-6.234230995178222656e-01,-1.671470165252685547e+00,-1.129858970642089844e+00,-8.449612855911254883e-01,-1.012860655784606934e+00,-1.054787397384643555e+00,-6.841575503349304199e-01,-2.170648872852325439e-01,-1.045278191566467285e+00
6.829174160957336426e-01,4.561012685298919678e-01,3.103164434432983398e-01,4.425982534885406494e-01,1.207902550697326660e+00,1.357091188430786133e+00,1.595998167991638184e+00,1.667855978012084961e+00,1.143366456031799316e+00,5.370600819587707520e-01,6.263780593872070312e-01,9.653460979461669922e-01,-4.131233319640159607e-02,1.017425656318664551e+00,4.715884029865264893e-01,7.522864937782287598e-01,4.519757926464080811e-01,4.329223334789276123e-01,1.113896369934082031e+00,4.542777240276336670e-01
8.639039397239685059e-01,5.064894556999206543e-01,1.089506149291992188e+00,1.605661153793334961e+00,5.053984522819519043e-01,1.809082150459289551e+00,1.682292461395263672e+00,8.961618542671203613e-01,1.302787065505981445e+00,9.536498188972473145e-01,2.525856792926788330e-01,8.279225975275039673e-02,8.316742181777954102e-01,9.856925606727600098e-01,3.534963130950927734e-01,2.876837849617004395e-01,9.511276483535766602e-01,4.078862667083740234e-01,4.733943641185760498e-01,-4.281455650925636292e-02
-1.367236137390136719e+00,-1.189211726188659668e+00,-1.054089426994323730e+00,-1.023929595947265625e+00,-1.082318663597106934e+00,-9.629151225090026855e-01,-6.416535377502441406e-01,-1.086287140846252441e+00,-5.816686749458312988e-01,-1.200181365013122559e+00,-7.342665791511535645e-01,-1.952752768993377686e-01,-1.713582426309585571e-01,-1.204562306404113770e+00,-6.482684016227722168e-01,-9.881009459495544434e-01,-9.745632410049438477e-01,-6.065627932548522949e-01,-2.189938306808471680e+00,-5.370475053787231445e-01
9.235083460807800293e-01,1.013531208038330078e+00,-2.765139341354370117e-01,7.053751349449157715e-01,9.633216261863708496e-01,1.189272165298461914e+00,1.111466407775878906e+00,1.832251191139221191e+00,1.352197051048278809e+00,1.637216567993164062e+00,-5.011415481567382812e-02,-1.551200002431869507e-01,8.483333587646484375e-01,3.912484347820281982e-01,7.635579705238342285e-01,6.695377230644226074e-01,1.120248198509216309e+00,8.513932228088378906e-01,1.067397117614746094e+00,4.077620804309844971e-01
-1.194476485252380371e+00,-1.365220695734024048e-01,-2.337798625230789185e-01,-8.240217566490173340e-01,-2.376664638519287109e+00,-5.300922989845275879e-01,-1.269257545471191406e+00,-3.229861855506896973e-01,-4.332038015127182007e-02,-1.122663259506225586e+00,-5.051698684692382812e-01,4.611030519008636475e-01,-8.153940439224243164e-01,-2.624087333679199219e+00,2.193053625524044037e-02,-2.814427614212036133e-01,-7.424411922693252563e-02,3.343923687934875488e-01,2.757366895675659180e-01,-4.131146669387817383e-01
-1.091269969940185547e+00,-1.081807017326354980e+00,-1.023276329040527344e+00,-1.725699305534362793e+00,-1.167171239852905273e+00,-1.321104764938354492e+00,-1.485460877418518066e+00,-4.573525190353393555e-01,-6.122336983680725098e-01,-1.303437709808349609e+00,-5.465692877769470215e-01,-4.831451922655105591e-02,-1.083982110023498535e+00,-8.715279698371887207e-01,-2.245101332664489746e-01,-9.649578332901000977e-01,-4.017453491687774658e-01,-1.788446545600891113e+00,-1.607539296150207520e+00,-2.991577386856079102e-01
2.332263439893722534e-01,-1.476178467273712158e-01,3.182394802570343018e-01,7.089294195175170898e-01,-7.628002166748046875e-01,2.581042945384979248e-01,-2.451441437005996704e-01,1.366790056228637695e+00,3.503508269786834717e-01,6.441369056701660156e-01,1.126802921295166016e+00,9.538898468017578125e-01,1.014520406723022461e+00,-8.909079432487487793e-01,-1.036151796579360962e-01,2.754784524440765381e-01,-2.764725387096405029e-01,-1.217507496476173401e-01,-7.904193401336669922e-01,9.254501461982727051e-01
-1.080024465918540955e-01,4.078889191150665283e-01,4.979182481765747070e-01,1.035148739814758301e+00,4.052472114562988281e-01,-6.061005592346191406e-01,-2.702843844890594482e-01,-9.803693741559982300e-02,2.727694034576416016e+00,4.253706634044647217e-01,-2.761047780513763428e-01,1.419476121664047241e-01,-2.887022495269775391e-01,3.420039117336273193e-01,-3.185537457466125488e-01,-2.430074214935302734e-01,1.213551402091979980e+00,7.605180144309997559e-01,3.798405826091766357e-01,-1.446716934442520142e-01
2.674464464187622070e+00,9.829730391502380371e-01,1.278212308883666992e+00,1.175951361656188965e+00,2.203098773956298828e+00,4.438431560993194580e-01,1.463144302368164062e+00,-1.880082488059997559e-01,6.391293406486511230e-01,5.171777009963989258e-01,8.736686706542968750e-01,1.596205383539199829e-01,1.156193852424621582e+00,6.634753346443176270e-01,1.076139092445373535e+00,9.596474170684814453e-01,1.256838321685791016e+00,1.042765736579895020e+00,3.550104498863220215e-01,5.667030811309814453e-01
-1.292652487754821777e-01,-5.521952509880065918e-01,3.898538053035736084e-01,4.664810001850128174e-01,1.708949953317642212e-01,9.327496886253356934e-01,-4.176150262355804443e-01,3.518579602241516113e-01,1.686443090438842773e+00,-2.046624571084976196e-01,1.050708413124084473e+00,9.374476671218872070e-01,-2.931677401065826416e-01,4.283567070960998535e-01,-6.281840205192565918e-01,3.462266027927398682e-01,2.165299355983734131e-01,-2.579280734062194824e-01,8.884724378585815430e-01,5.250627398490905762e-01
1.017824769020080566e+00,4.535860419273376465e-01,-1.636655181646347046e-01,4.294326007366180420e-01,-3.576522171497344971e-01,-1.712525129318237305e+00,7.653566598892211914e-01,4.478403925895690918e-01,-2.204175144433975220e-01,7.277388572692871094e-01,6.697562336921691895e-01,-1.724148541688919067e-01,-4.282012283802032471e-01,9.023435115814208984e-01,2.560370266437530518e-01,4.737790226936340332e-01,-1.023130297660827637e+00,1.006479859352111816e+00,4.518110156059265137e-01,3.957580626010894775e-01
3.816961348056793213e-01,-2.288715839385986328e-01,8.525248169898986816e-01,3.663447201251983643e-01,-2.942589223384857178e-01,-7.765476107597351074e-01,2.925992608070373535e-01,3.468423783779144287e-01,-6.993981003761291504e-01,-2.389061450958251953e-01,9.625371694564819336e-01,9.312378764152526855e-01,4.935980141162872314e-01,1.187286376953125000e+00,8.103906512260437012e-01,6.964241266250610352e-01,-4.301777109503746033e-02,1.511773943901062012e+00,2.877107262611389160e-01,5.339400172233581543e-01
-6.470770835876464844e-01,3.368541598320007324e-01,1.253718256950378418e+00,7.568976283073425293e-01,1.371910214424133301e+00,2.852866053581237793e-01,7.466962337493896484e-01,2.775869369506835938e+00,1.016317009925842285e+00,4.058286845684051514e-01,4.946302473545074463e-01,3.107781708240509033e-01,4.677917063236236572e-01,-1.350677728652954102e+00,8.442615270614624023e-01,5.727784037590026855e-01,1.002748131752014160e+00,3.873580694198608398e-02,8.778404593467712402e-01,-4.638902842998504639e-02
-9.841402769088745117e-01,-8.718107938766479492e-01,-3.646765053272247314e-01,-4.367734789848327637e-01,2.777864336967468262e-01,-3.148186504840850830e-01,-5.450987815856933594e-01,-3.352561891078948975e-01,-1.020724534988403320e+00,-4.152805507183074951e-01,-2.391307242214679718e-02,2.087810039520263672e-01,-4.276750981807708740e-01,-8.369212150573730469e-01,-2.921561479568481445e+00,-6.923808455467224121e-01,-6.091542840003967285e-01,-8.347011208534240723e-01,-1.100129365921020508e+00,-5.483964681625366211e-01
3.365827202796936035e-01,-2.505011558532714844e-01,-4.311285912990570068e-01,2.706809043884277344e-01,1.041841149330139160e+00,5.523079037666320801e-01,8.980523943901062012e-01,4.806951880455017090e-01,-1.836677342653274536e-01,-1.722382456064224243e-01,-7.366531491279602051e-01,1.388851702213287354e-01,3.881507217884063721e-01,-2.589202821254730225e-01,5.040110945701599121e-01,-8.188191056251525879e-01,8.155029416084289551e-01,-5.507907867431640625e-01,1.244284987449645996e+00,-2.396236062049865723e-01
4.746308624744415283e-01,8.362519741058349609e-01,1.092521905899047852e+00,4.617083966732025146e-01,5.821443200111389160e-01,2.122353464365005493e-01,1.169729471206665039e+00,4.425662755966186523e-01,3.849848508834838867e-01,-1.337771058082580566e+00,1.119844198226928711e+00,-1.839424252510070801e+00,9.740362763404846191e-01,-4.828201830387115479e-01,-2.179155349731445312e-01,-9.937250986695289612e-03,1.556482672691345215e+00,-2.576941251754760742e-01,-2.342948168516159058e-01,1.664351820945739746e-01
-9.218202829360961914e-01,-1.253592371940612793e+00,-5.423093438148498535e-01,-1.215909957885742188e+00,-5.503957271575927734e-01,-9.807012081146240234e-01,-9.514080882072448730e-01,-4.450406134128570557e-01,-2.455758094787597656e+00,-9.257019162178039551e-01,-2.124112844467163086e-01,-1.272121310234069824e+00,-1.405322402715682983e-01,-9.658076167106628418e-01,-8.210211247205734253e-02,-1.166821360588073730e+00,-3.709279000759124756e-01,-2.116927206516265869e-01,-3.894355297088623047e-01,3.498053411021828651e-03
3.103359341621398926e-01,2.870215475559234619e-01,6.958012580871582031e-01,9.869183301925659180e-01,1.554997414350509644e-01,-9.748394489288330078e-01,3.718205690383911133e-01,1.048074603080749512e+00,7.718795537948608398e-01,3.659743666648864746e-01,4.387013912200927734e-01,5.146264657378196716e-02,2.163580656051635742e-01,-1.554806381464004517e-01,3.191785514354705811e-01,-2.393339157104492188e+00,8.884788751602172852e-01,8.482563495635986328e-02,2.179112285375595093e-01,-1.460952013731002808e-01
2.592639029026031494e-01,2.853265702724456787e-01,2.478298693895339966e-01,4.954828619956970215e-01,-2.339444756507873535e-01,-9.308915734291076660e-01,9.493375420570373535e-01,-2.607674896717071533e-01,4.847975969314575195e-01,1.655694723129272461e+00,7.405778169631958008e-01,-2.639783173799514771e-02,4.439435601234436035e-01,5.243077874183654785e-01,9.826989173889160156e-01,-4.104720056056976318e-01,6.218031644821166992e-01,-3.825481534004211426e-01,-1.328856199979782104e-01,3.791353404521942139e-01
2.365035414695739746e-01,5.438081175088882446e-02,-9.497070312500000000e-01,-8.129155039787292480e-01,9.619807600975036621e-01,-3.889718949794769287e-01,-2.846970260143280029e-01,6.533533930778503418e-01,1.308564543724060059e+00,3.524532616138458252e-01,1.674533486366271973e-01,4.457219839096069336e-01,1.129444837570190430e+00,4.433406293392181396e-01,2.231809496879577637e-01,-1.585431993007659912e-01,1.204998552566394210e-04,2.538134157657623291e-02,-4.157965481281280518e-01,2.311465978622436523e+00
1.649766087532043457e+00,3.967444598674774170e-01,1.156729698181152344e+00,8.761323094367980957e-01,4.067765921354293823e-02,1.030910611152648926e+00,1.626497030258178711e+00,1.088143706321716309e+00,1.443816781044006348e+00,2.130203485488891602e+00,1.797061443328857422e+00,7.547596096992492676e-01,1.642494201660156250e+00,1.049535751342773438e+00,1.681541323661804199e+00,4.982222914695739746e-01,1.613707423210144043e+00,6.943101882934570312e-01,1.761920452117919922e+00,1.030407786369323730e+00
1.381988763809204102e+00,5.752446651458740234e-01,1.152921915054321289e+00,7.952548861503601074e-01,3.810389041900634766e-01,8.763990402221679688e-01,1.855065822601318359e-01,4.533841013908386230e-01,1.169392466545104980e+00,1.076157331466674805e+00,2.292507886886596680e-01,6.578786969184875488e-01,5.087758302688598633e-01,3.029290437698364258e-01,1.839837580919265747e-01,-3.542924225330352783e-01,4.378122687339782715e-01,9.832606315612792969e-01,-2.941767573356628418e-01,-2.095368206501007080e-01
3.884654045104980469e-01,1.428478121757507324e+00,-8.414960652589797974e-02,9.625517725944519043e-01,1.128951534628868103e-01,-2.008182853460311890e-01,3.153879940509796143e-01,-2.209309488534927368e-01,-1.138945221900939941e-01,-4.204725027084350586e-01,3.325929045677185059e-01,-3.207142055034637451e-01,-1.448199599981307983e-01,7.926825433969497681e-02,2.457535266876220703e+00,-1.168867647647857666e-01,3.961887955665588379e-01,1.424249559640884399e-01,-4.038976430892944336e-01,8.777959942817687988e-01
1.646945834159851074e+00,-2.024820446968078613e-01,7.021419405937194824e-01,3.520467579364776611e-01,1.105791091918945312e+00,-3.221655488014221191e-01,8.457660079002380371e-01,1.033305644989013672e+00,-8.559030294418334961e-02,4.451024830341339111e-01,1.938081383705139160e-01,4.465874433517456055e-01,1.834629178047180176e+00,1.950553953647613525e-01,1.767487972974777222e-01,1.322788596153259277e-01,5.515639185905456543e-01,2.852897346019744873e-01,4.676291644573211670e-01,4.039719700813293457e-01
-1.861861348152160645e-01,-2.548377513885498047e-01,3.775490447878837585e-02,5.077065154910087585e-02,1.114695906639099121e+00,8.609480261802673340e-01,9.196931123733520508e-01,3.669515550136566162e-01,2.065752893686294556e-01,-4.295434355735778809e-01,1.582079172134399414e+00,9.177734255790710449e-01,5.717307329177856445e-01,6.186097264289855957e-01,9.302072227001190186e-03,-2.585883438587188721e-01,-2.257422059774398804e-01,8.480926752090454102e-01,-2.576136887073516846e-01,-2.676956057548522949e-01
1.788764744997024536e-01,-3.234105408191680908e-01,-9.673822522163391113e-01,-1.066922903060913086e+00,4.332353174686431885e-01,-2.133526355028152466e-01,-8.656948208808898926e-01,5.093703269958496094e-01,3.785459101200103760e-01,2.390138208866119385e-01,-7.917162775993347168e-01,-1.527888774871826172e-01,-1.581632971763610840e+00,1.197049394249916077e-01,-1.084835290908813477e+00,-7.273667454719543457e-01,1.053531289100646973e+00,-3.929537832736968994e-01,-3.692220747470855713e-01,-9.176779985427856445e-01
4.938544034957885742e-01,9.015855789184570312e-01,1.080568194389343262e+00,9.964866042137145996e-01,1.564022779464721680e+00,5.105398297309875488e-01,1.599033832550048828e+00,7.125968933105468750e-01,1.223419666290283203e+00,-4.981773793697357178e-01,1.829187512397766113e+00,8.471230864524841309e-01,1.114167332649230957e+00,1.819339156150817871e+00,2.969852924346923828e+00,-3.660200396552681923e-03,8.428969383239746094e-01,1.022071123123168945e+00,7.216095328330993652e-01,1.354087710380554199e+00
-2.213379144668579102e-01,-1.129781007766723633e+00,2.236957103013992310e-01,-1.272994279861450195e-01,-4.626246690750122070e-01,-1.490664929151535034e-01,1.479516923427581787e-01,1.115882322192192078e-01,7.785393595695495605e-01,2.726768851280212402e-01,-7.698469758033752441e-01,2.877167426049709320e-02,-4.778513014316558838e-01,-3.485709726810455322e-01,-1.642527341842651367e+00,-1.656238734722137451e-01,9.282854199409484863e-01,-2.188582420349121094e+00,-1.068211078643798828e+00,3.007765710353851318e-01
8.483838438987731934e-01,1.113893747329711914e+00,1.143132567405700684e+00,5.161200761795043945e-01,1.038542389869689941e+00,1.179318666458129883e+00,5.915425419807434082e-01,3.939634561538696289e-01,2.567847728729248047e+00,1.073289990425109863e+00,6.819954514503479004e-01,1.111057519912719727e+00,9.027224183082580566e-01,4.942498803138732910e-01,1.871454477310180664e+00,4.791242182254791260e-01,4.936751425266265869e-01,6.776809096336364746e-01,3.980744779109954834e-01,-2.288923859596252441e-01
-1.278556466102600098e+00,-5.101214051246643066e-01,-1.099770903587341309e+00,-1.950630545616149902e-01,-9.665633440017700195e-01,-1.203910470008850098e+00,-1.106480956077575684e+00,-5.850607752799987793e-01,-4.374449551105499268e-01,-5.552470684051513672e-01,-1.488883256912231445e+00,-9.754988551139831543e-01,-2.048242807388305664e+00,-2.163720369338989258e+00,-1.697026848793029785e+00,-8.678208589553833008e-01,-2.242641210556030273e+00,-9.131298661231994629e-01,-1.774743437767028809e+00,-1.655290365219116211e+00
-7.153313159942626953e-01,6.764643639326095581e-02,-9.838511347770690918e-01,3.506613671779632568e-01,-3.827575743198394775e-01,9.504829049110412598e-01,5.122646689414978027e-01,4.009596705436706543e-01,-4.412062466144561768e-01,-1.426506489515304565e-01,1.914939135313034058e-01,7.972983270883560181e-02,1.003446936607360840e+00,1.065731287002563477e+00,-3.868822753429412842e-01,-2.659783661365509033e-01,-8.870201706886291504e-01,2.370723932981491089e-01,1.050223350524902344e+00,3.717780411243438721e-01
1.575597286224365234e+00,4.178931117057800293e-01,4.943359494209289551e-01,-7.306381464004516602e-01,-6.192994304001331329e-03,1.332699805498123169e-01,1.119531393051147461e+00,3.255101740360260010e-01,8.349611759185791016e-01,2.638178169727325439e-01,-6.414305567741394043e-01,1.728015542030334473e-01,4.697354137897491455e-02,-9.571275115013122559e-01,2.571832835674285889e-01,9.609178304672241211e-01,1.068632721900939941e+00,9.740015268325805664e-01,4.438081681728363037e-01,-2.034524530172348022e-01
3.488820493221282959e-01,-1.019484519958496094e+00,-2.821891009807586670e-01,1.427409201860427856e-01,-9.063503146171569824e-01,2.788890153169631958e-02,4.701194763183593750e-01,2.430845797061920166e-01,-7.232906818389892578e-01,-3.712995722889900208e-02,2.075036764144897461e-01,-3.443005681037902832e-01,-1.131625294685363770e+00,1.543605625629425049e-01,2.112721949815750122e-01,1.699320226907730103e-01,-6.985335350036621094e-01,-1.080546259880065918e+00,9.038397669792175293e-01,-3.091498911380767822e-01
5.031754970550537109e-01,9.990459084510803223e-01,-1.643281728029251099e-01,1.391274094581604004e+00,3.178157508373260498e-01,7.235006093978881836e-01,4.398942589759826660e-01,6.393926739692687988e-01,1.226740598678588867e+00,-1.244742516428232193e-02,1.883536696434020996e+00,3.393925726413726807e-01,1.292981863021850586e+00,1.074671387672424316e+00,9.240024089813232422e-01,1.733819246292114258e-01,6.860043406486511230e-01,1.064049363136291504e+00,9.966455101966857910e-01,-3.883609548211097717e-03
4.058711528778076172e-01,2.986705005168914795e-01,3.341318368911743164e-01,-1.891716569662094116e-01,3.332871198654174805e-01,1.140559092164039612e-01,2.035245299339294434e-01,-1.621759533882141113e-01,-1.133919805288314819e-01,1.012244522571563721e-01,-3.212170302867889404e-01,6.883251070976257324e-01,-1.438388526439666748e-01,1.597748517990112305e+00,-1.573051661252975464e-01,-2.312724739313125610e-01,2.608023285865783691e-01,5.986130237579345703e-01,7.670243084430694580e-02,-6.450598239898681641e-01
2.261606454849243164e+00,8.600785732269287109e-01,8.359225988388061523e-01,1.863513112068176270e+00,7.399245500564575195e-01,1.268578886985778809e+00,1.076661109924316406e+00,2.380310773849487305e+00,1.261728048324584961e+00,6.841976046562194824e-01,1.662091970443725586e+00,1.790108561515808105e+00,1.144708633422851562e+00,1.561966538429260254e-01,8.394302129745483398e-01,1.668494462966918945e+00,1.523000836372375488e+00,8.201168775558471680e-01,3.526926040649414062e-01,9.653123617172241211e-01
8.806623220443725586e-01,4.645989239215850830e-01,-8.789942264556884766e-01,9.048215746879577637e-01,1.100970268249511719e+00,3.850624263286590576e-01,3.924404084682464600e-01,9.177686572074890137e-01,-2.055613547563552856e-01,-1.976142078638076782e-01,6.796856522560119629e-01,-1.792191565036773682e-01,4.669546484947204590e-01,-2.439284175634384155e-01,1.074312567710876465e+00,-2.907911241054534912e-01,1.112264037132263184e+00,5.120136737823486328e-01,-4.365676045417785645e-01,1.669643223285675049e-01
2.885819077491760254e-01,-8.709286451339721680e-01,-1.590734869241714478e-01,-3.082802295684814453e-01,-2.312853574752807617e+00,3.434872627258300781e-01,-6.393241286277770996e-01,-5.218833684921264648e-01,-3.284366130828857422e-01,2.145014703273773193e-01,-1.062189817428588867e+00,-5.225663185119628906e-01,-3.728916049003601074e-01,2.010711580514907837e-01,7.379389405250549316e-01,-3.383944630622863770e-01,-2.867513895034790039e-01,-1.442521065473556519e-01,-9.327276945114135742e-01,-2.745499610900878906e-01
-9.717864394187927246e-01,1.768039911985397339e-01,4.606162309646606445e-01,1.783040314912796021e-01,2.451474666595458984e+00,1.150501333177089691e-02,-1.657441854476928711e+00,2.672181427478790283e-01,3.034106791019439697e-01,-3.371369838714599609e-01,2.648566067218780518e-01,3.443695008754730225e-01,-7.964080572128295898e-01,6.706573069095611572e-02,-1.087211966514587402e+00,-2.048531323671340942e-01,3.529846966266632080e-01,1.553039997816085815e-01,-2.397075891494750977e-01,3.460233509540557861e-01
-2.373173713684082031e+00,-5.997054651379585266e-02,1.015476346015930176e+00,-3.869870901107788086e-01,4.159176349639892578e-02,-2.501228153705596924e-01,4.634633660316467285e-02,2.774311900138854980e-01,9.427225589752197266e-01,-1.816278249025344849e-01,-8.666521906852722168e-01,5.388390645384788513e-02,-1.484515786170959473e+00,-9.431868046522140503e-02,9.032630175352096558e-02,2.602785229682922363e-01,-5.333377718925476074e-01,-6.994087696075439453e-01,2.512522339820861816e-01,-3.791950345039367676e-01
1.915686249732971191e+00,4.333139061927795410e-01,-4.012946784496307373e-01,4.894188046455383301e-02,-2.234739303588867188e+00,8.800088167190551758e-01,2.713127136230468750e-01,6.364189386367797852e-01,1.086135625839233398e+00,9.896284937858581543e-01,1.435938715934753418e+00,7.702983617782592773e-01,1.883031010627746582e+00,3.551711738109588623e-01,5.339780449867248535e-01,-7.969502359628677368e-02,5.701414942741394043e-01,-1.536329537630081177e-01,3.982501029968261719e-01,5.587413907051086426e-01
-1.268743723630905151e-01,7.009760737419128418e-01,-1.420595347881317139e-01,2.550054788589477539e-01,-2.594465613365173340e-01,2.932244539260864258e-01,6.980580687522888184e-01,2.682842016220092773e+00,-3.215719163417816162e-01,-3.540209233760833740e-01,9.230518937110900879e-01,2.287160307168960571e-01,6.837058663368225098e-01,1.353602647781372070e+00,-4.916486889123916626e-02,-1.783895194530487061e-01,-1.231282204389572144e-01,3.372558951377868652e-01,-4.152807965874671936e-02,-8.143001049757003784e-02
-1.013784408569335938e+00,-3.616052865982055664e-01,-5.027915239334106445e-01,1.199525892734527588e-01,-1.127677321434020996e+00,-7.877296805381774902e-01,1.770080178976058960e-01,-4.695567786693572998e-01,3.940945565700531006e-01,-5.190958380699157715e-01,-5.600032806396484375e-01,-1.001074686646461487e-01,-5.387113094329833984e-01,-1.577713131904602051e+00,-1.156102657318115234e+00,9.750025719404220581e-02,-2.658761143684387207e-01,7.573004812002182007e-02,3.911505639553070068e-02,-2.356105327606201172e+00
-2.441465109586715698e-01,9.712480008602142334e-02,1.734902411699295044e-01,3.888441026210784912e-01,5.742438435554504395e-01,-3.972944989800453186e-02,1.038260102272033691e+00,1.169246912002563477e+00,1.501715540885925293e+00,-1.401233822107315063e-01,1.259372472763061523e+00,1.489829421043395996e-01,-4.530640840530395508e-01,-2.514874376356601715e-02,-2.203966081142425537e-01,-7.085817456245422363e-01,9.187680482864379883e-01,8.990911841392517090e-01,9.799630641937255859e-01,2.526922225952148438e-01
5.917055010795593262e-01,5.100266337394714355e-01,-1.105068027973175049e-01,-7.621090412139892578e-01,-3.683362007141113281e-01,-2.368462085723876953e+00,1.862810701131820679e-01,2.252326160669326782e-01,3.986965417861938477e-01,2.229163050651550293e-01,1.557043194770812988e-01,-1.718279838562011719e+00,-4.272078573703765869e-01,-1.356912493705749512e+00,6.714878082275390625e-01,9.916385412216186523e-01,6.712362766265869141e-01,6.488987803459167480e-02,-7.247610688209533691e-01,-1.016180396080017090e+00
-3.512901812791824341e-02,1.035436511039733887e+00,1.106029391288757324e+00,4.946509003639221191e-01,5.232616066932678223e-01,9.293566346168518066e-01,7.999988198280334473e-01,-1.370578855276107788e-01,2.506070613861083984e+00,1.140187382698059082e+00,1.326096057891845703e+00,2.263294607400894165e-01,8.535676598548889160e-01,1.154949307441711426e+00,2.284441947937011719e+00,-2.020858824253082275e-01,8.542608618736267090e-01,6.747428178787231445e-01,-1.293917745351791382e-01,9.481388926506042480e-01
3.883023858070373535e-01,-3.905334472656250000e-01,-4.413951039314270020e-01,-3.357970118522644043e-01,-2.856508731842041016e+00,2.197531312704086304e-01,-7.236904650926589966e-02,9.211812019348144531e-01,-1.025544285774230957e+00,-3.354765772819519043e-01,2.689299583435058594e-01,-3.452443182468414307e-01,-2.194048613309860229e-01,-2.992661595344543457e-01,3.997766673564910889e-01,-2.319636493921279907e-01,4.001047313213348389e-01,-8.400882482528686523e-01,3.276191949844360352e-01,8.165491819381713867e-01
2.460628747940063477e-01,9.745659679174423218e-02,-3.039892017841339111e-01,-4.088080525398254395e-01,1.211213946342468262e+00,-3.627283275127410889e-01,-1.437946081161499023e+00,-2.256523519754409790e-01,-5.914681553840637207e-01,7.423782348632812500e-02,6.366956233978271484e-01,1.219954788684844971e-01,8.174397051334381104e-02,-3.113874793052673340e-01,1.281947255134582520e+00,-7.095741629600524902e-01,-3.839554786682128906e-01,-2.401458263397216797e+00,-9.023081660270690918e-01,-3.025576770305633545e-01
2.364467829465866089e-01,-4.361722469329833984e-01,-5.091063380241394043e-01,8.303462266921997070e-01,3.915137350559234619e-01,-5.536668375134468079e-02,-3.724957704544067383e-01,1.472040772438049316e+00,-2.500615417957305908e-01,-8.842474222183227539e-01,-2.896629571914672852e-01,-5.628439784049987793e-01,4.641848206520080566e-01,8.090786635875701904e-02,-8.359573483467102051e-01,4.199869632720947266e-01,6.985036730766296387e-01,-1.719953417778015137e+00,-3.917443156242370605e-01,2.914244830608367920e-01
-2.583436012268066406e+00,-2.909720838069915771e-01,-1.191406488418579102e+00,-1.141885876655578613e+00,-9.089849591255187988e-01,-1.673398852348327637e+00,-1.382045745849609375e+00,1.229228898882865906e-01,-2.405748069286346436e-01,-1.892158985137939453e-01,-2.054342329502105713e-01,-8.356395363807678223e-01,-1.670938253402709961e+00,-7.641255259513854980e-01,-2.788483381271362305e+00,-3.761765658855438232e-01,-8.653640151023864746e-01,-1.861734032630920410e+00,-4.089168608188629150e-01,-8.161810040473937988e-01
-5.900380015373229980e-01,-3.234060108661651611e-01,-8.021811246871948242e-01,-1.118161678314208984e+00,-1.393621563911437988e-01,-3.881301581859588623e-01,-5.697042346000671387e-01,-1.300917625427246094e+00,-8.903741836547851562e-01,3.003412187099456787e-01,-1.055374145507812500e+00,-1.849626183509826660e+00,-1.066394805908203125e+00,-1.253823518753051758e+00,-4.714134037494659424e-01,-9.196317791938781738e-01,-1.094843983650207520e+00,-7.039527297019958496e-01,-2.495832741260528564e-01,-7.781197428703308105e-01
6.824153661727905273e-01,-8.159095048904418945e-01,-1.559928774833679199e+00,-7.674875855445861816e-01,-9.343417286872863770e-01,-1.157230615615844727e+00,1.134371161460876465e-01,-9.481744170188903809e-01,-1.484667778015136719e+00,-1.081401348114013672e+00,-1.733906388282775879e+00,-2.289150208234786987e-01,-1.195274949073791504e+00,-4.148250520229339600e-01,-1.042501449584960938e+00,-1.264400362968444824e+00,-8.421689867973327637e-01,-6.405057907104492188e-01,-5.853922963142395020e-01,-8.558748364448547363e-01
1.494269967079162598e+00,1.057002842426300049e-01,6.243055462837219238e-01,1.698693037033081055e+00,3.452096879482269287e-01,1.668108344078063965e+00,3.462854921817779541e-01,4.569930732250213623e-01,1.137834429740905762e+00,1.230388522148132324e+00,-1.745344325900077820e-02,3.715248405933380127e-01,6.372344493865966797e-01,5.321317911148071289e-01,1.206475019454956055e+00,-1.637942045927047729e-01,4.782864153385162354e-01,9.636347293853759766e-01,-7.784305512905120850e-02,1.145962715148925781e+00
-1.139219880104064941e+00,-9.928295016288757324e-01,-1.786740660667419434e+00,-8.118206262588500977e-01,-9.153451323509216309e-01,-1.772271275520324707e+00,-8.397622108459472656e-01,-1.358103752136230469e+00,-1.454274535179138184e+00,-7.802585959434509277e-01,-4.049465358257293701e-01,-1.151073455810546875e+00,-7.700974941253662109e-01,-8.335379958152770996e-01,-5.976169109344482422e-01,-1.598974943161010742e+00,-4.578472971916198730e-01,-7.459746599197387695e-01,-1.654774427413940430e+00,-9.105342626571655273e-01
-3.937948346138000488e-01,-3.627379536628723145e-01,-2.914710640907287598e-01,-3.514742851257324219e-01,-3.105994164943695068e-01,-3.990961909294128418e-01,-1.367351263761520386e-01,2.762571573257446289e-01,1.347220391035079956e-01,-3.741778731346130371e-01,-5.473716855049133301e-01,-1.056993484497070312e+00,2.387240380048751831e-01,-8.978438377380371094e-01,-5.379513502120971680e-01,1.445277810096740723e+00,-1.439112663269042969e+00,-1.537906974554061890e-01,1.817529350519180298e-01,-3.172738254070281982e-01
6.819840520620346069e-02,8.503641933202743530e-03,6.744980216026306152e-01,-8.506968021392822266e-01,-2.080489844083786011e-01,2.216720730066299438e-01,-7.634291052818298340e-01,-9.913647770881652832e-01,-1.028833270072937012e+00,-3.614649474620819092e-01,2.667683362960815430e-01,1.936412453651428223e-01,-1.037801623344421387e+00,-3.304038941860198975e-01,-1.062618136405944824e+00,-2.975625991821289062e-01,-9.696760177612304688e-01,-1.265344470739364624e-01,-9.516146779060363770e-01,-3.293239176273345947e-01
1.068327784538269043e+00,1.138433218002319336e+00,1.356929779052734375e+00,1.127622365951538086e+00,3.741162717342376709e-01,1.191707849502563477e+00,5.695034861564636230e-01,9.529454708099365234e-01,1.171873092651367188e+00,1.055343270301818848e+00,4.926202297210693359e-01,1.077887058258056641e+00,2.006790399551391602e+00,4.630326628684997559e-01,5.256745219230651855e-01,1.043591260910034180e+00,7.252862453460693359e-01,1.232672572135925293e+00,-6.659464836120605469e-01,8.097574710845947266e-01
1.115726113319396973e+00,1.155993938446044922e+00,1.406765222549438477e+00,1.793252706527709961e+00,5.257273912429809570e-01,1.051970481872558594e+00,9.477263689041137695e-01,1.508258819580078125e+00,1.443303823471069336e+00,9.902317523956298828e-01,-2.530918121337890625e-01,9.780671596527099609e-01,1.646250486373901367e+00,5.963768362998962402e-01,1.494384765625000000e+00,3.961377143859863281e-01,1.802021503448486328e+00,1.143963932991027832e+00,1.060923457145690918e+00,8.334023356437683105e-01
-1.654513031244277954e-01,3.371416032314300537e-01,1.081371307373046875e+00,3.096631467342376709e-01,1.723237872123718262e+00,2.046196758747100830e-01,5.286661982536315918e-01,-7.756561785936355591e-02,-2.779666423797607422e+00,-6.227983832359313965e-01,-3.200279772281646729e-01,7.713862578384578228e-04,1.798385977745056152e-01,6.681165099143981934e-01,3.181957304477691650e-01,1.766418665647506714e-01,1.066059470176696777e+00,5.500968694686889648e-01,-2.993539869785308838e-01,-1.284491568803787231e-01
-4.627212584018707275e-01,-1.457614898681640625e+00,-1.349911570549011230e+00,-8.185669779777526855e-01,-5.374189019203186035e-01,5.619051307439804077e-02,-4.485098123550415039e-01,1.825239062309265137e-01,-3.525280952453613281e-01,-4.336253106594085693e-01,-1.396117091178894043e+00,-2.534727938473224640e-02,-1.116454243659973145e+00,6.981624960899353027e-01,-5.275087356567382812e-01,-3.514156043529510498e-01,-6.225990653038024902e-01,-1.853640377521514893e-01,-1.809283137321472168e+00,-1.301570296287536621e+00
9.817172288894653320e-01,1.487132906913757324e+00,1.108515381813049316e+00,4.395027458667755127e-01,1.100006937980651855e+00,6.175023317337036133e-01,1.194332122802734375e+00,2.182446241378784180e+00,1.386418342590332031e+00,9.721912741661071777e-01,2.362166166305541992e+00,1.063685297966003418e+00,1.642762184143066406e+00,7.889415025711059570e-01,2.939992904663085938e+00,9.870865941047668457e-01,1.009898185729980469e+00,1.698024511337280273e+00,8.236020803451538086e-01,7.765315771102905273e-01
-2.109941840171813965e-01,-1.052214980125427246e+00,-2.336193621158599854e-01,-8.742656111717224121e-01,-1.030115962028503418e+00,1.012467965483665466e-01,-5.441926121711730957e-01,5.837501287460327148e-01,-1.040767788887023926e+00,-6.244456768035888672e-01,8.846427202224731445e-01,-4.971037805080413818e-01,-4.955996274948120117e-01,-1.344051957130432129e+00,9.294954538345336914e-01,-7.298947125673294067e-02,-3.686351180076599121e-01,-4.927688539028167725e-01,-1.385739803314208984e+00,-3.720573782920837402e-01
8.036575466394424438e-02,8.013113737106323242e-01,1.595901846885681152e+00,1.544184237718582153e-01,-3.545233905315399170e-01,3.888736069202423096e-01,4.452148973941802979e-01,-2.976872958242893219e-03,-3.322278857231140137e-01,4.223563969135284424e-01,6.146375536918640137e-01,5.114797949790954590e-01,4.301730692386627197e-01,6.864690184593200684e-01,1.214372754096984863e+00,-5.249575972557067871e-01,1.768076539039611816e+00,4.280833601951599121e-01,2.679268419742584229e-01,5.259990096092224121e-01
-1.269824862480163574e+00,-1.385058313608169556e-01,-1.104161977767944336e+00,1.838143318891525269e-01,-4.776378870010375977e-01,3.341662883758544922e-01,2.574529945850372314e-01,3.966729342937469482e-01,-1.710135191679000854e-01,-4.306845963001251221e-01,9.783487915992736816e-01,-3.318295180797576904e-01,-1.034972429275512695e+00,-8.802875876426696777e-01,-6.369447708129882812e-01,-7.478768820874392986e-04,-5.600794553756713867e-01,9.478705525398254395e-01,2.659241855144500732e-01,-9.244439601898193359e-01
3.860263153910636902e-02,-7.651216387748718262e-01,-9.361547231674194336e-01,-1.902080625295639038e-01,-1.188474416732788086e+00,-4.059406220912933350e-01,-7.589955925941467285e-01,3.586673736572265625e-01,2.402141690254211426e-01,-1.137144207954406738e+00,-1.675156474113464355e+00,-8.660700917243957520e-01,-2.212535291910171509e-01,-1.434949785470962524e-01,-1.240864157676696777e+00,-2.258465737104415894e-01,-1.654736757278442383e+00,-1.212601304054260254e+00,-5.457530021667480469e-01,-9.503043293952941895e-01
-8.366105556488037109e-01,-2.011167526245117188e+00,-8.499301224946975708e-02,-3.877475857734680176e-01,-4.720584154129028320e-01,1.638964116573333740e-01,-4.356306195259094238e-01,-9.249810576438903809e-01,3.061622679233551025e-01,-1.586474776268005371e+00,1.464182019233703613e+00,-6.544935107231140137e-01,-4.906641840934753418e-01,3.572756350040435791e-01,-6.435202360153198242e-01,-8.921459317207336426e-02,8.202097415924072266e-01,2.778408825397491455e-01,8.552965521812438965e-01,3.236457407474517822e-01
-3.655761778354644775e-01,2.442357391119003296e-01,9.750775098800659180e-01,-5.242910385131835938e-01,-4.939472675323486328e-01,3.046877384185791016e-01,2.065018415451049805e+00,7.232159972190856934e-01,1.027942076325416565e-01,6.984441280364990234e-01,8.343042135238647461e-01,-3.249261081218719482e-01,-1.725681185722351074e+00,-4.109004735946655273e-01,3.612884581089019775e-01,4.078597128391265869e-01,4.447388052940368652e-01,1.549384146928787231e-01,2.577400207519531250e-01,-8.255768418312072754e-01
9.591389894485473633e-01,4.234098494052886963e-01,1.783746719360351562e+00,1.261091232299804688e+00,1.818331241607666016e+00,1.023737549781799316e+00,5.408164262771606445e-01,2.446490287780761719e+00,9.587700366973876953e-01,2.532524824142456055e+00,1.393515706062316895e+00,7.921417355537414551e-01,2.521054148674011230e-01,1.519763588905334473e+00,4.844636321067810059e-01,-4.941864311695098877e-01,1.818004399538040161e-01,9.870067834854125977e-01,3.580000400543212891e-01,7.639056444168090820e-01
4.948052167892456055e-01,2.663612961769104004e-01,9.739657640457153320e-01,-7.909659743309020996e-01,-1.111178278923034668e+00,2.342822253704071045e-01,4.160415232181549072e-01,-1.085401326417922974e-01,3.308064639568328857e-01,9.869087338447570801e-01,-1.948754191398620605e-01,2.241003215312957764e-01,8.861205577850341797e-01,-8.541148900985717773e-01,-1.056741237640380859e+00,3.423068821430206299e-01,8.519949913024902344e-01,-1.760046482086181641e-01,1.487986087799072266e+00,4.619321227073669434e-01
-2.730184793472290039e-01,-1.848440915346145630e-01,-3.936761319637298584e-01,-1.879629939794540405e-01,-4.476639628410339355e-01,-7.497864961624145508e-02,-5.350593924522399902e-01,-1.402333140373229980e+00,2.083104848861694336e-01,-4.056908488273620605e-01,-6.690040230751037598e-01,-2.433197736740112305e+00,3.658075928688049316e-01,4.749000370502471924e-01,-9.073066711425781250e-01,-3.775914311408996582e-01,7.853172421455383301e-01,-4.685741662979125977e-01,-3.409795761108398438e-01,-1.671702504158020020e+00
-2.061181664466857910e-01,8.277824521064758301e-01,1.871891468763351440e-01,-4.831953644752502441e-01,-6.486244797706604004e-01,-2.550505101680755615e-01,-4.340355992317199707e-01,1.879264563322067261e-01,2.315818816423416138e-01,2.259129881858825684e-01,-8.781118988990783691e-01,-2.562941014766693115e-01,5.138842463493347168e-01,3.716323375701904297e-01,-3.814407885074615479e-01,3.545325994491577148e-02,-9.372910261154174805e-01,2.324029505252838135e-01,5.870904922485351562e-01,8.217654228210449219e-01
-4.481713175773620605e-01,-8.110099285840988159e-02,-3.170121610164642334e-01,-9.628821611404418945e-01,2.319901287555694580e-01,-7.094534039497375488e-01,-1.446554541587829590e+00,-6.903924345970153809e-01,-1.463557124137878418e+00,-1.805637359619140625e+00,-8.710936307907104492e-01,-2.728695631027221680e+00,-8.923276662826538086e-01,-1.359213232994079590e+00,-6.730405688285827637e-01,-1.235165476799011230e+00,-9.652750492095947266e-01,-8.198776841163635254e-01,-3.227362930774688721e-01,-8.152728080749511719e-01
-9.837487339973449707e-01,-7.162618637084960938e-01,-5.053375363349914551e-01,-9.705024361610412598e-01,-6.276211738586425781e-01,-1.139436289668083191e-01,-1.088849455118179321e-01,-2.994648218154907227e-01,-3.863397538661956787e-01,3.962880969047546387e-01,-7.530963420867919922e-01,-9.724668860435485840e-01,1.398145794868469238e+00,-5.213880538940429688e-01,-5.383527874946594238e-01,-1.573324084281921387e+00,-2.143139541149139404e-01,-4.688128829002380371e-01,-1.101136326789855957e+00,-2.374409675598144531e+00
-5.732324123382568359e-01,1.326610893011093140e-01,-1.302256733179092407e-01,-1.424429655075073242e+00,2.523380219936370850e-01,-1.037122368812561035e+00,-7.037395834922790527e-01,-1.038876652717590332e+00,1.748970448970794678e-01,-4.728166162967681885e-01,7.289414852857589722e-02,2.760213911533355713e-01,-4.110901951789855957e-01,-2.027213126420974731e-01,-3.490808308124542236e-01,-7.134685516357421875e-01,8.041834235191345215e-01,-1.784592717885971069e-01,-2.841511368751525879e-01,-3.426973521709442139e-01
-7.346823066473007202e-02,-1.249100446701049805e+00,-1.699457287788391113e+00,-1.244566321372985840e+00,-8.119617700576782227e-01,-3.632951080799102783e-01,-9.751873016357421875e-01,-6.004413962364196777e-01,-9.888416528701782227e-01,-1.690067529678344727e+00,-7.938269376754760742e-01,-6.441748738288879395e-01,6.323045492172241211e-01,-1.016648530960083008e+00,-1.769689083099365234e+00,-8.581144809722900391e-01,-3.427689075469970703e-01,-6.811711192131042480e-01,-2.024706840515136719e+00,-1.244976878166198730e+00
-2.571997046470642090e-01,-4.258557558059692383e-01,1.766767054796218872e-01,-3.438029438257217407e-02,-4.926369786262512207e-01,9.615666866302490234e-01,-3.251472115516662598e-01,7.990275621414184570e-01,-3.632993400096893311e-01,1.578258872032165527e+00,4.823759496212005615e-01,8.853883743286132812e-01,2.605924904346466064e-01,4.121008813381195068e-01,-2.851816415786743164e-01,-5.472491309046745300e-02,-8.963288664817810059e-01,2.862069010734558105e-01,2.576875090599060059e-01,3.944126367568969727e-01
-4.641276895999908447e-01,-6.250411868095397949e-01,-1.602783560752868652e+00,-8.411111831665039062e-01,-1.015371978282928467e-01,-1.132311224937438965e+00,-9.791489243507385254e-01,-5.092061161994934082e-01,9.157289266586303711e-01,3.979368209838867188e-01,-1.065717101097106934e+00,-3.151603639125823975e-01,-2.870424091815948486e-01,-6.167001128196716309e-01,-8.868607878684997559e-01,-3.561640083789825439e-01,-1.549174636602401733e-01,-2.099597930908203125e+00,-1.726127862930297852e+00,-1.175428748130798340e+00
-9.909427165985107422e-01,2.233183234930038452e-01,-4.184417426586151123e-01,3.714326322078704834e-01,2.139462232589721680e-01,2.123937457799911499e-01,-8.574857562780380249e-02,9.451520442962646484e-01,3.200474977493286133e-01,3.685709536075592041e-01,5.394455194473266602e-01,3.963159322738647461e-01,-1.957307457923889160e-01,-8.630411028861999512e-01,4.002647474408149719e-02,-1.510419100522994995e-01,3.697570860385894775e-01,1.512742936611175537e-01,-8.667073845863342285e-01,2.513839244842529297e+00
1.023235559463500977e+00,5.038872361183166504e-01,1.069241404533386230e+00,2.650222182273864746e-01,5.903502106666564941e-01,2.675257325172424316e-01,7.835774868726730347e-02,1.824803113937377930e+00,1.418594837188720703e+00,6.454424262046813965e-01,1.035896897315979004e+00,1.431930959224700928e-01,1.540566682815551758e+00,4.494596719741821289e-01,8.246759325265884399e-02,3.568383455276489258e-01,1.120959758758544922e+00,9.920102953910827637e-01,2.483338490128517151e-02,-1.803116798400878906e-01
-1.623018860816955566e+00,-5.855153799057006836e-01,-1.042958974838256836e+00,-5.638090372085571289e-01,-1.055245161056518555e+00,-4.323518276214599609e-01,1.410936820320785046e-03,-1.384324312210083008e+00,-2.922836303710937500e+00,-1.618391036987304688e+00,-2.257682800292968750e+00,-4.627975821495056152e-01,2.863610684871673584e-01,-1.181753158569335938e+00,-2.472476512193679810e-01,-4.598108232021331787e-01,-9.843358397483825684e-01,-2.233206182718276978e-01,-1.244767069816589355e+00,-2.496811300516128540e-01
-3.696758449077606201e-01,2.966068685054779053e-01,-1.958873391151428223e+00,-9.988853931427001953e-01,-1.104340791702270508e+00,-9.465856552124023438e-01,-2.092431783676147461e+00,-1.192219614982604980e+00,-1.239892125129699707e+00,-9.388892650604248047e-01,-9.337257742881774902e-01,-4.855222702026367188e-01,-2.509727180004119873e-01,-1.635144710540771484e+00,-1.425522089004516602e+00,-6.292763948440551758e-01,-1.004981279373168945e+00,-1.041370391845703125e+00,-1.062921881675720215e+00,-1.320788145065307617e+00
1.024614274501800537e-01,5.841525197029113770e-01,1.094750285148620605e+00,-2.281588166952133179e-01,3.364078402519226074e-01,4.018286466598510742e-01,-3.313512206077575684e-01,1.538094401359558105e+00,7.592275738716125488e-01,3.920694291591644287e-01,1.509112268686294556e-01,2.552493512630462646e-01,-3.262934982776641846e-01,-1.768004655838012695e+00,9.920754283666610718e-02,-1.049034833908081055e+00,7.723594307899475098e-01,3.113322257995605469e-01,-1.519155204296112061e-01,3.510082066059112549e-01
-1.392713546752929688e+00,-4.786103367805480957e-01,-4.819399714469909668e-01,9.843704104423522949e-02,-1.644376397132873535e+00,-5.512481331825256348e-01,1.299573183059692383e+00,-6.150308251380920410e-01,1.087847948074340820e+00,-8.185524940490722656e-01,-3.770296871662139893e-01,1.192038059234619141e-01,3.579308092594146729e-01,1.388433575630187988e-01,-2.228052616119384766e-01,-3.502170741558074951e-02,-4.000272750854492188e-01,9.201394766569137573e-02,-1.050851121544837952e-01,-1.118149638175964355e+00
-5.054413080215454102e-01,-2.462738901376724243e-01,-2.615153193473815918e-01,-1.284568309783935547e+00,-6.195252537727355957e-01,-8.813462853431701660e-01,-7.655006647109985352e-01,-4.304275810718536377e-01,-1.017145156860351562e+00,-6.743768453598022461e-01,-6.486299633979797363e-02,-1.641811609268188477e+00,-4.719118475914001465e-01,-1.167350053787231445e+00,-1.595678329467773438e+00,-1.383579015731811523e+00,-1.508181929588317871e+00,-6.042793989181518555e-01,-1.095257401466369629e+00,-6.438640356063842773e-01
1.662108898162841797e+00,3.871390819549560547e-01,2.161172032356262207e-01,1.088701963424682617e+00,7.104735970497131348e-01,2.789408266544342041e-01,-9.146617650985717773e-01,9.663312435150146484e-01,4.105688929557800293e-01,-3.878067433834075928e-01,-1.570759564638137817e-01,8.614332079887390137e-01,3.982971608638763428e-01,-1.511705070734024048e-01,-5.117003321647644043e-01,1.029665946960449219e+00,5.957661271095275879e-01,3.541904315352439880e-02,8.415611982345581055e-01,9.938668012619018555e-01
-4.310107603669166565e-02,-2.609732449054718018e-01,8.509508371353149414e-01,-1.477808654308319092e-01,3.491578996181488037e-01,-3.189818859100341797e-01,9.708249568939208984e-01,9.655578434467315674e-02,1.378719806671142578e+00,-6.443034857511520386e-02,1.657637119293212891e+00,1.577310204505920410e+00,8.063176274299621582e-01,7.067032456398010254e-01,8.272194266319274902e-01,2.675416469573974609e-01,1.092092156410217285e+00,1.123999476432800293e+00,1.025843381881713867e+00,1.204562664031982422e+00
2.463538348674774170e-01,-1.011231780052185059e+00,-6.111783981323242188e-01,4.848821088671684265e-02,7.797709703445434570e-01,-3.523441255092620850e-01,8.843289017677307129e-01,-1.232325658202171326e-01,8.160771727561950684e-01,1.838800787925720215e+00,6.741996407508850098e-01,2.826578021049499512e-01,-3.936164975166320801e-01,1.723255962133407593e-01,-4.411025345325469971e-01,5.304165557026863098e-02,1.072796344757080078e+00,4.438365101814270020e-01,8.997719287872314453e-01,7.458953261375427246e-01
1.610130630433559418e-02,3.816753625869750977e-01,-5.965356528759002686e-02,-9.497503638267517090e-01,3.646445870399475098e-01,-4.798449873924255371e-01,8.994160294532775879e-01,9.770770072937011719e-01,-4.752309024333953857e-01,1.055367141962051392e-01,5.023308992385864258e-01,-1.083210587501525879e+00,-3.692570328712463379e-01,-3.422037363052368164e-01,3.480731546878814697e-01,-1.754938662052154541e-01,5.417323112487792969e-01,1.952830791473388672e+00,-4.329634606838226318e-01,1.270212769508361816e+00
-1.360986828804016113e+00,-9.018524885177612305e-01,-1.207601785659790039e+00,-8.634184002876281738e-01,-5.196666717529296875e-01,-1.822404116392135620e-01,-1.625281453132629395e+00,-9.391120076179504395e-01,-1.165623664855957031e+00,-1.674363851547241211e+00,-7.465970516204833984e-02,-4.159809648990631104e-01,-1.102841138839721680e+00,-1.327019810676574707e+00,-9.607545137405395508e-01,-4.464996457099914551e-01,-1.002254843711853027e+00,-1.162706971168518066e+00,2.974348329007625580e-02,-6.703078746795654297e-01
2.602011561393737793e-01,9.856670498847961426e-01,-1.238183155655860901e-01,1.275806427001953125e+00,9.933148026466369629e-01,1.782210588455200195e+00,1.032329201698303223e+00,2.812626361846923828e+00,5.206385254859924316e-01,5.284471511840820312e-01,9.151286482810974121e-01,4.266534745693206787e-01,3.208740949630737305e-01,1.222264885902404785e+00,7.794412374496459961e-01,-3.065829277038574219e-01,-7.531495392322540283e-02,3.790623545646667480e-01,3.170008659362792969e-01,9.071813821792602539e-01
-1.081255078315734863e+00,-1.613633632659912109e-01,-9.552668929100036621e-01,-1.071187734603881836e+00,6.337169408798217773e-01,6.867126822471618652e-01,8.601336181163787842e-02,1.996779143810272217e-01,-4.215506613254547119e-01,-7.934744954109191895e-01,4.641933441162109375e-01,-6.697019934654235840e-02,-9.397155642509460449e-01,-7.158301472663879395e-01,-4.271044433116912842e-01,-9.375314712524414062e-01,9.035402536392211914e-01,-4.184790849685668945e-01,-1.393283605575561523e+00,-1.225624799728393555e+00
-3.652814626693725586e-01,8.999063074588775635e-02,-6.516253948211669922e-02,-9.611406326293945312e-01,1.323247402906417847e-01,-1.214623376727104187e-01,-9.861258417367935181e-02,-1.700252741575241089e-01,7.510263323783874512e-01,6.799673438072204590e-01,6.694268584251403809e-01,1.506613194942474365e-01,-8.774380683898925781e-01,-3.813737034797668457e-01,1.721210330724716187e-01,-1.181432366371154785e+00,-4.245938062667846680e-01,-5.483135581016540527e-02,-3.742196857929229736e-01,-4.556135237216949463e-01
-1.245758295059204102e+00,-1.698855996131896973e+00,-8.822590112686157227e-01,-6.007151603698730469e-01,-1.116351723670959473e+00,-1.118138074874877930e+00,-8.926814794540405273e-01,-9.480451941490173340e-01,-5.764775872230529785e-01,-6.653884649276733398e-01,-1.261620521545410156e+00,-1.333408713340759277e+00,-1.133191585540771484e+00,-2.344442129135131836e+00,-1.284736394882202148e+00,-2.287479400634765625e+00,-8.974797725677490234e-01,-1.418861985206604004e+00,-2.243226170539855957e-01,-5.584563612937927246e-01
1.037399888038635254e+00,1.775352954864501953e+00,2.640983343124389648e+00,1.192858457565307617e+00,1.674006462097167969e+00,1.851163268089294434e+00,8.509912490844726562e-01,1.685466051101684570e+00,1.499476671218872070e+00,1.808544039726257324e+00,1.713515043258666992e+00,6.677941679954528809e-01,1.274362206459045410e+00,1.826174974441528320e+00,1.649540305137634277e+00,1.013782501220703125e+00,1.341066002845764160e+00,1.483689188957214355e+00,2.517104864120483398e+00,1.759221196174621582e+00
3.093712925910949707e-01,9.480652213096618652e-01,8.406051397323608398e-01,4.469885230064392090e-01,6.647325307130813599e-02,3.210137784481048584e-01,1.837152481079101562e+00,9.929968714714050293e-01,1.364484071731567383e+00,2.689158916473388672e-01,8.339298963546752930e-01,-2.310141921043395996e-01,3.960531651973724365e-01,-4.353524744510650635e-02,2.125841856002807617e+00,2.245028316974639893e-01,8.948940634727478027e-01,1.154652953147888184e+00,1.056839585304260254e+00,1.212346434593200684e+00
-2.761178493499755859e+00,-1.863309144973754883e+00,-6.685197353363037109e-01,-6.448749303817749023e-01,-8.437420129776000977e-01,-9.360600709915161133e-01,-2.288231611251831055e+00,-1.056533575057983398e+00,-4.542205929756164551e-01,-6.742610931396484375e-01,-2.203519105911254883e+00,-2.199606448411941528e-01,-8.319833278656005859e-01,4.553142488002777100e-01,-8.805800676345825195e-01,-9.032128453254699707e-01,-2.184276133775711060e-01,-5.342340469360351562e-01,-6.591035723686218262e-01,-1.542531996965408325e-01
3.430271446704864502e-01,5.694855451583862305e-01,1.312893629074096680e-01,1.002407789230346680e+00,1.072707772254943848e+00,4.314391016960144043e-01,1.559320688247680664e+00,1.015093564987182617e+00,6.008132100105285645e-01,9.641979336738586426e-01,1.078835844993591309e+00,1.213069796562194824e+00,2.626359224319458008e+00,-2.500734031200408936e-01,1.489137411117553711e+00,2.488330006599426270e-01,9.127324223518371582e-01,-2.341467887163162231e-01,1.028928399085998535e+00,3.791203200817108154e-01
-1.152797818183898926e+00,-3.684103190898895264e-01,-1.161032676696777344e+00,-2.352517366409301758e+00,-5.983307957649230957e-01,-9.875078201293945312e-01,-1.024020195007324219e+00,-3.358261585235595703e-01,-4.100515842437744141e-01,-5.690767765045166016e-01,-4.965601861476898193e-01,-9.238481521606445312e-01,-9.459014534950256348e-01,-1.215342998504638672e+00,-1.819285035133361816e+00,-9.781221151351928711e-01,-9.216251969337463379e-01,-1.270800530910491943e-01,-1.163802027702331543e+00,-1.051467061042785645e+00
-3.967260122299194336e-01,-1.081056714057922363e+00,-1.728187441825866699e+00,-9.304565787315368652e-01,3.927620053291320801e-01,-2.049343347549438477e+00,-5.183936357498168945e-01,-1.190492510795593262e+00,-1.032193183898925781e+00,-8.994162082672119141e-01,-7.962548732757568359e-01,-8.330923318862915039e-01,-5.260053277015686035e-01,-6.477409005165100098e-01,-2.458119153976440430e+00,-9.927066564559936523e-01,-5.169183611869812012e-01,-7.326639890670776367e-01,-1.187835097312927246e+00,-1.736079335212707520e+00
3.462100327014923096e-01,9.485505223274230957e-01,-1.307038426399230957e+00,7.844229340553283691e-01,2.104164659976959229e-01,1.611615419387817383e-01,-9.012475013732910156e-01,3.607681095600128174e-01,1.851184248924255371e+00,3.075537681579589844e-01,6.521115899085998535e-01,2.756437659263610840e-01,-2.989614307880401611e-01,9.334547445178031921e-03,-9.674890637397766113e-01,4.720752239227294922e-01,-7.202777266502380371e-01,-2.058891505002975464e-01,2.920205295085906982e-01,3.581774234771728516e-01
1.538000404834747314e-01,1.798829138278961182e-01,-3.956749141216278076e-01,2.542963624000549316e-01,-4.489605724811553955e-01,3.064678013324737549e-01,-7.119751572608947754e-01,2.849775552749633789e-01,-3.456017076969146729e-01,5.087504386901855469e-01,-5.440318584442138672e-01,-7.980817556381225586e-02,-4.403877630829811096e-02,1.325280964374542236e-01,-9.601856470108032227e-01,-1.426505565643310547e+00,2.849103808403015137e-01,-8.494756817817687988e-01,-3.996251523494720459e-01,-2.488323003053665161e-01
-6.790459156036376953e-01,-6.459123492240905762e-01,-3.697366118431091309e-01,8.441601395606994629e-01,-4.801864326000213623e-01,-8.447976112365722656e-01,-4.651302397251129150e-01,6.567329168319702148e-01,1.280203938484191895e+00,3.482305705547332764e-01,1.410718113183975220e-01,-1.464974135160446167e-01,-4.298002421855926514e-01,-9.644774198532104492e-01,-1.110750675201416016e+00,4.578505754470825195e-01,5.769409537315368652e-01,-1.504428148269653320e+00,-3.858123421669006348e-01,-1.147469997406005859e+00
3.548496961593627930e-02,4.039366543292999268e-02,-1.112722873687744141e+00,-5.565865039825439453e-01,-2.288950204849243164e+00,5.484063625335693359e-01,-3.606440424919128418e-01,8.344411253929138184e-01,-5.640040040016174316e-01,1.077973619103431702e-01,-5.518057346343994141e-01,-1.701958775520324707e+00,-5.400865674018859863e-01,1.066741049289703369e-01,-4.048208594322204590e-01,-7.200658917427062988e-01,-2.584511935710906982e-01,-6.364144086837768555e-01,4.678914248943328857e-01,1.242079213261604309e-01
-1.270204782485961914e+00,-1.010147929191589355e+00,-1.520706653594970703e+00,6.153298169374465942e-02,-1.277483463287353516e+00,-2.328442335128784180e-01,5.521739274263381958e-02,-5.048847198486328125e-01,-6.134519577026367188e-01,-2.487290352582931519e-01,-4.528056681156158447e-01,-5.288336873054504395e-01,-8.345501422882080078e-01,-4.897960424423217773e-01,-1.935366988182067871e+00,-1.481483578681945801e+00,4.719632267951965332e-01,-6.176016330718994141e-01,-8.721507191658020020e-01,-2.029780596494674683e-01
1.279992699623107910e+00,1.168345928192138672e+00,2.839034557342529297e+00,8.973755836486816406e-01,1.458502411842346191e+00,1.108503580093383789e+00,2.253368854522705078e+00,2.500605344772338867e+00,1.403560519218444824e+00,1.237737417221069336e+00,1.836988210678100586e+00,1.062013030052185059e+00,1.687565565109252930e+00,1.285046935081481934e+00,6.293557286262512207e-01,7.263411283493041992e-01,1.039870858192443848e+00,1.776136398315429688e+00,1.154359698295593262e+00,1.528066754341125488e+00
1.091422080993652344e+00,-5.236396789550781250e-01,3.700791597366333008e-01,1.074843168258666992e+00,-3.472691774368286133e-01,5.401883721351623535e-01,1.725373625755310059e+00,5.887433290481567383e-01,-3.234899044036865234e-01,4.301604330539703369e-01,3.954499065876007080e-01,1.003900527954101562e+00,5.452762842178344727e-01,4.870921075344085693e-01,8.932045102119445801e-01,5.081045627593994141e-01,1.072435736656188965e+00,9.814068675041198730e-01,3.172513544559478760e-01,2.253803968429565430e+00
1.123249053955078125e+00,1.898385584354400635e-01,5.071039795875549316e-01,2.391747981309890747e-01,1.371045947074890137e+00,4.172907471656799316e-01,9.224434494972229004e-01,1.008181571960449219e+00,9.380576014518737793e-01,4.733407199382781982e-01,1.016168594360351562e+00,-5.789866447448730469e-01,1.154229164123535156e+00,-7.082387059926986694e-02,6.912527680397033691e-01,5.020256638526916504e-01,4.769580960273742676e-01,3.832422792911529541e-01,1.438769251108169556e-01,4.024097323417663574e-01
1.367560476064682007e-01,-2.699666023254394531e-01,-3.707216680049896240e-01,2.681767344474792480e-01,-4.910482168197631836e-01,-1.339504241943359375e+00,-2.236029148101806641e+00,2.866455018520355225e-01,-4.848682582378387451e-01,-5.027622580528259277e-01,-3.517194092273712158e-01,-4.853389859199523926e-01,-2.482399463653564453e+00,-9.392051696777343750e-01,-1.402204394340515137e+00,9.495022892951965332e-02,-1.359421908855438232e-01,-2.715092182159423828e+00,-8.480370044708251953e-01,-7.912619113922119141e-01
2.867590785026550293e-01,-4.408777058124542236e-01,1.384550929069519043e-01,-1.313832879066467285e+00,-3.549495339393615723e-01,-3.595048487186431885e-01,-1.253876686096191406e+00,1.967168301343917847e-01,6.426216959953308105e-01,-1.144566655158996582e+00,1.077646017074584961e-01,-5.175680518150329590e-01,-3.048415482044219971e-01,-4.461753070354461670e-01,2.476159334182739258e-01,-1.493179500102996826e-01,-1.266592741012573242e+00,-1.050054192543029785e+00,-5.948359370231628418e-01,1.265693455934524536e-01
-5.257734060287475586e-01,-9.579722881317138672e-01,1.394227147102355957e-01,-6.022289991378784180e-01,5.269033312797546387e-01,-2.410228401422500610e-01,-9.272145032882690430e-01,-9.549244046211242676e-01,-5.695145726203918457e-01,-2.946372747421264648e+00,-3.635990321636199951e-01,-4.894374012947082520e-01,-9.192324280738830566e-01,-9.539412260055541992e-01,-1.313018083572387695e+00,-1.508151412010192871e+00,-1.336311101913452148e-01,-1.000005841255187988e+00,-1.076398730278015137e+00,-9.980777502059936523e-01
-1.212396845221519470e-01,-5.675590634346008301e-01,5.017172694206237793e-01,-2.064155042171478271e-01,-1.994601637125015259e-01,-2.090889662504196167e-01,8.569029569625854492e-01,4.152669012546539307e-01,-4.360894858837127686e-01,2.172655463218688965e-01,9.025629162788391113e-01,8.382511138916015625e-01,-2.043482512235641479e-01,3.974758684635162354e-01,4.862128794193267822e-01,-2.123046070337295532e-01,-1.708212256431579590e+00,9.175875186920166016e-01,3.802100121974945068e-01,-1.039769873023033142e-01
9.731796383857727051e-01,1.603195905685424805e+00,9.975625276565551758e-01,5.974962115287780762e-01,4.235258996486663818e-01,-1.306623369455337524e-01,8.119072914123535156e-01,9.964081645011901855e-01,5.805678367614746094e-01,1.086673617362976074e+00,1.217779636383056641e+00,2.234401553869247437e-01,1.848690509796142578e+00,5.491777658462524414e-01,2.658726274967193604e-01,1.098587438464164734e-01,4.770365059375762939e-01,-4.276797473430633545e-01,-2.187329381704330444e-01,-1.875212937593460083e-01
4.464680850505828857e-01,4.293390512466430664e-01,1.103413105010986328e+00,2.610430419445037842e-01,-8.145959973335266113e-01,1.002750396728515625e+00,1.523140430450439453e+00,7.127499580383300781e-01,1.012426853179931641e+00,3.807884454727172852e-01,9.513770341873168945e-01,2.944808602333068848e-01,3.840587139129638672e-01,5.246067047119140625e-01,1.786163598299026489e-01,-4.838210046291351318e-01,3.224404156208038330e-01,4.340617954730987549e-01,1.236852288246154785e+00,-2.689030170440673828e-01
-1.601652860641479492e+00,-1.033315300941467285e+00,-6.411651968955993652e-01,-6.937663555145263672e-01,-6.629462838172912598e-01,-1.067242383956909180e+00,-3.596762418746948242e-01,7.254650443792343140e-02,-7.865620255470275879e-01,-4.366590678691864014e-01,-2.233799457550048828e+00,-9.485257267951965332e-01,-4.227274656295776367e-01,-7.402852177619934082e-01,-4.356695711612701416e-01,-9.701088070869445801e-01,-1.026116132736206055e+00,-1.690008282661437988e+00,-4.138958156108856201e-01,-5.480646155774593353e-03
3.758031427860260010e-01,1.045973896980285645e+00,1.705106616020202637e+00,3.968568146228790283e-01,2.247344017028808594e+00,3.638643920421600342e-01,-2.979130446910858154e-01,9.563626050949096680e-01,1.273244142532348633e+00,1.142963886260986328e+00,6.811682581901550293e-01,5.087043046951293945e-01,2.094963073730468750e+00,8.586418032646179199e-01,2.573208808898925781e+00,1.004760503768920898e+00,8.810699582099914551e-01,6.698638200759887695e-01,6.782752275466918945e-01,-4.161444306373596191e-02
-9.655038714408874512e-01,-3.067066669464111328e-01,-1.428634762763977051e+00,-9.201546311378479004e-01,-3.733221292495727539e-01,-1.359604299068450928e-01,-3.542223870754241943e-01,1.068231835961341858e-01,1.633087694644927979e-01,-8.819234371185302734e-02,8.495163917541503906e-02,-1.241176605224609375e+00,1.763747483491897583e-01,2.098819315433502197e-01,9.697378873825073242e-01,-1.018561720848083496e+00,2.980700135231018066e-01,-6.133620738983154297e-01,-8.283606171607971191e-01,1.685870438814163208e-01
-4.609484672546386719e-01,-1.238611862063407898e-01,-3.338918685913085938e-01,-2.068690359592437744e-01,-5.722014233469963074e-03,6.763943433761596680e-01,2.457716703414916992e+00,-7.295538485050201416e-02,1.392790198326110840e+00,-2.067189365625381470e-01,-3.052721619606018066e-01,-9.037560820579528809e-01,-4.024339020252227783e-01,4.526859521865844727e-01,-2.235071897506713867e+00,-4.491468966007232666e-01,4.672032892704010010e-01,-5.303160846233367920e-02,6.037288904190063477e-01,-5.375009961426258087e-03
-9.074092507362365723e-01,9.230452179908752441e-01,-8.838573098182678223e-01,-3.268660902976989746e-01,-1.105008959770202637e+00,-3.942630589008331299e-01,-1.151863574981689453e+00,2.997074723243713379e-01,-1.906807184219360352e+00,-2.275403290987014771e-01,5.490728616714477539e-01,5.476005077362060547e-01,-8.877958059310913086e-01,1.167234182357788086e-01,2.211962938308715820e+00,-1.364594936370849609e+00,-1.518623530864715576e-01,1.807410418987274170e-01,-1.831163465976715088e-01,-4.293428659439086914e-01
-2.351671457290649414e+00,6.116696596145629883e-01,-2.931865453720092773e-01,-7.076340317726135254e-01,7.992851138114929199e-01,-2.493814229965209961e-01,1.085757836699485779e-01,2.894782125949859619e-01,1.167145594954490662e-01,5.460413098335266113e-01,-6.988048553466796875e-02,-4.729179143905639648e-01,8.650728464126586914e-01,1.090195327997207642e-01,9.256232380867004395e-01,-2.766898572444915771e-01,-7.683550715446472168e-01,-2.845875322818756104e-01,-9.339801073074340820e-01,-3.854115009307861328e-01
7.557574510574340820e-01,2.817026712000370026e-02,1.383485913276672363e+00,1.077097296714782715e+00,1.660045027732849121e+00,8.442243933677673340e-01,2.934837579727172852e+00,-4.138002172112464905e-02,1.161694049835205078e+00,1.650523692369461060e-01,2.107115268707275391e+00,2.736116647720336914e-01,-3.699629008769989014e-01,1.453472495079040527e+00,1.482789635658264160e+00,3.766680359840393066e-01,6.229405999183654785e-01,1.347331523895263672e+00,9.324304461479187012e-01,8.701752424240112305e-01
-6.670193672180175781e-01,-1.197176337242126465e+00,3.496636748313903809e-01,1.477702021598815918e+00,2.490367740392684937e-01,-1.023212909698486328e+00,-4.046813547611236572e-01,-2.149721831083297729e-01,-2.755994498729705811e-01,-9.065187573432922363e-01,3.725806176662445068e-01,4.534734487533569336e-01,-7.050226926803588867e-01,2.641604244709014893e-01,-1.091513156890869141e+00,-3.841591477394104004e-01,-1.650517992675304413e-02,1.644831448793411255e-01,-2.583300471305847168e-01,-4.873247742652893066e-01
-6.442813277244567871e-01,-8.239164352416992188e-01,-4.096313416957855225e-01,-4.404498338699340820e-01,-1.307651281356811523e+00,-8.346148729324340820e-01,-9.731470346450805664e-01,-2.324650883674621582e-01,-1.109096288681030273e+00,-7.986063361167907715e-01,-3.474380075931549072e-01,-8.967370986938476562e-01,-3.983044624328613281e-01,-8.615555614233016968e-02,-2.270352840423583984e+00,-8.893306255340576172e-01,3.077769279479980469e-01,-5.855494141578674316e-01,-1.697610497474670410e+00,1.968577802181243896e-01
1.279737591743469238e+00,1.346527814865112305e+00,3.455097377300262451e-01,1.109018206596374512e+00,1.920602321624755859e+00,1.318227887153625488e+00,4.005220532417297363e-01,1.011989474296569824e+00,1.266693949699401855e+00,7.718746066093444824e-01,1.711554646492004395e+00,-2.227949537336826324e-02,5.246975421905517578e-01,5.093773603439331055e-01,1.401365160942077637e+00,4.221765995025634766e-01,1.135474324226379395e+00,1.235439538955688477e+00,9.934954643249511719e-01,1.973929166793823242e+00
1.226609051227569580e-01,-9.981559514999389648e-01,6.550800204277038574e-01,-1.075572848320007324e+00,-8.843253254890441895e-01,-6.507888436317443848e-01,-1.767007231712341309e+00,-3.776523768901824951e-01,2.918763458728790283e-01,-2.021474838256835938e+00,-1.685285419225692749e-01,1.171877309679985046e-01,-3.349806964397430420e-01,-1.036833405494689941e+00,3.302259445190429688e-01,-3.419296815991401672e-02,3.800090849399566650e-01,-1.174609184265136719e+00,3.547641336917877197e-01,1.798015683889389038e-01
6.400047540664672852e-01,-3.456120491027832031e-01,-1.355716884136199951e-01,3.454394340515136719e-01,-2.380369603633880615e-01,-7.997688651084899902e-01,1.453293114900588989e-01,-3.833151757717132568e-01,1.868955194950103760e-01,-4.215220510959625244e-01,2.703016698360443115e-01,-8.316235542297363281e-01,8.621822595596313477e-01,-1.224836111068725586e+00,-5.618637800216674805e-01,-8.914853930473327637e-01,-5.405379533767700195e-01,3.236075341701507568e-01,-2.580495774745941162e-01,2.370514124631881714e-01
2.872048616409301758e-01,1.296286463737487793e+00,2.155670881271362305e+00,1.191942811012268066e+00,1.650200963020324707e+00,9.216807484626770020e-01,1.558302044868469238e+00,1.718533992767333984e+00,9.661833643913269043e-01,1.598606586456298828e+00,2.267249107360839844e+00,1.477112174034118652e+00,1.339489579200744629e+00,1.705424070358276367e+00,1.838767409324645996e+00,8.455958366394042969e-01,2.227246046066284180e+00,1.214694738388061523e+00,1.127179503440856934e+00,1.525472283363342285e+00
-1.518900513648986816e+00,-6.695604920387268066e-01,-1.636681914329528809e+00,-5.636930465698242188e-01,-1.030622959136962891e+00,-9.086670875549316406e-01,6.457439661026000977e-01,-3.704416751861572266e-01,-4.943615794181823730e-01,-2.043776810169219971e-01,-8.611890673637390137e-01,-1.128984928131103516e+00,1.744698584079742432e-01,1.250310301780700684e+00,3.455661535263061523e-01,-2.928271591663360596e-01,-4.516816511750221252e-02,-4.030944108963012695e-01,-2.602671980857849121e-01,5.178382247686386108e-02
7.488832473754882812e-01,4.299309849739074707e-01,6.254425644874572754e-01,4.449508488178253174e-01,4.453686475753784180e-01,4.574988186359405518e-01,6.048206090927124023e-01,-6.880776584148406982e-02,9.190199971199035645e-01,4.672973155975341797e-01,1.182337164878845215e+00,-2.473267316818237305e-01,1.099189281463623047e+00,-2.884818315505981445e-01,2.979548871517181396e-01,-3.646498173475265503e-02,1.590209841728210449e+00,2.798789739608764648e-01,9.703715443611145020e-01,4.441244006156921387e-01
-6.733387112617492676e-01,-2.941085696220397949e-01,1.464065015316009521e-01,-5.940289497375488281e-01,-1.213482320308685303e-01,-9.325169324874877930e-01,-1.026678323745727539e+00,-2.035895437002182007e-01,-9.077025055885314941e-01,-6.842507719993591309e-01,-9.102547168731689453e-01,-9.754397869110107422e-01,-1.175088047981262207e+00,-5.644168332219123840e-02,-1.108942627906799316e+00,-3.018516302108764648e-01,-8.868834972381591797e-01,-2.963588237762451172e-01,-2.705515027046203613e-01,-1.087135434150695801e+00
-7.265803813934326172e-01,2.779115438461303711e-01,2.512770593166351318e-01,-9.778170585632324219e-01,-3.619535267353057861e-01,-7.955991029739379883e-01,-1.480932831764221191e+00,1.382608860731124878e-01,-1.058863639831542969e+00,-1.205794066190719604e-01,-4.100049734115600586e-01,4.045612365007400513e-02,-1.392508506774902344e+00,3.525487184524536133e-01,-1.709520339965820312e+00,-1.934186518192291260e-01,-8.713259100914001465e-01,-8.267315626144409180e-01,-1.648361563682556152e+00,-1.016983985900878906e+00
1.628484964370727539e+00,5.840270519256591797e-01,-6.084055900573730469e-01,-3.033619523048400879e-01,4.376640617847442627e-01,1.774148344993591309e-01,2.311847925186157227e+00,4.497745037078857422e-01,-2.138835377991199493e-02,4.416601061820983887e-01,-1.336846351623535156e+00,6.524675488471984863e-01,-7.420481443405151367e-01,1.475513447076082230e-03,-1.859068125486373901e-01,3.529762923717498779e-01,7.237778902053833008e-01,3.474129736423492432e-01,5.699014663696289062e-01,-1.575250029563903809e-01
-7.139900326728820801e-02,3.888720870018005371e-01,2.375040650367736816e-01,4.222500920295715332e-01,9.181187152862548828e-01,-3.976096510887145996e-01,5.170366764068603516e-01,-2.561910152435302734e-01,2.656148970127105713e-01,-2.364857047796249390e-01,1.206654589623212814e-02,-5.591214820742607117e-02,3.517567217350006104e-01,3.824986815452575684e-01,2.545497417449951172e+00,-1.369786411523818970e-01,2.910743057727813721e-01,1.297297954559326172e+00,-1.613707840442657471e-01,-4.634014964103698730e-01
-1.050122261047363281e+00,-1.077046394348144531e+00,-1.322100907564163208e-01,-1.975422650575637817e-01,1.801724135875701904e-01,-8.454616069793701172e-01,3.364750444889068604e-01,-1.296145319938659668e+00,-6.777706742286682129e-02,-2.088774889707565308e-01,-2.711182832717895508e-01,-2.389412373304367065e-01,-3.095029592514038086e-01,7.526639848947525024e-02,-2.262361794710159302e-01,2.872987091541290283e-01,-1.316182613372802734e+00,1.219701021909713745e-02,2.115222364664077759e-01,-1.098195314407348633e+00
3.868441879749298096e-01,1.134896874427795410e+00,-3.660015463829040527e-01,1.137902975082397461e+00,8.352409005165100098e-01,1.028389453887939453e+00,3.068189322948455811e-01,1.372253417968750000e+00,1.298766434192657471e-01,5.597136020660400391e-01,1.033249378204345703e+00,2.334606409072875977e+00,1.716671466827392578e+00,-1.161206066608428955e-01,-2.573759853839874268e-01,1.803321987390518188e-01,9.893671870231628418e-01,2.014335095882415771e-01,2.847088873386383057e-01,1.796313881874084473e+00
1.518550395965576172e+00,1.601251959800720215e+00,3.374241590499877930e-01,1.178662419319152832e+00,1.301727175712585449e+00,3.402050137519836426e-01,1.068944334983825684e+00,1.570431351661682129e+00,6.351158022880554199e-01,6.563841700553894043e-01,3.202519379556179047e-03,1.523571491241455078e+00,4.673221111297607422e-01,8.322604894638061523e-01,-3.096348643302917480e-01,3.612616360187530518e-01,1.070577025413513184e+00,5.409099459648132324e-01,3.567077219486236572e-02,2.015188932418823242e+00
-1.094359517097473145e+00,-1.435321927070617676e+00,-7.028419375419616699e-01,-4.382908940315246582e-01,-9.992697238922119141e-01,-9.795369505882263184e-01,-3.017807602882385254e-01,-8.834370374679565430e-01,-1.253471493721008301e+00,-2.332625150680541992e+00,-8.019922375679016113e-01,-6.323276758193969727e-01,-4.437334090471267700e-02,-1.125565171241760254e+00,-1.674134612083435059e+00,-7.700648903846740723e-01,-1.497190475463867188e+00,-8.810625076293945312e-01,-1.701439619064331055e+00,-1.282953858375549316e+00
-9.362505078315734863e-01,-3.699263930320739746e-01,-2.840092778205871582e-01,9.561284780502319336e-01,-4.469607174396514893e-01,-1.282306790351867676e+00,-9.398543834686279297e-01,4.428915381431579590e-01,-4.391414821147918701e-01,-1.590530753135681152e+00,1.871291249990463257e-01,-2.466668188571929932e-02,6.137881278991699219e-01,-6.604076623916625977e-01,1.030665487051010132e-01,3.192576467990875244e-01,2.346984148025512695e-01,-4.973231554031372070e-01,-1.981770247220993042e-01,6.238572001457214355e-01
-3.967314362525939941e-01,-3.463270664215087891e-01,-1.705282330513000488e-01,7.472683489322662354e-02,6.533546447753906250e-01,-7.658919095993041992e-01,1.099308729171752930e+00,8.942505121231079102e-01,8.948279023170471191e-01,8.825158476829528809e-01,-1.449448704719543457e+00,2.459046840667724609e-01,3.767115473747253418e-01,1.731681525707244873e-01,2.847536206245422363e-01,6.753939390182495117e-01,-6.944819688796997070e-01,1.389956116676330566e+00,1.802774429321289062e+00,3.748377859592437744e-01
-6.119114160537719727e-01,-8.248610496520996094e-01,-4.024246931076049805e-01,-1.689700722694396973e+00,-4.827096760272979736e-01,1.826261281967163086e-01,-5.427552461624145508e-01,-4.332977831363677979e-01,7.120136916637420654e-02,-9.772408008575439453e-01,-5.562599301338195801e-01,-7.360607981681823730e-01,-1.119435191154479980e+00,-1.882840514183044434e+00,-1.029977440834045410e+00,2.856937944889068604e-01,-2.113783210515975952e-01,-7.097835093736648560e-02,-3.448556363582611084e-01,1.591656655073165894e-01
1.853087544441223145e-02,-9.741535186767578125e-01,-4.056707024574279785e-01,-2.350311428308486938e-01,2.437907606363296509e-01,1.862949132919311523e-01,8.415707349777221680e-01,1.512850165367126465e+00,3.076075017452239990e-01,-2.709982097148895264e-01,1.010332554578781128e-01,1.749745197594165802e-02,-1.577689200639724731e-01,1.948230266571044922e-01,1.370218098163604736e-01,-1.125755548477172852e+00,8.914483189582824707e-01,4.192945957183837891e-01,3.491869866847991943e-01,-8.228299021720886230e-01
3.992846012115478516e-01,1.756534278392791748e-01,-2.965934872627258301e-01,2.338438779115676880e-01,1.982326805591583252e-01,3.264456987380981445e-01,-2.004761844873428345e-01,2.917026728391647339e-02,1.178766012191772461e+00,1.618200540542602539e-01,-9.472314268350601196e-02,3.169515132904052734e-01,4.810219109058380127e-01,-3.312265574932098389e-01,-1.252167373895645142e-01,-2.253352552652359009e-01,7.241421341896057129e-01,-3.136710822582244873e-01,-8.439395427703857422e-01,2.838112115859985352e+00
-1.138545513153076172e+00,-5.187633633613586426e-02,3.257218301296234131e-01,3.339941501617431641e-01,-2.706243991851806641e-01,-1.652235686779022217e-01,-1.395993083715438843e-01,-3.186130225658416748e-01,1.422314643859863281e-01,-8.999913334846496582e-01,-9.514114856719970703e-01,1.208564192056655884e-01,8.007833361625671387e-02,6.708317995071411133e-02,1.266378462314605713e-01,-1.364845633506774902e+00,7.076873183250427246e-01,5.001437291502952576e-02,-2.723186910152435303e-01,9.409486055374145508e-01
1.775906562805175781e+00,8.039808869361877441e-01,9.626634716987609863e-01,1.761338114738464355e+00,1.351852774620056152e+00,1.177849888801574707e+00,9.510395526885986328e-01,2.332229852676391602e+00,1.320802688598632812e+00,1.291853666305541992e+00,9.195188879966735840e-01,4.238727390766143799e-01,1.611398458480834961e+00,7.420470118522644043e-01,9.414057135581970215e-01,4.786782264709472656e-01,1.544628739356994629e+00,1.100784540176391602e+00,4.121408164501190186e-01,3.607032597064971924e-01
8.082776665687561035e-01,5.899938344955444336e-01,-9.832423925399780273e-01,-5.748267769813537598e-01,-3.752772510051727295e-01,4.126572310924530029e-01,3.152097761631011963e-01,1.258849263191223145e+00,1.077450752258300781e+00,3.876340687274932861e-01,2.918175756931304932e-01,7.838791012763977051e-01,4.827038347721099854e-01,4.818520545959472656e-01,4.818223714828491211e-01,-5.395551919937133789e-01,-2.709455490112304688e-01,7.692123055458068848e-01,-2.163510769605636597e-01,-1.369649777188897133e-03
3.777361214160919189e-01,9.195951819419860840e-01,1.215130209922790527e+00,4.049907028675079346e-01,-5.786759257316589355e-01,-4.177161306142807007e-02,4.245585799217224121e-01,1.044593691825866699e+00,1.869859576225280762e+00,-9.350019693374633789e-01,8.946992158889770508e-01,8.883948326110839844e-01,5.247461199760437012e-01,-9.700098633766174316e-02,-2.964498400688171387e-01,-3.494718670845031738e-01,8.927980810403823853e-02,-6.502112746238708496e-02,1.779001832008361816e+00,2.851031422615051270e-01
-4.132364094257354736e-01,-1.613519340753555298e-01,-1.042732477188110352e+00,-4.624667763710021973e-01,6.651500463485717773e-01,-9.649151563644409180e-01,-4.387904703617095947e-01,5.194349288940429688e-01,-8.899443745613098145e-01,1.200438216328620911e-01,-4.002560973167419434e-01,3.210833966732025146e-01,-8.485566377639770508e-01,-1.873169988393783569e-01,1.552262692712247372e-03,-1.575829088687896729e-01,-3.660397827625274658e-01,-6.948570013046264648e-01,2.639309167861938477e-01,1.673046052455902100e-01
-9.536470770835876465e-01,4.406288266181945801e-02,-7.463464140892028809e-01,-1.150411441922187805e-01,1.824915111064910889e-01,-6.449898481369018555e-01,-1.094748497009277344e+00,-2.416445910930633545e-01,4.229380190372467041e-01,-9.576768279075622559e-01,2.030828297138214111e-01,2.660380303859710693e-01,8.690986037254333496e-01,-1.141970828175544739e-01,3.314194381237030029e-01,-7.339467108249664307e-02,-3.178720176219940186e-01,1.070705771446228027e+00,3.151220977306365967e-01,2.433822751045227051e-01
2.979497015476226807e-01,-8.939439058303833008e-01,9.853599667549133301e-01,-1.060131311416625977e+00,-1.228311061859130859e+00,-9.628116488456726074e-01,-3.570595383644104004e-01,-2.248824536800384521e-01,2.601260840892791748e-01,-1.502133369445800781e+00,-3.773174583911895752e-01,-1.295766472816467285e+00,-1.987306326627731323e-01,-1.741267442703247070e+00,-2.272419691085815430e+00,-8.078432679176330566e-01,-5.097233057022094727e-01,4.853127002716064453e-01,-4.552884399890899658e-01,-4.311057925224304199e-01
-9.865086674690246582e-01,-9.929486513137817383e-01,-1.155676722526550293e+00,-4.507185518741607666e-01,-1.734536051750183105e+00,-6.246607303619384766e-01,-8.704811334609985352e-01,-8.684865236282348633e-01,-5.136490464210510254e-01,-1.075018405914306641e+00,1.159622907638549805e+00,-2.490108609199523926e-01,-1.591168999671936035e+00,-7.739635109901428223e-01,-2.008227854967117310e-01,7.651860713958740234e-01,-5.758361220359802246e-01,-1.251415967941284180e+00,-1.059169769287109375e+00,-7.224002480506896973e-01
1.930365860462188721e-01,-4.628613293170928955e-01,-6.665703654289245605e-01,-2.762205526232719421e-02,1.539978682994842529e-01,-3.958998620510101318e-01,3.465746045112609863e-01,-2.005510181188583374e-01,2.268621206283569336e+00,1.432365477085113525e-01,-1.039125680923461914e+00,7.032604813575744629e-01,1.639570444822311401e-01,-1.019557476043701172e+00,-3.648364245891571045e-01,-7.458500862121582031e-01,5.033449530601501465e-01,-4.905220270156860352e-01,-3.177512586116790771e-01,-8.195194005966186523e-01
-7.570400238037109375e-01,-3.267489373683929443e-01,-6.756569743156433105e-01,-8.283883929252624512e-01,-4.943057298660278320e-01,-8.133199810981750488e-01,-1.483692288398742676e+00,-4.394581019878387451e-01,-6.862035989761352539e-01,-4.921652972698211670e-01,-1.005047917366027832e+00,9.741572290658950806e-02,-1.140045881271362305e+00,-1.437136650085449219e+00,-2.052078247070312500e+00,-9.268775582313537598e-01,-1.918732762336730957e+00,-1.957360386848449707e+00,-2.528942346572875977e+00,-7.403321266174316406e-01
9.823142290115356445e-01,5.881868600845336914e-01,-9.344471991062164307e-02,6.562325358390808105e-01,-5.368567705154418945e-01,8.892518877983093262e-01,-2.087609916925430298e-01,-7.705858349800109863e-02,4.209790527820587158e-01,4.242924153804779053e-01,-4.066679179668426514e-01,2.604236602783203125e-01,4.130206108093261719e-01,6.137815117835998535e-01,-3.797865211963653564e-01,4.760303795337677002e-01,1.531470417976379395e+00,8.897057175636291504e-01,-3.256658017635345459e-01,4.151755571365356445e-01
-1.714557051658630371e+00,-7.766894102096557617e-01,7.332845777273178101e-02,-1.868239521980285645e+00,-6.835883259773254395e-01,-6.920106410980224609e-01,-4.283092021942138672e-01,-9.264506697654724121e-01,-1.377227663993835449e+00,-1.055400729179382324e+00,-1.691198945045471191e-01,-9.914727210998535156e-01,-6.125084757804870605e-01,-1.834568262100219727e+00,-4.307857453823089600e-01,-9.078586101531982422e-01,-3.818091154098510742e-01,-1.402920722961425781e+00,-1.675618529319763184e+00,-8.406124114990234375e-01
-1.843642473220825195e+00,-1.005497574806213379e+00,-2.207521438598632812e+00,-7.431474924087524414e-01,-1.802892923355102539e+00,-1.466501832008361816e+00,-1.172726869583129883e+00,-1.002864360809326172e+00,-1.715235710144042969e+00,-1.815301299095153809e+00,-2.641110420227050781e+00,-1.088461637496948242e+00,-1.098611712455749512e+00,-1.205544829368591309e+00,-1.217085838317871094e+00,-9.785048365592956543e-01,-1.752714037895202637e+00,-8.843709826469421387e-01,-1.799061179161071777e+00,-2.180094003677368164e+00
1.716546416282653809e-01,-2.901003360748291016e-01,3.515899479389190674e-01,3.477293550968170166e-01,6.090502813458442688e-02,-3.949583768844604492e-01,1.003957152366638184e+00,4.052332043647766113e-01,6.081971526145935059e-01,1.325635015964508057e-01,2.226617634296417236e-01,8.387909531593322754e-01,-1.058511137962341309e-01,2.211673259735107422e-01,-1.040329575538635254e+00,5.237819552421569824e-01,4.438951015472412109e-01,8.960291743278503418e-02,1.118751525878906250e+00,1.981953978538513184e-01
2.883884608745574951e-01,1.922682523727416992e-01,-1.088124752044677734e+00,2.977693378925323486e-01,-3.674294948577880859e-01,-4.631402194499969482e-01,2.494818687438964844e+00,2.642621695995330811e-01,-1.170576140284538269e-01,-1.285292148590087891e+00,-6.954326480627059937e-02,1.804033517837524414e-01,-8.717952966690063477e-01,2.938671708106994629e-01,-4.167814850807189941e-01,-1.029509380459785461e-01,-4.453426897525787354e-01,1.651616841554641724e-01,4.654124975204467773e-01,-6.284545063972473145e-01
-2.577289044857025146e-01,8.989202380180358887e-01,4.790847301483154297e-01,-2.617438733577728271e-01,-1.158930778503417969e+00,-3.476994633674621582e-01,2.051424384117126465e-01,5.239986181259155273e-01,8.231008052825927734e-01,-8.058696389198303223e-01,5.583903193473815918e-02,2.953335940837860107e-01,1.681678771972656250e+00,-3.699628412723541260e-01,4.645542800426483154e-01,-3.700790107250213623e-01,3.024340867996215820e-01,3.846811354160308838e-01,-2.130291908979415894e-01,-3.276293873786926270e-01
3.963631093502044678e-01,-1.857632249593734741e-01,1.208750903606414795e-01,4.230595827102661133e-01,8.448804020881652832e-01,-1.717291325330734253e-01,-3.109961748123168945e-01,3.264850974082946777e-01,3.457570970058441162e-01,-9.337391257286071777e-01,4.084141254425048828e-01,-6.513538956642150879e-02,-5.526661276817321777e-01,2.404507696628570557e-01,1.719366550445556641e+00,-1.625186502933502197e-01,-6.603588461875915527e-01,2.009064853191375732e-01,1.011799335479736328e+00,-1.928796321153640747e-01
1.685089468955993652e+00,2.548481822013854980e-01,9.666493535041809082e-01,5.911381244659423828e-01,1.498651355504989624e-01,-7.480741739273071289e-01,2.858400940895080566e-01,3.906010687351226807e-01,-1.322053432464599609e+00,4.981631040573120117e-01,1.200569421052932739e-01,3.904778361320495605e-01,3.843820989131927490e-01,-3.542846441268920898e-01,-2.167994529008865356e-01,-1.503919810056686401e-01,2.847347259521484375e+00,-1.561914831399917603e-01,-6.759072840213775635e-02,3.528463840484619141e-01
2.395462542772293091e-01,-2.550641596317291260e-01,-1.091765403747558594e+00,-9.341081380844116211e-01,-7.230691909790039062e-01,-4.991198480129241943e-01,-9.554659128189086914e-01,-2.860744297504425049e-01,1.122660487890243530e-01,-5.606199502944946289e-01,-1.399408102035522461e+00,-2.659077346324920654e-01,-1.825251698493957520e+00,-7.971020936965942383e-01,-1.739000558853149414e+00,-3.941279947757720947e-01,-1.003508687019348145e+00,-6.198583245277404785e-01,-1.151829123497009277e+00,-9.489087462425231934e-01
3.557159602642059326e-01,-9.133154153823852539e-01,1.288227438926696777e-01,-7.888502478599548340e-01,-1.401830017566680908e-01,5.557616353034973145e-01,-5.718935653567314148e-02,4.747463464736938477e-01,1.423787355422973633e+00,3.198755383491516113e-01,2.163550406694412231e-01,-6.614427566528320312e-01,3.947199881076812744e-01,3.052671551704406738e-01,8.619008064270019531e-01,-8.547752499580383301e-01,-3.243080079555511475e-01,2.136577069759368896e-01,3.502139747142791748e-01,2.780491709709167480e-01
-4.433971345424652100e-01,-1.381808876991271973e+00,-9.593904614448547363e-01,-7.876623272895812988e-01,-2.119548559188842773e+00,-2.869201302528381348e-01,-1.242693305015563965e+00,-2.210149317979812622e-01,1.672200709581375122e-01,-7.109410762786865234e-01,-5.498066544532775879e-01,4.624257562682032585e-04,-9.847459197044372559e-01,-6.879668831825256348e-01,-1.533508062362670898e+00,-8.425369262695312500e-01,-8.473386168479919434e-01,-1.050815820693969727e+00,-1.109650731086730957e+00,-1.764815926551818848e+00
5.852548032999038696e-02,-4.848268032073974609e-01,-4.680837392807006836e-01,-1.104068517684936523e+00,-5.061987042427062988e-01,-8.828054070472717285e-01,-7.777882814407348633e-01,-1.193984985351562500e+00,-1.943401396274566650e-01,-3.971112370491027832e-01,-1.112620234489440918e+00,-4.293162226676940918e-01,-9.619714617729187012e-01,-5.763977766036987305e-01,2.244927883148193359e-01,-9.582283496856689453e-01,-2.763291597366333008e-01,-1.810866475105285645e+00,-3.248121738433837891e-01,1.971458792686462402e-01
1.057250380516052246e+00,3.759567439556121826e-01,9.860612750053405762e-01,-4.284344911575317383e-01,-8.226115107536315918e-01,2.735584080219268799e-01,1.916547566652297974e-01,-1.872344464063644409e-01,1.212517023086547852e+00,4.534374177455902100e-01,-3.056749701499938965e-01,2.499322295188903809e-01,4.635080695152282715e-01,3.649737685918807983e-02,6.866888999938964844e-01,1.208938598632812500e+00,-1.718957722187042236e-01,8.602339029312133789e-01,-1.183021366596221924e-01,4.822910428047180176e-01
-3.397021293640136719e-01,-2.550515532493591309e-01,-2.493169158697128296e-01,-3.301738202571868896e-01,-4.595522284507751465e-01,-1.843510508537292480e+00,-2.631062865257263184e-01,-5.075030326843261719e-01,5.957995653152465820e-01,-3.747142851352691650e-01,4.655528068542480469e-02,-1.029599785804748535e+00,-3.564302623271942139e-01,-1.424201965332031250e+00,1.648980528116226196e-01,-7.111525535583496094e-01,-1.388550996780395508e-01,-8.170837759971618652e-01,-5.306967347860336304e-02,1.850729733705520630e-01
-4.389071762561798096e-01,-9.408162832260131836e-01,-7.573891282081604004e-01,2.248128354549407959e-01,7.247070670127868652e-01,-1.617929637432098389e-01,2.686581313610076904e-01,2.443676143884658813e-01,1.051278710365295410e+00,-4.714492857456207275e-01,9.410871863365173340e-01,7.123165726661682129e-01,9.038489460945129395e-01,-2.402627617120742798e-01,-2.013450115919113159e-01,-4.056832194328308105e-01,3.502470850944519043e-01,-3.726666867733001709e-01,-3.288918435573577881e-01,-1.919150799512863159e-01
-4.878461062908172607e-01,7.543461918830871582e-01,-4.119766652584075928e-01,-1.243296027183532715e+00,-8.489899039268493652e-01,1.039697289466857910e+00,-2.205378532409667969e+00,-1.353684782981872559e+00,-3.614675998687744141e-01,-1.059263825416564941e+00,-2.454668432474136353e-01,-7.525016367435455322e-02,-8.697079420089721680e-01,8.298823237419128418e-01,-1.156990885734558105e+00,-7.411690950393676758e-01,-6.030285358428955078e-01,-8.675895929336547852e-01,-5.394221544265747070e-01,-9.404993057250976562e-01
-2.711130082607269287e-01,-8.223467469215393066e-01,1.530084133148193359e+00,-2.387318611145019531e-01,-3.984852135181427002e-01,-1.274516135454177856e-01,-5.771368145942687988e-01,-3.124991059303283691e-01,-4.066254794597625732e-01,2.832699716091156006e-01,3.065828680992126465e-01,6.085487008094787598e-01,3.464613482356071472e-02,-1.469556093215942383e-01,3.230279982089996338e-01,3.088497221469879150e-01,-1.578486919403076172e+00,-2.552835643291473389e-01,-1.427243113517761230e+00,3.154565095901489258e-01
-7.974437475204467773e-01,-2.006293237209320068e-01,-2.953415811061859131e-01,-2.801178991794586182e-01,7.940781116485595703e-01,-1.661206364631652832e+00,-9.634496569633483887e-01,-6.447698473930358887e-01,-5.513268113136291504e-01,3.401419520378112793e-01,6.631505489349365234e-01,4.828108102083206177e-02,-1.587169617414474487e-01,4.524491429328918457e-01,-5.496267080307006836e-01,-6.718872785568237305e-01,-4.428838193416595459e-01,-5.916578173637390137e-01,-3.036786615848541260e-01,-4.540073499083518982e-02
3.242390751838684082e-01,-3.279484212398529053e-01,-9.139960259199142456e-02,2.474908232688903809e-01,1.871210485696792603e-01,9.755170345306396484e-01,2.482889406383037567e-02,2.534964561462402344e+00,9.949107766151428223e-01,3.009008467197418213e-01,9.851722121238708496e-01,-2.333069294691085815e-01,4.641784429550170898e-01,-3.758433461189270020e-02,4.683060348033905029e-01,-5.187908411026000977e-01,4.329522848129272461e-01,9.745936989784240723e-01,-1.942960172891616821e-01,3.258537352085113525e-01
1.525721907615661621e+00,-5.272359251976013184e-01,3.898245990276336670e-01,-2.987277209758758545e-01,-7.715694308280944824e-01,5.674027204513549805e-01,-5.105713009834289551e-01,3.428944945335388184e-01,9.671521782875061035e-01,3.262934088706970215e-01,-7.663513422012329102e-01,-4.425161182880401611e-01,-3.302963078022003174e-01,1.212711408734321594e-01,-7.917147278785705566e-01,1.374436765909194946e-01,-9.781997203826904297e-01,-3.726211786270141602e-01,-1.031163930892944336e+00,-2.631952464580535889e-01
8.439891934394836426e-01,1.597591787576675415e-01,-2.100059995427727699e-03,-1.868487000465393066e-01,-4.030505418777465820e-01,1.352755725383758545e-01,-1.009687900543212891e+00,4.332337379455566406e-01,-1.941177994012832642e-01,-1.419102847576141357e-01,-1.091059565544128418e+00,-3.313372433185577393e-01,6.177005171775817871e-01,3.131367266178131104e-01,1.549722433090209961e+00,-5.113446712493896484e-01,3.258754909038543701e-01,2.632625699043273926e-01,-5.339618325233459473e-01,2.494659125804901123e-01
1.034237742424011230e+00,-7.217772006988525391e-01,3.104610145092010498e-01,3.796990513801574707e-01,-3.627607226371765137e-01,4.623861610889434814e-01,1.000781178474426270e+00,8.171992301940917969e-01,8.044001460075378418e-01,-2.427411377429962158e-01,4.447792470455169678e-01,-2.336774170398712158e-01,-6.281353831291198730e-01,5.462602376937866211e-01,2.630499899387359619e-01,4.290863871574401855e-01,8.800103068351745605e-01,-6.662847399711608887e-01,3.312208950519561768e-01,-2.364642471075057983e-01
1.409684028476476669e-02,8.520846068859100342e-02,3.999776244163513184e-01,5.192559361457824707e-01,3.320900499820709229e-01,9.363988041877746582e-01,2.411403805017471313e-01,2.506296634674072266e-01,5.572888851165771484e-01,1.748145461082458496e+00,1.687475144863128662e-01,8.863711953163146973e-01,9.671449065208435059e-01,1.159208044409751892e-01,-1.422023177146911621e-01,4.141020178794860840e-01,3.518300354480743408e-01,-5.645556002855300903e-02,-8.902930617332458496e-01,9.192636013031005859e-01
-9.206251502037048340e-01,8.762299269437789917e-02,-2.190793603658676147e-01,3.884018212556838989e-02,-4.254096150398254395e-01,-3.289495408535003662e-01,5.844742655754089355e-01,3.016718327999114990e-01,-2.562157250940799713e-02,3.115878105163574219e-01,-1.527419686317443848e+00,8.599052429199218750e-01,1.520800888538360596e-01,-5.441295504570007324e-01,-8.398635983467102051e-01,-3.490135669708251953e-01,5.286704301834106445e-01,-7.103357911109924316e-01,-2.547659538686275482e-02,-4.555796980857849121e-01
-1.171103596687316895e+00,-5.141872763633728027e-01,-4.504565596580505371e-01,-6.424313187599182129e-01,-6.230180263519287109e-01,-4.656513631343841553e-01,-1.599879264831542969e+00,-3.461927473545074463e-01,-7.747704982757568359e-01,-3.311289846897125244e-01,-1.712315559387207031e+00,-8.961470723152160645e-01,-6.800080537796020508e-01,-5.488991737365722656e-01,-6.518007516860961914e-01,-3.179015219211578369e-01,-9.465627670288085938e-01,9.553334116935729980e-02,-1.669171690940856934e+00,-1.057798266410827637e+00
-5.671898722648620605e-01,-3.483778238296508789e-02,2.226988524198532104e-01,-5.058786273002624512e-01,-8.684681653976440430e-01,1.333487499505281448e-02,-1.213407874107360840e+00,-1.472153067588806152e+00,-8.817538022994995117e-01,-1.042995095252990723e+00,-1.220026373863220215e+00,-9.004787802696228027e-01,-1.152481555938720703e+00,-6.702240705490112305e-01,-6.626128554344177246e-01,-1.285426139831542969e+00,-2.540945053100585938e+00,-8.837776780128479004e-01,-1.401586055755615234e+00,-4.037965238094329834e-01
-9.472818970680236816e-01,-1.444248557090759277e+00,-2.322852373123168945e+00,-8.296942114830017090e-01,-1.928787231445312500e-01,-1.264663219451904297e+00,-1.127147912979125977e+00,-8.033413887023925781e-01,-1.864876627922058105e+00,-6.085103154182434082e-01,-1.539507627487182617e+00,-1.281383633613586426e+00,-6.548804640769958496e-01,-1.212390899658203125e+00,1.167686462402343750e+00,-1.435384631156921387e+00,4.221865534782409668e-01,-9.945490956306457520e-01,-1.011994123458862305e+00,-8.560037016868591309e-01
-2.246058434247970581e-01,3.275443315505981445e-01,-3.138872385025024414e-01,-1.861093491315841675e-01,2.959854006767272949e-01,-4.031356275081634521e-01,-9.286254644393920898e-01,1.022383213043212891e+00,-8.440849781036376953e-01,2.589941322803497314e-01,2.576508522033691406e-01,-6.313931345939636230e-01,-1.784688606858253479e-02,1.009042143821716309e+00,2.802861332893371582e-01,9.804736971855163574e-01,-3.692025244235992432e-01,-1.074154257774353027e+00,3.746130466461181641e-01,1.763644511811435223e-03
1.409741491079330444e-01,5.177530273795127869e-02,3.634515106678009033e-01,-1.559772849082946777e+00,6.387035846710205078e-01,8.341877907514572144e-02,6.643111258745193481e-02,2.159378975629806519e-01,1.986884921789169312e-01,-1.763864755630493164e+00,-1.431815139949321747e-02,2.846486568450927734e-01,1.745030134916305542e-01,-3.324329853057861328e-01,-4.190461039543151855e-01,-1.813629508018493652e+00,-3.533903360366821289e-01,2.479160428047180176e-01,-7.275691628456115723e-01,1.731413155794143677e-01
1.150762200355529785e+00,1.043420433998107910e+00,8.358338475227355957e-01,1.055317163467407227e+00,9.591450691223144531e-01,4.978186488151550293e-01,3.683261275291442871e-01,1.167980909347534180e+00,5.610066056251525879e-01,5.512009263038635254e-01,1.822862029075622559e+00,1.639500856399536133e+00,8.996375799179077148e-01,-1.300848007202148438e+00,1.209782719612121582e+00,4.767849147319793701e-01,9.403018951416015625e-01,1.246792316436767578e+00,1.217162847518920898e+00,1.066097617149353027e+00
1.011283159255981445e+00,1.700089931488037109e+00,1.886739879846572876e-01,1.614467501640319824e+00,-7.093252986669540405e-02,1.643403768539428711e+00,3.628267645835876465e-01,3.649232685565948486e-01,1.802107453346252441e+00,-9.189147949218750000e-01,3.780012130737304688e-01,4.743635654449462891e-02,5.061273574829101562e-01,4.077675640583038330e-01,6.720771789550781250e-01,-2.158947288990020752e-01,1.246798396110534668e+00,1.270550131797790527e+00,2.185795605182647705e-01,5.986770391464233398e-01
1.428449749946594238e-01,9.017156362533569336e-01,-6.616116762161254883e-01,5.348446369171142578e-01,7.166686654090881348e-01,-7.676360607147216797e-01,1.104045957326889038e-01,-6.428325772285461426e-01,2.003287822008132935e-01,2.020862102508544922e-01,1.456454277038574219e+00,8.924567103385925293e-01,9.333372712135314941e-01,-7.086055278778076172e-01,8.848535418510437012e-01,1.185057461261749268e-01,-2.326644510030746460e-01,-8.819923996925354004e-01,1.409513205289840698e-01,-9.182111173868179321e-02
-2.670855224132537842e-01,-1.208035826683044434e+00,-8.805825114250183105e-01,-6.099003553390502930e-01,7.478705793619155884e-02,-2.712746858596801758e+00,-5.783047676086425781e-01,-8.256796002388000488e-01,-3.947960734367370605e-01,-2.823837518692016602e+00,-1.383910059928894043e+00,-4.447636902332305908e-01,-4.958887100219726562e-01,-1.375204682350158691e+00,-6.993834972381591797e-01,-4.743477404117584229e-01,-6.878334879875183105e-01,-4.024611413478851318e-01,7.261755317449569702e-02,-5.194364786148071289e-01
3.850930035114288330e-01,-3.479348123073577881e-01,5.737818479537963867e-01,-1.693890802562236786e-02,-1.942337453365325928e-01,-2.499371916055679321e-01,-6.894261240959167480e-01,-1.030910253524780273e+00,7.131816148757934570e-01,2.964573204517364502e-01,1.445370316505432129e+00,2.312989681959152222e-01,4.368266165256500244e-01,8.002280592918395996e-01,3.448757231235504150e-01,-4.490847289562225342e-01,8.858120441436767578e-01,-1.248572587966918945e+00,-1.252997040748596191e+00,-1.599933505058288574e-01
-1.077623844146728516e+00,-1.696879029273986816e+00,-1.829179525375366211e+00,-1.158622205257415771e-01,9.259062409400939941e-01,-7.405920028686523438e-01,-5.606263279914855957e-01,-5.156378746032714844e-01,-4.597283005714416504e-01,-1.607780337333679199e+00,-1.021752595901489258e+00,-4.436752796173095703e-01,-1.175415873527526855e+00,-1.283494353294372559e+00,1.117141991853713989e-01,-1.606037497520446777e+00,-1.112039923667907715e+00,-2.635789215564727783e-01,-1.050951123237609863e+00,-6.312179565429687500e-01
-3.921200633049011230e-01,2.784109115600585938e-01,3.972224295139312744e-01,1.450029611587524414e-01,2.804240286350250244e-01,-8.897764980792999268e-02,-1.343671381473541260e-01,1.553285956382751465e+00,5.057597756385803223e-01,3.643109798431396484e-01,1.101644754409790039e+00,8.584727644920349121e-01,-4.011495709419250488e-01,5.664728283882141113e-01,1.140184640884399414e+00,6.714984774589538574e-02,1.002925992012023926e+00,8.090355992317199707e-01,5.321629047393798828e-01,-1.611274629831314087e-01
4.171905815601348877e-01,4.907357692718505859e-01,1.110394597053527832e+00,-4.478279650211334229e-01,-3.619915843009948730e-01,1.139943599700927734e+00,-1.122287362813949585e-01,2.116448581218719482e-01,1.745215177536010742e+00,-2.158048301935195923e-01,9.932174086570739746e-01,5.897572636604309082e-02,8.966045379638671875e-01,3.933309912681579590e-01,5.639777779579162598e-01,-4.459026455879211426e-01,2.530150115489959717e-01,-3.436663746833801270e-01,-8.106772899627685547e-01,1.664504110813140869e-01
-2.210161089897155762e-01,-3.120858371257781982e-01,-8.283891081809997559e-01,4.079341590404510498e-01,9.292027950286865234e-01,-3.658075034618377686e-01,-8.790935277938842773e-01,-3.544551134109497070e-01,-1.651059538125991821e-01,2.617386579513549805e-01,-2.849640548229217529e-01,5.430391523987054825e-03,3.409959971904754639e-01,-9.414029717445373535e-01,-3.472439944744110107e-01,1.557376623153686523e+00,2.429983764886856079e-01,1.812913268804550171e-02,-1.043897986412048340e+00,-2.802493870258331299e-01
-5.826897919178009033e-02,-4.534524977207183838e-01,-7.769197225570678711e-01,2.375586330890655518e-01,7.365487813949584961e-01,5.002047419548034668e-01,3.370994627475738525e-01,3.176316320896148682e-01,-3.958694040775299072e-01,1.229446306824684143e-01,8.636661171913146973e-01,3.131930530071258545e-01,2.914254665374755859e-01,-2.422226667404174805e-01,-5.766805261373519897e-02,2.507701218128204346e-01,1.889083832502365112e-01,3.249263167381286621e-01,-3.334226310253143311e-01,2.269151449203491211e+00
-1.849042475223541260e-01,-1.423493981361389160e+00,5.632296204566955566e-01,-1.602089554071426392e-01,-1.540588885545730591e-01,3.945205211639404297e-01,7.483134269714355469e-01,-6.671514362096786499e-02,6.254994273185729980e-01,3.623100519180297852e-01,-1.004888892173767090e+00,-9.107639789581298828e-01,1.456333249807357788e-01,2.750080525875091553e-01,1.486617773771286011e-01,4.590951800346374512e-01,1.147583127021789551e+00,-6.348335742950439453e-01,-2.543824315071105957e-01,8.444617390632629395e-01
-2.719392299652099609e+00,-7.036031484603881836e-01,-6.894902326166629791e-04,2.043047398328781128e-01,-1.623997688293457031e+00,-9.002367258071899414e-01,-9.710849523544311523e-01,-3.181556165218353271e-01,-1.329310685396194458e-01,-4.380146265029907227e-01,3.421858847141265869e-01,-1.419385522603988647e-01,-4.226369857788085938e-01,-3.267309069633483887e-01,-1.468614459037780762e+00,-7.486689090728759766e-01,-1.058881878852844238e+00,-6.555406749248504639e-02,-7.522278428077697754e-01,-6.864045858383178711e-01
-5.106622576713562012e-01,-1.473847180604934692e-01,5.240977406501770020e-01,9.427975416183471680e-01,-2.039235234260559082e-01,-2.278907410800457001e-02,2.839773297309875488e-01,1.054356336593627930e+00,9.932010769844055176e-01,-1.693042516708374023e-01,9.514096379280090332e-01,1.750676751136779785e+00,4.406362473964691162e-01,7.678798586130142212e-02,1.270617365837097168e+00,1.081269621849060059e+00,-8.894883394241333008e-01,1.002757906913757324e+00,1.034531831741333008e+00,-1.002396047115325928e-01
7.189588546752929688e-01,1.130726337432861328e+00,5.395619869232177734e-01,2.655503153800964355e-01,1.936557531356811523e+00,1.041158318519592285e+00,7.251443862915039062e-01,8.118848204612731934e-01,6.489433646202087402e-01,-7.397463917732238770e-01,1.216458559036254883e+00,3.015213906764984131e-01,6.333127021789550781e-01,6.244705915451049805e-01,7.769762873649597168e-01,6.740798056125640869e-02,7.034007906913757324e-01,8.700452446937561035e-01,5.594897866249084473e-01,4.319190382957458496e-01
-4.462277591228485107e-01,-1.252165794372558594e+00,-5.081035494804382324e-01,-2.090247869491577148e+00,-1.287858724594116211e+00,-1.070755481719970703e+00,-7.236856818199157715e-01,-2.930539608001708984e+00,-3.179280459880828857e-01,-1.207632780075073242e+00,2.098638564348220825e-01,-1.283448219299316406e+00,-8.459967970848083496e-01,-2.799336433410644531e+00,-1.196185797452926636e-01,-5.210720896720886230e-01,-5.630987286567687988e-01,-7.880178093910217285e-01,-5.777180194854736328e-01,-4.572804644703865051e-02
2.019329786300659180e+00,4.645453393459320068e-01,4.256006181240081787e-01,1.486011892557144165e-01,4.499255418777465820e-01,4.197429716587066650e-01,4.112131297588348389e-01,-5.128333568572998047e-01,1.389681577682495117e+00,-1.449956148862838745e-01,1.034030079841613770e+00,5.185671448707580566e-01,-6.822708249092102051e-01,6.454092860221862793e-01,4.814454317092895508e-01,5.876477956771850586e-01,5.905370712280273438e-01,8.265440165996551514e-02,3.758882284164428711e-01,4.625808298587799072e-01
1.874238133430480957e+00,-3.086323142051696777e-01,-6.040963530540466309e-01,4.615784287452697754e-01,-1.079851835966110229e-01,-4.192171096801757812e-01,1.081799268722534180e+00,2.434935271739959717e-01,5.084323287010192871e-01,2.662854194641113281e-01,-6.311423610895872116e-03,3.542021512985229492e-01,1.709502786397933960e-01,3.374689817428588867e-01,1.362139225006103516e+00,-2.526639401912689209e-01,1.659302353858947754e+00,-3.410735726356506348e-01,3.798339366912841797e-01,9.484142661094665527e-01
-1.047671318054199219e+00,2.122865617275238037e-01,-4.750834107398986816e-01,-8.385002017021179199e-01,-2.565020918846130371e-01,8.421463966369628906e-01,1.448400765657424927e-01,3.332670032978057861e-01,-2.091295123100280762e-01,-2.443133443593978882e-01,-2.112955898046493530e-01,2.531181871891021729e-01,-3.956140577793121338e-01,-2.273137331008911133e+00,9.635912179946899414e-01,-2.608247995376586914e-01,-4.974959045648574829e-02,-2.102264314889907837e-01,-9.546048194169998169e-02,6.235350370407104492e-01
-9.633103013038635254e-01,-3.622106909751892090e-01,-9.198551774024963379e-01,-7.369408607482910156e-01,7.050974369049072266e-01,-2.754959166049957275e-01,-3.593804240226745605e-01,-6.739497184753417969e-01,2.402036190032958984e-01,7.461465001106262207e-01,-3.709597885608673096e-01,-6.324346065521240234e-01,-2.447110414505004883e+00,-5.188681483268737793e-01,-1.040404915809631348e+00,-2.871749103069305420e-01,-4.348747432231903076e-01,2.172956615686416626e-01,2.364593297243118286e-01,-9.147143363952636719e-01
-2.595011591911315918e-01,1.823477149009704590e-01,4.693796038627624512e-01,-1.085770130157470703e-01,2.828298330307006836e+00,-8.571627736091613770e-01,-9.782243520021438599e-02,-1.513547152280807495e-01,-7.315949350595474243e-02,-2.251362204551696777e-01,3.335801661014556885e-01,-4.318769648671150208e-02,-3.056402206420898438e-01,-9.208419322967529297e-01,-4.475207030773162842e-01,-2.318502068519592285e-01,-1.394182801246643066e+00,3.551650047302246094e-02,-2.281338453292846680e+00,-2.261574715375900269e-01
3.138697445392608643e-01,5.076537132263183594e-01,-4.930193126201629639e-01,2.538187503814697266e-01,-1.045597076416015625e+00,-8.529213070869445801e-01,3.465422689914703369e-01,1.031006217002868652e+00,-2.594373226165771484e-01,-2.071042358875274658e-01,-2.888289690017700195e-01,2.075768113136291504e-01,1.901029348373413086e-01,-3.328524231910705566e-01,-2.213833779096603394e-01,3.962103128433227539e-01,-8.912108093500137329e-02,8.264997601509094238e-01,1.035026431083679199e+00,-1.887943446636199951e-01
1.065259575843811035e+00,1.036599993705749512e+00,1.312035441398620605e+00,1.118535518646240234e+00,3.092712759971618652e-01,9.536514878273010254e-01,3.201078772544860840e-01,1.216520667076110840e+00,7.166457772254943848e-01,1.056377887725830078e+00,1.152290940284729004e+00,1.462831854820251465e+00,9.869416356086730957e-01,9.495226144790649414e-01,3.799145221710205078e-01,1.331572175025939941e+00,1.269367933273315430e+00,1.687351346015930176e+00,8.526232093572616577e-02,1.504263430833816528e-01
3.526359498500823975e-01,6.100363731384277344e-01,9.818315505981445312e-01,1.004109621047973633e+00,-1.133374452590942383e+00,1.883641719818115234e+00,7.734377980232238770e-01,1.150255918502807617e+00,8.621278405189514160e-01,1.599321126937866211e+00,9.337294697761535645e-01,1.436977982521057129e+00,8.593380451202392578e-01,1.434536457061767578e+00,5.237864851951599121e-01,8.705725669860839844e-01,2.040252685546875000e+00,4.695878624916076660e-01,1.059972405433654785e+00,1.230443596839904785e+00
1.540446043014526367e+00,1.483624130487442017e-01,-7.665075659751892090e-01,-2.356717437505722046e-01,1.719804048538208008e+00,5.069877505302429199e-01,-2.932790517807006836e+00,8.003740310668945312e-01,-2.118405401706695557e-01,-2.448772452771663666e-02,9.219888597726821899e-02,-4.651695787906646729e-01,-3.548675030469894409e-02,1.958540529012680054e-01,1.490461707115173340e+00,1.354275345802307129e-01,-3.524959385395050049e-01,-3.314142227172851562e-01,-1.923604458570480347e-01,2.095804959535598755e-01
2.430457770824432373e-01,-3.956809639930725098e-01,-1.039748311042785645e+00,3.279177546501159668e-01,2.024876475334167480e-01,2.226014435291290283e-01,6.669167280197143555e-01,1.078623682260513306e-01,-3.725085854530334473e-01,-3.503818213939666748e-01,-1.584159135818481445e+00,-3.513861596584320068e-01,-8.978781104087829590e-01,-7.338542025536298752e-03,-9.595864415168762207e-01,6.897374391555786133e-01,2.210125178098678589e-01,1.931362301111221313e-01,-1.017792701721191406e+00,4.145022109150886536e-02
4.593206942081451416e-01,2.208047658205032349e-01,9.143841266632080078e-01,1.133516788482666016e+00,3.541024625301361084e-01,6.184291839599609375e-01,5.654876232147216797e-01,8.878425955772399902e-01,-8.325012922286987305e-01,-1.726001799106597900e-01,8.279445171356201172e-01,1.107152402400970459e-01,5.468292832374572754e-01,-1.611686050891876221e-01,-1.826924234628677368e-01,-3.778782188892364502e-01,9.539617300033569336e-01,9.254140257835388184e-01,3.256171569228172302e-02,4.021027982234954834e-01
-2.978399693965911865e-01,-1.087993025779724121e+00,-1.073071002960205078e+00,8.317404240369796753e-02,-2.683221697807312012e-01,-8.292449116706848145e-01,1.195885658264160156e+00,-3.318056166172027588e-01,-1.810244083404541016e+00,-9.210864901542663574e-01,8.978475928306579590e-01,-9.305334649980068207e-03,-1.096175670623779297e+00,7.956126928329467773e-01,-3.928030133247375488e-01,-9.861971139907836914e-01,-2.185205519199371338e-01,-2.215076684951782227e-01,-1.642795443534851074e+00,-2.683079540729522705e-01
-2.527588605880737305e-01,2.976666390895843506e-01,1.989244669675827026e-01,3.860870003700256348e-01,3.026846647262573242e-01,3.520625829696655273e-01,2.722430229187011719e-01,-2.694506347179412842e-01,-5.098840594291687012e-01,1.572717785835266113e+00,1.572721004486083984e+00,7.188573479652404785e-01,8.468160629272460938e-01,1.004455566406250000e+00,-8.707846403121948242e-01,-1.552489101886749268e-01,7.004075646400451660e-01,9.199488759040832520e-01,-2.594677805900573730e-01,4.459664225578308105e-01
-1.752701163291931152e+00,4.480841383337974548e-02,-5.740410685539245605e-01,-9.438338279724121094e-01,-4.629501700401306152e-01,-1.109468102455139160e+00,-9.370309114456176758e-01,-1.057124584913253784e-01,-9.248093962669372559e-01,-8.512003421783447266e-01,-2.205503702163696289e+00,-1.006685495376586914e+00,-1.377575755119323730e+00,-5.539914369583129883e-01,-8.940831571817398071e-02,1.241078078746795654e-01,-9.243757724761962891e-01,-6.239258050918579102e-01,-1.532633781433105469e+00,-7.643802165985107422e-01
-1.679362893104553223e+00,-4.080742597579956055e-01,-2.969172954559326172e+00,-6.689758300781250000e-01,-2.561825990676879883e+00,-9.262846112251281738e-01,-1.021392583847045898e+00,-2.841493785381317139e-01,-5.248850584030151367e-01,-1.146415710449218750e+00,2.117742598056793213e-02,-2.311683297157287598e-01,1.551898382604122162e-02,-7.491483092308044434e-01,-1.364479660987854004e+00,-4.734382033348083496e-01,-2.828282117843627930e+00,-4.423415660858154297e-01,-1.390483856201171875e+00,-9.493600130081176758e-01
-1.491584420204162598e+00,-9.476189613342285156e-01,-2.773497998714447021e-01,-2.533414363861083984e-01,2.649206221103668213e-01,-4.144901037216186523e-01,-1.030694603919982910e+00,3.540555238723754883e-01,-1.314496248960494995e-01,5.087723955512046814e-02,3.190441429615020752e-01,-6.712864637374877930e-01,1.338420987129211426e+00,-9.073317050933837891e-01,-2.781162261962890625e-01,-8.508445024490356445e-01,1.367835402488708496e+00,-4.380620718002319336e-01,-1.031029343605041504e+00,2.154841125011444092e-01
-2.163360357284545898e+00,-2.641113996505737305e-01,-9.963180422782897949e-01,-5.164236426353454590e-01,-9.779162704944610596e-02,-9.942136406898498535e-01,-4.835476577281951904e-01,-5.651833415031433105e-01,-1.176785707473754883e+00,-1.359874010086059570e+00,4.672835171222686768e-01,-5.523744225502014160e-01,-5.051109790802001953e-01,-8.036441206932067871e-01,-6.384997963905334473e-01,-9.908825755119323730e-01,-1.828981995582580566e+00,-1.063580632209777832e+00,-1.098482489585876465e+00,-2.643288969993591309e-01
-5.267192125320434570e-01,-9.831057786941528320e-01,-7.263211607933044434e-01,-9.589148759841918945e-01,-4.960339665412902832e-01,1.780804038047790527e+00,-8.062851428985595703e-01,2.154939770698547363e-01,2.883466482162475586e-01,8.436561226844787598e-01,-3.142041563987731934e-01,-6.393383741378784180e-01,-4.365952908992767334e-01,-2.339460611343383789e+00,3.223720490932464600e-01,-2.401811480522155762e-01,-4.216540455818176270e-01,-3.340979516506195068e-01,1.008083462715148926e+00,-3.148794174194335938e-01
9.489124417304992676e-01,1.333704471588134766e+00,1.903250217437744141e+00,1.353213667869567871e+00,2.224406480789184570e+00,8.779491782188415527e-01,1.831927061080932617e+00,2.306572198867797852e+00,9.460411071777343750e-01,1.846384167671203613e+00,2.924267292022705078e+00,1.551366329193115234e+00,2.774863004684448242e+00,1.696971416473388672e+00,1.421632289886474609e+00,1.254848361015319824e+00,1.583339691162109375e+00,1.192324042320251465e+00,2.959776639938354492e+00,1.493374228477478027e+00
-1.824727058410644531e+00,-1.271585106849670410e+00,-1.628169894218444824e+00,-8.318393230438232422e-01,-1.456712007522583008e+00,-6.131110191345214844e-01,-1.165614485740661621e+00,-6.437579393386840820e-01,-2.184591770172119141e+00,-1.559490084648132324e+00,-1.050073504447937012e+00,-1.055186986923217773e+00,-1.503082633018493652e+00,-1.150638341903686523e+00,-1.834671735763549805e+00,-1.569066762924194336e+00,-6.805606484413146973e-01,-1.288669705390930176e-01,-8.366222381591796875e-01,-1.311990022659301758e+00
2.915759384632110596e-01,8.877630233764648438e-01,-2.966116070747375488e-01,5.424681901931762695e-01,2.715322375297546387e-01,1.136610865592956543e+00,5.566828846931457520e-01,1.565232992172241211e+00,9.586167931556701660e-01,5.296586751937866211e-01,-9.483017027378082275e-03,8.937187492847442627e-02,2.643118239939212799e-02,-1.219567190855741501e-02,-8.595426678657531738e-01,4.192442893981933594e-01,6.375669240951538086e-01,1.460439443588256836e+00,1.955546438694000244e-01,2.276463031768798828e+00
7.609575390815734863e-01,1.763857156038284302e-01,1.608275324106216431e-01,9.672776609659194946e-02,3.558009490370750427e-02,8.530061244964599609e-01,1.162292957305908203e+00,4.822123646736145020e-01,1.171447038650512695e+00,4.453815221786499023e-01,-8.913649916648864746e-01,9.693827629089355469e-01,1.673734068870544434e+00,6.030561327934265137e-01,1.109821796417236328e+00,4.905750751495361328e-01,5.023599863052368164e-01,9.856860637664794922e-01,1.141664028167724609e+00,4.486950337886810303e-01
6.655475497245788574e-01,-1.737180501222610474e-01,9.995894432067871094e-01,1.250726580619812012e-01,-3.298358023166656494e-01,-2.562602162361145020e-01,7.609084844589233398e-01,3.738911747932434082e-01,1.693257838487625122e-01,1.010242924094200134e-01,-1.385654568672180176e+00,1.039944648742675781e+00,3.884021937847137451e-01,-3.079974651336669922e-01,-2.808289043605327606e-02,2.416309595108032227e+00,-8.781322240829467773e-01,1.757010668516159058e-01,-7.977090775966644287e-02,3.468604087829589844e-01
-2.230903863906860352e+00,-5.371025204658508301e-01,-1.195895314216613770e+00,-1.167648792266845703e+00,-5.952001214027404785e-01,-9.127346873283386230e-01,-1.499488949775695801e+00,-5.435490012168884277e-01,-1.454884767532348633e+00,-9.434538483619689941e-01,-1.404018886387348175e-02,-1.451472997665405273e+00,-1.248730897903442383e+00,-7.073842883110046387e-01,-3.363471925258636475e-01,-1.503227233886718750e+00,-9.665463566780090332e-01,-5.666542053222656250e-01,-2.267596244812011719e+00,-1.356538414955139160e+00
1.259611487388610840e+00,3.658032417297363281e-01,1.681459069252014160e+00,1.689418435096740723e+00,8.798698186874389648e-01,1.047525644302368164e+00,8.898712396621704102e-01,1.106005907058715820e+00,-2.319291932508349419e-03,4.193325042724609375e-01,1.502176642417907715e+00,1.550970673561096191e+00,1.103255510330200195e+00,1.052707433700561523e+00,1.539496779441833496e+00,3.472430109977722168e-01,9.796389937400817871e-01,3.407711684703826904e-01,3.541352599859237671e-02,7.117653489112854004e-01
3.970567286014556885e-01,4.429183006286621094e-01,1.552378892898559570e+00,4.427995590958744287e-04,3.795756995677947998e-01,-1.827501654624938965e-01,1.886611133813858032e-01,1.237733602523803711e+00,1.159196257591247559e+00,4.387272894382476807e-01,1.047663092613220215e+00,7.644882798194885254e-01,-1.254258006811141968e-01,-3.782191276550292969e-01,1.248725727200508118e-01,-1.136345937848091125e-01,4.499446153640747070e-01,1.067553877830505371e+00,-7.560189366340637207e-01,6.053901910781860352e-01
4.656547009944915771e-01,-3.131242841482162476e-02,4.776141345500946045e-01,-1.515378896147012711e-02,5.481029748916625977e-01,-1.988190114498138428e-01,-3.810581266880035400e-01,3.317930102348327637e-01,-5.014506578445434570e-01,1.414352655410766602e+00,3.466337025165557861e-01,-3.580568730831146240e-01,1.115402102470397949e+00,-1.844800114631652832e-01,1.653153181076049805e+00,1.049316167831420898e+00,9.510418772697448730e-01,-3.322851955890655518e-01,-7.329816222190856934e-01,1.447438448667526245e-01
7.437855601310729980e-01,6.944865584373474121e-01,4.070208072662353516e-01,1.044139623641967773e+00,5.243183374404907227e-01,1.483802676200866699e+00,2.218074560165405273e+00,1.503921747207641602e+00,2.210597038269042969e+00,9.321597218513488770e-01,1.673118591308593750e+00,8.895938992500305176e-01,2.007608890533447266e+00,1.152547359466552734e+00,1.309591770172119141e+00,1.480928182601928711e+00,9.646874070167541504e-01,1.393576622009277344e+00,8.203730583190917969e-01,1.186632752418518066e+00
1.396314501762390137e-01,8.411046266555786133e-01,2.340999990701675415e-01,4.708632826805114746e-01,8.176203370094299316e-01,2.694814205169677734e-01,1.116837561130523682e-01,9.861456751823425293e-01,-4.787723124027252197e-01,-1.048483252525329590e+00,2.207337617874145508e-01,3.815309330821037292e-02,-2.686615884304046631e-01,1.724984496831893921e-01,1.989513635635375977e-02,-1.609016895294189453e+00,-2.640542089939117432e-01,8.315523862838745117e-01,2.592294514179229736e-01,-1.735098659992218018e-01
-3.898033499717712402e-01,1.233326643705368042e-01,-1.154317498207092285e+00,-9.003949165344238281e-01,2.153097651898860931e-02,1.654607355594635010e-01,-7.020825147628784180e-01,-4.320893883705139160e-01,-1.136143803596496582e+00,-9.443528056144714355e-01,-2.766751348972320557e-01,-2.622764706611633301e-01,-2.875188291072845459e-01,-1.424409627914428711e+00,5.350407958030700684e-01,-3.345140516757965088e-01,7.449144721031188965e-01,-4.818389713764190674e-01,-2.054255962371826172e+00,-5.535154938697814941e-01
