9.325547814369201660e-01,8.914884924888610840e-01,5.228095054626464844e-01,1.456822752952575684e+00,8.770234584808349609e-01,1.998636126518249512e+00,8.600680828094482422e-01,1.980213075876235962e-01,1.764577388763427734e+00,7.525744438171386719e-01,1.092198371887207031e+00,-2.521532773971557617e-02,1.283779621124267578e+00,4.680012762546539307e-01,1.083082318305969238e+00,1.208845376968383789e+00,1.724249005317687988e+00,7.859544157981872559e-01,1.339797139167785645e+00,1.134182572364807129e+00
-4.646600484848022461e-01,-1.976017475128173828e+00,-4.246855378150939941e-01,-6.354683637619018555e-01,-1.020154118537902832e+00,-1.460859894752502441e+00,-1.196518301963806152e+00,-9.491484165191650391e-01,4.207174852490425110e-02,-1.082675933837890625e+00,-8.375568985939025879e-01,-9.576429128646850586e-01,-1.741774827241897583e-01,-6.427488476037979126e-02,-8.351948857307434082e-01,-5.400947332382202148e-01,2.223291397094726562e-01,-1.005374789237976074e+00,-9.455391168594360352e-01,-3.788448870182037354e-01
-9.682151675224304199e-01,-9.010157585144042969e-01,-6.474934816360473633e-01,-1.197887659072875977e+00,-1.792487263679504395e+00,-1.280014872550964355e+00,-1.394607901573181152e+00,-1.397903561592102051e+00,-9.604296088218688965e-01,-1.261323928833007812e+00,-1.569309592247009277e+00,-1.050554394721984863e+00,-7.072048187255859375e-01,-8.272604346275329590e-01,-1.560869455337524414e+00,-1.481981158256530762e+00,-2.696052551269531250e+00,-1.435786843299865723e+00,-2.961477041244506836e+00,-1.528725028038024902e+00
-2.233656793832778931e-01,-5.673770904541015625e-01,3.893654942512512207e-01,-9.809345006942749023e-01,5.740082263946533203e-01,-3.618106245994567871e-01,4.472960531711578369e-01,-9.992994070053100586e-01,2.960673570632934570e-01,-2.985213756561279297e+00,5.249044299125671387e-01,3.484368324279785156e-01,-7.570235524326562881e-03,6.607513129711151123e-02,5.640569925308227539e-01,9.138740301132202148e-01,1.602877825498580933e-01,-8.940802812576293945e-01,-7.237661480903625488e-01,-1.670255884528160095e-02
-1.152286648750305176e+00,-7.065334916114807129e-01,-1.087716817855834961e+00,-1.221518158912658691e+00,-1.010853052139282227e+00,-1.773493289947509766e+00,-1.494588404893875122e-01,-8.145343065261840820e-01,-1.574441075325012207e+00,-1.399685263633728027e+00,-6.472010016441345215e-01,-1.154172420501708984e+00,-2.324209362268447876e-01,-1.063302159309387207e+00,-1.213542580604553223e+00,6.276137828826904297e-01,-1.742242425680160522e-01,-1.081573605537414551e+00,1.968967318534851074e-01,-4.267318546772003174e-01
-1.385503560304641724e-01,3.653139472007751465e-01,-5.523792281746864319e-02,5.342125892639160156e-01,-5.006178617477416992e-01,2.871581614017486572e-01,9.085165858268737793e-01,2.902102470397949219e-01,-1.159018352627754211e-01,-1.975181996822357178e-01,3.595717251300811768e-01,1.110743880271911621e+00,-6.393717527389526367e-01,1.694999098777770996e+00,-2.661429047584533691e-01,6.681043505668640137e-01,2.589542865753173828e-01,-2.304601907730102539e+00,2.170458287000656128e-01,-4.258477985858917236e-01
1.206614851951599121e+00,6.706093549728393555e-01,9.147490262985229492e-01,1.096384406089782715e+00,1.066384673118591309e+00,8.222309947013854980e-01,2.513994693756103516e+00,1.216176509857177734e+00,1.392034053802490234e+00,6.174088120460510254e-01,7.031799554824829102e-01,8.650904297828674316e-01,3.780441582202911377e-01,1.586371660232543945e+00,4.028002917766571045e-01,1.156102180480957031e+00,1.349969506263732910e+00,3.693112432956695557e-01,2.019455671310424805e+00,1.134368658065795898e+00
7.249251008033752441e-01,6.495084762573242188e-01,-1.682785749435424805e+00,8.958425521850585938e-01,-3.510112687945365906e-02,9.599505066871643066e-01,4.467054903507232666e-01,8.791794776916503906e-01,1.250131428241729736e-01,5.742766261100769043e-01,-3.870445191860198975e-01,3.364008665084838867e-01,1.025658965110778809e+00,6.811729073524475098e-01,1.623926877975463867e+00,7.498883605003356934e-01,1.951126337051391602e+00,4.486996233463287354e-01,2.376138687133789062e+00,1.657735943794250488e+00
-4.320797026157379150e-01,-2.143703699111938477e-01,1.660010576248168945e+00,-1.752718538045883179e-01,5.474606156349182129e-01,-5.224037766456604004e-01,-1.183021306991577148e+00,2.456091195344924927e-01,-9.274903535842895508e-01,-2.328703403472900391e-01,-6.125093623995780945e-02,4.247201085090637207e-01,-3.473347425460815430e-01,7.094449400901794434e-01,-2.790403664112091064e-01,1.358084082603454590e-01,2.684785127639770508e-01,8.906968235969543457e-01,1.265908777713775635e-01,5.016200542449951172e-01
-5.014633536338806152e-01,-3.209826946258544922e-01,-7.740910053253173828e-01,-6.430322527885437012e-01,-2.230660021305084229e-01,2.019196301698684692e-01,-6.221676468849182129e-01,2.376437187194824219e-01,4.299001693725585938e-01,4.104025661945343018e-01,-4.205726683139801025e-01,-8.375390768051147461e-01,5.256270170211791992e-01,1.709822863340377808e-01,9.032459855079650879e-01,-4.598359391093254089e-02,-2.321746945381164551e-01,-4.594221413135528564e-01,1.648866176605224609e+00,2.148448824882507324e-01
1.869620084762573242e+00,4.673925638198852539e-01,1.151627779006958008e+00,6.498830318450927734e-01,1.392673373222351074e+00,2.981444001197814941e-01,5.174653530120849609e-01,3.959978818893432617e-01,9.425466060638427734e-01,1.214679852128028870e-01,2.507447004318237305e+00,6.687499880790710449e-01,1.001479506492614746e+00,8.236146569252014160e-01,8.033166527748107910e-01,9.786401987075805664e-01,-8.740382194519042969e-01,8.808339238166809082e-01,-4.812147021293640137e-01,6.468022614717483521e-02
-1.059285640716552734e+00,-1.660953760147094727e+00,-7.946729063987731934e-01,-8.964477479457855225e-02,1.049093365669250488e+00,-6.182988882064819336e-01,-1.010408401489257812e+00,-9.928051829338073730e-01,-2.899828180670738220e-02,-1.196874260902404785e+00,3.476416692137718201e-02,-5.842208266258239746e-01,-4.576573669910430908e-01,-1.236717820167541504e+00,-1.036471247673034668e+00,-1.352702736854553223e+00,-1.375757575035095215e+00,-3.448069691658020020e-01,-2.577306032180786133e-01,-1.018958210945129395e+00
9.242381900548934937e-02,-2.823053598403930664e-01,-3.618607819080352783e-01,4.281605035066604614e-02,-5.726487636566162109e-01,-4.952040016651153564e-01,-5.207912921905517578e-01,5.493691563606262207e-01,-8.454534411430358887e-01,3.504619896411895752e-01,-1.944137215614318848e-01,6.197052001953125000e-01,-4.761348664760589600e-01,4.000881314277648926e-01,1.355602860450744629e+00,-1.033551096916198730e-01,9.477217793464660645e-01,3.424222469329833984e-01,-4.999806880950927734e-01,-1.105830371379852295e-01
7.096454501152038574e-01,1.776286959648132324e+00,3.789548873901367188e-01,6.065714359283447266e-01,-2.440653890371322632e-01,9.455037117004394531e-01,3.838331401348114014e-01,4.126605391502380371e-01,3.803676068782806396e-01,8.232538700103759766e-01,-3.242079615592956543e-01,3.423418700695037842e-01,-3.238928020000457764e-01,3.403090536594390869e-01,7.192448973655700684e-01,1.930819898843765259e-01,9.356707334518432617e-01,-2.745142579078674316e-01,5.708205699920654297e-01,3.429820388555526733e-02
1.075975298881530762e+00,5.195354223251342773e-01,9.793519973754882812e-01,1.519855737686157227e+00,8.310177326202392578e-01,4.608683586120605469e-01,8.416196107864379883e-01,2.961901664733886719e+00,4.044559001922607422e-01,9.755265116691589355e-01,1.239809632301330566e+00,5.379463434219360352e-01,1.023876070976257324e+00,6.674032211303710938e-01,1.255681157112121582e+00,3.630695641040802002e-01,4.949844181537628174e-01,9.007219672203063965e-01,8.782443404197692871e-02,1.239499926567077637e+00
-1.477300286293029785e+00,-3.103317320346832275e-01,-9.192668795585632324e-01,-9.647091031074523926e-01,-1.356751203536987305e+00,-1.089932620525360107e-01,-5.088864564895629883e-01,-8.718976974487304688e-01,-6.951177120208740234e-01,-4.242578521370887756e-02,1.854659318923950195e-01,-9.124542772769927979e-02,-8.363974690437316895e-01,-4.404426515102386475e-01,-4.519670009613037109e-01,1.300021111965179443e-01,-3.800659626722335815e-02,-4.579263627529144287e-01,-1.329802751541137695e+00,3.478259444236755371e-01
1.607247948646545410e+00,2.157530784606933594e-01,1.337599992752075195e+00,3.603560328483581543e-01,8.666194677352905273e-01,7.428830862045288086e-01,1.012176632881164551e+00,-5.190129857510328293e-03,2.295185625553131104e-01,-6.505913734436035156e-01,-4.656183719635009766e-01,3.516225814819335938e-01,8.216406702995300293e-01,4.993672072887420654e-01,-5.623892545700073242e-01,5.908944010734558105e-01,3.235642313957214355e-01,7.486493587493896484e-01,7.243406772613525391e-01,6.317941546440124512e-01
-6.216869354248046875e-01,-8.180260062217712402e-01,2.644121944904327393e-01,-1.854358315467834473e+00,-9.866889715194702148e-01,-2.681434154510498047e+00,-5.784484148025512695e-01,-1.466332674026489258e-01,1.890546232461929321e-01,-1.752896308898925781e+00,-7.660246491432189941e-01,-5.546141266822814941e-01,-1.021493554115295410e+00,-5.974926352500915527e-01,7.286284118890762329e-02,-2.489051669836044312e-01,-4.955745637416839600e-01,-6.099865436553955078e-01,-2.094199508428573608e-01,-1.325614809989929199e+00
-2.158600091934204102e-01,7.707850076258182526e-03,3.641121983528137207e-01,-5.174775123596191406e-01,4.395819306373596191e-01,6.108891218900680542e-02,-1.111997127532958984e+00,1.780360192060470581e-01,-9.959029555320739746e-01,-8.846522569656372070e-01,-1.011303305625915527e+00,-8.446114063262939453e-01,-1.961771249771118164e-01,-9.393790364265441895e-01,-2.180643528699874878e-01,3.242448866367340088e-01,-1.270904302597045898e+00,-8.731397986412048340e-02,-4.354969859123229980e-01,2.351429909467697144e-01
-2.996887266635894775e-01,-4.522745013236999512e-01,2.342580705881118774e-01,-1.893644630908966064e-01,-5.148587226867675781e-01,3.880191147327423096e-01,-1.175507307052612305e+00,1.886096596717834473e-01,-5.127017498016357422e-01,-2.201949954032897949e-01,-6.537941098213195801e-02,3.703003227710723877e-01,6.750097274780273438e-01,-7.121665775775909424e-02,-4.138479232788085938e-01,-3.955218791961669922e-01,-5.863902568817138672e-01,3.225233554840087891e-01,-8.123703002929687500e-01,2.856167852878570557e-01
-4.251392185688018799e-01,7.791824936866760254e-01,1.020724654197692871e+00,2.841361463069915771e-01,-1.117218971252441406e+00,1.035291403532028198e-01,-3.907368779182434082e-01,3.072099387645721436e-01,4.831840693950653076e-01,1.270397782325744629e+00,-3.462164402008056641e-01,3.277855813503265381e-01,2.084279656410217285e-01,-3.324807882308959961e-01,-1.323608517646789551e+00,3.759953081607818604e-01,7.753641158342361450e-02,5.447658300399780273e-01,4.239834547042846680e-01,5.770643949508666992e-01
-1.486290693283081055e+00,-2.193212747573852539e+00,-9.069210886955261230e-01,-1.802936673164367676e+00,-1.529427170753479004e+00,-1.522265553474426270e+00,-2.265686035156250000e+00,-2.828139543533325195e+00,-7.871789932250976562e-01,-1.805682897567749023e+00,-1.180895090103149414e+00,-1.243813395500183105e+00,-2.077573299407958984e+00,-7.397575378417968750e-01,-1.390428423881530762e+00,-1.460126876831054688e+00,-1.059240579605102539e+00,-1.969221234321594238e+00,-1.910416364669799805e+00,-2.242127418518066406e+00
6.778361201286315918e-01,1.146078586578369141e+00,2.942924737930297852e+00,1.220949888229370117e+00,1.233204752206802368e-01,7.022934556007385254e-01,-3.705280274152755737e-02,1.297889828681945801e+00,1.154702305793762207e+00,1.439252257347106934e+00,1.032085776329040527e+00,8.837559819221496582e-01,9.701660275459289551e-01,1.430736541748046875e+00,3.398684263229370117e-01,9.124184846878051758e-01,6.200218796730041504e-01,3.048177063465118408e-01,1.758301377296447754e+00,1.155230641365051270e+00
3.736547529697418213e-01,-5.600765347480773926e-01,-1.483199238777160645e+00,2.937443554401397705e-01,2.702332139015197754e-01,-5.500857830047607422e-01,-6.139004230499267578e-01,-1.368247389793395996e+00,2.634042799472808838e-01,-7.876003384590148926e-01,-4.530906081199645996e-01,-8.989589810371398926e-01,3.495402336120605469e-01,-3.610565066337585449e-01,-2.382703274488449097e-01,9.457111358642578125e-01,-3.221815228462219238e-01,-2.494342029094696045e-01,8.871214836835861206e-02,2.050320655107498169e-01
-4.215361475944519043e-01,-1.164722800254821777e+00,-5.634539723396301270e-01,-1.289705514907836914e+00,-4.931784272193908691e-01,-8.967548012733459473e-01,-1.189168095588684082e+00,3.294563591480255127e-01,6.168743968009948730e-01,-1.349203467369079590e+00,-5.032562613487243652e-01,-5.418462753295898438e-01,-1.052640795707702637e+00,-5.935274958610534668e-01,-1.746823787689208984e+00,-3.175969719886779785e-01,-1.028417348861694336e+00,-6.034988164901733398e-02,-7.025916576385498047e-01,-3.125800192356109619e-01
1.006240129470825195e+00,-1.015525087714195251e-01,4.923438727855682373e-01,2.516479790210723877e-01,9.303800463676452637e-01,-5.250801891088485718e-02,8.898270726203918457e-01,1.738650351762771606e-01,-6.542403101921081543e-01,8.073098063468933105e-01,1.029865741729736328e+00,3.892055153846740723e-01,3.669543564319610596e-01,7.998868823051452637e-01,-2.800350449979305267e-02,4.413117170333862305e-01,1.649842143058776855e+00,5.097005963325500488e-01,1.125557065010070801e+00,9.090812802314758301e-01
-1.626928687095642090e+00,-6.769363880157470703e-01,-1.022601366043090820e+00,-3.790024220943450928e-01,-1.165633872151374817e-01,-6.241555139422416687e-02,-3.088611960411071777e-01,-2.457998096942901611e-01,-2.732485830783843994e-01,-1.001106142997741699e+00,8.388128280639648438e-01,-4.113397300243377686e-01,-7.159283757209777832e-01,-1.825631618499755859e+00,5.738041177392005920e-02,-1.238636612892150879e+00,2.906803041696548462e-02,-9.252327680587768555e-01,-1.226238369941711426e+00,-2.019004106521606445e+00
-8.925314545631408691e-01,-1.989351153373718262e+00,-1.433779835700988770e+00,-8.781472444534301758e-01,-1.063129663467407227e+00,-9.936029314994812012e-01,-2.306479215621948242e+00,-7.242127060890197754e-01,-2.247109651565551758e+00,-1.560608983039855957e+00,-1.605830550193786621e+00,-1.136627793312072754e+00,-1.250031709671020508e+00,-8.541970252990722656e-01,-9.209265708923339844e-01,-8.884240984916687012e-01,-1.455347657203674316e+00,-8.521079421043395996e-01,-7.707394957542419434e-01,-1.251039147377014160e+00
-1.170113533735275269e-01,4.341989457607269287e-01,1.500681400299072266e+00,1.031698942184448242e+00,2.578249871730804443e-01,5.945465564727783203e-01,1.107602000236511230e+00,2.752385139465332031e+00,7.350901365280151367e-01,1.512339591979980469e+00,1.023617863655090332e+00,6.357125937938690186e-02,5.622089505195617676e-01,1.413396716117858887e+00,1.094941735267639160e+00,1.365965008735656738e+00,1.345454812049865723e+00,1.394490003585815430e+00,1.107317924499511719e+00,-8.941175788640975952e-02
-1.435608148574829102e+00,-3.866485059261322021e-01,-9.594970941543579102e-01,-2.381810992956161499e-01,5.313408970832824707e-01,-3.727625906467437744e-01,-2.850109040737152100e-01,1.024427860975265503e-01,-5.533639192581176758e-01,1.176851838827133179e-01,-1.121395468711853027e+00,2.626501023769378662e-01,1.272105097770690918e+00,-6.132056117057800293e-01,-2.689080834388732910e-01,1.694207787513732910e-01,-5.384767055511474609e-01,2.159914225339889526e-01,4.981046319007873535e-01,3.148987889289855957e-01
-3.327914774417877197e-01,-5.478785037994384766e-01,2.945732176303863525e-01,-2.910610437393188477e-01,2.446595579385757446e-02,-6.864750981330871582e-01,8.523350954055786133e-02,-1.312285065650939941e+00,-8.339793086051940918e-01,-9.112296700477600098e-01,-1.075212478637695312e+00,-9.493388533592224121e-01,6.265303120017051697e-03,4.616302549839019775e-01,-1.101577430963516235e-01,-1.589529037475585938e+00,-1.677822917699813843e-01,2.320080101490020752e-01,-2.566585689783096313e-02,-1.693506538867950439e-01
1.926488876342773438e+00,3.675399124622344971e-01,1.038073301315307617e+00,7.093488574028015137e-01,2.016754895448684692e-01,2.175172716379165649e-01,9.713877439498901367e-01,1.438533961772918701e-01,6.706584095954895020e-01,5.747030377388000488e-01,1.211438298225402832e+00,6.862990856170654297e-01,9.210876226425170898e-01,-1.294021029025316238e-02,8.345474600791931152e-01,4.586468636989593506e-01,1.750564724206924438e-01,3.195360004901885986e-01,1.166363954544067383e+00,1.202590584754943848e+00
-1.054926514625549316e+00,5.413460731506347656e-01,-8.304591178894042969e-01,-3.583249747753143311e-01,7.369230389595031738e-01,-2.073116004467010498e-01,-1.065467715263366699e+00,-4.436547756195068359e-01,-4.367947280406951904e-01,-3.492990732192993164e-01,-3.027534186840057373e-01,-1.173274442553520203e-01,-5.029670000076293945e-01,7.061778306961059570e-01,-2.942771315574645996e-01,-7.335934042930603027e-01,1.023050665855407715e+00,4.919979274272918701e-01,2.664853036403656006e-01,1.546835154294967651e-01
-5.993788838386535645e-01,1.114325374364852905e-01,-2.293698787689208984e-01,-5.047534704208374023e-01,3.722456991672515869e-01,1.288732141256332397e-01,-4.862855970859527588e-01,-1.268620967864990234e+00,-1.072252392768859863e+00,5.874265432357788086e-01,-1.311971783638000488e+00,-8.227381110191345215e-01,2.439653575420379639e-01,-5.999618768692016602e-01,-4.619624614715576172e-01,-2.847906649112701416e-01,-7.929821610450744629e-01,-3.782945275306701660e-01,-1.205986812710762024e-01,4.542650282382965088e-01
2.846262753009796143e-01,-2.639732360839843750e-01,-4.723925888538360596e-01,-7.496609687805175781e-01,-1.073371767997741699e+00,2.552925348281860352e-01,-8.367815613746643066e-02,2.653453052043914795e-01,3.423607051372528076e-01,5.193015933036804199e-01,-9.410924911499023438e-01,-6.230627894401550293e-01,-8.277210593223571777e-01,2.452065497636795044e-01,9.924920797348022461e-01,-1.276732385158538818e-01,-3.615891039371490479e-01,1.464934051036834717e-01,-5.640506744384765625e-01,3.845667093992233276e-02
-2.852152585983276367e+00,-2.341935873031616211e+00,-2.533753156661987305e+00,-6.148539781570434570e-01,-1.945190668106079102e+00,-1.447074413299560547e+00,-1.833877205848693848e+00,-1.035280227661132812e+00,-1.027329206466674805e+00,-1.327613592147827148e+00,-2.917041540145874023e+00,-1.615591645240783691e+00,-2.795284509658813477e+00,-1.478946685791015625e+00,-7.136006951332092285e-01,-1.346659898757934570e+00,-1.654286742210388184e+00,-1.468078494071960449e+00,-1.338132143020629883e+00,-1.637584567070007324e+00
-8.749502301216125488e-01,-2.550424635410308838e-01,-4.514788091182708740e-01,-1.372186422348022461e+00,1.018239259719848633e+00,-1.208666563034057617e+00,-6.745187044143676758e-01,-3.036163449287414551e-01,-8.445516228675842285e-03,-2.472039699554443359e+00,2.833621203899383545e-01,-1.283105254173278809e+00,-9.454787373542785645e-01,-8.930137753486633301e-01,-1.690552711486816406e+00,-1.105445265769958496e+00,-5.990533828735351562e-01,-1.585155606269836426e+00,-5.385828018188476562e-01,-1.693495273590087891e+00
-4.270216524600982666e-01,-4.479560256004333496e-01,-7.483952641487121582e-01,2.065099626779556274e-01,2.004214227199554443e-01,1.568255126476287842e-01,4.736616909503936768e-01,3.254819214344024658e-01,2.005367130041122437e-01,6.171283721923828125e-01,1.025952219963073730e+00,1.540439486503601074e+00,2.412008047103881836e+00,1.162384510040283203e+00,1.522667855024337769e-01,2.056456506252288818e-01,3.221150934696197510e-01,4.682309329509735107e-01,6.882970929145812988e-01,-1.898104399442672729e-01
-3.340654671192169189e-01,-6.081749796867370605e-01,3.282735347747802734e-01,-1.162955760955810547e+00,2.365806400775909424e-01,7.542624473571777344e-01,-7.917688488960266113e-01,-5.513695478439331055e-01,-5.024451017379760742e-01,-4.223182201385498047e-01,-3.066646754741668701e-01,-3.652724623680114746e-01,-6.422631740570068359e-01,2.044985294342041016e-01,3.438870906829833984e-01,-2.407455444335937500e+00,-4.083985388278961182e-01,3.222804367542266846e-01,-5.686751008033752441e-01,-1.928389370441436768e-01
8.671052008867263794e-02,9.715588688850402832e-01,3.502407371997833252e-01,-7.324369549751281738e-01,2.996773719787597656e+00,3.280608654022216797e-01,-4.661053419113159180e-01,7.748478055000305176e-01,1.342229008674621582e+00,1.828144043684005737e-01,-3.095857799053192139e-01,7.086569666862487793e-01,4.948680400848388672e-01,4.667554497718811035e-01,-7.456223480403423309e-03,-1.572360396385192871e+00,-3.163129091262817383e-01,1.708414793014526367e+00,9.062275886535644531e-01,3.097694814205169678e-01
2.899793684482574463e-01,-4.479165077209472656e-01,-6.326700448989868164e-01,-5.544432401657104492e-01,-5.011803507804870605e-01,-6.312865018844604492e-01,2.082506120204925537e-01,-6.302490085363388062e-02,-1.102252721786499023e+00,-2.294891923666000366e-01,-5.625440478324890137e-01,-1.044378757476806641e+00,-9.017311930656433105e-01,-2.236200571060180664e-01,1.849206835031509399e-01,-4.784488379955291748e-01,-4.409434199333190918e-01,-2.580532431602478027e-01,-1.839388966560363770e+00,-4.838638007640838623e-01
4.910523444414138794e-02,2.029832839965820312e+00,7.501968741416931152e-01,1.252643942832946777e+00,4.150513410568237305e-01,3.076927959918975830e-01,1.134412765502929688e+00,-3.211032971739768982e-02,1.080029964447021484e+00,2.410812526941299438e-01,1.116252779960632324e+00,9.920448660850524902e-01,1.821279168128967285e+00,5.901982188224792480e-01,8.859174251556396484e-01,5.764410495758056641e-01,-5.087476372718811035e-01,3.279040753841400146e-01,3.324680328369140625e-01,1.371421813964843750e+00
1.416303873062133789e+00,2.324024677276611328e+00,2.319854497909545898e-01,-1.330393552780151367e-01,4.563653171062469482e-01,5.553092956542968750e-01,8.370373249053955078e-01,-1.822936087846755981e-01,8.310934156179428101e-02,-1.089566946029663086e+00,2.689962089061737061e-01,1.273939311504364014e-01,-2.408425360918045044e-01,3.180461823940277100e-01,8.583407998085021973e-01,-1.727599203586578369e-01,-2.317538671195507050e-02,4.883503019809722900e-01,-2.004728317260742188e-01,1.767543792724609375e+00
2.904684066772460938e+00,7.479026317596435547e-01,1.271442174911499023e+00,4.478405117988586426e-01,2.406556718051433563e-02,-1.328378766775131226e-01,1.258886218070983887e+00,7.300441265106201172e-01,2.756354331970214844e+00,6.773481965065002441e-01,1.727990746498107910e+00,3.432357013225555420e-01,9.726303219795227051e-01,1.055774569511413574e+00,1.069867730140686035e+00,9.370383024215698242e-01,-3.670607134699821472e-02,3.772163689136505127e-01,-1.537712931632995605e+00,3.571691811084747314e-01
-4.226056635379791260e-01,-1.666452437639236450e-01,5.065576434135437012e-01,5.808784365653991699e-01,4.936929047107696533e-02,1.747687339782714844e+00,3.713126480579376221e-01,-2.935037948191165924e-02,-2.046618163585662842e-01,5.699888467788696289e-01,8.062480092048645020e-01,1.366804242134094238e+00,1.077031493186950684e+00,6.314923167228698730e-01,1.459760785102844238e+00,2.638692855834960938e-01,-1.369041651487350464e-01,-1.076570823788642883e-01,2.669553160667419434e-01,1.069905996322631836e+00
-1.344533115625381470e-01,-4.589475691318511963e-03,6.524468660354614258e-01,2.426190823316574097e-01,-3.577720224857330322e-01,4.470948874950408936e-01,3.356001675128936768e-01,-9.693900942802429199e-01,-1.058703422546386719e+00,3.851354718208312988e-01,-3.683573603630065918e-01,-1.001058578491210938e+00,3.011197224259376526e-02,1.760120689868927002e-01,-2.788394093513488770e-01,-5.508276820182800293e-01,-4.979212954640388489e-02,6.716117262840270996e-02,4.256157577037811279e-01,-1.496062725782394409e-01
-5.483818650245666504e-01,9.428207874298095703e-01,-7.591605931520462036e-02,-1.751552522182464600e-01,-6.654973626136779785e-01,-4.416967928409576416e-01,1.043528079986572266e+00,-3.559364378452301025e-01,2.167478352785110474e-01,-1.736022084951400757e-01,1.223932728171348572e-01,-8.279057145118713379e-01,-1.448344588279724121e-01,-3.516144752502441406e-01,-8.714319467544555664e-01,-9.634061455726623535e-01,-2.300430297851562500e+00,-1.048682689666748047e+00,-1.060094594955444336e+00,-1.667348742485046387e-01
9.478200078010559082e-01,9.781610965728759766e-01,7.158209085464477539e-01,6.024680137634277344e-01,4.802035391330718994e-01,2.138761430978775024e-02,4.727181494235992432e-01,7.802789807319641113e-01,1.465621232986450195e+00,1.083215355873107910e+00,1.395810842514038086e+00,4.488687217235565186e-01,2.739737927913665771e-01,1.735480546951293945e+00,2.318680286407470703e-01,1.198414087295532227e+00,1.258317947387695312e+00,1.044574499130249023e+00,1.190306901931762695e+00,2.803222537040710449e-01
-6.146754026412963867e-01,-8.805654644966125488e-01,-1.379259467124938965e+00,-4.100795984268188477e-01,-1.048861145973205566e+00,-4.388355910778045654e-01,-1.417792797088623047e+00,-2.078570276498794556e-01,-1.457171678543090820e+00,-1.751808643341064453e+00,7.202019095420837402e-01,-1.152133226394653320e+00,-1.449331879615783691e+00,-3.171134889125823975e-01,-1.254845857620239258e+00,-6.368445158004760742e-01,-1.331421732902526855e+00,-1.258344411849975586e+00,3.317838609218597412e-01,-7.827391028404235840e-01
-2.815940976142883301e-01,2.414967864751815796e-01,6.198979020118713379e-01,5.547378063201904297e-01,1.113266229629516602e+00,4.216697216033935547e-01,-1.196718141436576843e-01,-2.169671505689620972e-01,6.574348807334899902e-01,-7.757227867841720581e-03,2.728138208389282227e+00,7.041615843772888184e-01,-4.468715786933898926e-01,5.749443769454956055e-01,5.991026163101196289e-01,3.111141920089721680e-01,-4.406798258423805237e-02,-1.604372859001159668e-01,2.859229445457458496e-01,7.289690971374511719e-01
1.354243397712707520e+00,1.804120838642120361e-01,-2.445756345987319946e-01,3.542348146438598633e-01,6.938345432281494141e-01,-3.445253074169158936e-01,7.290704250335693359e-01,5.251662731170654297e-01,2.954818308353424072e-01,9.702507853507995605e-01,6.433916687965393066e-01,-7.845589518547058105e-02,8.757334351539611816e-01,4.960230588912963867e-01,2.991041660308837891e+00,3.909259438514709473e-01,1.690364837646484375e+00,1.034284830093383789e-01,-2.657213509082794189e-01,4.557384550571441650e-01
1.861395716667175293e+00,-3.457020819187164307e-01,1.700641155242919922e+00,-3.313565552234649658e-01,4.463549554347991943e-01,6.628081202507019043e-01,1.239115953445434570e+00,2.961134612560272217e-01,6.788297295570373535e-01,-3.399258852005004883e-01,2.733343839645385742e-01,6.759048700332641602e-01,1.655323624610900879e+00,3.049958646297454834e-01,6.447609066963195801e-01,1.381834447383880615e-01,4.458845853805541992e-01,1.389916896820068359e+00,7.331960201263427734e-01,-1.445715278387069702e-01
-1.077135682106018066e+00,1.222063079476356506e-01,3.400161564350128174e-01,-1.691240519285202026e-01,-2.093190550804138184e-01,-7.124010324478149414e-01,-1.302019476890563965e+00,-4.318858087062835693e-01,-1.093627214431762695e+00,-6.132149100303649902e-01,-1.411262512207031250e+00,-3.417610228061676025e-01,-1.942962408065795898e-01,-6.307855248451232910e-01,6.376171112060546875e-01,-2.725217342376708984e-01,-4.289625287055969238e-01,7.422938197851181030e-02,-9.230789542198181152e-01,4.087358713150024414e-01
8.528157323598861694e-02,-4.593195021152496338e-01,1.090829491615295410e+00,1.710774779319763184e+00,-3.367343842983245850e-01,5.611462593078613281e-01,-3.558736443519592285e-01,-3.088817298412322998e-01,3.009650409221649170e-01,-1.822444945573806763e-01,-2.143992781639099121e-01,4.107088744640350342e-01,-8.677313923835754395e-01,7.371770739555358887e-01,-6.640596985816955566e-01,-3.339999914169311523e-02,8.549824357032775879e-01,3.865777850151062012e-01,2.834789752960205078e-01,5.303464531898498535e-01
8.377769589424133301e-01,1.078615665435791016e+00,1.778430342674255371e+00,5.929407477378845215e-01,5.157555937767028809e-01,-2.622799947857856750e-02,7.988047003746032715e-01,1.881120681762695312e+00,7.956120967864990234e-01,5.053619146347045898e-01,1.951128363609313965e+00,6.741205453872680664e-01,1.819229483604431152e+00,1.431980967521667480e+00,1.578618645668029785e+00,8.127766847610473633e-01,5.330597758293151855e-01,4.909336268901824951e-01,1.389782190322875977e+00,1.168857932090759277e+00
1.503983497619628906e+00,9.479369521141052246e-01,1.063789606094360352e+00,1.411254763603210449e+00,5.694556236267089844e-01,6.436063051223754883e-01,1.269805431365966797e+00,1.029816389083862305e+00,1.284560203552246094e+00,-7.992285490036010742e-02,1.829210519790649414e-01,1.014386042952537537e-01,7.750796079635620117e-01,-3.034786581993103027e-01,1.343622684478759766e+00,1.194401979446411133e+00,4.880469441413879395e-01,9.186968803405761719e-01,4.593499600887298584e-01,2.790870666503906250e+00
-1.060189366340637207e+00,-7.824110388755798340e-01,-1.321639299392700195e+00,-3.344867229461669922e-01,4.626685976982116699e-01,-2.741432189941406250e-01,-1.134592413902282715e+00,2.183610796928405762e-01,-2.324427366256713867e+00,-3.899607658386230469e-01,-2.001053541898727417e-01,-5.911399126052856445e-01,-1.319350600242614746e-01,-1.034224748611450195e+00,-5.379809141159057617e-01,2.830041646957397461e-01,-1.069092869758605957e+00,-1.362961828708648682e-01,-4.663279354572296143e-01,-8.717948943376541138e-02
-4.985209703445434570e-01,8.300639986991882324e-01,2.703112363815307617e-01,4.365344066172838211e-03,7.872447371482849121e-01,-4.303094148635864258e-01,4.498841762542724609e-01,1.183183118700981140e-01,-1.259647250175476074e+00,-5.987967252731323242e-01,-3.471679687500000000e-01,3.337210714817047119e-01,2.292664796113967896e-01,-6.418839097023010254e-02,-7.657287120819091797e-01,1.172223448753356934e+00,-5.466220378875732422e-01,2.423020005226135254e-01,-4.843855798244476318e-01,4.062853157520294189e-01
-1.980066776275634766e+00,-1.175840020179748535e+00,-1.042032837867736816e+00,-7.707052230834960938e-01,-2.880896329879760742e+00,-1.507898569107055664e+00,-1.222105979919433594e+00,-3.217794001102447510e-01,-9.398092031478881836e-01,-1.783195614814758301e+00,-5.539538264274597168e-01,-1.293822169303894043e+00,-2.280289888381958008e+00,-1.780771493911743164e+00,-1.429958462715148926e+00,-9.585445523262023926e-01,-1.643560051918029785e+00,-7.503534555435180664e-01,-1.862827897071838379e+00,-1.770912170410156250e+00
1.900166392326354980e+00,7.745920419692993164e-01,-2.721964418888092041e-01,-1.546183824539184570e-01,2.275877445936203003e-01,-2.561733722686767578e-01,-9.285041093826293945e-01,6.048953533172607422e-01,6.066702678799629211e-02,5.675615668296813965e-01,-2.219776995480060577e-02,1.414905786514282227e+00,-3.943734467029571533e-01,-1.563900262117385864e-01,9.207886457443237305e-01,3.793766796588897705e-01,2.972151041030883789e-01,2.098317861557006836e+00,5.119525790214538574e-01,2.309346497058868408e-01
1.262815356254577637e+00,9.575644135475158691e-01,1.538340806961059570e+00,8.331060409545898438e-01,2.487869113683700562e-01,9.391399621963500977e-01,7.289757132530212402e-01,1.012702584266662598e+00,1.807963609695434570e+00,7.450938820838928223e-01,7.664876580238342285e-01,6.467187404632568359e-01,1.109096169471740723e+00,1.119289517402648926e+00,2.092342138290405273e+00,7.255938053131103516e-01,1.595671653747558594e+00,-2.457296252250671387e-01,6.067938208580017090e-01,6.870862841606140137e-01
-2.424443244934082031e+00,-8.628111481666564941e-01,-4.483821988105773926e-01,-1.553436398506164551e+00,-1.529153704643249512e+00,-1.249478459358215332e+00,-3.864469528198242188e-01,-1.055194616317749023e+00,-5.693912506103515625e-01,-1.187811851501464844e+00,-1.299278616905212402e+00,-1.478125572204589844e+00,-1.676765441894531250e+00,-1.991555392742156982e-01,-2.589164376258850098e-01,-1.221229314804077148e+00,-1.341006159782409668e+00,-2.318407773971557617e+00,-1.119094491004943848e+00,-1.007771611213684082e+00
6.169840097427368164e-01,-2.651408128440380096e-02,4.191886782646179199e-01,-2.289703786373138428e-01,2.428151071071624756e-01,3.977394476532936096e-02,3.525935411453247070e-01,-3.728977143764495850e-01,3.553466498851776123e-01,-3.218397796154022217e-01,-3.252477347850799561e-01,-7.606467604637145996e-01,-2.040566354990005493e-01,2.999111115932464600e-01,1.994613856077194214e-01,-8.177010416984558105e-01,-3.520001173019409180e-01,2.017293721437454224e-01,-3.996206820011138916e-01,1.222237050533294678e-01
-4.065103828907012939e-02,2.236948162317276001e-01,8.048993945121765137e-01,4.051696062088012695e-01,-5.806037038564682007e-02,5.936951637268066406e-01,-3.389060730114579201e-03,-2.008608281612396240e-01,5.051060914993286133e-01,-6.965494751930236816e-01,1.598477482795715332e+00,2.284617274999618530e-01,9.794462919235229492e-01,1.043825075030326843e-01,4.695427119731903076e-01,3.824151754379272461e-01,1.024977207183837891e+00,4.761904478073120117e-01,-1.108350276947021484e+00,5.518546700477600098e-01
3.682731389999389648e-01,6.438346505165100098e-01,6.716914176940917969e-01,-2.075309306383132935e-01,4.085401892662048340e-01,1.601914316415786743e-01,2.300756126642227173e-01,4.235604405403137207e-01,2.255728721618652344e+00,4.984461069107055664e-01,-8.451542258262634277e-01,1.811774820089340210e-01,-8.585137128829956055e-02,1.742257177829742432e-01,4.967328608036041260e-01,-1.538346856832504272e-01,-3.770536780357360840e-01,9.410815685987472534e-02,-7.379583716392517090e-01,6.033323407173156738e-01
1.966024786233901978e-01,1.222251892089843750e+00,3.993559181690216064e-01,6.159399151802062988e-01,1.370234414935112000e-02,1.271159291267395020e+00,1.049332618713378906e+00,8.800787329673767090e-01,2.300175905227661133e+00,5.144628286361694336e-01,1.067402958869934082e+00,1.148706197738647461e+00,1.283885911107063293e-02,4.747258424758911133e-01,1.383383393287658691e+00,1.787836551666259766e-01,4.695791006088256836e-01,-4.526859819889068604e-01,1.119291186332702637e+00,1.009523153305053711e+00
-9.466380476951599121e-01,-1.384061694145202637e+00,-3.231250941753387451e-01,3.711024522781372070e-01,-2.398358881473541260e-01,-6.348353624343872070e-02,-4.012509584426879883e-01,8.107147216796875000e-01,3.606621548533439636e-02,6.101615354418754578e-02,9.910456538200378418e-01,1.165617227554321289e+00,7.087222337722778320e-01,7.501207590103149414e-01,-2.486977353692054749e-02,-1.228464618325233459e-01,-6.462786197662353516e-01,3.798727691173553467e-02,-9.622543305158615112e-02,-5.858124494552612305e-01
4.442042112350463867e-01,-6.863614171743392944e-02,1.141020059585571289e+00,-1.499549001455307007e-01,-2.630864381790161133e-01,-9.932216405868530273e-01,6.263671517372131348e-01,7.807256579399108887e-01,4.771845340728759766e-01,-1.794800460338592529e-01,6.438081711530685425e-02,3.810257613658905029e-01,9.277693927288055420e-02,1.173791140317916870e-01,-8.073966950178146362e-02,-9.239686727523803711e-01,-4.955069720745086670e-02,3.674714863300323486e-01,-2.693322300910949707e-01,-1.747069239616394043e+00
-2.455513626337051392e-01,-2.109070122241973877e-01,-3.290046751499176025e-01,-2.617409527301788330e-01,6.144000887870788574e-01,5.851808786392211914e-01,-9.408161044120788574e-02,3.939871788024902344e-01,7.772700786590576172e-01,-9.580864310264587402e-01,9.050408005714416504e-01,4.778658151626586914e-01,5.187397599220275879e-01,1.218185305595397949e+00,7.873877882957458496e-01,-2.570907175540924072e-01,3.813894987106323242e-01,9.009513854980468750e-01,3.695517778396606445e-01,1.547369658946990967e-01
-1.855524539947509766e+00,-1.806638836860656738e+00,-6.421417593955993652e-01,-1.061795830726623535e+00,-3.365893065929412842e-01,-1.189089417457580566e+00,-1.772102117538452148e+00,2.565069794654846191e-01,-8.604409098625183105e-01,9.267311692237854004e-01,-1.989846348762512207e+00,-1.137821078300476074e+00,-1.007185459136962891e+00,-1.376759409904479980e+00,-1.260801672935485840e+00,-5.212695598602294922e-01,-6.444172263145446777e-01,-9.962303042411804199e-01,-9.691977500915527344e-01,-3.301782310009002686e-01
-2.420789450407028198e-01,-1.118983507156372070e+00,-4.004743099212646484e-01,-9.843515157699584961e-01,-6.005600690841674805e-01,-7.348759770393371582e-01,7.587171196937561035e-01,-3.400329947471618652e-01,-2.006465047597885132e-01,-4.545609056949615479e-01,2.002181708812713623e-01,-1.080911636352539062e+00,-8.609260320663452148e-01,-4.763672947883605957e-01,-2.562282383441925049e-01,-2.951076626777648926e-01,-4.947369694709777832e-01,-8.158257603645324707e-01,-9.429324269294738770e-01,4.076781570911407471e-01
1.071302175521850586e+00,-2.553144991397857666e-01,7.143529057502746582e-01,3.395071327686309814e-01,-4.150133430957794189e-01,3.107366524636745453e-02,7.110506892204284668e-01,-9.963601827621459961e-01,-8.158493041992187500e-02,-8.252709507942199707e-01,4.112600982189178467e-01,-4.403831809759140015e-02,1.118613839149475098e+00,-9.358384013175964355e-01,8.849953413009643555e-01,3.373169302940368652e-01,2.891532480716705322e-01,-2.269099950790405273e-01,-2.482070028781890869e-01,-3.933011889457702637e-01
-1.848076581954956055e+00,4.372653737664222717e-02,-4.545286893844604492e-01,-3.006378710269927979e-01,-3.116025030612945557e-01,-1.063866496086120605e+00,-4.810892045497894287e-01,-3.503860533237457275e-01,-5.461505651473999023e-01,-1.046265602111816406e+00,-1.083646297454833984e+00,2.566105499863624573e-02,1.080442741513252258e-01,-3.352336287498474121e-01,-5.126137286424636841e-02,3.114924132823944092e-01,-1.206129431724548340e+00,-9.681398868560791016e-01,-6.570234298706054688e-01,-7.971494793891906738e-01
-1.809421740472316742e-02,-5.480319261550903320e-01,5.711320787668228149e-02,-1.627108216285705566e+00,-1.649056822061538696e-01,-4.496561288833618164e-01,-2.442254424095153809e-01,-8.855006694793701172e-01,-5.333657264709472656e-01,-2.839605212211608887e-01,-1.616726368665695190e-01,-1.642129659652709961e+00,1.618625074625015259e-01,-2.450929641723632812e+00,3.596355020999908447e-01,-3.488531410694122314e-01,-9.789509773254394531e-01,-1.865175180137157440e-02,-5.544330179691314697e-02,1.743161976337432861e-01
-1.533566713333129883e+00,-7.964026927947998047e-01,-1.457328796386718750e+00,-1.560189008712768555e+00,-5.459856390953063965e-01,-1.254728436470031738e+00,-8.567134141921997070e-01,-3.343188166618347168e-01,2.153432965278625488e-01,-6.042451858520507812e-01,-1.425155162811279297e+00,-1.263126969337463379e+00,-1.162084937095642090e+00,-4.329114854335784912e-01,-1.108437657356262207e+00,-1.125659584999084473e+00,-7.041646242141723633e-01,-1.202329754829406738e+00,-9.202218651771545410e-01,1.117919906973838806e-01
1.071761131286621094e+00,5.551378130912780762e-01,1.570931792259216309e+00,5.378525853157043457e-01,2.414867579936981201e-01,-1.236737444996833801e-01,1.479021191596984863e+00,1.564343094825744629e+00,2.761664390563964844e-01,9.722167253494262695e-01,1.429355740547180176e+00,1.365695118904113770e+00,1.813673138618469238e+00,2.162328720092773438e+00,1.023883104324340820e+00,1.528264045715332031e+00,1.280735731124877930e+00,9.495352506637573242e-01,1.685332894325256348e+00,1.250580310821533203e+00
-1.167210936546325684e+00,-1.743018984794616699e+00,-1.572466135025024414e+00,-1.256408691406250000e+00,-1.699338555335998535e+00,-5.217268466949462891e-01,-1.680767655372619629e+00,-8.345592021942138672e-01,-6.117976307868957520e-01,-1.087537169456481934e+00,-2.057694435119628906e+00,-1.355790257453918457e+00,1.374691575765609741e-01,-9.849598407745361328e-01,-5.170416235923767090e-01,-1.374350041151046753e-01,-1.051754236221313477e+00,-1.685805082321166992e+00,-9.938966631889343262e-01,-9.803668856620788574e-01
-9.111114144325256348e-01,-2.337478995323181152e-01,-1.338171601295471191e+00,-7.237321138381958008e-01,-2.800423204898834229e-01,6.705022603273391724e-02,-1.267843246459960938e+00,3.751412406563758850e-02,-1.044205188751220703e+00,-2.283823676407337189e-02,-7.034547924995422363e-01,-9.535443186759948730e-01,-4.265742599964141846e-01,3.983350992202758789e-01,-9.838964343070983887e-01,-9.073468297719955444e-02,-1.249195933341979980e+00,-5.576171278953552246e-01,-7.777215838432312012e-01,5.304448008537292480e-01
-9.200194478034973145e-01,-7.198336720466613770e-01,-1.305160403251647949e+00,-1.044592976570129395e+00,-6.042653918266296387e-01,-7.795737385749816895e-01,-1.204159736633300781e+00,2.852210700511932373e-01,-8.366156816482543945e-01,-2.807479202747344971e-01,-9.182304739952087402e-01,-4.980328083038330078e-01,-1.649738073348999023e+00,-5.774857401847839355e-01,-5.293851494789123535e-01,-5.107687115669250488e-01,-1.940224766731262207e+00,1.382824480533599854e-01,9.499278850853443146e-03,-9.464810490608215332e-01
-9.843356907367706299e-02,1.276581436395645142e-01,-9.605701565742492676e-01,-4.795606732368469238e-01,-1.868875622749328613e-01,-4.006223976612091064e-01,-1.505735635757446289e+00,3.868083655834197998e-01,1.844137161970138550e-02,-4.649768471717834473e-01,4.099384248256683350e-01,-5.013046264648437500e-01,-2.481351852416992188e+00,3.960994482040405273e-01,-1.666128516197204590e+00,2.153206616640090942e-01,-5.142076611518859863e-01,4.987730085849761963e-02,-4.753424525260925293e-01,-3.470835089683532715e-01
-1.930948942899703979e-01,-4.004387930035591125e-02,-4.495185017585754395e-01,-1.032748371362686157e-01,-2.121544033288955688e-01,-5.947228074073791504e-01,5.708635970950126648e-02,-1.269268035888671875e+00,-7.753503918647766113e-01,-2.040255218744277954e-01,-1.278549283742904663e-01,-7.728110551834106445e-01,6.192713379859924316e-01,-1.483155339956283569e-01,2.807441055774688721e-01,-6.522957235574722290e-02,2.270552515983581543e-01,6.011602878570556641e-01,-9.136934280395507812e-01,2.733390033245086670e-01
1.756509661674499512e+00,-8.035644888877868652e-02,7.861617207527160645e-01,-8.860526680946350098e-01,-3.864749073982238770e-01,-4.425654709339141846e-01,-2.297080039978027344e+00,2.482589483261108398e-01,-8.541829884052276611e-02,5.830343961715698242e-01,-3.355671167373657227e-01,-9.707680344581604004e-02,5.850378051400184631e-02,2.259583920240402222e-01,1.235700488090515137e+00,7.617558538913726807e-02,8.382903933525085449e-01,-8.676493167877197266e-01,6.410438567399978638e-02,-4.701181054115295410e-01
-1.840512633323669434e+00,-1.012145519256591797e+00,-1.847392506897449493e-02,-2.330253273248672485e-01,-6.549515128135681152e-01,3.319071605801582336e-02,-4.278681278228759766e-01,-2.067464143037796021e-01,-4.138268232345581055e-01,-1.572719931602478027e+00,-4.465552866458892822e-01,-4.022475779056549072e-01,-1.074324846267700195e-01,-7.500819861888885498e-02,-9.472223520278930664e-01,-4.033998548984527588e-01,-3.135742545127868652e-01,-5.390403866767883301e-01,5.674254298210144043e-01,3.413899242877960205e-01
-2.173998504877090454e-01,-2.590334713459014893e-01,2.229021340608596802e-01,4.938428699970245361e-01,-1.042827010154724121e+00,2.015822082757949829e-01,8.332256674766540527e-01,-5.019226074218750000e-01,-9.740614891052246094e-01,-9.721791744232177734e-02,-1.573654651641845703e+00,2.764811813831329346e-01,6.872321367263793945e-01,9.539501368999481201e-02,-4.164125323295593262e-01,3.297588527202606201e-01,-1.685401082038879395e+00,9.570155739784240723e-01,5.343722701072692871e-01,-2.307351529598236084e-01
1.462449431419372559e+00,1.280556201934814453e+00,1.215952873229980469e+00,1.884864211082458496e+00,1.853948712348937988e+00,1.330493330955505371e+00,4.533531069755554199e-01,1.185562491416931152e+00,1.926980733871459961e+00,1.554054856300354004e+00,1.926573634147644043e+00,1.586230397224426270e+00,1.008941888809204102e+00,1.522624850273132324e+00,1.603292942047119141e+00,1.412344932556152344e+00,6.310546994209289551e-01,-1.258409470319747925e-01,2.512372255325317383e+00,1.454308748245239258e+00
-8.405820131301879883e-01,-2.356790542602539062e+00,-8.707823753356933594e-01,9.354889392852783203e-01,-4.548342153429985046e-02,-1.097251653671264648e+00,3.880414962768554688e-01,-1.535946875810623169e-01,1.180393397808074951e-01,-2.222197651863098145e-01,9.553628563880920410e-01,4.462784528732299805e-01,4.132648408412933350e-01,2.055622577667236328e+00,-8.083162456750869751e-02,3.550847172737121582e-01,-3.406656384468078613e-01,4.518676102161407471e-01,-9.338188767433166504e-01,-1.122053116559982300e-01
-1.648491382598876953e+00,-1.586528658866882324e+00,-1.471258878707885742e+00,-1.174953222274780273e+00,-2.321276664733886719e+00,-8.334128856658935547e-01,1.104860782623291016e+00,-7.971744537353515625e-01,-2.464022159576416016e+00,-1.391829371452331543e+00,-2.345606088638305664e+00,-1.175246238708496094e+00,-1.586814284324645996e+00,-1.789236664772033691e+00,-1.587097048759460449e+00,-8.648535609245300293e-01,-2.196867704391479492e+00,-2.463761806488037109e+00,-2.052345991134643555e+00,-6.691285967826843262e-01
-1.201550066471099854e-01,3.324375748634338379e-01,6.362873315811157227e-01,-3.624430596828460693e-01,3.824257552623748779e-01,-6.971415281295776367e-01,-4.486682415008544922e-01,3.948698043823242188e-01,9.981685280799865723e-01,-9.881861507892608643e-02,8.040853589773178101e-02,-4.376416802406311035e-01,-8.170281648635864258e-01,-2.951386272907257080e-01,8.406737446784973145e-01,2.589513733983039856e-02,-3.977586030960083008e-01,-5.569971799850463867e-01,-1.102015614509582520e+00,-5.912430286407470703e-01
4.398261904716491699e-01,4.460459053516387939e-01,6.604689955711364746e-01,1.923137456178665161e-01,5.231799483299255371e-01,6.126571893692016602e-01,5.519702434539794922e-01,5.102199316024780273e-01,1.344560980796813965e+00,-2.766890823841094971e-01,-1.694170951843261719e+00,2.389002889394760132e-01,-2.465668022632598877e-01,1.054154753684997559e+00,2.417904376983642578e+00,7.355901002883911133e-01,1.319336891174316406e+00,1.204941328614950180e-02,1.016449213027954102e+00,4.112852215766906738e-01
9.030962586402893066e-01,4.173322618007659912e-01,2.786414511501789093e-02,3.106260895729064941e-01,-3.039457201957702637e-01,-1.501814484596252441e+00,-2.137792110443115234e-01,-2.555750310420989990e-01,2.786499559879302979e-01,2.742156088352203369e-01,-4.394462406635284424e-01,-7.206217050552368164e-01,-1.318209171295166016e-01,4.725698232650756836e-01,4.191460013389587402e-01,6.805273890495300293e-01,8.720579743385314941e-01,-2.247801303863525391e+00,3.348814845085144043e-01,1.173173487186431885e-01
-3.473350703716278076e-01,6.340446472167968750e-01,1.259077072143554688e+00,1.560400873422622681e-01,1.196611523628234863e+00,1.449793428182601929e-01,5.810577869415283203e-01,5.147684216499328613e-01,3.160675466060638428e-01,-2.919035255908966064e-01,1.085024714469909668e+00,2.918163239955902100e-01,1.054635882377624512e+00,1.039972424507141113e+00,5.865305066108703613e-01,4.227705001831054688e-01,3.361420631408691406e-01,2.875708639621734619e-01,2.739783525466918945e-01,9.756253957748413086e-01
-9.939114451408386230e-01,-1.485606282949447632e-01,-6.165544390678405762e-01,-8.629132509231567383e-01,-1.066308259963989258e+00,-7.038543820381164551e-01,-2.715096175670623779e-01,-3.696132898330688477e-01,-7.840920686721801758e-01,-6.770113110542297363e-01,-8.277066946029663086e-01,-6.871045827865600586e-01,-2.440272092819213867e+00,-1.459657669067382812e+00,-1.231560468673706055e+00,-6.620184779167175293e-01,-1.638678073883056641e+00,-4.512160122394561768e-01,-9.229444861412048340e-01,-2.833200991153717041e-01
4.028982222080230713e-01,3.577276170253753662e-01,1.104511916637420654e-01,-3.281322717666625977e-01,3.784260153770446777e-01,-4.946017861366271973e-01,-7.673247456550598145e-01,-7.756245732307434082e-01,-9.700577855110168457e-01,5.235642567276954651e-02,-3.255254626274108887e-01,-8.978059887886047363e-01,1.416628509759902954e-01,-9.775898456573486328e-01,-2.216348797082901001e-01,-9.047788977622985840e-01,1.292528212070465088e-01,-1.688386946916580200e-01,-3.726616203784942627e-01,4.728370010852813721e-01
5.010777115821838379e-01,-9.965327978134155273e-01,-7.350738644599914551e-01,-8.051565289497375488e-01,-4.806997179985046387e-01,-1.142176985740661621e+00,-2.550058662891387939e-01,2.158195078372955322e-01,-7.391382241621613503e-04,-2.820296585559844971e-01,-7.290835380554199219e-01,-5.986486077308654785e-01,-1.317639708518981934e+00,3.636756539344787598e-01,-6.086089015007019043e-01,-1.002135634422302246e+00,-6.952233314514160156e-01,-4.324562847614288330e-01,-1.293495893478393555e+00,-4.001812040805816650e-01
7.935373187065124512e-01,6.259282231330871582e-01,2.676764965057373047e+00,5.277169942855834961e-01,1.227906942367553711e+00,7.790830135345458984e-01,8.217469453811645508e-01,6.732267737388610840e-01,9.781911373138427734e-01,7.710427045822143555e-01,4.526129364967346191e-01,1.282732486724853516e+00,1.130487799644470215e+00,2.045725345611572266e+00,1.038287997245788574e+00,3.233746588230133057e-01,1.202924966812133789e+00,1.169808626174926758e+00,5.160713195800781250e-01,1.185572624206542969e+00
-2.744968235492706299e-01,-2.796980738639831543e-01,-4.965656101703643799e-01,-3.710817694664001465e-01,1.286566257476806641e+00,-6.154637336730957031e-01,4.649438336491584778e-02,-7.314530611038208008e-01,-4.674317240715026855e-01,-1.628817915916442871e-01,1.436791568994522095e-01,1.776975840330123901e-01,-3.623228669166564941e-01,-3.891867101192474365e-01,3.043445646762847900e-01,-1.694240689277648926e+00,-3.217083513736724854e-01,-3.835008144378662109e-01,-1.124092116951942444e-01,-9.927012920379638672e-01
-1.136413812637329102e+00,-4.657998383045196533e-01,-1.177578687667846680e+00,-2.922302484512329102e-01,-2.606885433197021484e-01,-1.638089776039123535e+00,-1.837722897529602051e+00,-4.212645888328552246e-01,2.236808240413665771e-01,1.901073753833770752e-01,-4.300797581672668457e-01,-1.748019933700561523e+00,-9.979698807001113892e-02,-5.691549181938171387e-01,-1.047770619392395020e+00,2.342972278594970703e+00,-1.136744618415832520e+00,1.222464740276336670e-01,-7.966458201408386230e-01,-5.397753715515136719e-01
-9.874900579452514648e-01,8.742016553878784180e-01,1.445191800594329834e-01,4.211171567440032959e-01,4.272877871990203857e-01,1.793311685323715210e-01,-3.240473270416259766e-01,9.794730544090270996e-01,4.904035925865173340e-01,6.552701592445373535e-01,7.426787018775939941e-01,-2.576386369764804840e-02,-4.745158553123474121e-01,4.097427725791931152e-01,1.059904575347900391e+00,-2.832072377204895020e-01,4.365873336791992188e-01,2.747096419334411621e-01,3.219564557075500488e-01,8.392688632011413574e-01
-5.333884954452514648e-01,1.266402840614318848e+00,7.930302023887634277e-01,1.338035821914672852e+00,9.371311068534851074e-01,1.515187263488769531e+00,1.691259145736694336e+00,1.292291998863220215e+00,1.206884741783142090e+00,8.439510464668273926e-01,1.198791861534118652e-01,9.570516347885131836e-01,8.735125660896301270e-01,2.631324768066406250e+00,3.403496146202087402e-01,1.345079839229583740e-01,-9.991217851638793945e-01,6.713317036628723145e-01,1.155603766441345215e+00,6.882785558700561523e-01
4.631234407424926758e-01,2.057042598724365234e+00,4.161343276500701904e-01,-4.970340803265571594e-02,4.899916052818298340e-01,6.390655636787414551e-01,-3.282505273818969727e-01,2.249200195074081421e-01,7.970768958330154419e-02,9.148105233907699585e-02,3.682831823825836182e-01,-4.310040473937988281e-01,2.291978150606155396e-01,-1.027112364768981934e+00,5.739269256591796875e-01,-1.657022953033447266e+00,-2.156892418861389160e-01,-1.574785262346267700e-01,2.009080201387405396e-01,-2.700020074844360352e-01
-3.827804923057556152e-01,5.106307864189147949e-01,2.384311705827713013e-01,-2.652189731597900391e-01,-3.897634446620941162e-01,-1.185613155364990234e+00,-3.641925156116485596e-01,-4.164815247058868408e-01,3.146373927593231201e-01,-3.675529956817626953e-01,-1.391182988882064819e-01,-4.587141573429107666e-01,5.340910553932189941e-01,-9.695779085159301758e-01,-2.934805154800415039e-01,-3.732831478118896484e-01,-2.441001981496810913e-01,-2.894574105739593506e-01,-1.225922346115112305e+00,5.926777720451354980e-01
-6.444200277328491211e-01,1.700992584228515625e+00,-9.496343135833740234e-01,-9.685428738594055176e-01,-9.144591689109802246e-01,-5.483667254447937012e-01,-8.295919895172119141e-01,-1.889493018388748169e-01,-3.185739219188690186e-01,-1.888924956321716309e+00,-1.017439723014831543e+00,-8.836994171142578125e-01,7.695842981338500977e-01,-2.630984596908092499e-02,-7.200643420219421387e-01,-1.782496832311153412e-02,-5.298361182212829590e-01,-9.657145142555236816e-01,-6.593303680419921875e-01,-2.804253399372100830e-01
-9.156054854393005371e-01,2.004666775465011597e-01,2.795667350292205811e-01,2.251552939414978027e-01,2.099726349115371704e-01,-3.969982638955116272e-02,-1.032872557640075684e+00,1.223857700824737549e-01,-5.099722743034362793e-01,-9.182896465063095093e-02,2.677276730537414551e-01,-1.747508533298969269e-02,7.780102491378784180e-01,-3.129964321851730347e-02,-9.457088708877563477e-01,3.673011660575866699e-01,-6.947200298309326172e-01,-6.240251660346984863e-02,6.422687172889709473e-01,-4.142630994319915771e-01
-9.608755111694335938e-01,-1.506465971469879150e-01,-4.032588005065917969e-01,1.009115576744079590e+00,5.710923075675964355e-01,5.236891284584999084e-02,-1.847375035285949707e-01,-8.014636039733886719e-01,-1.046689033508300781e+00,1.062431097030639648e+00,1.959186941385269165e-01,1.819819688796997070e+00,1.847020387649536133e-01,-1.597891747951507568e-01,-5.303734540939331055e-01,4.457651972770690918e-01,3.292939960956573486e-01,8.815319538116455078e-01,-4.620766639709472656e-01,-6.405481696128845215e-01
5.311622619628906250e-01,1.279701478779315948e-02,5.888776779174804688e-01,2.761988878250122070e+00,1.075464487075805664e+00,1.069792270660400391e+00,1.741415619850158691e+00,1.529729485511779785e+00,9.351119399070739746e-01,5.456210970878601074e-01,3.745542466640472412e-01,4.026303291320800781e-01,9.772895574569702148e-01,1.172127604484558105e+00,5.514038801193237305e-01,1.714663743972778320e+00,5.664883255958557129e-01,3.579392135143280029e-01,3.615356981754302979e-01,-9.944635033607482910e-01
-3.711110651493072510e-01,-6.939373612403869629e-01,-2.696215212345123291e-01,3.581599593162536621e-01,-4.076136648654937744e-01,-3.023076057434082031e-01,-3.917872309684753418e-01,-5.180606245994567871e-01,8.157524466514587402e-01,-3.056773245334625244e-01,-5.645654797554016113e-01,-1.362444639205932617e+00,1.701070964336395264e-01,2.518508136272430420e-01,7.906863093376159668e-02,-5.273067951202392578e-01,1.528846174478530884e-01,-8.779752850532531738e-01,-9.771621823310852051e-01,1.411442279815673828e+00
-1.002896904945373535e+00,-5.671166181564331055e-01,-1.285630702972412109e+00,-3.579894304275512695e-01,-1.609993457794189453e+00,-9.176552295684814453e-01,-1.328404545783996582e+00,-1.401456236839294434e+00,-1.707262516021728516e+00,-6.960002779960632324e-01,-1.272039175033569336e+00,-9.918311834335327148e-01,-2.853431701660156250e+00,-1.153707981109619141e+00,-9.159902334213256836e-01,-4.275891780853271484e-01,-1.189516663551330566e+00,-2.807600021362304688e+00,-1.431987524032592773e+00,-1.426685094833374023e+00
7.534027099609375000e-02,7.011366486549377441e-01,-4.391358420252799988e-02,-1.865628808736801147e-01,-2.149004340171813965e-01,4.024581611156463623e-01,7.333185076713562012e-01,1.102789640426635742e+00,-2.895143330097198486e-01,2.237862825393676758e+00,1.320305913686752319e-01,4.460901618003845215e-01,-3.824821114540100098e-01,6.925330162048339844e-01,6.088226437568664551e-01,-3.993302583694458008e-02,-6.848453283309936523e-01,-3.243848979473114014e-01,2.868799865245819092e-01,5.716232657432556152e-01
1.037190556526184082e+00,-3.651447296142578125e-01,9.109451174736022949e-01,1.483363270759582520e+00,1.040225267410278320e+00,1.081801772117614746e+00,1.112710312008857727e-01,1.333372235298156738e+00,1.634659409523010254e+00,2.445516347885131836e+00,3.318390548229217529e-01,1.525458574295043945e+00,9.536687135696411133e-01,6.126704812049865723e-01,3.230690956115722656e-01,5.247170925140380859e-01,8.528845906257629395e-01,1.685682177543640137e+00,1.124701619148254395e+00,3.943835794925689697e-01
9.658382534980773926e-01,4.970007538795471191e-01,1.168359637260437012e+00,8.292272090911865234e-01,2.536691725254058838e-01,6.894716024398803711e-01,1.252597570419311523e+00,3.649018406867980957e-01,1.500069737434387207e+00,5.043220520019531250e-01,1.289577186107635498e-01,9.473565220832824707e-01,1.573925733566284180e+00,2.622582018375396729e-01,5.981984734535217285e-01,9.131951332092285156e-01,8.244255185127258301e-01,6.898008584976196289e-01,-5.727768540382385254e-01,6.529045850038528442e-02
1.650996923446655273e+00,2.999986886978149414e+00,1.249254822731018066e+00,1.771746873855590820e+00,1.266902565956115723e+00,9.448799490928649902e-01,1.972824335098266602e+00,1.072890758514404297e+00,1.097655415534973145e+00,6.361197233200073242e-01,8.997254371643066406e-01,2.961851358413696289e+00,2.437386512756347656e+00,1.282820940017700195e+00,1.353021502494812012e+00,1.322934985160827637e+00,1.425470113754272461e+00,1.085813045501708984e+00,1.619431614875793457e+00,1.941175460815429688e+00
1.067969441413879395e+00,-1.788934171199798584e-01,8.228123784065246582e-01,7.834609150886535645e-01,2.011868000030517578e+00,4.148750305175781250e-01,4.660727977752685547e-01,1.435500025749206543e+00,2.175687789916992188e+00,5.323153734207153320e-01,1.795289516448974609e+00,1.228060722351074219e+00,1.246330618858337402e+00,1.170844912528991699e+00,1.082522749900817871e+00,1.654726862907409668e+00,7.977726459503173828e-01,1.221300125122070312e+00,7.829483747482299805e-01,1.133711934089660645e+00
-1.632605791091918945e+00,-5.732641816139221191e-01,-8.382785320281982422e-01,-5.979418754577636719e-01,-1.729147195816040039e+00,-2.665504440665245056e-02,-1.405544757843017578e+00,1.517999410629272461e+00,-1.678727626800537109e+00,-1.087323784828186035e+00,-2.563086509704589844e+00,-9.308526515960693359e-01,-8.243081569671630859e-01,-6.463105678558349609e-01,-4.473463594913482666e-01,-3.218590617179870605e-01,-2.099847793579101562e+00,-1.247535467147827148e+00,-4.574321210384368896e-01,-1.344599366188049316e+00
-1.962685585021972656e+00,-1.133866071701049805e+00,-1.568255424499511719e+00,-1.600391983985900879e+00,-1.489024639129638672e+00,-1.564330935478210449e+00,-1.385300993919372559e+00,-1.531414389610290527e+00,-1.795760035514831543e+00,-1.482101440429687500e+00,-2.433557033538818359e+00,-1.249461174011230469e+00,-1.605167627334594727e+00,-2.247763395309448242e+00,-1.377729296684265137e+00,-4.094058573246002197e-01,-2.032162666320800781e+00,-2.152514696121215820e+00,-2.231730461120605469e+00,-1.770441532135009766e+00
9.250414371490478516e-01,5.856303125619888306e-02,-9.111819863319396973e-01,-7.176365256309509277e-01,6.241470947861671448e-02,-4.915946722030639648e-01,-3.724944889545440674e-01,2.317683249711990356e-01,-3.047094345092773438e-01,3.827019035816192627e-01,-5.292212367057800293e-01,-1.501313447952270508e-01,-1.209607124328613281e+00,-1.896387189626693726e-01,1.872268319129943848e-01,-2.288246393203735352e+00,-3.559897243976593018e-01,-3.196731209754943848e-01,-7.387192249298095703e-01,-2.297036796808242798e-01
-5.931610465049743652e-01,5.868643522262573242e-01,2.230498194694519043e-01,1.395879626274108887e+00,-3.047638237476348877e-01,-3.073710948228836060e-02,2.807023823261260986e-01,5.144294500350952148e-01,3.094837367534637451e-01,9.226823598146438599e-02,4.309515953063964844e-01,1.760653853416442871e-01,8.688112497329711914e-01,8.971575498580932617e-01,6.103523969650268555e-01,3.437607288360595703e-01,4.445827603340148926e-01,8.625484108924865723e-01,2.538434863090515137e-01,3.166402876377105713e-01
-1.910869628190994263e-01,-4.191205501556396484e-01,-4.740188717842102051e-01,-9.886377453804016113e-01,-6.559294462203979492e-01,-3.251647204160690308e-02,-1.936625242233276367e+00,-7.772662043571472168e-01,4.790931567549705505e-02,1.203078508377075195e+00,-3.820863366127014160e-01,-8.543717861175537109e-01,-1.285807788372039795e-01,8.682332038879394531e-01,9.430903941392898560e-02,-3.478088378906250000e-01,-1.772767156362533569e-01,-5.832734107971191406e-01,-3.880604803562164307e-01,1.024718523025512695e+00
6.122612357139587402e-01,9.965853691101074219e-01,2.189295738935470581e-01,5.107177495956420898e-01,2.108818769454956055e+00,-1.819019168615341187e-01,9.934672713279724121e-01,9.424705505371093750e-01,1.160737592726945877e-02,-1.413742005825042725e-01,-7.404739260673522949e-01,5.113394260406494141e-01,3.766686022281646729e-01,6.425043344497680664e-01,2.398278236389160156e+00,2.668161690235137939e-01,-1.065823584794998169e-01,2.501764595508575439e-01,4.692093431949615479e-01,1.046639800071716309e+00
-2.184820920228958130e-01,-7.520738244056701660e-01,4.696230590343475342e-02,-4.677982032299041748e-01,-7.482938170433044434e-01,-2.388097792863845825e-01,-7.915699481964111328e-02,-1.883560866117477417e-01,-1.338080048561096191e+00,-1.190463542938232422e+00,-4.294539093971252441e-01,-3.886173367500305176e-01,-9.025446176528930664e-01,-8.402462601661682129e-01,-6.503350138664245605e-01,-3.680993914604187012e-01,-2.443836927413940430e+00,1.328816264867782593e-01,-1.582711338996887207e+00,-5.931579470634460449e-01
-2.715737819671630859e-01,7.968574762344360352e-01,3.211440742015838623e-01,4.391576945781707764e-01,2.060555458068847656e+00,3.900526762008666992e-01,8.071735501289367676e-02,-3.096434287726879120e-02,8.973050117492675781e-01,4.666805267333984375e-01,2.186030596494674683e-01,3.995295763015747070e-01,9.380410313606262207e-01,6.521271467208862305e-01,8.393679261207580566e-01,9.730323553085327148e-01,1.608748674392700195e+00,3.099422454833984375e-01,9.205216169357299805e-01,1.020839095115661621e+00
7.099751234054565430e-01,3.488125279545783997e-02,-1.180322468280792236e-01,-2.770733833312988281e-01,6.841416656970977783e-02,-4.542030692100524902e-01,-1.027416706085205078e+00,3.683025240898132324e-01,8.343746066093444824e-01,4.432035386562347412e-01,4.098410606384277344e-01,-1.754412502050399780e-01,6.881962418556213379e-01,2.130640000104904175e-01,1.034442782402038574e+00,3.479840159416198730e-01,9.037295579910278320e-01,-2.871754467487335205e-01,-4.549147784709930420e-01,1.216996684670448303e-01
-2.266621738672256470e-01,6.994501948356628418e-01,-6.935638189315795898e-01,2.760534584522247314e-01,-7.247276306152343750e-01,-2.970814108848571777e-01,4.155743420124053955e-01,3.973076641559600830e-01,1.804843395948410034e-01,1.350684165954589844e+00,7.590277194976806641e-01,-3.380654454231262207e-01,1.531733274459838867e-01,1.024492859840393066e+00,6.339579224586486816e-01,3.933110460638999939e-02,9.347593784332275391e-01,-4.727931618690490723e-01,-1.071412324905395508e+00,3.888437151908874512e-01
-2.022935748100280762e-01,3.759178817272186279e-01,-1.813491433858871460e-01,-1.067920401692390442e-01,-2.965215444564819336e-01,6.595989465713500977e-01,5.513694882392883301e-01,8.961328864097595215e-01,1.075641512870788574e+00,2.254821918904781342e-02,5.825133994221687317e-03,3.128495812416076660e-02,2.042056322097778320e-01,4.366430938243865967e-01,2.041009366512298584e-01,-8.542577624320983887e-01,8.542329072952270508e-01,-2.570461332798004150e-01,4.239844381809234619e-01,8.831722736358642578e-01
-5.360162258148193359e-01,-5.373256206512451172e-01,-5.839577913284301758e-01,-6.293691396713256836e-01,-4.505985677242279053e-01,-1.193695187568664551e+00,-2.400044441223144531e+00,-6.270179748535156250e-01,-5.033376216888427734e-01,-1.549398064613342285e+00,8.340600878000259399e-02,-1.447943925857543945e+00,1.864160001277923584e-01,2.353811860084533691e-01,1.577791571617126465e-01,-1.075993061065673828e+00,-8.856521844863891602e-01,-7.737993597984313965e-01,-8.186316490173339844e-01,-4.757528007030487061e-01
-8.300577998161315918e-01,1.402103453874588013e-01,-4.080334901809692383e-01,2.514640092849731445e-01,1.588137820363044739e-02,-4.290584921836853027e-01,-1.411660790443420410e+00,-1.946489661931991577e-01,-7.831261754035949707e-01,4.673531353473663330e-01,-5.024551749229431152e-01,-2.460872083902359009e-01,-4.875122010707855225e-01,-5.098667740821838379e-01,-2.743958532810211182e-01,3.520157635211944580e-01,1.486757844686508179e-01,3.111487627029418945e-01,-1.153410449624061584e-01,-5.275086164474487305e-01
2.223690986633300781e+00,1.144342541694641113e+00,7.718385457992553711e-01,6.669118404388427734e-01,2.967258542776107788e-02,6.951547265052795410e-01,1.054042696952819824e+00,1.193977355957031250e+00,3.694955408573150635e-01,1.365817666053771973e+00,1.228430986404418945e+00,1.747486591339111328e+00,-7.117356359958648682e-02,7.353283166885375977e-01,4.995290040969848633e-01,1.395563960075378418e+00,7.121353149414062500e-01,-2.008831351995468140e-01,1.598150134086608887e+00,1.098330378532409668e+00
-1.578039884567260742e+00,2.832076251506805420e-01,-1.938258260488510132e-01,3.104854226112365723e-01,7.011309266090393066e-01,-4.980893135070800781e-01,-1.560065597295761108e-01,-4.002206921577453613e-01,-3.059574663639068604e-01,4.009961783885955811e-01,-2.981004714965820312e-01,-6.691592931747436523e-01,-6.204224824905395508e-01,2.771484851837158203e-01,3.362354934215545654e-01,-3.434213697910308838e-01,1.931521892547607422e-01,-1.319034218788146973e+00,1.138950824737548828e+00,-1.614866107702255249e-01
-3.785758018493652344e-01,3.598025739192962646e-01,2.153292894363403320e-01,4.895030260086059570e-01,2.685132026672363281e+00,9.549983143806457520e-01,1.801383197307586670e-01,7.549067735671997070e-01,9.618906378746032715e-01,1.281458616256713867e+00,7.386463284492492676e-01,1.104902148246765137e+00,3.409013450145721436e-01,5.439890623092651367e-01,8.708938360214233398e-01,1.479810237884521484e+00,1.390388160943984985e-01,1.810976117849349976e-01,1.689531922340393066e+00,1.233955979347229004e+00
9.617508947849273682e-02,1.240311339497566223e-01,-8.913417458534240723e-01,4.154484272003173828e-01,3.814914450049400330e-02,1.249680668115615845e-01,-9.047170281410217285e-01,1.312832385301589966e-01,2.929345369338989258e-01,-9.158699512481689453e-01,-9.491034150123596191e-01,-2.196947485208511353e-01,5.827962756156921387e-01,2.549684047698974609e-01,-1.099190235137939453e+00,-6.803238391876220703e-01,1.516923159360885620e-01,-7.947793602943420410e-01,8.866574764251708984e-01,-2.263903021812438965e-01
6.296570897102355957e-01,1.206148982048034668e+00,2.695565700531005859e+00,6.813198328018188477e-01,1.503183692693710327e-01,4.471561014652252197e-01,1.113370619714260101e-02,1.093259453773498535e+00,7.001662254333496094e-01,1.731681108474731445e+00,1.550472974777221680e+00,3.592070043087005615e-01,3.842962086200714111e-01,7.624275684356689453e-01,1.259334921836853027e+00,1.018439531326293945e+00,6.809205412864685059e-01,-4.313901811838150024e-02,1.247595429420471191e+00,6.886786222457885742e-01
9.998863935470581055e-01,7.249691486358642578e-01,1.039622068405151367e+00,5.583946704864501953e-01,9.905949831008911133e-01,8.767527937889099121e-01,-5.497125387191772461e-01,1.131575822830200195e+00,1.132338643074035645e+00,2.800498604774475098e-01,-9.717582166194915771e-02,2.734580039978027344e-01,-3.173790276050567627e-01,4.493539631366729736e-01,3.570666313171386719e-01,-1.061867922544479370e-03,5.632751584053039551e-01,8.030557036399841309e-01,-8.941922187805175781e-01,3.317853212356567383e-01
-9.881457090377807617e-01,-1.641036510467529297e+00,-2.887545824050903320e+00,-1.666329383850097656e+00,-2.925646066665649414e+00,-1.235478639602661133e+00,-1.443683505058288574e+00,-1.754358053207397461e+00,-2.634890556335449219e+00,-2.334966182708740234e+00,-1.504954576492309570e+00,-1.688896417617797852e+00,-1.782882452011108398e+00,-2.084522008895874023e+00,-1.511688351631164551e+00,-2.498682737350463867e+00,-1.343178510665893555e+00,-1.774662137031555176e+00,-1.884103894233703613e+00,-1.824017524719238281e+00
9.895482659339904785e-01,4.871226381510496140e-03,2.738684117794036865e-01,-9.411196112632751465e-01,3.047005832195281982e-01,2.818346917629241943e-01,2.493572235107421875e-01,-4.877226948738098145e-01,-1.470997482538223267e-01,-3.679077029228210449e-01,4.950751662254333496e-01,5.117351412773132324e-01,3.652480840682983398e-01,3.914270699024200439e-01,-7.311256527900695801e-01,2.867558300495147705e-01,9.873439073562622070e-01,3.932901322841644287e-01,-9.922041296958923340e-01,-3.626936078071594238e-01
6.672633290290832520e-01,2.380893230438232422e+00,-1.370081901550292969e+00,3.657760471105575562e-02,4.004037976264953613e-01,8.752704858779907227e-01,4.351193606853485107e-01,8.880602717399597168e-01,1.056377410888671875e+00,6.380931138992309570e-01,5.002257227897644043e-01,9.109342098236083984e-01,4.659460484981536865e-01,6.218379139900207520e-01,2.988069653511047363e-01,6.372151374816894531e-01,-2.323449254035949707e-01,-2.258129119873046875e-01,2.818017303943634033e-01,5.079634785652160645e-01
-1.807014346122741699e+00,-1.092182993888854980e+00,-1.352216482162475586e+00,-8.637942671775817871e-01,-1.036139249801635742e+00,-2.388448476791381836e+00,-1.941697359085083008e+00,-4.476683437824249268e-01,-1.047235369682312012e+00,-1.066585779190063477e+00,-2.235866189002990723e-01,-1.385571241378784180e+00,-2.680951118469238281e+00,-6.836997866630554199e-01,-1.005556941032409668e+00,-7.733275294303894043e-01,-8.362062573432922363e-01,-1.710705399513244629e+00,-1.142819285392761230e+00,-1.041105866432189941e+00
-1.708515435457229614e-01,5.529206395149230957e-01,-3.772586882114410400e-01,-6.600920557975769043e-01,-3.653932213783264160e-01,5.956920236349105835e-02,-2.368381768465042114e-01,1.986192613840103149e-01,3.432325720787048340e-01,-1.326980255544185638e-02,9.992998242378234863e-01,-5.370253920555114746e-01,3.804573416709899902e-01,4.446536600589752197e-01,1.747546195983886719e+00,-4.604936540126800537e-01,2.573857605457305908e-01,-4.090538620948791504e-01,4.759554862976074219e-01,1.245260685682296753e-01
-8.458519577980041504e-01,1.594536453485488892e-01,-1.010393261909484863e+00,-7.151648402214050293e-01,-1.377412676811218262e+00,-1.636029243469238281e+00,-5.144984722137451172e-01,2.379313260316848755e-01,-9.375087618827819824e-01,-7.705557346343994141e-01,-1.048482298851013184e+00,-6.229366064071655273e-01,-1.032394409179687500e+00,-6.638563275337219238e-01,-2.556622743606567383e+00,-1.675050735473632812e+00,-1.519457697868347168e+00,-5.031407475471496582e-01,-1.183153033256530762e+00,-8.104031682014465332e-01
-2.119977951049804688e+00,-1.428765773773193359e+00,-1.771403074264526367e+00,-8.292956352233886719e-01,-1.104438781738281250e+00,-1.776751518249511719e+00,-1.170793652534484863e+00,-2.956869602203369141e+00,-1.102061271667480469e+00,-9.419623017311096191e-01,-1.084205746650695801e+00,-1.757934689521789551e+00,-1.213451266288757324e+00,-7.718126773834228516e-01,-1.836204648017883301e+00,-1.025476932525634766e+00,-1.134950757026672363e+00,-1.119138598442077637e+00,-1.405621886253356934e+00,-1.101268172264099121e+00
5.154873132705688477e-01,2.072898745536804199e-01,1.498792469501495361e-01,2.744688987731933594e-01,-4.353513419628143311e-01,3.863757252693176270e-01,1.569458603858947754e+00,-6.804437637329101562e-01,1.340641677379608154e-01,6.245915889739990234e-01,4.892830252647399902e-01,3.320814371109008789e-01,2.625097036361694336e-01,9.104776382446289062e-01,-2.289403788745403290e-02,6.899578571319580078e-01,2.982719540596008301e-01,-2.447099238634109497e-01,4.378203451633453369e-01,8.566059470176696777e-01
2.234817296266555786e-01,1.267785131931304932e-01,1.123779416084289551e+00,-2.758266329765319824e-01,-4.152007699012756348e-01,8.189448118209838867e-01,-7.989724874496459961e-01,7.151520252227783203e-01,-3.717749714851379395e-01,2.469691634178161621e-01,1.144922614097595215e+00,4.074235558509826660e-01,1.542219638824462891e+00,-2.432902902364730835e-01,-1.128914654254913330e-01,5.225497484207153320e-01,2.839938998222351074e-01,6.187989115715026855e-01,2.331627845764160156e+00,4.087560772895812988e-01
-1.056568384170532227e+00,2.332135289907455444e-02,-3.500955998897552490e-01,1.176646202802658081e-01,-8.061336725950241089e-02,-5.759573578834533691e-01,-5.352458357810974121e-01,-8.322554826736450195e-01,1.727576375007629395e+00,1.674825251102447510e-01,7.228731364011764526e-02,-4.175963103771209717e-01,-1.062191724777221680e+00,-3.157832026481628418e-01,-9.700754284858703613e-01,-1.756367236375808716e-01,-1.318132039159536362e-02,-1.146029114723205566e+00,-3.861962556838989258e-01,-7.263427376747131348e-01
-4.335777163505554199e-01,2.384216040372848511e-01,6.139345169067382812e-01,3.371464014053344727e-01,8.551450371742248535e-01,-8.027918338775634766e-01,1.039237618446350098e+00,3.991754651069641113e-01,3.337581157684326172e-01,4.357862174510955811e-01,1.052050709724426270e+00,2.047118246555328369e-01,3.959822356700897217e-01,-3.439806103706359863e-01,6.643467545509338379e-01,-6.082281842827796936e-02,-2.449584007263183594e-01,-8.967786282300949097e-02,-4.112785160541534424e-01,-2.145677804946899414e-01
1.167373657226562500e+00,-3.707772195339202881e-01,9.779510498046875000e-01,-9.974772334098815918e-01,-9.451655745506286621e-01,-8.352540731430053711e-01,-1.615224182605743408e-01,-3.385094702243804932e-01,-3.445572555065155029e-01,-4.183083176612854004e-01,-4.777002036571502686e-01,1.738178282976150513e-01,8.281284570693969727e-02,-5.320825576782226562e-01,7.007615566253662109e-01,-4.711598157882690430e-01,-5.651511549949645996e-01,-8.908470273017883301e-01,-1.853971600532531738e+00,7.384277135133743286e-02
-7.851803898811340332e-01,6.184433698654174805e-01,1.570884138345718384e-01,-2.747596800327301025e-01,1.673060804605484009e-01,-9.749501198530197144e-02,2.710933089256286621e-01,1.444851875305175781e+00,4.259238541126251221e-01,3.554788231849670410e-01,-1.496384143829345703e-01,1.363827437162399292e-01,-6.558854579925537109e-01,-1.515945315361022949e+00,-1.619355380535125732e-01,-6.588912010192871094e-02,-4.199930131435394287e-01,-2.618893980979919434e-01,7.462268471717834473e-01,2.138516187667846680e+00
1.003367424011230469e+00,3.633083999156951904e-01,1.062182068824768066e+00,1.115739643573760986e-01,6.444330811500549316e-01,1.026009082794189453e+00,8.118558526039123535e-01,9.417477250099182129e-01,9.504047781229019165e-02,1.252645015716552734e+00,-2.384135276079177856e-01,1.415216565132141113e+00,2.481349229812622070e+00,5.567619204521179199e-01,1.996574878692626953e+00,3.651739358901977539e-01,1.083037972450256348e+00,3.638682663440704346e-01,1.218430280685424805e+00,1.091055512428283691e+00
-1.990681886672973633e+00,-2.277935266494750977e+00,-2.259748220443725586e+00,-1.228543281555175781e+00,-1.032094478607177734e+00,-1.691820859909057617e+00,-9.921572208404541016e-01,3.227077797055244446e-02,-1.037969708442687988e+00,-1.584971785545349121e+00,-4.261700809001922607e-01,-9.544124007225036621e-01,-9.717305302619934082e-01,-8.341789245605468750e-01,-5.342195630073547363e-01,-1.439780235290527344e+00,-1.466130852699279785e+00,-9.899647831916809082e-01,-1.385093450546264648e+00,-2.179471254348754883e+00
5.526438951492309570e-01,4.001370966434478760e-01,-2.714086174964904785e-01,-1.544356584548950195e+00,-8.315870165824890137e-01,2.080008685588836670e-01,-3.286673426628112793e-01,4.941086769104003906e-01,2.537475228309631348e-01,-1.261015981435775757e-01,2.909668982028961182e-01,-2.578917443752288818e-01,-8.128131739795207977e-03,1.579539924860000610e-01,-3.139994144439697266e-01,-2.343467772006988525e-01,-1.082306504249572754e-01,-1.093094706535339355e+00,1.060123667120933533e-01,-2.294870913028717041e-01
3.073421120643615723e-01,8.284678459167480469e-01,7.653779983520507812e-01,4.557556509971618652e-01,8.332762718200683594e-01,1.793331950902938843e-01,-1.870002299547195435e-01,1.052775621414184570e+00,9.384779930114746094e-01,5.489397644996643066e-01,2.943359851837158203e+00,1.392850518226623535e+00,1.379219532012939453e+00,1.319669365882873535e+00,5.647262558341026306e-03,7.291580438613891602e-01,-1.218119263648986816e-01,5.103600025177001953e-01,-3.988834619522094727e-01,9.456075429916381836e-01
-1.380682349205017090e+00,-1.352237820625305176e+00,-9.325500130653381348e-01,-6.362174153327941895e-01,-1.037868857383728027e+00,-1.338004946708679199e+00,-1.354642271995544434e+00,-4.418709874153137207e-01,-9.994416683912277222e-02,-5.269291996955871582e-01,-1.383945226669311523e+00,-1.031579732894897461e+00,-5.098262429237365723e-01,-2.658810317516326904e-01,-2.488452196121215820e+00,-2.063610702753067017e-01,-1.513454914093017578e+00,-6.516224145889282227e-01,-1.515550374984741211e+00,-3.762426674365997314e-01
7.191857695579528809e-01,2.076083183288574219e+00,1.580050468444824219e+00,9.709168672561645508e-01,1.514979004859924316e-01,5.331897735595703125e-01,1.305260181427001953e+00,1.072031736373901367e+00,1.210084676742553711e+00,8.944014310836791992e-01,1.474553942680358887e+00,2.513851404190063477e+00,1.152347326278686523e+00,1.590057969093322754e+00,9.611687660217285156e-01,1.570401430130004883e+00,1.395690083503723145e+00,9.761214852333068848e-01,1.099825739860534668e+00,1.855335116386413574e+00
1.579540818929672241e-01,1.130331605672836304e-01,7.988100647926330566e-01,4.633705914020538330e-01,2.901875972747802734e-01,-9.655995965003967285e-01,2.372372448444366455e-01,-1.582223176956176758e+00,-1.667980551719665527e-01,-1.194273605942726135e-01,4.101705253124237061e-01,1.091648697853088379e+00,8.397306799888610840e-01,-1.364204168319702148e+00,1.246955156326293945e+00,-6.104278191924095154e-02,1.045392036437988281e+00,-1.880142241716384888e-01,-2.489012479782104492e-01,1.939541846513748169e-01
2.427268981933593750e+00,1.700285434722900391e+00,1.072089910507202148e+00,9.777014255523681641e-01,2.447933435440063477e+00,6.698616147041320801e-01,7.240096330642700195e-01,5.663443803787231445e-01,1.285806179046630859e+00,1.480764389038085938e+00,1.775963783264160156e+00,9.996064901351928711e-01,6.034879088401794434e-01,1.086375951766967773e+00,1.810371398925781250e+00,4.255355596542358398e-01,1.898531913757324219e+00,7.249431014060974121e-01,3.600895702838897705e-01,1.601407408714294434e+00
-2.891304016113281250e+00,-1.600776553153991699e+00,-1.001359224319458008e+00,-1.023535966873168945e+00,-1.889204859733581543e+00,-1.202693700790405273e+00,-1.790166616439819336e+00,-3.322245180606842041e-01,-7.009180784225463867e-01,-1.115446925163269043e+00,-1.954143881797790527e+00,-1.149302482604980469e+00,-1.829960823059082031e+00,-1.426835894584655762e+00,-2.681845664978027344e+00,-1.218872308731079102e+00,-2.831752061843872070e+00,-1.100787281990051270e+00,-2.406026601791381836e+00,-1.390642881393432617e+00
-6.773878335952758789e-01,-2.954478561878204346e-01,-5.365350842475891113e-01,-1.990843266248703003e-01,4.227610230445861816e-01,-7.620731592178344727e-01,-4.504036307334899902e-01,-3.339719474315643311e-01,6.350352894514799118e-03,-1.678560137748718262e+00,-5.655217170715332031e-01,-2.219291210174560547e+00,2.216210588812828064e-02,-2.242456197738647461e+00,-8.544571399688720703e-01,-6.540362238883972168e-01,-4.824090898036956787e-01,4.186256825923919678e-01,-2.802774906158447266e-01,-2.579190254211425781e+00
2.277321815490722656e+00,1.110046029090881348e+00,1.699187755584716797e+00,6.962666511535644531e-01,1.085219144821166992e+00,5.819001793861389160e-01,1.405490159988403320e+00,1.492141366004943848e+00,1.707681179046630859e+00,1.481064409017562866e-01,1.145437240600585938e+00,7.020634412765502930e-01,1.470157504081726074e+00,2.134137153625488281e+00,7.427318692207336426e-01,1.051386356353759766e+00,8.756562471389770508e-01,2.854232072830200195e+00,1.695944547653198242e+00,8.516064286231994629e-01
-1.343309998512268066e+00,-6.224918961524963379e-01,3.639754056930541992e-01,4.079546332359313965e-01,-7.004813551902770996e-01,4.689926281571388245e-03,-4.662887454032897949e-01,-1.317494809627532959e-01,-1.591698288917541504e+00,-2.414955347776412964e-01,-2.129473835229873657e-01,-1.451351046562194824e-01,-5.497525930404663086e-01,1.507900953292846680e-01,9.114505052566528320e-01,4.480461776256561279e-01,-3.490013182163238525e-01,-3.855626657605171204e-02,1.031976819038391113e+00,-4.731247425079345703e-01
4.345621764659881592e-01,-9.903625845909118652e-01,-2.127404958009719849e-01,-4.454581141471862793e-01,-8.195587396621704102e-01,-5.601758956909179688e-01,2.681755125522613525e-01,2.527481913566589355e-01,-1.458321213722229004e+00,-2.864735722541809082e-01,-8.504052162170410156e-01,6.799040734767913818e-02,8.005843758583068848e-01,1.581343859434127808e-01,1.256962656974792480e+00,-6.943871974945068359e-01,-1.082745075225830078e+00,-2.412732690572738647e-01,-5.375416278839111328e-01,1.202577799558639526e-01
1.432197451591491699e+00,1.821231722831726074e+00,3.865738511085510254e-01,7.905378341674804688e-01,-3.322885930538177490e-01,7.074170708656311035e-01,2.041700124740600586e+00,4.451251626014709473e-01,1.192879557609558105e+00,9.961897730827331543e-01,1.615230798721313477e+00,3.970095813274383545e-01,-1.321413666009902954e-01,1.005847811698913574e+00,7.421776652336120605e-01,6.980383992195129395e-01,6.978108882904052734e-01,1.147496476769447327e-01,1.086869478225708008e+00,-4.815279040485620499e-03
2.185850858688354492e+00,1.416316747665405273e+00,2.132914304733276367e+00,1.522523045539855957e+00,1.538013339042663574e+00,1.857897281646728516e+00,8.470029830932617188e-01,2.196119785308837891e+00,1.391284465789794922e+00,1.075535178184509277e+00,1.409582018852233887e+00,6.813583374023437500e-01,5.713442564010620117e-01,1.290191054344177246e+00,1.442149519920349121e+00,2.073332071304321289e+00,1.836648106575012207e+00,1.339171409606933594e+00,9.242333173751831055e-01,1.089160323143005371e+00
5.069944635033607483e-02,1.132906079292297363e+00,2.996751964092254639e-01,9.473773837089538574e-01,4.384472966194152832e-01,1.018658876419067383e+00,6.506767868995666504e-01,5.256119370460510254e-01,1.045049428939819336e+00,5.276983976364135742e-01,3.725735545158386230e-01,5.280733108520507812e-01,1.604437589645385742e+00,7.743922472000122070e-01,1.681576013565063477e+00,1.103594899177551270e+00,3.771309256553649902e-01,5.820510983467102051e-01,9.890840053558349609e-01,4.982203543186187744e-01
-1.215958073735237122e-01,3.103432655334472656e-01,-9.256184101104736328e-02,3.592937290668487549e-01,-1.770627021789550781e+00,6.208171844482421875e-01,4.348369240760803223e-01,-4.520037770271301270e-01,4.301682710647583008e-01,-8.936070203781127930e-01,-9.165476560592651367e-01,-2.363894283771514893e-01,-4.224015474319458008e-01,-2.009864198043942451e-03,-1.608915477991104126e-01,3.556836247444152832e-01,2.337254285812377930e-01,3.021511435508728027e-01,3.233625292778015137e-01,1.461960673332214355e-01
9.842023849487304688e-01,-6.960474252700805664e-01,4.207390546798706055e-01,9.012698531150817871e-01,-2.258752286434173584e-01,1.365668624639511108e-01,-6.853486299514770508e-01,9.377468228340148926e-01,-1.650964915752410889e-01,-6.499271392822265625e-01,2.824941575527191162e-01,-3.018930554389953613e-01,4.883635938167572021e-01,8.834375143051147461e-01,-3.554934561252593994e-01,5.757218003273010254e-01,-2.286362051963806152e-01,-3.530430495738983154e-01,3.783580362796783447e-01,3.777746856212615967e-02
1.248346447944641113e+00,-7.026152014732360840e-01,-8.223801255226135254e-01,-2.481395483016967773e+00,-1.714063137769699097e-01,-1.513021253049373627e-02,6.141053885221481323e-02,2.228058874607086182e-01,-4.526364207267761230e-01,-7.544359564781188965e-01,-8.367274999618530273e-01,-2.627814710140228271e-01,2.189540714025497437e-01,-6.829633712768554688e-01,-2.823149859905242920e-01,2.747689485549926758e-01,2.708857953548431396e-01,-2.244278937578201294e-01,-2.111071646213531494e-01,-4.629093706607818604e-01
2.318619489669799805e+00,1.093996524810791016e+00,5.882296562194824219e-01,-1.603637933731079102e-01,1.348362922668457031e+00,7.398591041564941406e-01,6.121825575828552246e-01,7.656725049018859863e-01,1.448816359043121338e-01,1.493893563747406006e-01,3.236272633075714111e-01,1.218670725822448730e+00,8.071951270103454590e-01,1.751386165618896484e+00,1.634450078010559082e+00,7.092661261558532715e-01,2.612612724304199219e+00,2.555435597896575928e-01,1.895995140075683594e+00,1.151233434677124023e+00
1.668779730796813965e+00,-5.608146265149116516e-02,1.171028017997741699e+00,1.736579656600952148e+00,1.389165759086608887e+00,7.087988853454589844e-01,1.201617836952209473e+00,1.936372160911560059e+00,2.761046171188354492e+00,8.922587037086486816e-01,7.397068142890930176e-01,9.044864177703857422e-01,8.665859103202819824e-01,8.616061210632324219e-01,1.116830587387084961e+00,2.290212631225585938e+00,7.704146504402160645e-01,1.912406921386718750e+00,2.069686889648437500e+00,1.033085227012634277e+00
-7.950009107589721680e-01,-1.297630786895751953e+00,-5.808641314506530762e-01,-2.737410962581634521e-01,-1.962379813194274902e-01,2.652328014373779297e-01,-5.317053198814392090e-02,-3.406499028205871582e-01,-2.949879169464111328e-01,2.799751758575439453e-01,-1.201949477195739746e+00,-1.573782920837402344e+00,-7.207950949668884277e-01,-6.621060967445373535e-01,-6.862211823463439941e-01,-1.260157585144042969e+00,-2.402257621288299561e-01,-1.325133800506591797e+00,-4.241869449615478516e-01,1.915979236364364624e-01
-1.139430999755859375e+00,-1.266870260238647461e+00,-1.467993378639221191e+00,-7.096434235572814941e-01,-1.176581859588623047e+00,-3.250128328800201416e-01,-2.152200937271118164e-01,-4.071195721626281738e-01,-4.893619120121002197e-01,-1.934182792901992798e-01,-8.516701459884643555e-01,-1.185183227062225342e-01,7.045339941978454590e-01,-7.623686194419860840e-01,-1.442631602287292480e+00,-4.836755692958831787e-01,7.284983247518539429e-02,-1.024542212486267090e+00,-1.981719732284545898e+00,-4.008348286151885986e-01
-8.980745077133178711e-01,-8.162755966186523438e-01,-4.684955775737762451e-01,-6.922845263034105301e-03,-2.719306349754333496e-01,-1.132601022720336914e+00,1.160874515771865845e-01,8.791857361793518066e-01,-1.117393255233764648e+00,-1.590273380279541016e-01,-1.110823392868041992e+00,-1.154347062110900879e+00,-8.849577903747558594e-01,-1.919735968112945557e-01,4.096522182226181030e-02,-1.225499138236045837e-01,-6.194880008697509766e-01,1.749082207679748535e-01,-6.060255765914916992e-01,-2.471363991498947144e-01
-3.594648540019989014e-01,1.708141714334487915e-01,3.550135195255279541e-01,6.087164282798767090e-01,3.057897090911865234e-01,-1.348610222339630127e-01,1.028616547584533691e+00,3.006319701671600342e-01,4.456802010536193848e-01,3.198788315057754517e-02,-4.443447887897491455e-01,-3.597091734409332275e-01,3.434037566184997559e-01,-8.445830345153808594e-01,6.121131777763366699e-01,6.290951371192932129e-01,2.306689471006393433e-01,-8.056786656379699707e-01,1.000619530677795410e+00,1.076934263110160828e-01
6.106619834899902344e-01,2.723574638366699219e-01,-5.240550637245178223e-01,-3.685393035411834717e-01,-2.379671037197113037e-01,-4.679726436734199524e-02,6.209465265274047852e-01,5.507346987724304199e-01,5.359404087066650391e-01,-1.675426959991455078e-01,2.586220502853393555e-01,1.840672612190246582e+00,-3.959778249263763428e-01,2.449915707111358643e-01,7.147522270679473877e-02,1.197851538658142090e+00,-5.079786181449890137e-01,7.120618969202041626e-02,-1.935984492301940918e-01,1.576502770185470581e-01
3.776698708534240723e-01,5.225036144256591797e-01,-1.919374465942382812e-01,-8.387683033943176270e-01,1.727571934461593628e-01,-5.149184465408325195e-01,-3.134754598140716553e-01,1.696139127016067505e-01,2.071534246206283569e-01,-2.077457904815673828e-01,7.679341435432434082e-01,-1.364972442388534546e-01,-2.609852552413940430e-01,-3.904881775379180908e-01,-4.416404068470001221e-01,3.814911842346191406e-01,-1.676372408866882324e+00,-4.539250731468200684e-01,-1.752990186214447021e-01,-1.685529798269271851e-01
-1.310507506132125854e-01,4.391479194164276123e-01,-2.458374649286270142e-01,2.829127013683319092e-01,3.179064393043518066e-01,8.677040338516235352e-01,9.198205471038818359e-01,-1.194035768508911133e+00,1.044540286064147949e+00,7.651829719543457031e-01,-9.040675163269042969e-01,2.621192038059234619e-01,1.406200677156448364e-01,-3.499045968055725098e-01,4.668227434158325195e-01,-1.359331905841827393e-01,3.488512635231018066e-01,-7.985541820526123047e-01,4.196322560310363770e-01,9.273786544799804688e-01
-1.885683685541152954e-01,5.223711133003234863e-01,3.124170005321502686e-01,-9.445530772209167480e-01,-2.760023355484008789e+00,-1.065450787544250488e+00,-2.093138396739959717e-01,1.043351411819458008e+00,8.491114526987075806e-02,7.805269956588745117e-02,-6.586286425590515137e-01,2.581078708171844482e-01,-1.327065750956535339e-02,-3.012024164199829102e-01,-2.920579314231872559e-01,2.785380780696868896e-01,6.645727157592773438e-02,-6.419119834899902344e-01,-1.001897811889648438e+00,3.723771274089813232e-01
-3.422953188419342041e-01,-9.220317937433719635e-03,-4.491677284240722656e-01,3.818170130252838135e-01,5.845493823289871216e-02,1.677379757165908813e-01,-5.822214484214782715e-01,1.200972795486450195e+00,9.747233986854553223e-02,-8.598188161849975586e-01,-4.213414490222930908e-01,1.348098367452621460e-01,-7.438948154449462891e-01,2.971986532211303711e-01,-5.396529436111450195e-01,-2.318226546049118042e-01,1.422218978404998779e-01,-2.975584268569946289e-01,-1.005687713623046875e+00,-2.560509681701660156e+00
1.441629081964492798e-01,9.918653368949890137e-01,1.918769478797912598e-01,6.990857720375061035e-01,7.513833045959472656e-01,-5.029467344284057617e-01,-4.754886031150817871e-02,3.484317958354949951e-01,4.682128727436065674e-01,-7.306647300720214844e-02,2.680318593978881836e+00,2.591847181320190430e-01,4.870744943618774414e-01,4.750915467739105225e-01,1.081301450729370117e+00,-2.024116069078445435e-01,-1.110058665275573730e+00,1.870467662811279297e-01,9.919455647468566895e-01,3.365291357040405273e-01
-1.725052237510681152e+00,1.363404273986816406e+00,-5.581089258193969727e-01,-5.688421726226806641e-01,-1.829363822937011719e+00,-4.208484590053558350e-01,-1.541370153427124023e+00,-5.588151216506958008e-01,-6.622347235679626465e-01,-1.171374201774597168e+00,-1.140468478202819824e+00,-1.298844456672668457e+00,-1.071117877960205078e+00,9.892157912254333496e-01,-9.677970409393310547e-01,-2.656123042106628418e-01,-1.180977463722229004e+00,-7.758928537368774414e-01,-1.202864646911621094e+00,-1.168778419494628906e+00
-2.962939143180847168e-01,-1.075877919793128967e-01,-1.058611631393432617e+00,-4.131199419498443604e-01,-1.795846104621887207e+00,-3.627329170703887939e-01,2.056707292795181274e-01,-2.034389823675155640e-01,4.123924076557159424e-01,-7.801396250724792480e-01,-1.476116180419921875e-01,-9.726363420486450195e-02,2.930595576763153076e-01,-3.243570923805236816e-01,6.293002963066101074e-01,-1.341228783130645752e-01,-4.031758904457092285e-01,6.388205885887145996e-01,4.070172309875488281e-01,-1.404291540384292603e-01
5.748935341835021973e-01,1.041701912879943848e+00,5.295412540435791016e-01,-8.078114688396453857e-02,-8.382193744182586670e-02,9.660099744796752930e-01,-3.753574490547180176e-01,1.832931756973266602e+00,5.287961363792419434e-01,1.581602215766906738e+00,9.865216612815856934e-01,1.131456613540649414e+00,-1.020574048161506653e-01,4.067355692386627197e-01,6.684545278549194336e-01,1.602371931076049805e+00,-2.826528251171112061e-01,2.245536744594573975e-01,2.457645535469055176e-01,-2.824068069458007812e-01
-8.072184324264526367e-01,1.795335114002227783e-01,4.245620667934417725e-01,-2.869946658611297607e-01,4.176078736782073975e-01,-6.047824770212173462e-02,-2.705757021903991699e-01,3.384905159473419189e-01,3.212468028068542480e-01,-6.775970458984375000e-01,-1.243222579360008240e-01,-4.261693358421325684e-02,1.521356254816055298e-01,-1.970962285995483398e-01,1.631344258785247803e-01,1.082993984222412109e+00,-1.500206440687179565e-01,2.209000438451766968e-01,7.407909631729125977e-01,5.178126096725463867e-01
9.947276711463928223e-01,1.647523522377014160e+00,1.459940671920776367e+00,1.723145365715026855e+00,1.985643744468688965e+00,1.526452541351318359e+00,2.882415056228637695e+00,1.895882606506347656e+00,2.327807664871215820e+00,2.276939153671264648e+00,2.249327898025512695e+00,1.611114621162414551e+00,1.837808370590209961e+00,7.435566186904907227e-01,1.738804340362548828e+00,1.538293242454528809e+00,1.889907240867614746e+00,1.658848762512207031e+00,2.085218191146850586e+00,1.087137460708618164e+00
-1.457714736461639404e-01,2.916757822036743164e+00,4.925823509693145752e-01,-3.001502156257629395e-01,-1.413420438766479492e-01,-2.030070424079895020e-01,4.036826193332672119e-01,-7.042166590690612793e-02,6.441038250923156738e-01,-6.166679859161376953e-01,-8.326148241758346558e-02,-8.295987844467163086e-01,-4.018609821796417236e-01,-5.293142199516296387e-01,2.000056356191635132e-01,-4.579613506793975830e-01,4.747815802693367004e-02,7.390882074832916260e-02,-3.858016431331634521e-01,8.595435619354248047e-01
9.609774947166442871e-01,2.100765556097030640e-01,3.106179237365722656e-01,-9.816069900989532471e-02,1.404633522033691406e+00,-3.226320147514343262e-01,1.936136007308959961e+00,3.964763879776000977e-01,1.084476232528686523e+00,4.240714311599731445e-01,4.704110696911811829e-02,4.327521324157714844e-01,1.706759333610534668e+00,-2.202290296554565430e-01,1.153097391128540039e+00,9.387984871864318848e-01,-2.117258161306381226e-01,-6.337893009185791016e-01,1.235946893692016602e+00,9.428324699401855469e-01
-5.995780229568481445e-01,-3.418814241886138916e-01,-3.076289296150207520e-01,-1.260820984840393066e+00,-3.540563285350799561e-01,-4.605694711208343506e-01,-1.113264799118041992e+00,2.342844605445861816e-01,-7.238845527172088623e-02,-9.123485684394836426e-01,-1.793622672557830811e-01,-9.550591111183166504e-01,-4.396378099918365479e-01,5.033929944038391113e-01,-4.737513661384582520e-01,-8.949378132820129395e-01,1.769146442413330078e+00,-4.986239075660705566e-01,-5.483115911483764648e-01,-6.771272420883178711e-01
-4.655181765556335449e-01,-1.674489617347717285e+00,-1.150416612625122070e+00,-6.419039964675903320e-01,-1.313468456268310547e+00,-1.623750686645507812e+00,-2.376531124114990234e+00,-2.363579511642456055e+00,-2.583257913589477539e+00,-1.224816441535949707e+00,-2.945115089416503906e+00,-8.677351474761962891e-01,1.802502721548080444e-01,-1.867060899734497070e+00,-1.589671134948730469e+00,-1.058644652366638184e+00,-1.372415781021118164e+00,-6.257048845291137695e-01,-1.358897209167480469e+00,-1.498057842254638672e+00
1.100981593132019043e+00,3.650948107242584229e-01,3.879186511039733887e-01,5.272661447525024414e-01,2.584879398345947266e-01,-2.899650335311889648e-01,9.115164875984191895e-01,1.229093551635742188e+00,9.755878448486328125e-01,-5.737682580947875977e-01,-2.495155811309814453e+00,-3.206573426723480225e-01,4.991012811660766602e-01,-1.111909031867980957e+00,1.973230093717575073e-01,6.850715875625610352e-01,-3.063711524009704590e-01,-9.219561517238616943e-02,-7.152007222175598145e-01,1.302641928195953369e-01
-9.243606925010681152e-01,-8.538349270820617676e-01,-9.284322857856750488e-01,-2.963595390319824219e-01,-1.547877907752990723e+00,2.801766693592071533e-01,-1.142006888985633850e-01,2.882113158702850342e-01,-1.075279235839843750e+00,-2.792029380798339844e-01,8.551400154829025269e-02,-9.376924633979797363e-01,6.680703163146972656e-02,-7.690035104751586914e-01,4.548668563365936279e-01,3.036773800849914551e-01,-4.027034938335418701e-01,-1.095676302909851074e+00,-1.281510114669799805e+00,1.226837560534477234e-02
1.060145854949951172e+00,4.538865685462951660e-01,7.471987605094909668e-01,4.418371915817260742e-01,4.061683118343353271e-01,-1.952119767665863037e-01,4.756503105163574219e-01,1.835722327232360840e+00,1.228701472282409668e+00,1.113212466239929199e+00,6.730136275291442871e-01,-3.592304885387420654e-01,2.763433694839477539e+00,1.267411828041076660e+00,1.179008722305297852e+00,3.002687096595764160e-01,3.358319997787475586e-01,1.776682287454605103e-01,-1.008918806910514832e-01,4.006576240062713623e-01
-2.076022028923034668e-01,-6.215117573738098145e-01,-4.964273273944854736e-01,-1.311270833015441895e+00,1.123090744018554688e+00,-2.122248411178588867e-01,-1.128876209259033203e+00,-1.252168267965316772e-01,2.576333880424499512e-01,-4.385763108730316162e-01,-9.859762191772460938e-01,-4.617909491062164307e-01,-6.278676390647888184e-01,3.979940414428710938e-01,-1.177295446395874023e+00,4.287679195404052734e-01,-1.895114183425903320e-01,-4.864052236080169678e-01,5.257804989814758301e-01,2.315147966146469116e-02
8.648154139518737793e-01,1.242547035217285156e+00,1.408655881881713867e+00,1.030009627342224121e+00,9.945237040519714355e-01,2.363748073577880859e+00,1.839620828628540039e+00,2.233637809753417969e+00,1.150792837142944336e+00,9.896734952926635742e-01,8.952946066856384277e-01,3.013447821140289307e-01,1.670719623565673828e+00,1.818747282028198242e+00,2.407916307449340820e+00,7.665739655494689941e-01,2.936238050460815430e+00,4.866580963134765625e-01,1.158290505409240723e+00,1.947451353073120117e+00
-2.555674076080322266e+00,-1.149505734443664551e+00,-1.273059606552124023e+00,-7.025628685951232910e-01,-1.021160244941711426e+00,-1.266108632087707520e+00,-9.206448793411254883e-01,-1.011974453926086426e+00,-1.175233125686645508e+00,-1.063451051712036133e+00,-2.669475972652435303e-01,-7.333407998085021973e-01,-1.263457894325256348e+00,-6.510677933692932129e-01,-1.026969671249389648e+00,-1.658995151519775391e+00,-2.700779139995574951e-01,-1.352075576782226562e+00,-1.575891613960266113e+00,-1.310815095901489258e+00
-1.747232794761657715e+00,-1.019976735115051270e+00,-6.216070652008056641e-01,-3.151668012142181396e-01,-7.569003701210021973e-01,-1.096182227134704590e+00,2.183936983346939087e-01,-6.638885289430618286e-02,1.474584639072418213e-01,-4.435193240642547607e-01,-7.685161232948303223e-01,-1.055868625640869141e+00,-8.276186883449554443e-02,-7.961283922195434570e-01,-4.974883496761322021e-01,-1.706597924232482910e+00,-1.656749725341796875e+00,-1.351840198040008545e-01,-7.457606792449951172e-01,3.159069716930389404e-01
1.024083018302917480e+00,5.003252029418945312e-01,1.057758688926696777e+00,5.690334439277648926e-01,1.193293690681457520e+00,4.710462093353271484e-01,8.480048179626464844e-01,5.721156001091003418e-01,2.022539615631103516e+00,1.744969844818115234e+00,2.589731216430664062e-01,1.144618034362792969e+00,1.562615752220153809e+00,4.286547899246215820e-01,1.639933109283447266e+00,1.867039442062377930e+00,5.057678222656250000e-01,5.541599392890930176e-01,5.672149658203125000e-01,1.153099060058593750e+00
-1.137821674346923828e+00,-1.672984719276428223e+00,-4.260493218898773193e-01,-4.066936075687408447e-01,-8.611056804656982422e-01,-1.193762898445129395e+00,-2.499376773834228516e+00,1.166400611400604248e-01,-1.151582479476928711e+00,-7.804953455924987793e-01,-1.110954165458679199e+00,-9.895259737968444824e-01,-1.604260921478271484e+00,-3.881990015506744385e-01,-1.043639898300170898e+00,-1.078199982643127441e+00,-9.145793914794921875e-01,-2.020346164703369141e+00,-1.613648414611816406e+00,-6.148200631141662598e-01
-2.313591718673706055e+00,-1.651934742927551270e+00,-1.789361834526062012e+00,-1.516175508499145508e+00,-1.153831243515014648e+00,-2.543267726898193359e+00,-2.964254856109619141e+00,-5.034068226814270020e-01,-2.238063335418701172e+00,-1.664934158325195312e+00,-1.532523274421691895e+00,-1.537977576255798340e+00,-1.093238353729248047e+00,-1.282803893089294434e+00,-1.449858665466308594e+00,-1.506258368492126465e+00,-9.100034832954406738e-01,-1.902458548545837402e+00,-1.746039748191833496e+00,-1.489611387252807617e+00
-8.424987643957138062e-02,-3.021643031388521194e-03,-7.892237901687622070e-01,-4.227760136127471924e-01,-1.191794574260711670e-01,-1.143031477928161621e+00,-3.061921596527099609e-01,3.415124714374542236e-01,9.433885812759399414e-01,-6.557819247245788574e-01,2.108426570892333984e+00,3.642103672027587891e-01,1.567789167165756226e-01,-4.651244282722473145e-01,-9.508805274963378906e-01,-3.286161720752716064e-01,-4.328836500644683838e-01,-1.558172464370727539e+00,-4.035671353340148926e-01,-1.107634529471397400e-01
5.980352163314819336e-01,1.157935112714767456e-01,-3.903158903121948242e-01,6.461647748947143555e-01,-2.201867550611495972e-01,-9.103518724441528320e-01,4.547999501228332520e-01,3.898257613182067871e-01,4.122139215469360352e-01,8.129268884658813477e-02,3.961466252803802490e-01,4.534661471843719482e-01,-8.876489847898483276e-02,2.558460533618927002e-01,1.802539348602294922e+00,-1.519424319267272949e+00,3.414329588413238525e-01,-2.221072167158126831e-01,1.031513690948486328e+00,3.570091426372528076e-01
1.228162646293640137e+00,3.056384325027465820e-01,1.276451945304870605e+00,7.071794271469116211e-01,9.536117315292358398e-01,5.327590107917785645e-01,1.920130848884582520e+00,-7.173572480678558350e-02,6.665855646133422852e-01,1.159707665443420410e+00,7.492186427116394043e-01,2.937258481979370117e-01,1.210174441337585449e+00,5.170425772666931152e-01,1.180087685585021973e+00,1.391571760177612305e+00,4.440035521984100342e-01,-8.383304476737976074e-01,9.416698217391967773e-01,1.460254907608032227e+00
1.395714998245239258e+00,1.089533448219299316e+00,7.059615254402160645e-01,5.997619032859802246e-01,1.109323978424072266e+00,4.406200945377349854e-01,7.970417141914367676e-01,9.005553126335144043e-01,4.853097498416900635e-01,7.126597166061401367e-01,1.318272829055786133e+00,7.532721161842346191e-01,8.502328991889953613e-01,2.247094660997390747e-01,8.724352717399597168e-01,5.279841423034667969e-01,8.052892684936523438e-01,5.192109346389770508e-01,1.075652956962585449e+00,1.713055849075317383e+00
-1.058737397193908691e+00,2.144502401351928711e-01,-4.515376389026641846e-01,-4.071822464466094971e-01,9.359394013881683350e-02,-6.597183942794799805e-01,-6.826364994049072266e-01,1.077879294753074646e-01,-4.267223477363586426e-01,5.272537469863891602e-01,-4.491554498672485352e-01,-4.622494578361511230e-01,-7.286854386329650879e-01,2.705749273300170898e-01,-1.826535910367965698e-01,1.027920246124267578e+00,-2.735581696033477783e-01,-9.733116030693054199e-01,-6.319090127944946289e-01,2.462192624807357788e-01
2.605857253074645996e-01,-7.331554889678955078e-01,-1.010735273361206055e+00,-1.057870507240295410e+00,-8.839140534400939941e-01,3.115371242165565491e-02,3.578424826264381409e-02,-7.242354154586791992e-01,-1.439647823572158813e-01,-1.049003601074218750e+00,-2.054920673370361328e+00,-5.726583600044250488e-01,-1.068553403019905090e-01,-8.237567543983459473e-01,-1.255165696144104004e+00,-2.927565872669219971e-01,-8.094282746315002441e-01,-4.113112092018127441e-01,-5.199828147888183594e-01,2.129654884338378906e-01
-2.110251039266586304e-01,3.378485441207885742e-01,7.956038713455200195e-01,9.159931540489196777e-01,9.767765402793884277e-01,4.066843688488006592e-01,2.430081605911254883e+00,4.967988431453704834e-01,1.161114573478698730e+00,5.415899753570556641e-01,8.653289079666137695e-01,6.696910262107849121e-01,4.872725903987884521e-01,5.754647850990295410e-01,1.744546175003051758e+00,7.410758137702941895e-01,1.929416537284851074e+00,9.428646564483642578e-01,-3.653202950954437256e-02,1.363404393196105957e+00
1.145134210586547852e+00,-1.743632555007934570e-01,5.800703167915344238e-01,9.200828075408935547e-01,5.593676865100860596e-02,2.800307869911193848e-01,1.076777353882789612e-01,6.559730768203735352e-01,-9.241959452629089355e-01,-5.007190257310867310e-02,3.593347668647766113e-01,1.684183955192565918e+00,-3.502363562583923340e-01,3.949519395828247070e-01,-2.255986183881759644e-01,1.129235386848449707e+00,7.119192481040954590e-01,2.256223857402801514e-01,-9.854298233985900879e-01,2.335394620895385742e-01
1.035303235054016113e+00,2.139640450477600098e-01,-3.018725216388702393e-01,2.482018172740936279e-01,3.976241648197174072e-01,-2.395541667938232422e-01,1.173927426338195801e+00,5.469807386398315430e-01,-1.389292001724243164e+00,5.419536828994750977e-01,6.558364033699035645e-01,-3.158871084451675415e-02,-2.340257316827774048e-01,-4.385779798030853271e-01,-1.781471520662307739e-01,9.096441864967346191e-01,4.987861216068267822e-02,7.587643265724182129e-01,6.820551156997680664e-01,2.473035901784896851e-01
2.488565146923065186e-01,-1.140834927558898926e+00,-1.651107072830200195e-01,-8.012856841087341309e-01,9.750785827636718750e-01,4.332710802555084229e-01,1.027803182601928711e+00,6.052474975585937500e-01,3.832856118679046631e-01,1.036822199821472168e-01,5.749294534325599670e-03,5.199254155158996582e-01,1.814186945557594299e-02,6.185591220855712891e-01,1.698640823364257812e+00,1.207326292991638184e+00,-2.599450647830963135e-01,3.181804418563842773e-01,2.632392048835754395e-01,3.788672387599945068e-01
-7.383716106414794922e-01,7.558289170265197754e-01,3.485998809337615967e-01,-2.676468156278133392e-02,-1.696167588233947754e-01,-3.823061287403106689e-01,-5.226026102900505066e-02,3.798213601112365723e-01,3.809696435928344727e-01,-2.623395025730133057e-01,1.010743141174316406e+00,-2.066337317228317261e-01,4.714290499687194824e-01,-4.529447257518768311e-01,5.132195949554443359e-01,1.007886052131652832e+00,-3.596490621566772461e-01,6.248486042022705078e-01,2.402745559811592102e-02,-4.222436547279357910e-01
6.614964008331298828e-01,4.143371060490608215e-02,9.950648248195648193e-02,4.636538028717041016e-01,1.992379128932952881e-01,2.687183320522308350e-01,6.402679085731506348e-01,1.561017513275146484e+00,9.183625578880310059e-01,8.718694448471069336e-01,7.889060974121093750e-01,8.811395764350891113e-01,3.449214100837707520e-01,-3.155130147933959961e-01,-1.611302644014358521e-01,1.232514858245849609e+00,-1.263101249933242798e-01,4.807317852973937988e-01,1.576729655265808105e+00,-8.190247416496276855e-01
-2.103125095367431641e+00,-5.292045474052429199e-01,1.686505556106567383e+00,-8.237022757530212402e-01,2.688083052635192871e-02,-1.111876606941223145e+00,-5.138185620307922363e-01,-2.104071825742721558e-01,-6.177300214767456055e-02,-3.509477078914642334e-01,-1.103762626647949219e+00,-6.279425024986267090e-01,1.568123698234558105e-01,-6.454846858978271484e-01,3.481827378273010254e-01,-9.412192106246948242e-01,-1.040745854377746582e+00,-3.267004787921905518e-01,-1.105397820472717285e+00,2.875631749629974365e-01
1.026878237724304199e+00,3.347687423229217529e-01,1.110658168792724609e+00,-1.667451024055480957e+00,-6.682749390602111816e-01,3.703592419624328613e-01,-6.553947329521179199e-01,4.199384450912475586e-01,4.009898006916046143e-01,1.032586097717285156e+00,3.185402750968933105e-01,2.400661706924438477e-01,2.124514132738113403e-01,1.412355542182922363e+00,6.574394106864929199e-01,3.862628936767578125e-01,9.811264872550964355e-01,5.712896957993507385e-02,4.426514506340026855e-01,8.931032419204711914e-01
5.456055700778961182e-02,1.121238589286804199e+00,1.537692785263061523e+00,1.711647510528564453e-01,6.425823569297790527e-01,4.023638069629669189e-01,4.468923807144165039e-01,4.264574646949768066e-01,5.197014212608337402e-01,5.201033949851989746e-01,3.674773275852203369e-01,-3.897744715213775635e-01,3.111878335475921631e-01,3.704383969306945801e-01,6.486706733703613281e-01,-5.021009445190429688e-01,4.253939092159271240e-01,4.693957790732383728e-02,-1.875723600387573242e-01,8.561246991157531738e-01
-5.634766817092895508e-01,-1.201274037361145020e+00,-3.034738600254058838e-01,4.533351585268974304e-02,-1.727347820997238159e-01,-1.807785779237747192e-01,-1.502465307712554932e-01,4.528143703937530518e-01,3.705275654792785645e-01,2.543923556804656982e-01,-2.159133702516555786e-01,-6.961653828620910645e-01,-6.721366196870803833e-02,-2.533500194549560547e-01,-2.993185818195343018e-01,-9.082689285278320312e-01,-4.068577289581298828e-01,-3.833263367414474487e-02,1.354163736104965210e-01,1.021190166473388672e+00
1.415495157241821289e+00,1.259567022323608398e+00,1.865139365196228027e+00,1.171857237815856934e+00,-8.896242827177047729e-02,1.269269108772277832e+00,1.744404792785644531e+00,1.173073649406433105e+00,9.933169484138488770e-01,7.378040552139282227e-01,1.671943068504333496e+00,1.237206816673278809e+00,1.941771864891052246e+00,8.399323821067810059e-01,1.885940670967102051e+00,1.967911124229431152e+00,2.328643083572387695e+00,5.288286805152893066e-01,2.638144969940185547e+00,1.108425498008728027e+00
7.250001654028892517e-03,9.170367121696472168e-01,1.629543542861938477e+00,7.668332457542419434e-01,8.638604283332824707e-01,1.027080774307250977e+00,1.252522945404052734e+00,1.072189807891845703e+00,6.385113000869750977e-01,9.530917406082153320e-01,8.781799077987670898e-01,4.512267708778381348e-01,5.550426244735717773e-01,5.254945755004882812e-01,1.686857938766479492e+00,4.154709577560424805e-01,1.257555723190307617e+00,1.403705596923828125e+00,1.734777212142944336e+00,4.053626060485839844e-01
6.001868844032287598e-01,1.768887519836425781e+00,5.703185796737670898e-01,2.298737317323684692e-02,-2.071597576141357422e-01,4.419016838073730469e-01,8.019956350326538086e-01,4.770573675632476807e-01,-5.320437550544738770e-01,-6.131299734115600586e-01,-2.314177751541137695e-01,9.294769167900085449e-01,1.083425804972648621e-01,7.533302903175354004e-01,-3.435807675123214722e-02,1.001274138689041138e-01,-3.761970400810241699e-01,4.396438300609588623e-01,-4.060500264167785645e-01,1.536174416542053223e-01
2.019925355911254883e+00,8.643189668655395508e-01,2.651610076427459717e-01,5.259975790977478027e-01,-6.842058300971984863e-01,3.419651389122009277e-01,4.222939312458038330e-01,1.474981188774108887e+00,1.214604020118713379e+00,1.906365901231765747e-01,3.973358273506164551e-01,-6.059285998344421387e-01,-2.383423298597335815e-01,-2.419984340667724609e-01,-3.908871412277221680e-01,1.318464756011962891e+00,2.632026970386505127e-01,1.819484680891036987e-01,-4.076738953590393066e-01,6.828485727310180664e-01
3.366655111312866211e-01,-5.755005478858947754e-01,1.088613748550415039e+00,-9.775971621274948120e-02,-1.322256959974765778e-02,-4.251819550991058350e-01,2.446133792400360107e-01,-8.777622580528259277e-01,2.024337500333786011e-01,1.108148336410522461e+00,-3.814565539360046387e-01,-1.712165474891662598e-01,-1.046709895133972168e+00,-2.614948153495788574e-01,9.255434274673461914e-01,7.097063586115837097e-03,-3.805969655513763428e-01,4.728395342826843262e-01,1.736500561237335205e-01,5.802865028381347656e-01
-3.018823266029357910e-01,-1.364433884620666504e+00,-9.113172888755798340e-01,-2.985154688358306885e-01,4.519790709018707275e-01,8.526016026735305786e-02,2.011718004941940308e-01,-3.047939240932464600e-01,-1.053483128547668457e+00,4.154229164123535156e-01,4.216741621494293213e-01,3.274760842323303223e-01,8.758395165205001831e-02,2.127273678779602051e-01,-1.019331574440002441e+00,8.807589411735534668e-01,-2.336673587560653687e-01,2.301126569509506226e-01,2.479900419712066650e-01,-6.258797049522399902e-01
4.500509425997734070e-02,1.122671738266944885e-01,1.126240968704223633e+00,3.968505561351776123e-01,1.181700944900512695e+00,4.233641326427459717e-01,2.951923906803131104e-01,3.047174811363220215e-01,-8.224873542785644531e-01,7.900003194808959961e-01,5.901925563812255859e-01,-3.051078133285045624e-02,1.410917490720748901e-01,-1.741077154874801636e-01,6.203528046607971191e-01,4.928066134452819824e-01,-4.253081679344177246e-01,4.794728383421897888e-02,-1.911357343196868896e-01,3.481003940105438232e-01
1.001275420188903809e+00,3.656691908836364746e-01,8.946044445037841797e-01,4.198093116283416748e-01,-2.968304790556430817e-02,-2.510858774185180664e-01,3.588089048862457275e-01,3.333764374256134033e-01,8.313115239143371582e-01,2.254966259002685547e+00,1.473536133766174316e+00,2.363774061203002930e+00,-2.105715125799179077e-01,-8.874260187149047852e-01,3.245209455490112305e-01,-1.186617463827133179e-01,1.001025363802909851e-01,-2.578187882900238037e-01,2.785904705524444580e-01,9.426599144935607910e-01
8.985614776611328125e-01,-2.375164926052093506e-01,9.269364476203918457e-01,-8.994391560554504395e-02,2.116487622261047363e-01,3.638923913240432739e-02,9.121830463409423828e-01,3.356375992298126221e-01,1.780823022127151489e-01,6.254345774650573730e-01,1.412523150444030762e+00,-2.399849176406860352e+00,3.907774984836578369e-01,7.834588289260864258e-01,9.865604043006896973e-01,1.004805207252502441e+00,8.636664152145385742e-01,4.657703638076782227e-01,7.375904321670532227e-01,4.198035001754760742e-01
-2.146838158369064331e-01,2.292439699172973633e+00,-2.489777803421020508e-01,-9.735429883003234863e-01,-8.248102068901062012e-01,-9.801059961318969727e-01,-7.580518722534179688e-01,2.271830290555953979e-01,-9.294106364250183105e-01,1.427196383476257324e+00,-8.009073138236999512e-01,-2.658175826072692871e-01,-2.020887583494186401e-01,-5.435074567794799805e-01,-1.597025752067565918e+00,-6.957183778285980225e-02,-6.756321992725133896e-03,-3.179158866405487061e-01,-3.884155452251434326e-01,3.254278004169464111e-01
2.981474995613098145e-01,1.058439016342163086e+00,4.769023656845092773e-01,1.022283062338829041e-01,-5.479081273078918457e-01,5.452072024345397949e-01,4.400849640369415283e-01,3.637900352478027344e-01,2.519391775131225586e+00,1.250609397888183594e+00,2.142710387706756592e-01,-2.074046880006790161e-01,-9.661080688238143921e-02,1.281980156898498535e+00,6.418709158897399902e-01,7.559871673583984375e-02,1.384486854076385498e-01,4.328658580780029297e-01,3.447977602481842041e-01,1.404586672782897949e+00
-1.128157734870910645e+00,-9.106115698814392090e-01,-8.020176291465759277e-01,-2.550155520439147949e-01,-8.462778925895690918e-01,-1.196745038032531738e+00,-6.840189695358276367e-01,-7.629953026771545410e-01,-1.275561809539794922e+00,-7.747682929039001465e-01,6.272359192371368408e-02,-8.599033951759338379e-01,-1.667863368988037109e+00,-8.923098444938659668e-01,-3.761061728000640869e-01,-1.224574089050292969e+00,-8.744087815284729004e-01,-1.945361867547035217e-02,-1.874280452728271484e+00,-1.230464696884155273e+00
1.676998019218444824e+00,1.296752214431762695e+00,1.084843993186950684e+00,2.051697224378585815e-01,2.768135070800781250e+00,-9.929316118359565735e-03,9.749062061309814453e-01,9.552429318428039551e-01,1.690098524093627930e+00,1.159686207771301270e+00,1.843068599700927734e+00,8.803143501281738281e-01,9.874891638755798340e-01,1.036852717399597168e+00,2.128955602645874023e+00,1.903785824775695801e+00,1.744946599006652832e+00,5.480319261550903320e-01,1.615298151969909668e+00,7.184454202651977539e-01
2.970899820327758789e+00,1.868492126464843750e+00,3.686283826828002930e-01,2.536700487136840820e+00,1.881676316261291504e+00,1.146178603172302246e+00,8.732151985168457031e-01,6.456908583641052246e-01,1.212105274200439453e+00,1.074367046356201172e+00,5.012820363044738770e-01,9.112226366996765137e-01,5.598183274269104004e-01,1.663143873214721680e+00,5.788484811782836914e-01,1.547000646591186523e+00,4.100643694400787354e-01,1.497863888740539551e+00,1.048771142959594727e+00,6.223887801170349121e-01
4.575839340686798096e-01,4.168441593647003174e-01,8.732824921607971191e-01,-3.037682175636291504e-01,-2.764371633529663086e-01,-4.485646784305572510e-01,-1.915508955717086792e-01,-4.653452932834625244e-01,1.861794233322143555e+00,1.475356698036193848e+00,-2.067272663116455078e-01,5.112785696983337402e-01,9.684823751449584961e-01,-3.457567393779754639e-01,1.599078297615051270e+00,8.907959461212158203e-01,-3.373876512050628662e-01,3.771186769008636475e-01,-2.984774708747863770e-01,3.941777348518371582e-01
-1.155639588832855225e-01,2.496168375015258789e+00,3.903931081295013428e-01,2.608311772346496582e-01,-3.089390695095062256e-02,-5.516272783279418945e-01,-9.326411485671997070e-01,2.393745444715023041e-02,1.133458241820335388e-01,-7.524841427803039551e-01,-9.415147900581359863e-01,-1.380197256803512573e-01,3.223255509510636330e-03,-2.612146437168121338e-01,1.036319613456726074e+00,1.684209853410720825e-01,-3.424867689609527588e-01,1.946992129087448120e-01,3.019214570522308350e-01,9.003219008445739746e-01
-7.389611005783081055e-01,-1.930403828620910645e+00,-3.876445889472961426e-01,-1.777321219444274902e+00,-5.799679756164550781e-01,-8.238620162010192871e-01,-8.814203143119812012e-01,3.833291232585906982e-01,-2.062203139066696167e-01,-1.497370481491088867e+00,-1.220601320266723633e+00,-1.246707201004028320e+00,-1.184258341789245605e+00,1.481732875108718872e-01,-4.502054154872894287e-01,-3.175368905067443848e-01,-3.233764171600341797e-01,-6.176562905311584473e-01,-5.453853011131286621e-01,1.450881838798522949e+00
4.562463164329528809e-01,2.011687010526657104e-01,5.757115483283996582e-01,-1.402754634618759155e-01,-6.149925589561462402e-01,7.753698229789733887e-01,5.036792159080505371e-01,-2.308771908283233643e-01,6.189997196197509766e-01,1.120836362242698669e-01,6.389372795820236206e-02,7.303767800331115723e-01,7.347880005836486816e-01,3.642845749855041504e-01,4.486331939697265625e-01,7.624081373214721680e-01,-9.208284616470336914e-01,2.093129396438598633e+00,8.324046730995178223e-01,1.795639872550964355e+00
1.711541295051574707e+00,2.999793529510498047e+00,1.888366937637329102e+00,1.294227719306945801e+00,1.983458399772644043e+00,1.973575115203857422e+00,1.704058885574340820e+00,2.167403697967529297e+00,2.051924228668212891e+00,1.836271524429321289e+00,1.518699049949645996e+00,2.387547016143798828e+00,1.442600369453430176e+00,1.398794531822204590e+00,8.905640244483947754e-01,1.166128993034362793e+00,2.103180646896362305e+00,1.713057160377502441e+00,2.558919191360473633e+00,1.529615044593811035e+00
9.042597413063049316e-01,1.610686302185058594e+00,8.250972032546997070e-01,5.023850798606872559e-01,8.949807286262512207e-01,2.371838808059692383e+00,1.082081198692321777e+00,5.531477928161621094e-01,-1.169110387563705444e-01,8.637356758117675781e-01,5.007779598236083984e-01,3.717294931411743164e-01,9.410392642021179199e-01,7.499954700469970703e-01,7.982700467109680176e-01,1.437406420707702637e+00,7.298571467399597168e-01,7.131747603416442871e-01,4.285389482975006104e-01,-9.100559353828430176e-01
4.116740822792053223e-01,4.396093785762786865e-01,7.354549765586853027e-01,4.157815575599670410e-01,4.848789870738983154e-01,-4.297153949737548828e-01,9.244118332862854004e-01,9.293186664581298828e-02,4.988088011741638184e-01,9.631314128637313843e-02,5.121713280677795410e-01,-9.983786940574645996e-02,-1.180353760719299316e-01,3.168134689331054688e-01,-3.593281805515289307e-01,1.925108075141906738e+00,-7.382244467735290527e-01,6.322889924049377441e-01,1.114427804946899414e+00,-1.448523998260498047e+00
2.780241332948207855e-02,-1.550131440162658691e+00,-1.636228322982788086e+00,-4.192126393318176270e-01,-3.479478657245635986e-01,-1.837071776390075684e-01,-1.332627773284912109e+00,-6.357157826423645020e-01,-1.890856146812438965e+00,-4.630921483039855957e-01,-1.528116941452026367e+00,-1.092964887619018555e+00,-1.148985028266906738e+00,-3.226579129695892334e-01,-2.251866817474365234e+00,-9.928336143493652344e-01,-5.817185640335083008e-01,-1.525840759277343750e+00,-1.054481625556945801e+00,-1.829312920570373535e+00
-1.020936846733093262e+00,-1.078548550605773926e+00,-4.785290062427520752e-01,-6.705371737480163574e-01,-2.545544207096099854e-01,-1.197157859802246094e+00,-8.197886943817138672e-01,4.268575608730316162e-01,-1.140792608261108398e+00,-6.515756845474243164e-01,-1.042998880147933960e-01,-1.040826559066772461e+00,-1.227644383907318115e-01,-3.986575901508331299e-01,-1.733301758766174316e+00,-9.325105547904968262e-01,2.122935140505433083e-03,8.638248592615127563e-02,-1.384150743484497070e+00,1.831729263067245483e-01
1.569647192955017090e+00,1.336130023002624512e+00,1.704455971717834473e+00,2.084656655788421631e-01,1.797277480363845825e-01,6.962111592292785645e-01,9.305242300033569336e-01,3.608191311359405518e-01,2.878662586212158203e+00,9.399067163467407227e-01,1.554895520210266113e+00,9.508197307586669922e-01,1.042509317398071289e+00,1.346104860305786133e+00,9.190974235534667969e-01,3.597421944141387939e-01,1.988344788551330566e+00,8.787240386009216309e-01,1.300364732742309570e+00,9.485248327255249023e-01
-6.366375684738159180e-01,-2.995973825454711914e-01,-8.960339426994323730e-01,-1.825967073440551758e+00,-3.159975409507751465e-01,-2.508306503295898438e+00,-1.123071193695068359e+00,-2.696504294872283936e-01,-1.467074990272521973e+00,-1.045488595962524414e+00,-1.264877617359161377e-01,-1.605659961700439453e+00,-1.324974179267883301e+00,-7.494325637817382812e-01,-7.940902709960937500e-01,-1.418787121772766113e+00,-1.799949288368225098e+00,-1.167187333106994629e+00,-4.341855943202972412e-01,-1.062005519866943359e+00
1.249991416931152344e+00,1.799746990203857422e+00,1.088329911231994629e+00,1.253902316093444824e+00,4.776369035243988037e-01,8.171433210372924805e-01,8.591618537902832031e-01,7.112758755683898926e-01,1.888603210449218750e+00,1.648570775985717773e+00,1.443866014480590820e+00,1.368268966674804688e+00,8.000690937042236328e-01,1.341485500335693359e+00,1.396291613578796387e+00,1.409379243850708008e+00,1.047313213348388672e+00,2.913599967956542969e+00,7.467147707939147949e-01,1.211201429367065430e+00
-1.063463211059570312e+00,-1.418489694595336914e+00,-1.230108618736267090e+00,-1.144508004188537598e+00,-4.647502601146697998e-01,-1.568168282508850098e+00,1.136756837368011475e-01,-4.653525352478027344e-01,-5.877261757850646973e-01,-3.790155053138732910e-01,-3.919938504695892334e-01,-2.234351396560668945e+00,-3.581106066703796387e-01,-1.320100575685501099e-01,-1.452275365591049194e-01,-1.163722991943359375e+00,-7.922394275665283203e-01,-6.031351089477539062e-01,-1.980527043342590332e+00,3.975540772080421448e-02
-1.141291975975036621e+00,-8.419285416603088379e-01,-7.766695618629455566e-01,-9.708046317100524902e-01,-9.343459606170654297e-01,-8.848995715379714966e-02,-5.881515741348266602e-01,-7.864338159561157227e-01,-1.205763697624206543e+00,-9.661576747894287109e-01,-2.097681760787963867e+00,-1.136580348014831543e+00,-1.679590791463851929e-01,1.700405031442642212e-01,-2.900669723749160767e-02,-1.083702325820922852e+00,-3.104184567928314209e-01,-1.352306962013244629e+00,-7.360968589782714844e-01,-3.765901550650596619e-02
5.617286562919616699e-01,6.735974550247192383e-01,-1.382860243320465088e-01,4.175085425376892090e-01,-1.218985468149185181e-01,-9.984177947044372559e-01,2.940579652786254883e-01,9.596033692359924316e-01,1.633356511592864990e-01,-1.202555298805236816e+00,-7.946934551000595093e-02,-2.664024233818054199e-01,8.290982246398925781e-01,-3.244299888610839844e-01,5.203384757041931152e-01,4.586899280548095703e-01,8.012022823095321655e-02,4.094823002815246582e-01,-2.488417178392410278e-01,5.088425278663635254e-01
2.907531559467315674e-01,-5.632191300392150879e-01,1.943636387586593628e-01,-3.638564944267272949e-01,6.408258080482482910e-01,5.016553774476051331e-02,-1.028829455375671387e+00,4.916906058788299561e-01,-5.502280592918395996e-01,-6.191667914390563965e-02,-1.009272336959838867e+00,-1.014509916305541992e+00,-1.445223689079284668e+00,-3.202810883522033691e-01,-9.717882424592971802e-02,-5.013577342033386230e-01,1.318681836128234863e-01,-9.989701509475708008e-01,8.528978228569030762e-01,-1.572164148092269897e-01
1.590903520584106445e+00,4.229544401168823242e-01,1.416865825653076172e+00,2.383441850543022156e-02,1.362560868263244629e+00,4.767185151576995850e-01,6.608747243881225586e-01,1.346158832311630249e-01,1.313944101333618164e+00,7.900441437959671021e-02,3.730715513229370117e-01,-2.299484238028526306e-02,3.170545101165771484e-01,1.223029136657714844e+00,1.206661701202392578e+00,1.164235830307006836e+00,9.381709098815917969e-01,9.788780808448791504e-01,3.896247148513793945e-01,1.073725104331970215e+00
2.220155000686645508e-01,1.086634516716003418e+00,-2.588812708854675293e-01,4.353973567485809326e-01,4.980062246322631836e-01,2.663303911685943604e-01,2.082117050886154175e-01,-6.586343050003051758e-01,4.309765398502349854e-01,1.378039568662643433e-01,-3.737659156322479248e-01,8.852908015251159668e-01,2.845106363296508789e+00,5.583212971687316895e-01,7.870666980743408203e-01,-4.942694902420043945e-01,-1.583586633205413818e-01,-6.852280497550964355e-01,8.525026440620422363e-01,5.592930912971496582e-01
-1.780403733253479004e+00,-1.570358425378799438e-01,-1.933483958244323730e+00,-8.660997748374938965e-01,-1.036313533782958984e+00,-6.061663031578063965e-01,-7.561054229736328125e-01,-1.220477700233459473e+00,-6.579713225364685059e-01,-4.232837557792663574e-01,-8.440078496932983398e-01,-6.457753181457519531e-01,-1.789944648742675781e+00,-5.239111185073852539e-01,-5.508235692977905273e-01,-2.855207026004791260e-01,-9.708098769187927246e-01,-1.201624393463134766e+00,-1.122629404067993164e+00,-2.720054626464843750e+00
-9.930163025856018066e-01,4.445376619696617126e-02,-4.771046936511993408e-01,-1.179829835891723633e+00,-2.321126908063888550e-01,-1.430176496505737305e-01,-7.289935946464538574e-01,6.199983358383178711e-01,-1.019432783126831055e+00,-1.240900397300720215e+00,-7.984034419059753418e-01,-8.713055253028869629e-01,-9.056808352470397949e-01,-2.470884174108505249e-01,-9.735128879547119141e-01,-2.425867080688476562e+00,-1.073736548423767090e+00,-5.402000546455383301e-01,-8.103169798851013184e-01,4.678163528442382812e-01
1.392032027244567871e+00,1.904986500740051270e+00,6.753164529800415039e-01,1.932262063026428223e+00,1.136653661727905273e+00,1.181397080421447754e+00,1.685741066932678223e+00,1.460164308547973633e+00,1.777258634567260742e+00,1.396842360496520996e+00,1.272556662559509277e+00,7.244853973388671875e-01,8.562964200973510742e-01,1.018844604492187500e+00,1.575175166130065918e+00,2.243034124374389648e+00,1.096432805061340332e+00,1.072113871574401855e+00,1.834603667259216309e+00,1.700347185134887695e+00
-5.742301344871520996e-01,-9.560465812683105469e-01,-1.634177088737487793e+00,-2.727422237396240234e+00,-1.687744498252868652e+00,-1.778775930404663086e+00,-9.307066798210144043e-01,-1.989416122436523438e+00,-2.100489616394042969e+00,-1.098595261573791504e+00,-4.303042590618133545e-01,-1.229466319084167480e+00,-2.038535833358764648e+00,-9.175974130630493164e-01,-8.724517226219177246e-01,-6.425025463104248047e-01,-9.196958541870117188e-01,-2.755066633224487305e+00,-9.701473116874694824e-01,-1.228032231330871582e+00
4.740028083324432373e-01,1.749078035354614258e+00,3.004670441150665283e-01,1.975424885749816895e+00,5.477545857429504395e-01,-3.596550822257995605e-01,6.771142482757568359e-01,9.266890287399291992e-01,7.954505681991577148e-01,1.523601770401000977e+00,6.856341958045959473e-01,1.079538583755493164e+00,6.451530456542968750e-01,8.317855000495910645e-02,5.058971643447875977e-01,-5.634112656116485596e-02,1.055924296379089355e+00,5.425592660903930664e-01,1.011189341545104980e+00,4.961552917957305908e-01
-1.301627159118652344e+00,-1.734224915504455566e+00,-1.546057581901550293e+00,-1.285472393035888672e+00,-4.769387245178222656e-01,-1.294111371040344238e+00,-2.904630303382873535e-01,6.780231595039367676e-01,-1.352512478828430176e+00,-1.361850976943969727e+00,-1.065143942832946777e+00,-1.201121211051940918e+00,-7.703239917755126953e-01,-5.845085382461547852e-01,-1.817925333976745605e+00,-8.006156086921691895e-01,-8.109773397445678711e-01,-1.931139230728149414e-01,-2.169923067092895508e+00,-1.417075395584106445e+00
-5.151008367538452148e-01,-3.907599020749330521e-03,3.214318752288818359e-01,6.752431392669677734e-01,-3.166136741638183594e-01,2.145197629928588867e+00,1.856395751237869263e-01,3.351249992847442627e-01,-4.286232888698577881e-01,6.270731687545776367e-01,3.202180564403533936e-01,8.454664945602416992e-01,8.732678294181823730e-01,1.146124482154846191e+00,1.117911338806152344e+00,1.391025900840759277e+00,7.300401329994201660e-01,9.509094357490539551e-01,1.654410123825073242e+00,-3.531274199485778809e-01
-1.024753689765930176e+00,-1.063785195350646973e+00,-6.220759153366088867e-01,-1.122165083885192871e+00,-7.768691778182983398e-01,-9.046502113342285156e-01,2.835476025938987732e-02,9.516117721796035767e-02,-3.802755177021026611e-01,-1.280628591775894165e-01,-1.136244893074035645e+00,-1.673062294721603394e-01,-1.131901144981384277e+00,-8.467551469802856445e-01,1.900531202554702759e-01,-8.632817268371582031e-01,-5.506090521812438965e-01,-2.936291098594665527e-01,-1.098415851593017578e+00,1.616299748420715332e-01
6.944310069084167480e-01,1.600500345230102539e+00,5.360365509986877441e-01,1.029882788658142090e+00,5.538343787193298340e-01,6.711078286170959473e-01,6.301534771919250488e-01,1.118463635444641113e+00,1.428417921066284180e+00,1.289392232894897461e+00,1.989758133888244629e+00,1.020874500274658203e+00,3.224735856056213379e-01,1.427848815917968750e+00,2.842022180557250977e+00,1.274762868881225586e+00,2.589122056961059570e-01,1.296801585704088211e-02,1.201643705368041992e+00,1.628316402435302734e+00
5.219590663909912109e-01,1.332768559455871582e+00,4.372332096099853516e-01,5.164273381233215332e-01,7.660396099090576172e-01,-2.746433019638061523e-01,7.398821711540222168e-01,1.148858428001403809e+00,1.113391995429992676e+00,6.200398206710815430e-01,9.832790493965148926e-01,1.615169197320938110e-01,4.219797551631927490e-01,6.771381497383117676e-01,2.205833643674850464e-01,8.192191720008850098e-01,-1.214666962623596191e-01,1.396318316459655762e+00,4.822310507297515869e-01,-1.194690227508544922e+00
6.267789006233215332e-01,3.231302201747894287e-01,7.503819465637207031e-01,-5.242343619465827942e-02,6.901255846023559570e-01,2.615524232387542725e-01,-3.169822990894317627e-01,4.532708227634429932e-01,1.401937842369079590e+00,7.910768985748291016e-01,5.306998491287231445e-01,-3.562629222869873047e-01,3.654575347900390625e-01,-1.698265522718429565e-01,1.659576654434204102e+00,1.522914171218872070e+00,5.432944297790527344e-01,-1.509004086256027222e-01,-2.072128653526306152e-01,3.490318655967712402e-01
2.505883932113647461e+00,1.042047500610351562e+00,1.239508986473083496e+00,1.927980631589889526e-01,2.365400552749633789e+00,7.321293354034423828e-01,9.085734486579895020e-01,3.870301544666290283e-01,1.613866686820983887e+00,9.317774772644042969e-01,1.243981957435607910e+00,8.126629590988159180e-01,1.213599324226379395e+00,9.969372749328613281e-01,5.009567141532897949e-01,6.326323151588439941e-01,1.686501622200012207e+00,8.330292105674743652e-01,7.275610566139221191e-01,6.051119565963745117e-01
3.583664298057556152e-01,-7.210635542869567871e-01,-3.371215164661407471e-01,-9.776430726051330566e-01,-8.603891134262084961e-01,2.142421752214431763e-01,2.091854810714721680e-01,3.880762457847595215e-01,-1.008783206343650818e-01,-1.458616554737091064e-01,-1.413504838943481445e+00,2.943818271160125732e-01,1.479217708110809326e-01,6.194526702165603638e-02,-1.598572373390197754e+00,4.616648256778717041e-01,8.691888451576232910e-01,-2.410606592893600464e-01,-4.303308725357055664e-01,-2.365700006484985352e-01
-2.691425383090972900e-01,-4.108251929283142090e-01,3.861868679523468018e-01,-3.765088915824890137e-01,-8.382940888404846191e-01,-7.712389230728149414e-01,1.148654460906982422e+00,-5.229383111000061035e-01,3.464591205120086670e-01,-3.380658626556396484e-01,1.053668707609176636e-01,-1.180112838745117188e+00,-2.920541167259216309e-01,-1.618759483098983765e-01,-5.055619403719902039e-02,2.798278033733367920e-01,7.507342696189880371e-01,-1.664566397666931152e+00,1.442121863365173340e-01,-5.363578796386718750e-01
5.998147726058959961e-01,1.665319651365280151e-01,-2.410455048084259033e-01,9.553297162055969238e-01,-5.549972653388977051e-01,2.172445058822631836e-01,-8.364180475473403931e-02,7.368037104606628418e-02,1.902725696563720703e+00,1.262020587921142578e+00,4.402112662792205811e-01,-4.687290638685226440e-03,3.629333674907684326e-01,6.336692571640014648e-01,1.467873573303222656e+00,-1.481008231639862061e-01,3.869973123073577881e-01,6.818274259567260742e-01,3.800530731678009033e-01,3.563368916511535645e-01
4.881667196750640869e-01,4.008599221706390381e-01,1.065432503819465637e-01,-3.917696177959442139e-01,-1.764057993888854980e+00,-2.310738861560821533e-01,-6.978086829185485840e-01,-3.153359293937683105e-01,-3.977228105068206787e-01,4.334472864866256714e-02,2.315994501113891602e+00,-8.492896556854248047e-01,-5.828489661216735840e-01,3.987649977207183838e-01,-1.977588683366775513e-01,1.068428516387939453e+00,-2.863331139087677002e-01,-2.983011305332183838e-01,-8.998568058013916016e-01,3.778909146785736084e-01
-5.211244225502014160e-01,-3.172414600849151611e-01,1.249320246279239655e-02,-1.353017985820770264e-01,-1.042343974113464355e+00,-1.109422206878662109e+00,5.151071548461914062e-01,-1.585280448198318481e-01,-3.528378605842590332e-01,-9.106283187866210938e-01,-3.237187564373016357e-01,-9.451267123222351074e-01,-1.207171082496643066e+00,-4.885601401329040527e-01,-3.019926548004150391e-01,2.996873855590820312e-01,-1.484426617622375488e+00,-3.584846854209899902e-01,-5.434976816177368164e-01,9.092397093772888184e-01
1.578479051589965820e+00,9.719823002815246582e-01,2.084705829620361328e+00,7.226659655570983887e-01,1.082273244857788086e+00,5.012486577033996582e-01,5.515069514513015747e-02,1.188351154327392578e+00,1.931505322456359863e+00,1.109524130821228027e+00,9.438314437866210938e-01,1.210211634635925293e+00,2.543243408203125000e+00,8.140730857849121094e-01,1.287256240844726562e+00,1.888367176055908203e+00,1.199469685554504395e+00,1.289150357246398926e+00,8.038971424102783203e-01,3.277618885040283203e-01
2.491136193275451660e-01,1.168395638465881348e+00,1.530333638191223145e+00,6.569737195968627930e-01,1.707677483558654785e+00,4.980259835720062256e-01,2.034312486648559570e-01,9.313494563102722168e-01,2.285387516021728516e+00,9.022036790847778320e-01,9.036592245101928711e-01,2.829633474349975586e+00,-1.138203293085098267e-01,8.796529769897460938e-01,6.189649701118469238e-01,1.188604116439819336e+00,5.689064860343933105e-01,9.983737468719482422e-01,1.622274875640869141e+00,1.809408783912658691e+00
-9.051476716995239258e-01,-1.135132193565368652e+00,-1.190185904502868652e+00,-1.142460227012634277e+00,3.745956122875213623e-01,-9.744240045547485352e-01,-3.652049005031585693e-01,-4.517509639263153076e-01,-4.626625776290893555e-01,2.617736160755157471e-01,-1.038584470748901367e+00,-3.258505463600158691e-01,-2.670766711235046387e-01,-4.167509078979492188e-01,-9.231997132301330566e-01,4.740858078002929688e-01,-1.127130031585693359e+00,-3.106890916824340820e-01,-8.219103217124938965e-01,1.217244639992713928e-01
-2.066359758377075195e+00,-7.127519249916076660e-01,-1.010239839553833008e+00,-3.350631296634674072e-01,-1.015007615089416504e+00,-2.925790786743164062e+00,-1.679315567016601562e+00,-4.721843004226684570e-01,-9.023936390876770020e-01,-1.359506607055664062e+00,-1.613133788108825684e+00,-9.260930418968200684e-01,-1.248684525489807129e+00,-4.773882925510406494e-01,-1.320056319236755371e+00,-4.661506116390228271e-01,-1.023196935653686523e+00,-4.922579526901245117e-01,-4.948967993259429932e-01,-1.471449732780456543e+00
-1.738680362701416016e+00,-1.319808006286621094e+00,-5.584992170333862305e-01,-1.164015412330627441e+00,-1.003158807754516602e+00,-1.422652244567871094e+00,-1.747629761695861816e+00,-7.826963067054748535e-01,-1.765163183212280273e+00,-1.207162261009216309e+00,-9.538072943687438965e-01,-8.486190438270568848e-01,4.512315243482589722e-02,-1.338706612586975098e+00,-1.545935630798339844e+00,-1.227421998977661133e+00,-1.813885942101478577e-02,-3.393442034721374512e-01,-1.571510791778564453e+00,-1.037693500518798828e+00
3.772608041763305664e-01,-6.272184252738952637e-01,-1.099299073219299316e+00,1.974971741437911987e-01,-7.286731004714965820e-01,-3.184889554977416992e-01,-1.982729732990264893e-01,-7.792501449584960938e-01,-4.839222431182861328e-01,-7.652875781059265137e-01,-9.279883503913879395e-01,-5.093951821327209473e-01,-1.398246407508850098e+00,-5.313560962677001953e-01,1.474097669124603271e-01,-8.024566620588302612e-02,-9.987946152687072754e-01,-6.583236455917358398e-01,-1.503961563110351562e+00,6.476999074220657349e-02
7.888299822807312012e-01,-2.737896740436553955e-01,5.262910127639770508e-01,5.567992329597473145e-01,5.086183547973632812e-01,6.217903494834899902e-01,1.681201219558715820e+00,9.761032462120056152e-01,5.503740906715393066e-01,1.544014960527420044e-01,1.211700081825256348e+00,1.467083334922790527e+00,7.181718349456787109e-01,1.055294394493103027e+00,7.463775873184204102e-01,1.942825317382812500e+00,1.151509642601013184e+00,1.495219945907592773e+00,5.495484471321105957e-01,1.665212512016296387e+00
-4.520451426506042480e-01,9.675892591476440430e-01,3.429251611232757568e-01,2.074316591024398804e-01,-1.049972891807556152e+00,-1.680116176605224609e+00,-3.261539638042449951e-01,-3.096071481704711914e-01,9.624165892601013184e-01,-2.832533717155456543e-01,4.441498517990112305e-01,3.987936377525329590e-01,-9.227563738822937012e-01,2.151986360549926758e-01,-3.597401082515716553e-01,1.707360297441482544e-01,-5.901128053665161133e-01,-6.305066496133804321e-02,-5.627815127372741699e-01,2.446038126945495605e-01
3.820701241493225098e-01,1.499608039855957031e+00,-1.290023922920227051e-01,-2.084246277809143066e-01,-3.755398392677307129e-01,-4.120041131973266602e-01,2.653669565916061401e-02,1.831707060337066650e-01,-1.855175793170928955e-01,-7.105142474174499512e-01,-1.025382757186889648e+00,-9.436340332031250000e-01,3.359441459178924561e-02,-1.004416719079017639e-01,2.909000813961029053e-01,2.353114336729049683e-01,2.325280755758285522e-01,-2.745009958744049072e-01,-4.200794398784637451e-01,7.434278726577758789e-02
1.336103916168212891e+00,9.292169213294982910e-01,5.140188932418823242e-01,3.627200424671173096e-01,2.735800743103027344e+00,-3.329724073410034180e-01,-2.809738218784332275e-01,1.520975679159164429e-01,5.915515422821044922e-01,5.581184029579162598e-01,4.210335910320281982e-01,1.121484994888305664e+00,4.104135036468505859e-01,1.187673807144165039e-01,1.599536091089248657e-01,1.092014014720916748e-01,9.280668497085571289e-01,6.318971514701843262e-01,3.443078994750976562e-01,4.823352694511413574e-01
-4.378011822700500488e-01,-1.775032758712768555e+00,-1.289142608642578125e+00,-1.277708411216735840e+00,-4.658289253711700439e-01,-3.688492476940155029e-01,-1.111191034317016602e+00,-1.645584344863891602e+00,-1.775197029113769531e+00,-1.311450242996215820e+00,-5.463950634002685547e-01,-2.985974073410034180e+00,-8.363205790519714355e-01,-9.818152189254760742e-01,-3.415153622627258301e-01,-2.974017560482025146e-01,-8.959577679634094238e-01,-1.367744445800781250e+00,-1.764051467180252075e-01,-2.553712427616119385e-01
-5.473206639289855957e-01,8.382579088211059570e-01,7.078245878219604492e-01,-2.968091070652008057e-01,-6.183482408523559570e-01,3.939463496208190918e-01,4.546053707599639893e-02,-3.035854697227478027e-01,3.327361047267913818e-01,-1.734836846590042114e-01,-3.464696109294891357e-01,-1.250008195638656616e-01,-9.904245138168334961e-01,2.859525978565216064e-01,-1.973110139369964600e-01,-4.027046859264373779e-01,-5.379634499549865723e-01,-1.631374359130859375e+00,2.145411819219589233e-01,4.522598385810852051e-01
8.566384315490722656e-01,4.592571258544921875e-01,2.481658756732940674e-01,3.614445030689239502e-01,2.564670801162719727e+00,1.080924645066261292e-03,8.489109873771667480e-01,8.159597516059875488e-01,7.532773017883300781e-01,-2.431978881359100342e-01,9.634338021278381348e-01,9.333276152610778809e-01,8.438420295715332031e-01,1.006128072738647461e+00,-2.794263064861297607e-01,3.229186534881591797e-01,5.386662483215332031e-01,6.260511279106140137e-01,9.911597371101379395e-01,1.121328234672546387e+00
2.658280134201049805e-01,3.417573869228363037e-01,-1.106366634368896484e+00,-6.901345849037170410e-01,-4.813432097434997559e-01,-3.115897774696350098e-01,-9.583227038383483887e-01,2.772544622421264648e-01,-5.354316234588623047e-01,-1.571469187736511230e+00,-1.032160997390747070e+00,-4.251894056797027588e-01,-1.187808156013488770e+00,-6.711227893829345703e-01,2.797861099243164062e-01,1.583501696586608887e-01,2.260008454322814941e-01,-4.119307696819305420e-01,-1.302759051322937012e+00,-2.210535109043121338e-01
9.158839583396911621e-01,-2.392609566450119019e-01,2.257779836654663086e-01,4.234721660614013672e-01,-4.344885349273681641e-01,9.897644817829132080e-02,-5.261853337287902832e-01,1.067814230918884277e+00,-7.020011544227600098e-01,-5.136953592300415039e-01,-1.238432526588439941e+00,-3.020886182785034180e-01,-3.947915434837341309e-01,-5.886173844337463379e-01,1.117267370223999023e+00,1.496841669082641602e+00,-1.145571708679199219e+00,2.793047428131103516e-01,-1.192909955978393555e+00,-1.309646964073181152e-01
-3.983606994152069092e-01,-1.017533421516418457e+00,-3.159214854240417480e-01,-1.514853686094284058e-01,-8.241480216383934021e-03,2.748318910598754883e-01,-8.892153855413198471e-04,-2.838100120425224304e-02,-4.364625811576843262e-01,6.772462725639343262e-01,-1.047092080116271973e+00,-9.927150011062622070e-01,6.676659584045410156e-01,-5.112536549568176270e-01,-2.487903386354446411e-01,-7.674641609191894531e-01,-8.490630984306335449e-02,2.872327566146850586e-01,4.785004258155822754e-01,-2.562966942787170410e-02
-9.192919135093688965e-01,-3.602963984012603760e-01,4.890947639942169189e-01,1.070852279663085938e+00,1.893013417720794678e-01,4.046208560466766357e-01,9.288491010665893555e-01,7.155556231737136841e-02,8.327876329421997070e-01,-3.236214220523834229e-01,1.007172107696533203e+00,1.283421039581298828e+00,4.462556838989257812e-01,4.676867425441741943e-01,1.195813655853271484e+00,1.445474386215209961e+00,2.897946834564208984e-01,2.830418646335601807e-01,4.459544122219085693e-01,6.758695840835571289e-01
-7.625400424003601074e-01,2.514406442642211914e-01,-1.024903774261474609e+00,3.604260385036468506e-01,-3.641429245471954346e-01,9.182818233966827393e-02,-4.925012886524200439e-01,2.393632680177688599e-01,1.419200003147125244e-01,-1.214554905891418457e-01,-7.454986870288848877e-02,-3.663032352924346924e-01,-8.102926015853881836e-01,-1.686268001794815063e-01,4.879398345947265625e-01,-2.574783563613891602e-01,-3.918867111206054688e-01,2.436997592449188232e-01,9.136922955513000488e-01,-1.192025780677795410e+00
-7.128614783287048340e-01,1.977432072162628174e-01,6.463742852210998535e-01,3.162149786949157715e-01,9.844727173913270235e-05,1.794298410415649414e+00,1.010824084281921387e+00,2.769429981708526611e-01,-3.242250382900238037e-01,1.059016227722167969e+00,5.005981326103210449e-01,4.235274791717529297e-01,1.162604689598083496e+00,1.253699302673339844e+00,8.539465069770812988e-01,1.096425771713256836e+00,-2.591729164123535156e-01,8.935576677322387695e-01,3.348582684993743896e-01,6.249467730522155762e-01
-7.706345319747924805e-01,-5.995143055915832520e-01,-6.157764196395874023e-01,-7.852810621261596680e-01,-3.496191799640655518e-01,2.422799319028854370e-01,2.934782207012176514e-01,1.749821156263351440e-01,-5.602772831916809082e-01,6.039927527308464050e-02,1.649659276008605957e-01,1.216374039649963379e+00,-6.967231631278991699e-01,2.314220428466796875e+00,5.143050551414489746e-01,-9.944308996200561523e-01,-4.311450719833374023e-01,-7.871223241090774536e-02,2.802807986736297607e-01,-1.234240531921386719e+00
-2.377109378576278687e-01,-9.798436164855957031e-01,-3.913792371749877930e-01,8.916541934013366699e-01,2.614154815673828125e-01,-1.363738477230072021e-01,-5.129699110984802246e-01,-3.914387226104736328e-01,-3.290058076381683350e-01,4.534910321235656738e-01,2.573192417621612549e-01,-2.251083105802536011e-01,-9.200534820556640625e-01,-1.656040310859680176e+00,-2.427663058042526245e-01,-3.139946460723876953e-01,-2.891699075698852539e-01,1.720322519540786743e-01,2.932422757148742676e-01,-1.040381312370300293e+00
1.017488002777099609e+00,-2.950781583786010742e-01,-3.418891727924346924e-01,-2.659447193145751953e-01,2.395554780960083008e-01,1.859203577041625977e-01,-1.791767716407775879e+00,-2.473992258310317993e-01,-3.863293826580047607e-01,3.554930984973907471e-01,-7.734481096267700195e-01,4.759262800216674805e-01,-4.147132039070129395e-01,-7.223092764616012573e-02,-4.634419083595275879e-01,3.678878247737884521e-01,-1.003451108932495117e+00,3.404465913772583008e-01,1.382959961891174316e+00,6.355782747268676758e-01
8.956113457679748535e-01,1.705778479576110840e+00,1.317530989646911621e+00,-8.168777823448181152e-01,1.241254448890686035e+00,4.388459026813507080e-01,1.296233296394348145e+00,1.197473183274269104e-01,9.335463643074035645e-01,8.051437139511108398e-01,1.617730736732482910e+00,-4.224224984645843506e-01,3.359935581684112549e-01,1.074162364006042480e+00,6.910817623138427734e-01,1.943257689476013184e+00,2.018881589174270630e-01,1.892130374908447266e-01,1.146870017051696777e+00,4.781110286712646484e-01
1.053343772888183594e+00,6.523675918579101562e-01,1.809743046760559082e+00,1.513263940811157227e+00,9.337888956069946289e-01,1.347203135490417480e+00,1.890218615531921387e+00,1.046461105346679688e+00,2.943856716156005859e+00,1.360736846923828125e+00,-3.098488748073577881e-01,6.544756889343261719e-01,-1.545180082321166992e-01,8.374371528625488281e-01,1.142019271850585938e+00,1.196099281311035156e+00,4.975269734859466553e-01,7.131388783454895020e-01,7.092514038085937500e-01,1.334821462631225586e+00
5.279059410095214844e-01,2.915093302726745605e-01,-2.706421911716461182e-01,-3.603547811508178711e-01,-2.228967994451522827e-01,2.813198566436767578e-01,-1.374901235103607178e-01,-1.871137917041778564e-01,-3.067133426666259766e-01,3.670896887779235840e-01,1.314845383167266846e-01,-1.394344568252563477e+00,-2.089819498360157013e-02,-1.757590532302856445e+00,-8.547925949096679688e-02,-3.335865437984466553e-01,7.161676883697509766e-01,1.994207799434661865e-01,-5.801651477813720703e-01,4.121666252613067627e-01
3.084055483341217041e-01,2.443272769451141357e-01,2.754206061363220215e-01,-2.366405487060546875e+00,-3.516676723957061768e-01,-1.772899150848388672e+00,3.096415102481842041e-01,-1.477873884141445160e-03,7.842769026756286621e-01,-1.154158413410186768e-01,-3.432559594511985779e-02,-1.434881687164306641e-01,7.853888273239135742e-01,1.255136877298355103e-01,-2.001445367932319641e-02,-8.962475061416625977e-01,1.499423831701278687e-01,-2.728189527988433838e-01,3.217365145683288574e-01,-1.350120663642883301e+00
-2.491400718688964844e+00,-1.484655380249023438e+00,-5.293427109718322754e-01,-1.907895654439926147e-01,-1.270313024520874023e+00,-1.786262392997741699e+00,-5.908978581428527832e-01,-1.311434626579284668e+00,-1.442811489105224609e+00,-2.198290824890136719e-01,-3.689159452915191650e-01,-2.444244623184204102e-01,-7.428768873214721680e-01,-1.699795246124267578e+00,-7.864109277725219727e-01,-1.198031783103942871e+00,-1.221448779106140137e+00,-5.757958889007568359e-01,-9.324997067451477051e-01,-6.091970205307006836e-01
-1.244883313775062561e-01,3.431274592876434326e-01,6.875525712966918945e-01,-5.844733864068984985e-02,-4.717037677764892578e-01,-2.651484310626983643e-01,-4.752176627516746521e-02,-6.405670940876007080e-02,-7.354571223258972168e-01,-7.777959704399108887e-01,-2.535543143749237061e-01,-9.395257234573364258e-01,3.035159707069396973e-01,-1.654302120208740234e+00,3.532472550868988037e-01,6.761329770088195801e-01,6.364741921424865723e-02,-6.544047594070434570e-02,2.125480622053146362e-01,9.302104711532592773e-01
1.836732149124145508e+00,1.979052662849426270e+00,2.596974372863769531e+00,1.653213500976562500e+00,2.835208415985107422e+00,2.037287712097167969e+00,2.231346607208251953e+00,2.293129444122314453e+00,2.767796516418457031e+00,2.747561454772949219e+00,1.853432416915893555e+00,1.755614757537841797e+00,2.309523582458496094e+00,2.337935686111450195e+00,2.840965747833251953e+00,1.982057929039001465e+00,1.996914505958557129e+00,2.094848632812500000e+00,2.780183315277099609e+00,2.165137290954589844e+00
-5.504452586174011230e-01,-2.532682895660400391e+00,-5.499021410942077637e-01,-6.523638367652893066e-01,-1.027306318283081055e+00,-1.315530180931091309e+00,-1.186498403549194336e+00,-5.562451481819152832e-01,-4.371793568134307861e-01,-8.544592261314392090e-01,6.265202164649963379e-02,-2.221043825149536133e+00,-1.527144908905029297e+00,-1.596719145774841309e+00,-1.254336357116699219e+00,-1.703249216079711914e+00,-1.484389781951904297e+00,-1.402315497398376465e+00,-7.001151442527770996e-01,-7.139835357666015625e-01
1.109620809555053711e+00,9.905569553375244141e-01,-1.379712343215942383e+00,-4.827597141265869141e-01,2.856795191764831543e-01,-2.447000443935394287e-01,2.190203815698623657e-01,-4.622184634208679199e-01,7.776470184326171875e-01,3.415107429027557373e-01,-4.278686046600341797e-01,4.911866188049316406e-01,3.673849403858184814e-01,-2.703354358673095703e-01,-3.765132427215576172e-01,-8.006226271390914917e-02,-2.867489159107208252e-01,4.435581862926483154e-01,2.463387995958328247e-01,2.182539105415344238e-01
-2.873219847679138184e-01,7.514832019805908203e-01,5.854421481490135193e-02,-1.044017195701599121e+00,-1.039760038256645203e-01,-1.577619552612304688e+00,3.045402280986309052e-02,-3.935317099094390869e-01,-3.221766650676727295e-01,-2.296257019042968750e+00,-4.193888008594512939e-01,-6.251144409179687500e-01,1.547765880823135376e-01,-2.679227352142333984e+00,6.271383762359619141e-01,7.863079309463500977e-01,1.692278981208801270e-01,-1.148062109947204590e+00,-1.946632713079452515e-01,-8.309894800186157227e-02
2.451594591140747070e+00,1.735341846942901611e-01,4.880346655845642090e-01,3.913461565971374512e-01,-4.479665160179138184e-01,9.787154942750930786e-02,4.131682217121124268e-01,-3.442997634410858154e-01,3.094024956226348877e-01,-1.033480986952781677e-01,-2.207429558038711548e-01,-1.712898015975952148e+00,-4.453172087669372559e-01,-7.689763903617858887e-01,1.046575069427490234e+00,-3.312377631664276123e-01,8.110204935073852539e-01,6.125480532646179199e-01,7.901779413223266602e-01,1.712381690740585327e-01
-5.199651718139648438e-01,5.438979268074035645e-01,-7.668838500976562500e-01,4.144763052463531494e-01,-8.970742225646972656e-01,3.170762956142425537e-01,6.914096474647521973e-01,8.402239531278610229e-02,3.074682652950286865e-01,-1.542154699563980103e-01,-2.060926258563995361e-01,8.661463856697082520e-01,1.770122945308685303e-01,3.381474316120147705e-01,-3.433718085289001465e-01,-4.054929912090301514e-01,3.171508312225341797e-01,-2.191008031368255615e-01,1.544389247894287109e+00,4.905250966548919678e-01
-4.918347597122192383e-01,-1.272558093070983887e+00,-9.243761301040649414e-01,-1.650139927864074707e+00,7.637748718261718750e-01,-1.230954170227050781e+00,-2.902809619903564453e+00,-1.316533565521240234e+00,-5.356147289276123047e-01,-1.519657492637634277e+00,-1.062464594841003418e+00,-1.265792369842529297e+00,-1.748850941658020020e+00,-3.769925534725189209e-01,-1.105896949768066406e+00,-6.484674215316772461e-01,-2.219315052032470703e+00,-9.996928572654724121e-01,-4.472285211086273193e-01,-1.127525925636291504e+00
-2.293003946542739868e-01,2.972257435321807861e-01,-3.482607901096343994e-01,4.445020258426666260e-01,5.047514438629150391e-01,-3.720790743827819824e-01,-2.655957043170928955e-01,-4.388312622904777527e-02,-1.124864101409912109e+00,-1.097776964306831360e-01,5.517232418060302734e-01,1.682429909706115723e-01,4.570902585983276367e-01,-1.060847789049148560e-01,-1.835431903600692749e-01,1.349710702896118164e+00,4.594943821430206299e-01,-1.076194047927856445e-01,1.085999011993408203e-01,3.542908728122711182e-01
2.400567531585693359e+00,4.952755197882652283e-02,-1.856659770011901855e+00,-1.957962214946746826e-01,-5.818964242935180664e-01,1.698272973299026489e-01,1.632974445819854736e-01,-3.386570215225219727e-01,-8.876946568489074707e-01,-2.478357702493667603e-01,-1.124534010887145996e+00,-1.911538988351821899e-01,-4.185741841793060303e-01,-3.222562372684478760e-02,-3.026567995548248291e-01,5.410227179527282715e-01,1.548796772956848145e+00,-2.436400204896926880e-01,-1.813589692115783691e+00,-3.568592667579650879e-01
1.387563794851303101e-01,7.389429211616516113e-01,1.075868844985961914e+00,4.904384911060333252e-01,6.813225150108337402e-01,-5.354512855410575867e-02,1.728590250015258789e+00,7.767739295959472656e-01,1.274745583534240723e+00,4.623589515686035156e-01,1.140163540840148926e+00,-9.647054970264434814e-02,-2.991977035999298096e-01,1.064147472381591797e+00,-5.489782094955444336e-01,2.006528377532958984e-01,6.520258784294128418e-01,9.039347171783447266e-01,-1.995336078107357025e-02,-1.174090579152107239e-01
9.737707972526550293e-01,-6.077005863189697266e-01,9.015838503837585449e-01,1.393623948097229004e+00,1.363128900527954102e+00,1.269681572914123535e+00,9.568521380424499512e-01,4.222638607025146484e-01,7.927256822586059570e-01,1.133265256881713867e+00,8.277422189712524414e-01,1.470543742179870605e+00,9.995105266571044922e-01,2.102230787277221680e+00,8.992503285408020020e-01,1.423763036727905273e+00,9.089308381080627441e-01,2.583693742752075195e+00,6.544013619422912598e-01,1.049310088157653809e+00
-3.289498686790466309e-01,2.291258722543716431e-01,2.816728353500366211e-01,-4.721786975860595703e-01,-7.555298507213592529e-02,-7.831560373306274414e-01,2.105789482593536377e-01,-5.956181511282920837e-02,2.025805562734603882e-01,-5.778977274894714355e-01,-5.664924383163452148e-01,-8.200581669807434082e-01,1.328685641288757324e+00,-4.098143279552459717e-01,9.925288558006286621e-01,-8.720034956932067871e-01,-4.229257702827453613e-01,2.302356511354446411e-01,-9.455120563507080078e-01,-6.478457897901535034e-02
-1.929502338171005249e-01,-4.687143266201019287e-01,2.269477099180221558e-01,1.247432529926300049e-01,1.156261444091796875e+00,-6.775408387184143066e-01,4.129292666912078857e-01,8.667095303535461426e-01,-2.674726545810699463e-01,5.554290488362312317e-02,2.493629306554794312e-01,3.393304347991943359e-01,7.025337778031826019e-03,6.525561213493347168e-01,-1.926655322313308716e-01,-1.409902215003967285e+00,-1.335050582885742188e+00,-3.159561157226562500e-01,2.540642619132995605e-01,-6.976506114006042480e-02
-9.932625293731689453e-01,-6.940627098083496094e-01,-4.237072169780731201e-02,-3.037800788879394531e-01,5.764132142066955566e-01,-9.801753163337707520e-01,1.690267920494079590e-01,3.273920118808746338e-01,-2.599855959415435791e-01,-1.574816465377807617e+00,1.199599504470825195e-01,-2.144413292407989502e-01,-1.637889295816421509e-01,-1.352048039436340332e+00,9.756311774253845215e-01,9.952439367771148682e-02,3.379746973514556885e-01,-1.653890490531921387e+00,-1.016718000173568726e-01,-3.224132657051086426e-01
1.077393054962158203e+00,1.098810791969299316e+00,3.612112402915954590e-01,6.661784648895263672e-01,1.482553333044052124e-01,5.668469667434692383e-01,2.616608381271362305e+00,5.728940963745117188e-01,4.168298244476318359e-01,5.517623424530029297e-01,1.037405252456665039e+00,-2.170850187540054321e-01,8.626625537872314453e-01,2.488534152507781982e-01,4.248944818973541260e-01,-4.896609783172607422e-01,-2.338419407606124878e-01,-1.431944966316223145e-01,4.309159815311431885e-01,1.002588152885437012e+00
9.464029669761657715e-01,1.198478937149047852e+00,8.473423719406127930e-01,-1.124949455261230469e-01,-1.752169430255889893e-01,1.714068174362182617e+00,1.150521039962768555e+00,2.405867815017700195e+00,1.406614661216735840e+00,9.656287431716918945e-01,1.232716321945190430e+00,8.910368680953979492e-01,9.131251573562622070e-01,9.534744024276733398e-01,2.914782464504241943e-01,1.065013289451599121e+00,6.553591489791870117e-01,5.631930828094482422e-01,7.606787681579589844e-01,4.206341803073883057e-01
-1.928076446056365967e-01,1.723394542932510376e-02,1.083999201655387878e-01,-2.338646008865907788e-04,-3.753639459609985352e-01,-8.757328987121582031e-01,-8.597639799118041992e-01,2.693432569503784180e-02,-1.024407029151916504e+00,-3.977743089199066162e-01,-9.684503823518753052e-02,-2.222872495651245117e+00,-4.264957308769226074e-01,9.394824504852294922e-03,2.365160733461380005e-01,-1.151887774467468262e+00,-5.774714946746826172e-01,-1.072648406028747559e+00,3.477711975574493408e-01,-2.654760479927062988e-01
-3.509546518325805664e-01,-3.041045665740966797e-01,-2.478282451629638672e+00,-4.568324387073516846e-01,-8.236483931541442871e-01,-6.211996078491210938e-01,-4.263425469398498535e-01,-2.483678795397281647e-02,-1.253834128379821777e+00,-1.118198633193969727e+00,-7.970409989356994629e-01,-1.458043903112411499e-01,-6.453679800033569336e-01,-4.660770297050476074e-01,-2.340411692857742310e-01,-1.371524810791015625e+00,-1.418293356895446777e+00,-3.605288267135620117e-01,-5.753559470176696777e-01,-9.605382680892944336e-01
-2.108363389968872070e+00,-2.749114990234375000e+00,-1.822746515274047852e+00,-7.564951181411743164e-01,-1.918667197227478027e+00,-2.666499853134155273e+00,-1.354605436325073242e+00,-1.711715102195739746e+00,-1.681698799133300781e+00,-2.151789665222167969e+00,-1.415417551994323730e+00,-2.227662324905395508e+00,-1.354169487953186035e+00,-2.169306278228759766e+00,-1.219129800796508789e+00,-8.148543238639831543e-01,-1.884337902069091797e+00,-1.923210263252258301e+00,-2.077220916748046875e+00,-5.056726336479187012e-01
-1.077134013175964355e+00,2.916417419910430908e-01,2.647909820079803467e-01,-2.155424207448959351e-01,-6.580387949943542480e-01,-6.291460013017058372e-04,-3.626218736171722412e-01,-5.057280063629150391e-01,1.105751752853393555e+00,-1.912963837385177612e-01,-9.372882246971130371e-01,-3.075753748416900635e-01,5.344795584678649902e-01,1.318501532077789307e-01,-7.698333263397216797e-02,1.711008906364440918e+00,-4.176936447620391846e-01,1.381043940782546997e-01,-5.711520314216613770e-01,3.885163962841033936e-01
1.027415037155151367e+00,-4.820680618286132812e-01,-6.438983976840972900e-02,6.653616428375244141e-01,-5.573297142982482910e-01,1.008600354194641113e+00,9.357536435127258301e-01,1.018774271011352539e+00,1.971171796321868896e-01,9.382484555244445801e-01,4.172854423522949219e-01,5.960781127214431763e-02,1.052527308464050293e+00,3.808436393737792969e-01,-3.426418304443359375e-01,1.271830797195434570e+00,4.321031272411346436e-01,3.378151953220367432e-01,9.869727492332458496e-01,4.532600343227386475e-01
-7.396018505096435547e-01,-1.142552971839904785e+00,-7.890323400497436523e-01,-1.722436904907226562e+00,-1.693149209022521973e+00,-7.305130958557128906e-01,-2.257296741008758545e-01,-7.416101098060607910e-01,1.263046544045209885e-02,-1.896162152290344238e+00,-3.834410607814788818e-01,-4.471333324909210205e-01,-1.507207989692687988e+00,-8.366664052009582520e-01,-9.621483683586120605e-01,-7.660259604454040527e-01,-1.371220231056213379e+00,-6.350725293159484863e-01,-5.504362583160400391e-01,-6.160871386528015137e-01
-8.295685648918151855e-01,-6.045424938201904297e-01,-8.982911109924316406e-01,2.831509411334991455e-01,-2.518210411071777344e-01,8.410672545433044434e-01,-8.841108530759811401e-03,9.406267106533050537e-02,-1.116580665111541748e-01,-1.519536852836608887e+00,-7.344226837158203125e-01,-3.758770227432250977e-01,-2.107784032821655273e+00,2.313096448779106140e-02,2.082673609256744385e-01,-2.670061588287353516e-01,-4.537980258464813232e-01,-4.191113114356994629e-01,-1.611400544643402100e-01,5.801191329956054688e-01
1.088183373212814331e-01,-2.254577398300170898e+00,4.034094214439392090e-01,-2.385949343442916870e-01,2.905442416667938232e-01,2.837256431579589844e+00,-1.593695878982543945e-01,-3.357699811458587646e-01,-8.963778018951416016e-01,-1.736009865999221802e-01,-8.739237189292907715e-01,-3.853206932544708252e-01,-6.841955780982971191e-01,-2.068974375724792480e-01,3.671614527702331543e-01,-3.855876326560974121e-01,2.095276266336441040e-01,-2.657647132873535156e-01,-2.252610474824905396e-01,-1.461211293935775757e-01
-3.660005033016204834e-01,-1.940079331398010254e-01,-1.174904108047485352e+00,-7.499811649322509766e-01,-5.030816197395324707e-01,2.739794850349426270e-01,-7.510339021682739258e-01,-1.313421875238418579e-01,-1.032188177108764648e+00,-5.317730903625488281e-01,-7.041599154472351074e-01,-3.916213214397430420e-01,-1.515268981456756592e-01,-2.553941607475280762e-01,2.806394994258880615e-01,-3.670466542243957520e-01,8.603359013795852661e-02,-4.011462628841400146e-01,-1.187154889106750488e+00,-9.521249532699584961e-01
2.515959441661834717e-01,-5.269556865096092224e-02,4.642779529094696045e-01,-8.964433670043945312e-01,2.404943108558654785e-02,2.447493970394134521e-01,-8.999723196029663086e-02,1.092061042785644531e+00,2.893584668636322021e-01,-1.219120860099792480e+00,1.079850912094116211e+00,-3.368866145610809326e-01,1.291056424379348755e-01,3.485387861728668213e-01,9.641957879066467285e-01,8.553156852722167969e-01,1.044793844223022461e+00,4.753516912460327148e-01,-3.007803857326507568e-01,5.234609916806221008e-02
-3.278490006923675537e-01,4.493257701396942139e-01,5.170040130615234375e-01,1.735359191894531250e+00,-2.571030557155609131e-01,2.274151742458343506e-01,-6.547912359237670898e-01,4.431038498878479004e-01,3.986232876777648926e-01,-5.165608525276184082e-01,4.021958112716674805e-01,6.441309303045272827e-02,-1.904990971088409424e-01,-4.018491208553314209e-01,7.970401644706726074e-01,-1.829446315765380859e+00,-1.402456402778625488e+00,1.729327082633972168e+00,1.885841935873031616e-01,4.397700726985931396e-02
2.285975068807601929e-01,2.624594867229461670e-01,2.180458307266235352e-01,3.285979926586151123e-01,-4.015757143497467041e-01,-6.206523776054382324e-01,-4.172618687152862549e-01,-1.603296399116516113e-01,2.672911584377288818e-01,-1.029027327895164490e-01,-6.302883028984069824e-01,-2.301922559738159180e+00,-6.076548993587493896e-02,-2.181639224290847778e-01,-1.260082237422466278e-02,-6.388457417488098145e-01,9.914432466030120850e-02,3.875222504138946533e-01,4.229688048362731934e-01,1.307762026786804199e+00
-8.901924490928649902e-01,-1.467891693115234375e+00,-2.607050895690917969e+00,-1.083178758621215820e+00,-6.989808678627014160e-01,-5.221665501594543457e-01,3.479034900665283203e-01,3.765546083450317383e-01,-7.625021934509277344e-01,-6.013779640197753906e-01,-8.579515814781188965e-01,-3.334768712520599365e-01,-3.473399877548217773e-01,-1.014817833900451660e+00,1.883452534675598145e-01,-9.114601612091064453e-01,-4.478714168071746826e-01,-7.889775633811950684e-01,-1.446271657943725586e+00,2.370829693973064423e-02
-1.541785597801208496e+00,-1.299779772758483887e+00,-1.200785875320434570e+00,-2.390264421701431274e-01,-1.145413398742675781e+00,-6.632103919982910156e-01,-5.804750919342041016e-01,6.443203240633010864e-02,-4.784508645534515381e-01,-6.962336301803588867e-01,-7.517010569572448730e-01,-7.164448499679565430e-01,-1.319435954093933105e+00,-5.097159147262573242e-01,-7.346280217170715332e-01,-1.228276133537292480e+00,-1.610823154449462891e+00,-1.509523510932922363e+00,-1.580704569816589355e+00,-4.230794906616210938e-01
-1.331978440284729004e+00,-1.250747323036193848e+00,-2.533590495586395264e-01,-1.169996142387390137e+00,-1.854746192693710327e-01,-7.092633843421936035e-01,-1.080738782882690430e+00,6.175474449992179871e-02,-1.540306925773620605e+00,-1.711018562316894531e+00,-1.009828925132751465e+00,-1.222494840621948242e+00,-4.784785509109497070e-01,-2.118822097778320312e+00,-5.665541887283325195e-01,-1.786573886871337891e+00,-7.888678908348083496e-01,-7.685897350311279297e-01,-9.979766607284545898e-01,-2.943769216537475586e+00
-1.205263435840606689e-01,-5.127547979354858398e-01,-4.401055574417114258e-01,3.990471959114074707e-01,-1.081077575683593750e+00,-4.693063497543334961e-01,8.279941678047180176e-01,3.557126820087432861e-01,-3.258588910102844238e-01,-8.340261578559875488e-01,-9.473516345024108887e-01,7.880333662033081055e-01,-2.257734984159469604e-01,2.016457766294479370e-01,-3.313893973827362061e-01,9.991623163223266602e-01,1.117637380957603455e-01,1.473183482885360718e-01,-6.126857921481132507e-02,-3.648847341537475586e-01
2.551953792572021484e-01,1.326321125030517578e+00,5.837506055831909180e-01,2.048884928226470947e-01,1.395531058311462402e+00,1.034631013870239258e+00,-1.542843878269195557e-01,-4.927237331867218018e-02,1.388243079185485840e+00,1.180052161216735840e+00,5.612065792083740234e-01,1.138290643692016602e+00,3.520587086677551270e-01,8.229494094848632812e-01,1.004821181297302246e+00,9.949591755867004395e-01,1.195183157920837402e+00,4.467965066432952881e-01,9.617540240287780762e-01,1.669283032417297363e+00
-9.022858738899230957e-01,-4.871248304843902588e-01,-1.394487500190734863e+00,-1.695682168006896973e+00,-4.347568154335021973e-01,-1.406915903091430664e+00,-1.655623555183410645e+00,-1.184573888778686523e+00,-1.048217058181762695e+00,5.307681113481521606e-02,-1.180798768997192383e+00,-8.028470277786254883e-01,-2.015007257461547852e+00,1.334363073110580444e-01,-5.936789512634277344e-01,-2.922620773315429688e+00,-1.271098136901855469e+00,-1.449008822441101074e+00,-6.184187531471252441e-01,-2.099900484085083008e+00
-1.736984133720397949e+00,2.169037610292434692e-01,-4.494415819644927979e-01,-8.589780926704406738e-01,-8.013132214546203613e-01,-9.374057650566101074e-01,-7.077251076698303223e-01,1.565509438514709473e-01,-1.703092455863952637e-01,-8.112379312515258789e-01,7.216578722000122070e-02,-4.659697115421295166e-01,3.108335137367248535e-01,8.234206587076187134e-02,4.240987598896026611e-01,-3.648297190666198730e-01,-2.699616909027099609e+00,6.033600568771362305e-01,-2.505736052989959717e-01,-5.151041746139526367e-01
-9.098911285400390625e-01,2.307176291942596436e-01,-9.302206039428710938e-01,-7.758390158414840698e-02,-8.122810125350952148e-01,4.742321372032165527e-01,9.879524260759353638e-02,2.727112770080566406e-01,-1.726979017257690430e+00,-3.708096742630004883e-01,-3.848730623722076416e-01,3.212180733680725098e-01,4.720941185951232910e-01,2.232640385627746582e-01,-1.156488806009292603e-01,-6.358954310417175293e-02,8.990068435668945312e-01,-4.549192190170288086e-01,-6.907618790864944458e-02,-4.591288268566131592e-01
3.578977584838867188e-01,3.474891483783721924e-01,1.633738994598388672e+00,1.177805185317993164e+00,1.111046299338340759e-01,3.531750142574310303e-01,1.878656625747680664e+00,5.102853178977966309e-01,7.006816267967224121e-01,-3.345521092414855957e-01,9.930471777915954590e-01,5.746179223060607910e-01,-8.371083438396453857e-02,5.054324865341186523e-01,1.203480362892150879e+00,7.907105088233947754e-01,5.220577716827392578e-01,1.986890435218811035e-01,4.112280607223510742e-01,1.096486210823059082e+00
5.885792970657348633e-01,1.890718489885330200e-01,-2.623677253723144531e-01,-3.626079559326171875e-01,-1.298981189727783203e+00,-3.201687633991241455e-01,-4.378972575068473816e-03,5.038384199142456055e-01,1.300843209028244019e-01,-7.341192960739135742e-01,-2.954216301441192627e-01,-7.647056877613067627e-02,-5.818244218826293945e-01,3.928710222244262695e-01,-6.725704073905944824e-01,-1.079031601548194885e-01,-3.992679715156555176e-01,2.451260387897491455e-01,-2.045753747224807739e-01,1.793402314186096191e+00
4.501079916954040527e-01,4.957161545753479004e-01,1.093274116516113281e+00,5.437607765197753906e-01,4.656040966510772705e-01,1.520867794752120972e-01,3.521364927291870117e-01,-1.818207055330276489e-01,-9.053236246109008789e-02,1.440760344266891479e-01,5.800162553787231445e-01,6.778596043586730957e-01,1.611849308013916016e+00,2.161193937063217163e-01,-5.160142183303833008e-01,1.035083055496215820e+00,4.386235177516937256e-01,7.132970690727233887e-01,3.506006896495819092e-01,2.857826054096221924e-01
1.835145354270935059e-01,3.074618279933929443e-01,1.340463519096374512e+00,3.938680589199066162e-01,2.616290330886840820e+00,5.011700466275215149e-02,9.388680458068847656e-01,-5.961392540484666824e-03,-3.793540000915527344e-01,4.259200990200042725e-01,2.322021126747131348e-01,2.251606881618499756e-01,-3.927801549434661865e-01,4.050979912281036377e-01,-2.948810160160064697e-01,-2.355361729860305786e-01,-6.227278709411621094e-01,-7.851430773735046387e-02,3.684277832508087158e-01,-6.566350907087326050e-02
2.478653937578201294e-01,1.110993742942810059e+00,-4.841367900371551514e-01,1.183667555451393127e-01,9.037709832191467285e-01,1.192028045654296875e+00,9.766336083412170410e-01,7.282971143722534180e-01,5.889781713485717773e-01,6.674943566322326660e-01,1.749932408332824707e+00,2.649998366832733154e-01,-8.148636221885681152e-01,7.396393418312072754e-01,1.081234097480773926e+00,8.826854825019836426e-01,-3.316590487957000732e-01,1.044881582260131836e+00,1.075302958488464355e+00,9.108636379241943359e-01
4.923620820045471191e-01,3.155364468693733215e-02,9.327005743980407715e-01,-1.907372921705245972e-01,1.756342649459838867e-01,-3.862593770027160645e-01,1.914579868316650391e-01,-3.845917060971260071e-02,-3.265682756900787354e-01,-5.498879551887512207e-01,1.807115972042083740e-01,3.281582295894622803e-01,-3.750050365924835205e-01,2.094770371913909912e-01,3.356969058513641357e-01,-1.135239750146865845e-01,-3.996720016002655029e-01,1.041277289390563965e+00,-9.616885781288146973e-01,4.478465020656585693e-01
-1.952117085456848145e+00,-5.578045174479484558e-02,-2.577021121978759766e-01,-1.190990686416625977e+00,-9.117556214332580566e-01,-1.116344213485717773e+00,-1.144946336746215820e+00,-5.731174349784851074e-01,-1.448625326156616211e+00,-5.453339815139770508e-01,-1.759126186370849609e+00,-1.094742417335510254e+00,-1.868309497833251953e+00,-5.908578634262084961e-01,-1.375349283218383789e+00,-6.899785399436950684e-01,-1.447473764419555664e+00,-4.491866230964660645e-01,-2.794975042343139648e+00,-1.143227070569992065e-01
3.511421084403991699e-01,8.924590349197387695e-01,-4.140340983867645264e-01,1.146072372794151306e-01,7.860970497131347656e-01,-5.370528697967529297e-01,-3.574557900428771973e-01,-1.140757322311401367e+00,-3.189152479171752930e-01,3.380327820777893066e-01,-1.100234150886535645e+00,-3.896005749702453613e-01,-8.255493640899658203e-02,7.397219538688659668e-02,-3.225347697734832764e-01,-7.944110631942749023e-01,-4.133345782756805420e-01,-3.842882513999938965e-01,-1.644839495420455933e-01,-5.747830271720886230e-01
-6.712127327919006348e-01,3.419973254203796387e-01,1.705570816993713379e-01,-1.192100569605827332e-01,-3.968445956707000732e-01,-5.360360145568847656e-01,5.436769723892211914e-01,-4.389182925224304199e-01,-9.136300683021545410e-01,3.094661533832550049e-01,1.849511824548244476e-02,-2.720277011394500732e-01,-1.478525280952453613e+00,-2.687419019639492035e-02,-7.645134925842285156e-01,-8.072228431701660156e-01,-5.521859526634216309e-01,-1.474417150020599365e-01,-1.156005501747131348e+00,2.610536813735961914e-01
-5.287841558456420898e-01,-5.202571153640747070e-01,-5.867398381233215332e-01,-8.720287680625915527e-01,-2.878146171569824219e-01,-1.181351900100708008e+00,-2.663640975952148438e+00,-6.467567086219787598e-01,-5.570681095123291016e-01,-1.531924724578857422e+00,-8.868699669837951660e-01,-7.211693525314331055e-01,-1.626275777816772461e+00,-8.306123018264770508e-01,-5.484488606452941895e-01,-1.245782852172851562e+00,-7.074692845344543457e-01,-2.844791710376739502e-01,-8.280574083328247070e-01,-3.604440093040466309e-01
1.009433418512344360e-01,-3.141470849514007568e-01,1.061118245124816895e-01,-2.507796883583068848e-01,-8.356351852416992188e-01,-6.034131050109863281e-01,2.973501682281494141e-01,-7.239970564842224121e-01,-1.307590842247009277e+00,-6.047134995460510254e-01,6.427325606346130371e-01,-6.348379254341125488e-01,-7.170617580413818359e-02,-7.362282872200012207e-01,-4.774422645568847656e-01,-1.008954286575317383e+00,-6.497307419776916504e-01,-2.706282734870910645e-01,6.859044730663299561e-02,-7.311770915985107422e-01
1.972872376441955566e+00,7.077253460884094238e-01,7.172719240188598633e-01,2.333378493785858154e-01,1.735355496406555176e+00,-1.126628592610359192e-01,6.466732025146484375e-01,1.063323616981506348e+00,2.037730664014816284e-01,5.659151673316955566e-01,1.359849095344543457e+00,3.176243901252746582e-01,-3.182048797607421875e-01,4.954567253589630127e-01,1.349213242530822754e+00,3.706035614013671875e-01,5.463404655456542969e-01,-1.019967794418334961e-01,1.606177210807800293e+00,4.653120040893554688e-01
-4.346222877502441406e-01,-1.215747714042663574e+00,-5.750106573104858398e-01,2.830929160118103027e-01,-7.367774248123168945e-01,-4.999694228172302246e-01,-3.839940428733825684e-01,-1.228631854057312012e+00,-1.733663082122802734e+00,-1.017857670783996582e+00,-1.524015665054321289e+00,-1.854865789413452148e+00,-8.470005393028259277e-01,-8.884446024894714355e-01,4.282203018665313721e-01,-5.018430948257446289e-01,-9.347386360168457031e-01,-5.020078420639038086e-01,-1.439591407775878906e+00,-4.759737551212310791e-01
-1.344455122947692871e+00,-2.518418550491333008e+00,-1.102628350257873535e+00,-1.385437607765197754e+00,-9.850775599479675293e-01,-1.552707672119140625e+00,-1.375848889350891113e+00,-9.544529914855957031e-01,-1.089535832405090332e+00,-1.331178545951843262e+00,-1.583915352821350098e+00,-1.599257588386535645e+00,-6.679126024246215820e-01,-9.161736369132995605e-01,-6.590259075164794922e-01,-1.417633056640625000e+00,-2.230473041534423828e+00,-1.503675937652587891e+00,-1.785387635231018066e+00,-3.585418462753295898e-01
-1.363880485296249390e-01,2.690951526165008545e-01,-1.913261711597442627e-01,4.892646968364715576e-01,1.162884309887886047e-01,9.872282743453979492e-01,9.546020627021789551e-01,5.753106474876403809e-01,3.194703757762908936e-01,-7.007429599761962891e-01,1.560919582843780518e-01,-8.890026807785034180e-01,-3.159872591495513916e-01,-2.083936780691146851e-01,2.883835434913635254e-01,-1.803420633077621460e-01,1.750812232494354248e-01,-9.331346750259399414e-01,1.556622833013534546e-01,-2.296992093324661255e-01
-8.539387583732604980e-01,-1.427875459194183350e-01,-1.050366833806037903e-01,-8.568547368049621582e-01,-1.483046770095825195e+00,-1.080112099647521973e+00,-1.790182232856750488e+00,-8.510970473289489746e-01,-1.796751260757446289e+00,-6.079074144363403320e-01,-1.655000925064086914e+00,-1.045296788215637207e+00,-1.098005414009094238e+00,-9.467156529426574707e-01,-4.547629952430725098e-01,-5.447236895561218262e-01,-1.372645258903503418e+00,-3.135174214839935303e-01,-1.111279964447021484e+00,-6.612127423286437988e-01
-1.653115868568420410e+00,-1.201628804206848145e+00,-1.697435259819030762e+00,-1.675539255142211914e+00,-1.976570844650268555e+00,-1.129772067070007324e+00,-2.003119468688964844e+00,-1.126450181007385254e+00,-1.442831516265869141e+00,-1.975154042243957520e+00,-6.127448081970214844e-01,-1.396130561828613281e+00,-2.285539150238037109e+00,-1.557027220726013184e+00,-1.407296776771545410e+00,-1.407617568969726562e+00,-2.242107391357421875e+00,-1.699176311492919922e+00,-1.529531478881835938e+00,-1.997903227806091309e+00
-1.815344452857971191e+00,-7.955883741378784180e-01,-4.200735986232757568e-01,-1.292215228080749512e+00,-1.279062867164611816e+00,-1.082920908927917480e+00,-1.449235916137695312e+00,5.879017710685729980e-01,1.539486497640609741e-01,-7.152804136276245117e-01,-1.405328959226608276e-01,-1.198390603065490723e+00,-3.452177643775939941e-01,-5.437716245651245117e-01,-9.327533841133117676e-01,-1.037349343299865723e+00,-8.185437321662902832e-01,-2.018983125686645508e+00,-6.786757111549377441e-01,-7.897986769676208496e-01
5.219816565513610840e-01,1.507200360298156738e+00,1.801034927368164062e+00,8.273000121116638184e-01,1.130083322525024414e+00,1.359870553016662598e+00,2.666431665420532227e-01,1.413392782211303711e+00,1.387625575065612793e+00,1.647970914840698242e+00,2.320669651031494141e+00,6.654182672500610352e-01,1.856712222099304199e+00,1.964594364166259766e+00,9.639228582382202148e-01,1.896495580673217773e+00,1.143685579299926758e+00,2.293611526489257812e+00,8.400243520736694336e-01,1.853597640991210938e+00
-1.174608245491981506e-01,8.156976699829101562e-01,7.155976295471191406e-01,1.060514092445373535e+00,4.357952475547790527e-01,5.524589419364929199e-01,1.181126236915588379e+00,1.264259219169616699e+00,1.066712737083435059e+00,1.169127583503723145e+00,1.599420785903930664e+00,1.148041248321533203e+00,1.871802806854248047e+00,1.374868869781494141e+00,8.085476756095886230e-01,1.274168252944946289e+00,1.790869712829589844e+00,1.709485501050949097e-01,-1.575964838266372681e-01,1.079035758972167969e+00
4.543646275997161865e-01,1.406266212463378906e+00,1.957523822784423828e+00,1.259958386421203613e+00,5.331206321716308594e-01,7.387613058090209961e-01,1.116913676261901855e+00,1.782499074935913086e+00,1.259300351142883301e+00,6.397736072540283203e-01,1.032402992248535156e+00,1.046458601951599121e+00,9.327464550733566284e-02,9.716649651527404785e-01,1.769481748342514038e-01,1.042548537254333496e+00,7.649416327476501465e-01,1.290192961692810059e+00,-2.671612501144409180e-01,6.905840635299682617e-01
8.909250497817993164e-01,-3.178475797176361084e-01,-6.420948356389999390e-02,-2.347768247127532959e-01,1.397907614707946777e+00,9.944878518581390381e-02,3.082421123981475830e-01,-2.253024131059646606e-01,-7.988367229700088501e-02,5.584931746125221252e-02,1.090125322341918945e+00,5.021566748619079590e-01,2.495100349187850952e-01,-1.805748492479324341e-01,1.232410788536071777e+00,-3.365354835987091064e-01,9.434869140386581421e-02,4.109105765819549561e-01,4.111382365226745605e-01,-5.829255580902099609e-01
-6.313676238059997559e-01,-1.202620267868041992e+00,-1.165008783340454102e+00,-1.682801365852355957e+00,-4.857653975486755371e-01,-9.858430624008178711e-01,-2.798561334609985352e+00,-5.507643818855285645e-01,-1.661296606063842773e+00,-1.167605876922607422e+00,-2.889338254928588867e+00,-7.981036305427551270e-01,-1.491175174713134766e+00,-1.052390575408935547e+00,-5.572967529296875000e-01,-1.156405806541442871e+00,-1.556868791580200195e+00,-1.200494289398193359e+00,-1.599098801612854004e+00,-1.597924590110778809e+00
-1.249119341373443604e-01,3.792702257633209229e-01,-1.520409226417541504e+00,-2.250543534755706787e-01,-8.450337648391723633e-01,-3.494406640529632568e-01,-1.649887681007385254e+00,-8.404866605997085571e-02,5.913261324167251587e-02,-9.611649513244628906e-01,-7.546982169151306152e-01,-8.189705610275268555e-01,3.930593729019165039e-01,-5.169793963432312012e-01,-3.713521361351013184e-01,-4.430356621742248535e-01,-3.740319907665252686e-01,-1.081186413764953613e+00,3.216431140899658203e-01,-4.402963817119598389e-01
2.713418304920196533e-01,4.929828941822052002e-01,7.683556675910949707e-01,4.827916026115417480e-01,1.733319640159606934e+00,8.706498742103576660e-01,1.999879717826843262e+00,4.932664632797241211e-01,8.084529638290405273e-01,1.111336588859558105e+00,7.793287634849548340e-01,5.649769902229309082e-01,4.231616556644439697e-01,1.162696719169616699e+00,1.376786947250366211e+00,1.569418013095855713e-01,4.797840118408203125e-01,-3.285865187644958496e-01,1.643474340438842773e+00,5.725989937782287598e-01
2.779444217681884766e+00,1.697258353233337402e+00,1.560098767280578613e+00,4.250019788742065430e-01,8.554596900939941406e-01,1.093896389007568359e+00,6.639979481697082520e-01,1.724808812141418457e+00,1.966639041900634766e+00,1.583636403083801270e+00,1.253669738769531250e+00,8.434450030326843262e-01,1.763612151145935059e+00,8.394575119018554688e-01,9.790956377983093262e-01,1.671013355255126953e+00,1.389188647270202637e+00,1.279119133949279785e+00,1.026495933532714844e+00,1.356959342956542969e+00
-2.770850658416748047e-01,-3.566676378250122070e-01,2.420298010110855103e-01,6.616871803998947144e-02,-1.681688725948333740e-01,1.227731943130493164e+00,3.300265073776245117e-01,-5.326589345932006836e-01,-2.939014434814453125e-01,2.040334641933441162e-01,4.094467461109161377e-01,1.634670495986938477e-01,1.567755192518234253e-01,-9.888218045234680176e-01,-1.650506108999252319e-01,-6.112829782068729401e-03,-2.577354609966278076e-01,-1.666094362735748291e-01,1.442636728286743164e+00,-5.313329026103019714e-02
6.853317618370056152e-01,2.791634500026702881e-01,9.484244585037231445e-01,7.458358407020568848e-01,1.066510200500488281e+00,4.443623423576354980e-01,1.059029340744018555e+00,8.146337866783142090e-01,1.594594359397888184e+00,1.142577528953552246e+00,1.638019800186157227e+00,7.596846222877502441e-01,3.925116956233978271e-01,2.791049718856811523e+00,7.160885930061340332e-01,1.567394733428955078e+00,8.542194366455078125e-01,9.909510612487792969e-01,1.622296333312988281e+00,1.520942926406860352e+00
-1.767284870147705078e+00,-1.875944852828979492e+00,-1.867732644081115723e+00,-4.635790586471557617e-01,-1.028314352035522461e+00,-1.264138817787170410e+00,-1.223620891571044922e+00,-5.733778476715087891e-01,-1.862554192543029785e+00,2.024161964654922485e-01,-7.834890484809875488e-01,-1.119316220283508301e+00,-2.073038578033447266e+00,-3.086877167224884033e-01,-7.757660746574401855e-01,-1.493646144866943359e+00,-2.905696332454681396e-01,-1.655264854431152344e+00,-2.188523054122924805e+00,-7.288904190063476562e-01
-4.332184791564941406e-01,-1.148235917091369629e+00,-1.458393692970275879e+00,-3.624732494354248047e-01,-2.756686508655548096e-01,-5.723836421966552734e-01,-5.085395574569702148e-01,3.478733003139495850e-01,-6.373177170753479004e-01,-9.736264944076538086e-01,-1.324087619781494141e+00,-2.516665756702423096e-01,-4.343999922275543213e-01,-5.442638993263244629e-01,-1.132936477661132812e+00,-2.085041850805282593e-01,-4.926781058311462402e-01,-1.318197131156921387e+00,-1.207791328430175781e+00,-9.374518394470214844e-01
1.184843540191650391e+00,1.032196402549743652e+00,1.193500399589538574e+00,1.029129147529602051e+00,7.741798162460327148e-01,1.954416275024414062e+00,1.020470499992370605e+00,1.557879090309143066e+00,1.751495718955993652e+00,4.935548305511474609e-01,1.721536278724670410e+00,1.930579185485839844e+00,5.936776995658874512e-01,1.652978420257568359e+00,1.083949089050292969e+00,8.843994140625000000e-01,4.129793047904968262e-01,1.352328300476074219e+00,1.020140886306762695e+00,1.239894866943359375e+00
-8.608187437057495117e-01,4.489466175436973572e-02,2.491319924592971802e-01,-2.919064998626708984e+00,-4.149771928787231445e-01,-4.167927205562591553e-01,-4.809934496879577637e-01,-2.659455537796020508e-01,1.129053160548210144e-01,-1.749966293573379517e-01,-4.820744097232818604e-01,8.771248161792755127e-02,-1.282049417495727539e+00,-9.327703714370727539e-01,-3.042460381984710693e-01,-9.230543375015258789e-01,1.566844582557678223e+00,6.994928121566772461e-01,-4.119125306606292725e-01,3.653331398963928223e-01
-2.313025295734405518e-01,-4.640158414840698242e-01,-3.123148381710052490e-01,-3.697892725467681885e-01,-1.901111602783203125e+00,-2.675247788429260254e-01,1.598624438047409058e-01,3.314170539379119873e-01,-1.051124930381774902e+00,1.103207349777221680e+00,2.077856063842773438e-01,1.010027408599853516e+00,1.877317130565643311e-01,1.679479122161865234e+00,-2.827475666999816895e-01,-1.861423403024673462e-01,-1.972155570983886719e-01,-3.537503182888031006e-01,-7.825363874435424805e-01,1.134335994720458984e-01
-2.629017531871795654e-01,-3.999385535717010498e-01,-2.056245505809783936e-02,1.139470264315605164e-01,-1.343569606542587280e-01,-6.959342397749423981e-03,-3.030950129032135010e-01,4.075218439102172852e-01,1.709962338209152222e-01,-2.366524696350097656e+00,-7.094882726669311523e-01,-7.737659215927124023e-01,-6.919053196907043457e-01,-5.200855135917663574e-01,-2.684734463691711426e-01,-2.327103018760681152e-01,2.338290214538574219e-01,-2.682078182697296143e-01,-8.215343356132507324e-01,8.526921272277832031e-03
9.524641036987304688e-01,9.693782329559326172e-01,7.674840688705444336e-01,-2.853702008724212646e-02,3.091794252395629883e-01,2.325617820024490356e-01,7.856754660606384277e-01,8.390055298805236816e-01,1.217386603355407715e+00,1.338985264301300049e-01,2.065473645925521851e-01,4.345619082450866699e-01,3.206997513771057129e-01,-2.896366417407989502e-01,1.074351787567138672e+00,8.679920434951782227e-01,1.203306913375854492e+00,7.938066720962524414e-01,1.784637093544006348e+00,5.670626163482666016e-01
-2.262113690376281738e-01,1.102982640266418457e+00,1.285087227821350098e+00,-2.368359267711639404e-02,1.078891873359680176e+00,-2.969416677951812744e-01,-1.463778913021087646e-01,8.855516314506530762e-01,4.449774324893951416e-01,8.535810112953186035e-01,6.842705607414245605e-01,2.931620478630065918e-01,4.420821368694305420e-01,6.286028027534484863e-01,8.312786221504211426e-01,2.010820806026458740e-01,5.511465072631835938e-01,7.004709839820861816e-01,4.194847643375396729e-01,-8.610728383064270020e-01
-1.572111994028091431e-01,-7.330155968666076660e-01,-1.246722936630249023e+00,-9.376379847526550293e-01,-8.011364936828613281e-01,-8.505195379257202148e-02,-2.966194152832031250e-01,-1.735977530479431152e-01,-4.968555569648742676e-01,-7.250129580497741699e-01,-1.279320240020751953e+00,-5.735161900520324707e-01,-1.646669507026672363e+00,-5.888009667396545410e-01,-1.190590500831604004e+00,-3.340485394001007080e-01,6.516683846712112427e-02,-7.038361430168151855e-01,-4.091659188270568848e-01,-2.384742498397827148e-01
-1.020976185798645020e+00,-2.181824684143066406e+00,-1.804959058761596680e+00,-1.112110733985900879e+00,-3.133105337619781494e-01,-6.374561786651611328e-01,-1.000326752662658691e+00,-1.657124422490596771e-02,1.780814230442047119e-01,-1.257911443710327148e+00,-1.536971330642700195e+00,-1.211836934089660645e+00,-1.306366205215454102e+00,-9.519972205162048340e-01,-1.318691730499267578e+00,-9.749255776405334473e-01,-1.652776360511779785e+00,-8.141915798187255859e-01,-4.344358444213867188e-01,-1.072980642318725586e+00
-2.159487485885620117e+00,-2.380145072937011719e+00,-1.102342605590820312e+00,-1.292277097702026367e+00,-2.373407125473022461e+00,-1.200581073760986328e+00,-4.182833731174468994e-01,-1.020525336265563965e+00,-1.494687080383300781e+00,-1.635096907615661621e+00,-2.185991048812866211e+00,-5.671219825744628906e-01,-1.185570836067199707e+00,-1.859463930130004883e+00,-2.323566198348999023e+00,-1.586331009864807129e+00,-1.337897777557373047e+00,-3.901534676551818848e-01,-2.380571126937866211e+00,-6.047151684761047363e-01
1.149868607521057129e+00,2.195158004760742188e-01,8.162620663642883301e-01,9.448365569114685059e-01,-1.841125041246414185e-01,-1.214281097054481506e-01,9.386499524116516113e-01,-4.001868367195129395e-01,4.190286397933959961e-01,1.747689396142959595e-01,3.517088890075683594e-01,-1.573178172111511230e-01,5.421379208564758301e-01,9.000193476676940918e-01,-3.983025550842285156e-01,1.233980208635330200e-01,-2.013317346572875977e-01,-2.511785507202148438e+00,4.465765655040740967e-01,1.694796234369277954e-01
4.801376163959503174e-01,1.874675512313842773e+00,1.097604393959045410e+00,1.494078159332275391e+00,1.456808805465698242e+00,1.588078260421752930e+00,1.530171275138854980e+00,9.596784114837646484e-01,1.982986092567443848e+00,7.464691400527954102e-01,2.748363018035888672e+00,1.031766057014465332e+00,1.917818903923034668e+00,1.090415239334106445e+00,1.140258073806762695e+00,4.756438434123992920e-01,1.412982225418090820e+00,9.946264624595642090e-01,1.052453875541687012e+00,1.470735549926757812e+00
-1.755454391241073608e-01,3.968060612678527832e-01,-6.812337636947631836e-01,3.924127817153930664e-01,2.005815692245960236e-02,2.048756182193756104e-01,-3.429387807846069336e-01,2.459715902805328369e-01,-6.082156896591186523e-01,-1.038182973861694336e-01,3.295016884803771973e-01,8.686449527740478516e-01,5.841369628906250000e-01,-3.732430934906005859e-01,1.470847725868225098e+00,3.547428920865058899e-02,-2.041207551956176758e-01,-3.318796157836914062e-01,3.668840527534484863e-01,9.420445561408996582e-01
-2.676126360893249512e-01,-4.284025728702545166e-02,-3.499588966369628906e-01,-2.185432910919189453e-01,-7.434124350547790527e-01,2.771551907062530518e-01,8.507497906684875488e-01,-2.588337063789367676e-01,-9.709022045135498047e-01,4.320409297943115234e-01,-1.068199872970581055e+00,-1.339329928159713745e-01,6.503033041954040527e-01,2.160402946174144745e-02,2.080101221799850464e-01,7.722589969635009766e-01,3.961630165576934814e-01,-8.466058373451232910e-01,-5.085628032684326172e-01,4.557203054428100586e-01
8.233848214149475098e-01,8.432045578956604004e-01,5.357590913772583008e-01,-5.171847343444824219e-02,1.015154838562011719e+00,-4.449733197689056396e-01,3.114062547683715820e-01,-1.348267436027526855e+00,5.781705379486083984e-01,-3.313474953174591064e-01,6.795517206192016602e-01,3.750552535057067871e-01,6.327003836631774902e-01,6.080895662307739258e-01,8.269799351692199707e-01,1.118817567825317383e+00,1.003068208694458008e+00,4.240522980690002441e-01,1.408834695816040039e+00,9.372619390487670898e-01
-3.174035847187042236e-01,1.808416247367858887e-01,6.587270498275756836e-01,4.468664824962615967e-01,-5.679135769605636597e-02,1.241136044263839722e-01,6.345495581626892090e-01,3.117696642875671387e-01,1.222841024398803711e+00,-7.072035074234008789e-01,2.614470124244689941e-01,4.088009595870971680e-01,7.761896252632141113e-01,-5.349740013480186462e-02,-1.251637458801269531e+00,-2.917141318321228027e-01,-1.482912778854370117e+00,2.968790829181671143e-01,-6.528404951095581055e-01,-1.060179591178894043e+00
-8.165886998176574707e-02,-1.010864734649658203e+00,-5.873089432716369629e-01,-1.806998848915100098e-01,-1.713894903659820557e-01,-3.929517865180969238e-01,-5.356005430221557617e-01,-5.626192092895507812e-01,-4.142634570598602295e-01,5.099799633026123047e-01,9.682514667510986328e-01,-1.097340956330299377e-01,1.186669349670410156e+00,-1.270736694335937500e+00,4.013134539127349854e-01,-7.915272116661071777e-01,-4.064373970031738281e-01,-3.734201788902282715e-01,8.504471927881240845e-02,-6.941959857940673828e-01
3.329377174377441406e-01,-1.108835488557815552e-01,2.700838148593902588e-01,3.476023301482200623e-02,8.490002155303955078e-02,-2.183929085731506348e-01,-8.678945302963256836e-01,-4.146005809307098389e-01,-8.212196230888366699e-01,2.858433127403259277e-01,-4.911730587482452393e-01,-2.839381396770477295e-01,-7.081438899040222168e-01,2.632394433021545410e-01,-4.514220356941223145e-01,-5.141903758049011230e-01,2.355331629514694214e-01,-3.149926066398620605e-01,-3.266990780830383301e-01,5.036309957504272461e-01
-2.896154522895812988e-01,-4.087878465652465820e-01,8.083356022834777832e-01,-4.133772850036621094e-01,2.014393545687198639e-02,-3.711939454078674316e-01,-2.269051671028137207e-01,3.252796530723571777e-01,-3.315199613571166992e-01,-2.078537642955780029e-01,-2.475433349609375000e-01,-3.302066326141357422e-01,-1.815416812896728516e-01,-1.630330562591552734e+00,2.368763238191604614e-01,-1.821784824132919312e-01,6.457872390747070312e-01,-8.348417878150939941e-01,2.190940976142883301e-01,3.343939185142517090e-01
-1.068312644958496094e+00,-3.376595973968505859e-01,-5.132262110710144043e-01,-1.215448856353759766e+00,-8.109477758407592773e-01,-3.158428370952606201e-01,-3.342193067073822021e-01,-4.970340132713317871e-01,-1.443156361579895020e+00,-1.443190574645996094e+00,-3.511780500411987305e-01,-9.950666427612304688e-01,-1.583580851554870605e+00,-3.568581342697143555e-01,-1.180111169815063477e+00,-7.607504725456237793e-01,-1.965447664260864258e+00,-7.358330488204956055e-01,-1.694780111312866211e+00,-6.902555227279663086e-01
-1.974237859249114990e-01,-5.132481455802917480e-01,-4.343441128730773926e-01,2.640207707881927490e-01,-2.361386716365814209e-01,4.643712565302848816e-02,-9.345692396163940430e-01,-2.841102182865142822e-01,5.482562184333801270e-01,-9.409443736076354980e-01,-2.789202332496643066e-01,-2.361176311969757080e-01,-7.207196950912475586e-01,-1.228071093559265137e+00,7.169687151908874512e-01,-2.698188424110412598e-01,-9.619262218475341797e-01,2.213336676359176636e-01,-3.177054524421691895e-01,-2.142285257577896118e-01
8.216580376029014587e-03,-3.698917925357818604e-01,-1.249436378479003906e+00,-7.599800080060958862e-02,-1.140718340873718262e+00,-1.725338339805603027e+00,-6.931186318397521973e-01,-1.682464480400085449e-01,-3.499531447887420654e-01,-1.297424286603927612e-01,-6.626879572868347168e-01,-1.044898867607116699e+00,4.044050350785255432e-03,4.517712071537971497e-02,-1.007092669606208801e-01,-5.942514538764953613e-01,-4.420116543769836426e-01,5.072559416294097900e-02,-2.201764583587646484e+00,3.706564903259277344e-01
-2.519024312496185303e-01,1.754474043846130371e-01,-2.348348945379257202e-01,-3.557546138763427734e-01,1.060376524925231934e+00,2.203577607870101929e-01,-8.629474043846130371e-01,-2.314827404916286469e-02,1.035020470619201660e+00,-7.267283797264099121e-01,3.313820958137512207e-01,9.523424506187438965e-02,8.403381705284118652e-01,5.865640044212341309e-01,1.758887767791748047e+00,7.432981133460998535e-01,-4.059546589851379395e-01,-1.395298838615417480e-01,4.589723348617553711e-01,4.268920421600341797e-02
-8.907699584960937500e-02,7.010114938020706177e-02,8.271441459655761719e-01,-2.208796888589859009e-01,3.654177486896514893e-02,3.895886540412902832e-01,1.851376146078109741e-01,-3.395828902721405029e-01,5.662340521812438965e-01,3.096758723258972168e-01,1.051758289337158203e+00,2.140959352254867554e-01,7.011330127716064453e-01,-4.164461195468902588e-01,1.053900942206382751e-01,1.626654982566833496e+00,7.323808670043945312e-01,-8.170201778411865234e-01,-1.212532281875610352e+00,-6.691657304763793945e-01
1.517102569341659546e-01,1.291159838438034058e-01,-7.654893994331359863e-01,-9.922717213630676270e-01,-1.226072192192077637e+00,-9.835165739059448242e-01,-6.180297732353210449e-01,2.105513066053390503e-01,-1.080388903617858887e+00,-3.362127542495727539e-01,-1.180681824684143066e+00,1.530975103378295898e-01,-1.086054563522338867e+00,-6.023020744323730469e-01,-1.352365970611572266e+00,1.673748195171356201e-01,-8.325926661491394043e-01,1.248156651854515076e-01,-1.612409710884094238e+00,2.299492619931697845e-02
-7.689396734349429607e-04,4.915422499179840088e-01,1.539055228233337402e+00,-5.125097930431365967e-03,3.264655768871307373e-01,1.113201498985290527e+00,1.291179776191711426e+00,2.850744724273681641e+00,3.019126355648040771e-01,-2.348615825176239014e-01,6.018958687782287598e-01,6.873443126678466797e-01,1.031980991363525391e+00,1.534195423126220703e+00,7.555112242698669434e-01,9.410012960433959961e-01,-3.266250193119049072e-01,2.648784080520272255e-03,8.680812120437622070e-01,1.308694124221801758e+00
5.893115997314453125e-01,1.126343965530395508e+00,1.784233570098876953e+00,5.824683904647827148e-01,1.173432826995849609e+00,1.056816458702087402e+00,1.135534644126892090e+00,7.380563020706176758e-01,6.182432174682617188e-01,-1.243396997451782227e+00,1.073829531669616699e+00,1.902839183807373047e+00,8.215698599815368652e-01,4.845055043697357178e-01,1.741660952568054199e+00,1.624924063682556152e+00,6.662361323833465576e-02,1.508030056953430176e+00,1.871181368827819824e+00,1.604068279266357422e+00
-4.464359283447265625e-01,-4.692033827304840088e-01,-1.278656840324401855e+00,-1.005836725234985352e+00,2.745352685451507568e-01,-8.895584940910339355e-01,-6.603182554244995117e-01,-8.877044171094894409e-02,-1.724168419837951660e+00,-8.100239038467407227e-01,-2.703868865966796875e+00,-1.060508370399475098e+00,2.121297717094421387e-01,-9.520748257637023926e-01,-2.012264132499694824e-01,-5.492160916328430176e-01,-1.124313712120056152e+00,-5.186141729354858398e-01,-1.311841964721679688e+00,-8.625604510307312012e-01
9.501618146896362305e-01,8.112564682960510254e-01,1.133191347122192383e+00,5.728887915611267090e-01,2.935114145278930664e+00,1.081890106201171875e+00,9.585856795310974121e-01,1.047320246696472168e+00,1.193731069564819336e+00,1.585947513580322266e+00,1.017848372459411621e+00,9.605884552001953125e-01,8.403999209403991699e-01,1.377647519111633301e+00,9.601582884788513184e-01,1.400170087814331055e+00,1.460773825645446777e+00,7.494177222251892090e-01,2.544079065322875977e+00,1.280853509902954102e+00
-9.276676177978515625e-01,2.423122882843017578e+00,-8.252649307250976562e-01,5.058454275131225586e-01,-2.837761342525482178e-01,4.497467279434204102e-01,-5.545828491449356079e-02,4.118961989879608154e-01,-2.637011706829071045e-01,4.890322387218475342e-01,-2.446149885654449463e-01,5.488369464874267578e-01,-8.558096289634704590e-01,-4.610131978988647461e-01,-3.123339414596557617e-01,2.838481366634368896e-01,-3.946177363395690918e-01,5.773311853408813477e-01,7.127163410186767578e-01,1.056639477610588074e-01
3.344577252864837646e-01,-6.859678626060485840e-01,-1.320858120918273926e+00,-1.691470146179199219e+00,-1.473025321960449219e+00,-4.206387698650360107e-01,-4.224995076656341553e-01,-4.662451520562171936e-02,-5.291585326194763184e-01,-4.717113971710205078e-01,-3.949096202850341797e-01,4.649651050567626953e-02,-5.229344964027404785e-01,-1.492267847061157227e+00,-3.502461612224578857e-01,-4.119026362895965576e-01,-1.488467454910278320e+00,-4.968678653240203857e-01,-6.849648952484130859e-01,-5.537124276161193848e-01
4.758554697036743164e-01,9.100629091262817383e-01,3.743833303451538086e-01,1.024229645729064941e+00,-1.657597720623016357e-01,5.457527637481689453e-01,8.290633559226989746e-01,-3.987701237201690674e-01,3.906093835830688477e-01,1.345066577196121216e-01,1.704532384872436523e+00,2.360263615846633911e-01,6.965398192405700684e-01,4.791222214698791504e-01,-9.241248369216918945e-01,1.452020883560180664e+00,6.679303646087646484e-01,1.246195197105407715e+00,-5.166327357292175293e-01,-2.518459856510162354e-01
-7.991175055503845215e-01,3.621281981468200684e-01,-1.274035274982452393e-01,-1.224280521273612976e-01,-1.446305662393569946e-01,-6.487150788307189941e-01,-4.304417967796325684e-01,8.729858398437500000e-01,-9.682834744453430176e-01,2.521704733371734619e-01,1.930073797702789307e-01,-7.755472064018249512e-01,-6.543596386909484863e-01,-2.009062916040420532e-01,-9.905093908309936523e-01,1.864737272262573242e-01,1.113556548953056335e-01,-5.011660456657409668e-01,-5.212822556495666504e-01,-4.689133912324905396e-02
1.050363659858703613e+00,6.593869328498840332e-01,1.442049145698547363e+00,1.194911748170852661e-01,-9.277580678462982178e-02,2.931575849652290344e-02,1.710194826126098633e+00,1.102984309196472168e+00,2.126909017562866211e+00,-2.471921890974044800e-01,1.367305636405944824e+00,-4.559873789548873901e-02,1.643088579177856445e+00,9.291669130325317383e-01,2.191184997558593750e+00,1.587118625640869141e+00,1.220311641693115234e+00,6.535595655441284180e-01,9.116944074630737305e-01,3.698354959487915039e-01
-1.768360972404479980e+00,-1.707935333251953125e+00,-1.741795778274536133e+00,-2.232936382293701172e+00,-7.581921815872192383e-01,-1.946078300476074219e+00,-1.511910796165466309e+00,-1.738572478294372559e+00,-7.216739654541015625e-01,-2.621786594390869141e+00,-6.716042160987854004e-01,-2.195982694625854492e+00,-1.650934815406799316e+00,-2.343448162078857422e+00,-2.731019735336303711e+00,-1.165692210197448730e+00,-2.051936388015747070e+00,-2.122895717620849609e+00,-1.906661510467529297e+00,-1.471422910690307617e+00
-3.461209535598754883e-01,9.110356122255325317e-02,-3.476690053939819336e-01,-8.644280433654785156e-01,-4.884373247623443604e-01,1.606556177139282227e-01,-8.174990415573120117e-01,-1.111465930938720703e+00,-1.171902269124984741e-01,-9.502888321876525879e-01,4.228039085865020752e-01,-4.067994952201843262e-01,-3.469974398612976074e-01,-5.404149889945983887e-01,-4.138716459274291992e-01,-5.729945302009582520e-01,5.708464384078979492e-01,8.038284629583358765e-02,2.243694216012954712e-01,2.646292150020599365e-01
8.860259652137756348e-01,4.045616984367370605e-01,1.029170513153076172e+00,9.842028617858886719e-01,9.366151094436645508e-01,2.576143443584442139e-01,3.363140225410461426e-01,1.350853443145751953e+00,-4.753069281578063965e-01,1.763993650674819946e-01,1.193482756614685059e+00,2.595758736133575439e-01,3.527387678623199463e-01,4.562273919582366943e-01,-1.089714169502258301e-01,2.615378499031066895e-01,-1.582783162593841553e-01,1.950938254594802856e-01,-3.438697755336761475e-01,4.770471453666687012e-01
-4.049673676490783691e-01,1.902709156274795532e-01,-1.781132817268371582e+00,-5.700544118881225586e-01,-2.953733801841735840e-01,-1.513598561286926270e+00,-1.363210082054138184e+00,-3.886785507202148438e-01,-2.347463220357894897e-01,-1.186260342597961426e+00,-5.571368932723999023e-01,-1.302780985832214355e+00,-1.380994200706481934e+00,-2.907887399196624756e-01,-1.573719024658203125e+00,-2.487014681100845337e-01,-9.664188623428344727e-01,-1.084422022104263306e-01,-1.316943168640136719e+00,-1.193758845329284668e+00
2.515858411788940430e+00,3.493601679801940918e-01,1.524619102478027344e+00,7.341569066047668457e-01,6.903355475515127182e-03,5.466862916946411133e-01,9.485390782356262207e-01,6.670399904251098633e-01,8.457325100898742676e-01,3.914603888988494873e-01,1.058411598205566406e+00,1.226114034652709961e+00,1.768651008605957031e+00,1.361620664596557617e+00,1.082945466041564941e+00,8.508541584014892578e-01,1.284461736679077148e+00,3.899373412132263184e-01,1.591514706611633301e+00,4.949133992195129395e-01
2.136492580175399780e-01,4.476639926433563232e-01,8.150880932807922363e-01,4.841639995574951172e-01,1.018285989761352539e+00,9.889894723892211914e-01,4.066452682018280029e-01,4.945592880249023438e-01,1.275168210268020630e-01,2.527829706668853760e-01,1.222431898117065430e+00,1.385537266731262207e+00,-2.286743372678756714e-01,7.039623260498046875e-01,-4.486085176467895508e-01,8.901350498199462891e-01,-1.042414754629135132e-01,2.332746505737304688e+00,4.031242132186889648e-01,9.419826865196228027e-01
-1.596243381500244141e+00,-7.874297499656677246e-01,-4.864991009235382080e-01,-1.235283732414245605e+00,-1.063181042671203613e+00,-7.271386981010437012e-01,-6.670745015144348145e-01,-5.837080478668212891e-01,-4.200188219547271729e-01,-1.566431879997253418e+00,-8.632060885429382324e-01,-1.082310557365417480e+00,-1.170361638069152832e+00,-5.178514719009399414e-01,-1.113131642341613770e-01,-1.131564974784851074e+00,-9.673804044723510742e-01,-8.770238757133483887e-01,-8.796227574348449707e-01,-1.419414043426513672e+00
6.885641068220138550e-02,1.271674335002899170e-01,8.265897035598754883e-01,-1.041490197181701660e+00,1.418399065732955933e-01,-2.828823328018188477e-01,2.851198315620422363e-01,4.702496528625488281e-01,1.072120070457458496e+00,2.603512816131114960e-02,-3.171544671058654785e-01,-2.788242399692535400e-01,8.127053976058959961e-01,3.705792725086212158e-01,6.921881437301635742e-01,1.346392333507537842e-01,8.395344018936157227e-01,1.022883534431457520e+00,3.665764629840850830e-01,9.173617959022521973e-01
-9.839144945144653320e-01,3.021577000617980957e-01,6.236151326447725296e-03,2.912155389785766602e-01,3.238645941019058228e-02,2.744045853614807129e-01,2.479337453842163086e-01,4.301278889179229736e-01,3.861920833587646484e-01,2.458229660987854004e-01,4.051039218902587891e-01,3.365905582904815674e-01,-1.642490476369857788e-01,-3.222535252571105957e-01,8.563842773437500000e-01,7.543587684631347656e-01,-8.203189969062805176e-01,-5.594867467880249023e-01,-4.515284299850463867e-01,-9.228187054395675659e-02
2.611275613307952881e-01,8.601592779159545898e-01,7.418936491012573242e-01,5.720832943916320801e-01,1.248647570610046387e+00,-1.935247480869293213e-01,8.746389746665954590e-01,-6.780313849449157715e-01,5.343023538589477539e-01,2.885769307613372803e-01,3.498173654079437256e-01,9.430940151214599609e-01,9.341397285461425781e-01,1.316062927246093750e+00,8.801943659782409668e-01,-1.304880976676940918e-01,-4.403299689292907715e-01,3.259401321411132812e-01,3.603394329547882080e-01,6.708099842071533203e-01
-4.307900667190551758e-01,-2.611694335937500000e-01,8.865826725959777832e-01,-7.183660268783569336e-01,-9.824364781379699707e-01,-1.383770555257797241e-01,6.853789836168289185e-02,-1.662157475948333740e-01,-1.508354544639587402e-01,-5.383481383323669434e-01,2.373760491609573364e-01,3.806341588497161865e-01,-9.971919059753417969e-01,3.564224392175674438e-02,-1.837983876466751099e-01,5.072955489158630371e-01,7.989484071731567383e-01,5.542616844177246094e-01,-2.366084456443786621e-01,-4.866300821304321289e-01
-1.765283346176147461e+00,-6.012459397315979004e-01,-1.269528150558471680e+00,-1.223543763160705566e+00,-1.869153976440429688e+00,-9.485748410224914551e-01,-3.648786246776580811e-01,-1.110828399658203125e+00,-3.864389359951019287e-01,-2.502179741859436035e-01,-2.391150742769241333e-01,3.086295425891876221e-01,-1.582601428031921387e+00,-6.555713415145874023e-01,-7.760332822799682617e-01,-1.179717183113098145e+00,-8.044942468404769897e-02,-5.667379498481750488e-01,9.866551309823989868e-02,-1.257561326026916504e+00
3.499694466590881348e-01,8.672869950532913208e-02,1.405012607574462891e-01,-1.119151949882507324e+00,5.315424799919128418e-01,-5.145275592803955078e-01,9.068034589290618896e-02,-2.193413525819778442e-01,-3.209021389484405518e-01,-6.470543146133422852e-02,-4.884450733661651611e-01,2.878069579601287842e-01,1.901770532131195068e-01,7.888109087944030762e-01,-9.057965874671936035e-02,-4.133204221725463867e-01,-4.883647263050079346e-01,-1.351746320724487305e-01,-3.964169323444366455e-01,-2.140529900789260864e-01
-3.580857217311859131e-01,-1.832517504692077637e+00,-6.367444992065429688e-01,6.430611014366149902e-02,-3.370589613914489746e-01,2.068374752998352051e-01,-9.494724869728088379e-01,-6.151856184005737305e-01,-5.491361618041992188e-01,-9.350845813751220703e-01,-1.168409109115600586e+00,-3.602786660194396973e-01,-1.302749633789062500e+00,-9.214488863945007324e-01,-1.225796580314636230e+00,-3.832845985889434814e-01,-1.786965847015380859e+00,-1.182937860488891602e+00,-8.623980283737182617e-01,-1.372921943664550781e+00
4.076156616210937500e-01,3.768462240695953369e-01,5.737559795379638672e-01,9.831183552742004395e-01,6.577799916267395020e-01,3.194707930088043213e-01,-3.866894245147705078e-01,9.106084108352661133e-01,-1.542139332741498947e-02,3.272916972637176514e-01,1.035331368446350098e+00,-6.269904375076293945e-01,1.169590353965759277e+00,1.123118638992309570e+00,1.378305107355117798e-01,-5.411712452769279480e-02,4.575113952159881592e-01,4.158607423305511475e-01,9.822595119476318359e-01,9.613686800003051758e-01
-2.246459484100341797e+00,-1.274740099906921387e+00,7.647579908370971680e-02,-1.412624716758728027e+00,-1.154184222221374512e+00,-2.840586900711059570e+00,-2.913418292999267578e+00,-1.484597206115722656e+00,-1.182922244071960449e+00,-1.694414019584655762e+00,-1.743550062179565430e+00,-1.497395515441894531e+00,-1.957622408866882324e+00,-9.511844515800476074e-01,-2.155384540557861328e+00,-1.757643103599548340e+00,-2.382806062698364258e+00,-2.072918653488159180e+00,-1.808510541915893555e+00,-2.075221061706542969e+00
2.038628906011581421e-01,-2.577688694000244141e-01,8.125239610671997070e-02,-3.368104696273803711e-01,1.858826994895935059e+00,-1.436687260866165161e-01,-9.489284753799438477e-01,-8.942642807960510254e-02,-2.085593491792678833e-01,-8.314255475997924805e-01,-2.087607383728027344e-01,-3.133159875869750977e-01,9.201303124427795410e-01,5.238016843795776367e-01,8.623718470335006714e-02,1.846021227538585663e-02,4.543696343898773193e-01,-3.143354058265686035e-01,-1.670922398567199707e+00,5.777641534805297852e-01
1.188348159193992615e-01,-1.042087554931640625e+00,-1.602015256881713867e+00,1.137606501579284668e-01,3.287572860717773438e-01,7.213138043880462646e-02,-4.399617612361907959e-01,-6.352409720420837402e-01,-1.792905688285827637e+00,-3.459816277027130127e-01,-1.284330487251281738e+00,-1.039019465446472168e+00,-9.979565739631652832e-01,-1.011688947677612305e+00,-1.161509871482849121e+00,-9.186472892761230469e-01,-1.151183605194091797e+00,-4.585312008857727051e-01,-1.337052822113037109e+00,-6.182405352592468262e-01
6.843305230140686035e-01,4.554219841957092285e-01,9.491693973541259766e-01,9.020450711250305176e-01,4.279012084007263184e-01,1.078713774681091309e+00,-1.853498220443725586e-01,1.051504135131835938e+00,9.683821797370910645e-01,5.433641076087951660e-01,6.773971915245056152e-01,2.192231416702270508e+00,2.837987184524536133e+00,1.431172609329223633e+00,1.058156728744506836e+00,1.302407145500183105e+00,5.636674761772155762e-01,9.684183597564697266e-01,9.792796969413757324e-01,1.412696123123168945e+00
-6.350783109664916992e-01,6.162810325622558594e-01,-1.179019451141357422e+00,-2.570884525775909424e-01,2.493156492710113525e-02,3.544735312461853027e-01,-6.801891922950744629e-01,-8.358114361763000488e-01,3.580251634120941162e-01,4.711169302463531494e-01,-4.074032902717590332e-01,-1.941429972648620605e-01,5.625231266021728516e-01,-9.209332466125488281e-01,-2.140652239322662354e-01,-2.399457991123199463e-01,1.615881323814392090e-01,-4.481040835380554199e-01,1.731639951467514038e-01,5.544924139976501465e-01
-1.836604475975036621e-01,-2.740866243839263916e-01,3.527584075927734375e-01,-2.058014422655105591e-01,-2.194416224956512451e-01,-9.316048026084899902e-01,-8.575506210327148438e-01,-3.237527608871459961e-01,9.708475470542907715e-01,3.412406444549560547e-01,-3.540462851524353027e-01,3.965661823749542236e-01,1.800873994827270508e+00,7.064750790596008301e-02,5.552052855491638184e-01,-1.897427737712860107e-01,9.360895752906799316e-01,1.478236466646194458e-01,1.390502005815505981e-01,6.288459300994873047e-01
-1.298033911734819412e-02,-1.883752107620239258e+00,-1.548632740974426270e+00,-2.437059730291366577e-01,-1.849361181259155273e+00,-1.612005352973937988e+00,-6.614077091217041016e-01,-2.109263420104980469e+00,-6.061486601829528809e-01,-1.332635641098022461e+00,-1.062529921531677246e+00,-4.912917315959930420e-01,-1.179179191589355469e+00,-4.666105508804321289e-01,-3.772782087326049805e-01,-7.541948556900024414e-01,-1.366106629371643066e+00,-1.044171810150146484e+00,-1.806224942207336426e+00,-9.689104557037353516e-01
4.373533427715301514e-01,4.355032145977020264e-01,-3.035044968128204346e-01,-9.168036580085754395e-01,-2.633396685123443604e-01,2.919933795928955078e-01,-9.321288764476776123e-02,-3.750954568386077881e-01,-1.919430643320083618e-01,-1.917231231927871704e-01,1.383923143148422241e-01,-5.561356544494628906e-01,2.636566162109375000e-01,2.333798170089721680e+00,-2.746009528636932373e-01,3.819943666458129883e-01,-6.968017816543579102e-01,2.515694200992584229e-01,3.404353559017181396e-01,2.872575819492340088e-02
2.027225494384765625e+00,3.863773941993713379e-01,-3.572177290916442871e-01,-9.566102921962738037e-02,-6.805768013000488281e-01,1.038488745689392090e+00,5.735859274864196777e-01,9.607402086257934570e-01,1.038428187370300293e+00,8.013060092926025391e-01,5.879015922546386719e-01,9.262962341308593750e-01,1.177745461463928223e+00,3.535889387130737305e-01,-1.756766080856323242e+00,4.994621574878692627e-01,8.402336835861206055e-01,-2.703498303890228271e-01,-2.215923517942428589e-01,2.140010148286819458e-01
-9.951329231262207031e-01,-5.758127570152282715e-01,-7.050202488899230957e-01,-2.144834250211715698e-01,-3.162776529788970947e-01,-1.290342807769775391e-01,-5.078555941581726074e-01,-1.234741449356079102e+00,-1.062111377716064453e+00,-4.179931581020355225e-01,-1.142789840698242188e+00,3.390988707542419434e-01,1.650144696235656738e+00,-5.998990535736083984e-01,-8.329746127128601074e-01,-6.533789038658142090e-01,-7.210603356361389160e-01,-6.088935136795043945e-01,-7.266695499420166016e-01,-4.463192820549011230e-01
-1.891608119010925293e+00,-9.424063563346862793e-01,-1.572340369224548340e+00,-1.241176605224609375e+00,-1.747565031051635742e+00,-1.824989795684814453e+00,-1.580684065818786621e+00,-1.490631461143493652e+00,-1.615852952003479004e+00,-1.189986586570739746e+00,-9.511749744415283203e-01,-1.560521721839904785e+00,-2.033448696136474609e+00,-8.483225703239440918e-01,-8.780190348625183105e-01,-7.729467749595642090e-01,-1.338858962059020996e+00,-2.361517906188964844e+00,-2.554661750793457031e+00,-1.490742564201354980e+00
-1.621599555015563965e+00,-5.858207941055297852e-01,-3.791567087173461914e-01,-3.622486591339111328e-01,-7.367345690727233887e-01,1.686681210994720459e-01,-7.269229888916015625e-01,1.164622157812118530e-01,-2.602923810482025146e-01,-5.429890155792236328e-01,-1.204681769013404846e-01,3.198993206024169922e-02,-1.269235372543334961e+00,-2.017842978239059448e-01,5.864153802394866943e-02,-3.305248022079467773e-01,2.290300846099853516e+00,-4.952703416347503662e-01,-4.904490113258361816e-01,1.035556867718696594e-01
-1.806446909904479980e+00,-9.760519862174987793e-01,-1.828281760215759277e+00,-1.631756067276000977e+00,-1.596796661615371704e-01,-1.040087461471557617e+00,-7.905389666557312012e-01,-1.834792017936706543e+00,-1.237463712692260742e+00,-9.997289776802062988e-01,-3.817134499549865723e-01,-5.643779635429382324e-01,-1.143459200859069824e+00,-1.016215205192565918e+00,-9.268226027488708496e-01,-1.234938025474548340e+00,-1.279636263847351074e+00,-6.344110369682312012e-01,-6.870812773704528809e-01,-1.349493503570556641e+00
-1.109480857849121094e+00,-8.109170794486999512e-01,-6.493026018142700195e-01,-7.373828887939453125e-01,-1.270546168088912964e-01,-4.716827571392059326e-01,1.200240492820739746e+00,-1.953091025352478027e-01,2.152272611856460571e-01,-2.268068492412567139e-01,1.070892930030822754e+00,-7.132902741432189941e-01,-9.084184467792510986e-02,2.252746075391769409e-01,1.138612106442451477e-01,2.221024185419082642e-01,-1.828238368034362793e-01,4.181948304176330566e-01,4.285245537757873535e-01,-7.309104800224304199e-01
-3.693923950195312500e-01,1.223137378692626953e-01,-3.392539024353027344e-01,8.089401721954345703e-01,-3.321480751037597656e-01,-5.371289253234863281e-01,-3.062518835067749023e-01,-9.407816529273986816e-01,-1.592171788215637207e-01,-3.571145236492156982e-01,-1.808110438287258148e-02,-9.155844151973724365e-02,-3.335534632205963135e-01,-4.947369173169136047e-02,-1.024146556854248047e+00,-2.431432723999023438e+00,-1.160968303680419922e+00,3.379604965448379517e-02,-1.106220245361328125e+00,-1.369465589523315430e-01
-2.733572125434875488e-01,1.225344657897949219e+00,1.691206932067871094e+00,-3.309101760387420654e-01,1.224753379821777344e+00,3.876923024654388428e-01,9.635637402534484863e-01,1.016570210456848145e+00,6.261419057846069336e-01,2.821113467216491699e-01,1.486719369888305664e+00,6.804143786430358887e-01,5.057477951049804688e-02,4.105251729488372803e-01,-1.773828029632568359e+00,4.669566750526428223e-01,5.256004929542541504e-01,6.032109856605529785e-01,3.191538453102111816e-01,7.486173510551452637e-01
-1.710523486137390137e+00,-2.197443485260009766e+00,-2.984685897827148438e-01,9.022038429975509644e-02,4.503019750118255615e-01,-2.096915990114212036e-01,1.626986563205718994e-01,-9.394916892051696777e-01,1.376076340675354004e-01,-2.511108219623565674e-01,-1.741270422935485840e+00,1.979817450046539307e-01,3.859125673770904541e-01,-4.325642436742782593e-02,-9.685244560241699219e-01,-1.755720257759094238e+00,-2.056621909141540527e-01,-9.976511001586914062e-01,-2.467381209135055542e-01,-3.027132749557495117e-01
2.260890603065490723e-01,4.713407456874847412e-01,-1.967639029026031494e-01,-3.083266019821166992e-01,-4.482888579368591309e-01,-3.345444500446319580e-01,1.116927981376647949e+00,-3.204830884933471680e-01,2.288150489330291748e-01,-8.354582190513610840e-01,3.622785210609436035e-01,3.490629196166992188e-01,1.730354726314544678e-01,-5.030438303947448730e-01,1.078255891799926758e+00,-7.411156296730041504e-01,2.053248733282089233e-01,2.904465496540069580e-01,-9.356315135955810547e-01,1.354481130838394165e-01
3.044304251670837402e-01,8.208065032958984375e-01,1.105744242668151855e+00,1.287133693695068359e+00,1.048077583312988281e+00,-4.047878086566925049e-01,3.533022105693817139e-01,1.272058486938476562e+00,-2.268484830856323242e-01,2.577657997608184814e-01,1.130253314971923828e+00,9.099099636077880859e-01,2.981993556022644043e-01,4.584984779357910156e-01,5.186141729354858398e-01,-5.090223625302314758e-02,9.876968264579772949e-01,1.416848897933959961e+00,3.861026763916015625e-01,3.365927040576934814e-01
-1.400650978088378906e+00,-1.540210247039794922e+00,-2.928248167037963867e+00,-2.213320493698120117e+00,-1.739692091941833496e+00,-1.551155567169189453e+00,-1.733979463577270508e+00,-1.991108417510986328e+00,-2.358026027679443359e+00,-2.052662611007690430e+00,-1.833404541015625000e+00,-2.531497240066528320e+00,-2.300719738006591797e+00,-1.833435297012329102e+00,-1.411057353019714355e+00,-1.404157757759094238e+00,-1.962106347084045410e+00,-2.528356313705444336e+00,-2.083057403564453125e+00,-1.316619873046875000e+00
1.126756668090820312e+00,1.786101341247558594e+00,9.124272465705871582e-01,1.424040555953979492e+00,8.478256464004516602e-01,9.867244362831115723e-01,1.198557138442993164e+00,1.183355569839477539e+00,2.260526895523071289e+00,4.476290643215179443e-01,1.710727691650390625e+00,1.505020141601562500e+00,1.440623402595520020e+00,1.737826824188232422e+00,1.666644334793090820e+00,1.313863277435302734e+00,2.170845985412597656e+00,1.883659243583679199e+00,1.260496139526367188e+00,1.327124357223510742e+00
6.746656298637390137e-01,2.343070358037948608e-01,9.939296245574951172e-01,-5.485952496528625488e-01,3.468031883239746094e-01,5.257026553153991699e-01,4.244858920574188232e-01,1.523957133293151855e+00,1.930013597011566162e-01,-2.992099337279796600e-02,-3.008770942687988281e-01,-8.739698529243469238e-01,1.049570664763450623e-01,-9.871468544006347656e-01,-9.000594168901443481e-02,1.031913235783576965e-01,4.854127019643783569e-02,-5.896365046501159668e-01,-2.664513587951660156e-01,1.720823943614959717e-01
1.580000072717666626e-01,3.810363709926605225e-01,8.293217420578002930e-01,-6.383534520864486694e-02,4.727475643157958984e-01,6.649478673934936523e-01,6.460564732551574707e-01,6.162398457527160645e-01,1.103060364723205566e+00,4.562954306602478027e-01,-3.389836251735687256e-01,8.750540018081665039e-01,1.107660293579101562e+00,8.308982253074645996e-01,2.458470761775970459e-01,8.058824539184570312e-01,-2.617215812206268311e-01,2.991423606872558594e-01,1.137017369270324707e+00,1.659814715385437012e+00
-1.180050611495971680e+00,-1.023477315902709961e+00,-4.364094734191894531e-01,-2.008435487747192383e+00,-8.541811108589172363e-01,-9.580338597297668457e-01,-1.201221823692321777e+00,-1.110688805580139160e+00,-1.482757806777954102e+00,-9.367585778236389160e-01,-1.015920877456665039e+00,-2.013368606567382812e+00,-5.793152451515197754e-01,-1.644805908203125000e+00,5.681669116020202637e-01,-1.455236077308654785e+00,-1.048448443412780762e+00,-2.157163619995117188e+00,-7.793180942535400391e-01,-1.385495543479919434e+00
-7.208873629570007324e-01,-1.328457236289978027e+00,-1.614319205284118652e+00,-1.464574933052062988e+00,-1.065667510032653809e+00,-1.069872021675109863e+00,-2.901216268539428711e+00,-5.710047483444213867e-01,-2.028067857027053833e-01,-3.677785992622375488e-01,-4.464254975318908691e-01,-8.143978714942932129e-01,-2.886633634567260742e+00,-5.479001998901367188e-01,-2.825052738189697266e-01,-8.516213297843933105e-02,-1.790829896926879883e+00,-6.738627552986145020e-01,-2.393646240234375000e+00,-1.483222484588623047e+00
-1.801810562610626221e-01,-4.709415435791015625e-01,-4.655486047267913818e-01,-1.545145273208618164e+00,-2.787104249000549316e-01,-6.214962601661682129e-01,4.829916059970855713e-01,-5.578320026397705078e-01,-5.887839794158935547e-01,-8.585124015808105469e-01,-5.219998359680175781e-01,-2.106196433305740356e-01,2.282128781080245972e-01,-1.714535355567932129e-01,-4.092273712158203125e-01,-5.248966217041015625e-01,9.202700853347778320e-02,-2.734477818012237549e-01,4.689037799835205078e-01,-4.435027390718460083e-02
-2.781351506710052490e-01,3.404709100723266602e-01,9.940601140260696411e-02,-1.007058992981910706e-01,-8.713182210922241211e-01,-1.043677091598510742e+00,2.022125273942947388e-01,-2.152848690748214722e-01,1.494012832641601562e+00,-1.497879385948181152e+00,3.654371798038482666e-01,2.873784005641937256e-01,1.844657957553863525e-02,9.458430111408233643e-02,-3.961971998214721680e-01,-9.048403501510620117e-01,-1.079815149307250977e+00,-9.808553457260131836e-01,-1.498900949954986572e-01,-3.601414561271667480e-01
-9.838896393775939941e-01,-9.680628776550292969e-01,-5.810174942016601562e-01,-8.965815901756286621e-01,-4.594172835350036621e-01,-5.206563472747802734e-01,-2.254427194595336914e+00,-2.933036983013153076e-01,-1.065296292304992676e+00,-3.375045061111450195e-01,2.931711077690124512e-01,-7.883147001266479492e-01,7.684084177017211914e-01,-1.101388931274414062e+00,2.555699110031127930e+00,-4.462389051914215088e-01,-6.335039138793945312e-01,-7.438444495201110840e-01,-5.478332191705703735e-02,-9.159839898347854614e-02
8.630274534225463867e-01,-1.483943462371826172e-01,9.378195405006408691e-01,6.481179594993591309e-02,6.935026645660400391e-01,7.477021813392639160e-01,2.349918127059936523e+00,5.102212429046630859e-01,-3.616999089717864990e-02,1.379590749740600586e+00,4.500560164451599121e-01,2.932385206222534180e-01,4.980001747608184814e-01,1.133227467536926270e+00,2.319332510232925415e-01,1.058360099792480469e+00,1.340617686510086060e-01,9.788919687271118164e-01,4.995862841606140137e-01,1.047224879264831543e+00
7.251302599906921387e-01,1.111283898353576660e+00,-1.086711212992668152e-01,-3.488433659076690674e-01,-3.746674358844757080e-01,1.105400919914245605e+00,8.042454719543457031e-01,5.061134099960327148e-01,-1.749667525291442871e-01,-1.389718204736709595e-01,8.902712464332580566e-01,1.010306239128112793e+00,1.082966566085815430e+00,6.067476868629455566e-01,2.876576781272888184e-01,1.131095051765441895e+00,9.519114494323730469e-01,2.074933350086212158e-01,2.405401229858398438e+00,9.045262932777404785e-01
-1.707684755325317383e+00,-1.298935055732727051e+00,-9.474750757217407227e-01,1.813548654317855835e-01,-1.059204936027526855e+00,-1.543464660644531250e+00,-4.853402078151702881e-01,-4.529256224632263184e-01,-8.786709904670715332e-01,-1.027377247810363770e+00,-5.208963900804519653e-02,-8.155615329742431641e-01,-1.662342667579650879e+00,-6.994795799255371094e-01,-1.303383946418762207e+00,7.950325310230255127e-02,-1.206078290939331055e+00,-2.413005381822586060e-01,-1.405042052268981934e+00,-8.425455689430236816e-01
-1.477838158607482910e-01,-2.424303442239761353e-02,2.341060638427734375e-01,-2.733141183853149414e-01,-1.302348017692565918e+00,-2.318532615900039673e-01,-1.523222327232360840e+00,4.248028993606567383e-01,3.952992260456085205e-01,5.341370105743408203e-01,-1.598725676536560059e+00,-3.758510649204254150e-01,-3.016999363899230957e-02,2.289307862520217896e-01,-2.475870549678802490e-01,-1.106827855110168457e-01,1.781740039587020874e-01,-2.955255806446075439e-01,-2.213527681306004524e-03,-6.503323912620544434e-01
-8.439487218856811523e-01,4.680408537387847900e-01,3.357157707214355469e-01,-9.042021036148071289e-01,-1.864421516656875610e-01,-5.857345461845397949e-01,-1.013283878564834595e-01,2.634695470333099365e-01,-9.826387763023376465e-01,2.807026207447052002e-01,-4.733867049217224121e-01,-6.450235247611999512e-01,-2.369007319211959839e-01,-2.326326668262481689e-01,5.672833919525146484e-01,-8.844088912010192871e-01,-1.578952074050903320e+00,-1.552844643592834473e-01,3.838947117328643799e-01,-3.763772249221801758e-01
-1.870130300521850586e+00,-1.549204707145690918e+00,-7.805129289627075195e-01,-1.468748807907104492e+00,-1.788263201713562012e+00,-1.444539904594421387e+00,-1.670212984085083008e+00,-8.658044338226318359e-01,-9.447194337844848633e-01,-1.633876442909240723e+00,-1.383782863616943359e+00,-7.052244544029235840e-01,-9.988010525703430176e-01,-1.147222757339477539e+00,-4.943603873252868652e-01,-1.780883431434631348e+00,-2.239230155944824219e+00,-1.769391417503356934e+00,-1.010271549224853516e+00,-1.482603669166564941e+00
9.622524380683898926e-01,1.846659660339355469e+00,1.403764724731445312e+00,9.441894292831420898e-01,9.528139233589172363e-01,2.019000291824340820e+00,1.307042956352233887e+00,1.753146290779113770e+00,1.118787765502929688e+00,6.476160883903503418e-01,5.736089944839477539e-01,4.063394367694854736e-01,1.311460375785827637e+00,1.548573493957519531e+00,1.369284987449645996e+00,3.142611980438232422e-01,1.469084143638610840e+00,1.077133417129516602e+00,9.571343660354614258e-01,1.341776490211486816e+00
-1.236351966857910156e+00,-1.621437370777130127e-01,-3.905822932720184326e-01,-4.547237753868103027e-01,-5.314672589302062988e-01,2.011482417583465576e-01,-4.182108342647552490e-01,-8.440582752227783203e-01,2.906028330326080322e-01,-3.469434976577758789e-01,-4.414693713188171387e-01,-3.211174309253692627e-01,2.287930250167846680e-02,2.612165510654449463e-01,3.044621050357818604e-01,-1.877963244915008545e-01,7.315758466720581055e-01,2.549405097961425781e-01,-1.103846073150634766e+00,-6.171775236725807190e-02
-4.493165016174316406e-02,6.690539121627807617e-01,5.838640928268432617e-01,-1.916742026805877686e-01,-7.228989601135253906e-01,1.155162602663040161e-01,-1.876375198364257812e+00,-2.498813532292842865e-02,2.497259080410003662e-01,-1.237841397523880005e-01,1.923529505729675293e-01,-5.901744365692138672e-01,1.963529586791992188e-01,-1.756459027528762817e-01,-2.010461688041687012e-01,4.378951787948608398e-01,3.041774034500122070e-01,3.734070956707000732e-01,-1.226374149322509766e+00,6.314193010330200195e-01
1.532752066850662231e-01,1.025288581848144531e+00,1.060898900032043457e+00,-2.383520081639289856e-02,2.267943769693374634e-01,4.320780336856842041e-01,6.239921450614929199e-01,-2.555658817291259766e-01,-4.352449774742126465e-01,1.016567230224609375e+00,1.085081577301025391e+00,-4.611330032348632812e-01,3.824049532413482666e-01,-4.391073882579803467e-01,7.028646469116210938e-01,1.043535694479942322e-01,1.180127859115600586e+00,1.053646445274353027e+00,3.027057051658630371e-01,3.269822895526885986e-01
2.183071136474609375e+00,-6.618620753288269043e-01,-2.823603153228759766e-01,1.273916959762573242e+00,1.081160902976989746e+00,-4.367159307003021240e-02,7.286882400512695312e-01,8.259653449058532715e-01,1.577635884284973145e+00,4.718269407749176025e-01,1.122524142265319824e-01,1.441978096961975098e+00,2.767283201217651367e+00,6.549689769744873047e-01,1.304424881935119629e+00,1.066792368888854980e+00,1.014961004257202148e+00,1.403278112411499023e+00,1.752191066741943359e+00,8.532029986381530762e-01
5.873394012451171875e-01,8.632603883743286133e-01,2.531965076923370361e-01,4.155152440071105957e-01,7.725280523300170898e-01,-2.828987538814544678e-01,1.141511082649230957e+00,5.744881033897399902e-01,-7.483249157667160034e-02,5.592084303498268127e-02,6.384708881378173828e-01,4.670191407203674316e-01,1.741555184125900269e-01,-8.769515901803970337e-02,1.687544703483581543e+00,7.189075946807861328e-01,-2.207637131214141846e-01,3.920086622238159180e-01,1.063413977622985840e+00,4.166889786720275879e-01
1.514901995658874512e+00,1.269822478294372559e+00,2.809663534164428711e+00,1.042182922363281250e+00,1.924345970153808594e+00,1.322953462600708008e+00,1.109791517257690430e+00,1.217432975769042969e+00,1.208866000175476074e+00,1.124217152595520020e+00,1.219148159027099609e+00,1.476091265678405762e+00,2.095039129257202148e+00,7.391322255134582520e-01,1.319763302803039551e+00,8.521756529808044434e-01,2.223340988159179688e+00,1.531924605369567871e+00,2.946292877197265625e+00,1.478370904922485352e+00
1.142999529838562012e+00,1.410989761352539062e+00,2.687837600708007812e+00,2.389513731002807617e+00,2.128027677536010742e+00,1.643998146057128906e+00,2.504835367202758789e+00,1.403486490249633789e+00,1.594300746917724609e+00,9.052114486694335938e-01,2.675018787384033203e+00,1.678915143013000488e+00,2.405544281005859375e+00,1.590040326118469238e+00,2.945777893066406250e+00,2.657403469085693359e+00,1.822515726089477539e+00,1.136262416839599609e+00,2.421210765838623047e+00,1.599086165428161621e+00
1.028992295265197754e+00,1.830410003662109375e+00,1.111612081527709961e+00,2.396417140960693359e+00,1.586527824401855469e+00,1.048929095268249512e+00,1.822976589202880859e+00,1.613010883331298828e+00,7.208440899848937988e-01,9.452475309371948242e-01,1.166794300079345703e+00,1.311710476875305176e+00,1.979644060134887695e+00,2.155770301818847656e+00,1.201344370841979980e+00,1.226684331893920898e+00,1.289926290512084961e+00,1.245163202285766602e+00,1.153887748718261719e+00,2.718099594116210938e+00
-1.011193469166755676e-01,-1.702853143215179443e-01,-3.648916482925415039e-01,-2.865351140499114990e-01,-3.734800815582275391e-01,4.401275515556335449e-01,-5.533156394958496094e-01,2.547312676906585693e-01,-2.660316526889801025e-01,7.077673915773630142e-03,-1.091845035552978516e+00,-8.392428755760192871e-01,2.891011834144592285e-01,8.239895105361938477e-01,1.762472242116928101e-01,4.858958125114440918e-01,-5.584075450897216797e-01,-9.422616958618164062e-01,5.871943235397338867e-01,8.560762405395507812e-01
-8.701921105384826660e-01,-1.481108784675598145e+00,-1.453416109085083008e+00,-1.642624735832214355e+00,-2.497509002685546875e+00,-1.772103786468505859e+00,-1.336414337158203125e+00,-1.011133313179016113e+00,-1.179729223251342773e+00,-1.376687884330749512e+00,-8.827782869338989258e-01,-1.256455183029174805e+00,-1.081169486045837402e+00,-2.012742042541503906e+00,-2.175880432128906250e+00,-1.756794929504394531e+00,-1.782992720603942871e+00,-1.245375752449035645e+00,-1.830750226974487305e+00,-1.621000528335571289e+00
-2.710642576217651367e+00,-2.204972028732299805e+00,-4.362698495388031006e-01,-1.483394265174865723e+00,-6.103674173355102539e-01,-1.312460780143737793e+00,-2.301367282867431641e+00,-1.460029244422912598e+00,-1.018261551856994629e+00,-9.709606170654296875e-01,-1.626335382461547852e+00,-1.153977632522583008e+00,-2.118454456329345703e+00,-1.816624164581298828e+00,-9.762092828750610352e-01,-1.561491608619689941e+00,-2.266249179840087891e+00,-1.269982933998107910e+00,-2.635297060012817383e+00,-1.779502630233764648e+00
4.144111871719360352e-01,8.290945887565612793e-01,1.565021634101867676e+00,-7.140876054763793945e-01,8.887026309967041016e-01,2.579236924648284912e-01,1.486574411392211914e+00,3.726422786712646484e-01,4.887855350971221924e-01,8.446965217590332031e-01,4.544444978237152100e-01,4.962856173515319824e-01,8.481838107109069824e-01,-2.159279435873031616e-01,8.785543441772460938e-01,8.572433590888977051e-01,5.009904503822326660e-01,-3.336074054241180420e-01,4.231298565864562988e-01,7.604897022247314453e-01
-2.274391800165176392e-01,-3.917632624506950378e-02,1.752037703990936279e-01,-2.239031642675399780e-01,-3.828254342079162598e-02,2.782403945922851562e+00,-3.982453420758247375e-02,1.179605603218078613e+00,2.193745225667953491e-01,-1.267177611589431763e-02,-8.522338867187500000e-01,2.022521257400512695e+00,1.006013274192810059e+00,-4.097528457641601562e-01,9.759522229433059692e-02,3.932152986526489258e-01,2.673021852970123291e-01,1.147307991981506348e+00,-3.573917746543884277e-01,-8.687584102153778076e-02
2.380960464477539062e+00,4.813275933265686035e-01,1.026963949203491211e+00,1.251400947570800781e+00,2.792329490184783936e-01,4.724291265010833740e-01,1.582483172416687012e+00,1.130225419998168945e+00,-2.428809739649295807e-02,9.868856072425842285e-01,8.128213286399841309e-01,1.300061106681823730e+00,1.252764940261840820e+00,7.677363157272338867e-01,1.304543733596801758e+00,8.697196841239929199e-01,4.633565843105316162e-01,7.265855073928833008e-01,4.654816091060638428e-01,1.181261777877807617e+00
-3.055244386196136475e-01,5.763499736785888672e-01,-7.775419354438781738e-01,4.437464773654937744e-01,-8.279179930686950684e-01,-4.345274567604064941e-01,4.193294644355773926e-01,8.979018330574035645e-01,-6.896918267011642456e-02,-1.165295913815498352e-01,-3.662810921669006348e-01,-4.127527773380279541e-01,1.927371919155120850e-01,3.457370996475219727e-01,-1.138128519058227539e+00,-2.478000819683074951e-01,2.070474475622177124e-01,1.018439054489135742e+00,1.420497536659240723e+00,3.845756053924560547e-01
-7.389281988143920898e-01,-6.622241139411926270e-01,1.043239593505859375e+00,-1.727678477764129639e-01,5.371956229209899902e-01,2.457296848297119141e-01,-3.204258680343627930e-01,4.306100904941558838e-01,9.533278942108154297e-01,4.008533358573913574e-01,2.942464053630828857e-01,-1.396282464265823364e-01,2.453839033842086792e-01,4.434131383895874023e-01,6.293086409568786621e-01,-5.408818125724792480e-01,3.926028311252593994e-01,4.429439604282379150e-01,-3.387412726879119873e-01,2.852022945880889893e-01
3.675607442855834961e-01,5.846514105796813965e-01,3.409175574779510498e-01,1.349117755889892578e+00,-6.014540791511535645e-01,-3.395877182483673096e-01,5.451544523239135742e-01,9.928803443908691406e-01,-1.047716066241264343e-01,2.735556364059448242e-01,-2.285898476839065552e-01,-6.948643177747726440e-02,1.455047965049743652e+00,4.338436722755432129e-01,-4.940193295478820801e-01,3.366628289222717285e-01,-7.966911196708679199e-01,-1.356936432421207428e-02,1.041501402854919434e+00,1.183344349265098572e-01
-2.914997339248657227e-01,-6.461785435676574707e-01,-1.200454473495483398e+00,1.473976671695709229e-02,-1.240612149238586426e+00,-3.989124298095703125e-01,2.563762664794921875e-01,-4.937177896499633789e-01,-5.611822605133056641e-01,-2.608969449996948242e+00,-1.231940388679504395e+00,-9.143820405006408691e-01,-3.438431918621063232e-01,9.545563161373138428e-02,1.402592658996582031e-01,-6.907374262809753418e-01,-6.162031292915344238e-01,-1.065673589706420898e+00,-1.809205710887908936e-01,7.628759741783142090e-02
2.240446805953979492e+00,1.507157444953918457e+00,1.715747356414794922e+00,2.279240608215332031e+00,2.433099508285522461e+00,1.501070380210876465e+00,1.104642868041992188e+00,1.452978014945983887e+00,5.885534882545471191e-01,1.400331854820251465e+00,1.911563396453857422e+00,1.246384859085083008e+00,2.127118110656738281e+00,1.842844247817993164e+00,2.816847324371337891e+00,2.956117630004882812e+00,3.411688804626464844e-01,1.846883058547973633e+00,2.011474847793579102e+00,2.113281011581420898e+00
-1.490451842546463013e-01,2.247490435838699341e-01,6.121729016304016113e-01,1.372555494308471680e+00,-4.088380336761474609e-01,4.380896985530853271e-01,7.380826473236083984e-01,1.678094744682312012e+00,4.103897511959075928e-01,3.525535464286804199e-01,1.006105542182922363e+00,9.673268795013427734e-01,1.544809460639953613e+00,1.357160329818725586e+00,8.689664006233215332e-01,3.857217729091644287e-01,4.474357664585113525e-01,-2.473932504653930664e-01,4.834675490856170654e-01,7.722994685173034668e-01
7.120226621627807617e-01,3.552404344081878662e-01,1.113430261611938477e+00,6.050409674644470215e-01,1.248875379562377930e+00,1.646667122840881348e+00,5.745427608489990234e-01,2.889943420886993408e-01,5.339703559875488281e-01,7.321566343307495117e-01,2.988199293613433838e-01,9.612016081809997559e-01,1.749735623598098755e-01,-1.070485115051269531e+00,4.000813663005828857e-01,1.338902473449707031e+00,4.355247020721435547e-01,2.268748283386230469e+00,1.286697387695312500e+00,3.730795085430145264e-01
-3.070070445537567139e-01,1.871513426303863525e-01,-5.555183291435241699e-01,-5.396354794502258301e-01,-8.442562818527221680e-01,2.237565815448760986e-01,-3.118911981582641602e-01,-1.476199328899383545e-01,-2.885239720344543457e-01,-9.583284854888916016e-01,-4.205794930458068848e-01,-3.950002193450927734e-01,-5.976748466491699219e-01,1.824116706848144531e-01,-1.214443147182464600e-01,-2.799635827541351318e-01,-8.913119435310363770e-01,-3.663887977600097656e-01,3.988508880138397217e-01,1.046982705593109131e-01
7.895162105560302734e-01,6.902906894683837891e-01,1.084254682064056396e-01,-4.274270310997962952e-02,6.704866886138916016e-02,9.531128406524658203e-01,9.654281139373779297e-01,3.933641016483306885e-01,4.627307951450347900e-01,5.149531364440917969e-01,2.272810339927673340e-01,5.530661940574645996e-01,-4.572734236717224121e-01,5.065045356750488281e-01,1.433591723442077637e+00,1.451213836669921875e+00,1.479238033294677734e+00,5.225893259048461914e-01,2.987983942031860352e+00,1.042939305305480957e+00
-8.930189609527587891e-01,1.238171011209487915e-01,3.475438356399536133e-01,-2.810305058956146240e-01,-1.777433305978775024e-01,-2.643930017948150635e-01,-5.749101564288139343e-02,-1.839916557073593140e-01,-1.303971529006958008e+00,-3.271665871143341064e-01,4.768832921981811523e-01,-2.730310857295989990e-01,-7.934537529945373535e-01,-5.239450335502624512e-01,-3.627343773841857910e-01,-2.536411285400390625e+00,-2.466625869274139404e-01,-3.426772952079772949e-01,2.535339295864105225e-01,-2.600929498672485352e+00
3.118140101432800293e-01,1.111558675765991211e+00,1.030476763844490051e-01,-2.522381842136383057e-01,5.671005845069885254e-01,-5.308799147605895996e-01,9.969110488891601562e-01,-2.819010317325592041e-01,1.365881711244583130e-01,3.393080830574035645e-01,-1.830183565616607666e-01,-6.829763650894165039e-01,6.640147566795349121e-01,2.592649459838867188e-01,-2.893927395343780518e-01,-1.436726842075586319e-02,2.448673099279403687e-01,7.100656628608703613e-01,1.451295167207717896e-01,2.844821512699127197e-01
2.228573858737945557e-01,3.800496459007263184e-01,1.283236593008041382e-01,3.584530204534530640e-02,-1.764969348907470703e+00,-3.191119432449340820e-01,7.483341097831726074e-01,1.577254980802536011e-01,8.777676820755004883e-01,-9.126297384500503540e-02,-2.339165508747100830e-01,-5.952759981155395508e-01,-2.403559684753417969e-01,1.102250888943672180e-01,-3.719714581966400146e-01,-4.487473368644714355e-01,9.319325685501098633e-01,4.013324975967407227e-01,-1.037925601005554199e+00,-2.491900883615016937e-02
-1.060390233993530273e+00,-1.047575846314430237e-01,3.454133570194244385e-01,-9.796746969223022461e-01,9.640919566154479980e-01,7.574008405208587646e-02,3.454716801643371582e-01,4.377995729446411133e-01,9.156982302665710449e-01,1.803200691938400269e-01,4.672286808490753174e-01,-1.037183552980422974e-01,3.801234066486358643e-01,2.746698856353759766e-01,-1.003517866134643555e+00,4.257487654685974121e-01,-4.492017328739166260e-01,1.833161264657974243e-01,5.396147966384887695e-01,-5.748725533485412598e-01
5.464138388633728027e-01,-1.869799494743347168e-01,-5.860643386840820312e-01,-2.247091978788375854e-01,8.562096357345581055e-01,4.717523232102394104e-02,-7.392617464065551758e-01,4.148816764354705811e-01,-5.602836143225431442e-03,-1.785505414009094238e-01,6.487360596656799316e-01,-1.933781653642654419e-01,8.225489854812622070e-01,2.561267316341400146e-01,1.938846409320831299e-01,5.041317939758300781e-01,3.968069553375244141e-01,1.754220843315124512e+00,8.051896095275878906e-01,1.938995271921157837e-01
-1.168768525123596191e+00,-3.791045546531677246e-01,-3.708966672420501709e-01,-1.374996304512023926e+00,-7.743663191795349121e-01,-1.526412010192871094e+00,-8.443382978439331055e-01,-1.242817640304565430e+00,-1.069941997528076172e+00,-9.610916376113891602e-01,-1.658795475959777832e+00,-9.222286343574523926e-01,-1.488131165504455566e+00,-1.259329915046691895e-01,-1.162741303443908691e+00,-1.111654520034790039e+00,-1.389695167541503906e+00,-1.069100260734558105e+00,-2.298923015594482422e+00,-3.085682094097137451e-01
-7.533110380172729492e-01,-6.017174199223518372e-02,3.099228739738464355e-01,-2.664966881275177002e-01,1.656768679618835449e+00,1.204114258289337158e-01,-5.711547136306762695e-01,7.903738617897033691e-01,3.197299242019653320e-01,-3.806571960449218750e-01,-1.582873821258544922e+00,-3.560828566551208496e-01,-7.174456715583801270e-01,-2.641127109527587891e-01,9.158134460449218750e-03,1.111620306968688965e+00,-3.030410706996917725e-01,-2.978861331939697266e-01,-4.334971010684967041e-01,8.073471784591674805e-01
-7.306864857673645020e-01,1.826631575822830200e-01,6.195599213242530823e-02,6.178700327873229980e-01,5.536521673202514648e-01,-2.471770495176315308e-01,-1.950501650571823120e-01,9.659436345100402832e-01,1.736948043107986450e-01,7.408063411712646484e-01,3.343177735805511475e-01,1.260194659233093262e+00,9.182214140892028809e-01,6.006403565406799316e-01,7.222595065832138062e-02,-1.335199594497680664e+00,8.565156459808349609e-01,4.402375221252441406e-01,-4.401684105396270752e-01,7.631272673606872559e-01
-1.533335804939270020e+00,-2.608607530593872070e+00,-9.881112575531005859e-01,-9.136024117469787598e-01,-1.184668660163879395e+00,-7.486932277679443359e-01,-3.606429696083068848e-01,-5.061773657798767090e-01,-2.275692820549011230e-01,-2.350759804248809814e-01,-6.247296333312988281e-01,9.146752953529357910e-01,-8.665467500686645508e-01,6.300891041755676270e-01,-1.053404927253723145e+00,9.082780778408050537e-02,-1.015334725379943848e+00,-7.153623700141906738e-01,-8.056650161743164062e-01,-1.516492486000061035e+00
-8.930559158325195312e-01,-5.483221411705017090e-01,-1.995043158531188965e+00,-3.803077638149261475e-01,5.119173228740692139e-02,-7.717704772949218750e-02,2.186942100524902344e-02,-6.874073296785354614e-03,-3.227005898952484131e-01,3.466672897338867188e-01,-1.801289677619934082e+00,-1.113297224044799805e+00,-5.044729113578796387e-01,-2.870255112648010254e-01,-7.449374198913574219e-01,-6.800881624221801758e-01,-5.416073203086853027e-01,-1.258594632148742676e+00,-1.420615196228027344e+00,-2.138700634241104126e-01
5.100350379943847656e-01,-8.193135857582092285e-01,-3.745880722999572754e-01,-3.926595747470855713e-01,-6.656821370124816895e-01,2.423544675111770630e-01,-9.180413484573364258e-01,-2.674957811832427979e-01,3.827502429485321045e-01,-7.685868740081787109e-01,-2.660601437091827393e-01,8.440654873847961426e-01,1.567512750625610352e-01,-4.097221791744232178e-01,-2.553157210350036621e-01,1.066109895706176758e+00,2.500750422477722168e-01,-2.868308126926422119e-01,7.004165053367614746e-01,1.547481566667556763e-01
-1.168928623199462891e+00,-8.056011199951171875e-01,-5.295135378837585449e-01,-6.076825261116027832e-01,-1.595252037048339844e+00,-1.367531299591064453e+00,-2.037331461906433105e-01,-1.192647218704223633e+00,-1.232702970504760742e+00,-1.101490497589111328e+00,-1.751246571540832520e+00,-1.318697810173034668e+00,-1.003442406654357910e+00,-4.702751040458679199e-01,-1.323306560516357422e+00,-1.476373314857482910e+00,-1.025631308555603027e+00,1.630273312330245972e-01,-1.249266862869262695e+00,2.894566208124160767e-02
-2.173453867435455322e-01,6.925628781318664551e-01,1.125710964202880859e+00,-5.248066782951354980e-01,-4.773259907960891724e-02,-3.448525369167327881e-01,1.880249530076980591e-01,6.392225027084350586e-01,4.979884624481201172e-01,1.271427273750305176e+00,1.038097023963928223e+00,-3.958105295896530151e-02,7.903439998626708984e-01,1.154702663421630859e+00,4.623188972473144531e-01,8.812782168388366699e-01,-1.800906956195831299e-01,8.733943700790405273e-01,1.932535886764526367e+00,1.369472026824951172e+00
2.232375442981719971e-01,5.041252970695495605e-01,8.346633911132812500e-01,2.498362511396408081e-01,5.056311488151550293e-01,9.753608703613281250e-01,7.952169179916381836e-01,7.411413788795471191e-01,8.907075524330139160e-01,-3.391879200935363770e-01,5.699977874755859375e-01,1.067416071891784668e+00,-1.218233704566955566e+00,1.126294374465942383e+00,5.059395432472229004e-01,1.708727478981018066e-01,1.538872003555297852e+00,8.281588554382324219e-01,6.499731540679931641e-01,1.774195075035095215e+00
-4.650997221469879150e-01,-1.482183812186121941e-03,1.900085359811782837e-01,2.175039798021316528e-01,1.609630584716796875e-01,-9.244763255119323730e-01,-5.592156052589416504e-01,-8.730373978614807129e-01,-8.132031559944152832e-01,-9.679502844810485840e-01,-5.786743164062500000e-01,2.189636081457138062e-01,7.877011299133300781e-01,5.140413641929626465e-01,-1.820449978113174438e-01,-1.089545130729675293e+00,-3.634177446365356445e-01,-9.899445772171020508e-01,-3.996463119983673096e-02,-4.666061699390411377e-01
1.970616877079010010e-01,3.208404183387756348e-01,-4.229090511798858643e-01,-1.144427299499511719e+00,2.520769119262695312e+00,-2.345503307878971100e-04,-2.572159469127655029e-01,-3.443579971790313721e-01,-9.117634296417236328e-01,-3.005123138427734375e-01,2.273347228765487671e-02,-7.620679736137390137e-01,-4.529584944248199463e-01,-3.127965033054351807e-01,3.302136659622192383e-01,-1.970179826021194458e-01,-3.417601883411407471e-01,1.138382479548454285e-01,-3.681490123271942139e-01,-1.872087270021438599e-01
-1.229501247406005859e+00,-7.127947211265563965e-01,2.228195220232009888e-01,-8.938329219818115234e-01,-2.406922817230224609e+00,-2.522727251052856445e-01,-1.473224520683288574e+00,1.979943066835403442e-01,-9.911932945251464844e-01,-9.218258857727050781e-01,-8.005260825157165527e-01,2.245205193758010864e-01,-4.687913656234741211e-01,-9.728315472602844238e-01,-1.282205224037170410e+00,-6.146819591522216797e-01,-1.943102240562438965e+00,-6.820824146270751953e-01,-4.142736494541168213e-01,-1.792451739311218262e-01
-2.502689659595489502e-01,-7.751207351684570312e-01,-1.130056500434875488e+00,-4.221967160701751709e-01,-9.267826676368713379e-01,-9.064017534255981445e-01,-6.278758049011230469e-01,-2.244338035583496094e+00,-7.785403728485107422e-01,-1.501389145851135254e+00,-1.033256649971008301e+00,-1.130524754524230957e+00,-1.476832270622253418e+00,3.135336637496948242e-01,-5.492568016052246094e-01,-1.182995796203613281e+00,-1.864647269248962402e-01,-1.676801085472106934e+00,-8.278435468673706055e-01,-7.899401783943176270e-01
1.096795916557312012e+00,6.077268719673156738e-02,1.027771115303039551e+00,4.123977720737457275e-01,9.953586459159851074e-01,3.107707202434539795e-01,-2.394618541002273560e-01,2.930999398231506348e-01,-7.065036296844482422e-01,3.878987431526184082e-01,-3.400511145591735840e-01,4.450941681861877441e-01,9.330683350563049316e-01,2.999843657016754150e-01,1.207751631736755371e+00,4.061953723430633545e-01,7.760768532752990723e-01,-6.721486449241638184e-01,-2.426008731126785278e-01,-4.491288065910339355e-01
1.045467615127563477e+00,4.990036189556121826e-01,1.062708973884582520e+00,1.056431293487548828e+00,1.265499830245971680e+00,2.280439853668212891e+00,8.837052583694458008e-01,1.044314265251159668e+00,1.287016391754150391e+00,6.355897188186645508e-01,1.551227331161499023e+00,7.197722792625427246e-01,3.219905197620391846e-01,5.399640798568725586e-01,1.484103083610534668e+00,1.253911554813385010e-01,9.490641951560974121e-01,1.390475273132324219e+00,1.950360298156738281e+00,-4.144852235913276672e-02
-2.655750274658203125e+00,-3.048303127288818359e-01,-2.107732295989990234e+00,-1.243206381797790527e+00,-1.899477005004882812e+00,-2.213889598846435547e+00,-1.652904152870178223e+00,-1.141014814376831055e+00,-1.627699017524719238e+00,-1.731421113014221191e+00,-1.806870102882385254e+00,-1.380239248275756836e+00,-1.388179421424865723e+00,-1.091053009033203125e+00,-1.583343982696533203e+00,-1.210688471794128418e+00,-1.347440600395202637e+00,-7.846513986587524414e-01,-1.864683032035827637e+00,-2.105474948883056641e+00
3.735881149768829346e-01,-8.142653703689575195e-01,-9.274515509605407715e-01,2.574197053909301758e-01,-5.325443744659423828e-01,8.876894116401672363e-01,1.030620858073234558e-01,2.218581140041351318e-01,-1.016042232513427734e+00,-6.725543737411499023e-01,2.405767589807510376e-01,-1.065539240837097168e+00,6.063380837440490723e-02,1.676760554313659668e+00,-4.354007169604301453e-02,-2.726750373840332031e-01,-7.421919703483581543e-01,7.554541826248168945e-01,-4.285961985588073730e-01,-7.041389495134353638e-02
2.286995500326156616e-01,5.023864284157752991e-02,-6.366466283798217773e-01,-1.113209962844848633e+00,-9.885640144348144531e-01,-1.051639556884765625e+00,-1.258822679519653320e+00,-4.730578660964965820e-01,6.810331344604492188e-02,-8.077871203422546387e-01,-8.847057074308395386e-02,-5.632466077804565430e-01,-3.865312933921813965e-01,-8.651378750801086426e-01,-9.872046113014221191e-01,-7.865592241287231445e-01,-6.927413940429687500e-01,-5.889310240745544434e-01,-8.797184228897094727e-01,1.724486500024795532e-01
2.344332933425903320e-01,3.094100356101989746e-01,2.476173937320709229e-01,-3.287377357482910156e-01,-2.176537811756134033e-01,-5.685223937034606934e-01,-5.163696408271789551e-01,4.176075756549835205e-01,-4.980093538761138916e-01,1.034058451652526855e+00,-3.379825651645660400e-01,-4.925079345703125000e-01,-1.374457359313964844e+00,-3.642617166042327881e-01,-9.792342185974121094e-01,9.822188019752502441e-01,-5.875909328460693359e-01,-7.653118968009948730e-01,5.500998497009277344e-01,-7.085559964179992676e-01
-5.683675408363342285e-01,2.418870627880096436e-01,4.505986571311950684e-01,-3.115965798497200012e-02,-2.283348321914672852e+00,4.707811176776885986e-01,-1.078641533851623535e+00,6.231586337089538574e-01,1.015347480773925781e+00,1.009496212005615234e+00,-1.025365591049194336e+00,1.951321601867675781e+00,7.644294500350952148e-01,3.634977042675018311e-01,4.603517651557922363e-01,5.307647958397865295e-02,9.249689579010009766e-01,-3.426910340785980225e-01,3.495604097843170166e-01,9.298951625823974609e-01
4.596924483776092529e-01,2.233694076538085938e+00,1.151127934455871582e+00,3.154116868972778320e-01,1.779681295156478882e-01,7.659855484962463379e-01,6.446221470832824707e-01,-8.809039741754531860e-02,9.789837002754211426e-01,7.264853715896606445e-01,1.080824971199035645e+00,8.459678292274475098e-01,8.432479500770568848e-01,1.039433181285858154e-01,2.751757800579071045e-01,1.086604222655296326e-01,-2.092556953430175781e-01,-1.183807179331779480e-01,3.051271438598632812e-01,2.545586585998535156e+00
-9.268361330032348633e-01,-4.555569589138031006e-01,-1.226008772850036621e+00,-7.435529828071594238e-01,-1.533711075782775879e+00,2.347918450832366943e-01,1.153298735618591309e+00,-5.484697818756103516e-01,-3.723749518394470215e-01,-5.506899356842041016e-01,-1.090808153152465820e+00,-3.271309733390808105e-01,-3.722909688949584961e-01,-1.330575346946716309e+00,-8.964022994041442871e-01,-8.290377855300903320e-01,-5.077679455280303955e-02,-3.402035236358642578e-01,-5.774342417716979980e-01,-3.735496699810028076e-01
1.009241819381713867e+00,7.509180307388305664e-01,1.746199011802673340e+00,6.781306266784667969e-01,2.063026666641235352e+00,2.149039134383201599e-02,1.692177295684814453e+00,2.020319461822509766e+00,3.000730872154235840e-01,9.145824313163757324e-01,9.292959570884704590e-01,6.513165235519409180e-01,6.447170972824096680e-01,1.118112683296203613e+00,2.590366363525390625e+00,1.569569110870361328e+00,9.560354948043823242e-01,1.044962882995605469e+00,1.046737670898437500e+00,1.050291538238525391e+00
1.207341790199279785e+00,3.416731655597686768e-01,3.055049180984497070e-01,4.806672036647796631e-01,1.012454748153686523e+00,8.951358795166015625e-01,6.169017553329467773e-01,8.774328827857971191e-01,1.168790102005004883e+00,1.775089144706726074e+00,3.825131654739379883e-01,1.415153622627258301e+00,1.272300720214843750e+00,1.306605219841003418e+00,2.012745618820190430e+00,1.020946264266967773e+00,1.036112546920776367e+00,1.398245573043823242e+00,1.731122612953186035e+00,8.868114352226257324e-01
9.108653068542480469e-01,5.916190147399902344e-01,2.525718688964843750e+00,5.705820918083190918e-01,7.314575314521789551e-01,-2.013227492570877075e-01,1.502381682395935059e+00,-2.225791215896606445e+00,1.005252718925476074e+00,1.198264360427856445e+00,1.212531924247741699e+00,1.821171164512634277e+00,2.586659669876098633e+00,1.121490597724914551e+00,1.190462470054626465e+00,1.462318062782287598e+00,1.099668145179748535e+00,8.072217106819152832e-01,4.545671045780181885e-01,4.097111821174621582e-01
1.983928442001342773e+00,9.396697282791137695e-01,9.649209976196289062e-01,2.547929525375366211e+00,1.316188812255859375e+00,1.970370054244995117e+00,1.016040802001953125e+00,1.539233803749084473e+00,1.085717916488647461e+00,1.455048680305480957e+00,9.146294593811035156e-01,1.411823272705078125e+00,3.838909268379211426e-01,1.642440319061279297e+00,1.966091513633728027e+00,1.577484607696533203e+00,3.791153728961944580e-01,5.964452028274536133e-01,1.243309140205383301e+00,1.032687783241271973e+00
-1.107814192771911621e+00,-9.071037173271179199e-01,-1.122538447380065918e+00,3.198583722114562988e-01,1.749065965414047241e-01,-5.266752243041992188e-01,2.765693962574005127e-01,5.172160267829895020e-01,-8.507507443428039551e-01,-5.661291480064392090e-01,-2.182473987340927124e-02,-2.672136723995208740e-01,3.339075148105621338e-01,-2.984398305416107178e-01,-8.471196293830871582e-01,-3.800459206104278564e-01,-3.527360856533050537e-01,-9.384882450103759766e-01,6.785884499549865723e-01,-7.361721396446228027e-01
1.587247729301452637e+00,4.586506187915802002e-01,2.836326599121093750e+00,1.264086723327636719e+00,1.919537782669067383e+00,6.243388652801513672e-01,8.354915380477905273e-01,7.304604649543762207e-01,1.368545413017272949e+00,6.414492130279541016e-01,9.655297994613647461e-01,1.753807216882705688e-01,1.437632918357849121e+00,7.188324928283691406e-01,9.415722489356994629e-01,1.509600758552551270e+00,7.664698958396911621e-01,9.734445214271545410e-01,3.644843995571136475e-01,1.120267391204833984e+00
-1.190591096878051758e+00,-3.405682146549224854e-01,-1.372533887624740601e-01,-2.596862018108367920e-01,-4.007089510560035706e-02,1.100912541151046753e-01,1.801391988992691040e-01,-4.647666811943054199e-01,-2.062033861875534058e-01,-1.849249750375747681e-01,1.005658134818077087e-01,-2.928444743156433105e-01,-1.084419727325439453e+00,9.923244118690490723e-01,2.405998706817626953e+00,-1.484794616699218750e-01,7.092422842979431152e-01,-4.151305556297302246e-01,3.646806478500366211e-01,3.068320155143737793e-01
-5.933528542518615723e-01,1.776631362736225128e-02,2.574831247329711914e-01,-7.053005695343017578e-01,-1.482036560773849487e-01,-4.477123320102691650e-01,-2.987541854381561279e-01,-3.564786911010742188e-01,-1.186725378036499023e+00,-3.407146036624908447e-01,-1.444525837898254395e+00,-3.009496629238128662e-01,-7.906680703163146973e-01,-5.867915153503417969e-01,2.614700496196746826e-01,6.075394153594970703e-01,-1.008874058723449707e+00,-2.543121874332427979e-01,-3.536565899848937988e-01,1.745741486549377441e+00
1.345971941947937012e+00,1.121976852416992188e+00,-3.128847852349281311e-02,1.072485208511352539e+00,1.280373334884643555e-01,1.252205520868301392e-01,3.108280301094055176e-01,1.191561341285705566e+00,1.836768150329589844e+00,4.008980393409729004e-01,1.112190485000610352e+00,3.747270703315734863e-01,8.916720747947692871e-01,7.523311376571655273e-01,6.133219599723815918e-01,9.805460274219512939e-02,-8.202520608901977539e-01,8.976789116859436035e-01,1.757457852363586426e+00,1.159375548362731934e+00
-1.693653702735900879e+00,-8.307263255119323730e-01,-2.938030481338500977e+00,-8.002842664718627930e-01,5.411628484725952148e-01,-1.429991483688354492e+00,-1.967125415802001953e+00,-1.023107051849365234e+00,-5.488455891609191895e-01,-1.117258667945861816e+00,-1.916368842124938965e+00,-1.070438027381896973e+00,-1.842127680778503418e+00,-9.745692610740661621e-01,-1.685263991355895996e+00,-1.287197589874267578e+00,-2.402804613113403320e+00,-1.203548550605773926e+00,-1.886118173599243164e+00,-1.773968815803527832e+00
-2.048161923885345459e-01,2.084957063198089600e-01,-9.462355971336364746e-01,-8.622327446937561035e-01,-5.540379285812377930e-01,-4.032775461673736572e-01,6.948930025100708008e-01,1.346787214279174805e-01,-3.535063564777374268e-01,4.606698155403137207e-01,-8.721479177474975586e-01,-2.436873316764831543e-01,-7.611013650894165039e-01,-1.684219241142272949e-01,1.093307614326477051e+00,1.148219481110572815e-01,2.384305745363235474e-01,-5.542295575141906738e-01,-8.596820235252380371e-01,1.047158800065517426e-02
2.598510086536407471e-01,-1.267692893743515015e-01,-9.501605033874511719e-01,-1.115954756736755371e+00,-9.487918615341186523e-01,-1.316811591386795044e-01,6.354289650917053223e-01,-3.756733536720275879e-01,-1.485884338617324829e-01,-9.508950114250183105e-01,-2.357996404170989990e-01,-1.819338202476501465e-01,-1.733972907066345215e+00,4.013143107295036316e-02,-6.344900727272033691e-01,-9.767813980579376221e-02,-9.097335338592529297e-01,-4.497102200984954834e-01,-9.684489965438842773e-01,-6.794754862785339355e-01
4.077287614345550537e-01,-1.091376066207885742e+00,1.543475627899169922e+00,2.347773611545562744e-01,-3.981776237487792969e-01,3.110733330249786377e-01,1.508849501609802246e+00,4.194519817829132080e-01,-2.182462513446807861e-01,4.539704695343971252e-02,-7.278255820274353027e-01,3.759298622608184814e-01,2.181327939033508301e-01,4.476931095123291016e-01,-2.057273983955383301e-01,5.629633665084838867e-01,5.484379529953002930e-01,9.923003911972045898e-01,2.664065659046173096e-01,8.774715662002563477e-01
-1.641922116279602051e+00,-1.026171922683715820e+00,-7.049877196550369263e-02,-2.970349490642547607e-01,-1.653580784797668457e+00,-5.965166091918945312e-01,-7.211785316467285156e-01,-3.961677551269531250e-01,-1.262750983238220215e+00,-1.016882285475730896e-01,-2.666555643081665039e+00,-4.863090813159942627e-01,5.655047893524169922e-01,-5.456362962722778320e-01,1.677933484315872192e-01,-5.986707210540771484e-01,-1.273111104965209961e+00,-6.411830186843872070e-01,-9.898392558097839355e-01,-1.075142383575439453e+00
-9.251844882965087891e-02,2.594529390335083008e-01,-2.670087218284606934e-01,5.104461908340454102e-01,3.060951232910156250e-01,8.173180222511291504e-01,9.469232559204101562e-01,-2.291473388671875000e+00,-1.149160265922546387e-01,-7.836452871561050415e-02,-3.290180265903472900e-01,4.504302442073822021e-01,1.518523246049880981e-01,4.128321707248687744e-01,6.059641838073730469e-01,5.444033741950988770e-01,-7.931560873985290527e-01,-1.961762160062789917e-01,1.198004093021154404e-02,1.608458459377288818e-01
3.150661289691925049e-01,-5.735731124877929688e-01,-2.727667391300201416e-01,4.397288858890533447e-01,-1.121745467185974121e+00,2.408470362424850464e-01,7.873069643974304199e-01,-3.783534467220306396e-01,2.336118966341018677e-01,-8.223131895065307617e-01,3.472082316875457764e-01,-1.486275941133499146e-01,8.131340742111206055e-01,4.031470715999603271e-01,-1.600314080715179443e-01,-2.451635897159576416e-01,-3.238714933395385742e-01,-6.137197092175483704e-02,9.441555738449096680e-01,7.910259962081909180e-01
-2.594875171780586243e-03,3.378192484378814697e-01,4.754620194435119629e-01,-1.075132936239242554e-01,-1.581627577543258667e-01,1.825637340545654297e+00,-4.899620711803436279e-01,3.130980730056762695e-01,-3.880678489804267883e-02,-6.177387386560440063e-02,-1.568021327257156372e-01,-1.948435604572296143e-01,8.238857984542846680e-01,-3.052082657814025879e-02,-9.934799373149871826e-02,-1.438943445682525635e-01,1.783052235841751099e-01,1.040570735931396484e+00,2.129658013582229614e-01,8.814776539802551270e-01
3.315566480159759521e-01,2.174256592988967896e-01,-8.326138854026794434e-01,4.387586116790771484e-01,1.716334819793701172e+00,9.638034105300903320e-01,3.615567386150360107e-01,2.936581671237945557e-01,1.290349811315536499e-01,5.712940692901611328e-01,1.518869280815124512e+00,-2.484273463487625122e-01,8.278204202651977539e-01,6.559388041496276855e-01,5.081211328506469727e-01,2.759255170822143555e-01,7.038310170173645020e-01,-1.217743009328842163e-02,1.080138206481933594e+00,4.456607997417449951e-01
-1.903708130121231079e-01,3.265458643436431885e-01,-2.424065470695495605e-01,1.567851603031158447e-01,-8.569518327713012695e-01,-3.021983802318572998e-01,3.043427765369415283e-01,3.961997926235198975e-01,-9.132467508316040039e-01,-8.365976214408874512e-01,-3.489356040954589844e-01,1.721465349197387695e+00,-5.030539035797119141e-01,-5.927157402038574219e-01,-2.652669548988342285e-01,8.409948945045471191e-01,4.688428640365600586e-01,-5.225076079368591309e-01,2.654054760932922363e-01,1.321867704391479492e-01
-9.394676685333251953e-01,3.815914988517761230e-01,2.629442214965820312e-01,3.488991856575012207e-01,-3.830104172229766846e-01,3.165748417377471924e-01,-1.286502957344055176e+00,-3.117526173591613770e-01,-4.628052115440368652e-01,-8.928324580192565918e-01,-4.071608483791351318e-01,-9.947202205657958984e-01,-1.013432741165161133e+00,-6.855622529983520508e-01,-1.017027720808982849e-01,1.382878571748733521e-01,-7.644140720367431641e-02,-8.212782740592956543e-01,-1.256125330924987793e+00,-5.403960347175598145e-01
1.433025002479553223e+00,-1.116979360580444336e+00,-7.076256275177001953e-01,7.798670325428247452e-03,3.787445127964019775e-01,-3.626352548599243164e-01,1.394184082746505737e-01,-2.928549528121948242e+00,5.057560801506042480e-01,-4.842675924301147461e-01,-4.680403172969818115e-01,1.796660780906677246e+00,7.546543478965759277e-01,2.095459550619125366e-01,1.742930859327316284e-01,-1.751693636178970337e-01,-7.499241232872009277e-01,-1.610870480537414551e+00,-1.522829234600067139e-01,-4.802333563566207886e-02
1.527312278747558594e+00,1.077088475227355957e+00,1.848127007484436035e+00,7.796509861946105957e-01,8.980832695960998535e-01,7.979905009269714355e-01,8.364125490188598633e-01,1.291141152381896973e+00,7.906063795089721680e-01,1.267951726913452148e+00,2.636329889297485352e+00,1.245240449905395508e+00,7.392435073852539062e-01,2.251351028680801392e-01,1.666371107101440430e+00,5.097008943557739258e-01,1.021211147308349609e+00,1.519132852554321289e+00,-1.134001687169075012e-01,1.461350440979003906e+00
-1.190226078033447266e+00,1.192873835563659668e+00,-1.496914863586425781e+00,-6.311532258987426758e-01,-9.313912987709045410e-01,-2.706261873245239258e+00,-1.020528674125671387e+00,-2.002656698226928711e+00,-1.259077310562133789e+00,-1.889545321464538574e+00,-1.562181472778320312e+00,-9.655968546867370605e-01,-9.772075414657592773e-01,-4.624492228031158447e-01,-7.167146801948547363e-01,-7.129253149032592773e-01,-7.629341483116149902e-01,-1.062111735343933105e+00,-7.082137465476989746e-01,-1.032216429710388184e+00
4.495818912982940674e-01,5.471307411789894104e-02,-2.379715591669082642e-01,-1.217973530292510986e-01,-3.800495266914367676e-01,-2.902676761150360107e-01,-3.749830424785614014e-01,2.443358302116394043e-01,1.902608871459960938e-01,-5.993322730064392090e-01,2.433661937713623047e+00,-1.787516921758651733e-01,-3.888421952724456787e-01,-2.423724830150604248e-01,3.047485053539276123e-01,-6.928185224533081055e-01,-1.462451219558715820e-01,-2.444962710142135620e-01,8.154036402702331543e-01,-3.598345443606376648e-02
-1.839254021644592285e+00,-5.347733497619628906e-01,-2.978429794311523438e-01,-9.692466855049133301e-01,-8.899517059326171875e-01,-1.475411001592874527e-02,1.592910736799240112e-01,-2.114795446395874023e-01,-1.738508820533752441e+00,-6.640556454658508301e-01,-2.660343647003173828e+00,-5.744265913963317871e-01,-1.125360846519470215e+00,-7.906790971755981445e-01,-1.011634826660156250e+00,1.753429770469665527e-01,-2.316758483648300171e-01,-3.232446908950805664e-01,-1.867768168449401855e-01,-1.486452668905258179e-01
-4.470314383506774902e-01,1.826007515192031860e-01,6.514745354652404785e-01,-2.411104179918766022e-02,2.490971982479095459e-01,1.976869106292724609e-01,2.648415863513946533e-01,7.638006210327148438e-01,-2.860772311687469482e-01,-8.344470858573913574e-01,-2.757444083690643311e-01,-9.576653242111206055e-01,-2.093502134084701538e-01,-3.840921819210052490e-01,-7.980978488922119141e-01,3.155491352081298828e-01,-5.646972060203552246e-01,-2.018176913261413574e-01,2.342651635408401489e-01,2.006368786096572876e-01
-6.439545750617980957e-01,2.806929349899291992e-01,-3.044186234474182129e-01,-9.612935185432434082e-01,4.336234927177429199e-02,-3.632880151271820068e-01,-3.058218657970428467e-01,4.749078750610351562e-01,9.916179180145263672e-01,2.691328525543212891e-01,-2.488113641738891602e+00,-4.307732582092285156e-01,-5.017007589340209961e-01,-2.526089316233992577e-03,-1.798598021268844604e-01,-8.068929314613342285e-01,-1.067041635513305664e+00,-7.754101157188415527e-01,5.915817618370056152e-01,-4.464020729064941406e-01
-1.347252875566482544e-01,2.719160914421081543e-01,-9.569446444511413574e-01,-3.117846548557281494e-01,1.302346587181091309e+00,3.589025139808654785e-01,-2.531090378761291504e-01,-1.451583504676818848e-01,5.460560321807861328e-01,-6.806437671184539795e-02,3.587107658386230469e-01,-1.313581764698028564e-01,2.112329602241516113e-01,2.332054674625396729e-01,1.169586300849914551e+00,-6.562019586563110352e-01,-3.266485631465911865e-01,-2.291636168956756592e-01,7.301449775695800781e-01,6.111903190612792969e-01
7.695488929748535156e-01,6.395914554595947266e-01,-5.097994804382324219e-01,-5.380484089255332947e-02,1.011415719985961914e+00,-2.517778873443603516e-01,4.186766445636749268e-01,5.649516731500625610e-02,1.047729551792144775e-01,7.924426198005676270e-01,2.023929059505462646e-01,-4.338808357715606689e-02,6.594668030738830566e-01,3.935633301734924316e-01,-1.962832957506179810e-01,1.410758972167968750e+00,1.509337067604064941e+00,-1.906845867633819580e-01,9.398534893989562988e-01,3.261444866657257080e-01
-2.757706344127655029e-01,-6.139761209487915039e-02,-8.802288770675659180e-01,2.646608650684356689e-01,-1.200828909873962402e+00,7.046629190444946289e-01,-1.284097582101821899e-01,4.004948437213897705e-01,2.635950148105621338e-01,-8.130795955657958984e-01,1.533047705888748169e-01,-4.904778897762298584e-01,-1.181104630231857300e-01,-3.730205595493316650e-01,-7.817579507827758789e-01,-4.136991202831268311e-01,-1.065469503402709961e+00,9.296548962593078613e-01,-4.695294797420501709e-01,-8.905733227729797363e-01
1.513526916503906250e+00,2.678100764751434326e-01,-2.189139127731323242e-01,2.502605020999908447e-01,-1.473489165306091309e+00,-3.645231425762176514e-01,-1.034557461738586426e+00,3.741534948348999023e-01,9.114692211151123047e-01,-1.523771435022354126e-01,2.113325446844100952e-01,-1.341912895441055298e-01,-5.357713103294372559e-01,7.132948040962219238e-01,2.470865249633789062e-01,-7.279446721076965332e-02,-3.237841725349426270e-01,-2.417233437299728394e-01,-1.099461197853088379e+00,-7.149282097816467285e-01
3.016753494739532471e-01,2.427005618810653687e-01,6.295633316040039062e-01,2.216306328773498535e-01,2.645244896411895752e-01,2.907981276512145996e-01,2.050803750753402710e-01,3.949308097362518311e-01,-3.917555212974548340e-01,4.386011958122253418e-01,1.508942484855651855e+00,2.928040921688079834e-01,-4.530659019947052002e-01,4.207701086997985840e-01,9.299780428409576416e-02,3.103334903717041016e-01,4.888323843479156494e-01,8.892294764518737793e-01,-2.262371629476547241e-01,2.079860270023345947e-01
1.282652020454406738e+00,9.759787917137145996e-01,4.773264527320861816e-01,5.306162238121032715e-01,1.331064820289611816e+00,-1.266991049051284790e-01,5.361548066139221191e-01,7.575087249279022217e-02,3.944153487682342529e-01,9.089294672012329102e-01,1.095653653144836426e+00,-4.205137491226196289e-01,-2.759082913398742676e-01,5.753648877143859863e-01,2.178144901990890503e-01,8.750816583633422852e-01,-4.691250026226043701e-01,4.930043816566467285e-01,7.779328823089599609e-01,4.722396135330200195e-01
-3.446608185768127441e-01,-5.924226045608520508e-01,-9.414989948272705078e-01,4.092004001140594482e-01,-3.746956884860992432e-01,-2.267049998044967651e-01,-3.366104513406753540e-02,5.224027633666992188e-01,-1.068596959114074707e+00,-3.332823812961578369e-01,-1.177529711276292801e-02,-2.297270536422729492e+00,-6.156900525093078613e-01,-6.733520627021789551e-01,-7.735868096351623535e-01,1.336438506841659546e-01,-4.838698208332061768e-01,-6.728211045265197754e-01,-6.667479276657104492e-01,-5.076338648796081543e-01
-5.784870386123657227e-01,3.401338756084442139e-01,8.043239712715148926e-01,1.077105402946472168e+00,1.162978112697601318e-01,3.738273978233337402e-01,1.278508156538009644e-01,7.730903029441833496e-01,-8.498076796531677246e-01,-2.860855460166931152e-01,4.548916220664978027e-01,1.386363387107849121e+00,1.838655173778533936e-01,-3.986616730690002441e-01,1.193599939346313477e+00,-2.879860401153564453e-01,-2.759702205657958984e-01,8.556435704231262207e-01,-1.802370399236679077e-01,1.432662844657897949e+00
-9.919560551643371582e-01,3.702933490276336670e-01,-3.574498593807220459e-01,-1.588488966226577759e-01,-8.249027729034423828e-01,8.448701351881027222e-02,-9.807968735694885254e-01,6.233226060867309570e-01,-9.259628057479858398e-01,-8.752595186233520508e-01,-1.003316402435302734e+00,3.875082135200500488e-01,6.398751735687255859e-01,-1.482585817575454712e-01,2.117017805576324463e-01,2.764489054679870605e-01,-4.270769953727722168e-01,-2.634840011596679688e-01,-1.683154255151748657e-01,8.958253860473632812e-01
6.301515698432922363e-01,1.066924691200256348e+00,8.125489950180053711e-01,9.096331596374511719e-01,1.060909032821655273e+00,1.130403280258178711e+00,9.417114257812500000e-01,1.348666906356811523e+00,1.348411321640014648e+00,1.209505677223205566e+00,1.179704189300537109e+00,2.974002361297607422e-01,1.871934056282043457e+00,5.365402102470397949e-01,4.689843654632568359e-01,1.404469132423400879e+00,-4.124502539634704590e-01,6.853630542755126953e-01,2.305706888437271118e-01,1.171816825866699219e+00
-3.614169061183929443e-01,-9.727744013071060181e-02,-5.055448412895202637e-01,-7.326502799987792969e-01,1.199414655566215515e-01,-7.089845538139343262e-01,-1.093980312347412109e+00,-4.692513942718505859e-01,-5.498244762420654297e-01,3.638148903846740723e-01,-1.251689553260803223e+00,-4.317692220211029053e-01,5.303146839141845703e-01,9.738094359636306763e-02,-7.489786744117736816e-01,-4.909758567810058594e-01,-5.010743737220764160e-01,-1.063549399375915527e+00,-6.437544226646423340e-01,-1.817518591880798340e+00
-1.441326022148132324e+00,-3.562458753585815430e-01,1.450928896665573120e-01,-2.502305805683135986e-01,1.241342306137084961e+00,-8.920342922210693359e-01,8.947682380676269531e-01,-1.510739773511886597e-01,1.036595582962036133e+00,-8.099130392074584961e-01,-3.177172839641571045e-01,-3.656700253486633301e-01,-1.477119475603103638e-01,-4.502962529659271240e-01,-6.545268893241882324e-01,-1.635951548814773560e-01,-1.632817149162292480e+00,2.912431359291076660e-01,-2.804967463016510010e-01,-1.888186186552047729e-01
-9.940474629402160645e-01,-5.106245279312133789e-01,-5.027094483375549316e-01,-1.170861959457397461e+00,-3.358780145645141602e-01,-3.551986217498779297e-01,-9.542337059974670410e-01,-4.218857586383819580e-01,-9.640870094299316406e-01,-1.018791198730468750e+00,-1.994811445474624634e-01,-6.293905973434448242e-01,-1.437288045883178711e+00,-2.190803050994873047e+00,-3.130609691143035889e-01,-1.930504560470581055e+00,-9.098420143127441406e-01,-1.416454911231994629e+00,-6.794298887252807617e-01,-4.148997962474822998e-01
1.033701777458190918e+00,9.513874650001525879e-01,4.158804714679718018e-01,5.288866758346557617e-01,1.067756295204162598e+00,5.876958370208740234e-01,2.462732940912246704e-01,1.015864372253417969e+00,1.810824275016784668e+00,1.956652849912643433e-01,1.190918087959289551e+00,1.133536934852600098e+00,1.146995902061462402e+00,7.962888479232788086e-01,1.135367274284362793e+00,9.742660075426101685e-02,1.367466211318969727e+00,4.363437592983245850e-01,6.891940236091613770e-01,2.169125318527221680e+00
2.583371400833129883e+00,4.427676200866699219e-01,-6.512100696563720703e-01,8.419532179832458496e-01,1.253818392753601074e+00,4.482449591159820557e-01,1.147417783737182617e+00,3.356234133243560791e-01,2.612733244895935059e-01,6.580229997634887695e-01,6.005870178341865540e-03,6.558601260185241699e-01,3.972610831260681152e-01,3.330473005771636963e-01,7.920240759849548340e-01,5.851769447326660156e-01,8.601002693176269531e-01,5.775914788246154785e-01,1.207436561584472656e+00,3.864363729953765869e-01
3.692565858364105225e-01,8.748630881309509277e-01,1.391024231910705566e+00,-9.387933462858200073e-02,1.503477096557617188e+00,1.031739592552185059e+00,2.201431989669799805e-01,3.204597532749176025e-01,5.594381690025329590e-01,8.678902387619018555e-01,-7.268879413604736328e-01,1.111325472593307495e-01,7.067275047302246094e-01,1.638487577438354492e-01,4.670750796794891357e-01,-2.275282442569732666e-01,4.744823873043060303e-01,1.061775565147399902e+00,1.618137061595916748e-01,7.300532460212707520e-01
5.047371387481689453e-01,1.132144451141357422e+00,2.242925465106964111e-01,1.045656323432922363e+00,-1.110043898224830627e-01,-2.535957098007202148e-01,-7.994489371776580811e-02,4.477075636386871338e-01,1.572325825691223145e+00,-4.814327657222747803e-01,4.073690772056579590e-01,7.534365057945251465e-01,3.554984629154205322e-01,1.025654673576354980e+00,-3.377183675765991211e-01,5.969254374504089355e-01,1.960127055644989014e-01,4.737411439418792725e-01,3.825679719448089600e-01,-1.057823777198791504e+00
2.821356356143951416e-01,4.945541620254516602e-01,1.132098436355590820e+00,-1.789694875478744507e-01,-8.343164920806884766e-01,2.708527743816375732e-01,7.476131916046142578e-01,4.788624644279479980e-01,-1.030527353286743164e+00,2.558825016021728516e-01,-2.350253313779830933e-01,2.803896367549896240e-01,7.301295548677444458e-02,3.275168836116790771e-01,-1.477463841438293457e-01,-1.212011929601430893e-02,1.902322620153427124e-01,3.851731717586517334e-01,9.673987030982971191e-01,1.598228961229324341e-01
-4.857994616031646729e-01,-2.665067315101623535e-01,7.391834855079650879e-01,-2.668558359146118164e-01,-4.542756080627441406e-01,3.080216050148010254e-01,-1.133203029632568359e+00,-5.094725489616394043e-01,-2.691643126308917999e-02,-1.619936898350715637e-02,5.273895859718322754e-01,-1.023838877677917480e+00,-5.937243103981018066e-01,8.140849471092224121e-01,-8.444564938545227051e-01,-6.832654029130935669e-02,-3.868268728256225586e-01,5.176107287406921387e-01,2.219856828451156616e-01,2.726021222770214081e-02
1.115673184394836426e+00,1.624940752983093262e+00,1.197654962539672852e+00,6.002044677734375000e-01,9.623162150382995605e-01,7.384119033813476562e-01,1.726894140243530273e+00,1.769908547401428223e+00,2.727519512176513672e+00,1.296312689781188965e+00,2.809581756591796875e-01,1.191390752792358398e+00,1.169693827629089355e+00,5.622675642371177673e-02,-2.759942412376403809e-02,8.236207962036132812e-01,6.277076005935668945e-01,7.956797480583190918e-01,1.277105808258056641e+00,1.777059912681579590e+00
-3.796580135822296143e-01,-2.922984361648559570e-01,3.855172991752624512e-01,-3.872716054320335388e-02,1.316986083984375000e-01,2.562403380870819092e-01,1.017499327659606934e+00,4.174782633781433105e-01,-3.853317797183990479e-01,-1.483646154403686523e+00,4.000492095947265625e-01,-1.527716219425201416e-01,-3.384757041931152344e-01,2.334739416837692261e-01,1.092184662818908691e+00,8.347864747047424316e-01,3.127284348011016846e-01,-1.343281567096710205e-01,3.509488105773925781e-01,-6.807578802108764648e-01
1.460788965225219727e+00,6.806048750877380371e-01,2.028687000274658203e+00,1.241417407989501953e+00,8.446682691574096680e-01,5.267266035079956055e-01,1.416342139244079590e+00,1.617908358573913574e+00,6.088513731956481934e-01,5.134560465812683105e-01,-7.920429110527038574e-03,1.631829857826232910e+00,4.234684407711029053e-01,1.379239439964294434e+00,6.451203227043151855e-01,1.838463902473449707e+00,9.134459495544433594e-01,3.327420651912689209e-01,1.516705393791198730e+00,1.378407239913940430e+00
-1.749587178230285645e+00,-2.460823059082031250e+00,-7.866217494010925293e-01,-2.837966442108154297e+00,-1.202676653861999512e+00,-1.142464756965637207e+00,-1.333039283752441406e+00,-5.898176431655883789e-01,-9.602231979370117188e-01,-1.223839521408081055e+00,-1.143865704536437988e+00,-2.206986188888549805e+00,-1.094366163015365601e-01,-6.612454652786254883e-01,-1.173051357269287109e+00,-2.068666458129882812e+00,-1.508733510971069336e+00,-2.523424148559570312e+00,-5.136191844940185547e-01,-1.790208101272583008e+00
7.396599650382995605e-01,1.098686814308166504e+00,1.482390165328979492e+00,8.288284540176391602e-01,2.505808830261230469e+00,1.851805090904235840e+00,1.612210154533386230e+00,1.828299641609191895e+00,2.320292711257934570e+00,1.513845443725585938e+00,1.366346240043640137e+00,1.357900142669677734e+00,1.249154686927795410e+00,1.653871893882751465e+00,2.831539392471313477e+00,6.330590248107910156e-01,1.729570031166076660e+00,1.438135862350463867e+00,2.093143939971923828e+00,1.969052433967590332e+00
-1.086371302604675293e+00,4.504627883434295654e-01,3.536658585071563721e-01,1.316408663988113403e-01,-1.110705971717834473e+00,-2.268566042184829712e-01,-5.128824338316917419e-02,-2.251219749450683594e-01,-1.104701519012451172e+00,-2.922022044658660889e-01,-5.227025151252746582e-01,-1.297210454940795898e-01,4.433695077896118164e-01,-7.766044139862060547e-01,1.771411150693893433e-01,-8.785502314567565918e-01,-9.565641283988952637e-01,-9.919192790985107422e-01,4.607852399349212646e-01,-1.158759593963623047e+00
-6.612612009048461914e-01,-2.267078399658203125e+00,-7.166929841041564941e-01,-1.541938543319702148e+00,-2.398444414138793945e+00,-1.479982256889343262e+00,-1.373674988746643066e+00,-5.402665138244628906e-01,-1.854713916778564453e+00,-1.382840394973754883e+00,-1.549517631530761719e+00,-1.380858540534973145e+00,-9.620025753974914551e-01,-1.008139610290527344e+00,-2.714168071746826172e+00,-1.117989182472229004e+00,-6.272929310798645020e-01,-1.470589756965637207e+00,-1.235671758651733398e+00,-1.236080527305603027e+00
-2.910144627094268799e-01,9.212588667869567871e-01,7.931707501411437988e-01,-4.442802369594573975e-01,1.001261845231056213e-01,2.231376469135284424e-01,-2.343817800283432007e-01,7.325502038002014160e-01,-7.983736395835876465e-01,-1.059459969401359558e-01,-1.688458919525146484e+00,-3.113348484039306641e-01,3.402288854122161865e-01,2.006709128618240356e-01,-6.805815696716308594e-01,-2.042125910520553589e-01,7.728582620620727539e-01,-1.567779630422592163e-01,-2.374501824378967285e-01,4.856418669223785400e-01
-1.351633191108703613e+00,-2.276927232742309570e-01,1.435242533683776855e+00,-5.271029472351074219e-01,1.127527803182601929e-01,-5.040175318717956543e-01,-2.895736396312713623e-01,-4.021872282028198242e-01,-1.188622117042541504e+00,-4.313074797391891479e-02,6.159979104995727539e-01,-8.646614551544189453e-01,-1.271786689758300781e+00,5.524750798940658569e-02,3.658907711505889893e-01,-5.350002646446228027e-01,-4.012037217617034912e-01,-4.072252511978149414e-01,-1.630791902542114258e+00,-1.889577805995941162e-01
-7.523526996374130249e-02,-4.393437504768371582e-01,1.660081148147583008e-01,8.640329837799072266e-01,-2.820692956447601318e-01,-4.561181664466857910e-01,4.038804769515991211e-01,-2.805684208869934082e-01,-1.055367708206176758e+00,-8.449407219886779785e-01,-5.338560938835144043e-01,-1.011412262916564941e+00,-4.542196094989776611e-01,-2.038077451288700104e-02,-1.757413148880004883e-01,-1.446091413497924805e+00,-4.706226885318756104e-01,-1.095304965972900391e+00,-4.410965740680694580e-01,-3.267440795898437500e-01
4.886416792869567871e-01,3.259548544883728027e-01,-1.334416866302490234e-01,2.097129374742507935e-01,-6.712489128112792969e-01,-6.166241765022277832e-01,-4.196586310863494873e-01,1.106686472892761230e+00,6.054037213325500488e-01,-7.833840698003768921e-02,8.220116794109344482e-02,3.680469691753387451e-01,2.669913470745086670e-01,1.940205544233322144e-01,-2.549713850021362305e-01,2.069667726755142212e-01,3.237812817096710205e-01,-4.425429797265678644e-04,-1.439754009246826172e+00,-3.666538596153259277e-01
-3.948672711849212646e-01,-2.429541647434234619e-01,-5.945693701505661011e-02,-5.916023850440979004e-01,4.423902630805969238e-01,2.965942919254302979e-01,9.410479664802551270e-01,-8.629030585289001465e-01,-3.061513900756835938e-01,2.956416904926300049e-01,-3.476039171218872070e-01,2.217634171247482300e-01,-1.429330706596374512e-01,5.624961256980895996e-01,8.555443286895751953e-01,-1.043410450220108032e-01,7.481402754783630371e-01,-1.568757444620132446e-01,-1.742148041725158691e+00,2.052160799503326416e-01
2.878727950155735016e-02,2.186257541179656982e-01,-1.627320051193237305e-01,3.111559152603149414e-01,1.131459355354309082e+00,3.939561545848846436e-01,-3.554643988609313965e-01,-3.710415661334991455e-01,4.260473251342773438e-01,4.676885306835174561e-01,-8.720657229423522949e-01,-7.011457681655883789e-01,-1.570449173450469971e-01,-4.606100618839263916e-01,5.249979496002197266e-01,-2.423158884048461914e-01,-8.323679566383361816e-01,-4.468577802181243896e-01,7.222371101379394531e-01,-1.159640029072761536e-01
-4.415633082389831543e-01,-6.461865454912185669e-02,-2.813133478164672852e+00,-7.841604202985763550e-02,1.638762950897216797e-01,4.888758659362792969e-01,-1.241003512404859066e-03,2.723277509212493896e-01,5.333580970764160156e-01,-6.986848711967468262e-01,-9.351682066917419434e-01,-1.035929564386606216e-02,1.256566047668457031e-01,2.893287539482116699e-01,1.201281189918518066e+00,7.751003652811050415e-02,2.380260527133941650e-01,-2.962437570095062256e-01,8.365068435668945312e-01,5.235124826431274414e-01
-1.786254525184631348e+00,-1.260203242301940918e+00,-7.408583760261535645e-01,-8.521504402160644531e-01,-4.023862481117248535e-01,-5.649701356887817383e-01,-1.462044715881347656e+00,-1.723085165023803711e+00,-1.239414930343627930e+00,-1.721418142318725586e+00,-1.339660286903381348e+00,-6.796177625656127930e-01,-1.200529217720031738e+00,-1.501451373100280762e+00,-1.015195012092590332e+00,-1.045932888984680176e+00,-1.298362612724304199e+00,-9.697827696800231934e-01,-1.350869894027709961e+00,2.198678851127624512e-01
8.748967647552490234e-01,9.572288990020751953e-01,-1.927469223737716675e-01,-7.698149085044860840e-01,2.157020866870880127e-01,7.692667096853256226e-02,5.322055891156196594e-02,4.548292160034179688e-01,6.041292548179626465e-01,-2.622158527374267578e-01,-4.970378875732421875e-01,-1.661052852869033813e-01,1.278143763542175293e+00,-3.858726620674133301e-01,-3.026385307312011719e-01,5.168867111206054688e-01,2.719485163688659668e-01,5.815688967704772949e-01,1.768875598907470703e+00,4.010199904441833496e-01
-9.023587107658386230e-01,-5.771862864494323730e-01,-2.916022777557373047e+00,-8.118724226951599121e-01,1.399033069610595703e-01,-4.611284732818603516e-01,-4.170637726783752441e-01,-6.238530874252319336e-01,-1.792684793472290039e-01,-3.028667569160461426e-01,-7.369462847709655762e-01,-2.772994935512542725e-01,-5.741858482360839844e-01,2.059460282325744629e-01,4.426619410514831543e-01,-3.623792529106140137e-01,6.432617455720901489e-02,-4.035928249359130859e-01,-3.589856922626495361e-01,3.094167411327362061e-01
-1.048322796821594238e+00,-1.498766779899597168e+00,-1.484782457351684570e+00,-1.822753190994262695e+00,-5.100280046463012695e-01,-1.361248731613159180e+00,-9.768532514572143555e-01,-3.396491408348083496e-01,-1.303749442100524902e+00,-2.448820620775222778e-01,-9.450777173042297363e-01,-1.311048865318298340e+00,-9.760813117027282715e-01,-1.128658652305603027e+00,-1.455173015594482422e+00,-2.407464832067489624e-01,-9.850956797599792480e-01,-7.004058361053466797e-01,-1.529118180274963379e+00,1.609452068805694580e-01
6.031262502074241638e-02,1.410162448883056641e-01,9.070610404014587402e-01,-4.268623888492584229e-01,-3.842417299747467041e-01,9.008262157440185547e-01,3.466432392597198486e-01,-2.267555236816406250e+00,2.341227829456329346e-01,-1.881452500820159912e-01,2.508407831192016602e-01,-3.602088242769241333e-02,-6.935073733329772949e-01,8.193604946136474609e-01,-2.237326502799987793e-01,-1.171182692050933838e-01,-6.840417385101318359e-01,-6.265045702457427979e-02,1.347383975982666016e+00,-3.455773293972015381e-01
1.076069116592407227e+00,3.271691203117370605e-01,-1.024077296257019043e+00,3.553662002086639404e-01,-3.239352703094482422e-01,-4.576538205146789551e-01,-3.719146251678466797e-01,4.338237941265106201e-01,2.261397093534469604e-01,1.998442560434341431e-01,-4.130716025829315186e-01,-4.731094837188720703e-01,-1.622363626956939697e-01,-6.374533772468566895e-01,-1.580584049224853516e+00,-3.716123104095458984e-01,-4.146018326282501221e-01,-2.799802124500274658e-01,1.575029373168945312e+00,-2.205631583929061890e-01
-2.642821520566940308e-03,-1.160570502281188965e+00,-1.109425574541091919e-01,-2.598155140876770020e-01,-6.347539424896240234e-01,-5.048879384994506836e-01,1.507999539375305176e+00,2.330207228660583496e-01,5.641821622848510742e-01,2.320376336574554443e-01,3.210383355617523193e-01,4.596496522426605225e-01,2.362574785947799683e-01,-4.595675766468048096e-01,1.010420680046081543e+00,3.367113471031188965e-01,-5.003150105476379395e-01,-1.499363481998443604e-01,1.446988463401794434e+00,-4.805148541927337646e-01
1.327498078346252441e+00,1.036754012107849121e+00,1.144297719001770020e+00,7.892768979072570801e-01,5.324009656906127930e-01,7.670407295227050781e-01,1.270415067672729492e+00,6.866764426231384277e-01,4.874977767467498779e-01,1.245129227638244629e+00,1.891412615776062012e+00,1.139005899429321289e+00,1.290073871612548828e+00,9.659779071807861328e-01,1.233382701873779297e+00,8.562202453613281250e-01,1.973455548286437988e+00,7.225622534751892090e-01,1.577690124511718750e+00,1.207494616508483887e+00
2.372246682643890381e-01,-1.096780538558959961e+00,-1.326541066169738770e+00,-4.983099997043609619e-01,-5.466906428337097168e-01,-4.680989682674407959e-01,9.949073864845559001e-05,-8.382201194763183594e-02,-4.154197275638580322e-01,4.829539060592651367e-01,-8.354200124740600586e-01,-5.120369791984558105e-01,-4.888525009155273438e-01,-8.437424302101135254e-01,-1.170271515846252441e+00,-5.454449057579040527e-01,-1.833549380302429199e+00,-4.794040024280548096e-01,-7.964152693748474121e-01,-4.891941845417022705e-01
-8.845709562301635742e-01,-8.784646391868591309e-01,-1.988305568695068359e+00,-9.755053520202636719e-01,-1.068934679031372070e+00,-6.433566212654113770e-01,-9.143742918968200684e-01,-1.048076391220092773e+00,-7.043287754058837891e-01,-9.634234309196472168e-01,-2.013093531131744385e-01,-9.710175395011901855e-01,-1.090846300125122070e+00,3.882730007171630859e-01,-1.050323724746704102e+00,-1.220680952072143555e+00,-1.459719181060791016e+00,-5.845952033996582031e-01,3.419858813285827637e-01,9.861913323402404785e-02
5.190985202789306641e-01,2.725860118865966797e+00,9.473710656166076660e-01,9.011052846908569336e-01,9.410531520843505859e-01,5.695840120315551758e-01,1.412459850311279297e+00,1.469336628913879395e+00,4.070991873741149902e-01,9.295083880424499512e-01,1.416587352752685547e+00,1.117761492729187012e+00,1.127910375595092773e+00,8.822294473648071289e-01,1.431872010231018066e+00,1.492403168231248856e-02,1.429334282875061035e+00,2.689959406852722168e-01,2.679144740104675293e-01,1.390424132347106934e+00
1.696683615446090698e-01,8.859490156173706055e-01,1.123533487319946289e+00,9.879424571990966797e-01,-2.510166466236114502e-01,-5.441297292709350586e-01,4.686356186866760254e-01,3.855756819248199463e-01,5.754230618476867676e-01,-1.634611785411834717e-01,-9.728515148162841797e-02,8.952507376670837402e-01,1.078388452529907227e+00,4.537791013717651367e-01,1.919234156608581543e+00,8.833335041999816895e-01,4.643770158290863037e-01,4.368242025375366211e-01,8.521751165390014648e-01,2.836285829544067383e-01
5.551419258117675781e-01,2.361682206392288208e-01,1.111781954765319824e+00,4.993635714054107666e-01,6.855214834213256836e-01,2.121394500136375427e-02,-4.441155493259429932e-01,6.542544960975646973e-01,4.721969664096832275e-01,-1.443496942520141602e-01,-5.676409229636192322e-02,-2.685147821903228760e-01,-1.008847475051879883e+00,-8.904168605804443359e-01,4.633833467960357666e-01,7.262864708900451660e-01,-3.764208555221557617e-01,-4.122206866741180420e-01,5.332498550415039062e-01,8.421065211296081543e-01
-4.195860624313354492e-01,-7.160357385873794556e-02,4.527263343334197998e-01,-1.013389229774475098e+00,-1.162261962890625000e+00,-1.360314249992370605e+00,-3.092571198940277100e-01,-1.049015760421752930e+00,-1.167762398719787598e+00,-1.080958247184753418e+00,-7.574956417083740234e-01,-4.875780344009399414e-01,-1.031265020370483398e+00,-4.446832239627838135e-01,1.006646007299423218e-01,-1.435269564390182495e-01,-1.181322216987609863e+00,-8.100352883338928223e-01,-6.819860339164733887e-01,-6.176159381866455078e-01
-6.106055378913879395e-01,1.041267905384302139e-02,4.874002039432525635e-01,-5.780048370361328125e-01,3.331077992916107178e-01,3.215317428112030029e-01,1.722063273191452026e-01,9.376236200332641602e-01,4.072821736335754395e-01,6.729283928871154785e-01,-2.174687236547470093e-01,2.064352780580520630e-01,2.490699142217636108e-01,1.674353629350662231e-01,6.599137187004089355e-01,1.137428507208824158e-01,1.885747313499450684e-01,1.455953001976013184e+00,5.598016381263732910e-01,6.870462894439697266e-01
9.178737401962280273e-01,1.775945723056793213e-01,2.156793773174285889e-01,6.619086861610412598e-01,3.884690105915069580e-01,-1.693254411220550537e-01,-1.954267323017120361e-01,5.976947546005249023e-01,7.010042071342468262e-01,-5.763136148452758789e-01,6.016586422920227051e-01,1.982587575912475586e+00,8.021420836448669434e-01,4.314569532871246338e-01,6.290432810783386230e-01,-1.294171959161758423e-01,3.080804049968719482e-01,-4.690910279750823975e-01,9.432624578475952148e-01,1.338260412216186523e+00
1.595986366271972656e+00,3.632788956165313721e-01,8.357493877410888672e-01,9.983605146408081055e-01,1.184109330177307129e+00,4.647193253040313721e-01,4.999586045742034912e-01,1.049572706222534180e+00,5.763579607009887695e-01,-2.083652466535568237e-01,1.171525716781616211e+00,2.997949719429016113e-01,3.437349200248718262e-01,-2.765033245086669922e-01,9.097851514816284180e-01,7.140118479728698730e-01,-3.607480525970458984e-01,-2.026125639677047729e-01,1.116293430328369141e+00,1.635372519493103027e+00
-2.611397802829742432e-01,3.801148533821105957e-01,2.178034782409667969e-01,-2.768237888813018799e-01,9.355934858322143555e-01,4.215889610350131989e-03,-2.187483161687850952e-01,-1.246731132268905640e-01,9.331422448158264160e-01,-1.030762866139411926e-01,2.366004943847656250e+00,2.674115300178527832e-01,-4.421865940093994141e-01,8.464485406875610352e-01,2.538052797317504883e+00,5.280548334121704102e-01,3.899559080600738525e-01,1.537662297487258911e-01,2.549550235271453857e-01,1.013475537300109863e+00
-1.819879770278930664e+00,-8.471431732177734375e-01,-5.078101754188537598e-01,-1.324585676193237305e-01,-1.381130218505859375e+00,-1.951688408851623535e+00,-1.763253211975097656e+00,2.460199892520904541e-01,-1.319663643836975098e+00,-1.532540798187255859e+00,-1.475554108619689941e+00,2.849285304546356201e-01,-6.422448754310607910e-01,-1.190929770469665527e+00,-5.525086522102355957e-01,-8.686593770980834961e-01,-9.262986183166503906e-01,-6.715379953384399414e-01,-5.690149068832397461e-01,-8.791064023971557617e-01
3.851892948150634766e-01,-4.915809333324432373e-01,1.312135905027389526e-01,6.017920374870300293e-01,4.349333643913269043e-01,1.759754180908203125e+00,-2.847339510917663574e-01,1.035151481628417969e+00,6.871096491813659668e-01,3.659918010234832764e-01,-4.785748124122619629e-01,-5.107369422912597656e-01,-9.380245804786682129e-01,1.862250864505767822e-01,1.126617312431335449e+00,-1.974782794713973999e-01,-1.035461187362670898e+00,7.433214783668518066e-01,2.590277493000030518e-01,2.283611297607421875e-01
-2.943220436573028564e-01,9.453600049018859863e-01,6.988143324851989746e-01,5.228548645973205566e-01,8.569386005401611328e-01,8.865255713462829590e-01,-2.446528375148773193e-01,5.803366899490356445e-01,7.297649234533309937e-02,-5.174745321273803711e-01,7.398005127906799316e-01,3.642762303352355957e-01,2.323704957962036133e-01,-1.581333875656127930e-01,8.824938535690307617e-01,-2.391089648008346558e-01,4.603150784969329834e-01,-3.192415833473205566e-01,5.842204093933105469e-01,8.783785104751586914e-01
-9.574114680290222168e-01,-4.816870689392089844e-01,5.367069244384765625e-01,8.442458510398864746e-02,-5.253143310546875000e-01,-1.228657245635986328e+00,-5.005207657814025879e-01,-6.052481010556221008e-02,-1.197969913482666016e+00,2.347600162029266357e-01,-4.152582883834838867e-01,-3.971230983734130859e-01,-7.807332277297973633e-01,1.337039172649383545e-01,2.966403067111968994e-01,-2.476294189691543579e-01,-1.513420343399047852e-01,2.657166719436645508e-01,-2.120592445135116577e-01,4.652159214019775391e-01
4.778930172324180603e-02,1.542880177497863770e+00,1.737230658531188965e+00,1.335821487009525299e-02,2.363592863082885742e+00,1.194381237030029297e+00,1.161764860153198242e+00,8.682347536087036133e-01,2.788151204586029053e-01,8.303565979003906250e-01,8.213001489639282227e-01,2.533556222915649414e+00,5.022786259651184082e-01,1.643367767333984375e+00,8.596082329750061035e-01,8.320707082748413086e-01,9.638257026672363281e-01,-5.590841546654701233e-02,1.114573836326599121e+00,1.566043615341186523e+00
3.485240340232849121e-01,-1.023146390914916992e+00,3.975638151168823242e-01,-3.234456181526184082e-01,2.845483720302581787e-01,2.377340048551559448e-01,7.830270528793334961e-01,-2.454956620931625366e-01,1.039056062698364258e+00,1.176435500383377075e-01,1.074716567993164062e+00,-3.491747975349426270e-01,5.545809864997863770e-02,4.705155789852142334e-01,7.237244248390197754e-01,7.400585412979125977e-01,2.799112498760223389e-01,3.830863237380981445e-01,6.390957832336425781e-01,-8.396627902984619141e-01
9.386686086654663086e-01,9.794304370880126953e-01,6.337297558784484863e-01,5.220270156860351562e-01,1.076620101928710938e+00,-3.951781243085861206e-02,6.794154047966003418e-01,1.328251957893371582e+00,7.756494879722595215e-01,6.033515334129333496e-01,2.440591901540756226e-01,9.971072077751159668e-01,1.046850085258483887e+00,1.527082800865173340e+00,1.673160672187805176e+00,2.781880199909210205e-01,1.486623406410217285e+00,2.371434926986694336e+00,9.121339321136474609e-01,1.069145321846008301e+00
1.656284093856811523e+00,8.831284046173095703e-01,6.945413351058959961e-01,8.152858614921569824e-01,1.420602560043334961e+00,2.612689971923828125e+00,6.796631813049316406e-01,2.014472484588623047e+00,1.288412809371948242e+00,4.290553331375122070e-01,4.165306389331817627e-01,7.946061491966247559e-01,1.082011938095092773e+00,1.568653702735900879e+00,8.006563186645507812e-01,4.055162370204925537e-01,3.880343139171600342e-01,-2.091494947671890259e-01,6.436153054237365723e-01,1.195389509201049805e+00
1.186266064643859863e+00,3.247991502285003662e-01,4.038694202899932861e-01,2.724042832851409912e-01,8.272302150726318359e-01,3.558084368705749512e-01,4.624070525169372559e-01,7.643535733222961426e-01,4.600786566734313965e-01,8.753437995910644531e-01,1.862199306488037109e+00,4.262803494930267334e-02,2.815626859664916992e-01,7.057318687438964844e-01,7.843366265296936035e-01,6.300427317619323730e-01,3.432772457599639893e-01,5.524975657463073730e-01,3.147064745426177979e-01,3.720888197422027588e-01
-1.870048642158508301e+00,-9.999454617500305176e-01,-1.456033825874328613e+00,-6.361296772956848145e-01,-9.929630160331726074e-01,-1.981341242790222168e+00,-1.250678896903991699e+00,-9.597800374031066895e-01,-1.117648243904113770e+00,-1.069540500640869141e+00,-9.889641404151916504e-01,1.329994559288024902e+00,-4.923411309719085693e-01,-1.066537380218505859e+00,-7.618619203567504883e-01,-9.104117155075073242e-01,-2.276421070098876953e+00,-2.364374399185180664e+00,-1.609213709831237793e+00,-1.558306336402893066e+00
9.999021887779235840e-01,1.009400010108947754e+00,2.353456497192382812e+00,-3.291006088256835938e-01,6.003627181053161621e-01,8.558012247085571289e-01,9.139946103096008301e-01,1.474760413169860840e+00,5.273064970970153809e-01,8.546705842018127441e-01,1.158446669578552246e+00,8.083859086036682129e-01,1.798358440399169922e+00,4.174816608428955078e-01,1.525259971618652344e+00,1.206046819686889648e+00,4.940153360366821289e-01,1.483330488204956055e+00,1.059940218925476074e+00,1.835414171218872070e+00
-1.970586180686950684e-01,-4.791577458381652832e-01,-4.370532929897308350e-01,-9.549098610877990723e-01,4.278291761875152588e-01,-7.878532633185386658e-03,1.665757298469543457e-01,-1.975857913494110107e-01,-1.159258484840393066e+00,-8.995341062545776367e-01,-1.022767186164855957e+00,3.200358748435974121e-01,-8.913744240999221802e-02,-7.355588674545288086e-01,-8.590947985649108887e-01,-4.909588992595672607e-01,-5.728128552436828613e-01,-4.044405817985534668e-01,1.599187254905700684e+00,-3.904489800333976746e-02
-1.275655627250671387e+00,-2.712049484252929688e-01,1.282244622707366943e-01,-8.923772573471069336e-01,-1.222681164741516113e+00,-5.951300859451293945e-01,-1.021311402320861816e+00,-5.417095422744750977e-01,-1.705682635307312012e+00,-1.154813528060913086e+00,-9.126616120338439941e-01,-1.466368436813354492e+00,-1.720719337463378906e+00,-1.827754974365234375e+00,-1.547925829887390137e+00,-7.700861096382141113e-01,-1.728515505790710449e+00,-7.831863760948181152e-01,-1.182411551475524902e+00,-1.145456671714782715e+00
-2.461606115102767944e-01,5.763109326362609863e-01,-1.052217602729797363e+00,-9.139543771743774414e-01,-1.601406335830688477e-01,-2.746068835258483887e-01,-2.201339155435562134e-01,1.018730401992797852e+00,1.087456941604614258e+00,-1.481800228357315063e-01,7.227351069450378418e-01,4.132629334926605225e-01,1.010624527931213379e+00,4.413697421550750732e-01,-2.388089150190353394e-01,1.218291819095611572e-01,8.382657170295715332e-01,2.397621236741542816e-02,9.732218980789184570e-01,4.311513006687164307e-01
1.261071562767028809e+00,1.065735936164855957e+00,1.626163840293884277e+00,9.027943611145019531e-01,1.046622514724731445e+00,7.529532909393310547e-02,-1.904594898223876953e-01,1.200462222099304199e+00,1.950430989265441895e+00,1.052986264228820801e+00,1.654961347579956055e+00,1.000061869621276855e+00,2.427496671676635742e+00,1.652544260025024414e+00,1.040739178657531738e+00,2.642588615417480469e-01,2.184260785579681396e-01,1.113034129142761230e+00,1.385624170303344727e+00,6.605211496353149414e-01
1.486881256103515625e+00,5.567530989646911621e-01,1.463924765586853027e+00,9.944321513175964355e-01,-1.627892106771469116e-01,1.053110599517822266e+00,4.243401288986206055e-01,4.945052266120910645e-01,5.128721594810485840e-01,1.072686433792114258e+00,4.617645144462585449e-01,2.334943264722824097e-01,-9.301034212112426758e-01,7.691025137901306152e-01,3.344222009181976318e-01,9.615968465805053711e-01,7.601806521415710449e-01,9.100719690322875977e-01,7.550495862960815430e-02,4.285345375537872314e-01
-8.288357853889465332e-01,-1.442756056785583496e+00,-2.289562463760375977e+00,-2.443301439285278320e+00,-4.131454527378082275e-01,-1.514617919921875000e+00,-1.757286310195922852e+00,-2.694902658462524414e+00,-1.268378973007202148e+00,-1.230149149894714355e+00,-1.268812179565429688e+00,-1.570605874061584473e+00,-7.615896463394165039e-01,-1.997028231620788574e+00,-1.495262026786804199e+00,-3.137740194797515869e-01,-2.157825469970703125e+00,-1.473216772079467773e+00,-7.584513425827026367e-01,-1.061674237251281738e+00
-1.937180757522583008e-01,8.700511455535888672e-01,1.104347348213195801e+00,-3.987725451588630676e-02,5.955723524093627930e-01,5.477008223533630371e-01,1.648036539554595947e-01,9.606707096099853516e-01,4.802105426788330078e-01,1.801470398902893066e+00,7.781404256820678711e-02,1.000056505203247070e+00,-2.979189753532409668e-01,1.312857508659362793e+00,1.488977551460266113e+00,1.043837308883666992e+00,1.043345689773559570e+00,-3.465010970830917358e-02,4.378393888473510742e-01,1.281749010086059570e+00
7.354905009269714355e-01,2.740684151649475098e-01,-3.453789055347442627e-01,-3.566553294658660889e-01,-4.856646060943603516e-01,3.046342432498931885e-01,5.769672393798828125e-01,-1.622308790683746338e-01,-2.077816426753997803e-01,-7.029545307159423828e-01,-4.148039519786834717e-01,-1.718651890754699707e+00,-2.344429939985275269e-01,-2.301589846611022949e-01,6.978358626365661621e-01,-2.759904861450195312e-01,2.322929203510284424e-01,2.341921478509902954e-01,7.894422411918640137e-01,-8.191236108541488647e-02
2.410009622573852539e+00,2.055832386016845703e+00,1.988951921463012695e+00,2.597751379013061523e+00,2.614932060241699219e+00,1.802785396575927734e+00,2.260586023330688477e+00,2.397168636322021484e+00,1.364230275154113770e+00,1.366109132766723633e+00,2.764647006988525391e+00,2.637638568878173828e+00,2.267821311950683594e+00,1.703201651573181152e+00,1.861282825469970703e+00,2.112292766571044922e+00,2.173322677612304688e+00,1.570502161979675293e+00,2.891674518585205078e+00,2.369438886642456055e+00
-2.733753025531768799e-01,7.453552484512329102e-01,2.511527389287948608e-02,-2.954979538917541504e-01,-3.949508368968963623e-01,-1.070042371749877930e+00,8.419033885002136230e-02,-8.053211569786071777e-01,2.360868006944656372e-01,-7.322308421134948730e-01,7.831282019615173340e-01,-1.161475256085395813e-01,8.825521916151046753e-02,-3.041422069072723389e-01,7.554128300398588181e-03,-2.029880881309509277e-01,-3.317124247550964355e-01,-2.873378992080688477e-01,5.334184765815734863e-01,7.906262874603271484e-01
2.962474107742309570e+00,2.058423757553100586e+00,2.193363904953002930e+00,2.543246269226074219e+00,1.372706294059753418e+00,1.444298624992370605e+00,1.878540039062500000e+00,1.344141244888305664e+00,1.609904646873474121e+00,2.401497840881347656e+00,2.093850612640380859e+00,2.228744029998779297e+00,2.445132732391357422e+00,1.656856179237365723e+00,1.176544189453125000e+00,1.635935306549072266e+00,2.504370689392089844e+00,1.071865797042846680e+00,2.448995828628540039e+00,1.609228968620300293e+00
8.852400779724121094e-01,5.196926593780517578e-01,4.772453308105468750e-01,3.991699777543544769e-03,3.576687276363372803e-01,-1.563217788934707642e-01,8.914390802383422852e-01,4.181472361087799072e-01,5.607472658157348633e-01,-4.414228498935699463e-01,-1.137264072895050049e-01,-1.523386597633361816e+00,1.922051012516021729e-01,9.538430571556091309e-01,7.442111372947692871e-01,3.384426534175872803e-01,1.794286668300628662e-01,6.368951797485351562e-01,6.403796076774597168e-01,4.341479539871215820e-01
-3.301172256469726562e-01,-1.181076884269714355e+00,-2.435738742351531982e-01,1.978244781494140625e-01,-9.270215034484863281e-01,2.356609851121902466e-01,-6.937290430068969727e-01,-1.727701425552368164e+00,-1.874228715896606445e-01,4.021801054477691650e-02,-8.375847339630126953e-01,-3.696388006210327148e-01,-2.497490793466567993e-01,1.554058343172073364e-01,9.073109030723571777e-01,1.718396395444869995e-01,8.519688248634338379e-01,2.213142067193984985e-01,-4.837515205144882202e-02,1.735814660787582397e-01
-5.347270369529724121e-01,7.089008092880249023e-01,-3.142839670181274414e-01,5.718086361885070801e-01,6.959529519081115723e-01,-2.034386098384857178e-01,1.499427437782287598e+00,1.036280274391174316e+00,6.930876374244689941e-01,3.994888365268707275e-01,4.772417247295379639e-01,9.330646991729736328e-01,1.815759301185607910e+00,1.007209420204162598e+00,4.066503047943115234e-01,8.606717586517333984e-01,6.837057322263717651e-02,2.971924245357513428e-01,3.778903186321258545e-01,5.192250013351440430e-01
-6.440236568450927734e-01,-2.637519538402557373e-01,-1.616565287113189697e-01,1.092060089111328125e+00,7.958967089653015137e-01,-6.138017177581787109e-01,3.485712707042694092e-01,3.518735170364379883e-01,5.784265995025634766e-01,-2.155568152666091919e-01,-8.747467398643493652e-01,3.855401575565338135e-01,-1.287696361541748047e-01,7.037801146507263184e-01,-7.172530144453048706e-02,4.590050578117370605e-01,-9.610248208045959473e-01,1.852578520774841309e+00,-5.598424077033996582e-01,-3.025816082954406738e-01
-1.854720711708068848e-01,1.617706194519996643e-02,2.996610403060913086e-01,1.028437539935112000e-01,-8.857139348983764648e-01,-7.875232696533203125e-01,-6.153157353401184082e-01,4.241642653942108154e-01,-5.965178012847900391e-01,-2.738426029682159424e-01,1.681475490331649780e-01,-7.940669059753417969e-01,1.255538612604141235e-01,-1.082364082336425781e+00,2.158661633729934692e-01,3.261591792106628418e-01,2.534274160861968994e-01,-1.066363453865051270e+00,-5.917938798666000366e-02,4.587493836879730225e-01
1.117050051689147949e+00,5.762664079666137695e-01,-1.352848112583160400e-01,-2.556132674217224121e-01,-2.427116632461547852e-01,-2.351640015840530396e-01,1.314623236656188965e+00,9.867818951606750488e-01,3.411172926425933838e-01,5.537626147270202637e-01,-9.120090007781982422e-01,4.318334758281707764e-01,7.776007056236267090e-01,7.910358905792236328e-02,-1.154961716383695602e-02,1.011785045266151428e-01,2.664533853530883789e-01,-2.479618191719055176e-01,-1.375528424978256226e-01,1.621179431676864624e-01
1.758988142013549805e+00,7.665912508964538574e-01,1.342445164918899536e-01,1.511900186538696289e+00,1.040955781936645508e+00,1.895761013031005859e+00,2.204542398452758789e+00,1.403409481048583984e+00,7.131101489067077637e-01,1.584349989891052246e+00,1.728684663772583008e+00,1.586290121078491211e+00,1.444421648979187012e+00,8.294115066528320312e-01,1.544050335884094238e+00,1.572101593017578125e+00,9.426010847091674805e-01,3.846957683563232422e-01,1.136015892028808594e+00,1.947733402252197266e+00
-1.411993980407714844e+00,-9.634432792663574219e-01,-6.050532460212707520e-01,-1.271702289581298828e+00,-1.344450354576110840e+00,-1.575562000274658203e+00,-1.221491694450378418e+00,-7.107524573802947998e-02,-1.805498600006103516e+00,-1.597351312637329102e+00,-9.371576905250549316e-01,-1.937009692192077637e+00,-1.240194797515869141e+00,1.744640320539474487e-01,-3.417781591415405273e-01,-7.635504007339477539e-01,-2.982634544372558594e+00,-1.456375002861022949e+00,-5.187000036239624023e-01,-1.598537087440490723e+00
1.411700606346130371e+00,6.278855800628662109e-01,7.743585705757141113e-01,4.639231562614440918e-01,1.405814766883850098e+00,5.918197631835937500e-01,-2.900064289569854736e-01,5.809012055397033691e-01,7.387616634368896484e-01,1.790877580642700195e+00,1.968586683273315430e+00,7.974966764450073242e-01,1.709973335266113281e+00,6.002243161201477051e-01,1.045660376548767090e+00,1.491986036300659180e+00,7.070932388305664062e-01,3.283034265041351318e-01,1.121094226837158203e+00,1.205600023269653320e+00
1.032456755638122559e+00,2.701250016689300537e-01,7.410438060760498047e-01,7.838245630264282227e-01,1.209240436553955078e+00,1.148371934890747070e+00,6.239941716194152832e-01,1.365528464317321777e+00,7.167144417762756348e-01,5.631457567214965820e-01,2.859827578067779541e-01,-3.846243321895599365e-01,1.584690213203430176e+00,1.025024294853210449e+00,1.245795845985412598e+00,8.098293542861938477e-01,2.461368292570114136e-01,5.760263204574584961e-01,5.507272481918334961e-01,1.195843100547790527e+00
-1.717460513114929199e+00,-7.172783017158508301e-01,-8.094386458396911621e-01,-1.490057468414306641e+00,-2.770958900451660156e+00,-1.487529158592224121e+00,-1.943052053451538086e+00,-1.750385284423828125e+00,-1.752545356750488281e+00,-1.773140788078308105e+00,-1.860082983970642090e+00,-7.612979412078857422e-01,-2.787670791149139404e-01,-4.484747648239135742e-01,-9.636818766593933105e-01,-1.044955968856811523e+00,-1.082655787467956543e+00,-9.784688353538513184e-01,-8.212894797325134277e-01,-1.016511440277099609e+00
-3.123258948326110840e-01,-2.505990266799926758e-01,9.105538725852966309e-01,2.378647029399871826e-01,-9.171266853809356689e-02,2.085157930850982666e-01,-3.348821103572845459e-01,-4.151885211467742920e-01,-1.063543438911437988e+00,1.200636625289916992e-01,-3.202300965785980225e-01,-1.073603630065917969e+00,-2.861396372318267822e-01,1.357814818620681763e-01,1.504066735506057739e-01,-3.658139407634735107e-01,1.593885123729705811e-01,-1.646537303924560547e+00,8.242740482091903687e-02,-5.460151936858892441e-03
-3.418859243392944336e-01,-1.013138532638549805e+00,4.036613702774047852e-01,-3.590349256992340088e-01,-2.314162403345108032e-01,1.723596900701522827e-01,-3.109139502048492432e-01,-1.051083430647850037e-01,-1.252430081367492676e-01,3.282678425312042236e-01,9.123529791831970215e-01,-4.540748298168182373e-01,-4.754714667797088623e-02,-4.175289273262023926e-01,-5.863736271858215332e-01,-1.029911994934082031e+00,-2.383010089397430420e-01,-7.658890485763549805e-01,-5.324933528900146484e-01,-5.441947579383850098e-01
-6.527288556098937988e-01,-1.062243729829788208e-01,-4.312271177768707275e-01,-7.138875722885131836e-01,-1.511119008064270020e+00,-1.293179273605346680e+00,2.802382707595825195e-01,8.169760555028915405e-02,-5.219965577125549316e-01,-1.985455900430679321e-01,-9.791061282157897949e-01,-3.621694445610046387e-01,9.551275968551635742e-01,-1.198901653289794922e+00,1.741364002227783203e-01,-7.702363133430480957e-01,-1.813066959381103516e+00,1.014564394950866699e+00,-6.302782297134399414e-01,-7.921894192695617676e-01
-1.679599881172180176e-01,9.205141663551330566e-01,2.265175618231296539e-02,-5.374611020088195801e-01,-2.509606778621673584e-01,2.635309398174285889e-01,1.006989598274230957e+00,6.780170798301696777e-01,3.354237973690032959e-01,1.422849744558334351e-01,3.535711467266082764e-01,1.250792264938354492e+00,-4.170746207237243652e-01,1.018286228179931641e+00,1.051159381866455078e+00,9.439141750335693359e-01,3.479425609111785889e-01,-1.949276775121688843e-01,-2.340314835309982300e-01,4.850135445594787598e-01
-1.490563273429870605e+00,-1.233198285102844238e+00,-4.255440831184387207e-01,-6.880956292152404785e-01,1.511377573013305664e+00,1.248780041933059692e-01,-2.313196212053298950e-01,-2.549107670783996582e-01,-5.220445990562438965e-01,-8.974688053131103516e-01,-9.268682003021240234e-01,-2.857319116592407227e-01,-2.658996582031250000e-01,-4.563975930213928223e-01,-8.988522887229919434e-01,-3.977984488010406494e-01,1.971220523118972778e-01,-2.017350792884826660e-01,-3.621489405632019043e-01,-1.484825909137725830e-01
-5.358158946037292480e-01,1.866505295038223267e-01,1.372392624616622925e-01,-2.596119344234466553e-01,-1.778933167457580566e+00,-1.454251259565353394e-01,-4.500822722911834717e-01,-6.839112192392349243e-02,-4.049609303474426270e-01,-9.429202675819396973e-01,-3.735073506832122803e-01,2.154395431280136108e-01,-5.024984478950500488e-01,3.031877577304840088e-01,-7.142673730850219727e-01,3.248732089996337891e-01,-4.325349032878875732e-01,-3.075576424598693848e-01,2.439506202936172485e-01,-3.814991712570190430e-01
1.963634014129638672e+00,4.159123003482818604e-01,9.942466616630554199e-01,-2.475884258747100830e-01,-3.585547208786010742e-02,4.953789114952087402e-01,5.882450938224792480e-01,4.284360408782958984e-01,4.020133912563323975e-01,-1.509515792131423950e-01,5.974247455596923828e-01,9.100207090377807617e-01,2.277954369783401489e-01,-3.163868188858032227e-01,4.887402653694152832e-01,1.042468920350074768e-01,1.739122271537780762e+00,4.284981191158294678e-01,4.923302233219146729e-01,2.056717723608016968e-01
3.002584166824817657e-02,2.778037488460540771e-01,-1.856341660022735596e-01,4.662231504917144775e-01,-3.077555298805236816e-01,5.912777185440063477e-01,-3.563739955425262451e-01,-1.305366277694702148e+00,2.999956011772155762e-01,-3.810539096593856812e-02,3.601167798042297363e-01,-2.076323777437210083e-01,3.159796297550201416e-01,-2.618204653263092041e-01,4.312544465065002441e-01,-2.923134565353393555e-01,2.233302891254425049e-01,-2.239743024110794067e-01,2.338670045137405396e-01,4.872965812683105469e-01
-3.329551815986633301e-01,-4.817254841327667236e-01,-4.230225980281829834e-01,4.092992842197418213e-02,-8.651174902915954590e-01,-5.937849283218383789e-01,-1.065747976303100586e+00,-6.981957554817199707e-01,-3.450874686241149902e-01,-3.431179821491241455e-01,4.076458215713500977e-01,-1.120965361595153809e+00,-7.821644097566604614e-02,2.033126652240753174e-01,9.659178555011749268e-02,-7.429711818695068359e-01,-2.348958514630794525e-02,-1.753358602523803711e+00,-3.528532683849334717e-01,2.357402294874191284e-01
2.023035287857055664e-02,-1.311517596244812012e+00,-1.220133304595947266e+00,-4.098527133464813232e-01,-1.665925741195678711e+00,-4.295905530452728271e-01,-1.002928376197814941e+00,-4.973763823509216309e-01,-1.592134714126586914e+00,-1.185664534568786621e+00,-1.158671140670776367e+00,-3.440015614032745361e-01,2.036317437887191772e-01,-8.569997549057006836e-01,1.153516173362731934e-01,-1.115455031394958496e+00,-1.849526017904281616e-01,-2.611029386520385742e+00,4.389463365077972412e-01,4.517786502838134766e-01
1.981652259826660156e+00,3.973502814769744873e-01,4.364156126976013184e-01,1.559358835220336914e+00,1.655514597892761230e+00,3.945249021053314209e-01,1.785454869270324707e+00,1.441567063331604004e+00,3.891006708145141602e-01,1.397599816322326660e+00,2.904003858566284180e-01,1.234721302986145020e+00,1.003971219062805176e+00,1.040165543556213379e+00,1.568681955337524414e+00,1.372601032257080078e+00,3.253233730792999268e-01,1.256705164909362793e+00,2.031455755233764648e+00,1.587219476699829102e+00
-1.082793474197387695e+00,3.135308921337127686e-01,-5.611393451690673828e-01,3.548699198290705681e-03,-9.173561930656433105e-01,-1.253053307533264160e+00,-6.601052880287170410e-01,-1.429883956909179688e+00,2.587113678455352783e-01,-2.831916213035583496e-01,-8.707639575004577637e-01,-7.035039663314819336e-01,-1.480387687683105469e+00,1.985029503703117371e-02,-9.603309631347656250e-01,1.576643288135528564e-01,-5.900211334228515625e-01,-5.681031942367553711e-01,-3.717423677444458008e-01,-4.180678129196166992e-01
9.555054903030395508e-01,6.821139454841613770e-01,-2.270005047321319580e-01,4.770773053169250488e-01,4.406858682632446289e-01,6.864127516746520996e-01,6.634447574615478516e-01,1.127490997314453125e+00,1.538995385169982910e+00,2.302248716354370117e+00,7.669127583503723145e-01,9.891066551208496094e-01,-3.678257763385772705e-01,6.516187191009521484e-01,3.360497057437896729e-01,1.329119056463241577e-01,8.747411370277404785e-01,2.149512022733688354e-01,1.639603495597839355e+00,1.138023853302001953e+00
-1.135058477520942688e-01,1.137100160121917725e-01,-2.556087076663970947e-01,-8.591228723526000977e-01,3.192014992237091064e-01,1.387757778167724609e+00,-1.085058450698852539e+00,5.280407667160034180e-01,5.072324275970458984e-01,-1.659445911645889282e-01,2.390796244144439697e-01,-2.719001173973083496e-01,7.509737014770507812e-01,-6.516557931900024414e-01,3.948445022106170654e-01,-5.604066252708435059e-01,-5.925384759902954102e-01,-4.523930549621582031e-01,-5.552647113800048828e-01,-5.821216106414794922e-02
1.672874927520751953e+00,2.926924467086791992e+00,1.781613707542419434e+00,1.317257165908813477e+00,1.660327553749084473e+00,2.285965204238891602e+00,1.054530501365661621e+00,1.626434803009033203e+00,1.772100210189819336e+00,1.172053813934326172e+00,1.897423863410949707e+00,8.236707448959350586e-01,1.466102242469787598e+00,2.540838718414306641e+00,2.230290174484252930e+00,9.321604967117309570e-01,2.144582748413085938e+00,1.740463256835937500e+00,1.612131714820861816e+00,2.086606502532958984e+00
8.097344636917114258e-01,2.006090164184570312e+00,2.113226652145385742e+00,1.489338517189025879e+00,1.553137063980102539e+00,9.780641198158264160e-01,8.916491270065307617e-01,1.987727642059326172e+00,7.862739562988281250e-01,7.238579392433166504e-01,1.100914597511291504e+00,1.496390223503112793e+00,2.865653634071350098e-01,2.533442080020904541e-01,1.006453514099121094e+00,2.206091880798339844e+00,1.260745048522949219e+00,9.296621680259704590e-01,1.194108247756958008e+00,1.182729959487915039e+00
-1.169504761695861816e+00,-6.645854115486145020e-01,3.494218736886978149e-02,-1.163133263587951660e+00,-1.405171394348144531e+00,-7.415444254875183105e-01,-2.237132787704467773e+00,-4.133238792419433594e-01,-1.127964138984680176e+00,-5.696114897727966309e-01,-8.303712606430053711e-01,-1.786357283592224121e+00,-1.093364596366882324e+00,-7.642510533332824707e-01,-9.721855521202087402e-01,-1.197450876235961914e+00,-1.135871529579162598e+00,-1.288547277450561523e+00,-4.087331146001815796e-02,2.815366387367248535e-01
-7.176882773637771606e-02,-3.718897998332977295e-01,-1.124064683914184570e+00,-5.537666082382202148e-01,-2.612406611442565918e-01,-1.149679049849510193e-01,-6.388881802558898926e-01,-1.175928354263305664e+00,-9.556072950363159180e-01,-4.793762564659118652e-01,-3.503671586513519287e-01,-1.095543503761291504e+00,-8.993009328842163086e-01,-8.153113722801208496e-01,1.485870927572250366e-01,-1.043463826179504395e+00,-4.442698955535888672e-01,-1.001275777816772461e+00,-7.305386066436767578e-01,-7.239739298820495605e-01
-9.105060100555419922e-01,-4.449843168258666992e-01,-1.016180038452148438e+00,9.490765929222106934e-01,-1.207211762666702271e-01,-3.147024512290954590e-01,1.801658570766448975e-01,-6.256169676780700684e-01,-5.506182312965393066e-01,-3.912534415721893311e-01,6.322440505027770996e-01,-1.507105976343154907e-01,-5.056334733963012695e-01,-6.768717169761657715e-01,2.798761725425720215e-01,-8.350217342376708984e-01,-4.024294614791870117e-01,-9.680870771408081055e-01,-8.513972163200378418e-01,3.787406980991363525e-01
-5.320633649826049805e-01,-6.955196857452392578e-01,2.574054598808288574e-01,-9.965630769729614258e-01,-6.590916514396667480e-01,-1.707990407943725586e+00,-1.703807264566421509e-01,-1.751376688480377197e-01,-5.605002045631408691e-01,-1.092666506767272949e+00,-3.585534989833831787e-01,-1.209707856178283691e+00,-1.322642564773559570e+00,-1.792714148759841919e-01,-4.808083176612854004e-01,-1.100760698318481445e+00,-4.155716300010681152e-01,-6.365331411361694336e-01,-5.061004161834716797e-01,-1.651052474975585938e+00
7.245930843055248260e-03,1.227655053138732910e+00,4.297366142272949219e-01,3.787505924701690674e-01,1.705926209688186646e-01,4.239256381988525391e-01,5.905368924140930176e-01,-1.016444206237792969e+00,3.747853934764862061e-01,-7.148027420043945312e-01,-2.409957200288772583e-01,-1.992875188589096069e-01,-4.002104699611663818e-01,-1.012085914611816406e+00,5.220221281051635742e-01,1.177663803100585938e+00,3.351010084152221680e-01,4.996542036533355713e-01,-1.102396622300148010e-01,1.399617642164230347e-01
-1.116997480392456055e+00,-4.083411097526550293e-01,2.008248269557952881e-01,-1.734590083360671997e-01,-1.005807399749755859e+00,-1.631522536277770996e+00,-5.070554465055465698e-02,-1.274298906326293945e+00,-8.631735444068908691e-01,-1.308773308992385864e-01,-2.380604743957519531e-01,-1.050384402275085449e+00,-9.128984212875366211e-01,-1.056789159774780273e+00,-8.757232427597045898e-01,-1.187865734100341797e+00,-2.468271732330322266e+00,-2.669854760169982910e-01,-1.868359804153442383e+00,-4.200498163700103760e-01
-1.037621259689331055e+00,-1.363562941551208496e+00,-1.183741688728332520e+00,-1.225638031959533691e+00,-1.029911875724792480e+00,-5.000674724578857422e-01,-1.208957195281982422e+00,-4.079288840293884277e-01,-1.402526736259460449e+00,-7.244619727134704590e-01,-2.019577324390411377e-01,-1.185913443565368652e+00,-7.416883111000061035e-01,-3.160749077796936035e-01,-5.421064496040344238e-01,-1.050637364387512207e+00,-1.278567194938659668e+00,1.431201100349426270e-01,-9.830631613731384277e-01,-9.493403136730194092e-03
-1.960331201553344727e-01,8.736676573753356934e-01,-1.668342202901840210e-01,3.539547920227050781e-01,2.979614138603210449e-01,4.498492181301116943e-01,-4.307300150394439697e-01,3.681272566318511963e-01,-8.262708187103271484e-01,-2.258758544921875000e-01,-3.722214102745056152e-01,-1.039596647024154663e-01,-6.570616364479064941e-01,4.645261168479919434e-01,4.247844219207763672e-01,-6.097573637962341309e-01,-2.070400416851043701e-01,-1.296951621770858765e-01,1.182432606583461165e-04,2.610210895538330078e+00
-8.689323663711547852e-01,-4.279019832611083984e-01,-2.450932025909423828e+00,-5.607238411903381348e-01,-7.991395145654678345e-02,-5.300963521003723145e-01,-3.401241600513458252e-01,-1.127476096153259277e+00,-7.647488117218017578e-01,-4.535047113895416260e-01,4.967159628868103027e-01,-2.302358150482177734e+00,3.539783358573913574e-01,4.071491211652755737e-02,-1.187092304229736328e+00,-3.866309523582458496e-01,9.808303415775299072e-02,-5.375006198883056641e-01,-5.415104031562805176e-01,-4.429765343666076660e-01
1.066350340843200684e-01,7.381623983383178711e-01,-1.806047111749649048e-01,8.987916111946105957e-01,-2.790872454643249512e-01,-4.733579605817794800e-02,2.145400196313858032e-01,-1.304606944322586060e-01,4.059629440307617188e-01,-1.318891525268554688e+00,-2.589248120784759521e-01,-2.781822681427001953e-01,3.371566534042358398e-01,2.031072676181793213e-01,-2.653480470180511475e-01,1.728423833847045898e+00,4.511219561100006104e-01,-3.281185030937194824e-01,-9.262937903404235840e-01,2.255394309759140015e-01
-4.592411220073699951e-01,2.753628604114055634e-02,2.723002135753631592e-01,9.079616516828536987e-02,1.263500213623046875e+00,-1.462040543556213379e-01,-3.455827534198760986e-01,3.034387528896331787e-01,-9.197961091995239258e-01,3.841400146484375000e-01,5.654430389404296875e-01,1.432852894067764282e-01,6.327822208404541016e-01,-5.541192293167114258e-01,-8.917068243026733398e-01,-6.606509536504745483e-02,-1.523050308227539062e+00,1.006962060928344727e+00,6.306250095367431641e-01,-4.252930283546447754e-01
2.023731619119644165e-01,-4.510541260242462158e-01,-1.000392317771911621e+00,5.431042313575744629e-01,4.204212427139282227e-01,-5.298925638198852539e-01,-2.208653688430786133e+00,-5.135837197303771973e-01,2.145593762397766113e-01,-7.334145158529281616e-02,-3.916898071765899658e-01,-4.382465779781341553e-01,-3.206746280193328857e-01,-1.060722231864929199e+00,-2.758164107799530029e-01,-4.798903763294219971e-01,3.661963045597076416e-01,4.124851524829864502e-02,-1.261873364448547363e+00,6.715072393417358398e-01
-1.063106417655944824e+00,3.495220839977264404e-01,-6.830052137374877930e-01,-3.141396045684814453e-01,2.436427325010299683e-01,-2.715585827827453613e-01,9.515647888183593750e-01,3.726180791854858398e-01,-1.339831203222274780e-01,-5.981874465942382812e-02,-5.365695357322692871e-01,7.837406396865844727e-01,2.933133244514465332e-01,-4.259932339191436768e-01,1.463344395160675049e-01,5.159662365913391113e-01,-2.846527099609375000e-01,3.026907742023468018e-01,-5.124854445457458496e-01,-1.207470536231994629e+00
-1.064336538314819336e+00,5.365215539932250977e-01,1.155187368392944336e+00,-3.318339586257934570e-01,5.899362564086914062e-01,-4.405722916126251221e-01,4.302334785461425781e-02,-2.937955558300018311e-01,3.492421805858612061e-01,-1.360942721366882324e-01,9.138402342796325684e-01,1.926320642232894897e-01,-4.210916459560394287e-01,3.778891265392303467e-01,-7.679716944694519043e-01,2.272146344184875488e-01,8.068601489067077637e-01,1.617397964000701904e-01,2.573878169059753418e-01,1.953870505094528198e-01
-1.231096759438514709e-01,1.076556086540222168e+00,2.187505215406417847e-01,1.954749822616577148e+00,5.245894193649291992e-01,2.165677398443222046e-01,9.857936501502990723e-01,2.532628551125526428e-02,1.260597109794616699e+00,7.140868902206420898e-01,7.109287977218627930e-01,4.926773607730865479e-01,3.889953792095184326e-01,1.194867372512817383e+00,-1.864269971847534180e-01,1.560213088989257812e+00,1.165669202804565430e+00,1.071725487709045410e+00,4.443147182464599609e-01,1.224816441535949707e+00
-3.640654683113098145e-01,-4.647099971771240234e-01,2.973227798938751221e-01,-3.712156713008880615e-01,5.142790675163269043e-01,3.042401075363159180e-01,-1.001689553260803223e+00,-8.495001196861267090e-01,7.382357716560363770e-01,6.249086260795593262e-01,6.068061590194702148e-01,1.270536482334136963e-01,-6.308643221855163574e-01,-6.931408643722534180e-01,-2.423207610845565796e-01,-1.514755636453628540e-01,-1.503639101982116699e+00,-6.952999234199523926e-01,1.294362097978591919e-01,2.745953202247619629e-01
1.118312239646911621e+00,5.786641240119934082e-01,6.324269175529479980e-01,4.905040264129638672e-01,1.186558485031127930e+00,-3.765214979648590088e-01,6.062854528427124023e-01,1.398909091949462891e-01,4.674793481826782227e-01,-2.229181379079818726e-01,6.498844027519226074e-01,9.414043426513671875e-01,1.025403976440429688e+00,1.329227387905120850e-01,3.743588626384735107e-01,-2.990215122699737549e-01,-5.866832137107849121e-01,2.143511533737182617e+00,3.556408882141113281e-01,9.969207048416137695e-01
6.104016304016113281e-02,2.315552383661270142e-01,-2.322619676589965820e+00,4.086044132709503174e-01,7.847418785095214844e-01,-1.534917578101158142e-02,3.996658623218536377e-01,1.997634917497634888e-01,8.971183896064758301e-01,-1.228648424148559570e+00,9.168042242527008057e-02,3.339082598686218262e-01,2.805738151073455811e-01,-3.399069309234619141e-01,1.079131960868835449e-01,-3.103744611144065857e-02,-6.269623339176177979e-02,-1.124189972877502441e+00,-3.358687162399291992e-01,-4.850699007511138916e-01
-1.220401287078857422e+00,-4.945100843906402588e-01,-1.083752989768981934e+00,-7.289066910743713379e-01,-2.428763628005981445e+00,-7.484400868415832520e-01,-1.762737274169921875e+00,-2.071765810251235962e-01,-1.973060011863708496e+00,-7.865920066833496094e-01,-2.950895428657531738e-01,-1.551983833312988281e+00,-1.383027911186218262e+00,-1.039822578430175781e+00,-1.070234656333923340e+00,-2.342062950134277344e+00,-1.709692358970642090e+00,-1.391713380813598633e+00,-9.709870219230651855e-01,-1.520845532417297363e+00
3.701086938381195068e-01,-2.943279147148132324e-01,-2.413761764764785767e-01,-5.692703723907470703e-01,-1.624547958374023438e+00,-1.172962903976440430e+00,-3.244255781173706055e-01,-2.228789729997515678e-03,4.556437954306602478e-02,-1.261632680892944336e+00,-2.118905305862426758e+00,-4.364625215530395508e-01,-7.773720026016235352e-01,-1.541056483983993530e-01,-3.534018099308013916e-01,1.954595893621444702e-01,-6.408310532569885254e-01,-1.772445559501647949e+00,-2.766164541244506836e-01,3.073255717754364014e-01
-1.034651875495910645e+00,-7.225272655487060547e-01,-1.175745844841003418e+00,-3.501729071140289307e-01,-1.713864088058471680e+00,-5.348079204559326172e-01,-1.444315910339355469e+00,7.096448540687561035e-01,-8.261512517929077148e-01,-1.561641216278076172e+00,-2.170358180999755859e+00,-4.840363562107086182e-01,-1.858752667903900146e-01,-3.663278818130493164e-01,-1.724420070648193359e+00,-1.455014199018478394e-02,-2.701680898666381836e+00,-5.396356582641601562e-01,1.368178427219390869e-01,-9.356668591499328613e-02
9.305220842361450195e-02,-3.515586555004119873e-01,1.095246791839599609e+00,3.598542511463165283e-01,-5.459728240966796875e-01,7.858919501304626465e-01,-1.561492979526519775e-01,2.730562984943389893e-01,2.472344160079956055e+00,-8.717455714941024780e-02,6.524029374122619629e-01,1.900632530450820923e-01,3.905458450317382812e-01,4.895682930946350098e-01,-2.104724198579788208e-02,5.953756570816040039e-01,5.131830573081970215e-01,4.185126721858978271e-01,-3.891131877899169922e-01,-4.471066221594810486e-02
2.956376373767852783e-01,9.590435028076171875e-01,4.192493855953216553e-01,1.003997802734375000e+00,9.226076602935791016e-01,3.633979856967926025e-01,2.851761579513549805e-01,1.172171950340270996e+00,5.064528584480285645e-01,1.341345667839050293e+00,-3.264980316162109375e-01,-3.712349534034729004e-01,-4.150655567646026611e-01,3.859132230281829834e-01,-2.300608158111572266e-02,1.950550675392150879e-01,1.120087504386901855e+00,-1.830589771270751953e-01,-9.260877966880798340e-01,8.243070840835571289e-01
1.249670028686523438e+00,4.335103929042816162e-01,5.106587409973144531e-01,3.025708496570587158e-01,5.589064955711364746e-01,5.534470677375793457e-01,8.632892966270446777e-01,8.473547101020812988e-01,1.038802266120910645e+00,-2.709376811981201172e+00,1.858436107635498047e+00,1.195442914962768555e+00,1.125492453575134277e+00,4.837646782398223877e-01,7.383681535720825195e-01,3.154381215572357178e-01,-2.127140611410140991e-01,1.041534543037414551e+00,9.386184215545654297e-01,9.231908917427062988e-01
1.372933745384216309e+00,4.446873068809509277e-01,3.406840562820434570e-01,1.909947037696838379e+00,2.735544919967651367e+00,6.348934769630432129e-01,9.262554049491882324e-01,4.349232017993927002e-01,-1.825387775897979736e-01,1.038726091384887695e+00,8.805214762687683105e-01,1.135330796241760254e+00,2.357602357864379883e+00,4.704766869544982910e-01,7.347245812416076660e-01,1.717588782310485840e+00,6.120320558547973633e-01,1.043500781059265137e+00,4.395070672035217285e-01,1.509777545928955078e+00
7.628642916679382324e-01,1.334759891033172607e-01,3.601851761341094971e-01,3.864792585372924805e-01,7.854321002960205078e-01,5.604444742202758789e-01,-1.252614557743072510e-01,-2.269991636276245117e-01,-1.652253866195678711e-01,-1.927393674850463867e-01,8.407005667686462402e-02,-1.456294953823089600e-01,1.651622354984283447e-01,-3.644261956214904785e-01,1.829206198453903198e-01,-9.019741415977478027e-01,4.050995409488677979e-01,-5.283141136169433594e-01,2.755440771579742432e-01,-4.009254574775695801e-01
-1.076598167419433594e+00,-3.696945905685424805e-01,8.681044578552246094e-01,-7.016510367393493652e-01,-1.884444117546081543e+00,-2.782393693923950195e-01,-2.269622236490249634e-01,2.252537608146667480e-01,-2.491115927696228027e-01,-7.242282032966613770e-01,2.779954075813293457e-01,1.747254431247711182e-01,-1.825579702854156494e-01,-9.779790639877319336e-01,-1.389150917530059814e-01,-9.546457529067993164e-01,2.791566848754882812e-01,-9.959400892257690430e-01,1.209740638732910156e+00,-3.228103518486022949e-01
2.087084501981735229e-01,3.217618763446807861e-01,-1.572121530771255493e-01,-9.351514577865600586e-01,-1.517478078603744507e-01,-6.933230757713317871e-01,2.974085509777069092e-01,-1.314953714609146118e-02,1.892491281032562256e-01,-7.569369077682495117e-01,-9.317085742950439453e-01,3.848048448562622070e-01,1.005720138549804688e+00,-5.596935153007507324e-01,-2.338843047618865967e-01,1.071687102317810059e+00,-2.997115254402160645e-01,-2.401811182498931885e-01,-2.628422081470489502e-01,7.949574291706085205e-02
-1.644306182861328125e-01,-8.955425620079040527e-01,-4.097863435745239258e-01,3.612492084503173828e-01,-5.541625991463661194e-02,-5.145241022109985352e-01,-8.286792635917663574e-01,-1.032505333423614502e-01,-9.864600300788879395e-01,3.811959028244018555e-01,-6.914013028144836426e-01,3.525019586086273193e-01,-1.190917864441871643e-01,1.632044762372970581e-01,1.867819130420684814e-01,-8.686679601669311523e-01,-2.019885629415512085e-01,5.781991481781005859e-01,-4.171102643013000488e-01,-8.707931637763977051e-01
-3.918516337871551514e-01,1.637243181467056274e-01,7.721365094184875488e-01,3.250936269760131836e-01,-2.895410656929016113e-01,4.110338687896728516e-01,7.750794291496276855e-01,1.653821617364883423e-01,1.038128256797790527e+00,6.049928069114685059e-01,7.240250706672668457e-01,-6.259033679962158203e-01,-3.273878097534179688e-01,3.878727853298187256e-01,-1.527440667152404785e+00,5.704829096794128418e-01,6.384822726249694824e-02,-8.840057253837585449e-02,1.998179703950881958e-01,6.737302541732788086e-01
2.638535797595977783e-01,9.688385725021362305e-01,1.554970264434814453e+00,9.767328500747680664e-01,1.131293058395385742e+00,3.287912905216217041e-01,1.194537520408630371e+00,1.530802130699157715e+00,3.425788134336471558e-02,1.326328277587890625e+00,1.489922851324081421e-01,3.707593083381652832e-01,4.721451103687286377e-01,1.431487202644348145e-01,5.016920566558837891e-01,9.102284312248229980e-01,8.952821493148803711e-01,-8.232517540454864502e-02,-8.639483153820037842e-02,9.929636716842651367e-01
-1.377231836318969727e+00,-8.236027359962463379e-01,-9.288002848625183105e-01,-3.576682507991790771e-01,2.906268835067749023e-01,-2.061921060085296631e-01,-6.424620747566223145e-01,-4.245145022869110107e-01,5.398249626159667969e-02,-7.670129537582397461e-01,-2.019824504852294922e+00,-1.127680778503417969e+00,-2.376789093017578125e+00,-2.786119878292083740e-01,6.584080457687377930e-01,-1.136455893516540527e+00,-2.113523483276367188e-01,-7.163621783256530762e-01,-8.189929127693176270e-01,-8.977303504943847656e-01
-2.038510441780090332e-01,-2.727797329425811768e-01,-3.316298425197601318e-01,1.164785176515579224e-01,4.844423234462738037e-01,-2.468450069427490234e+00,-9.013468027114868164e-01,1.065974354743957520e+00,2.003089040517807007e-01,7.738855481147766113e-02,2.058145403861999512e-01,-5.654379129409790039e-01,-8.835095167160034180e-01,-3.280554115772247314e-01,-1.275426387786865234e+00,-1.501042395830154419e-01,1.040789932012557983e-01,3.953672945499420166e-01,4.738850146532058716e-02,4.367853105068206787e-01
-3.098998665809631348e-01,-1.002063512802124023e+00,-9.766743779182434082e-01,-7.954094409942626953e-01,-2.943424880504608154e-01,-1.134050011634826660e+00,-1.400058031082153320e+00,9.076755046844482422e-01,-2.491007000207901001e-01,-3.967790305614471436e-01,-1.097150564193725586e+00,1.443828046321868896e-01,9.984266757965087891e-01,-5.132660865783691406e-01,-6.990690827369689941e-01,-5.263866856694221497e-02,-7.802727818489074707e-01,-3.759557306766510010e-01,-1.448603510856628418e+00,9.535469412803649902e-01
-1.076457858085632324e+00,2.269496917724609375e-01,-1.141637563705444336e+00,-2.493512183427810669e-01,-1.431863546371459961e+00,-4.995905756950378418e-01,-3.272542357444763184e-01,9.152379631996154785e-02,-3.159916102886199951e-01,-8.718416690826416016e-01,-4.860712587833404541e-01,9.339696764945983887e-01,5.509819984436035156e-01,4.481294155120849609e-01,-2.116052508354187012e-01,4.540028572082519531e-01,-5.539461970329284668e-01,-9.177188873291015625e-01,-1.841097176074981689e-01,1.473927646875381470e-01
2.128832787275314331e-01,-1.018877387046813965e+00,-2.784141302108764648e-01,-2.347506731748580933e-01,-7.198375463485717773e-01,2.369774430990219116e-01,-2.552925944328308105e-01,8.271045088768005371e-01,-1.839517354965209961e+00,-9.297347068786621094e-01,1.642367839813232422e-01,-8.329056948423385620e-02,-3.602883815765380859e-01,-1.065176010131835938e+00,-2.354692518711090088e-01,-7.906159013509750366e-02,-8.777474164962768555e-01,8.627434968948364258e-01,-5.807032585144042969e-01,3.074922263622283936e-01
1.616188287734985352e+00,5.562145113945007324e-01,8.027499914169311523e-01,7.460911273956298828e-01,5.255759358406066895e-01,1.473682522773742676e+00,1.521777391433715820e+00,-6.603292226791381836e-01,4.430808424949645996e-01,7.207198143005371094e-01,9.863824248313903809e-01,7.708961367607116699e-01,4.369449913501739502e-01,6.449578404426574707e-01,9.046631455421447754e-01,5.106203258037567139e-02,1.981984615325927734e+00,7.505728602409362793e-01,1.202353835105895996e+00,4.759956300258636475e-01
2.747683525085449219e-01,1.585840433835983276e-01,1.093487858772277832e+00,5.101807117462158203e-01,6.344479322433471680e-01,5.768415331840515137e-01,4.871612191200256348e-01,7.956565618515014648e-01,2.424110412597656250e+00,-1.997820436954498291e-01,8.124483823776245117e-01,2.999162077903747559e-01,4.124003052711486816e-01,-2.076228111982345581e-01,6.388894915580749512e-01,-8.647625893354415894e-02,-1.145020201802253723e-01,-3.445032536983489990e-01,1.566312789916992188e+00,1.029616594314575195e+00
-7.518462538719177246e-01,1.011967778205871582e+00,3.509122729301452637e-01,5.211903452873229980e-01,8.732910752296447754e-01,-3.628988564014434814e-01,-1.728419065475463867e-01,5.205283164978027344e-01,-9.863623231649398804e-02,-6.655119359493255615e-02,1.742072343826293945e+00,1.227490544319152832e+00,8.370085358619689941e-01,5.527476668357849121e-01,2.794560790061950684e-01,3.506498932838439941e-01,6.628068089485168457e-01,7.551486492156982422e-01,-3.574895858764648438e-01,-2.322658896446228027e-01
1.616830348968505859e+00,4.736980497837066650e-01,1.549655199050903320e+00,5.100698471069335938e-01,1.795269399881362915e-01,5.107062458992004395e-01,1.457087039947509766e+00,1.446897149085998535e+00,1.280853152275085449e+00,8.730354309082031250e-01,6.840197443962097168e-01,1.302043318748474121e+00,-3.343456983566284180e-01,1.150567173957824707e+00,7.257862687110900879e-01,7.744324803352355957e-01,7.515833973884582520e-01,2.567152261734008789e+00,6.461776494979858398e-01,1.713050723075866699e+00
1.098929438740015030e-02,3.903874158859252930e-01,2.351258039474487305e+00,5.615923404693603516e-01,1.145350694656372070e+00,7.448853850364685059e-01,1.547264575958251953e+00,1.700963497161865234e+00,9.798277020454406738e-01,4.568789601325988770e-01,8.293899893760681152e-01,8.181343674659729004e-01,-7.654336839914321899e-02,5.827847719192504883e-01,3.976540565490722656e-01,2.335978895425796509e-01,1.073065280914306641e+00,1.024704694747924805e+00,1.123310685157775879e+00,1.096815824508666992e+00
4.696057438850402832e-01,3.405128121376037598e-01,1.000910520553588867e+00,7.040915489196777344e-01,6.320975422859191895e-01,1.049453377723693848e+00,1.431152343750000000e+00,2.453194558620452881e-01,7.585338354110717773e-01,1.006114959716796875e+00,7.260820269584655762e-01,1.328802347183227539e+00,2.061174154281616211e+00,6.675460338592529297e-01,1.821924448013305664e+00,1.586768507957458496e+00,5.647327303886413574e-01,6.052549481391906738e-01,1.091121792793273926e+00,1.196241140365600586e+00
-1.353021025657653809e+00,-1.192004442214965820e+00,-1.715702056884765625e+00,-7.641286849975585938e-01,-1.035752296447753906e+00,-6.658535003662109375e-01,-1.315128922462463379e+00,-1.536141037940979004e+00,-2.167320013046264648e+00,-1.117382645606994629e+00,-1.546308398246765137e+00,-1.180400133132934570e+00,-5.135412812232971191e-01,-1.056328773498535156e+00,-1.091274619102478027e+00,-8.770344257354736328e-01,-7.783980369567871094e-01,-2.456360757350921631e-01,-1.262553930282592773e+00,5.849963426589965820e-02
9.001956135034561157e-02,-5.010234713554382324e-01,-4.339898228645324707e-01,-3.684831261634826660e-01,-2.715886533260345459e-01,-5.211372375488281250e-01,7.042395323514938354e-02,-3.539075851440429688e-01,-9.697718024253845215e-01,-9.544324874877929688e-01,1.113175988197326660e+00,-3.121781349182128906e-01,-6.456665992736816406e-01,-4.877473115921020508e-01,-9.888978004455566406e-01,-9.769382476806640625e-01,8.094583749771118164e-01,-7.951630949974060059e-01,3.795603215694427490e-01,-2.258699685335159302e-01
-2.015401571989059448e-01,3.279196619987487793e-01,9.871063232421875000e-01,-9.707473963499069214e-02,3.321631848812103271e-01,-3.728062212467193604e-01,-2.000086158514022827e-01,4.010351002216339111e-01,2.439928650856018066e-01,-7.968758046627044678e-02,7.435896247625350952e-02,-2.973403334617614746e-01,2.123045206069946289e+00,-2.293721288442611694e-01,4.831284880638122559e-01,8.608898520469665527e-02,-9.254456758499145508e-01,1.236494258046150208e-01,-3.156459629535675049e-01,1.555454254150390625e+00
-1.035986423492431641e+00,-2.992909848690032959e-01,3.252501487731933594e-01,-1.344438195228576660e-01,-2.035028457641601562e+00,-6.850637793540954590e-01,-2.710277736186981201e-01,-3.414348661899566650e-01,-1.821865916252136230e+00,-4.861629307270050049e-01,-1.434648871421813965e+00,-8.050016760826110840e-01,-1.233488321304321289e-01,-4.840549230575561523e-01,8.650625944137573242e-01,-9.347602725028991699e-01,-4.409646391868591309e-01,-4.239201247692108154e-01,-1.840571522712707520e+00,-6.364217996597290039e-01
-5.797054767608642578e-01,8.704850673675537109e-01,-3.941055834293365479e-01,2.194884717464447021e-01,1.591160595417022705e-01,3.788899779319763184e-01,-3.717985749244689941e-01,7.581788897514343262e-01,1.018268346786499023e+00,1.618015021085739136e-01,-2.096143364906311035e-01,-1.686840355396270752e-01,1.148766875267028809e+00,1.172417163848876953e+00,-3.025070726871490479e-01,7.309727668762207031e-01,2.515024244785308838e-01,9.059811234474182129e-01,-3.380850553512573242e-01,5.912213921546936035e-01
-1.091337442398071289e+00,-1.198802471160888672e+00,-7.408366203308105469e-01,-1.241142034530639648e+00,-1.822664499282836914e+00,-7.736484408378601074e-01,-1.644227623939514160e+00,-5.412464737892150879e-01,-6.270068883895874023e-01,-8.368866443634033203e-01,-1.233584403991699219e+00,-1.474339604377746582e+00,-1.180334687232971191e+00,-8.848586678504943848e-01,-2.845216512680053711e+00,-8.684152364730834961e-01,-2.594658613204956055e+00,-9.623097777366638184e-01,-8.275088667869567871e-01,-1.061987638473510742e+00
2.068780958652496338e-01,-9.123855233192443848e-01,1.072905898094177246e+00,3.978332579135894775e-01,2.374944210052490234e+00,-2.178139537572860718e-01,-2.276345342397689819e-01,1.139032840728759766e+00,8.016588538885116577e-02,-2.012853771448135376e-01,7.537106871604919434e-01,9.944539070129394531e-01,1.828635483980178833e-01,3.415852785110473633e-01,8.214623928070068359e-01,1.291362881660461426e+00,1.071092486381530762e+00,1.156189799308776855e+00,1.547558784484863281e+00,9.967300295829772949e-01
-1.138541936874389648e+00,9.600768983364105225e-02,1.092750906944274902e+00,-1.035540938377380371e+00,7.051251530647277832e-01,-4.479272663593292236e-01,7.787147071212530136e-03,3.731667697429656982e-01,3.113179504871368408e-01,1.588219553232192993e-01,4.705891609191894531e-01,2.176387012004852295e-01,-2.300388813018798828e-01,-1.000679373741149902e+00,9.113950729370117188e-01,9.280831813812255859e-01,1.266181003302335739e-02,-1.470477730035781860e-01,-3.205989897251129150e-01,-8.954030275344848633e-02
4.140355288982391357e-01,-5.144535303115844727e-01,-9.127562642097473145e-01,3.859763741493225098e-01,8.602328896522521973e-01,4.908863008022308350e-01,4.125296473503112793e-01,-1.066143751144409180e+00,-1.478163152933120728e-01,-6.645007133483886719e-01,1.061667203903198242e+00,-5.250476002693176270e-01,-4.839362576603889465e-02,4.363994598388671875e-01,-2.545763552188873291e-01,2.574316561222076416e-01,9.442147016525268555e-01,-3.065326213836669922e-01,6.220274418592453003e-02,-2.817077338695526123e-01
4.625625014305114746e-01,-2.506404519081115723e-01,-1.062485694885253906e+00,4.456164240837097168e-01,2.146336287260055542e-01,3.579579591751098633e-01,-4.122852683067321777e-01,1.859640032052993774e-01,-1.856490969657897949e-01,-3.052398003637790680e-02,1.138837814331054688e+00,-1.588938683271408081e-01,3.477486968040466309e-01,-3.466334640979766846e-01,-1.233217000961303711e+00,-4.085290804505348206e-02,-2.056651562452316284e-01,-6.028536558151245117e-01,-4.938883185386657715e-01,-4.964496791362762451e-01
2.217297315597534180e+00,4.774288237094879150e-01,1.539370656013488770e+00,2.201024740934371948e-01,-2.860827744007110596e-01,-1.346866339445114136e-01,1.091204047203063965e+00,7.374065518379211426e-01,2.625059783458709717e-01,1.107966780662536621e+00,1.265460968017578125e+00,5.150668025016784668e-01,2.050295829772949219e+00,1.932078599929809570e-02,4.129606485366821289e-01,8.818696141242980957e-01,1.179664134979248047e+00,1.176449418067932129e+00,1.083487510681152344e+00,1.094591856002807617e+00
5.316064953804016113e-01,1.532153725624084473e+00,3.791760802268981934e-01,2.100740820169448853e-01,9.392064213752746582e-01,4.060880839824676514e-01,7.632516026496887207e-01,-4.336685240268707275e-01,-1.632759273052215576e-01,5.927230417728424072e-02,3.659206032752990723e-01,-7.585734724998474121e-01,-3.404882550239562988e-01,3.581063449382781982e-01,-3.987695872783660889e-01,-1.441194415092468262e-01,3.615576326847076416e-01,6.993184983730316162e-02,9.613094329833984375e-01,-1.567457020282745361e-01
1.265470743179321289e+00,1.730191826820373535e+00,7.178722620010375977e-01,1.512103319168090820e+00,1.293712735176086426e+00,7.666357159614562988e-01,1.748006939888000488e+00,1.221168279647827148e+00,9.840617775917053223e-01,1.255770087242126465e+00,4.390623569488525391e-01,9.453610777854919434e-01,1.709796190261840820e+00,1.271783232688903809e+00,1.595230340957641602e+00,1.026798009872436523e+00,1.112771868705749512e+00,-3.817019164562225342e-01,1.888893008232116699e+00,1.061393260955810547e+00
7.867067456245422363e-01,3.136075735092163086e-01,6.505987048149108887e-01,6.711215376853942871e-01,1.214284777641296387e+00,-3.300963044166564941e-01,5.225132703781127930e-01,5.961442589759826660e-01,1.024894952774047852e+00,9.070007801055908203e-01,1.032756328582763672e+00,1.287196636199951172e+00,8.596059083938598633e-01,3.023362457752227783e-01,1.630366563796997070e+00,3.713763952255249023e-01,2.835415303707122803e-01,4.738087952136993408e-01,1.179122209548950195e+00,2.263563871383666992e+00
5.334439277648925781e-01,8.577400445938110352e-01,3.275410532951354980e-01,3.744539022445678711e-01,1.645614802837371826e-01,5.533137321472167969e-01,1.570487022399902344e+00,8.813130259513854980e-01,3.649984896183013916e-01,-9.051163792610168457e-01,1.161713004112243652e+00,5.899169445037841797e-01,6.795356869697570801e-01,5.966465473175048828e-01,2.534024417400360107e-01,1.327856659889221191e+00,1.555046439170837402e+00,5.649514198303222656e-01,5.042049288749694824e-01,1.130466341972351074e+00
-1.198367953300476074e+00,2.401945292949676514e-01,-2.929177880287170410e-01,-5.985990762710571289e-01,-7.872563004493713379e-01,-1.648272633552551270e+00,-1.229432582855224609e+00,-1.276217460632324219e+00,-1.364033460617065430e+00,-1.885067224502563477e+00,-1.228983163833618164e+00,-1.448297381401062012e+00,-8.250820040702819824e-01,-4.621944427490234375e-01,-1.021684885025024414e+00,-4.411463737487792969e-01,-1.471909284591674805e+00,-1.119279384613037109e+00,-1.328834056854248047e+00,-1.378911256790161133e+00
3.621098399162292480e-01,1.894662261009216309e+00,1.119714975357055664e+00,4.027461111545562744e-01,-2.295614182949066162e-01,1.065254092216491699e+00,7.044959664344787598e-01,4.743788242340087891e-01,2.283431291580200195e-01,2.698258876800537109e+00,7.980450987815856934e-02,3.064139485359191895e-01,1.656141281127929688e+00,1.257293701171875000e+00,4.466633200645446777e-01,1.528517723083496094e+00,5.306121706962585449e-01,4.359480738639831543e-01,1.270013093948364258e+00,1.046185851097106934e+00
-3.148941993713378906e-01,2.462757527828216553e-01,1.548169851303100586e+00,1.330454200506210327e-01,6.823835521936416626e-02,3.015452623367309570e-01,-5.983307361602783203e-01,5.926169827580451965e-02,1.667763143777847290e-01,2.850698828697204590e-01,1.675427705049514771e-01,-3.675571978092193604e-01,1.942759007215499878e-01,2.178231775760650635e-01,-1.108289808034896851e-01,-3.527256548404693604e-01,-2.610480546951293945e+00,3.291450738906860352e-01,-1.052879810333251953e+00,-6.460698843002319336e-01
-5.715379118919372559e-01,4.503481835126876831e-02,3.533955216407775879e-01,-2.375553920865058899e-02,-6.239277124404907227e-01,3.107318878173828125e-01,-4.444069862365722656e-01,3.392231762409210205e-01,-2.436201810836791992e+00,-2.418988496065139771e-01,4.024651944637298584e-01,3.159113228321075439e-01,4.761155247688293457e-01,3.578290343284606934e-01,3.703182935714721680e-01,6.561664342880249023e-01,9.071418046951293945e-01,-9.049208760261535645e-01,-2.132153958082199097e-01,2.822026610374450684e-01
-1.583633422851562500e+00,-6.978890895843505859e-01,-1.148634076118469238e+00,2.305395364761352539e+00,-8.843367099761962891e-01,-6.274672746658325195e-01,-3.275358676910400391e-01,-5.474182963371276855e-01,-4.382468461990356445e-01,-9.391515851020812988e-01,-7.905624508857727051e-01,-1.201176524162292480e+00,-2.707987546920776367e+00,-1.624832272529602051e+00,-7.772569656372070312e-01,-2.146301716566085815e-01,-6.270542740821838379e-01,-9.581769108772277832e-01,-1.995831966400146484e+00,-2.372574955224990845e-01
-1.028165817260742188e+00,1.579664647579193115e-01,4.213648438453674316e-01,-3.558776080608367920e-01,1.293554306030273438e-01,2.081580758094787598e-01,7.418999075889587402e-01,-1.015677526593208313e-01,1.703584194183349609e-01,-3.829921483993530273e-01,2.081722319126129150e-01,1.786770075559616089e-01,-1.048852801322937012e+00,-4.931899309158325195e-01,-2.854060888290405273e+00,-6.199316978454589844e-01,1.399894952774047852e-01,2.699307352304458618e-02,-1.896871775388717651e-01,-1.278477549552917480e+00
-7.135211825370788574e-01,2.923386991024017334e-01,4.337500631809234619e-01,7.147908955812454224e-02,1.674234986305236816e+00,9.368246793746948242e-01,1.773458719253540039e-01,-6.392513513565063477e-01,2.651093006134033203e-01,2.073641777038574219e+00,1.124768018722534180e+00,4.474197924137115479e-01,9.367068409919738770e-01,3.683174550533294678e-01,4.723890125751495361e-01,6.416875720024108887e-01,7.449473142623901367e-01,-1.136194914579391479e-01,1.139780402183532715e+00,1.025710105895996094e+00
-2.803193330764770508e+00,-1.192280292510986328e+00,-8.967201113700866699e-01,-1.323167800903320312e+00,-1.673590898513793945e+00,-1.212188601493835449e+00,-2.079587936401367188e+00,-1.245459914207458496e+00,-2.726148366928100586e-01,-9.314576387405395508e-01,5.554774999618530273e-01,-1.167561292648315430e+00,-1.661276102066040039e+00,-1.527942419052124023e+00,1.219483688473701477e-01,-1.188557028770446777e+00,-2.012013912200927734e+00,-1.289251923561096191e+00,-2.894068956375122070e+00,-1.189896225929260254e+00
1.505003809928894043e+00,8.739268183708190918e-01,4.893702268600463867e-01,5.264661312103271484e-01,9.207936525344848633e-01,2.419190704822540283e-01,-2.903836071491241455e-01,7.754712700843811035e-01,8.308225870132446289e-01,6.550492346286773682e-02,-5.276612639427185059e-01,6.676886081695556641e-01,-3.126538097858428955e-01,-2.418831437826156616e-01,-5.618088245391845703e-01,2.533715367317199707e-01,3.515554368495941162e-01,5.473080277442932129e-01,9.649286270141601562e-01,3.286706209182739258e-01
2.612890601158142090e-01,2.915868461132049561e-01,6.273450851440429688e-01,1.179331779479980469e+00,1.062005519866943359e+00,1.080386638641357422e+00,4.676891565322875977e-01,5.196327567100524902e-01,2.851860523223876953e-01,2.393473535776138306e-01,2.323822677135467529e-01,9.576594233512878418e-01,1.000477433204650879e+00,4.861898124217987061e-01,-1.127479448914527893e-01,5.313639044761657715e-01,6.575388312339782715e-01,-2.429100275039672852e+00,1.018959999084472656e+00,5.695238709449768066e-01
-1.638949513435363770e+00,-1.430243849754333496e-01,4.132331609725952148e-01,-1.440870314836502075e-01,-1.236679553985595703e+00,-7.312160134315490723e-01,9.185186028480529785e-02,-5.698191523551940918e-01,1.221117600798606873e-01,-6.338691711425781250e-01,-2.449764728546142578e+00,-3.999490141868591309e-01,-5.009890720248222351e-02,-9.236619472503662109e-01,-3.905022740364074707e-01,-9.923751950263977051e-01,-3.876678049564361572e-01,-4.664658308029174805e-01,-7.959114760160446167e-02,-6.525668501853942871e-01
6.614856719970703125e-01,1.944660097360610962e-01,-5.975025892257690430e-01,5.823736786842346191e-01,2.585853636264801025e-01,-3.429206311702728271e-01,-3.137435615062713623e-01,-5.839591473340988159e-02,4.293019771575927734e-01,1.944548934698104858e-01,-4.375613927841186523e-01,6.860874891281127930e-01,3.014149069786071777e-01,3.688207864761352539e-01,4.095339179039001465e-01,-3.127696216106414795e-01,-3.319434821605682373e-01,1.037248015403747559e+00,1.144252538681030273e+00,1.855481229722499847e-02
-7.644809037446975708e-02,2.037594765424728394e-01,-2.891925871372222900e-01,-5.730548501014709473e-01,1.258188843727111816e+00,-7.693539261817932129e-01,-1.180340886116027832e+00,8.999375626444816589e-03,-8.211837708950042725e-02,-4.095709025859832764e-01,2.379739433526992798e-01,-6.590134501457214355e-01,-2.696477174758911133e-01,2.938340008258819580e-01,-1.937832981348037720e-01,-1.022488117218017578e+00,-5.954948663711547852e-01,-2.322163283824920654e-01,-5.759760364890098572e-02,3.058322668075561523e-01
9.325874447822570801e-01,2.039074897766113281e-01,9.039446115493774414e-01,4.864926040172576904e-01,6.195343732833862305e-01,8.188090920448303223e-01,-4.407380521297454834e-01,1.614835262298583984e+00,1.271205902099609375e+00,4.399394094944000244e-01,5.359892249107360840e-01,2.450913041830062866e-01,9.239740371704101562e-01,7.008913755416870117e-01,2.003351211547851562e+00,1.352786540985107422e+00,2.008095741271972656e+00,1.067822694778442383e+00,-1.526817798614501953e+00,7.336850166320800781e-01
3.427197039127349854e-01,3.934931755065917969e-01,1.809199571609497070e+00,5.868257880210876465e-01,5.883850455284118652e-01,-4.137871563434600830e-01,3.862894177436828613e-01,3.995976746082305908e-01,3.721072077751159668e-01,2.384305596351623535e-01,9.288444519042968750e-01,4.142732173204421997e-02,-3.086277246475219727e-01,-2.370623797178268433e-01,-9.141048789024353027e-02,-3.608049452304840088e-01,5.251920819282531738e-01,8.659236133098602295e-02,4.538258612155914307e-01,9.530867338180541992e-01
1.396685719490051270e+00,4.333655834197998047e-01,1.794953048229217529e-01,1.132644414901733398e+00,1.699217677116394043e+00,1.195105075836181641e+00,1.046954274177551270e+00,1.148242235183715820e+00,5.637245178222656250e-01,6.377359628677368164e-01,2.754774391651153564e-01,1.611240804195404053e-01,1.992958664894104004e+00,1.112228393554687500e+00,-7.700924575328826904e-02,4.418009519577026367e-01,8.081719279289245605e-01,6.002321839332580566e-01,1.098362088203430176e+00,1.072194218635559082e+00
-2.427264213562011719e+00,-9.962866306304931641e-01,-1.003631353378295898e+00,-6.223957538604736328e-01,-6.125995516777038574e-01,-6.954667717218399048e-02,4.949507415294647217e-01,1.516616642475128174e-01,-9.047611355781555176e-01,-6.897389888763427734e-01,9.327217936515808105e-02,-5.409240126609802246e-01,-1.161853000521659851e-01,-8.112156987190246582e-01,-1.208220481872558594e+00,-9.070169329643249512e-01,-4.532027840614318848e-01,-1.079357385635375977e+00,-6.879461407661437988e-01,7.694037556648254395e-01
3.252224624156951904e-01,-2.651289701461791992e-01,2.501335144042968750e-01,2.806935608386993408e-01,4.269387722015380859e-01,-1.635303795337677002e-01,-1.227592587471008301e+00,-3.950143754482269287e-01,-1.497719168663024902e+00,-1.739667952060699463e-01,-9.919593930244445801e-01,-2.121807187795639038e-01,-6.876047849655151367e-01,-5.576288700103759766e-01,9.197751283645629883e-01,4.547674357891082764e-01,1.754211336374282837e-01,-4.098695218563079834e-01,-5.297669768333435059e-01,1.079967990517616272e-01
-3.463128805160522461e-01,-1.068390488624572754e+00,-4.870326220989227295e-01,8.663723468780517578e-01,5.363984704017639160e-01,-1.983798444271087646e-01,-8.157566189765930176e-01,2.614745199680328369e-01,-4.611723423004150391e-01,3.368511199951171875e-01,-7.841259241104125977e-01,-5.080790519714355469e-01,5.992435216903686523e-01,-1.399310708045959473e+00,-2.436002790927886963e-01,-2.622101902961730957e-01,-4.699230492115020752e-01,-7.271443605422973633e-01,-8.338035941123962402e-01,3.109326213598251343e-02
-1.391807556152343750e+00,-9.518358707427978516e-01,-1.860921740531921387e+00,-9.138817191123962402e-01,-2.496788263320922852e+00,-6.293660402297973633e-01,-1.856019973754882812e+00,-1.346345305442810059e+00,-2.860941410064697266e+00,-1.081129312515258789e+00,-3.336866572499275208e-02,-1.420057058334350586e+00,-1.418253898620605469e+00,-1.183272004127502441e+00,3.848638236522674561e-01,-1.145607829093933105e+00,-5.984106659889221191e-01,-1.186017513275146484e+00,-1.863012194633483887e+00,-1.990000844001770020e+00
-4.869698286056518555e-01,-1.849439740180969238e+00,-9.424268603324890137e-01,-5.407724380493164062e-01,-8.798146843910217285e-01,-2.785439193248748779e-01,-9.007012248039245605e-01,-2.822205781936645508e+00,-7.520335316658020020e-01,-1.747869968414306641e+00,-7.717664837837219238e-01,-3.295730352401733398e-01,-3.222464323043823242e-01,-1.082407355308532715e+00,-5.223453640937805176e-01,-7.186356186866760254e-01,-7.301248908042907715e-01,-1.239534854888916016e+00,-1.583530068397521973e+00,-4.880348742008209229e-01
5.382036566734313965e-01,8.600549697875976562e-01,-4.597808420658111572e-01,-2.684709429740905762e-01,7.782654762268066406e-01,-2.378957122564315796e-01,-1.147692918777465820e+00,2.406110018491744995e-01,3.002344369888305664e-01,3.649544715881347656e-01,1.020099759101867676e+00,6.029738187789916992e-01,1.160445213317871094e+00,-1.287727653980255127e-01,5.009031891822814941e-01,1.750434160232543945e+00,4.133930504322052002e-01,-2.114394754171371460e-01,1.575705647468566895e+00,2.932901084423065186e-01
5.841854214668273926e-01,1.112511515617370605e+00,9.590722918510437012e-01,1.471683740615844727e+00,8.278322815895080566e-01,1.021661281585693359e+00,6.822201609611511230e-02,1.086246013641357422e+00,9.355900883674621582e-01,2.208059430122375488e-01,2.440204858779907227e+00,1.816056132316589355e+00,5.943172574043273926e-01,-1.471073832362890244e-02,6.598926186561584473e-01,-2.330694645643234253e-01,4.490306675434112549e-01,3.801535964012145996e-01,1.481044769287109375e+00,5.550857782363891602e-01
4.131226241588592529e-01,7.751110196113586426e-02,-5.109698176383972168e-01,-4.022138416767120361e-01,-1.594366580247879028e-01,-1.380682587623596191e-01,-5.010248422622680664e-01,-1.834758520126342773e-01,2.237157821655273438e-01,-9.409173130989074707e-01,-1.234156727790832520e+00,-3.588280379772186279e-01,-8.315126299858093262e-01,-9.402275681495666504e-01,7.455360889434814453e-01,-3.814010024070739746e-01,-5.496973991394042969e-01,-9.992873668670654297e-01,-1.100850179791450500e-01,-4.627151191234588623e-01
8.977208733558654785e-01,4.861270487308502197e-01,8.604455590248107910e-01,5.052878856658935547e-01,3.756477534770965576e-01,6.577582359313964844e-01,2.388533592224121094e+00,8.894104361534118652e-01,1.306739926338195801e+00,7.825188636779785156e-01,1.265217661857604980e+00,1.077509641647338867e+00,1.934894561767578125e+00,1.463789105415344238e+00,1.246686100959777832e+00,1.044939041137695312e+00,-2.785747684538364410e-02,2.392747551202774048e-01,1.849847793579101562e+00,1.348137140274047852e+00
3.485717475414276123e-01,1.307477951049804688e+00,7.527932524681091309e-01,2.053144723176956177e-01,8.642331361770629883e-01,-1.112007796764373779e-01,2.823971211910247803e-01,2.451646804809570312e+00,-1.491698026657104492e-01,3.672874271869659424e-01,4.681135416030883789e-01,1.365126729011535645e+00,1.016779661178588867e+00,9.210222363471984863e-01,5.203063488006591797e-01,9.414172768592834473e-01,2.695849537849426270e-01,5.489028096199035645e-01,1.051548719406127930e+00,1.350149989128112793e+00
-1.939538866281509399e-01,5.460757389664649963e-02,-7.259544730186462402e-01,3.036532700061798096e-01,-1.793617904186248779e-01,-3.325457572937011719e-01,-1.798562884330749512e+00,-4.336720705032348633e-01,-2.420018315315246582e-01,-7.197035104036331177e-02,3.249234557151794434e-01,5.527487993240356445e-01,-9.309393167495727539e-01,3.902165964245796204e-02,-1.111819990910589695e-03,4.466761350631713867e-01,-4.942178353667259216e-02,-9.171352386474609375e-01,2.441425025463104248e-01,3.278191387653350830e-01
7.042278647422790527e-01,2.158563882112503052e-01,9.461969733238220215e-01,-1.624226868152618408e-01,-9.217829108238220215e-01,8.965054154396057129e-02,7.865082025527954102e-01,-1.045907735824584961e-01,-7.441309094429016113e-01,1.590933799743652344e-01,4.936769306659698486e-01,2.555909454822540283e-01,-3.529495373368263245e-02,2.932997643947601318e-01,4.235840439796447754e-01,1.619482934474945068e-01,-2.226706296205520630e-01,2.016888260841369629e-01,-2.097389698028564453e-01,2.254586935043334961e+00
7.090253829956054688e-01,4.745196104049682617e-01,-5.309410095214843750e-01,-4.740685969591140747e-02,4.239174127578735352e-01,4.525536596775054932e-01,9.961516261100769043e-01,2.914177477359771729e-01,2.714050292968750000e+00,7.861105799674987793e-01,-7.750857472419738770e-01,4.422444999217987061e-01,6.237750053405761719e-01,2.379980385303497314e-01,5.532596111297607422e-01,4.475093781948089600e-01,2.966958582401275635e-01,-1.798829138278961182e-01,1.192667365074157715e+00,-2.693206444382667542e-02
1.648396998643875122e-01,-1.005739569664001465e+00,-1.049538135528564453e+00,-2.199753373861312866e-01,-3.061206340789794922e-01,3.750088438391685486e-02,-3.808898851275444031e-02,-1.332201719284057617e+00,-5.073660612106323242e-01,-1.023760795593261719e+00,-4.807178378105163574e-01,-2.587147474288940430e+00,-1.357862234115600586e+00,-6.266844272613525391e-01,-3.806954920291900635e-01,-1.058824062347412109e+00,-1.295856475830078125e+00,-6.360089182853698730e-01,-1.302347183227539062e+00,-9.072824120521545410e-01
-5.294288992881774902e-01,2.620850801467895508e-01,2.891492843627929688e-01,-9.429215788841247559e-01,-5.834726691246032715e-01,-3.872322142124176025e-01,9.508591890335083008e-01,5.685335025191307068e-02,9.901365637779235840e-01,5.508729442954063416e-02,-1.854161620140075684e-01,-1.026422623544931412e-02,2.897088229656219482e-01,-3.418784737586975098e-01,-3.094631731510162354e-01,1.966403126716613770e-01,-2.130426764488220215e-01,-7.053670287132263184e-01,-6.051766276359558105e-01,-4.136129915714263916e-01
1.811510473489761353e-01,2.504872381687164307e-01,-2.268142104148864746e-01,4.623351693153381348e-01,6.979617476463317871e-01,-2.264629118144512177e-02,4.068132340908050537e-01,8.064110875129699707e-01,-8.568082004785537720e-02,-1.941331177949905396e-01,-2.534412145614624023e-01,-6.062190532684326172e-01,-1.254855394363403320e+00,-1.114141196012496948e-01,3.674614131450653076e-01,-3.127358257770538330e-01,-6.403990387916564941e-01,-2.238102197647094727e+00,2.026086002588272095e-01,1.034421563148498535e+00
-1.009070396423339844e+00,-1.286367297172546387e+00,-1.925540924072265625e+00,-1.090456724166870117e+00,-8.104469180107116699e-01,-1.163686633110046387e+00,-3.013491332530975342e-01,-4.216821789741516113e-01,-2.012352496385574341e-01,-4.067435488104820251e-02,-1.077244281768798828e+00,3.511307537555694580e-01,3.476192653179168701e-01,-3.385089039802551270e-01,-5.400878190994262695e-01,9.327315092086791992e-01,-7.625939846038818359e-01,-1.343045711517333984e+00,4.439322948455810547e-01,-9.975065588951110840e-01
1.702932268381118774e-01,1.313138365745544434e+00,9.203989505767822266e-01,6.434496045112609863e-01,1.686222314834594727e+00,1.161875724792480469e+00,1.094866514205932617e+00,1.114823341369628906e+00,3.631464242935180664e-01,7.973784804344177246e-01,2.351631641387939453e+00,6.735168695449829102e-01,1.630360007286071777e+00,2.153339385986328125e-01,-3.335847258567810059e-01,1.422614336013793945e+00,1.366391658782958984e+00,1.365646243095397949e+00,1.305729269981384277e+00,1.234618306159973145e+00
-1.591798186302185059e+00,-3.951453268527984619e-01,7.032604217529296875e-01,1.583026051521301270e-01,-1.136176824569702148e+00,-9.150193333625793457e-01,-1.217893231660127640e-02,-2.074724733829498291e-01,-3.664996027946472168e-01,-7.981719970703125000e-01,1.823969632387161255e-01,-1.009866118431091309e+00,-3.793357312679290771e-01,2.104767113924026489e-01,1.657234430313110352e-01,4.266594052314758301e-01,-8.745785057544708252e-02,-4.205160439014434814e-01,-1.775708198547363281e+00,5.519747138023376465e-01
-9.272175431251525879e-01,2.450303919613361359e-02,4.819278120994567871e-01,3.152332305908203125e-01,1.823374181985855103e-01,4.532785415649414062e-01,4.341927766799926758e-01,7.203713655471801758e-01,1.024695783853530884e-01,4.481394290924072266e-01,7.053760886192321777e-01,1.138556599617004395e+00,1.733857750892639160e+00,2.036710262298583984e+00,1.201394081115722656e+00,2.722512722015380859e+00,4.916465580463409424e-01,6.212810873985290527e-01,-2.802657783031463623e-01,5.507095456123352051e-01
-1.488408088684082031e+00,-1.347759246826171875e+00,-2.333160877227783203e+00,-1.163387894630432129e+00,-1.471701383590698242e+00,-1.055651426315307617e+00,-9.738935232162475586e-01,-1.904011130332946777e+00,-2.753006696701049805e+00,-1.949319481849670410e+00,-1.847110986709594727e+00,-1.339671730995178223e+00,-1.694584965705871582e+00,-1.281778573989868164e+00,-1.234896063804626465e+00,-4.855446219444274902e-01,-2.381748437881469727e+00,-2.249573230743408203e+00,-2.531942605972290039e+00,-9.888231158256530762e-01
2.277711629867553711e-01,1.063383936882019043e+00,5.308564901351928711e-01,4.982395470142364502e-01,1.336764812469482422e+00,7.830268740653991699e-01,7.653921246528625488e-01,-1.090849280357360840e+00,2.893559634685516357e-01,1.086160778999328613e+00,4.685591161251068115e-01,-2.002543210983276367e-02,8.031529188156127930e-01,1.064377665519714355e+00,1.585131049156188965e+00,8.037340641021728516e-01,2.772547602653503418e-01,-2.270604521036148071e-01,3.442279994487762451e-01,1.237952113151550293e+00
-8.298340439796447754e-01,4.329420030117034912e-01,-2.917443513870239258e-01,-2.477121651172637939e-01,-2.023625820875167847e-01,3.695494532585144043e-01,-1.176360368728637695e+00,4.235925674438476562e-01,-3.620592057704925537e-01,-2.742736339569091797e-01,-9.373440146446228027e-01,6.117650866508483887e-02,8.646889030933380127e-02,1.361477077007293701e-01,-3.456847667694091797e-01,3.967570662498474121e-01,6.004462838172912598e-01,-2.787919938564300537e-01,-1.036702096462249756e-01,1.007039070129394531e+00
-1.271838068962097168e+00,-1.191775441169738770e+00,-4.096867144107818604e-01,-1.062260627746582031e+00,-6.433091163635253906e-01,5.597501993179321289e-03,1.633515506982803345e-01,2.527383863925933838e-01,-6.776381731033325195e-01,-1.153251007199287415e-01,-3.923265635967254639e-01,2.339155673980712891e-01,-3.928073644638061523e-01,-1.185380741953849792e-01,-3.700980544090270996e-01,-2.955371737480163574e-01,1.098189949989318848e-01,-2.371204346418380737e-01,-6.951269507408142090e-01,-3.994587063789367676e-01
-2.235918760299682617e+00,-1.836820960044860840e+00,-1.974203467369079590e+00,-1.468808531761169434e+00,-2.776235103607177734e+00,-1.424713850021362305e+00,-1.343250989913940430e+00,-1.901283979415893555e+00,-1.930529832839965820e+00,-1.041154026985168457e+00,-1.049442648887634277e+00,-9.707120060920715332e-01,-1.212679982185363770e+00,-3.967259526252746582e-01,-1.943832755088806152e+00,-9.439029693603515625e-01,-1.445813059806823730e+00,-1.101265192031860352e+00,-1.801290631294250488e+00,-9.863595962524414062e-01
9.674500226974487305e-01,1.527816295623779297e+00,9.742715954780578613e-01,-2.050923067145049572e-04,1.007786154747009277e+00,-1.868780851364135742e-01,7.854946851730346680e-01,7.559046745300292969e-01,1.216460704803466797e+00,4.753859341144561768e-01,1.106410145759582520e+00,5.451785922050476074e-01,1.515467166900634766e+00,4.756569266319274902e-01,-3.253484368324279785e-01,6.049083471298217773e-01,1.085924386978149414e+00,-1.066703438758850098e+00,1.577403992414474487e-01,5.708512663841247559e-02
-1.352776139974594116e-01,6.094277501106262207e-01,1.317860484123229980e+00,1.061388015747070312e+00,1.839902400970458984e-01,6.869685053825378418e-01,1.590802192687988281e+00,4.196126163005828857e-01,8.981972932815551758e-02,8.721998333930969238e-01,3.076312839984893799e-01,2.971477508544921875e-01,5.951031446456909180e-01,5.638812184333801270e-01,1.818821430206298828e+00,2.095839262008666992e+00,6.133060157299041748e-02,-8.932632952928543091e-02,2.632617354393005371e-01,1.318171739578247070e+00
-6.322774291038513184e-01,-5.456157326698303223e-01,-2.903703689575195312e+00,-5.867558717727661133e-01,-6.885226964950561523e-01,-7.260348796844482422e-01,-1.703325748443603516e+00,-1.511197805404663086e+00,-2.890846729278564453e+00,-8.982616066932678223e-01,-3.603340685367584229e-01,-4.842462241649627686e-01,-5.953577756881713867e-01,1.339361071586608887e-01,-8.786138892173767090e-01,-1.473491787910461426e+00,-1.155713677406311035e+00,-1.380874395370483398e+00,-9.407052993774414062e-01,-1.456721305847167969e+00
3.057136535644531250e-01,2.164318859577178955e-01,1.379774928092956543e+00,-1.183408945798873901e-01,8.084604144096374512e-01,4.228124320507049561e-01,1.790238618850708008e+00,1.249982714653015137e+00,3.964229524135589600e-01,-1.202969700098037720e-01,7.561735808849334717e-02,7.464429140090942383e-01,1.087214708328247070e+00,1.009674787521362305e+00,1.064817547798156738e+00,1.602762222290039062e+00,6.495168805122375488e-01,5.431380271911621094e-01,3.030624091625213623e-01,5.359014272689819336e-01
1.123781561851501465e+00,4.911788702011108398e-01,1.084070682525634766e+00,9.479849338531494141e-01,4.960933625698089600e-01,-1.238989755511283875e-01,1.406512975692749023e+00,4.540345966815948486e-01,2.771126031875610352e-01,5.117663145065307617e-01,1.226137429475784302e-01,8.028187751770019531e-01,2.977770090103149414e+00,1.047923088073730469e+00,2.078608036041259766e+00,1.030908584594726562e+00,-1.704446822404861450e-01,-1.102065682411193848e+00,1.269577503204345703e+00,1.698777079582214355e-01
-1.026885151863098145e+00,3.849141299724578857e-01,-3.607472479343414307e-01,-1.311206221580505371e+00,-1.043079614639282227e+00,-7.738893628120422363e-01,-8.562147021293640137e-01,-5.151660442352294922e-01,3.068329021334648132e-02,-2.960020601749420166e-01,-9.449514746665954590e-01,4.736570641398429871e-02,-1.439447849988937378e-01,-6.013333201408386230e-01,-2.955521047115325928e-01,9.955570101737976074e-02,7.806791663169860840e-01,-1.915557980537414551e+00,-1.208309412002563477e+00,-4.789333045482635498e-01
6.193889379501342773e-01,9.867944717407226562e-01,2.104851007461547852e+00,4.232992604374885559e-02,-4.707176387310028076e-01,7.198532819747924805e-01,1.039158701896667480e+00,7.260851263999938965e-01,1.107964873313903809e+00,5.371962785720825195e-01,-1.294902116060256958e-01,4.550404250621795654e-01,8.021399378776550293e-01,-1.636384576559066772e-01,5.667591691017150879e-01,8.386763930320739746e-01,-1.161311984062194824e+00,2.178533554077148438e+00,6.665689945220947266e-01,1.176822304725646973e+00
-3.496181964874267578e-01,-5.935795307159423828e-01,-1.387450397014617920e-01,3.087531626224517822e-01,1.796470582485198975e-01,1.962180137634277344e-01,-2.160797715187072754e-01,2.813837826251983643e-01,4.269321858882904053e-01,-4.504360556602478027e-01,-4.606223106384277344e-01,-8.694040775299072266e-02,-4.102165102958679199e-01,3.972436487674713135e-01,1.040127038955688477e+00,-5.788744688034057617e-01,-4.611434638500213623e-01,-2.339912652969360352e-01,1.584917157888412476e-01,3.353179693222045898e-01
1.854147017002105713e-01,3.534172475337982178e-01,-5.307271480560302734e-01,-4.698711335659027100e-01,1.642234623432159424e-01,1.826312094926834106e-01,-1.400923822075128555e-02,1.487468838691711426e+00,1.176388144493103027e+00,2.992678284645080566e-01,-6.974660158157348633e-01,-2.001786381006240845e-01,-2.004558593034744263e-01,2.500174343585968018e-01,4.451464712619781494e-01,-7.038276195526123047e-01,-1.049568429589271545e-01,2.395383417606353760e-01,-2.182401567697525024e-01,9.238584041595458984e-01
-9.762809872627258301e-01,-9.062259197235107422e-01,1.990504115819931030e-01,-2.545762658119201660e-01,7.329270243644714355e-01,-4.103516042232513428e-01,-1.222525835037231445e-01,-4.052493274211883545e-01,-2.254576086997985840e-01,-1.703560501337051392e-01,-2.471578419208526611e-01,-7.562367320060729980e-01,2.483750104904174805e+00,-1.074057459831237793e+00,8.880429267883300781e-01,-2.014712095260620117e-01,2.708391845226287842e-01,-3.779118657112121582e-01,-6.549884676933288574e-01,2.968693971633911133e-01
-1.679304599761962891e+00,-1.125228643417358398e+00,-6.027790307998657227e-01,3.361120820045471191e-01,-1.503631830215454102e+00,-8.919360041618347168e-01,3.028742074966430664e-01,-1.285135984420776367e+00,1.193504631519317627e-01,-1.245103001594543457e+00,-1.761564135551452637e+00,-1.005883693695068359e+00,-8.344636559486389160e-01,-4.127087891101837158e-01,-1.749662637710571289e+00,-1.181664466857910156e+00,-6.800369024276733398e-01,-1.856858134269714355e-01,-5.584852099418640137e-01,-9.617434740066528320e-01
9.580259323120117188e-01,1.620062828063964844e+00,1.408769607543945312e+00,2.786266803741455078e-01,1.052953600883483887e+00,1.732833266258239746e+00,1.925987720489501953e+00,1.568723678588867188e+00,1.097913742065429688e+00,2.629962861537933350e-01,9.356886148452758789e-01,2.016463994979858398e+00,1.044234991073608398e+00,8.330319523811340332e-01,1.013688802719116211e+00,1.426034331321716309e+00,1.204368829727172852e+00,1.021597266197204590e+00,1.255322933197021484e+00,1.024418950080871582e+00
-2.991868734359741211e+00,-1.197169303894042969e+00,-1.566784024238586426e+00,-1.333139061927795410e+00,-2.001929998397827148e+00,-6.919689178466796875e-01,-1.835766077041625977e+00,-6.114985346794128418e-01,-5.535148382186889648e-01,-1.230257749557495117e+00,-1.418632715940475464e-01,-1.224068641662597656e+00,-1.808092236518859863e+00,-9.403281807899475098e-01,-9.614858031272888184e-02,-1.165932297706604004e+00,-2.198034286499023438e+00,-6.692554950714111328e-01,-1.488360881805419922e+00,-5.870737433433532715e-01
7.847631573677062988e-01,7.033384591341018677e-02,5.502898097038269043e-01,6.629678010940551758e-01,-7.793129980564117432e-02,4.998257458209991455e-01,9.536875486373901367e-01,2.446040064096450806e-01,8.149006962776184082e-01,6.116891503334045410e-01,-1.352476775646209717e-01,-2.850973010063171387e-01,4.065006077289581299e-01,4.766477644443511963e-01,5.189113616943359375e-01,5.309400558471679688e-01,3.023368120193481445e-01,1.442027837038040161e-01,7.209895849227905273e-01,8.643396496772766113e-01
1.175675153732299805e+00,-1.289490610361099243e-01,4.789761304855346680e-01,1.129488110542297363e+00,1.168394207954406738e+00,7.111293673515319824e-01,9.088313579559326172e-01,1.342968106269836426e+00,2.031504631042480469e+00,7.037096023559570312e-01,3.827344477176666260e-01,6.782878041267395020e-01,9.293129444122314453e-01,5.352857708930969238e-01,2.950826883316040039e+00,2.992885708808898926e-01,1.790037512779235840e+00,1.162434145808219910e-01,1.536215543746948242e+00,1.803199052810668945e+00
-3.922646343708038330e-01,-4.802827239036560059e-01,-4.692769348621368408e-01,-5.545534491539001465e-01,-2.938863337039947510e-01,-5.826907157897949219e-01,-2.607758343219757080e-01,-2.954204082489013672e-01,-1.663851668126881123e-03,-9.314959645271301270e-01,3.484198749065399170e-01,-2.504138350486755371e-01,-2.705284595489501953e+00,-5.250767469406127930e-01,2.369971424341201782e-01,-2.988248765468597412e-01,3.023290038108825684e-01,-1.534430086612701416e-01,-2.997039794921875000e+00,-2.557864645496010780e-03
-5.744211673736572266e-01,1.344689577817916870e-01,-4.762795865535736084e-01,-3.725301027297973633e-01,-2.790741324424743652e-01,-1.816099733114242554e-01,-6.433637142181396484e-01,-3.947880864143371582e-01,-1.629923284053802490e-01,-3.175760209560394287e-01,4.559444487094879150e-01,-1.157142400741577148e+00,-9.796088933944702148e-02,-9.431436657905578613e-01,-3.699119985103607178e-01,-3.810520470142364502e-01,-1.042731761932373047e+00,-1.964085251092910767e-01,-5.957019329071044922e-01,-3.670943975448608398e-01
2.641533911228179932e-01,-7.500411272048950195e-01,-1.144582152366638184e+00,-3.214102387428283691e-01,-4.342874884605407715e-02,-4.458572566509246826e-01,6.812110543251037598e-02,-3.478798568248748779e-01,-2.995935082435607910e-01,3.109571039676666260e-01,-2.300944328308105469e+00,-9.523524045944213867e-01,4.143985211849212646e-01,1.524242013692855835e-01,1.692603230476379395e+00,3.188081085681915283e-01,7.666052579879760742e-01,-7.215292453765869141e-01,-3.389050662517547607e-01,2.502607367932796478e-02
-1.215017318725585938e+00,-2.995296120643615723e-01,-3.505469858646392822e-01,3.056475520133972168e-01,-1.618314832448959351e-01,7.501014322042465210e-02,2.914015948772430420e-01,-2.409501969814300537e-01,3.776643872261047363e-01,-8.149762749671936035e-01,5.644950643181800842e-02,-1.337616682052612305e+00,-1.849316805601119995e-01,2.290039956569671631e-01,3.943549692630767822e-01,4.055593609809875488e-01,1.812633424997329712e-01,-2.428001165390014648e-01,-4.150094687938690186e-01,7.877171635627746582e-01
3.986916542053222656e-01,5.421374440193176270e-01,1.150897264480590820e+00,-1.258277744054794312e-01,-5.016853213310241699e-01,-2.881740331649780273e-01,9.135560393333435059e-01,-2.454684823751449585e-01,4.909470081329345703e-01,-8.817680180072784424e-03,3.228453397750854492e-01,-3.372044265270233154e-01,-4.721561670303344727e-01,-1.402489244937896729e-01,-9.041525125503540039e-01,-2.007710784673690796e-01,7.496684044599533081e-02,-7.192310690879821777e-01,1.756997406482696533e-01,-3.215368092060089111e-01
-1.269197702407836914e+00,-3.621350228786468506e-01,3.175644576549530029e-01,5.139486789703369141e-01,-3.747182488441467285e-01,-3.103128671646118164e-01,5.350697040557861328e-01,2.607607245445251465e-01,-1.263975203037261963e-01,3.122151643037796021e-02,-2.789758145809173584e-01,-1.524169892072677612e-01,6.880019903182983398e-01,-6.505445837974548340e-01,-1.395873129367828369e-01,-2.271237134933471680e+00,2.581583522260189056e-02,-4.378460347652435303e-01,1.490957289934158325e-01,2.369943410158157349e-01
-1.868923157453536987e-01,-9.457656741142272949e-02,-2.051440179347991943e-01,-9.016694128513336182e-02,2.162468135356903076e-01,9.996094703674316406e-01,-7.538740634918212891e-01,9.065001606941223145e-01,-2.040485888719558716e-01,-4.682964086532592773e-01,3.627845644950866699e-01,6.297129988670349121e-01,1.414140820503234863e+00,-4.355497360229492188e-01,4.232199788093566895e-01,-7.170969843864440918e-01,-1.472591143101453781e-02,-3.561366200447082520e-01,6.023670434951782227e-01,1.523043811321258545e-01
8.965928554534912109e-01,1.080998539924621582e+00,2.515938878059387207e-01,5.528205633163452148e-01,4.916495978832244873e-01,1.649262666702270508e+00,2.804003000259399414e+00,7.709776759147644043e-01,1.623915582895278931e-01,7.893625497817993164e-01,8.035100698471069336e-01,7.424451708793640137e-01,6.335278749465942383e-01,-8.070200681686401367e-02,-2.001771479845046997e-01,8.553822636604309082e-01,6.740449666976928711e-01,2.507750988006591797e-01,1.713608145713806152e+00,1.063941597938537598e+00
-9.898467063903808594e-01,-5.753921270370483398e-01,-6.132028698921203613e-01,-4.928337335586547852e-01,-1.354844719171524048e-01,-6.898898482322692871e-01,-1.164792656898498535e+00,4.018304049968719482e-01,-5.404178500175476074e-01,-8.389170765876770020e-01,3.555120900273323059e-02,-3.802688419818878174e-01,-5.268437862396240234e-01,-1.487020552158355713e-01,-2.998640239238739014e-01,4.774712324142456055e-01,-2.706374526023864746e-01,-5.742176771163940430e-01,-1.117443203926086426e+00,-4.239462018013000488e-01
-9.632437229156494141e-01,4.315160587430000305e-02,1.039812564849853516e-01,-2.190028131008148193e-01,2.780806124210357666e-01,1.658695191144943237e-02,-6.215335726737976074e-01,-2.798966467380523682e-01,-4.529439806938171387e-01,4.657644927501678467e-01,-2.471217155456542969e+00,1.647627949714660645e-01,-2.673436515033245087e-02,3.902505934238433838e-01,6.267538070678710938e-01,4.563653171062469482e-01,-8.754996657371520996e-01,2.026706933975219727e+00,2.955801784992218018e-01,-5.722756981849670410e-01
-7.800179719924926758e-01,-9.922662377357482910e-01,7.963251322507858276e-02,-1.128573343157768250e-02,-2.140002250671386719e-01,4.415656924247741699e-01,-5.234084725379943848e-01,1.677899807691574097e-01,1.083963736891746521e-01,-7.134916186332702637e-01,2.748102247714996338e-01,4.426395595073699951e-01,-1.124619245529174805e+00,-8.212397098541259766e-01,-2.600597381591796875e+00,-3.206676840782165527e-01,2.229331284761428833e-01,-2.732271254062652588e-01,6.823589652776718140e-02,1.867299675941467285e-01
-7.803732752799987793e-01,-9.258306026458740234e-01,-1.228364944458007812e+00,-1.790794491767883301e+00,-1.035710573196411133e+00,-4.913719892501831055e-01,-1.569404244422912598e+00,-1.423325061798095703e+00,-2.077909231185913086e+00,-1.397383809089660645e+00,-1.758200287818908691e+00,-8.723856210708618164e-01,-7.791132330894470215e-01,-1.125957965850830078e+00,-1.175486922264099121e+00,1.169260814785957336e-01,2.711760699748992920e-01,-9.403495192527770996e-01,-5.938573479652404785e-01,-4.941712915897369385e-01
-9.615505337715148926e-01,-5.359316468238830566e-01,5.065047740936279297e-02,2.732607424259185791e-01,-7.013365626335144043e-01,9.125174283981323242e-01,2.195522934198379517e-02,3.077883720397949219e-01,-3.085948228836059570e-01,-3.360715806484222412e-01,-3.715429902076721191e-01,9.627088904380798340e-02,-1.093787670135498047e+00,1.723764419555664062e+00,-7.022383809089660645e-01,-1.016046181321144104e-01,1.458946913480758667e-01,2.165304683148860931e-02,2.123138494789600372e-02,-3.704079389572143555e-01
-8.880491256713867188e-01,1.739633232355117798e-01,-9.621449708938598633e-01,-9.177642464637756348e-01,-1.023191928863525391e+00,-5.798808932304382324e-01,2.009345889091491699e-01,3.856132924556732178e-01,-5.523543357849121094e-01,-1.074732184410095215e+00,-1.117794752120971680e+00,-2.660469114780426025e-01,5.385221242904663086e-01,-5.436550378799438477e-01,1.013428568840026855e-01,-2.320253401994705200e-01,-4.930626749992370605e-01,5.464197397232055664e-01,4.354940652847290039e-01,-2.649590969085693359e-01
-4.215770661830902100e-01,6.667169928550720215e-02,-5.686821341514587402e-01,-3.082071840763092041e-01,-1.365553855895996094e+00,-1.176562666893005371e+00,1.806150436401367188e+00,-3.982428908348083496e-01,-4.600192010402679443e-01,-4.210285842418670654e-01,-4.357524812221527100e-01,-1.231769800186157227e+00,-1.091002345085144043e+00,-8.069413900375366211e-01,-3.560837805271148682e-01,2.266928404569625854e-01,-5.334532260894775391e-01,4.474894404411315918e-01,-1.107648491859436035e+00,-3.878826200962066650e-01
1.710596084594726562e-01,-1.357189774513244629e+00,-4.065585434436798096e-01,-1.218597292900085449e+00,-8.437780141830444336e-01,3.137353956699371338e-01,-1.162440657615661621e+00,-1.056616544723510742e+00,8.771879971027374268e-02,-3.112411797046661377e-01,1.130462959408760071e-01,-6.214873194694519043e-01,-1.377497464418411255e-01,-4.806186854839324951e-01,-3.845443427562713623e-01,-1.009577631950378418e+00,-4.078860580921173096e-01,9.600749611854553223e-02,4.688618779182434082e-01,-3.348380327224731445e-01
-1.404308825731277466e-01,-2.779083847999572754e-01,3.330182731151580811e-01,-2.662683129310607910e-01,-2.817549705505371094e-01,-8.217943459749221802e-02,-2.440029382705688477e-01,-5.043107271194458008e-01,2.429857105016708374e-01,-1.323192000389099121e+00,1.419706046581268311e-01,1.071712851524353027e+00,-6.879781484603881836e-01,2.417197227478027344e-01,3.555894196033477783e-01,-9.567942619323730469e-01,-4.404877424240112305e-01,-2.646080255508422852e-01,-4.067346155643463135e-01,-4.816846922039985657e-02
1.119871616363525391e+00,7.524281740188598633e-01,1.095402017235755920e-01,-9.586798548698425293e-01,-2.768848836421966553e-01,-6.133373379707336426e-01,8.775122165679931641e-01,-5.178854614496231079e-02,-3.413858115673065186e-01,7.421404719352722168e-01,-2.921172678470611572e-01,2.273333817720413208e-01,1.632570177316665649e-01,2.250774949789047241e-01,-8.581905364990234375e-01,-2.327878773212432861e-01,1.015318393707275391e+00,7.447446137666702271e-02,9.047493338584899902e-01,-7.825789451599121094e-01
-9.923190474510192871e-01,-9.241130948066711426e-01,2.356569468975067139e-01,-5.613435506820678711e-01,-2.367077589035034180e+00,-8.744958639144897461e-01,-4.797675907611846924e-01,-8.546428084373474121e-01,-1.170193180441856384e-01,-1.008026242256164551e+00,1.745355844497680664e+00,-5.656784176826477051e-01,-4.896440207958221436e-01,4.687675461173057556e-02,-1.552134513854980469e+00,-1.988833099603652954e-01,6.925808191299438477e-01,-1.089398860931396484e+00,-2.314748764038085938e+00,-7.190812230110168457e-01
5.664940476417541504e-01,9.792528748512268066e-01,4.570896625518798828e-01,8.087524771690368652e-01,1.264065384864807129e+00,1.712273120880126953e+00,4.781175553798675537e-01,-3.673560619354248047e-01,2.883976101875305176e-01,1.301979303359985352e+00,7.826546430587768555e-01,1.093900203704833984e+00,6.042048931121826172e-01,1.362774014472961426e+00,1.658744215965270996e+00,1.066009759902954102e+00,1.289648890495300293e+00,1.086053133010864258e+00,9.367883801460266113e-01,9.971672892570495605e-01
2.632602155208587646e-01,-2.529758401215076447e-02,-3.112582564353942871e-01,1.640917181968688965e+00,-3.845177292823791504e-01,-1.991023421287536621e-01,7.368818521499633789e-01,-3.955470025539398193e-01,5.039949417114257812e-01,-1.298297643661499023e-01,3.317234814167022705e-01,-1.019360497593879700e-01,-2.483394593000411987e-01,5.772292613983154297e-02,-9.353348612785339355e-01,-8.176807165145874023e-01,2.319562584161758423e-01,3.027622103691101074e-01,5.497813597321510315e-02,-1.475615501403808594e-01
-1.994413435459136963e-01,4.843437373638153076e-01,-9.019703865051269531e-01,9.488676190376281738e-01,7.488959431648254395e-01,1.535498201847076416e-01,4.224007725715637207e-01,7.654725909233093262e-01,-2.694768309593200684e-01,-1.936425715684890747e-01,9.539301395416259766e-01,-3.011863827705383301e-01,-4.928267896175384521e-01,-5.480234324932098389e-02,-8.203883767127990723e-01,-5.977604985237121582e-01,-1.764855623245239258e+00,3.076971173286437988e-01,-6.234742403030395508e-01,2.077116630971431732e-02
7.448706030845642090e-01,1.712650656700134277e+00,7.439506649971008301e-01,1.075471639633178711e+00,1.782070517539978027e+00,4.366068840026855469e-01,5.876245498657226562e-01,2.140548706054687500e+00,-4.086996614933013916e-02,8.564064502716064453e-01,7.162047028541564941e-01,1.777459979057312012e+00,1.254575848579406738e+00,1.814085841178894043e-01,1.083524584770202637e+00,9.197157621383666992e-01,-3.479832112789154053e-01,1.290287256240844727e+00,5.076665878295898438e-01,1.061500072479248047e+00
8.121662735939025879e-01,6.306242942810058594e-01,1.533927202224731445e+00,-6.456343531608581543e-01,3.977516591548919678e-01,-8.963969885371625423e-04,5.644432306289672852e-01,7.590597867965698242e-01,-6.217966079711914062e-01,7.202284932136535645e-01,4.820166230201721191e-01,5.330248475074768066e-01,1.119722723960876465e+00,5.360928773880004883e-01,6.889963746070861816e-01,3.012750148773193359e-01,1.022454142570495605e+00,3.752694129943847656e-01,9.134273529052734375e-01,2.371537923812866211e+00
7.110507488250732422e-01,5.347613096237182617e-01,3.921164572238922119e-01,1.248648524284362793e+00,1.581262350082397461e+00,7.892991304397583008e-01,6.052849888801574707e-01,1.346701622009277344e+00,6.910693645477294922e-01,2.202319622039794922e+00,1.307552456855773926e+00,1.211352348327636719e+00,1.451645135879516602e+00,2.455829083919525146e-01,4.958962276577949524e-02,4.901254773139953613e-01,8.797906637191772461e-01,2.288321733474731445e+00,9.356828927993774414e-01,-2.766364097595214844e+00
-1.645588159561157227e+00,5.305749773979187012e-01,-1.285114049911499023e+00,-3.646430075168609619e-01,-9.970251917839050293e-01,-9.878335595130920410e-01,-1.095668554306030273e+00,-1.184218883514404297e+00,-1.614409208297729492e+00,-5.033280849456787109e-01,-3.143740296363830566e-01,-1.943738579750061035e+00,-1.046884655952453613e+00,-9.112007617950439453e-01,-5.028905272483825684e-01,-1.091353297233581543e+00,-5.623895525932312012e-01,-4.597992300987243652e-01,-9.775349497795104980e-01,-2.865931689739227295e-01
-1.908802628517150879e+00,-1.235454678535461426e+00,4.508017003536224365e-01,-8.991494774818420410e-01,-2.052205801010131836e+00,-1.279435276985168457e+00,-2.456409692764282227e+00,-9.439332485198974609e-01,-1.832605838775634766e+00,-7.627457380294799805e-01,-1.720746994018554688e+00,-1.055102944374084473e+00,-5.865699648857116699e-01,-1.123270750045776367e+00,-1.444748759269714355e+00,-1.366540670394897461e+00,-2.420703411102294922e+00,-9.830915331840515137e-01,-2.141088962554931641e+00,-1.226194381713867188e+00
1.070394739508628845e-01,1.510051250457763672e+00,1.778870105743408203e+00,8.568217754364013672e-01,4.566746354103088379e-01,1.044330835342407227e+00,8.150149583816528320e-01,4.118276536464691162e-01,1.241706252098083496e+00,1.935210466384887695e+00,5.500963330268859863e-01,4.994541406631469727e-01,2.622756361961364746e-01,4.796407222747802734e-01,-2.474005222320556641e+00,3.879841268062591553e-01,3.727241754531860352e-01,2.604317069053649902e-01,9.727487564086914062e-01,2.892616987228393555e-01
1.035571813583374023e+00,1.000058650970458984e+00,7.051258087158203125e-01,5.476287603378295898e-01,5.708156824111938477e-01,4.427599534392356873e-02,1.406667709350585938e+00,1.138300657272338867e+00,1.671998143196105957e+00,-1.083383634686470032e-01,1.815505504608154297e+00,3.467767238616943359e-01,8.768115043640136719e-01,3.167032301425933838e-01,1.640081048011779785e+00,4.707516729831695557e-01,1.117264106869697571e-01,9.896292090415954590e-01,7.977924346923828125e-01,6.013881564140319824e-01
8.027352690696716309e-01,5.513093471527099609e-01,-6.245402693748474121e-01,1.030218601226806641e+00,9.718546867370605469e-01,4.035035073757171631e-01,-7.501851916313171387e-01,6.742177903652191162e-02,4.661200940608978271e-01,2.843085229396820068e-01,8.143021464347839355e-01,9.192674160003662109e-01,5.942007899284362793e-01,1.113241314888000488e+00,-3.278286755084991455e-01,8.556172251701354980e-01,3.745589554309844971e-01,3.441937863826751709e-01,9.619247317314147949e-01,9.680736064910888672e-01
4.253863096237182617e-01,5.732248425483703613e-01,1.258668601512908936e-01,5.038924813270568848e-01,-6.609495282173156738e-01,5.803897976875305176e-03,9.605718851089477539e-01,3.108618557453155518e-01,5.397455692291259766e-01,8.905323147773742676e-01,1.786696076393127441e+00,-3.310280740261077881e-01,2.457773089408874512e-01,3.364958763122558594e-01,4.039224088191986084e-01,2.529138000681996346e-03,7.367208600044250488e-02,5.412401556968688965e-01,-3.804337978363037109e-01,3.406721055507659912e-01
-1.218280643224716187e-01,-5.769521594047546387e-01,-2.944915890693664551e-01,-2.901529967784881592e-01,-1.611094951629638672e+00,2.732656523585319519e-02,1.397664070129394531e+00,-6.025447845458984375e-01,-8.266249299049377441e-01,-3.726267218589782715e-01,-1.085818648338317871e+00,6.007838249206542969e-01,2.106873512268066406e+00,-2.102850377559661865e-01,-1.525672078132629395e-01,8.512561768293380737e-02,-5.441723465919494629e-01,-1.130680561065673828e+00,1.582497954368591309e-01,7.637572125531733036e-04
-1.010570526123046875e+00,-1.526758909225463867e+00,-1.503941059112548828e+00,-2.951984405517578125e+00,-6.512693166732788086e-01,-5.654975771903991699e-01,-4.800805151462554932e-01,-2.302308827638626099e-01,-8.204738795757293701e-02,-1.687644124031066895e+00,-8.405538797378540039e-01,-6.907744407653808594e-01,-4.142667353153228760e-01,-2.281607866287231445e+00,-9.521035552024841309e-01,-1.162111520767211914e+00,-5.067108869552612305e-01,-2.807497382164001465e-01,-9.203333258628845215e-01,-3.945541381835937500e-01
4.657539129257202148e-01,1.040709495544433594e+00,7.675883769989013672e-01,5.591141581535339355e-01,8.139498233795166016e-01,-1.123825311660766602e-01,1.113344192504882812e+00,9.150491952896118164e-01,7.678545117378234863e-01,5.658839941024780273e-01,1.892276406288146973e+00,-4.072018340229988098e-02,5.950379967689514160e-01,5.996037721633911133e-01,1.133471369743347168e+00,3.262344598770141602e-01,1.710259199142456055e+00,1.156875252723693848e+00,1.129696130752563477e+00,4.319318532943725586e-01
7.999226450920104980e-01,2.834968268871307373e-01,5.623655319213867188e-01,4.720975160598754883e-01,1.010772466659545898e+00,2.617670297622680664e-01,2.473473995923995972e-01,4.387754499912261963e-01,1.917787641286849976e-01,-1.875574290752410889e-01,8.710477948188781738e-01,1.034964203834533691e+00,1.047254443168640137e+00,4.049319922924041748e-01,4.564704596996307373e-01,-3.061399161815643311e-01,2.185850143432617188e-01,-2.623639814555644989e-02,3.546130359172821045e-01,9.341082572937011719e-01
1.083010911941528320e+00,4.644314348697662354e-01,-2.276484370231628418e-01,-3.154737651348114014e-01,-4.017874598503112793e-01,8.449577689170837402e-01,-7.824446260929107666e-02,1.573290377855300903e-01,1.003251433372497559e+00,-2.356577962636947632e-01,3.767652213573455811e-01,8.853304199874401093e-03,-5.151999369263648987e-02,-2.557978928089141846e-01,-4.894971847534179688e-01,6.012872457504272461e-01,-8.073419332504272461e-01,4.947848916053771973e-01,-1.026836872100830078e+00,2.317436039447784424e-01
8.973364233970642090e-01,4.800468087196350098e-01,2.874289751052856445e-01,6.908343434333801270e-01,-2.320151925086975098e-01,-2.677322328090667725e-01,3.254354894161224365e-01,3.394888043403625488e-01,6.800237298011779785e-01,-1.338155567646026611e-01,1.055705070495605469e+00,3.015627861022949219e-01,-1.679407507181167603e-01,1.029549002647399902e+00,5.396482944488525391e-01,9.359307289123535156e-01,1.475162357091903687e-01,5.439046025276184082e-01,1.424600243568420410e+00,3.080697953701019287e-01
1.600398123264312744e-01,1.184898763895034790e-01,1.463044434785842896e-01,-2.057290971279144287e-01,3.971102833747863770e-01,9.560043215751647949e-01,-2.433078438043594360e-01,3.264653086662292480e-01,1.688533902168273926e+00,8.069146275520324707e-01,-2.687125653028488159e-02,-1.435304582118988037e-01,-2.810738384723663330e-01,-5.606827735900878906e-01,-2.130656391382217407e-01,5.630698204040527344e-01,9.221293926239013672e-01,4.967828392982482910e-01,8.532626628875732422e-01,2.550449073314666748e-01
3.843026757240295410e-01,-2.964806258678436279e-01,-9.291044473648071289e-01,-1.926540583372116089e-01,-3.760674595832824707e-01,2.634741663932800293e-01,9.238705039024353027e-02,4.181950390338897705e-01,1.063692092895507812e+00,-7.335014343261718750e-01,-1.966553628444671631e-01,-2.362758666276931763e-01,3.533525168895721436e-01,-3.205001354217529297e-01,-1.330032348632812500e-01,4.030835628509521484e-01,9.368182420730590820e-01,3.474549651145935059e-01,-1.148539423942565918e+00,1.953413933515548706e-01
-2.493381649255752563e-01,3.488953411579132080e-01,-2.656018435955047607e-01,-3.488807380199432373e-01,-3.407658338546752930e-01,-3.702414035797119141e-01,-2.887074351310729980e-01,-3.984316885471343994e-01,3.222916722297668457e-01,-6.623905897140502930e-01,2.837145030498504639e-01,-3.637415170669555664e-01,-3.858579993247985840e-01,-3.668770790100097656e-01,1.244500756263732910e+00,5.519280433654785156e-01,-2.243144065141677856e-01,-8.804151415824890137e-01,3.890468478202819824e-01,5.747992992401123047e-01
-1.066225171089172363e+00,-8.258786797523498535e-01,2.411817759275436401e-01,3.631038069725036621e-01,-1.003537535667419434e+00,-1.269909381866455078e+00,-4.491061866283416748e-01,-5.369974374771118164e-01,1.000531017780303955e-01,-9.213409423828125000e-01,-1.274263143539428711e+00,-1.194178938865661621e+00,-1.154237031936645508e+00,-2.737245261669158936e-01,-1.135272622108459473e+00,-6.613197326660156250e-01,-8.663269281387329102e-01,-6.380369663238525391e-01,-4.537906944751739502e-01,-1.513550519943237305e+00
1.678485274314880371e+00,3.770032227039337158e-01,1.409718394279479980e+00,-4.658364951610565186e-01,9.096290469169616699e-01,8.932160139083862305e-01,4.463326036930084229e-01,9.061143398284912109e-01,4.798998534679412842e-01,-8.573505282402038574e-01,5.253303647041320801e-01,8.070409297943115234e-01,2.074884027242660522e-01,-2.641063928604125977e-01,-1.088016778230667114e-01,-1.591366231441497803e-01,3.908157348632812500e-01,8.726302385330200195e-01,4.539713263511657715e-01,9.300975799560546875e-01
-2.599652707576751709e-01,-1.073297739028930664e+00,-1.669077634811401367e+00,-1.327391147613525391e+00,-9.281783699989318848e-01,-1.125999808311462402e+00,-1.277549505233764648e+00,-1.640578269958496094e+00,-1.193280458450317383e+00,-1.706088066101074219e+00,-1.656796574592590332e+00,-1.361120343208312988e+00,-1.787619948387145996e+00,-1.423212647438049316e+00,-3.219034373760223389e-01,-7.512065768241882324e-01,-1.000398516654968262e+00,-1.644748091697692871e+00,-1.704861402511596680e+00,-9.458109736442565918e-01
-1.099776104092597961e-01,4.404312372207641602e-01,-8.086312413215637207e-01,5.012350156903266907e-02,4.488111138343811035e-01,9.220562577247619629e-01,1.077702999114990234e+00,-1.719359010457992554e-01,-1.310918480157852173e-01,8.450084924697875977e-01,3.309409022331237793e-01,1.662932336330413818e-01,2.530372738838195801e-01,2.966098785400390625e-01,6.130401492118835449e-01,6.812968254089355469e-01,9.957218766212463379e-01,-1.685648113489151001e-01,-1.562886089086532593e-01,1.433415293693542480e+00
-1.652326285839080811e-01,-1.116509363055229187e-01,-9.706437587738037109e-01,-2.047344297170639038e-01,-1.505144834518432617e+00,2.927950918674468994e-01,6.117407083511352539e-01,-2.301308810710906982e-01,1.608823090791702271e-01,-7.301381230354309082e-01,-1.043813467025756836e+00,2.361313849687576294e-01,2.529566287994384766e-01,-3.831590116024017334e-01,4.752388894557952881e-01,-8.310344219207763672e-01,1.622049659490585327e-01,3.665841519832611084e-01,3.083978593349456787e-01,5.670154094696044922e-01
5.725502371788024902e-01,6.928660869598388672e-01,1.596375942230224609e+00,2.829985320568084717e-02,6.722758412361145020e-01,4.456189274787902832e-01,6.996226906776428223e-01,1.308915376663208008e+00,5.253288745880126953e-01,7.757523655891418457e-01,1.033148884773254395e+00,6.588182449340820312e-01,1.273990869522094727e+00,5.411080121994018555e-01,4.341117739677429199e-01,-1.471747159957885742e+00,1.102512598037719727e+00,-2.089375853538513184e-01,6.524111032485961914e-01,2.676930129528045654e-01
1.447401881217956543e+00,-9.953367710113525391e-01,-5.518398880958557129e-01,-7.286574691534042358e-02,-1.164419054985046387e+00,2.072714567184448242e-01,-5.265657305717468262e-01,-6.616550087928771973e-01,1.354516893625259399e-01,-2.407131344079971313e-01,1.136102825403213501e-01,-5.777715444564819336e-01,-7.632864117622375488e-01,-7.712855339050292969e-01,-1.020293474197387695e+00,-2.406050711870193481e-01,-1.748163461685180664e+00,-5.865731239318847656e-01,-1.146707296371459961e+00,-9.149175286293029785e-01
2.031491994857788086e+00,6.929919123649597168e-01,1.978754997253417969e+00,1.012261033058166504e+00,1.577549099922180176e+00,1.425581455230712891e+00,1.406370520591735840e+00,9.297855496406555176e-01,1.960110902786254883e+00,1.882672071456909180e+00,2.515747785568237305e+00,2.286103487014770508e+00,7.376369237899780273e-01,9.828121066093444824e-01,2.286168575286865234e+00,1.163197040557861328e+00,7.152923345565795898e-01,1.135872244834899902e+00,2.138251066207885742e+00,1.729440093040466309e+00
1.393070220947265625e+00,5.564486980438232422e-01,8.173636794090270996e-01,1.314057946205139160e+00,1.576286911964416504e+00,-8.614298701286315918e-02,7.791047692298889160e-01,1.207869648933410645e+00,9.413141608238220215e-01,4.789274930953979492e-01,5.346177816390991211e-01,4.721720516681671143e-01,1.059300899505615234e+00,2.479733526706695557e-01,7.803959250450134277e-01,1.420114636421203613e+00,1.572710633277893066e+00,5.391063690185546875e-01,1.163991332054138184e+00,1.165041685104370117e+00
-5.734803676605224609e-01,-1.319439888000488281e+00,2.693053781986236572e-01,-5.518010258674621582e-01,-9.485142827033996582e-01,-1.059284806251525879e+00,-5.746731758117675781e-01,-1.761409759521484375e+00,-5.744706988334655762e-01,-4.804109632968902588e-01,-5.499278306961059570e-01,-1.253401279449462891e+00,-1.049673557281494141e+00,1.493538022041320801e-01,-8.062092065811157227e-01,-5.071986317634582520e-01,-4.848401844501495361e-01,-1.141954898834228516e+00,-9.618107676506042480e-01,-2.259809970855712891e-01
-5.763774737715721130e-02,3.837162554264068604e-01,-1.967570543289184570e+00,3.073671758174896240e-01,3.846280276775360107e-01,-2.680065631866455078e-01,-3.108484148979187012e-01,2.818509638309478760e-01,7.974391579627990723e-01,-1.853478252887725830e-01,-3.779062032699584961e-01,-7.041134238243103027e-01,-8.254665136337280273e-02,2.270484901964664459e-02,-1.079606264829635620e-02,5.167049169540405273e-01,2.855408787727355957e-01,-3.251251578330993652e-01,-9.014438986778259277e-01,-3.826844990253448486e-01
-3.160284459590911865e-01,-2.622251510620117188e-01,-1.138534069061279297e+00,-6.678100675344467163e-02,-8.327639102935791016e-01,-4.178909063339233398e-01,-9.298350811004638672e-01,-5.875900387763977051e-01,-1.247976720333099365e-01,-1.096136569976806641e+00,-4.701181650161743164e-01,-1.009733200073242188e+00,-2.140939235687255859e+00,-6.175860762596130371e-01,7.639946341514587402e-01,-2.264320999383926392e-01,1.682192534208297729e-01,2.927557528018951416e-01,-7.398745417594909668e-01,-4.554094672203063965e-01
5.904388427734375000e-01,1.638124734163284302e-01,-2.584507763385772705e-01,-2.399720251560211182e-01,2.150293141603469849e-01,1.082562804222106934e-01,-2.890506386756896973e-01,3.137550354003906250e-01,-3.123749792575836182e-01,5.000696182250976562e-01,2.963562011718750000e-01,-2.023258954286575317e-01,-8.036651611328125000e-01,-3.859473168849945068e-01,2.960638701915740967e-01,-1.367134749889373779e-01,-2.420710772275924683e-01,-5.807561874389648438e-01,2.381755262613296509e-01,-4.414823651313781738e-01
5.440697818994522095e-02,1.344162344932556152e+00,1.739613115787506104e-01,1.289438486099243164e+00,5.259931683540344238e-01,1.034209012985229492e+00,5.612648129463195801e-01,3.746629059314727783e-01,7.695363759994506836e-01,6.606248021125793457e-01,1.078861355781555176e+00,1.120691061019897461e+00,7.461092472076416016e-01,3.500677943229675293e-01,1.230373457074165344e-01,9.250216484069824219e-01,1.567106604576110840e+00,-4.075056016445159912e-01,1.043980121612548828e+00,1.025760889053344727e+00
1.745292186737060547e+00,2.982654571533203125e-01,1.401274800300598145e+00,2.589521706104278564e-01,2.238102912902832031e+00,1.487142801284790039e+00,9.567002058029174805e-01,5.762998461723327637e-01,1.043349146842956543e+00,4.481234252452850342e-01,1.178346514701843262e+00,6.001527309417724609e-01,1.850973725318908691e+00,5.628723502159118652e-01,2.220484018325805664e+00,3.995686471462249756e-01,8.560003638267517090e-01,6.457613408565521240e-02,-1.681381277740001678e-02,1.090689897537231445e+00
1.267929553985595703e+00,1.223297476768493652e+00,1.274723768234252930e+00,7.861730456352233887e-01,8.890909552574157715e-01,1.826792359352111816e+00,1.385714054107666016e+00,1.097138643264770508e+00,9.153366088867187500e-01,7.113564014434814453e-01,5.373886823654174805e-01,7.517648339271545410e-01,1.892657160758972168e+00,1.078691124916076660e+00,1.279451251029968262e+00,1.697194099426269531e+00,1.045981526374816895e+00,1.099898338317871094e+00,1.812841415405273438e+00,1.492027163505554199e+00
5.441496968269348145e-01,5.313736796379089355e-01,1.411168575286865234e-01,4.071316868066787720e-02,-2.537073567509651184e-02,1.741518378257751465e+00,1.870822012424468994e-01,2.710910439491271973e-01,7.001212835311889648e-01,-1.644913077354431152e+00,-2.036066651344299316e-01,-1.034577369689941406e+00,8.334177732467651367e-01,-3.420847952365875244e-01,8.906725049018859863e-01,7.412979006767272949e-01,3.706006705760955811e-01,9.456757903099060059e-01,2.481743097305297852e-01,1.024120926856994629e+00
-8.827043771743774414e-01,-3.652075231075286865e-01,-4.016019999980926514e-01,-1.070051074028015137e+00,-3.322630822658538818e-01,-9.343438744544982910e-01,-1.134350895881652832e+00,-2.674061655998229980e-01,-1.736039519309997559e+00,-3.812777996063232422e-01,7.084783315658569336e-01,-4.658689498901367188e-01,-8.195321559906005859e-01,-2.903494238853454590e-01,-1.102008223533630371e+00,-4.496908783912658691e-01,-2.482368797063827515e-01,-1.051061749458312988e+00,-4.688267409801483154e-01,-4.127886295318603516e-01
-5.709248185157775879e-01,-1.230113655328750610e-01,-5.214081332087516785e-02,-1.129960656166076660e+00,-9.929001927375793457e-01,-1.247561216354370117e+00,-8.762942552566528320e-01,-1.378364562988281250e+00,-8.836776614189147949e-01,-2.331860512495040894e-01,-1.800894379615783691e+00,-1.017263054847717285e+00,-7.874530553817749023e-01,4.943840950727462769e-02,-2.458496242761611938e-01,2.558127343654632568e-01,-1.012197971343994141e+00,2.195119857788085938e-01,-3.451448678970336914e-01,-9.697600603103637695e-01
-2.398742198944091797e+00,-1.542200088500976562e+00,-1.087237834930419922e+00,-2.035586118698120117e+00,-5.334971547126770020e-01,-9.855602979660034180e-01,-1.598670363426208496e+00,-1.061191082000732422e+00,-1.260080933570861816e+00,-1.410474777221679688e+00,-2.372147083282470703e+00,-1.736848354339599609e+00,-1.347391009330749512e+00,-1.652898550033569336e+00,-1.002027988433837891e+00,-1.059960961341857910e+00,-1.032702445983886719e+00,-8.409926891326904297e-01,-1.205948948860168457e+00,-5.642659664154052734e-01
1.418345868587493896e-01,6.252094507217407227e-01,9.472570419311523438e-01,2.848216593265533447e-01,8.248885273933410645e-01,1.016553163528442383e+00,1.193643331527709961e+00,5.933248996734619141e-01,1.930492371320724487e-01,1.066383242607116699e+00,8.601921200752258301e-01,4.017570316791534424e-01,5.797252655029296875e-01,1.441710591316223145e+00,1.169872522354125977e+00,-1.098640203475952148e+00,2.462340146303176880e-01,1.304725289344787598e+00,1.714551687240600586e+00,7.864649295806884766e-01
-1.364452600479125977e+00,-1.023816347122192383e+00,-2.896988153457641602e+00,-1.020426154136657715e+00,2.374252825975418091e-01,-4.355328977108001709e-01,-1.404776811599731445e+00,-2.776948511600494385e-01,-7.965814471244812012e-01,-4.065661430358886719e-01,-1.214798808097839355e+00,-2.640773952007293701e-01,-8.398088216781616211e-01,-4.196690320968627930e-01,-2.356068134307861328e+00,-1.440463185310363770e+00,-1.092023611068725586e+00,-3.275376558303833008e-01,-1.474107623100280762e+00,-2.086995095014572144e-01
2.033736228942871094e+00,3.891929388046264648e-01,2.106365680694580078e+00,1.738126754760742188e+00,1.057617545127868652e+00,1.578812122344970703e+00,1.566868782043457031e+00,1.773069143295288086e+00,1.948429107666015625e+00,1.233831763267517090e+00,9.447532892227172852e-01,1.801800251007080078e+00,2.029831647872924805e+00,1.116239786148071289e+00,1.389114618301391602e+00,1.996427893638610840e+00,1.281517148017883301e+00,1.546202063560485840e+00,1.310313463211059570e+00,1.932289838790893555e+00
2.014133453369140625e+00,2.180718898773193359e+00,1.713155865669250488e+00,1.036048054695129395e+00,2.103139877319335938e+00,1.298119902610778809e+00,1.006924152374267578e+00,2.190368413925170898e+00,1.758306503295898438e+00,1.071456432342529297e+00,2.804220676422119141e+00,1.874787569046020508e+00,1.472627878189086914e+00,1.221244454383850098e+00,2.121047973632812500e+00,1.312746286392211914e+00,1.694621086120605469e+00,1.639403700828552246e+00,2.378638744354248047e+00,1.751268029212951660e+00
-1.185554623603820801e+00,8.277761191129684448e-02,-5.153855308890342712e-02,-3.670149147510528564e-01,-7.135989665985107422e-01,4.786482825875282288e-02,-1.641297459602355957e+00,-1.473962664604187012e+00,-6.676312088966369629e-01,-1.078402400016784668e+00,-6.668259501457214355e-01,-1.729103684425354004e+00,-1.236505389213562012e+00,-9.463934600353240967e-02,-5.836812257766723633e-01,-1.730633080005645752e-01,-6.194589138031005859e-01,-7.523425817489624023e-01,-3.431135714054107666e-01,-6.940099596977233887e-01
9.760408997535705566e-01,1.179079338908195496e-01,-1.557710617780685425e-01,-3.285912573337554932e-01,1.411559224128723145e+00,-3.614095449447631836e-01,1.714233994483947754e+00,3.804048597812652588e-01,1.540759503841400146e-01,5.441162586212158203e-01,-1.841475814580917358e-01,1.368682831525802612e-01,4.852271676063537598e-01,1.713331639766693115e-01,5.102226138114929199e-01,5.005083084106445312e-01,-1.935340315103530884e-01,4.016469717025756836e-01,5.312995910644531250e-01,-2.090050220489501953e+00
8.707339763641357422e-01,8.946080803871154785e-01,-3.368597626686096191e-01,3.343190252780914307e-01,7.567645907402038574e-01,1.115925788879394531e+00,6.231444478034973145e-01,5.598985552787780762e-01,9.762698411941528320e-01,3.930398225784301758e-01,4.527849256992340088e-01,6.799032092094421387e-01,3.160895109176635742e-01,6.904512643814086914e-01,7.543809413909912109e-01,-3.020307421684265137e-01,1.089797616004943848e+00,5.371851474046707153e-02,2.000764310359954834e-01,-2.730902731418609619e-01
1.219323039054870605e+00,2.645933628082275391e-01,-1.430389732122421265e-01,-2.132167294621467590e-02,-6.565485596656799316e-01,2.845531702041625977e-01,2.393251955509185791e-01,1.966550648212432861e-01,3.901813030242919922e-01,-1.070050746202468872e-01,1.021713852882385254e+00,4.334247112274169922e-01,3.998062312602996826e-01,4.648993313312530518e-01,1.210115671157836914e+00,-1.284523367881774902e+00,-1.420887261629104614e-01,-1.400771141052246094e-01,1.143940389156341553e-01,2.524310946464538574e-01
-9.636023044586181641e-01,-2.192253619432449341e-01,-4.418297708034515381e-01,-1.348034739494323730e+00,6.029978394508361816e-01,-1.027698367834091187e-01,-1.766822934150695801e+00,-1.920365691184997559e-01,2.717032432556152344e-01,-8.420818448066711426e-01,2.523257434368133545e-01,1.407690048217773438e-01,-1.359003543853759766e+00,2.687763273715972900e-01,2.020477205514907837e-01,3.831863105297088623e-01,4.268060624599456787e-01,-1.209606230258941650e-01,-2.143967002630233765e-01,-6.622484326362609863e-01
-1.521921064704656601e-02,-4.619050323963165283e-01,-2.384946942329406738e-01,4.066544473171234131e-01,4.271573424339294434e-01,-3.140173852443695068e-01,-5.233259797096252441e-01,3.268314599990844727e-01,-4.654703140258789062e-01,-5.493177175521850586e-01,1.476144194602966309e-01,-1.262868642807006836e+00,5.866367742419242859e-02,-5.876560807228088379e-01,-2.634400427341461182e-01,-1.920413613319396973e+00,-5.291854143142700195e-01,-2.879524946212768555e+00,-4.493707716464996338e-01,-1.566347718238830566e+00
-7.790759801864624023e-01,-1.237478613853454590e+00,1.453908979892730713e-01,-1.227375268936157227e+00,-3.860289156436920166e-01,-1.187769174575805664e+00,-4.904499351978302002e-01,-5.083299875259399414e-01,-4.423934519290924072e-01,-9.203820824623107910e-01,-1.139398574829101562e+00,1.701732724905014038e-01,-5.254198312759399414e-01,-4.905993938446044922e-01,-9.974281787872314453e-01,-2.658325433731079102e+00,-1.639607906341552734e+00,-1.116714477539062500e+00,-1.578669309616088867e+00,-3.925807476043701172e-01
-2.724483013153076172e+00,-6.324375271797180176e-01,-1.142835497856140137e+00,-7.094360589981079102e-01,-3.914604187011718750e-01,-5.272927284240722656e-01,-8.052654266357421875e-01,-1.161154389381408691e+00,-5.600100755691528320e-01,-9.107170104980468750e-01,-1.153161287307739258e+00,-6.377282142639160156e-01,-1.728392958641052246e+00,-1.106046199798583984e+00,-1.254987955093383789e+00,3.578078746795654297e-01,-1.305544018745422363e+00,-4.075290858745574951e-01,-1.306650400161743164e+00,-5.477219820022583008e-01
9.427087903022766113e-01,4.187026023864746094e-01,2.320065200328826904e-01,2.079651206731796265e-01,1.040484458208084106e-01,3.050079047679901123e-01,1.004478573799133301e+00,2.894684076309204102e-01,-2.085196524858474731e-01,-9.735319018363952637e-02,3.541184663772583008e-01,3.638854920864105225e-01,-1.281676292419433594e+00,-3.452612757682800293e-01,-1.340522766113281250e-01,3.567847907543182373e-01,-1.059556722640991211e+00,-1.247926056385040283e-01,2.981560230255126953e-01,5.190489292144775391e-01
-3.598949611186981201e-01,1.688116602599620819e-02,-3.443803191184997559e-01,-2.170487493276596069e-01,-1.783621609210968018e-01,-6.891714930534362793e-01,-3.606559932231903076e-01,-7.892182469367980957e-01,-2.913049936294555664e+00,-1.037315368652343750e+00,-3.350753486156463623e-01,-4.119155108928680420e-01,-8.097338080406188965e-01,-9.323543906211853027e-01,2.521725594997406006e-01,-1.880005300045013428e-01,-1.304759621620178223e+00,9.229186177253723145e-01,1.049705266952514648e+00,-4.785886108875274658e-01
-7.069144845008850098e-01,-6.370883584022521973e-01,-1.524606585502624512e+00,-2.421901702880859375e+00,-9.884954690933227539e-01,-1.068578481674194336e+00,-2.411117702722549438e-01,-1.351493716239929199e+00,-1.037048816680908203e+00,-5.627989768981933594e-01,-4.016990363597869873e-01,-7.712377905845642090e-01,-2.732922554016113281e+00,-1.005563616752624512e+00,-6.876012086868286133e-01,-1.850378870964050293e+00,-1.512869834899902344e+00,-1.763334512710571289e+00,-1.825533866882324219e+00,-2.066419601440429688e+00
7.292702198028564453e-01,3.337275981903076172e-01,1.784465789794921875e+00,5.306078195571899414e-01,-1.469470739364624023e+00,8.084258437156677246e-01,6.861963868141174316e-01,7.316985130310058594e-01,9.815683960914611816e-01,9.487914443016052246e-01,7.625049352645874023e-01,7.860871553421020508e-01,2.436202764511108398e+00,2.352955102920532227e+00,9.699907302856445312e-01,1.021161437034606934e+00,1.789383530616760254e+00,9.300559759140014648e-01,1.799874663352966309e+00,2.189297437667846680e+00
2.515076994895935059e-01,-3.935094773769378662e-01,-2.599327802658081055e+00,-1.870400309562683105e+00,-2.709552645683288574e-01,1.448258012533187866e-01,-3.758947849273681641e-01,-4.239168465137481689e-01,2.267281413078308105e-01,-9.578738808631896973e-01,-4.885387718677520752e-01,-8.765429854393005371e-01,-1.462797284126281738e+00,-5.203354954719543457e-01,-4.012127220630645752e-01,1.546675711870193481e-01,-1.014440059661865234e+00,-1.384922623634338379e+00,-1.379228234291076660e+00,-5.032317042350769043e-01
3.845278024673461914e-01,9.480834603309631348e-01,6.161291003227233887e-01,6.212390661239624023e-01,4.140182137489318848e-01,3.770824968814849854e-01,5.408322811126708984e-01,3.518442213535308838e-01,1.075098589062690735e-01,1.302632987499237061e-01,5.269625186920166016e-01,1.295571565628051758e+00,4.351507127285003662e-01,9.788097739219665527e-01,1.270313501358032227e+00,6.297500133514404297e-01,1.053867340087890625e+00,-8.952844887971878052e-02,1.061602711677551270e+00,1.466603428125381470e-01
8.750370144844055176e-01,2.250332385301589966e-01,-2.848207473754882812e+00,-2.626573145389556885e-01,-2.570611052215099335e-02,-3.593979179859161377e-01,5.342016220092773438e-01,1.145866885781288147e-01,-3.668709993362426758e-01,-8.132180571556091309e-02,2.797258198261260986e-01,8.970831334590911865e-02,6.528708934783935547e-01,8.235270380973815918e-01,3.863986432552337646e-01,5.085248947143554688e-01,-4.920380935072898865e-02,-7.542684078216552734e-01,-1.018461585044860840e+00,2.500991225242614746e-01
-1.451410055160522461e+00,-1.381231307983398438e+00,-1.907139778137207031e+00,-2.604050159454345703e+00,-9.686197042465209961e-01,-2.827132463455200195e+00,-1.755100369453430176e+00,-2.363686822354793549e-02,-9.446679353713989258e-01,-9.963335394859313965e-01,-1.898927927017211914e+00,-1.563017249107360840e+00,-1.687810897827148438e+00,-1.700286149978637695e+00,-1.833765625953674316e+00,-1.830502510070800781e+00,-1.565567135810852051e+00,-1.248374342918395996e+00,-1.136173844337463379e+00,-1.832709670066833496e+00
4.721902608871459961e-01,7.970382571220397949e-01,8.832241296768188477e-01,1.158645153045654297e+00,1.176365852355957031e+00,1.367406845092773438e+00,1.477857351303100586e+00,6.221604943275451660e-01,2.775669574737548828e+00,8.879389762878417969e-01,2.258997917175292969e+00,-2.361110448837280273e+00,7.979735732078552246e-01,1.395205497741699219e+00,1.515472292900085449e+00,9.544978737831115723e-01,1.437903046607971191e+00,1.012852072715759277e+00,1.317170619964599609e+00,5.702085494995117188e-01
6.748440265655517578e-01,1.598730564117431641e+00,1.191896557807922363e+00,-4.455623030662536621e-02,-1.643171757459640503e-01,5.042226314544677734e-01,-3.962976634502410889e-01,2.263040393590927124e-01,4.578518867492675781e-01,5.100212246179580688e-02,-3.589599430561065674e-01,-6.434621810913085938e-01,1.839248090982437134e-01,4.917197823524475098e-01,1.149223372340202332e-01,8.115389943122863770e-01,-7.677241414785385132e-02,5.602747946977615356e-02,3.920085430145263672e-01,9.066086262464523315e-02
8.126835227012634277e-01,1.249934895895421505e-03,7.833797335624694824e-01,1.194686770439147949e+00,-5.747988820075988770e-01,9.232547283172607422e-01,9.373700618743896484e-01,5.790876746177673340e-01,8.700480461120605469e-01,-1.865986138582229614e-01,1.130557179450988770e+00,-2.382580488920211792e-01,8.541284799575805664e-01,1.053897857666015625e+00,7.954573631286621094e-01,1.143913865089416504e+00,1.145169883966445923e-01,1.215978026390075684e+00,3.574213981628417969e-01,7.153357863426208496e-01
-3.065423667430877686e-01,-1.494411975145339966e-01,-4.528245627880096436e-01,-3.472494333982467651e-02,-3.271027803421020508e-01,-3.184589743614196777e-01,-1.405957102775573730e+00,-3.743074536323547363e-01,-6.526439785957336426e-01,-1.144589543342590332e+00,1.047001242637634277e+00,-1.006293535232543945e+00,-9.508124589920043945e-01,-5.867375731468200684e-01,-1.031554460525512695e+00,-4.360729157924652100e-01,-4.833435714244842529e-01,-5.663707852363586426e-01,-7.565549015998840332e-01,-6.331368684768676758e-01
-2.420951128005981445e+00,-2.776245772838592529e-01,-1.279571533203125000e+00,-3.144814670085906982e-01,-8.978028893470764160e-01,-5.873781442642211914e-01,-1.648671150207519531e+00,-2.332589626312255859e-01,-1.079563260078430176e+00,-1.049839854240417480e+00,-8.391286730766296387e-01,-5.901690721511840820e-01,-1.221110820770263672e+00,-7.761474251747131348e-01,-1.021514892578125000e+00,-4.016780555248260498e-01,-1.968961656093597412e-01,-9.735522270202636719e-01,2.151229977607727051e-01,1.196146234869956970e-01
9.153670072555541992e-01,9.997893571853637695e-01,5.435578823089599609e-01,1.234042406082153320e+00,6.186451315879821777e-01,-2.570337951183319092e-01,4.666036069393157959e-01,1.543049216270446777e-01,1.012971878051757812e+00,3.982339501380920410e-01,-3.457587957382202148e-01,-1.671019792556762695e-01,4.564619660377502441e-01,1.167372584342956543e+00,5.749448388814926147e-02,4.617716372013092041e-01,4.665285646915435791e-01,7.205443084239959717e-02,1.014014124870300293e+00,1.980750113725662231e-01
-7.484803199768066406e-01,-4.744274020195007324e-01,2.752718925476074219e-01,3.553479611873626709e-01,7.029792666435241699e-01,-2.794793546199798584e-01,-1.230483412742614746e+00,-2.381989955902099609e+00,-6.699781417846679688e-01,1.697378158569335938e+00,-6.148664355278015137e-01,1.090653181076049805e+00,-3.510339260101318359e-01,-2.776170074939727783e-01,2.425250411033630371e-01,-2.513818442821502686e-01,-2.465231418609619141e-01,9.248887896537780762e-01,-2.960055470466613770e-01,3.307806849479675293e-01
-1.768807768821716309e+00,-4.318445622920989990e-01,-1.159677863121032715e+00,-2.523395717144012451e-01,2.726441025733947754e-01,-4.060392677783966064e-01,-9.243938326835632324e-01,-2.410222291946411133e-01,7.678724080324172974e-02,-3.360047340393066406e-01,-1.643744230270385742e+00,-3.188449144363403320e-01,-4.415441453456878662e-01,-8.411695361137390137e-01,-2.573094666004180908e-01,-5.716775059700012207e-01,-1.037902116775512695e+00,-7.811987400054931641e-02,-2.219624996185302734e+00,-6.568207591772079468e-02
1.655525416135787964e-01,1.292398333549499512e+00,1.514192938804626465e+00,1.794716954231262207e+00,-7.367693632841110229e-02,3.121213316917419434e-01,-2.517552673816680908e-01,-3.317413479089736938e-02,8.874540925025939941e-01,1.926951408386230469e-01,1.253580212593078613e+00,1.216182932257652283e-01,1.041145563125610352e+00,5.967392325401306152e-01,7.615648508071899414e-01,5.389217138290405273e-01,2.735799849033355713e-01,1.057615518569946289e+00,4.290130734443664551e-01,1.094154715538024902e+00
1.465097218751907349e-01,1.176085844635963440e-01,1.027334809303283691e+00,1.940069645643234253e-01,9.470841884613037109e-01,5.237186551094055176e-01,5.795154571533203125e-01,6.826692223548889160e-01,1.439916610717773438e+00,7.818506956100463867e-01,7.889366745948791504e-01,1.323022097349166870e-01,4.463366866111755371e-01,1.090902090072631836e+00,1.664255857467651367e+00,8.985301852226257324e-01,1.077708482742309570e+00,-1.381196230649948120e-01,9.707555174827575684e-01,1.175494670867919922e+00
-7.892854809761047363e-01,-4.742877781391143799e-01,-3.500713109970092773e-01,-1.441702008247375488e+00,-5.395343899726867676e-01,8.124991059303283691e-01,8.294702172279357910e-01,1.049440741539001465e+00,1.409597974270582199e-02,3.747045993804931641e-02,-5.433115959167480469e-01,-3.015559315681457520e-01,3.457671105861663818e-01,-5.730206370353698730e-01,-1.568075716495513916e-01,1.048236727714538574e+00,1.052493810653686523e+00,-5.742329359054565430e-01,-6.856239438056945801e-01,-1.449652016162872314e-01
4.850479960441589355e-01,1.358173489570617676e+00,2.989485740661621094e+00,4.703917205333709717e-01,2.618298828601837158e-01,2.115150392055511475e-01,4.606713354587554932e-01,-7.271321415901184082e-01,2.791929960250854492e+00,1.031280040740966797e+00,2.040902078151702881e-01,2.428718566894531250e+00,2.033785343170166016e+00,8.375294804573059082e-01,1.292358875274658203e+00,1.723034262657165527e+00,9.505880475044250488e-01,1.069276332855224609e+00,6.650277972221374512e-01,2.614044547080993652e-01
-8.051326274871826172e-01,-4.914914369583129883e-01,-4.112896919250488281e-01,-1.795170009136199951e-01,1.895575672388076782e-01,-2.215216308832168579e-01,-1.786940336227416992e+00,-2.335360199213027954e-01,6.966993808746337891e-01,-7.837130427360534668e-01,-3.227093219757080078e-01,-3.032491803169250488e-01,-2.831199765205383301e-01,-2.723874747753143311e-01,1.161184310913085938e+00,4.479881748557090759e-02,1.542492657899856567e-01,-4.913986325263977051e-01,1.087828204035758972e-01,-6.744427680969238281e-01
-2.384977817535400391e+00,-6.364135742187500000e-01,-8.045553565025329590e-01,-1.244896769523620605e+00,-1.540342926979064941e+00,-2.506740808486938477e+00,-9.165764451026916504e-01,-1.317389249801635742e+00,-2.926746368408203125e+00,-1.249766588211059570e+00,-7.072031497955322266e-01,-1.085689544677734375e+00,-1.470505475997924805e+00,-8.510753512382507324e-01,-6.745535731315612793e-01,-7.732740640640258789e-01,-2.926790714263916016e+00,-2.229478836059570312e+00,-2.353090286254882812e+00,-1.258695244789123535e+00
-1.033328056335449219e+00,-5.770209804177284241e-02,-1.019281268119812012e+00,-4.541937708854675293e-01,-4.283279180526733398e-01,-1.365537762641906738e+00,-2.033551692962646484e+00,-5.748806595802307129e-01,1.425370872020721436e-01,-1.132594585418701172e+00,-4.610367715358734131e-01,-3.834776282310485840e-01,8.233506679534912109e-01,6.776883006095886230e-01,-8.303701281547546387e-01,-3.561745882034301758e-01,2.410644432529807091e-03,-7.557559013366699219e-01,-1.213120460510253906e+00,-1.231295108795166016e+00
2.846011638641357422e+00,5.593059659004211426e-01,3.382301032543182373e-01,6.262688040733337402e-01,3.991553783416748047e-01,1.110563874244689941e+00,1.538914680480957031e+00,5.187049508094787598e-01,8.762013912200927734e-01,5.504630804061889648e-01,4.979761540889739990e-01,9.104251861572265625e-01,1.002098202705383301e+00,1.082099914550781250e+00,8.802227973937988281e-01,1.303038716316223145e+00,4.506360888481140137e-01,8.650782704353332520e-01,5.111742019653320312e-01,2.898029386997222900e-01
3.656679093837738037e-01,1.983922123908996582e-01,-5.878044962882995605e-01,3.144274950027465820e-01,-7.686510086059570312e-01,2.439344823360443115e-01,-1.586822569370269775e-01,-4.726451337337493896e-01,-4.080183207988739014e-01,-1.982806473970413208e-01,-1.024979501962661743e-01,-2.162631899118423462e-01,-8.938830494880676270e-01,-5.318049192428588867e-01,4.553364515304565430e-01,-3.567906320095062256e-01,-4.959273040294647217e-01,-2.891922712326049805e+00,1.129754111170768738e-01,1.126477122306823730e+00
-7.949551343917846680e-01,-6.991069912910461426e-01,1.254094243049621582e+00,4.545790553092956543e-01,-7.794744372367858887e-01,-2.098122537136077881e-01,1.100598573684692383e+00,2.045215219259262085e-01,1.109835743904113770e+00,4.791672229766845703e-01,9.466722607612609863e-01,-1.413090080022811890e-01,1.488305926322937012e+00,-1.941129416227340698e-01,6.796033978462219238e-01,-1.325703114271163940e-01,-4.044312536716461182e-01,4.107283055782318115e-01,5.927724838256835938e-01,2.341636717319488525e-01
2.419690936803817749e-01,3.324256837368011475e-01,2.023660093545913696e-01,-5.995209217071533203e-01,-3.313611447811126709e-01,-5.203534364700317383e-01,1.071739673614501953e+00,-1.116757988929748535e+00,-3.899671733379364014e-01,4.653652310371398926e-01,3.917234539985656738e-01,6.158476695418357849e-02,1.024636924266815186e-01,3.005548119544982910e-01,3.343077898025512695e-01,-1.698367238044738770e+00,8.343105316162109375e-01,-7.022978663444519043e-01,-4.150751233100891113e-01,5.812874436378479004e-02
-4.044288098812103271e-01,-7.553790211677551270e-01,1.806362748146057129e+00,4.816588461399078369e-01,2.538653612136840820e-01,1.811561584472656250e-01,1.563581466674804688e+00,2.358532100915908813e-01,1.336517184972763062e-01,2.187273055315017700e-01,1.681971073150634766e+00,5.062384009361267090e-01,1.695226550102233887e+00,3.345431685447692871e-01,4.468301776796579361e-03,-2.309913188219070435e-02,1.781477928161621094e+00,6.053498983383178711e-01,9.906854629516601562e-01,3.739677369594573975e-01
-8.271192312240600586e-01,-2.261964976787567139e-01,-3.161716759204864502e-01,5.496147274971008301e-01,8.963934779167175293e-01,-3.591797351837158203e-01,2.696295380592346191e-01,1.207399725914001465e+00,-1.184909343719482422e+00,-9.108405560255050659e-02,3.197241723537445068e-01,-3.581648766994476318e-01,1.015801072120666504e+00,3.068671524524688721e-01,-8.999029994010925293e-01,-2.697422802448272705e-01,-5.351266860961914062e-01,-1.613021343946456909e-01,-1.200165227055549622e-01,-5.137456059455871582e-01
-8.262921571731567383e-01,-2.905642390251159668e-01,-4.062065184116363525e-01,-9.282823204994201660e-01,7.797937393188476562e-01,1.493444293737411499e-01,1.779339760541915894e-01,2.022303082048892975e-02,3.241037130355834961e-01,-7.513449192047119141e-01,-2.144855260848999023e-01,-2.362275272607803345e-01,8.577641844749450684e-02,3.083135485649108887e-01,8.027619719505310059e-01,5.667843222618103027e-01,7.461925595998764038e-02,-3.819345235824584961e-01,1.915078014135360718e-01,-5.138164758682250977e-01
-1.504196643829345703e+00,-8.557828068733215332e-01,-6.100247502326965332e-01,-7.277648448944091797e-01,-5.946459770202636719e-01,-1.877970099449157715e+00,-9.303900599479675293e-01,-1.508317112922668457e+00,-8.617182970046997070e-01,-1.301015615463256836e+00,-9.541478157043457031e-01,-1.144863843917846680e+00,-6.327537894248962402e-01,-1.110722899436950684e+00,-3.464519381523132324e-01,-1.266232490539550781e+00,-1.027099132537841797e+00,-8.036904931068420410e-01,-1.361022114753723145e+00,-1.576255679130554199e+00
2.236224174499511719e+00,1.534254670143127441e+00,1.342980623245239258e+00,9.647397398948669434e-01,6.861535906791687012e-01,1.180596470832824707e+00,2.151155710220336914e+00,1.566768765449523926e+00,1.215574860572814941e+00,7.925322651863098145e-01,1.287074327468872070e+00,1.957028269767761230e+00,9.979438185691833496e-01,1.065278649330139160e+00,1.232271432876586914e+00,1.034531116485595703e+00,4.278033971786499023e-01,1.500599265098571777e+00,2.526757478713989258e+00,1.750652432441711426e+00
2.029572799801826477e-02,-4.153785705566406250e-01,3.399195671081542969e-01,-5.253665447235107422e-01,3.000530898571014404e-01,-5.717045068740844727e-01,-3.802703320980072021e-02,-8.865044452250003815e-03,-2.964321374893188477e-01,3.752689957618713379e-01,4.009705185890197754e-01,-2.959384769201278687e-02,4.810365140438079834e-01,1.613006591796875000e-01,-2.699676454067230225e-01,-5.090649127960205078e-01,-3.837101161479949951e-01,5.329852104187011719e-01,-2.223765999078750610e-01,8.281303644180297852e-01
-2.901875495910644531e+00,-4.889240860939025879e-01,-1.123249053955078125e+00,-3.827199339866638184e-01,-1.688044309616088867e+00,-7.462341785430908203e-01,7.515555024147033691e-01,-6.240036487579345703e-01,-5.517218112945556641e-01,-9.799508452415466309e-01,-1.243475556373596191e+00,-7.587046027183532715e-01,-9.545236229896545410e-01,2.895045876502990723e-01,-5.897054672241210938e-01,-7.350133657455444336e-01,-1.838827252388000488e+00,-5.308829545974731445e-01,-7.169237136840820312e-01,-1.325147747993469238e-01
-2.481843978166580200e-01,-3.961306214332580566e-01,-4.056348204612731934e-01,3.106772601604461670e-01,6.952903699129819870e-03,-5.875876545906066895e-01,-8.017932772636413574e-01,-1.058896183967590332e+00,-2.867937386035919189e-01,-2.208372801542282104e-01,-2.070204317569732666e-01,-2.870839834213256836e-01,-6.970427036285400391e-01,-2.018086194992065430e+00,-2.948272526264190674e-01,2.491271942853927612e-01,3.803808689117431641e-01,1.507805883884429932e-01,-1.476719021797180176e+00,-8.879008889198303223e-01
-4.280341267585754395e-01,-7.481331825256347656e-01,-5.049956440925598145e-01,-1.024824738502502441e+00,1.212531998753547668e-01,-1.027173519134521484e+00,-6.119545102119445801e-01,-8.223696351051330566e-01,-2.479957342147827148e-01,-1.639044761657714844e+00,2.387787848711013794e-01,2.063731402158737183e-01,-1.721690177917480469e+00,9.584546089172363281e-03,-8.723408579826354980e-01,-3.847378492355346680e-01,-8.151652216911315918e-01,2.340581417083740234e-01,-7.186198234558105469e-01,-1.286119699478149414e+00
-3.078340590000152588e-01,1.349473237991333008e+00,1.001590967178344727e+00,8.174209594726562500e-01,8.756902813911437988e-01,4.657998085021972656e-01,1.098234653472900391e+00,1.051736474037170410e+00,2.628963291645050049e-01,5.554206967353820801e-01,-3.380253911018371582e-01,4.936426579952239990e-01,6.218236088752746582e-01,2.728138685226440430e+00,1.207103133201599121e+00,2.555549860000610352e+00,-1.527526825666427612e-01,6.361089944839477539e-01,-2.016212642192840576e-01,9.830756783485412598e-01
-5.651590824127197266e-01,3.396353721618652344e-01,-5.119922757148742676e-01,-4.695402383804321289e-01,-1.170735597610473633e+00,-1.080847859382629395e+00,-3.235359191894531250e-01,-4.033612310886383057e-01,-5.005818009376525879e-01,-9.881117939949035645e-01,-4.611445069313049316e-01,1.924028247594833374e-01,-3.693374395370483398e-01,-5.352531075477600098e-01,-1.054454088211059570e+00,1.086704969406127930e+00,-1.241456508636474609e+00,-6.986978054046630859e-01,-1.984854221343994141e+00,-8.869901299476623535e-01
-1.785877943038940430e+00,-6.394568085670471191e-01,-6.247249841690063477e-01,-1.164561271667480469e+00,-1.006793379783630371e+00,-4.291949570178985596e-01,-1.579501152038574219e+00,-1.168585777282714844e+00,-5.401417016983032227e-01,-7.973486781120300293e-01,-7.707058191299438477e-01,-1.126433253288269043e+00,-4.161359369754791260e-01,-1.567972898483276367e+00,-1.043382048606872559e+00,-1.484191060066223145e+00,-2.411423027515411377e-01,-5.549665093421936035e-01,-3.655776977539062500e-01,-2.658897638320922852e+00
3.598508834838867188e-01,3.157946765422821045e-01,-1.631086021661758423e-01,6.288364529609680176e-01,4.134218394756317139e-01,-1.517901420593261719e-01,3.427742421627044678e-01,4.458021223545074463e-01,-2.511007785797119141e-01,5.107726454734802246e-01,-1.064436554908752441e+00,1.057531833648681641e+00,-1.458727240562438965e+00,4.441113770008087158e-01,1.185483336448669434e+00,2.855176627635955811e-01,1.053961396217346191e+00,1.505326181650161743e-01,-1.290402710437774658e-01,-3.314749598503112793e-01
5.814315080642700195e-01,1.718153119087219238e+00,4.578654170036315918e-01,8.842916488647460938e-01,1.048964023590087891e+00,1.233614087104797363e+00,2.431738853454589844e+00,1.114181280136108398e+00,1.184593439102172852e+00,5.112774968147277832e-01,1.675944447517395020e+00,7.967501878738403320e-01,4.993223845958709717e-01,4.556017816066741943e-01,1.132693290710449219e+00,-4.244821071624755859e-01,6.845169663429260254e-01,1.162561297416687012e+00,3.809264600276947021e-01,6.431365013122558594e-01
-1.454707860946655273e+00,-2.719869613647460938e+00,-1.079986691474914551e+00,-2.187684774398803711e+00,-7.818627357482910156e-01,-1.284441232681274414e+00,-1.191599249839782715e+00,-2.011881589889526367e+00,-8.833768367767333984e-01,-1.299180626869201660e+00,-1.541707754135131836e+00,-2.606117486953735352e+00,-8.874513506889343262e-01,-1.349279522895812988e+00,1.451045870780944824e-01,-1.592968344688415527e+00,-1.299990534782409668e+00,-1.786484360694885254e+00,-8.969042897224426270e-01,-1.649003505706787109e+00
-1.100361227989196777e+00,-5.717511177062988281e-01,-1.605180978775024414e+00,-1.122886657714843750e+00,-2.698579728603363037e-01,-8.598330616950988770e-01,-1.002049088478088379e+00,-1.609614938497543335e-01,-7.879042625427246094e-01,-8.834850192070007324e-01,-9.975454807281494141e-01,-8.349075317382812500e-01,-1.050113916397094727e+00,-1.017365574836730957e+00,-4.805987775325775146e-01,-4.148955270648002625e-02,-1.368490815162658691e+00,-1.430193781852722168e+00,-8.522201776504516602e-01,-6.471093297004699707e-01
-1.525074362754821777e+00,-1.748998999595642090e+00,-8.655803203582763672e-01,-2.360850334167480469e+00,-1.128386139869689941e+00,-3.263481557369232178e-01,-2.005923032760620117e+00,-2.388901233673095703e+00,-1.417263150215148926e+00,-1.902420878410339355e+00,-1.602120757102966309e+00,-1.321640372276306152e+00,-1.033198475837707520e+00,-7.659833431243896484e-01,-2.022175312042236328e+00,-4.121294021606445312e-01,-1.247809171676635742e+00,-1.848485469818115234e+00,-2.608682155609130859e+00,-1.238723754882812500e+00
5.780747532844543457e-01,9.363393187522888184e-01,6.014792323112487793e-01,9.056225419044494629e-01,1.716734647750854492e+00,6.225948333740234375e-01,1.727985620498657227e+00,1.307272911071777344e+00,2.638163805007934570e+00,9.204149246215820312e-01,7.070169448852539062e-01,3.494116067886352539e-01,1.636617541313171387e+00,1.656633853912353516e+00,1.815106868743896484e+00,9.342972040176391602e-01,2.133371353149414062e+00,1.783259063959121704e-01,2.111287355422973633e+00,5.184578895568847656e-01
-2.664855122566223145e-01,-8.766261339187622070e-01,-1.752373814582824707e+00,8.153524994850158691e-01,-3.856777250766754150e-01,-1.073347449302673340e+00,-5.306665301322937012e-01,-5.221464037895202637e-01,-8.712124824523925781e-01,3.647215068340301514e-01,-6.442310810089111328e-01,-2.241384088993072510e-01,-2.713129520416259766e-01,-1.011028647422790527e+00,-2.343039661645889282e-01,-3.812537789344787598e-01,-4.645850658416748047e-01,-5.078376531600952148e-01,-5.019066929817199707e-01,-2.954468727111816406e-01
1.664858609437942505e-01,3.858733177185058594e-01,-3.048380911350250244e-01,3.099862337112426758e-01,2.115495651960372925e-01,2.475548028945922852e+00,-3.646753728389739990e-01,-4.467044472694396973e-01,-1.269127130508422852e-01,-2.188993990421295166e-01,-3.686136901378631592e-01,-1.801006048917770386e-01,2.255086153745651245e-01,7.250738888978958130e-02,-1.861401945352554321e-01,1.552515029907226562e-01,-4.601101577281951904e-01,-8.426845669746398926e-01,8.637206554412841797e-01,8.701182603836059570e-01
8.745401501655578613e-01,4.551472365856170654e-01,9.527164101600646973e-01,9.947057962417602539e-01,-3.958545029163360596e-01,-2.967789024114608765e-02,1.990301758050918579e-01,1.334437012672424316e+00,6.310638785362243652e-01,-1.189231872558593750e-01,-1.791432052850723267e-01,5.376890301704406738e-01,8.932820558547973633e-01,7.507259845733642578e-01,7.245826721191406250e-01,7.634189724922180176e-02,4.166811704635620117e-01,4.199915528297424316e-01,3.212881684303283691e-01,9.013898968696594238e-01
1.652967214584350586e+00,5.412528514862060547e-01,7.028792500495910645e-01,1.187534809112548828e+00,1.575681805610656738e+00,1.150318384170532227e+00,1.540747761726379395e+00,1.450447797775268555e+00,5.873730778694152832e-01,1.149675369262695312e+00,1.484031438827514648e+00,1.247535705566406250e+00,1.288548827171325684e+00,1.337390184402465820e+00,3.394244313240051270e-01,-2.140368372201919556e-01,9.331122636795043945e-01,9.588213562965393066e-01,9.741253852844238281e-01,1.837612032890319824e+00
4.293231368064880371e-01,5.262721776962280273e-01,1.554951906204223633e+00,2.209960669279098511e-01,1.017814040184020996e+00,3.539539873600006104e-01,5.031890869140625000e-01,8.846337199211120605e-01,8.820855058729648590e-03,-2.679128050804138184e-01,5.859238505363464355e-01,1.928165368735790253e-02,6.292324066162109375e-01,4.694698750972747803e-01,7.796489000320434570e-01,8.553674221038818359e-01,1.087736845016479492e+00,-1.574150919914245605e-01,9.635256528854370117e-01,1.973700672388076782e-01
5.107834935188293457e-01,9.540919065475463867e-01,9.584360718727111816e-01,-2.092359513044357300e-01,-2.558025717735290527e-01,-4.580605626106262207e-01,4.142225980758666992e-01,-3.498910665512084961e-01,3.722517192363739014e-01,4.331238567829132080e-01,3.380202949047088623e-01,-4.174035787582397461e-01,7.893728613853454590e-01,-3.059863746166229248e-01,1.988390833139419556e-01,-2.660361528396606445e-01,1.057378873229026794e-01,-5.107054859399795532e-02,3.221940696239471436e-01,9.188632369041442871e-01
-2.208336740732192993e-01,-1.275449246168136597e-02,-1.774076819419860840e+00,-4.635790586471557617e-01,5.186839699745178223e-01,-4.402628913521766663e-02,1.444286823272705078e+00,-4.641806781291961670e-01,-2.922753572463989258e+00,-1.445362567901611328e-01,4.435867071151733398e-02,-4.672360420227050781e-01,-1.270765900611877441e+00,-5.135700702667236328e-01,-2.308866262435913086e+00,1.866273880004882812e-01,5.734176039695739746e-01,-4.373805224895477295e-01,-4.735249578952789307e-01,-1.611785143613815308e-01
-1.488720923662185669e-01,-2.828532755374908447e-01,8.726757764816284180e-01,-9.362988173961639404e-02,-8.038966059684753418e-01,-2.908410727977752686e-01,-1.120808124542236328e+00,3.706643581390380859e-01,-2.238986253738403320e+00,-4.236866235733032227e-01,-9.927685260772705078e-01,-1.332896351814270020e-01,2.397545576095581055e+00,-3.110241591930389404e-01,1.635354757308959961e+00,-2.449678033590316772e-01,1.519196182489395142e-01,-3.339992761611938477e-01,-6.881565600633621216e-02,1.219687797129154205e-02
-2.586094737052917480e-01,9.371009469032287598e-01,9.843969345092773438e-01,5.351585149765014648e-01,7.318446040153503418e-01,4.700406491756439209e-01,1.302462697029113770e+00,4.684257507324218750e-01,4.549458026885986328e-01,2.506117522716522217e-01,5.844259858131408691e-01,-4.220511317253112793e-01,-2.067042827606201172e+00,3.690676093101501465e-01,1.676287889480590820e+00,4.583505094051361084e-01,2.735201120376586914e-01,2.740734219551086426e-01,1.691303849220275879e+00,8.831191658973693848e-01
-1.782844543457031250e+00,-3.737871050834655762e-01,-1.060206651687622070e+00,-1.544173955917358398e+00,-8.219773173332214355e-01,-1.233357787132263184e+00,-2.124023914337158203e+00,1.946185380220413208e-01,-1.033417463302612305e+00,-5.684665441513061523e-01,1.087140664458274841e-01,-5.432071685791015625e-01,-1.681010484695434570e+00,-5.497231483459472656e-01,-1.316931128501892090e+00,8.424220979213714600e-02,-1.693733692169189453e+00,-1.219918608665466309e+00,-1.693895578384399414e+00,-9.681102037429809570e-01
6.524903178215026855e-01,7.607108354568481445e-01,7.490845918655395508e-01,2.434630632400512695e+00,-2.836134731769561768e-01,6.381002068519592285e-01,1.406815528869628906e+00,9.778838157653808594e-01,4.893310964107513428e-01,3.194659054279327393e-01,5.912559628486633301e-01,9.458985328674316406e-01,8.995620608329772949e-01,2.748633325099945068e-01,-1.541473120450973511e-01,8.445765376091003418e-01,1.850848674774169922e+00,3.882182538509368896e-01,3.352347612380981445e-01,1.052464246749877930e+00
-1.059248089790344238e+00,3.588826656341552734e-01,-1.275843977928161621e-01,-1.880811005830764771e-01,-8.009271621704101562e-01,-6.540797352790832520e-01,-7.451249957084655762e-01,-4.091135561466217041e-01,-4.660406112670898438e-01,-1.915057301521301270e-01,-8.616365790367126465e-01,4.859493374824523926e-01,-1.218410611152648926e+00,1.821597851812839508e-02,-9.922918081283569336e-01,1.282173693180084229e-01,-7.636014837771654129e-03,-1.061614155769348145e+00,-1.396670222282409668e+00,-8.197733014822006226e-02
2.194277346134185791e-01,4.838697016239166260e-01,4.264095425605773926e-01,4.439861774444580078e-01,-4.350216686725616455e-02,-6.335389614105224609e-01,2.677097618579864502e-01,-8.322947025299072266e-01,-5.920565873384475708e-02,-6.828981041908264160e-01,2.620677947998046875e-01,-4.245042204856872559e-01,-3.192562758922576904e-01,1.444515585899353027e-01,1.196379065513610840e+00,3.449271321296691895e-01,-5.244461297988891602e-01,1.709702610969543457e-02,-3.828418850898742676e-01,4.830678403377532959e-01
-7.952397316694259644e-02,-8.983128666877746582e-01,9.432917833328247070e-02,3.218156099319458008e-01,-5.882127285003662109e-01,-1.601625680923461914e-01,3.647228777408599854e-01,-2.096565663814544678e-01,-4.348983243107795715e-02,-7.054715752601623535e-01,-4.104810953140258789e-01,3.567296266555786133e-02,5.826634168624877930e-01,-4.966343939304351807e-01,7.791429758071899414e-01,3.308410942554473877e-01,5.977276563644409180e-01,3.438995480537414551e-01,1.230389550328254700e-01,2.468189001083374023e+00
-5.279548093676567078e-02,7.173568010330200195e-02,2.037648200988769531e+00,-7.053115218877792358e-02,3.888812363147735596e-01,1.624725013971328735e-01,-5.556116998195648193e-02,-6.393156945705413818e-02,2.957386374473571777e-01,-6.964030861854553223e-02,-9.533154368400573730e-01,-3.303474187850952148e-01,6.784853339195251465e-02,-4.137530028820037842e-01,-2.091063410043716431e-01,6.800888478755950928e-02,-1.362043023109436035e+00,5.061220526695251465e-01,2.206515073776245117e-01,-4.525261819362640381e-01
6.401147246360778809e-01,1.650756716728210449e+00,1.773162007331848145e+00,8.121603131294250488e-01,1.619127273559570312e+00,7.903075218200683594e-01,1.083117365837097168e+00,1.318987607955932617e+00,8.287711143493652344e-01,8.671067953109741211e-01,2.320765972137451172e+00,1.075461745262145996e+00,1.420521020889282227e+00,5.754128694534301758e-01,1.635502338409423828e+00,1.773487806320190430e+00,1.983580589294433594e+00,1.408592343330383301e+00,2.035651922225952148e+00,6.219608783721923828e-01
3.247446194291114807e-02,2.442931234836578369e-01,1.559923291206359863e-01,8.187496662139892578e-01,4.293623939156532288e-02,1.237642765045166016e+00,1.171226620674133301e+00,7.303342819213867188e-01,2.791499376296997070e+00,8.629022240638732910e-01,7.375715970993041992e-01,-3.265351951122283936e-01,-1.387792229652404785e-01,1.016517400741577148e+00,1.959864616394042969e+00,1.011900544166564941e+00,1.017609000205993652e+00,1.976518332958221436e-01,1.085812211036682129e+00,1.076094150543212891e+00
1.094103217124938965e+00,1.135824084281921387e+00,3.271608948707580566e-01,4.296281039714813232e-01,5.140989646315574646e-02,7.120767831802368164e-01,-6.512556076049804688e-01,9.557399749755859375e-01,2.183714509010314941e-01,9.511408805847167969e-01,1.175994753837585449e+00,-2.878118753433227539e-01,-2.823273837566375732e-01,8.269369602203369141e-01,-1.724929660558700562e-01,1.155308842658996582e+00,4.620792567729949951e-01,9.879382848739624023e-01,5.339933633804321289e-01,9.539915919303894043e-01
-1.528605073690414429e-01,1.069548130035400391e+00,5.398893952369689941e-01,-1.240155935287475586e+00,1.123582363128662109e+00,3.421453833580017090e-01,8.268721699714660645e-01,-2.525883913040161133e-01,6.684769988059997559e-01,-4.145411252975463867e-01,4.991242885589599609e-01,-4.951744675636291504e-01,1.315586447715759277e+00,2.804277539253234863e-01,2.187027484178543091e-01,-7.142586261034011841e-02,-3.021047115325927734e-01,1.015134453773498535e+00,3.759497702121734619e-01,9.217358827590942383e-01
-1.081711888313293457e+00,1.358356237411499023e+00,-9.826732277870178223e-01,-9.885923266410827637e-01,-1.056838989257812500e+00,-5.627467036247253418e-01,-9.679111838340759277e-01,-9.716112613677978516e-01,-1.161309719085693359e+00,-1.393067836761474609e+00,-2.776140689849853516e+00,2.680762410163879395e-01,-9.728118181228637695e-01,-7.679604887962341309e-01,-1.156058683991432190e-01,-5.828666090965270996e-01,-1.071672797203063965e+00,-1.203606247901916504e+00,-1.170860171318054199e+00,-7.807223796844482422e-01
-8.289681673049926758e-01,-8.954575061798095703e-01,9.372791647911071777e-02,-4.289141893386840820e-01,-9.977021813392639160e-01,-8.570220470428466797e-01,-1.229909732937812805e-01,8.584892004728317261e-02,-2.393699169158935547e+00,-7.237782478332519531e-01,-3.065668344497680664e-01,8.389221131801605225e-02,-8.649625182151794434e-01,-1.494191884994506836e-01,8.407656848430633545e-02,-9.425062537193298340e-01,-4.934838712215423584e-01,-2.952400743961334229e-01,-1.762533932924270630e-01,-1.413237601518630981e-01
-1.049350500106811523e+00,-6.276392936706542969e-01,-1.463985443115234375e-01,-8.870710134506225586e-01,-3.119013309478759766e-01,-1.472124934196472168e+00,-1.347982287406921387e+00,-9.373033046722412109e-01,-1.576701164245605469e+00,-9.636874198913574219e-01,-4.781171083450317383e-01,-6.601631045341491699e-01,-1.341246485710144043e+00,-1.344058871269226074e+00,-2.316799640655517578e+00,-2.058144092559814453e+00,-2.672414064407348633e+00,-1.127197623252868652e+00,-1.075679063796997070e+00,-1.037729859352111816e+00
5.754679441452026367e-01,2.397724688053131104e-01,3.077180981636047363e-01,1.145030975341796875e+00,1.459649324417114258e+00,9.978607296943664551e-01,4.139106869697570801e-01,2.399915009737014771e-01,-8.275809884071350098e-01,1.189322352409362793e+00,5.813017487525939941e-01,8.060986995697021484e-01,2.650899291038513184e-01,1.280894994735717773e+00,1.584803581237792969e+00,3.402389585971832275e-01,4.485703706741333008e-01,5.499722361564636230e-01,4.153627157211303711e-01,4.105944633483886719e-01
-9.687367081642150879e-01,-1.132617354393005371e+00,-1.632886052131652832e+00,-1.444320917129516602e+00,-1.245164990425109863e+00,-1.661944627761840820e+00,-1.778724551200866699e+00,-1.825202703475952148e+00,-1.732416749000549316e+00,-1.660254240036010742e+00,-1.226973176002502441e+00,-1.026517510414123535e+00,-1.703963875770568848e+00,-2.060516595840454102e+00,-8.269434571266174316e-01,-6.879987120628356934e-01,-1.056315898895263672e+00,-5.050761103630065918e-01,-1.490735530853271484e+00,-1.072873115539550781e+00
2.396259903907775879e-01,8.465359807014465332e-01,5.045199394226074219e-01,1.136981509625911713e-02,-3.625362366437911987e-02,-5.140751600265502930e-01,1.819793701171875000e+00,9.550065994262695312e-01,3.192930817604064941e-01,-1.375719547271728516e+00,9.307415485382080078e-01,1.928624510765075684e-01,1.266098856925964355e+00,-2.325909957289695740e-02,3.803080320358276367e-01,6.765794157981872559e-01,-9.296306967735290527e-01,-1.281085163354873657e-01,-3.725339472293853760e-01,-2.268159836530685425e-01
6.232985258102416992e-01,3.573300242424011230e-01,1.278385072946548462e-01,8.788502812385559082e-01,1.251940608024597168e+00,4.007078707218170166e-01,3.756559789180755615e-01,-1.978234648704528809e-01,2.698886953294277191e-02,6.211116313934326172e-01,2.068740874528884888e-01,3.597718477249145508e-01,1.575697779655456543e+00,5.372906923294067383e-01,9.121737480163574219e-01,1.096432566642761230e+00,5.452967882156372070e-01,4.788714349269866943e-01,1.492919683456420898e+00,-2.934759855270385742e-01
-9.475296735763549805e-01,-1.177974700927734375e+00,-4.706168472766876221e-01,3.910406529903411865e-01,-9.659915566444396973e-01,-3.727540969848632812e-01,-4.967154562473297119e-01,-4.664376378059387207e-01,-2.970535755157470703e-01,4.469750225543975830e-01,-1.211130470037460327e-01,-7.165008038282394409e-02,2.724221944808959961e-01,-3.945448398590087891e-01,-3.686678111553192139e-01,-3.797953426837921143e-01,8.808550834655761719e-01,-2.889493703842163086e-01,1.979522556066513062e-01,1.100648194551467896e-01
7.019646167755126953e-01,-5.977801084518432617e-01,3.375436067581176758e-01,-2.478321194648742676e-01,-4.472530186176300049e-01,1.277529746294021606e-01,1.850094497203826904e-01,-4.459089636802673340e-01,-1.014133214950561523e+00,-7.741540670394897461e-01,1.119905829429626465e+00,-1.225690990686416626e-01,-6.462627649307250977e-02,-2.400142401456832886e-01,2.670391798019409180e-01,-9.554635286331176758e-01,-3.958036601543426514e-01,-6.182583570480346680e-01,-2.891650795936584473e-01,-3.053865134716033936e-01
3.798285722732543945e-01,5.288318395614624023e-01,2.132384538650512695e+00,1.096346259117126465e+00,6.801181435585021973e-01,-1.691181510686874390e-01,4.553723037242889404e-01,4.616951346397399902e-01,1.624814867973327637e+00,9.820592999458312988e-01,2.712337017059326172e+00,1.541665911674499512e+00,1.521474719047546387e+00,8.525618314743041992e-01,5.028493404388427734e-01,1.903942465782165527e+00,1.363325238227844238e+00,7.169833779335021973e-01,2.418486773967742920e-01,1.303174614906311035e+00
-9.926872849464416504e-01,2.558223903179168701e-01,-4.665246307849884033e-01,-2.641112208366394043e-01,-5.181584954261779785e-01,-9.190467000007629395e-01,4.983068257570266724e-02,-5.573062896728515625e-01,-1.928738355636596680e-01,-2.307509779930114746e-01,3.756704032421112061e-01,-7.145647406578063965e-01,2.995174610987305641e-03,-5.240741372108459473e-01,2.787336111068725586e-01,-9.472901821136474609e-01,-1.343781948089599609e+00,1.176001131534576416e-01,-1.066683411598205566e+00,1.129900962114334106e-01
-1.513190865516662598e+00,-1.350082874298095703e+00,-1.366123437881469727e+00,-1.393873333930969238e+00,-3.250512480735778809e-01,-1.518579244613647461e+00,-1.599337100982666016e+00,-1.393689393997192383e+00,-2.022078752517700195e+00,-1.920001149177551270e+00,-4.793914258480072021e-01,-1.647837877273559570e+00,-1.554179549217224121e+00,-6.556437015533447266e-01,-1.039146423339843750e+00,-9.103877544403076172e-01,-1.968356847763061523e+00,-1.735675096511840820e+00,-2.433196544647216797e+00,-1.692774057388305664e+00
-8.278657197952270508e-01,1.685366779565811157e-01,-4.434492886066436768e-01,1.730154156684875488e-01,8.634278923273086548e-02,-4.537194967269897461e-01,-1.019249677658081055e+00,-1.353244900703430176e+00,-1.013193130493164062e+00,-1.026944756507873535e+00,-4.326716810464859009e-02,-4.448730945587158203e-01,-3.582136631011962891e-01,-2.479499101638793945e+00,-6.077357530593872070e-01,-5.262268781661987305e-01,4.578818976879119873e-01,-1.837712049484252930e+00,-2.102138996124267578e-01,-5.262765884399414062e-01
5.072370171546936035e-01,1.092357993125915527e+00,2.425031065940856934e-01,5.758078098297119141e-01,8.060371279716491699e-01,1.499755740165710449e+00,1.084435820579528809e+00,3.962411880493164062e-01,5.233299136161804199e-01,1.299533486366271973e+00,-1.542714387178421021e-01,-3.414445817470550537e-01,5.856078267097473145e-01,1.069833278656005859e+00,4.537756145000457764e-01,2.366853356361389160e-01,1.027712821960449219e+00,-7.494271546602249146e-02,1.352719813585281372e-01,1.028148651123046875e+00
-1.235742807388305664e+00,-9.292412996292114258e-01,-7.362166643142700195e-01,-7.247316241264343262e-01,-1.651330471038818359e+00,-7.097603082656860352e-01,-6.658115983009338379e-01,-1.007789373397827148e+00,-1.161976575851440430e+00,-3.121489584445953369e-01,-1.701205492019653320e+00,-2.038969278335571289e+00,-4.303736388683319092e-01,-1.660939693450927734e+00,-9.316373467445373535e-01,-1.911743760108947754e+00,-1.013576269149780273e+00,-1.593191504478454590e+00,-2.048400640487670898e+00,-7.063906192779541016e-01
-8.462838530540466309e-01,-6.385177373886108398e-01,-3.722586333751678467e-01,-1.716359257698059082e-01,5.481761097908020020e-01,1.041160747408866882e-01,-9.816914796829223633e-01,-4.105927050113677979e-01,1.487088799476623535e-01,-3.021707534790039062e-01,-4.663427770137786865e-01,-2.299447506666183472e-01,-3.515394628047943115e-01,4.324995279312133789e-01,3.470127880573272705e-01,4.807424843311309814e-01,-9.379050731658935547e-01,-3.840522766113281250e-01,-1.858824640512466431e-01,-1.467663049697875977e-01
-6.298724561929702759e-02,1.481582522392272949e+00,1.498637348413467407e-01,6.568594574928283691e-01,2.591257810592651367e+00,7.941652536392211914e-01,9.981197118759155273e-01,1.515008330345153809e+00,1.023329496383666992e+00,2.132575988769531250e+00,1.619459629058837891e+00,1.072600841522216797e+00,4.680278897285461426e-01,5.306990146636962891e-01,1.139080286026000977e+00,1.099239468574523926e+00,1.291465163230895996e+00,3.418124020099639893e-01,1.265014529228210449e+00,1.238103508949279785e+00
1.898129224777221680e+00,1.198729515075683594e+00,1.514523863792419434e+00,8.621600270271301270e-01,4.511534273624420166e-01,1.463592410087585449e+00,2.204914093017578125e+00,9.472564458847045898e-01,1.553434371948242188e+00,1.167246580123901367e+00,1.657469987869262695e+00,1.284921884536743164e+00,1.184242129325866699e+00,1.348422884941101074e+00,1.677520275115966797e+00,1.229653596878051758e+00,1.108066558837890625e+00,1.160528659820556641e+00,1.162520527839660645e+00,5.848153233528137207e-01
-1.049395322799682617e+00,-8.012639880180358887e-01,-9.959310293197631836e-01,2.969973087310791016e-01,-5.667586922645568848e-01,-1.776641726493835449e+00,-1.235038042068481445e+00,-9.592344760894775391e-01,-1.712863892316818237e-01,-1.193837046623229980e+00,-1.212420821189880371e+00,-1.207130327820777893e-01,-8.173757791519165039e-01,-5.744128823280334473e-01,-7.257136702537536621e-01,-2.607201099395751953e+00,-7.036660313606262207e-01,-1.746079683303833008e+00,-1.373362660408020020e+00,-1.238712549209594727e+00
-8.914722204208374023e-01,-3.528753817081451416e-01,-1.340704441070556641e+00,-9.385071992874145508e-01,-6.344559192657470703e-01,-2.210962057113647461e+00,-1.435369729995727539e+00,-8.502052426338195801e-01,-1.185445785522460938e+00,-8.306073397397994995e-02,-2.139210224151611328e+00,-1.252007007598876953e+00,-7.194936275482177734e-01,-1.002812623977661133e+00,-1.125984430313110352e+00,-9.817236661911010742e-01,2.542344927787780762e-01,-4.950193762779235840e-01,-1.722126245498657227e+00,-9.642648100852966309e-01
-2.433879226446151733e-01,3.029288947582244873e-01,1.591366231441497803e-01,-2.938995957374572754e-01,-8.258459568023681641e-01,-4.661076366901397705e-01,-3.525499105453491211e-01,2.294555157423019409e-01,-2.390338182449340820e+00,-1.906858831644058228e-01,3.656369149684906006e-01,-2.436513751745223999e-01,7.488971352577209473e-01,-6.609196960926055908e-02,-9.376689791679382324e-01,-4.017842710018157959e-01,1.076751276850700378e-01,-2.207676619291305542e-01,1.150100771337747574e-02,-2.194816321134567261e-01
1.473863363265991211e+00,9.456442594528198242e-01,1.285383582115173340e+00,6.016893386840820312e-01,1.008068203926086426e+00,-5.310615152120590210e-02,6.404050588607788086e-01,4.460395872592926025e-01,7.336238622665405273e-01,2.428341865539550781e+00,5.177642703056335449e-01,-3.301165401935577393e-01,9.994558691978454590e-01,1.038407683372497559e+00,1.528877735137939453e+00,1.315577745437622070e+00,1.444542527198791504e+00,1.210669279098510742e+00,6.799519062042236328e-01,1.194724202156066895e+00
7.828621268272399902e-01,1.637122184038162231e-01,3.198271691799163818e-01,-3.204930722713470459e-01,-8.408529311418533325e-02,-4.078456759452819824e-01,5.317439436912536621e-01,-1.070810258388519287e-01,-8.190391957759857178e-02,8.983927369117736816e-01,-2.409347146749496460e-01,8.883465528488159180e-01,8.599860668182373047e-01,1.073070645332336426e+00,1.682925105094909668e+00,9.990184307098388672e-01,3.818147182464599609e-01,4.420244097709655762e-01,9.440296888351440430e-01,4.052844047546386719e-01
4.599780961871147156e-02,-7.305043935775756836e-01,1.210173726081848145e+00,-5.818324685096740723e-01,4.203093647956848145e-01,-5.203136205673217773e-01,-3.847465813159942627e-01,4.468924179673194885e-02,-3.492456674575805664e-01,-2.042677998542785645e-01,-4.863362908363342285e-01,-5.021382570266723633e-01,-8.552623987197875977e-01,-3.953230679035186768e-01,-1.010531663894653320e+00,-1.432034820318222046e-01,-9.409512281417846680e-01,-1.019216060638427734e+00,-6.586605906486511230e-01,-1.798890233039855957e-01
-1.249655127525329590e+00,1.462832093238830566e-01,7.085884809494018555e-01,-1.365036666393280029e-01,-1.578301936388015747e-01,1.208700761198997498e-01,5.331842303276062012e-01,1.482186615467071533e-01,-2.516408860683441162e-01,-8.603818416595458984e-01,-9.674146175384521484e-01,-9.165744185447692871e-01,8.515193462371826172e-01,-1.229822635650634766e-01,-2.174895554780960083e-01,-8.798103332519531250e-01,-7.140724062919616699e-01,-5.231633186340332031e-01,-6.059890985488891602e-01,2.051875889301300049e-01
-9.356318116188049316e-01,-4.010344147682189941e-01,-4.631831049919128418e-01,-2.731723487377166748e-01,-9.294737577438354492e-01,-4.761051237583160400e-01,3.416269421577453613e-01,7.823608517646789551e-01,-3.715933561325073242e-01,-3.998008668422698975e-01,-3.920429944992065430e-02,9.213234186172485352e-01,-1.320166736841201782e-01,7.765333652496337891e-01,-1.033912152051925659e-01,4.558972120285034180e-01,2.080939151346683502e-02,-3.657174408435821533e-01,-9.896559119224548340e-01,9.425857067108154297e-01
-8.258216977119445801e-01,3.738487362861633301e-01,-1.831241548061370850e-01,3.436428904533386230e-01,6.210244894027709961e-01,4.525781571865081787e-01,5.400686860084533691e-01,1.819834560155868530e-01,-1.458605378866195679e-01,1.421291232109069824e-01,1.030152440071105957e-01,9.961277246475219727e-01,2.831632494926452637e-01,-3.063239455223083496e-01,4.587842226028442383e-01,7.480854988098144531e-01,2.481409162282943726e-01,-1.691987991333007812e+00,1.133061647415161133e-01,1.020385861396789551e+00
6.409229636192321777e-01,-2.590461671352386475e-01,7.341355085372924805e-01,-9.446220993995666504e-01,2.973700873553752899e-02,-2.751437723636627197e-01,6.316249817609786987e-02,-6.428819298744201660e-01,1.003165483474731445e+00,3.744674474000930786e-02,1.980146765708923340e+00,4.705172181129455566e-01,3.269221782684326172e-01,8.945931196212768555e-01,2.523546516895294189e-01,-8.616410195827484131e-02,2.436099290847778320e+00,-1.713551431894302368e-01,-3.669232130050659180e-01,4.264203608036041260e-01
-8.993508815765380859e-01,-4.867734909057617188e-01,9.855695962905883789e-01,-9.063243865966796875e-01,-7.420343160629272461e-01,-1.063817262649536133e+00,4.563688635826110840e-01,1.658278107643127441e-01,-2.341079562902450562e-01,-7.884914278984069824e-01,2.884603738784790039e-01,-3.392058610916137695e-01,-1.952485322952270508e+00,5.323261022567749023e-01,3.476470410823822021e-01,-9.105933904647827148e-01,6.387015432119369507e-02,2.937799096107482910e-01,-4.035589694976806641e-01,-3.882665038108825684e-01
9.620900154113769531e-01,6.827189922332763672e-01,5.762078166007995605e-01,-1.346259117126464844e-01,6.024417281150817871e-01,1.734323501586914062e-01,8.087171912193298340e-01,1.805353283882141113e+00,1.315928936004638672e+00,2.372028119862079620e-02,6.717811822891235352e-01,-3.242506086826324463e-01,3.226752281188964844e-01,1.140161871910095215e+00,4.081301689147949219e-01,8.083044886589050293e-01,1.148747563362121582e+00,4.691636562347412109e-01,1.139093399047851562e+00,1.209177374839782715e+00
1.572771549224853516e+00,1.355239629745483398e+00,1.432429432868957520e+00,1.479351043701171875e+00,2.276139974594116211e+00,1.226583242416381836e+00,1.597831249237060547e+00,2.230946302413940430e+00,1.614664196968078613e+00,1.075521945953369141e+00,9.512856006622314453e-01,1.716806292533874512e-01,6.445629596710205078e-01,1.169776558876037598e+00,1.854210495948791504e+00,1.523961782455444336e+00,2.500130534172058105e-01,4.931915700435638428e-01,1.514636278152465820e+00,9.267107844352722168e-01
1.668395400047302246e+00,7.946920990943908691e-01,1.799618721008300781e+00,7.736550569534301758e-01,6.111361980438232422e-01,2.683322131633758545e-01,1.115193963050842285e+00,8.880429863929748535e-01,8.964427709579467773e-01,2.846133410930633545e-01,1.697971105575561523e+00,8.953858613967895508e-01,9.118008017539978027e-01,5.010058283805847168e-01,1.318293213844299316e+00,4.389541149139404297e-01,1.443136334419250488e+00,2.421341687440872192e-01,2.765841722488403320e+00,1.433188796043395996e+00
-1.089141607284545898e+00,-3.087686491198837757e-04,-1.055391073226928711e+00,-9.476403594017028809e-01,-1.444793224334716797e+00,-3.296125829219818115e-01,-4.861968159675598145e-01,-1.702300608158111572e-01,1.178736835718154907e-01,-4.709998369216918945e-01,6.864793896675109863e-01,-7.071301341056823730e-02,-6.383353471755981445e-01,-5.661668181419372559e-01,-8.135873675346374512e-01,1.972011029720306396e-01,-3.412132561206817627e-01,-9.375909715890884399e-02,3.727046847343444824e-01,1.084505021572113037e-01
-4.049194753170013428e-01,-1.408390283584594727e+00,-4.892597198486328125e-01,-4.178800284862518311e-01,-1.081941485404968262e+00,-3.900605738162994385e-01,1.359548419713973999e-02,2.274829894304275513e-01,-6.444315910339355469e-01,-3.821605443954467773e-01,-8.439219594001770020e-01,-4.692134559154510498e-01,-7.568812966346740723e-01,-8.622005581855773926e-01,-4.840571284294128418e-01,-9.229249954223632812e-01,-6.112830042839050293e-01,-9.541569352149963379e-01,-7.889399304986000061e-03,-9.520879983901977539e-01
7.168143391609191895e-01,4.431824088096618652e-01,6.445134878158569336e-01,1.150872945785522461e+00,6.215932369232177734e-01,-2.194094508886337280e-01,4.822815954685211182e-01,6.054319143295288086e-01,1.327318310737609863e+00,2.229335755109786987e-01,-1.370372056961059570e+00,3.660735785961151123e-01,-7.397034168243408203e-01,8.789212703704833984e-01,1.416382789611816406e+00,9.741778373718261719e-01,5.008732676506042480e-01,7.674385905265808105e-01,1.073785781860351562e+00,6.566636562347412109e-01
2.225334346294403076e-01,-1.376188397407531738e+00,-4.946803450584411621e-01,-5.690113306045532227e-01,2.181387543678283691e-01,-3.234024047851562500e-01,1.616658806800842285e+00,-3.408246934413909912e-01,-1.210185408592224121e+00,1.093372851610183716e-01,-4.256877303123474121e-01,-9.221664071083068848e-01,-2.096989870071411133e+00,1.998271495103836060e-01,5.416560918092727661e-02,6.482828259468078613e-01,1.515483856201171875e-01,-1.930849254131317139e-01,-1.409896463155746460e-01,-2.867692410945892334e-01
-7.653412222862243652e-01,-2.229783087968826294e-01,2.216158956289291382e-01,-1.920881271362304688e+00,-7.568435668945312500e-01,-4.980964958667755127e-01,-1.454549282789230347e-01,-1.060622692108154297e+00,-3.942302465438842773e-01,2.907593011856079102e+00,-2.051697969436645508e+00,-3.786851465702056885e-01,-3.649885058403015137e-01,-4.127371907234191895e-01,-1.761627644300460815e-01,-6.743296384811401367e-01,2.561051212251186371e-02,-5.382230877876281738e-01,2.547064051032066345e-02,-2.436849623918533325e-01
-2.992334365844726562e+00,-2.246772289276123047e+00,-7.187333703041076660e-01,-1.650096535682678223e+00,-1.321372270584106445e+00,-1.180452227592468262e+00,-1.755360722541809082e+00,-2.434494256973266602e+00,-1.635541677474975586e+00,-1.649222254753112793e+00,-2.667683362960815430e+00,-9.551547765731811523e-01,-1.697429895401000977e+00,-1.487330198287963867e+00,-1.419339179992675781e+00,-9.496495723724365234e-01,-1.366876363754272461e+00,-1.059090137481689453e+00,-1.994270324707031250e+00,-1.487204194068908691e+00
-4.540155529975891113e-01,4.526035487651824951e-01,8.939036130905151367e-01,1.251453518867492676e+00,-3.626099601387977600e-02,4.007608890533447266e-01,2.511728107929229736e-01,1.182447791099548340e+00,6.812647581100463867e-01,-1.670893728733062744e-01,3.242982551455497742e-02,3.794636428356170654e-01,2.542340457439422607e-01,-1.011144556105136871e-02,1.611462473869323730e+00,4.886248111724853516e-01,1.629076719284057617e+00,-2.002189457416534424e-01,-1.835988312959671021e-01,3.569374978542327881e-01
-3.674528300762176514e-01,-4.129147529602050781e-01,-4.580964446067810059e-01,-1.227428436279296875e+00,8.804568648338317871e-01,-8.960428833961486816e-01,-1.114688396453857422e+00,-3.715515136718750000e-01,-1.901899695396423340e+00,-8.952229022979736328e-01,-3.315940797328948975e-01,-4.825598001480102539e-01,-1.463261365890502930e+00,-4.135529398918151855e-01,-1.074651360511779785e+00,-4.014410674571990967e-01,-7.170400023460388184e-02,-7.087075114250183105e-01,-3.975917398929595947e-01,-9.172248244285583496e-01
-8.924514800310134888e-02,1.235792279243469238e+00,5.463767051696777344e-01,1.039046645164489746e+00,8.912348747253417969e-01,1.316467761993408203e+00,-1.989827156066894531e-01,-6.609151512384414673e-02,6.934350728988647461e-01,1.072686072438955307e-02,-5.230366587638854980e-01,5.357643365859985352e-01,2.981053888797760010e-01,1.780979275703430176e+00,-1.934965699911117554e-01,1.858239248394966125e-02,2.705194950103759766e-01,2.820583619177341461e-02,9.034820795059204102e-01,5.155527591705322266e-01
-8.800977468490600586e-01,-2.221093624830245972e-01,-5.205928087234497070e-01,-3.200863599777221680e-01,-7.683776021003723145e-01,-1.942467242479324341e-01,-7.689987868070602417e-02,-2.556625604629516602e-01,-1.175091981887817383e+00,-3.813675940036773682e-01,2.094803750514984131e-01,-3.836083114147186279e-01,-3.919125199317932129e-01,-2.010586738586425781e+00,-2.835046350955963135e-01,2.905575633049011230e-01,-9.235602021217346191e-01,2.175850272178649902e-01,-8.748281598091125488e-01,-1.232857704162597656e+00
-7.356452941894531250e-01,-1.438338458538055420e-01,4.468672871589660645e-01,4.400592744350433350e-01,-8.596327900886535645e-01,3.831859230995178223e-01,-2.192940860986709595e-01,2.781018912792205811e-01,-7.838169932365417480e-01,-1.716272830963134766e-01,-3.211385011672973633e-01,1.794972717761993408e-01,7.958267927169799805e-01,4.365396499633789062e-01,1.880377233028411865e-01,-5.161638259887695312e-01,5.649556517601013184e-01,-3.909756839275360107e-01,3.297265470027923584e-01,9.037753939628601074e-01
-1.023485302925109863e+00,-9.078659415245056152e-01,-7.668540626764297485e-02,-6.836977005004882812e-01,-1.893937587738037109e-01,-1.010788559913635254e+00,-1.930383145809173584e-01,1.661419421434402466e-01,-1.205702781677246094e+00,-1.162822961807250977e+00,-1.137133002281188965e+00,-9.159174561500549316e-01,-7.107638120651245117e-01,-1.507838964462280273e+00,-1.011870503425598145e+00,-4.417912960052490234e-01,-1.828001618385314941e+00,2.643535733222961426e-01,-9.225499033927917480e-01,-1.076314523816108704e-01
-4.468820989131927490e-01,-2.809380888938903809e-01,-2.072870731353759766e-01,-4.411050379276275635e-01,-2.157059013843536377e-01,1.265170723199844360e-01,-8.406426310539245605e-01,3.805021345615386963e-01,3.164627254009246826e-01,5.675539970397949219e-01,-6.827457994222640991e-02,1.064957857131958008e+00,-7.582033276557922363e-01,1.464421600103378296e-01,2.625903785228729248e-01,-9.093014895915985107e-02,-1.167124509811401367e+00,-7.545812726020812988e-01,-4.821230843663215637e-02,-1.895477622747421265e-02
1.183257579803466797e+00,6.555318832397460938e-02,-4.515927731990814209e-01,-3.735992684960365295e-02,-9.819359779357910156e-01,-2.213656455278396606e-01,4.194569587707519531e-01,4.201155304908752441e-01,1.303777694702148438e+00,6.158632040023803711e-01,5.340695381164550781e-01,-1.176405251026153564e-01,8.597192168235778809e-01,5.355578660964965820e-01,2.973340451717376709e-01,7.680957913398742676e-01,8.018456101417541504e-01,-1.995573788881301880e-01,4.506934881210327148e-01,3.891296088695526123e-01
-1.623193979263305664e+00,-8.659853786230087280e-02,-3.083448112010955811e-01,-1.160842657089233398e+00,-1.299975752830505371e+00,-5.761511325836181641e-01,-3.413446545600891113e-01,4.638819769024848938e-02,6.690577417612075806e-02,-3.091026544570922852e-01,7.840942591428756714e-03,-5.042989850044250488e-01,-1.269328236579895020e+00,-7.464489936828613281e-01,-7.659959197044372559e-01,2.675305679440498352e-02,3.506457433104515076e-02,-2.208312034606933594e+00,-1.125652670860290527e+00,-6.361131072044372559e-01
1.607791483402252197e-01,5.147060155868530273e-01,1.330933332443237305e+00,1.164680123329162598e+00,1.239265799522399902e+00,1.044071793556213379e+00,8.287069201469421387e-01,6.469731926918029785e-01,-3.280800282955169678e-01,4.663326740264892578e-01,2.201530933380126953e+00,8.905146270990371704e-02,1.897204518318176270e+00,7.653289437294006348e-01,1.544952154159545898e+00,1.102569222450256348e+00,1.299049496650695801e+00,7.160205841064453125e-01,1.707829475402832031e+00,9.621813297271728516e-01
-4.046594500541687012e-01,-8.667426109313964844e-01,-5.218700766563415527e-01,5.696969628334045410e-01,2.449212670326232910e-01,-5.286003351211547852e-01,-7.226941585540771484e-01,-3.479959368705749512e-01,-9.987556338310241699e-01,-3.957415521144866943e-01,-4.183886945247650146e-01,-9.304955601692199707e-01,-5.038468837738037109e-01,-3.370037972927093506e-01,4.963808357715606689e-01,-8.544939160346984863e-01,-4.604475200176239014e-01,-2.437223643064498901e-01,1.651973128318786621e-01,-6.743387877941131592e-02
6.666625142097473145e-01,1.134029984474182129e+00,5.034289956092834473e-01,-6.785025000572204590e-01,1.254169940948486328e+00,-2.020958513021469116e-01,1.045907258987426758e+00,3.605319559574127197e-01,6.878966093063354492e-01,8.765289783477783203e-01,1.379045695066452026e-01,8.134324550628662109e-01,5.548551082611083984e-01,-2.109166532754898071e-01,1.181168556213378906e+00,4.868175461888313293e-02,9.558591842651367188e-01,6.321775913238525391e-01,1.117465972900390625e+00,-9.237109422683715820e-01
2.712637662887573242e+00,1.632372021675109863e+00,1.712710976600646973e+00,1.764423489570617676e+00,1.210764765739440918e+00,8.705418705940246582e-01,6.401100158691406250e-01,1.955605506896972656e+00,1.775439977645874023e+00,9.518852829933166504e-01,1.032941699028015137e+00,2.872282862663269043e-01,1.358872890472412109e+00,1.114503383636474609e+00,1.174891710281372070e+00,1.140230059623718262e+00,1.454403042793273926e+00,1.240816712379455566e+00,2.411764860153198242e+00,1.153760671615600586e+00
-8.531911373138427734e-01,8.447927832603454590e-01,3.517455458641052246e-01,3.778596222400665283e-01,-5.275391936302185059e-01,-1.439190506935119629e-01,-4.321801662445068359e-01,-3.848101496696472168e-01,-3.351404070854187012e-01,3.979904949665069580e-01,-4.044766724109649658e-01,-2.381383627653121948e-01,-2.716189622879028320e-01,-1.021874785423278809e+00,-4.574975073337554932e-01,-1.141685396432876587e-01,-9.531830251216888428e-02,-4.026720821857452393e-01,4.491968154907226562e-01,-1.647011786699295044e-01
-1.447220593690872192e-01,3.633975386619567871e-01,2.666969597339630127e-01,-1.589070320129394531e+00,-1.296845078468322754e-01,-1.188445568084716797e+00,-2.940922975540161133e-01,-1.864868551492691040e-01,-3.638091981410980225e-01,3.559347689151763916e-01,-3.131676912307739258e-01,-9.022841453552246094e-01,-2.050052881240844727e-01,-1.117202997207641602e+00,-4.107155203819274902e-01,4.448271095752716064e-01,2.789709866046905518e-01,3.032690882682800293e-01,7.411185503005981445e-01,4.042208790779113770e-01
-1.137252330780029297e+00,-1.829158544540405273e+00,-1.772991299629211426e+00,-4.699673652648925781e-01,-2.488029718399047852e+00,-1.095077276229858398e+00,-7.088682651519775391e-01,-1.599997043609619141e+00,-9.569740295410156250e-01,-9.861418008804321289e-01,-2.586785793304443359e+00,-8.346753716468811035e-01,-8.119638562202453613e-01,-1.882509469985961914e+00,-3.993670642375946045e-01,-1.894961476325988770e+00,-1.192942857742309570e+00,-9.048828482627868652e-01,-1.139592170715332031e+00,-2.528087794780731201e-01
7.097068428993225098e-01,6.114894151687622070e-01,1.022572517395019531e+00,1.792258381843566895e+00,1.730892658233642578e+00,-8.042962849140167236e-02,7.105188965797424316e-01,9.190003871917724609e-01,2.732993364334106445e+00,8.119202256202697754e-01,1.317314147949218750e+00,4.863139688968658447e-01,-3.864636123180389404e-01,8.534277677536010742e-01,3.489000499248504639e-01,3.137627243995666504e-01,9.394051432609558105e-01,8.952157497406005859e-01,2.124167233705520630e-01,6.110338568687438965e-01
-2.281745672225952148e+00,-5.385535769164562225e-03,4.382257461547851562e-01,-5.387400388717651367e-01,-5.890842676162719727e-01,1.434318184852600098e+00,-1.266494154930114746e+00,1.382213383913040161e-01,-5.950227379798889160e-01,-1.032602667808532715e+00,3.169343769550323486e-01,-7.242800593376159668e-01,-3.305886685848236084e-01,-4.950615167617797852e-01,-3.853512927889823914e-02,3.518645465373992920e-01,-4.804857969284057617e-01,1.446342319250106812e-01,-7.415935993194580078e-01,-9.846227169036865234e-01
-3.881515562534332275e-01,-1.742278337478637695e+00,-4.039921462535858154e-01,-5.846897959709167480e-01,-4.680653810501098633e-01,-6.907455921173095703e-01,-5.537775754928588867e-01,-6.723049283027648926e-01,-1.703454852104187012e+00,-1.051837921142578125e+00,-4.024353623390197754e-01,-1.261747241020202637e+00,-1.816664934158325195e+00,-9.639979004859924316e-01,-1.849202275276184082e+00,-7.574808597564697266e-01,-5.102193951606750488e-01,-1.145184159278869629e+00,-2.726536750793457031e+00,-1.824814230203628540e-01
1.081324577331542969e+00,1.002498865127563477e+00,1.316871881484985352e+00,1.320474386215209961e+00,5.950265526771545410e-01,9.431993365287780762e-01,1.534920454025268555e+00,4.019957184791564941e-01,7.725113034248352051e-01,1.286878705024719238e+00,-5.072679743170738220e-02,1.052817225456237793e+00,3.272337317466735840e-01,1.313150405883789062e+00,9.351119995117187500e-01,8.056126236915588379e-01,5.070844292640686035e-01,1.446262240409851074e+00,5.892254710197448730e-01,5.437129735946655273e-01
-3.817252218723297119e-01,-2.040604650974273682e-01,-8.417060375213623047e-01,-7.898960113525390625e-01,-8.270794153213500977e-01,-1.969187498092651367e+00,-7.721996903419494629e-01,2.793902456760406494e-01,7.941199094057083130e-02,-8.871946334838867188e-01,-9.232665896415710449e-01,-4.337795972824096680e-01,-1.029605865478515625e+00,-5.635219216346740723e-01,-4.744658172130584717e-01,2.909294366836547852e-01,-6.099820137023925781e-01,-1.838264912366867065e-01,-6.803656220436096191e-01,-5.653726458549499512e-01
1.644066691398620605e+00,2.818858623504638672e-01,6.813452839851379395e-01,2.278684377670288086e+00,5.521442294120788574e-01,3.602599799633026123e-01,1.763884782791137695e+00,1.437997817993164062e+00,1.321107029914855957e+00,8.220937848091125488e-01,1.146687626838684082e+00,9.316233396530151367e-01,1.522489666938781738e+00,1.393977284431457520e+00,1.242466807365417480e+00,1.296641945838928223e+00,2.996915340423583984e+00,1.539536356925964355e+00,1.277575135231018066e+00,1.633723258972167969e+00
1.351742863655090332e+00,-3.194882571697235107e-01,3.511947989463806152e-01,-2.794705629348754883e-01,7.181276679039001465e-01,-5.125325918197631836e-01,-4.847627282142639160e-01,2.912290096282958984e-01,1.377518534660339355e+00,6.169151067733764648e-01,1.080700635910034180e+00,-1.741626858711242676e-01,-5.970829725265502930e-01,2.455895990133285522e-01,-8.652584552764892578e-01,-2.149526178836822510e-01,-7.814738750457763672e-01,-1.388103216886520386e-01,-8.197950720787048340e-01,-1.667914539575576782e-01
-1.251983046531677246e+00,-3.129823803901672363e-01,-1.198449254035949707e+00,-1.120550274848937988e+00,-4.307937622070312500e-01,-1.449080348014831543e+00,-5.603977441787719727e-01,-1.008861780166625977e+00,2.420519590377807617e-01,-9.659239053726196289e-01,-2.384019374847412109e+00,-1.930979609489440918e+00,-9.083653092384338379e-01,-1.314661145210266113e+00,-5.890189409255981445e-01,-5.596259832382202148e-01,-6.381329894065856934e-01,-2.313200712203979492e+00,-6.546205282211303711e-01,-2.451685070991516113e-01
-1.041793599724769592e-01,-1.958621591329574585e-01,-4.687505662441253662e-01,-3.276410698890686035e-01,-2.902837097644805908e-01,-1.244716405868530273e+00,-5.695711374282836914e-01,-9.863198548555374146e-02,5.676938965916633606e-02,-2.903247177600860596e-01,1.922097057104110718e-01,-2.120156288146972656e-01,3.149489462375640869e-01,4.909060150384902954e-02,-9.473750591278076172e-01,-1.087910294532775879e+00,-1.070720076560974121e+00,-4.510874748229980469e-01,-1.238523125648498535e+00,-3.867927193641662598e-01
-4.363407790660858154e-01,-2.742654085159301758e+00,-1.170320510864257812e+00,-5.607426762580871582e-01,-1.242141872644424438e-01,1.702833771705627441e-01,-3.899202644824981689e-01,2.058255225419998169e-01,1.441483020782470703e+00,-9.719796478748321533e-02,-1.405693311244249344e-02,-6.791572570800781250e-01,-1.059349417686462402e+00,-6.924015879631042480e-01,-2.058192938566207886e-01,2.993997037410736084e-01,2.671219408512115479e-02,-3.526740372180938721e-01,-2.795447826385498047e+00,-4.454132020473480225e-01
-7.487542629241943359e-01,-7.746775150299072266e-01,-1.792021282017230988e-02,-4.911016821861267090e-01,-1.044735550880432129e+00,-3.059687912464141846e-01,1.522550918161869049e-02,4.227474629878997803e-01,-4.032868444919586182e-01,2.036020904779434204e-02,-1.000843524932861328e+00,-1.268139004707336426e+00,-2.421718388795852661e-01,-2.364436537027359009e-01,-1.157186150550842285e+00,-2.650844156742095947e-01,-1.261211514472961426e+00,-7.133992910385131836e-01,-5.706313848495483398e-01,-3.742012977600097656e-01
2.185771940276026726e-03,7.929629087448120117e-01,1.801976412534713745e-01,7.806061506271362305e-01,-3.118869662284851074e-01,4.788579344749450684e-01,1.004657149314880371e+00,1.425055027008056641e+00,-2.025907039642333984e-01,1.033343672752380371e-01,1.640004754066467285e+00,1.401586055755615234e+00,4.170824885368347168e-01,1.921872347593307495e-01,4.293936192989349365e-01,1.021667957305908203e+00,4.515490531921386719e-01,-3.432144224643707275e-01,4.793412983417510986e-01,-1.567982912063598633e+00
-3.191156089305877686e-01,4.338102415204048157e-02,-1.027993559837341309e+00,-2.273899167776107788e-01,-2.609382569789886475e-01,1.375871598720550537e-01,-1.097460985183715820e+00,-3.445831239223480225e-01,9.109083414077758789e-01,4.126020967960357666e-01,-9.064745903015136719e-01,-3.661680817604064941e-01,4.592173397541046143e-01,-2.809616029262542725e-01,2.597982585430145264e-01,-1.102280735969543457e+00,-3.283582329750061035e-01,-7.163209319114685059e-01,-5.282366275787353516e-01,1.013865590095520020e+00
-4.385825693607330322e-01,4.558890312910079956e-02,-1.804672241210937500e+00,-3.076815009117126465e-01,1.761918962001800537e-01,-1.099818851798772812e-02,-1.400848627090454102e+00,-4.122304320335388184e-01,-6.417885422706604004e-01,-1.600069046020507812e+00,-6.816627979278564453e-01,-5.829800963401794434e-01,-6.432260274887084961e-01,-2.904595434665679932e-01,-1.653491973876953125e+00,1.122417971491813660e-01,-2.730463147163391113e-01,-1.812558770179748535e+00,-4.447281956672668457e-01,-6.363978385925292969e-01
-7.865335345268249512e-01,-1.010920643806457520e+00,-3.165482357144355774e-02,-1.506195306777954102e+00,-2.399197667837142944e-01,2.533352077007293701e-01,-1.170268893241882324e+00,-8.444932103157043457e-02,-1.716025233268737793e+00,-1.176777243614196777e+00,-1.179075956344604492e+00,2.157763689756393433e-01,-8.065444827079772949e-01,-1.131401300430297852e+00,-3.836586773395538330e-01,-1.101475477218627930e+00,-2.227907776832580566e-01,-5.105804800987243652e-01,-1.067753583192825317e-01,-1.087210103869438171e-01
2.835452795028686523e+00,2.108626604080200195e+00,2.209866285324096680e+00,1.842316269874572754e+00,1.862056255340576172e+00,1.198434233665466309e+00,2.100410223007202148e+00,2.307145833969116211e+00,1.690947413444519043e+00,1.158732652664184570e+00,1.528844237327575684e+00,2.581193208694458008e+00,2.420454263687133789e+00,2.978225946426391602e+00,1.644419074058532715e+00,2.537244319915771484e+00,2.176853895187377930e+00,1.644374728202819824e+00,1.270174384117126465e+00,6.202316284179687500e-01
1.484710216522216797e+00,9.518603086471557617e-01,-3.924210965633392334e-01,7.895753383636474609e-01,3.782441616058349609e-01,6.867514252662658691e-01,1.147861957550048828e+00,1.762629449367523193e-01,6.279262900352478027e-01,2.468666315078735352e+00,7.746642231941223145e-01,1.395815014839172363e-01,7.147123217582702637e-01,1.211432218551635742e+00,4.597500264644622803e-01,2.459760665893554688e+00,2.507402896881103516e-01,6.109848022460937500e-01,1.598145127296447754e+00,-3.003305494785308838e-01
1.008227109909057617e+00,2.551357448101043701e-01,4.073503911495208740e-01,8.956978321075439453e-01,-1.557806134223937988e-01,3.804056048393249512e-01,-7.941885292530059814e-02,2.816289067268371582e-01,-7.621562480926513672e-02,7.490646839141845703e-01,6.101563572883605957e-01,3.640120625495910645e-01,7.400740981101989746e-01,3.519028425216674805e-01,2.546410083770751953e+00,8.424392938613891602e-01,-1.580114126205444336e+00,4.756790101528167725e-01,2.896074950695037842e-01,7.268362045288085938e-01
1.866005182266235352e+00,9.396503567695617676e-01,5.671700835227966309e-01,3.228558003902435303e-01,2.322027683258056641e-01,8.483701944351196289e-02,4.302081167697906494e-01,7.383823394775390625e-01,5.381053686141967773e-01,1.038965702056884766e+00,-2.437422722578048706e-01,-3.585330545902252197e-01,4.263753890991210938e-01,1.267274856567382812e+00,3.972611129283905029e-01,2.977047443389892578e+00,7.159412503242492676e-01,7.020370960235595703e-01,-4.485519826412200928e-01,9.490209817886352539e-01
-1.034134626388549805e+00,-1.014990806579589844e+00,1.159388124942779541e-01,-1.090327739715576172e+00,-1.820950984954833984e+00,-9.246011376380920410e-01,-5.908314585685729980e-01,-6.586847901344299316e-01,-1.823036909103393555e+00,-5.781713128089904785e-01,-7.138776779174804688e-01,-5.815067291259765625e-01,-8.784739971160888672e-01,-2.138299465179443359e+00,6.223248243331909180e-01,4.992227256298065186e-02,-2.605178952217102051e-01,-5.540711432695388794e-02,-7.017798423767089844e-01,-3.720684945583343506e-01
-4.506740868091583252e-01,-7.382614016532897949e-01,-5.956801772117614746e-01,-5.314126014709472656e-01,-1.480380296707153320e+00,-6.929079294204711914e-01,-4.766679406166076660e-01,-5.203841328620910645e-01,-1.136987805366516113e+00,1.057171449065208435e-01,-3.700318634510040283e-01,1.016507074236869812e-01,-2.167028903961181641e+00,-1.507679373025894165e-01,6.671993732452392578e-01,3.106308579444885254e-01,-9.125274419784545898e-01,3.691034615039825439e-01,-7.809985280036926270e-01,2.724540531635284424e-01
1.840578913688659668e-01,4.216308891773223877e-01,1.393029928207397461e+00,4.178043827414512634e-02,1.170406699180603027e+00,9.173304438591003418e-01,-1.954606771469116211e-01,1.032535433769226074e+00,-9.168139100074768066e-01,-7.533462345600128174e-02,9.672901034355163574e-01,4.788755476474761963e-01,4.195043444633483887e-01,8.023351430892944336e-01,6.917772293090820312e-01,1.945136070251464844e+00,1.188977837562561035e+00,3.169921934604644775e-01,1.047197818756103516e+00,4.096463322639465332e-01
1.156825304031372070e+00,9.697522521018981934e-01,2.137155532836914062e+00,4.160455763339996338e-01,1.356733322143554688e+00,6.302604675292968750e-01,4.398591220378875732e-01,1.267907977104187012e+00,1.514690637588500977e+00,6.069923043251037598e-01,1.698617100715637207e+00,5.209293961524963379e-01,6.051095724105834961e-01,7.070713043212890625e-01,2.050890207290649414e+00,9.444081783294677734e-01,2.035179138183593750e+00,1.417179107666015625e+00,7.609724998474121094e-01,3.313409686088562012e-01
2.273500680923461914e+00,9.651718139648437500e-01,3.026872873306274414e-01,1.147590041160583496e+00,1.618192553520202637e+00,-5.076767504215240479e-02,2.496208429336547852e+00,1.376365661621093750e+00,-7.934530079364776611e-02,6.622325181961059570e-01,-7.671402692794799805e-01,1.418281048536300659e-01,6.243343949317932129e-01,3.568901419639587402e-01,3.934378623962402344e-01,1.007905244827270508e+00,-6.173483729362487793e-01,5.428588986396789551e-01,-2.361622303724288940e-01,5.650308728218078613e-01
8.301689624786376953e-01,-5.326605439186096191e-01,-5.496016144752502441e-01,-1.414518594741821289e+00,-1.559181213378906250e+00,-7.841421961784362793e-01,-7.151782512664794922e-01,-1.074346750974655151e-01,-8.785383701324462891e-01,-8.377872109413146973e-01,-1.084412217140197754e+00,-6.774423122406005859e-01,-1.092976808547973633e+00,-7.930573225021362305e-01,-1.064265131950378418e+00,-6.319116950035095215e-01,-1.782572627067565918e+00,-5.007790327072143555e-01,-2.573226690292358398e-01,-7.611351013183593750e-01
8.507186770439147949e-01,9.998059868812561035e-01,4.640703797340393066e-01,3.688084185123443604e-01,-1.720141321420669556e-01,3.454659283161163330e-01,7.813813090324401855e-01,-2.374665439128875732e-01,-6.303897500038146973e-01,-1.393921077251434326e-01,4.949648380279541016e-01,-8.858568966388702393e-02,1.611402928829193115e-01,7.086179405450820923e-02,-1.996179372072219849e-01,5.379878282546997070e-01,8.052003383636474609e-01,-3.768614828586578369e-01,3.204941451549530029e-01,1.528140306472778320e+00
7.975185662508010864e-02,-4.449050724506378174e-01,3.143010437488555908e-01,-1.431998610496520996e-01,-3.404406905174255371e-01,-4.421418607234954834e-01,-3.658687472343444824e-01,1.908382773399353027e-01,-2.230397015810012817e-01,4.831247627735137939e-01,-1.678422689437866211e-01,-2.822036743164062500e-01,-5.454514026641845703e-01,9.750181436538696289e-01,6.824763864278793335e-02,-1.007537469267845154e-01,-4.823968112468719482e-01,8.611132204532623291e-02,1.620013475418090820e+00,-4.514057934284210205e-01
-1.552891880273818970e-01,9.315969944000244141e-01,2.446657419204711914e+00,6.463568210601806641e-01,1.044435381889343262e+00,9.939783215522766113e-01,4.900474548339843750e-01,2.111144661903381348e-01,1.314621567726135254e+00,6.279501914978027344e-01,1.296055555343627930e+00,3.920637965202331543e-01,1.702230572700500488e+00,9.472514986991882324e-01,7.978723645210266113e-01,6.938242912292480469e-01,1.367388248443603516e+00,1.004814743995666504e+00,-2.392171621322631836e-01,4.938023686408996582e-01
5.044257640838623047e-01,4.826332926750183105e-01,1.039397001266479492e+00,-4.202172458171844482e-01,1.169754743576049805e+00,1.871786475181579590e+00,1.605491399765014648e+00,1.820319533348083496e+00,1.238296747207641602e+00,3.947497010231018066e-01,9.288097620010375977e-01,5.603091716766357422e-01,4.389191567897796631e-01,1.023579835891723633e+00,1.298320412635803223e+00,4.882859289646148682e-01,-3.047041296958923340e-01,7.904230356216430664e-01,1.848982691764831543e+00,1.411714076995849609e+00
-3.729049563407897949e-01,-6.169895529747009277e-01,-9.190167188644409180e-01,1.826699227094650269e-01,5.855182409286499023e-01,8.068239688873291016e-01,7.646703720092773438e-01,1.044851660728454590e+00,-2.669976055622100830e-01,1.767283380031585693e-01,-2.119609862565994263e-01,-4.530059099197387695e-01,2.500534057617187500e-01,-5.089790821075439453e-01,-6.237021684646606445e-01,9.954708069562911987e-02,-8.904978632926940918e-01,-4.827372133731842041e-01,1.030407428741455078e+00,5.744553357362747192e-02
-4.268460869789123535e-01,-6.149407625198364258e-01,-1.592615008354187012e+00,-9.720659255981445312e-01,-2.537007927894592285e-01,-8.523483276367187500e-01,-1.159775137901306152e+00,3.819212913513183594e-01,-2.271769344806671143e-01,-1.055055737495422363e+00,-9.694636464118957520e-01,-2.961200773715972900e-01,5.271971821784973145e-01,-1.673553735017776489e-01,-1.040275573730468750e+00,-1.931461691856384277e-01,6.988479197025299072e-02,2.127641886472702026e-01,-5.047869682312011719e-01,-9.130012392997741699e-01
-4.752604067325592041e-01,-1.177190065383911133e+00,-6.108281016349792480e-01,-7.360807061195373535e-01,-3.237217068672180176e-01,-1.243492245674133301e+00,2.351824492216110229e-01,-1.071354150772094727e+00,-2.063421308994293213e-01,2.410159856081008911e-01,7.315900176763534546e-02,-5.757164359092712402e-01,-1.583498358726501465e+00,-6.410430073738098145e-01,-2.520835161209106445e+00,-4.513292610645294189e-01,6.546667814254760742e-01,-3.038796782493591309e-01,-5.718222856521606445e-01,-1.001041412353515625e+00
5.287610292434692383e-01,-6.737893819808959961e-01,-3.771175146102905273e-01,2.375566214323043823e-01,6.560929119586944580e-02,-2.609643042087554932e-01,1.940653622150421143e-01,-9.326761960983276367e-02,3.443724215030670166e-01,-1.406749635934829712e-01,1.179594755172729492e+00,-7.598636299371719360e-02,5.645818114280700684e-01,-4.346921145915985107e-01,-2.429795265197753906e+00,-8.542294502258300781e-01,-1.099042057991027832e+00,-3.299805223941802979e-01,1.014409288763999939e-01,2.023402899503707886e-01
-3.819454908370971680e-01,1.897000074386596680e+00,-3.278305530548095703e-01,2.171144932508468628e-01,-4.110006392002105713e-01,-8.410772681236267090e-01,-3.741301298141479492e-01,1.604311615228652954e-01,-2.613151669502258301e-01,-2.735077619552612305e+00,-1.291579008102416992e-01,-2.516622245311737061e-01,-3.966768085956573486e-01,-3.121720850467681885e-01,-4.245348274707794189e-01,-8.200936913490295410e-01,-1.242513775825500488e+00,-3.383960723876953125e-01,-2.290703356266021729e-02,-2.627235651016235352e-01
-4.103343188762664795e-01,-1.080638408660888672e+00,2.581081390380859375e-01,-5.422639250755310059e-01,-2.362283617258071899e-01,-1.388638839125633240e-02,-5.606886148452758789e-01,1.238204479217529297e+00,-3.231138885021209717e-01,-9.052879810333251953e-01,-7.279785871505737305e-01,-2.113537490367889404e-01,-3.150020241737365723e-01,-1.057887315750122070e+00,-2.108819931745529175e-01,9.693449735641479492e-01,-6.231410428881645203e-02,-4.316870272159576416e-01,-1.241361379623413086e+00,3.400267362594604492e-01
7.917364239692687988e-01,1.384677052497863770e+00,4.398708343505859375e-01,-1.194355040788650513e-01,6.030164957046508789e-01,4.408476054668426514e-01,1.053506493568420410e+00,4.331352114677429199e-01,1.126849889755249023e+00,5.684734582901000977e-01,-4.648746922612190247e-02,-4.481348693370819092e-01,6.482244133949279785e-01,4.589833915233612061e-01,1.113769769668579102e+00,2.632765293121337891e+00,3.079451322555541992e-01,2.368018776178359985e-01,1.082338213920593262e+00,-1.180300265550613403e-01
-6.661238074302673340e-01,-3.156962692737579346e-01,-7.584578394889831543e-01,-1.294748783111572266e+00,-1.438289523124694824e+00,-7.864236831665039062e-01,-1.258272770792245865e-02,-1.697874069213867188e+00,-1.407630562782287598e+00,-1.242980599403381348e+00,-9.335196614265441895e-01,-2.131825387477874756e-01,-1.176963925361633301e+00,-9.221545457839965820e-01,-1.788880825042724609e+00,-6.584339141845703125e-01,-1.798059701919555664e+00,-1.449778199195861816e+00,-1.133946776390075684e+00,-9.425132870674133301e-01
2.099145412445068359e+00,7.125224471092224121e-01,1.294598937034606934e+00,1.291840910911560059e+00,1.396507501602172852e+00,1.291748046875000000e+00,1.206631898880004883e+00,1.495106339454650879e+00,1.198293089866638184e+00,7.918337583541870117e-01,2.304580211639404297e+00,7.540145516395568848e-01,1.513530135154724121e+00,2.223856151103973389e-01,8.956918120384216309e-01,1.979906678199768066e+00,1.726251006126403809e+00,2.669713020324707031e+00,1.007784843444824219e+00,2.785710692405700684e-01
2.782949507236480713e-01,8.490653634071350098e-01,-8.692489266395568848e-01,-9.096631407737731934e-01,-3.399307429790496826e-01,-3.545305728912353516e-01,4.241209924221038818e-01,-4.946964383125305176e-01,2.756326794624328613e-01,-9.423772692680358887e-01,-3.479732573032379150e-01,-9.740284681320190430e-01,5.196836218237876892e-02,-1.099271848797798157e-01,5.221815705299377441e-01,-7.859914302825927734e-01,-6.986289620399475098e-01,-3.559665381908416748e-01,-1.303000152111053467e-01,-2.561160326004028320e-01
2.265610933303833008e+00,2.541523218154907227e+00,2.316614866256713867e+00,1.750467181205749512e+00,2.476506471633911133e+00,1.519483447074890137e+00,2.724341630935668945e+00,1.549279451370239258e+00,2.966285467147827148e+00,1.355994939804077148e+00,2.546911239624023438e+00,1.943637371063232422e+00,1.855059146881103516e+00,1.781496167182922363e+00,1.973453521728515625e+00,2.519557714462280273e+00,2.557151794433593750e+00,2.371011018753051758e+00,1.947495460510253906e+00,1.971946120262145996e+00
1.489309549331665039e+00,1.936998844146728516e+00,2.314033985137939453e+00,2.400215864181518555e+00,1.606170773506164551e+00,2.097270488739013672e+00,1.615452527999877930e+00,2.096551179885864258e+00,1.842207312583923340e+00,1.519165515899658203e+00,1.755544185638427734e+00,2.539398908615112305e+00,2.933813810348510742e+00,8.125448226928710938e-01,2.141894102096557617e+00,2.328766584396362305e+00,2.067262172698974609e+00,1.902842402458190918e+00,2.470052003860473633e+00,2.358444452285766602e+00
-3.234533369541168213e-01,-6.710511445999145508e-01,-8.771109580993652344e-02,6.779841496609151363e-04,3.348050713539123535e-01,-1.883929073810577393e-01,-2.931166589260101318e-01,4.650727212429046631e-01,-4.458743929862976074e-01,-9.680745601654052734e-01,-4.163543507456779480e-02,5.765813589096069336e-01,5.159644484519958496e-01,-3.436240255832672119e-01,-9.722585231065750122e-02,8.423230797052383423e-02,-4.051389694213867188e-01,2.298140078783035278e-01,-5.733027458190917969e-01,-2.297475486993789673e-01
1.222155332565307617e+00,-1.384823471307754517e-01,9.069986343383789062e-01,1.248187661170959473e+00,6.174778342247009277e-01,4.322522580623626709e-01,1.491798877716064453e+00,1.626609683036804199e+00,1.148210525512695312e+00,8.913008570671081543e-01,2.620302438735961914e+00,1.466384530067443848e+00,1.100370645523071289e+00,1.463478088378906250e+00,1.382597565650939941e+00,1.380743861198425293e+00,1.309566736221313477e+00,9.067403674125671387e-01,8.738254904747009277e-01,1.296610474586486816e+00
-1.273294240236282349e-01,4.822075963020324707e-01,-1.001321673393249512e+00,-1.452261805534362793e-01,4.251031875610351562e-01,-5.913359522819519043e-01,-1.684063315391540527e+00,2.739355266094207764e-01,-4.951417744159698486e-01,-2.025949954986572266e-01,-5.694165825843811035e-01,-2.534794509410858154e-01,2.941414415836334229e-01,-4.603069424629211426e-01,-9.236711859703063965e-01,-2.614851295948028564e-01,-3.796445727348327637e-01,-3.306353986263275146e-01,2.125289887189865112e-01,6.028658151626586914e-01
-6.828821897506713867e-01,4.057300090789794922e-01,1.049381017684936523e+00,-2.016358524560928345e-01,-6.254776120185852051e-01,-9.500978887081146240e-02,2.794960737228393555e-01,1.343557983636856079e-01,3.863346874713897705e-01,5.240685343742370605e-01,9.733297824859619141e-01,-1.223148465156555176e+00,-4.109557271003723145e-01,-3.320014178752899170e-01,9.854274988174438477e-01,1.953631490468978882e-01,6.494487524032592773e-01,-6.191696226596832275e-02,8.306713700294494629e-01,9.866711497306823730e-01
8.272590637207031250e-01,2.565289735794067383e+00,5.816236138343811035e-01,5.900678634643554688e-01,7.116233110427856445e-01,-3.204370290040969849e-02,6.927112936973571777e-01,1.336023211479187012e+00,3.500697612762451172e-01,3.867881894111633301e-01,1.595781370997428894e-02,5.957940816879272461e-01,2.316475629806518555e+00,1.295585155487060547e+00,1.134726285934448242e+00,5.553054213523864746e-01,7.755174040794372559e-01,6.527251601219177246e-01,4.167440533638000488e-01,2.518051862716674805e+00
-3.720834851264953613e-01,4.753223657608032227e-01,1.099905610084533691e+00,-9.679407626390457153e-02,8.548940420150756836e-01,4.067658782005310059e-01,-5.757167339324951172e-01,3.375188410282135010e-01,1.454408466815948486e-02,-2.343413084745407104e-01,4.947223663330078125e-01,-1.971068382263183594e-01,1.064317107200622559e+00,7.628971338272094727e-01,-1.887564919888973236e-02,2.477432966232299805e+00,3.227107822895050049e-01,1.163274049758911133e+00,1.103824138641357422e+00,3.578808903694152832e-01
2.573591470718383789e-01,-2.908099591732025146e-01,2.242897897958755493e-01,-4.554566144943237305e-01,5.597307085990905762e-01,-5.251951813697814941e-01,-5.930578112602233887e-01,-1.696893125772476196e-01,-3.315707147121429443e-01,-2.261867076158523560e-01,-4.059932231903076172e-01,1.196115612983703613e-01,3.255212903022766113e-01,-1.773575991392135620e-01,9.484136700630187988e-01,-2.362130135297775269e-01,-1.733670234680175781e+00,-8.927128314971923828e-01,5.870652198791503906e-02,5.476387143135070801e-01
9.788476228713989258e-01,7.063821703195571899e-02,6.894831657409667969e-01,3.013661690056324005e-02,-2.048227190971374512e-01,-7.813291624188423157e-03,-2.437254227697849274e-02,6.706371903419494629e-01,6.320312619209289551e-01,8.060000538825988770e-01,-3.230215236544609070e-02,-1.411664932966232300e-01,1.992506980895996094e-01,3.950730860233306885e-01,-2.868202626705169678e-01,6.107102036476135254e-01,-2.130698598921298981e-02,1.124162793159484863e+00,8.242093324661254883e-01,1.191523194313049316e+00
7.370373606681823730e-01,9.529484510421752930e-01,3.474727272987365723e-01,3.523421585559844971e-01,-7.459565997123718262e-01,5.167952775955200195e-01,7.751477956771850586e-01,-2.343359142541885376e-01,-4.991500675678253174e-01,7.360461354255676270e-01,-3.412550985813140869e-01,9.880068302154541016e-01,1.366147100925445557e-01,4.547527730464935303e-01,-4.910646975040435791e-01,3.430880010128021240e-01,3.885610401630401611e-01,4.805593490600585938e-01,7.769413292407989502e-02,1.789849877357482910e+00
5.104558467864990234e-01,1.918319702148437500e+00,4.741636514663696289e-01,-1.286215335130691528e-01,-3.288999497890472412e-01,-4.586333930492401123e-01,1.301883608102798462e-01,1.399756669998168945e-01,4.125750064849853516e-01,-1.579454094171524048e-01,2.667699456214904785e-01,4.394061565399169922e-01,-1.091847866773605347e-01,-3.520674407482147217e-01,5.518034696578979492e-01,4.219698309898376465e-01,-4.580009579658508301e-01,5.618155375123023987e-02,-8.950861692428588867e-01,2.100669890642166138e-01
1.848515272140502930e-01,9.712777137756347656e-01,-2.566787004470825195e-01,-1.249790042638778687e-01,-3.082467615604400635e-01,-3.380901813507080078e-01,-2.242437005043029785e-01,7.805044651031494141e-01,1.246341764926910400e-01,-1.529078781604766846e-01,3.203072845935821533e-01,-1.114650815725326538e-01,-2.256957590579986572e-01,4.445662796497344971e-01,5.417341589927673340e-01,-1.281223297119140625e-01,1.215360984206199646e-01,-1.336942017078399658e-01,-7.136932015419006348e-01,8.375816941261291504e-01
1.586614012718200684e+00,1.610506296157836914e+00,1.471889317035675049e-01,1.262895464897155762e+00,2.099206894636154175e-01,5.619643926620483398e-01,4.659318327903747559e-01,6.910662055015563965e-01,1.400859951972961426e+00,6.713948249816894531e-01,1.403149962425231934e+00,7.375689148902893066e-01,1.099632024765014648e+00,-5.797224044799804688e-01,4.988327324390411377e-01,4.381729960441589355e-01,2.028232365846633911e-01,-4.004850387573242188e-01,3.544869720935821533e-01,9.310563206672668457e-01
-5.612484812736511230e-01,-1.489064335823059082e+00,-1.883184552192687988e+00,1.179808974266052246e-01,-1.060925960540771484e+00,-9.846706390380859375e-01,-1.387279272079467773e+00,-1.459183692932128906e+00,-1.378764271736145020e+00,-1.005167365074157715e+00,-2.709594070911407471e-01,-6.763774752616882324e-01,-9.633288383483886719e-01,-2.392269819974899292e-01,-5.494459867477416992e-01,9.285616874694824219e-02,-7.545595765113830566e-01,-3.895841836929321289e-01,1.731958985328674316e-01,-1.120158195495605469e+00
-1.108079552650451660e+00,2.992454469203948975e-01,-1.769870817661285400e-01,-2.807036638259887695e-01,3.043136000633239746e-01,1.527773290872573853e-01,-1.791153430938720703e+00,-1.338026374578475952e-01,-5.892565250396728516e-01,-7.655463814735412598e-01,-4.163853228092193604e-01,-2.439600974321365356e-01,4.429108500480651855e-01,1.305665820837020874e-01,-1.566676646471023560e-01,1.465921252965927124e-01,-4.852079451084136963e-01,1.486482739448547363e+00,-1.456980109214782715e-01,5.761502981185913086e-01
-3.203618526458740234e-01,3.947661519050598145e-01,-5.488957762718200684e-01,-1.151059627532958984e+00,-4.406834840774536133e-01,-4.360364973545074463e-01,-2.824433147907257080e-01,-1.916257262229919434e+00,-8.628564476966857910e-01,-2.886453270912170410e-01,-5.235063433647155762e-01,-7.939481735229492188e-01,-6.465529203414916992e-01,3.364667762070894241e-03,2.127078473567962646e-01,-4.989529550075531006e-01,7.072908878326416016e-01,-4.242210090160369873e-01,5.252843722701072693e-02,1.355850100517272949e-01
1.102505326271057129e+00,-1.248883903026580811e-01,3.268271088600158691e-01,-3.033718764781951904e-01,9.521641731262207031e-01,8.718052506446838379e-02,6.277490854263305664e-01,4.779070615768432617e-01,3.595527708530426025e-01,-1.041868478059768677e-01,-8.814425468444824219e-01,3.604510426521301270e-01,7.016244530677795410e-01,-9.493299126625061035e-01,-1.016025185585021973e+00,-5.654791593551635742e-01,2.976096272468566895e-01,2.331200391054153442e-01,1.010391637682914734e-01,-6.011119857430458069e-02
-6.789727210998535156e-01,1.893740594387054443e-01,-1.777620166540145874e-01,-8.830087780952453613e-01,6.192424520850181580e-02,-2.665135562419891357e-01,8.839244246482849121e-01,1.481215804815292358e-01,-6.689318418502807617e-01,-4.804942309856414795e-01,4.537443518638610840e-01,1.072117462754249573e-01,3.287649452686309814e-01,-1.018098354339599609e+00,-2.158190906047821045e-01,-5.919718369841575623e-02,3.777931332588195801e-01,3.653181493282318115e-01,1.868416368961334229e-01,3.884590268135070801e-01
-3.553896844387054443e-01,-2.034348808228969574e-02,-5.895830988883972168e-01,-1.023828268051147461e+00,-2.662773132324218750e+00,-7.233450412750244141e-01,6.834778934717178345e-02,-1.523486226797103882e-01,-5.776252150535583496e-01,-3.963350355625152588e-01,-8.215507268905639648e-01,-8.627463579177856445e-01,6.678791046142578125e-01,-9.177776575088500977e-01,-6.385427713394165039e-01,1.244469955563545227e-01,4.806531593203544617e-02,-9.220353960990905762e-01,-4.615107476711273193e-01,-1.021828770637512207e+00
1.819797158241271973e+00,-5.328930020332336426e-01,1.886433809995651245e-01,3.172172307968139648e-01,-6.103852391242980957e-01,-4.399318993091583252e-01,-2.802088558673858643e-01,3.674386441707611084e-01,9.515150189399719238e-01,5.390084385871887207e-01,1.726352870464324951e-01,-5.630685091018676758e-01,1.826428622007369995e-01,-5.162057876586914062e-01,1.469470709562301636e-01,3.484470546245574951e-01,-3.014568686485290527e-01,-1.579365879297256470e-01,-1.674365282058715820e+00,5.299987792968750000e-01
-1.085556507110595703e+00,-1.056238532066345215e+00,-7.119019031524658203e-01,-2.601332068443298340e-01,-8.424704670906066895e-01,-9.918088912963867188e-01,-8.452883958816528320e-01,-1.171215344220399857e-02,-1.661959171295166016e+00,-8.206355571746826172e-01,-1.009657263755798340e+00,-1.228572130203247070e+00,-2.064368963241577148e+00,-1.099572062492370605e+00,-3.320764303207397461e-01,-2.032196521759033203e+00,-4.561062902212142944e-03,-1.404228806495666504e+00,-1.233548760414123535e+00,-8.830635547637939453e-01
-4.510556161403656006e-01,-5.614153742790222168e-01,-8.198171854019165039e-01,-8.036420345306396484e-01,-1.131594538688659668e+00,-1.059749484062194824e+00,-1.158689022064208984e+00,-1.104722142219543457e+00,-5.700813531875610352e-01,-4.471328258514404297e-01,-4.441340267658233643e-01,-3.150802850723266602e-01,-1.811241388320922852e+00,-1.051743149757385254e+00,-5.095601677894592285e-01,-5.139147043228149414e-01,-5.179520696401596069e-02,-6.540417075157165527e-01,-6.043384671211242676e-01,9.196098148822784424e-02
1.038208246231079102e+00,-1.366321444511413574e-01,-2.072390019893646240e-01,-7.024862617254257202e-02,-6.810921430587768555e-01,-6.418184041976928711e-01,-3.928026556968688965e-01,-3.665517866611480713e-01,3.956544995307922363e-01,1.274438858032226562e+00,1.195914268493652344e+00,4.122219383716583252e-01,-5.422417521476745605e-01,-6.872090101242065430e-01,8.417446613311767578e-01,-3.306332230567932129e-02,2.938671112060546875e-01,-8.461531400680541992e-01,-3.746806085109710693e-01,-7.488857507705688477e-01
1.581105947494506836e+00,2.135492563247680664e+00,2.754417657852172852e+00,1.170697569847106934e+00,2.005266189575195312e+00,1.378868937492370605e+00,1.444533586502075195e+00,1.270942926406860352e+00,1.797553658485412598e+00,1.711120605468750000e+00,2.285232782363891602e+00,1.431683778762817383e+00,1.666970133781433105e+00,1.048132061958312988e+00,1.341752529144287109e+00,1.876052498817443848e+00,1.781320214271545410e+00,1.634442210197448730e+00,2.536673307418823242e+00,2.037502765655517578e+00
1.117486119270324707e+00,1.028796672821044922e+00,1.542230486869812012e+00,7.675194144248962402e-01,2.831221103668212891e+00,7.644199132919311523e-01,8.068321943283081055e-01,1.032590031623840332e+00,4.382935762405395508e-01,8.151581883430480957e-01,1.059306621551513672e+00,7.833254337310791016e-02,4.160400629043579102e-01,4.787816703319549561e-01,1.629823923110961914e+00,9.255092740058898926e-01,8.957991003990173340e-01,6.306793093681335449e-01,9.702538847923278809e-01,1.395850658416748047e+00
-9.065180420875549316e-01,-1.033177375793457031e+00,-5.517112612724304199e-01,-9.888067245483398438e-01,3.968312740325927734e-01,8.812730759382247925e-02,-1.115821838378906250e+00,9.388539791107177734e-01,-9.033701419830322266e-01,-7.656634449958801270e-01,-8.294735550880432129e-01,-6.022447347640991211e-01,-1.051178693771362305e+00,-5.243017338216304779e-03,-9.113963246345520020e-01,-3.541482388973236084e-01,-1.296576738357543945e+00,-1.619481682777404785e+00,-4.294353127479553223e-01,-7.226197719573974609e-01
-9.584673643112182617e-01,1.295618414878845215e-01,3.603523671627044678e-01,7.435494661331176758e-02,-9.327747225761413574e-01,-4.342526793479919434e-01,3.168889880180358887e-02,-1.233610987663269043e+00,-8.906229734420776367e-01,-9.802938103675842285e-01,1.815457791090011597e-01,-9.299063682556152344e-01,4.085817039012908936e-01,-5.507711768150329590e-01,7.720404863357543945e-02,2.240276038646697998e-01,-4.059021770954132080e-01,-1.078806042671203613e+00,-1.270685195922851562e+00,-7.985625863075256348e-01
9.675714373588562012e-01,1.206393957138061523e+00,1.629227161407470703e+00,1.572277426719665527e+00,2.119459390640258789e+00,1.171942710876464844e+00,4.196833372116088867e-01,1.659894824028015137e+00,7.341246008872985840e-01,7.490332126617431641e-01,1.025137782096862793e+00,7.592628598213195801e-01,2.279826402664184570e+00,1.062662363052368164e+00,3.702518343925476074e-01,1.178685545921325684e+00,1.609444022178649902e+00,1.160532832145690918e+00,1.423019647598266602e+00,9.977496266365051270e-01
-2.114534616470336914e+00,-1.633794784545898438e+00,-1.854002237319946289e+00,-1.478274703025817871e+00,-2.307907342910766602e+00,-1.830812454223632812e+00,-1.488896250724792480e+00,-1.680380940437316895e+00,-1.299472093582153320e+00,-9.395036697387695312e-01,-1.838387131690979004e+00,-2.437743902206420898e+00,-1.352177858352661133e+00,-1.075955986976623535e+00,-1.528269290924072266e+00,-2.633694648742675781e+00,-2.392570972442626953e+00,-1.135032057762145996e+00,-8.177312016487121582e-01,-1.641395688056945801e+00
9.967240691184997559e-01,8.850617408752441406e-01,1.872660279273986816e+00,-1.927635222673416138e-01,7.320602536201477051e-01,-2.327498942613601685e-01,6.526502966880798340e-01,1.273779392242431641e+00,5.756433606147766113e-01,4.630790650844573975e-01,1.187193036079406738e+00,-3.173924982547760010e-01,6.056277547031641006e-03,4.755889773368835449e-01,7.727334499359130859e-01,2.780926227569580078e-01,3.650940954685211182e-01,-2.222300469875335693e-01,-8.991746306419372559e-01,7.632677555084228516e-01
3.704607486724853516e-01,2.506452798843383789e-01,-2.162014991044998169e-01,-3.982883691787719727e-01,-3.404779732227325439e-01,2.630453407764434814e-01,6.636306643486022949e-02,3.382212519645690918e-01,-1.645134836435317993e-01,-8.571851253509521484e-01,4.011318087577819824e-01,5.593898892402648926e-01,-5.251441597938537598e-01,3.546678125858306885e-01,-1.240283325314521790e-01,-4.346647560596466064e-01,-4.359566867351531982e-01,-6.052570343017578125e-01,1.190308257937431335e-01,1.800504862330853939e-03
-9.176984429359436035e-01,-6.013907790184020996e-01,4.146838486194610596e-01,-1.084905147552490234e+00,7.632668018341064453e-01,3.097326159477233887e-01,-1.104165077209472656e+00,1.589043736457824707e-01,-4.400074779987335205e-01,-1.892580389976501465e-01,-9.993131756782531738e-01,-9.894500970840454102e-01,-5.384070873260498047e-01,-1.765668690204620361e-01,-5.314196944236755371e-01,4.923390150070190430e-01,1.001467853784561157e-01,-1.252641797065734863e+00,-1.612474918365478516e-01,-7.340356707572937012e-02
3.200488090515136719e-01,-4.722317457199096680e-01,-7.368069887161254883e-01,-1.896712779998779297e-01,-1.409148216247558594e+00,-2.496157437562942505e-01,-1.044155001640319824e+00,2.915911749005317688e-02,-4.521028697490692139e-01,-1.826126873493194580e-01,-1.199537754058837891e+00,-3.434112966060638428e-01,-1.080417037010192871e+00,-5.063883066177368164e-01,1.723445653915405273e-01,3.735087215900421143e-01,-3.935655057430267334e-01,-1.006933808326721191e+00,-1.341035962104797363e+00,6.542348861694335938e-01
-1.202380537986755371e+00,-1.010081410408020020e+00,-1.476208448410034180e+00,-1.799476504325866699e+00,-1.043947696685791016e+00,-1.092975974082946777e+00,-1.084955930709838867e+00,2.640683352947235107e-01,-2.199283838272094727e+00,-1.358906269073486328e+00,-2.452976942062377930e+00,-1.633020639419555664e+00,-9.586694836616516113e-01,-9.543016552925109863e-01,-1.947995543479919434e+00,-1.441730260848999023e+00,-5.738244056701660156e-01,-1.499671697616577148e+00,-9.598293900489807129e-01,-1.482081413269042969e+00
-1.242066979408264160e+00,-8.932175040245056152e-01,-1.261877655982971191e+00,-3.717602193355560303e-01,-1.174126267433166504e+00,-1.326734066009521484e+00,-1.754558444023132324e+00,-6.265197396278381348e-01,-7.268829941749572754e-01,-7.752832770347595215e-01,-1.492048501968383789e+00,-5.552309751510620117e-01,-3.412279188632965088e-01,-2.063486099243164062e+00,-1.114432215690612793e+00,-2.366548299789428711e+00,-1.974562108516693115e-01,-1.294983744621276855e+00,-7.536300420761108398e-01,-4.811968505382537842e-01
2.685495138168334961e+00,5.594218373298645020e-01,1.080555796623229980e+00,1.134781360626220703e+00,-8.834458887577056885e-02,4.072225391864776611e-01,1.429740190505981445e+00,1.046960592269897461e+00,5.389154553413391113e-01,5.491385459899902344e-01,1.347747564315795898e+00,1.543512105941772461e+00,-2.530799806118011475e-01,5.858358144760131836e-01,9.268781542778015137e-01,1.260465979576110840e+00,3.497836291790008545e-01,-4.506906270980834961e-01,-2.293988019227981567e-01,7.416213154792785645e-01
-4.544711709022521973e-01,-4.560875892639160156e-02,-8.205611109733581543e-01,2.230478525161743164e-01,2.404796928167343140e-01,1.121286869049072266e+00,-3.008735179901123047e-01,4.155340790748596191e-01,3.677924275398254395e-01,-3.299895524978637695e-01,-1.270315498113632202e-01,-4.483246505260467529e-01,5.003898739814758301e-01,-2.562707066535949707e-01,-1.086433053016662598e+00,2.780721783638000488e-01,1.467318058013916016e+00,-2.126220315694808960e-01,1.445448845624923706e-01,-9.590100497007369995e-02
-4.977506995201110840e-01,1.615388095378875732e-01,-1.110141992568969727e+00,-1.023547410964965820e+00,-7.842451930046081543e-01,-6.720532774925231934e-01,-9.586675167083740234e-01,-8.878012001514434814e-02,-9.305298924446105957e-01,-1.023335218429565430e+00,1.717663742601871490e-02,-1.894574314355850220e-01,-1.108178734779357910e+00,3.739416599273681641e-01,-7.563545703887939453e-01,2.844385504722595215e-01,1.076529324054718018e-01,-4.066134691238403320e-01,4.641647636890411377e-01,-5.411911606788635254e-01
1.752126336097717285e+00,1.079354882240295410e+00,2.433873653411865234e+00,4.420154690742492676e-01,6.642308831214904785e-01,5.991118550300598145e-01,1.188974231481552124e-01,6.755248904228210449e-01,9.775606989860534668e-01,8.018630743026733398e-01,1.279965996742248535e+00,3.611042499542236328e-01,-1.349401921033859253e-01,1.224551200866699219e+00,5.803715586662292480e-01,1.084661483764648438e+00,1.468984603881835938e+00,6.614379286766052246e-01,-2.730015516281127930e-01,1.042219877243041992e+00
-2.436554431915283203e+00,-9.777049422264099121e-01,-1.376079082489013672e+00,-1.403949975967407227e+00,-1.800070643424987793e+00,-1.049405813217163086e+00,-1.248777985572814941e+00,-1.205035924911499023e+00,-8.396059870719909668e-01,-1.987591505050659180e+00,-7.541894912719726562e-01,-2.187035083770751953e+00,-1.795510888099670410e+00,-9.264669418334960938e-01,-1.887473940849304199e+00,-2.163269042968750000e+00,-9.835792183876037598e-01,-7.100482583045959473e-01,-3.326858878135681152e-01,-1.547454476356506348e+00
-9.914090037345886230e-01,-4.748345017433166504e-01,-5.203163027763366699e-01,2.543701529502868652e-01,2.995106391608715057e-03,2.272550612688064575e-01,-3.925389051437377930e-01,-7.400366663932800293e-01,-1.672530293464660645e+00,3.820985853672027588e-01,5.582318305969238281e-01,-1.968212842941284180e+00,-1.775654703378677368e-01,-1.215139180421829224e-01,-9.601283669471740723e-01,3.771151900291442871e-01,-2.014879435300827026e-01,-1.882082819938659668e-01,5.395807623863220215e-01,-2.602427005767822266e-01
-1.685035586357116699e+00,-1.457050323486328125e+00,3.923538327217102051e-02,-9.265540242195129395e-01,-1.107592821121215820e+00,-6.776204109191894531e-01,-2.344273328781127930e+00,-8.680726289749145508e-01,-3.001061081886291504e-01,-2.850297689437866211e-01,-1.272699475288391113e+00,-1.264008164405822754e+00,-9.717156291007995605e-01,-9.440453648567199707e-01,4.137595593929290771e-01,-4.822593331336975098e-01,-7.614990472793579102e-01,-1.452507376670837402e+00,-3.135499060153961182e-01,-2.491555452346801758e+00
7.151576876640319824e-01,2.078593522310256958e-01,7.285913825035095215e-01,4.817527234554290771e-01,6.290943622589111328e-01,1.805808305740356445e+00,1.414120674133300781e+00,-8.525588512420654297e-01,4.213197529315948486e-01,8.560875058174133301e-01,1.031126141548156738e+00,-4.315043687820434570e-01,1.067018270492553711e+00,8.268528580665588379e-01,6.648601293563842773e-01,2.528396248817443848e-01,6.188067793846130371e-01,2.566921412944793701e-01,1.083962798118591309e+00,2.905954837799072266e+00
-1.641725778579711914e+00,-1.898650676012039185e-01,-1.143308401107788086e+00,-6.391471028327941895e-01,-1.375528931617736816e+00,-1.622889637947082520e+00,-1.805774420499801636e-01,-3.154815137386322021e-01,7.139059156179428101e-02,-1.021189808845520020e+00,2.175003290176391602e-01,-5.105137228965759277e-01,-1.197912216186523438e+00,3.610179424285888672e-01,-1.287258505821228027e+00,-2.777188122272491455e-01,-9.504074454307556152e-01,-8.555202484130859375e-01,-7.284973263740539551e-01,-5.949052572250366211e-01
