5.875922441482543945e-01,-1.911560535430908203e+00,-1.762520432472229004e+00,1.978271007537841797e+00,-5.196157097816467285e-01,7.312236428260803223e-01,-2.652772665023803711e+00,4.480527341365814209e-01,3.137831389904022217e-01,8.459836244583129883e-01,-2.656849622726440430e+00,9.070553183555603027e-01,-1.944837689399719238e+00,1.871159315109252930e+00,-2.414161682128906250e+00,2.716967463493347168e-01,1.893084883689880371e+00,-1.665604561567306519e-01,-3.136993944644927979e-01,-1.172672435641288757e-01
1.427182674407958984e+00,-1.932307958602905273e+00,-2.254036903381347656e+00,-6.469089388847351074e-01,2.345834821462631226e-01,4.038675874471664429e-02,-1.240827322006225586e+00,4.321973025798797607e-01,-8.553906679153442383e-01,3.215563595294952393e-01,-5.775585770606994629e-01,1.475031018257141113e+00,-1.436344027519226074e+00,-1.587948322296142578e+00,7.488723397254943848e-01,-2.774529218673706055e+00,-2.151658058166503906e+00,-5.025425553321838379e-01,1.417396068572998047e+00,2.999590873718261719e+00
2.978027760982513428e-01,-2.590035200119018555e+00,4.589530527591705322e-01,1.498693972826004028e-01,-2.221904277801513672e+00,-2.648480415344238281e+00,-9.377764463424682617e-01,-2.265033960342407227e+00,5.077868117950856686e-04,6.582555770874023438e-01,-4.328119754791259766e-01,-5.921159386634826660e-01,2.395308017730712891e+00,2.308802127838134766e+00,-2.599859476089477539e+00,-2.176088809967041016e+00,-1.650815248489379883e+00,1.318969249725341797e+00,-2.871365070343017578e+00,1.419704437255859375e+00
1.008558988571166992e+00,7.029347419738769531e-01,-1.958326935768127441e+00,-6.156891584396362305e-01,1.236401081085205078e+00,2.790518760681152344e+00,-1.639820218086242676e+00,-9.506038427352905273e-01,-1.379168629646301270e+00,-7.383164763450622559e-01,7.709985226392745972e-02,5.652788877487182617e-01,-1.007207274436950684e+00,2.432024717330932617e+00,6.807944774627685547e-01,-2.083274841308593750e+00,1.953943490982055664e+00,-1.605380773544311523e+00,-4.463410973548889160e-01,-2.761527299880981445e+00
1.067320257425308228e-01,9.692866206169128418e-01,-3.152408301830291748e-01,1.766695618629455566e+00,-1.455562114715576172e+00,6.006410717964172363e-01,-2.200324058532714844e+00,-7.938479185104370117e-01,3.878499865531921387e-01,-2.968751668930053711e+00,6.214902997016906738e-01,-2.463089227676391602e+00,9.006597399711608887e-01,-2.439438819885253906e+00,-1.572834491729736328e+00,-2.202640771865844727e+00,-2.859308719635009766e+00,1.591799855232238770e+00,-2.415541887283325195e+00,8.733952641487121582e-01
1.590734958648681641e+00,7.488838434219360352e-01,-3.157253563404083252e-01,1.446324825286865234e+00,1.515145540237426758e+00,-3.123192489147186279e-01,-2.949137449264526367e+00,-5.641232728958129883e-01,7.197018712759017944e-02,-1.384217888116836548e-01,-1.945079565048217773e+00,-2.538495063781738281e+00,-1.031619191169738770e+00,2.259569883346557617e+00,-1.755106091499328613e+00,4.520700871944427490e-01,-2.476244926452636719e+00,-2.695150375366210938e+00,1.760854244232177734e+00,-1.217969536781311035e+00
1.422361850738525391e+00,2.318712711334228516e+00,-2.420042753219604492e+00,-1.807218432426452637e+00,-2.766410708427429199e-01,1.899744391441345215e+00,-1.267004489898681641e+00,-7.917348742485046387e-01,-1.493031978607177734e+00,-4.072149395942687988e-01,-2.724456489086151123e-01,-4.116607904434204102e-01,-8.936984539031982422e-01,-1.689352512359619141e+00,-1.425990581512451172e+00,-6.382133960723876953e-01,-1.015793919563293457e+00,-4.474476873874664307e-01,1.101482510566711426e+00,1.950400233268737793e+00
8.389267921447753906e-01,-1.055789828300476074e+00,-2.046289145946502686e-01,-2.593293428421020508e+00,-2.877467632293701172e+00,1.070118665695190430e+00,-2.979094505310058594e+00,-2.220592498779296875e+00,-2.059371232986450195e+00,-8.036681413650512695e-01,-9.734297394752502441e-01,-1.180109977722167969e+00,8.973144292831420898e-01,-2.402697563171386719e+00,-1.067436099052429199e+00,-6.143347546458244324e-02,-1.523961544036865234e+00,9.163837432861328125e-01,2.805959463119506836e+00,-1.960225462913513184e+00
-1.418031811714172363e+00,1.277636528015136719e+00,-8.893609642982482910e-01,-1.703273355960845947e-01,-1.654724836349487305e+00,-4.414471387863159180e-01,-6.868243217468261719e-01,2.002086162567138672e+00,-2.858568191528320312e+00,-6.596082448959350586e-01,6.818028688430786133e-01,1.574924111366271973e+00,9.735187888145446777e-01,-5.725000500679016113e-01,5.449349991977214813e-03,-1.709046721458435059e+00,-1.658148318529129028e-02,6.608210802078247070e-01,1.567416429519653320e+00,-9.892609119415283203e-01
3.359859287738800049e-01,-2.661938667297363281e+00,2.953210473060607910e-01,-4.743127822875976562e-01,-1.219512224197387695e+00,2.385135293006896973e-01,-5.310384631156921387e-01,-2.135050445795059204e-01,9.389204978942871094e-01,1.850345283746719360e-01,2.279529809951782227e+00,-2.654834985733032227e+00,2.114094495773315430e+00,4.736603498458862305e-01,1.688508272171020508e+00,-7.620280981063842773e-01,-2.437406301498413086e+00,-1.758850932121276855e+00,-2.017086982727050781e+00,-7.568781971931457520e-01
1.084455490112304688e+00,-1.313876867294311523e+00,1.015069365501403809e+00,2.758484840393066406e+00,2.651793241500854492e+00,1.512654900550842285e+00,-7.351745367050170898e-01,-2.514536619186401367e+00,-7.466784119606018066e-01,-2.111735288053750992e-03,-1.344471931457519531e+00,1.020196318626403809e+00,1.606866002082824707e+00,-6.210011243820190430e-01,-1.496285200119018555e+00,-8.435415625572204590e-01,-1.149142861366271973e+00,9.850549101829528809e-01,-1.296835422515869141e+00,-1.884980440139770508e+00
2.869982644915580750e-02,-4.808500111103057861e-01,-7.835122942924499512e-01,-1.052874624729156494e-01,3.499468564987182617e-01,-1.875267148017883301e+00,-1.022179126739501953e+00,-6.728764176368713379e-01,-2.755842924118041992e+00,2.931968450546264648e+00,2.694058179855346680e+00,1.382261067628860474e-01,-2.562590241432189941e-01,-9.026142954826354980e-01,-1.752534151077270508e+00,-1.425807356834411621e+00,-8.508740067481994629e-01,-2.828581094741821289e+00,1.707963466644287109e+00,1.929563403129577637e+00
-1.581368803977966309e+00,2.378175735473632812e+00,7.740788161754608154e-02,-9.107595682144165039e-01,7.123091816902160645e-01,-7.002615332603454590e-01,-2.092505931854248047e+00,2.580374002456665039e+00,-1.690737366676330566e+00,-1.241735935211181641e+00,-2.065462589263916016e+00,-8.690427541732788086e-01,1.714194297790527344e+00,-1.089337229728698730e+00,-2.378484964370727539e+00,-9.634036421775817871e-01,-1.220093131065368652e+00,1.871523857116699219e+00,-1.327231049537658691e+00,1.407652974128723145e+00
-1.386734694242477417e-01,-1.940963268280029297e+00,1.184505701065063477e+00,1.382642745971679688e+00,-4.963504374027252197e-01,9.274559020996093750e-01,-2.364686250686645508e+00,2.286977291107177734e+00,1.491091489791870117e+00,-6.459667682647705078e-01,-2.002527952194213867e+00,-2.652048826217651367e+00,1.297463893890380859e+00,1.725899457931518555e+00,-1.966672182083129883e+00,2.786697387695312500e+00,-2.474489688873291016e+00,-2.417788982391357422e+00,-8.447290062904357910e-01,-2.576329469680786133e+00
-1.590534329414367676e+00,-1.833648920059204102e+00,1.539433717727661133e+00,2.485896050930023193e-01,1.172746866941452026e-01,1.375323414802551270e+00,-1.554193973541259766e+00,1.428331136703491211e+00,-4.738655984401702881e-01,1.063918709754943848e+00,-2.538661241531372070e+00,1.854609131813049316e+00,6.123631000518798828e-01,5.768889784812927246e-01,-1.097925901412963867e+00,-2.889725446701049805e+00,-2.988218963146209717e-01,-8.581376075744628906e-01,-2.244240045547485352e+00,-2.122815132141113281e+00
2.093395471572875977e+00,1.652876377105712891e+00,-5.877582430839538574e-01,2.391939401626586914e+00,-6.124688982963562012e-01,2.720647811889648438e+00,6.621066331863403320e-01,-4.063878655433654785e-01,-9.106339812278747559e-01,-2.014302253723144531e+00,-2.804828882217407227e+00,3.360191583633422852e-01,-2.177513122558593750e+00,-2.430215179920196533e-01,2.010261714458465576e-01,9.529855251312255859e-01,-2.231877088546752930e+00,2.184642314910888672e+00,-6.062325239181518555e-01,-5.085567235946655273e-01
-2.315591573715209961e+00,3.536162674427032471e-01,-5.574089288711547852e-01,8.097190260887145996e-01,2.663940906524658203e+00,1.454002857208251953e+00,7.234638333320617676e-01,-1.333834696561098099e-02,-1.989620089530944824e+00,-2.556483745574951172e-01,-5.338824987411499023e-01,1.991306543350219727e+00,-2.682178258895874023e+00,-1.017928481101989746e+00,2.849124670028686523e+00,-2.854120492935180664e+00,1.794636368751525879e+00,-1.635665774345397949e+00,-7.426614165306091309e-01,-4.913835823535919189e-01
3.536433679983019829e-03,4.748120009899139404e-01,-5.228877067565917969e-01,-1.245600581169128418e+00,-1.603220820426940918e+00,1.914396286010742188e+00,1.933143854141235352e+00,2.814391136169433594e+00,1.056261062622070312e+00,-5.158481001853942871e-01,1.442518353462219238e+00,1.712346196174621582e+00,-3.050098419189453125e-01,-2.685710430145263672e+00,1.728928327560424805e+00,-1.677560687065124512e+00,-6.017622351646423340e-01,-2.282699346542358398e+00,-1.317630648612976074e+00,-1.422123074531555176e+00
1.459992766380310059e+00,2.669710814952850342e-01,1.837703138589859009e-01,-2.246063947677612305e+00,-2.285894155502319336e+00,7.197830677032470703e-01,-5.063697099685668945e-01,6.258639693260192871e-02,6.335520744323730469e-01,2.635758161544799805e+00,1.702037811279296875e+00,-2.658469200134277344e+00,7.698662877082824707e-01,-3.310245275497436523e-01,-2.332387685775756836e+00,-1.909584045410156250e+00,-1.426085591316223145e+00,-2.058739662170410156e+00,-8.371462821960449219e-01,5.233907699584960938e-01
7.066925168037414551e-01,2.319726467132568359e+00,1.255747437477111816e+00,6.997911334037780762e-01,6.091940999031066895e-01,1.748947739601135254e+00,9.004355072975158691e-01,-2.245665550231933594e+00,4.803840070962905884e-02,-1.738762974739074707e+00,-2.142188549041748047e+00,1.431676983833312988e+00,2.533961236476898193e-01,-7.779000997543334961e-01,9.486987590789794922e-01,3.129873871803283691e-01,-1.875260949134826660e+00,3.610650300979614258e-01,-1.746190428733825684e+00,-1.398210644721984863e+00
1.006505265831947327e-01,2.908230066299438477e+00,3.885644078254699707e-01,2.337073385715484619e-01,-7.756354808807373047e-01,1.645566344261169434e+00,9.982227087020874023e-01,2.476980447769165039e+00,1.034589186310768127e-01,3.244278207421302795e-02,-2.178628444671630859e+00,-6.174763441085815430e-01,1.917835712432861328e+00,5.399322509765625000e-01,1.063584923744201660e+00,-1.036624670028686523e+00,-2.959852695465087891e+00,1.551956415176391602e+00,-2.811352491378784180e+00,-1.915417909622192383e+00
2.032649517059326172e+00,7.576770186424255371e-01,-1.787377715110778809e+00,-8.356993794441223145e-01,9.667509198188781738e-01,9.215720891952514648e-01,4.535033702850341797e-01,2.063534498214721680e+00,-4.375845193862915039e-01,-1.540199756622314453e+00,-4.260642454028129578e-02,1.257375359535217285e+00,2.296386241912841797e+00,2.136446475982666016e+00,-9.800774455070495605e-01,-1.019222021102905273e+00,-2.688898801803588867e+00,1.271647453308105469e+00,-6.518577039241790771e-02,2.880160212516784668e-01
1.412585973739624023e-01,2.713728845119476318e-01,-1.145366907119750977e+00,3.659952580928802490e-01,-1.220703005790710449e+00,1.664058566093444824e+00,2.397028207778930664e+00,-1.638528943061828613e+00,9.199830293655395508e-01,1.202225565910339355e+00,2.700360298156738281e+00,1.665903806686401367e+00,-1.944197058677673340e+00,-2.330847978591918945e+00,1.780104756355285645e+00,-5.874442458152770996e-01,-1.917277574539184570e+00,-9.640960097312927246e-01,-1.916853427886962891e+00,-1.684804677963256836e+00
8.004634976387023926e-01,4.915246963500976562e-01,5.745911002159118652e-01,-1.063536524772644043e+00,-2.660194635391235352e+00,3.842995762825012207e-01,-1.730879783630371094e+00,2.002972602844238281e+00,1.435548543930053711e+00,1.449725627899169922e-01,1.393492426723241806e-02,-1.836716413497924805e+00,-1.720522522926330566e+00,-1.000436305999755859e+00,-2.131912469863891602e+00,2.469244748353958130e-01,-2.782308816909790039e+00,7.674685716629028320e-01,2.750850200653076172e+00,1.864253878593444824e-01
1.737627983093261719e+00,-7.888342142105102539e-01,-8.298959136009216309e-01,1.372778654098510742e+00,-2.714555501937866211e+00,2.391178607940673828e+00,-2.427626132965087891e+00,-2.664019584655761719e+00,-2.977833449840545654e-01,1.424120068550109863e+00,3.930467069149017334e-01,6.668022871017456055e-01,-4.737260639667510986e-01,1.745491623878479004e+00,-2.466262102127075195e+00,1.719437599182128906e+00,1.675211548805236816e+00,2.345529794692993164e+00,2.264704704284667969e+00,-6.256154775619506836e-01
2.779087305068969727e+00,4.645800292491912842e-01,-7.583324313163757324e-01,2.071274518966674805e+00,-2.621897697448730469e+00,8.273395299911499023e-01,-7.734922766685485840e-01,-1.296176671981811523e+00,-1.286182045936584473e+00,9.863083958625793457e-01,1.694019198417663574e+00,4.029321074485778809e-01,4.360604286193847656e-01,-1.067875623703002930e+00,7.464106082916259766e-01,6.840060949325561523e-01,2.877552032470703125e+00,-1.211818456649780273e+00,-1.638896703720092773e+00,6.163377165794372559e-01
-1.484655857086181641e+00,-2.604085683822631836e+00,-2.197376489639282227e+00,1.484993577003479004e+00,5.599402785301208496e-01,1.766040563583374023e+00,1.702360153198242188e+00,-2.364417076110839844e+00,1.104602694511413574e+00,1.087802410125732422e+00,-7.072977423667907715e-01,-1.200461313128471375e-01,2.184664726257324219e+00,-1.836664319038391113e+00,2.986072562634944916e-02,-2.176044940948486328e+00,2.115524768829345703e+00,-6.566004157066345215e-01,-2.626190662384033203e+00,-2.875089406967163086e+00
1.600717782974243164e+00,1.998094618320465088e-01,-1.172348141670227051e+00,-7.395125627517700195e-01,6.079984307289123535e-01,-1.553006470203399658e-02,-1.968143582344055176e+00,3.741791844367980957e-01,-8.468514680862426758e-01,-6.594044566154479980e-01,-8.372768163681030273e-01,-4.478440880775451660e-01,-1.518729805946350098e+00,-3.941127061843872070e-01,-2.081630229949951172e+00,-6.969645023345947266e-01,-7.984949350357055664e-01,-1.717909693717956543e+00,1.188753768801689148e-01,-1.076687932014465332e+00
1.503700315952301025e-01,2.725272178649902344e+00,7.659081220626831055e-01,7.415492832660675049e-02,-1.552036166191101074e+00,2.891138076782226562e+00,1.229065299034118652e+00,1.350951910018920898e+00,1.233661413192749023e+00,-8.333194851875305176e-01,-2.726126670837402344e+00,1.671903729438781738e+00,-2.155313253402709961e+00,8.515167236328125000e-01,1.747041583061218262e+00,-7.604701519012451172e-01,-2.650378942489624023e+00,-1.999685406684875488e+00,-7.337121963500976562e-01,1.785004973411560059e+00
-2.027279376983642578e+00,-1.355206847190856934e+00,-1.895025491714477539e+00,-4.817817807197570801e-01,-1.851855397224426270e+00,2.502317428588867188e+00,-1.892932415008544922e+00,-1.585847288370132446e-01,-2.577240228652954102e+00,-1.149516105651855469e+00,-2.262558221817016602e+00,-2.730824232101440430e+00,-9.617658704519271851e-02,3.368255198001861572e-01,-1.952619910240173340e+00,2.323517560958862305e+00,-1.117131710052490234e+00,1.709950268268585205e-01,1.190583944320678711e+00,-1.548570632934570312e+00
8.492532968521118164e-01,-8.946176767349243164e-01,2.315025091171264648e+00,4.452109634876251221e-01,-2.445802211761474609e+00,7.859911322593688965e-01,-1.952563375234603882e-01,-4.821109175682067871e-01,-1.531087875366210938e+00,-1.760567665100097656e+00,-1.134126543998718262e+00,1.748244524002075195e+00,-1.598796486854553223e+00,2.667596817016601562e+00,-2.864646196365356445e+00,1.797522664070129395e+00,-1.725843787193298340e+00,-2.221838951110839844e+00,8.323370218276977539e-01,2.352313041687011719e+00
-1.371278405189514160e+00,5.977722406387329102e-01,6.343081593513488770e-01,1.850488066673278809e+00,1.305440545082092285e+00,6.268976926803588867e-01,-2.247074842453002930e+00,2.069310188293457031e+00,-1.511384606361389160e+00,1.092929959297180176e+00,-2.494463205337524414e+00,-1.060872912406921387e+00,1.245264887809753418e+00,-2.560601532459259033e-01,-4.825277626514434814e-01,3.529290854930877686e-01,-2.233439207077026367e+00,-2.296429157257080078e+00,-7.101396918296813965e-01,-9.769103527069091797e-01
-3.038638234138488770e-01,2.745588302612304688e+00,-1.103929281234741211e+00,2.743517160415649414e+00,8.284002542495727539e-01,1.366665482521057129e+00,1.654921650886535645e+00,1.781162858009338379e+00,1.524711728096008301e+00,-3.954463899135589600e-01,-7.250465154647827148e-01,-2.349509716033935547e+00,1.715992450714111328e+00,-2.314633131027221680e+00,-1.559023499488830566e+00,-3.246970176696777344e-01,1.611778259277343750e+00,-6.008570548146963120e-03,-1.665825992822647095e-01,1.437346339225769043e-01
-5.979529619216918945e-01,-2.299474000930786133e+00,-2.114642620086669922e+00,-7.058793306350708008e-01,-2.307259082794189453e+00,-1.099098682403564453e+00,9.324045181274414062e-01,-5.367242097854614258e-01,-1.883653283119201660e+00,8.529875278472900391e-01,7.402610778808593750e-01,4.053764641284942627e-01,2.393153667449951172e+00,-2.980600118637084961e+00,-9.716722965240478516e-01,-1.302162408828735352e+00,-8.632943630218505859e-01,1.003175139427185059e+00,7.745689749717712402e-01,-2.453443288803100586e+00
1.588498234748840332e+00,-1.502004504203796387e+00,-2.884827613830566406e+00,2.355313301086425781e+00,-1.184205770492553711e+00,1.758430004119873047e+00,1.694604635238647461e+00,-2.683791160583496094e+00,1.745421767234802246e+00,-1.592589169740676880e-01,-2.224805593490600586e+00,2.099910259246826172e+00,-6.946288049221038818e-02,2.788715839385986328e+00,1.261946320533752441e+00,-1.720642924308776855e+00,1.676551818847656250e+00,1.574610233306884766e+00,1.412193536758422852e+00,-2.391536235809326172e+00
1.572925448417663574e+00,6.762793660163879395e-01,-1.011336803436279297e+00,2.246808528900146484e+00,1.912062525749206543e+00,2.376298666000366211e+00,-2.361234188079833984e+00,-6.132817268371582031e-01,1.910537838935852051e+00,-1.016007423400878906e+00,5.848542451858520508e-01,1.581259965896606445e+00,3.691957592964172363e-01,1.147501230239868164e+00,9.173073768615722656e-01,6.005191206932067871e-01,-2.091377258300781250e+00,1.800940752029418945e+00,-2.331536054611206055e+00,-9.710915684700012207e-01
1.542732238769531250e+00,3.574723601341247559e-01,7.194648981094360352e-01,5.134758949279785156e-01,-1.971530079841613770e+00,-1.974934786558151245e-01,-9.456159174442291260e-02,-1.414640307426452637e+00,-5.851780176162719727e-01,5.337728857994079590e-01,3.115538060665130615e-01,1.471669197082519531e+00,-9.889423251152038574e-01,1.488012194633483887e+00,2.809087038040161133e-01,-1.103295564651489258e+00,-2.666331768035888672e+00,1.495104312896728516e+00,3.844073042273521423e-02,-1.422161459922790527e+00
-4.679617881774902344e-01,2.475271701812744141e+00,1.763071060180664062e+00,-9.168312549591064453e-01,-2.214850187301635742e+00,-2.207236051559448242e+00,2.613019227981567383e+00,-1.087695956230163574e+00,-2.696594953536987305e+00,2.222696781158447266e+00,1.242487907409667969e+00,9.836484491825103760e-02,-1.429788112640380859e+00,4.477556422352790833e-02,-4.393616318702697754e-01,-1.508541226387023926e+00,3.961654305458068848e-01,-2.463002204895019531e+00,-2.854953765869140625e+00,-2.090802669525146484e+00
-2.708755731582641602e-01,2.389356851577758789e+00,2.245448976755142212e-01,-1.342761516571044922e+00,-6.604502797126770020e-01,-1.299171328544616699e+00,-1.477107256650924683e-01,1.954917669296264648e+00,2.886788845062255859e-01,-9.110755920410156250e-01,1.943299889564514160e+00,-2.334166288375854492e+00,2.268376350402832031e+00,2.824495315551757812e+00,-2.001287698745727539e+00,2.246183156967163086e+00,-2.946062326431274414e+00,1.182970046997070312e+00,-2.133480072021484375e+00,-2.500999450683593750e+00
-4.392799139022827148e-01,-2.007445096969604492e+00,-2.864613294601440430e+00,1.926464915275573730e+00,2.443638801574707031e+00,-1.622209072113037109e+00,-1.661661386489868164e+00,1.767686367034912109e+00,2.266614437103271484e+00,1.335121393203735352e+00,4.274050593376159668e-01,1.568515062332153320e+00,-2.791904926300048828e+00,-5.456807091832160950e-02,1.174169540405273438e+00,-3.673029541969299316e-01,-2.583071231842041016e+00,-1.350842237472534180e+00,6.286525130271911621e-01,1.188220858573913574e+00
1.046043857932090759e-01,-1.084225535392761230e+00,-4.234579503536224365e-01,-2.568905949592590332e-01,1.520693182945251465e+00,-7.262795418500900269e-02,8.651161193847656250e-01,-2.442093610763549805e+00,-1.905106186866760254e+00,-1.639461994171142578e+00,-1.614491790533065796e-01,-1.887129098176956177e-01,7.951011657714843750e-01,1.674578189849853516e+00,-1.807426452636718750e+00,-2.424339771270751953e+00,-1.946822166442871094e+00,1.460756301879882812e+00,-1.959070920944213867e+00,-1.026666760444641113e+00
-2.695201396942138672e+00,1.986121892929077148e+00,-1.935938596725463867e+00,-6.590106338262557983e-02,-1.275058537721633911e-01,-1.231716666370630264e-02,2.396778464317321777e-01,2.396851778030395508e+00,-1.668663859367370605e+00,6.586088538169860840e-01,9.286847114562988281e-01,1.806241273880004883e+00,-3.171041309833526611e-01,-1.787880301475524902e+00,2.778085947036743164e+00,-5.602547526359558105e-01,3.315748572349548340e-01,1.600097537040710449e+00,-1.503082394599914551e+00,-9.361552000045776367e-01
-5.905318260192871094e-01,-8.786605596542358398e-01,2.768081903457641602e+00,-1.895392179489135742e+00,-2.770003557205200195e+00,-9.368118643760681152e-01,-1.906979918479919434e+00,2.526873052120208740e-01,-1.281783819198608398e+00,8.739477992057800293e-01,5.295140743255615234e-01,-2.091642141342163086e+00,-1.511951327323913574e+00,-1.609451174736022949e+00,3.416360914707183838e-01,3.261311650276184082e-01,-2.755337953567504883e+00,-2.939875602722167969e+00,2.165893558412790298e-03,-1.106306195259094238e+00
1.423458099365234375e+00,-1.380450248718261719e+00,1.163820266723632812e+00,2.153311014175415039e+00,-1.219095826148986816e+00,5.285320430994033813e-02,-1.244614481925964355e+00,1.401790738105773926e+00,-1.758990645408630371e+00,1.392526149749755859e+00,-2.662642300128936768e-01,1.536284327507019043e+00,1.794210791587829590e+00,-8.232163190841674805e-01,1.582730174064636230e+00,-1.373760104179382324e+00,-1.469862580299377441e+00,-8.688859343528747559e-01,-1.536431908607482910e+00,-2.373687505722045898e+00
6.012873649597167969e-01,2.634700775146484375e+00,-1.995872259140014648e+00,6.493580341339111328e-01,5.406959652900695801e-01,-1.079412221908569336e+00,-1.215878367424011230e+00,2.885521650314331055e+00,1.195101663470268250e-01,-5.805944800376892090e-01,-1.273049354553222656e+00,1.563565731048583984e+00,-1.371792435646057129e+00,1.766457200050354004e+00,-9.677736163139343262e-01,-1.633570313453674316e+00,5.578708648681640625e-02,1.436600923538208008e+00,-3.040936589241027832e-01,-1.392155170440673828e+00
-7.791059613227844238e-01,-2.755966901779174805e+00,1.893754124641418457e+00,2.388778209686279297e+00,3.427052870392799377e-03,-2.558276891708374023e+00,-7.825228571891784668e-01,-1.021688818931579590e+00,-1.488304495811462402e+00,2.779101610183715820e+00,-1.644114017486572266e+00,-1.144883394241333008e+00,-2.669768929481506348e-01,-2.391809463500976562e+00,-2.846063375473022461e+00,-1.100040793418884277e+00,-1.634625792503356934e+00,-2.738422155380249023e+00,-2.887555122375488281e+00,2.019003629684448242e+00
-1.578561544418334961e+00,-1.306128978729248047e+00,-1.644272446632385254e+00,-1.197313547134399414e+00,-6.299647092819213867e-01,1.088412523269653320e+00,-1.244744062423706055e+00,-3.922191858291625977e-01,-2.875452518463134766e+00,1.477176070213317871e+00,-8.077242374420166016e-01,2.722372770309448242e+00,1.414543986320495605e+00,1.837360501289367676e+00,7.122691869735717773e-01,-2.173994541168212891e+00,4.992558956146240234e-01,-2.148119449615478516e+00,-2.808166265487670898e+00,2.347368478775024414e+00
1.223115324974060059e+00,-7.297590970993041992e-01,1.803459167480468750e+00,-1.920299977064132690e-01,9.901801943778991699e-01,-1.663934230804443359e+00,-1.916683912277221680e+00,-1.333382129669189453e+00,-2.108616352081298828e+00,2.115046262741088867e+00,1.964356899261474609e+00,-6.240767985582351685e-02,-2.706018924713134766e+00,2.303220033645629883e+00,-1.951998770236968994e-01,-1.541362762451171875e+00,-2.694528341293334961e+00,-2.595892190933227539e+00,5.217590332031250000e-01,-1.216109991073608398e+00
1.437729120254516602e+00,7.789062261581420898e-01,-2.695460081100463867e+00,-6.928471922874450684e-01,-2.726845979690551758e+00,-5.936239287257194519e-02,-1.820132255554199219e+00,-2.057043552398681641e+00,5.479057431221008301e-01,-1.236259341239929199e+00,4.920244812965393066e-01,-2.201550483703613281e+00,2.307050943374633789e+00,1.974084973335266113e+00,-4.432348608970642090e-01,1.429493188858032227e+00,5.111662149429321289e-01,2.082827806472778320e+00,-2.372560977935791016e+00,-2.565839052200317383e+00
-1.067450046539306641e+00,-1.052220836281776428e-01,-2.508020162582397461e+00,8.134867250919342041e-02,9.261547923088073730e-01,-9.250634908676147461e-01,1.941061139106750488e+00,2.432675838470458984e+00,-2.559043169021606445e-01,-1.777414441108703613e+00,1.505193948745727539e+00,1.289099335670471191e+00,4.662228226661682129e-01,3.788284063339233398e-01,2.540000975131988525e-01,3.204716742038726807e-01,-1.917339205741882324e+00,-2.092481613159179688e+00,-2.776996850967407227e+00,-2.472228288650512695e+00
7.195373177528381348e-01,6.158174872398376465e-01,-2.016399860382080078e+00,-7.090072035789489746e-01,-2.832439243793487549e-01,1.041501522064208984e+00,-4.834029972553253174e-01,-2.859274148941040039e-01,-2.047368764877319336e+00,5.514116883277893066e-01,2.225104331970214844e+00,2.149052143096923828e+00,-8.509862422943115234e-01,1.360645443201065063e-01,2.882109880447387695e+00,-1.079239249229431152e+00,5.677310824394226074e-01,1.965898752212524414e+00,6.412398219108581543e-01,-1.788024067878723145e+00
5.891085863113403320e-01,-1.351447939872741699e+00,-5.161051750183105469e-01,2.942011654376983643e-01,-5.690723657608032227e-01,9.150536656379699707e-01,-2.472985506057739258e+00,1.899305701255798340e+00,-2.372180938720703125e+00,-2.767364025115966797e+00,6.495735645294189453e-01,-9.185021519660949707e-01,2.770296573638916016e+00,1.951120495796203613e+00,1.206843376159667969e+00,-1.277841210365295410e+00,9.642207026481628418e-01,2.096406221389770508e+00,-2.280503988265991211e+00,1.192407250404357910e+00
-2.084908485412597656e+00,2.767221689224243164e+00,-3.331511616706848145e-01,7.042944431304931641e-01,-1.825497150421142578e+00,1.529128432273864746e+00,-2.281587600708007812e+00,2.763677597045898438e+00,-1.387232065200805664e+00,3.109579905867576599e-02,5.354341119527816772e-02,-2.195635795593261719e+00,2.926701009273529053e-01,-1.290585994720458984e+00,1.114043474197387695e+00,-1.143112659454345703e+00,-9.192186594009399414e-02,2.138343572616577148e+00,-2.060271739959716797e+00,-1.247233390808105469e+00
-9.881581068038940430e-01,-1.914749503135681152e+00,-9.371625185012817383e-01,1.455582380294799805e+00,-1.129040241241455078e+00,1.064956068992614746e+00,-5.414671301841735840e-01,3.180681169033050537e-02,-1.429105877876281738e+00,-1.300363183021545410e+00,-4.154411256313323975e-01,1.447697997093200684e+00,2.081422805786132812e+00,1.797753095626831055e+00,-1.719670534133911133e+00,-2.273844480514526367e+00,-1.645474076271057129e+00,2.425329923629760742e+00,5.284260511398315430e-01,1.165656745433807373e-01
-1.879107594490051270e+00,7.591374516487121582e-01,-2.769711017608642578e+00,2.039125204086303711e+00,-9.685999751091003418e-01,-1.258121371269226074e+00,-1.694918632507324219e+00,1.323625802993774414e+00,-1.877172708511352539e+00,9.064536690711975098e-01,1.373909831047058105e+00,-1.880230665206909180e+00,2.021226644515991211e+00,1.040479063987731934e+00,2.436746120452880859e+00,2.328406333923339844e+00,-9.557012915611267090e-01,-2.619634866714477539e+00,-1.408237870782613754e-02,-2.790759325027465820e+00
-1.145094513893127441e+00,-2.036890983581542969e+00,2.139298200607299805e+00,3.601885735988616943e-01,1.449601292610168457e+00,-2.177171409130096436e-01,-4.428219795227050781e-01,1.329520493745803833e-01,1.513981699943542480e+00,2.686165869235992432e-01,4.905152693390846252e-02,2.029589414596557617e+00,-6.609183549880981445e-01,-1.548673033714294434e+00,8.200234174728393555e-01,-2.184061050415039062e+00,-1.992811441421508789e+00,-2.376863479614257812e+00,-1.478697657585144043e+00,2.673872947692871094e+00
4.768363833427429199e-01,8.375043272972106934e-01,2.035921066999435425e-01,8.541412353515625000e-01,-6.136507391929626465e-01,7.634638547897338867e-01,-8.647322654724121094e-01,-1.983676791191101074e+00,-2.012491941452026367e+00,1.267873287200927734e+00,-1.343805551528930664e+00,-2.045613974332809448e-01,-1.649697661399841309e+00,2.427928686141967773e+00,1.477336764335632324e+00,-1.420736432075500488e+00,-1.427862286567687988e+00,-3.144403100013732910e-01,-6.733660697937011719e-01,-2.590517044067382812e+00
1.456699371337890625e+00,1.974923461675643921e-01,4.484654366970062256e-01,2.423609256744384766e+00,-4.123333096504211426e-01,1.370686173439025879e+00,2.566534280776977539e+00,9.761443734169006348e-01,1.445668816566467285e+00,2.732082903385162354e-01,-2.040055990219116211e+00,-7.668369412422180176e-01,-2.812651157379150391e+00,-1.260993719100952148e+00,-2.500981569290161133e+00,-1.108077168464660645e+00,1.447132706642150879e+00,-6.690160632133483887e-01,-1.941478490829467773e+00,-9.277642369270324707e-01
2.527900457382202148e+00,-8.956670165061950684e-01,1.174325823783874512e+00,1.726565718650817871e+00,1.595696091651916504e+00,3.658138811588287354e-01,1.435239553451538086e+00,-2.357897281646728516e+00,-9.548085927963256836e-01,-1.380614638328552246e+00,-1.607607245445251465e+00,-5.052387118339538574e-01,-2.487000465393066406e+00,-1.062525987625122070e+00,1.233621597290039062e+00,-2.852544307708740234e+00,1.666929841041564941e+00,-7.958816289901733398e-01,-2.086861848831176758e+00,-4.454669728875160217e-02
2.109954118728637695e+00,4.376623332500457764e-01,1.407599747180938721e-01,-5.929734110832214355e-01,-6.674584150314331055e-01,1.332167237997055054e-01,-3.236072063446044922e-01,2.201840639114379883e+00,9.549331665039062500e-02,-1.736672759056091309e+00,-3.715991377830505371e-01,-2.169120311737060547e+00,-1.485036253929138184e+00,2.652952909469604492e+00,7.664035558700561523e-01,-3.794567286968231201e-01,1.821942925453186035e+00,-1.351968765258789062e+00,-1.737518787384033203e+00,-4.181623160839080811e-01
-3.907047808170318604e-01,-1.726266503334045410e+00,-1.823156237602233887e+00,-1.201105117797851562e+00,-9.230451583862304688e-01,2.684716463088989258e+00,9.266933202743530273e-01,-1.363646090030670166e-01,2.336209774017333984e+00,-2.548281669616699219e+00,3.829882144927978516e-01,-3.407972455024719238e-01,1.505333185195922852e+00,-5.335631966590881348e-01,-2.663325548171997070e+00,2.722481489181518555e-01,1.226784467697143555e+00,1.644106581807136536e-02,-1.848231792449951172e+00,-1.847500920295715332e+00
-9.005103111267089844e-01,-5.187975168228149414e-01,-2.299116611480712891e+00,-1.710055470466613770e+00,5.819085240364074707e-01,-8.552057147026062012e-01,-1.964146733283996582e+00,5.492565631866455078e-01,2.148655176162719727e+00,1.690173625946044922e+00,2.665991544723510742e+00,-1.970228791236877441e+00,-2.226385921239852905e-01,-2.574332058429718018e-01,-2.193039894104003906e+00,-6.901991963386535645e-01,-2.683020353317260742e+00,1.652450799942016602e+00,1.965345144271850586e+00,-8.796438574790954590e-01
-2.085771784186363220e-02,6.804480552673339844e-01,-1.360508441925048828e+00,-5.481324791908264160e-01,-1.026160597801208496e+00,-3.278741836547851562e-01,1.413553118705749512e+00,2.327565431594848633e+00,-1.779847860336303711e+00,-1.081335783004760742e+00,-3.413312509655952454e-02,2.666170597076416016e+00,2.632486104965209961e+00,8.519301414489746094e-01,1.512355208396911621e+00,-8.304709792137145996e-01,1.201196193695068359e+00,-1.080443859100341797e-01,-2.280211210250854492e+00,-2.520913839340209961e+00
-1.826005816459655762e+00,8.550648689270019531e-01,4.200226366519927979e-01,-7.271255254745483398e-01,6.069204807281494141e-01,-2.689143419265747070e+00,7.178648710250854492e-01,-1.422774493694305420e-01,-9.475696086883544922e-01,3.037823438644409180e-01,7.139078378677368164e-01,2.922163963317871094e+00,-2.451025962829589844e+00,2.955592393875122070e+00,-6.037888526916503906e-01,-1.801908016204833984e+00,-9.970254302024841309e-01,-9.214483499526977539e-01,-1.730777144432067871e+00,1.854650378227233887e-01
1.323955655097961426e+00,-1.708512067794799805e+00,2.038373708724975586e+00,-1.213382959365844727e+00,-2.495252609252929688e+00,7.670733332633972168e-01,-2.034132719039916992e+00,1.607572078704833984e+00,6.187784075736999512e-01,-2.203347444534301758e+00,-2.222735993564128876e-02,-4.316209852695465088e-01,-1.730620980262756348e+00,1.596178770065307617e+00,-1.630309700965881348e+00,1.813888192176818848e+00,-1.579527854919433594e+00,7.527514696121215820e-01,6.589361429214477539e-01,-1.534157633781433105e+00
-5.679188966751098633e-01,-1.588591694831848145e+00,-1.363805174827575684e+00,-1.626105427742004395e+00,-8.395349383354187012e-01,1.123092174530029297e+00,-1.606885671615600586e+00,1.829548835754394531e+00,-2.497258901596069336e+00,2.350457668304443359e+00,1.726820945739746094e+00,8.522163033485412598e-01,-2.098998069763183594e+00,-2.792527675628662109e+00,1.964773297309875488e+00,2.876751661300659180e+00,1.484699845314025879e+00,-2.988328695297241211e+00,-1.639561057090759277e+00,-1.977235436439514160e+00
8.768750429153442383e-01,9.458810687065124512e-01,-1.438496112823486328e+00,-2.873162031173706055e-01,-2.859849691390991211e+00,3.578542470932006836e-01,3.205538392066955566e-01,1.702266573905944824e+00,6.463903784751892090e-01,1.550532281398773193e-01,1.585648417472839355e+00,-1.497155785560607910e+00,1.349210977554321289e+00,1.145521998405456543e+00,-1.856666326522827148e+00,2.591803550720214844e+00,5.893138647079467773e-01,4.771518707275390625e-01,1.055003046989440918e+00,-1.442737281322479248e-01
-3.549368679523468018e-01,-8.755586296319961548e-02,-1.195402145385742188e+00,1.413714647293090820e+00,1.125185966491699219e+00,-1.405745148658752441e+00,-1.797145128250122070e+00,-3.261476755142211914e-01,-2.462803125381469727e+00,-1.369463443756103516e+00,1.586710810661315918e+00,-2.362567663192749023e+00,2.000662565231323242e+00,-1.674588203430175781e+00,7.037348151206970215e-01,-4.042135775089263916e-01,-1.054206848144531250e+00,8.915401697158813477e-01,1.277205348014831543e+00,-2.716067314147949219e+00
3.440489768981933594e-01,-1.109558463096618652e+00,-2.425661802291870117e+00,-4.381584227085113525e-01,5.883318781852722168e-01,2.613229513168334961e+00,-2.730428218841552734e+00,3.028831779956817627e-01,-1.590842723846435547e+00,-2.515838861465454102e+00,1.546912193298339844e+00,-4.561568498611450195e-01,3.710537850856781006e-01,-1.079744219779968262e+00,-7.026003003120422363e-01,2.586364932358264923e-02,8.359541893005371094e-01,-3.845237493515014648e-01,-2.782592535018920898e+00,1.184631824493408203e+00
2.628456830978393555e+00,5.185029506683349609e-01,-7.916231155395507812e-01,2.519631385803222656e+00,-4.115180373191833496e-01,1.726958751678466797e-01,-1.714077591896057129e+00,-1.209392786026000977e+00,-1.015189290046691895e+00,2.347854226827621460e-01,-8.969877362251281738e-01,-1.556300044059753418e+00,-2.639883995056152344e+00,-6.537094116210937500e-01,-1.862939715385437012e+00,3.317244648933410645e-01,-1.671403199434280396e-01,7.151902318000793457e-01,2.636142730712890625e+00,-1.079312562942504883e+00
-9.387509226799011230e-01,1.693676352500915527e+00,-2.595990896224975586e+00,2.167334794998168945e+00,1.419495820999145508e+00,-2.359705448150634766e+00,2.477470636367797852e+00,1.920695781707763672e+00,2.163326978683471680e+00,-7.510310411453247070e-01,-1.340259552001953125e+00,2.312762737274169922e+00,1.714230656623840332e+00,5.699418857693672180e-02,-2.395243644714355469e+00,-1.508379578590393066e+00,6.003891825675964355e-01,-1.889846444129943848e+00,-1.829305440187454224e-01,2.614677548408508301e-01
6.623496413230895996e-01,7.767840623855590820e-01,1.144265890121459961e+00,4.032633006572723389e-01,2.351762503385543823e-01,-7.030072808265686035e-01,-1.614773631095886230e+00,3.684661984443664551e-01,5.470342636108398438e-01,1.180215358734130859e+00,-9.800808429718017578e-01,9.163209795951843262e-01,1.361889004707336426e+00,-1.427803158760070801e+00,-1.424962639808654785e+00,-1.814017772674560547e+00,4.184501990675926208e-02,1.338247299194335938e+00,-1.583444356918334961e+00,-1.846711039543151855e+00
-6.039698123931884766e-01,-1.646046519279479980e+00,3.259697258472442627e-01,-9.867392182350158691e-01,-2.525597333908081055e+00,-7.665882259607315063e-02,-1.281785845756530762e+00,9.026077389717102051e-02,-6.073244810104370117e-01,-7.348196208477020264e-02,2.036053895950317383e+00,1.006502509117126465e+00,1.249055266380310059e-01,2.125418901443481445e+00,5.737515687942504883e-01,-1.358669161796569824e+00,6.490968465805053711e-01,-7.056072950363159180e-01,-1.837252736091613770e+00,-1.540405392646789551e+00
-1.487399339675903320e+00,1.845651865005493164e+00,2.758785486221313477e+00,-8.786062598228454590e-01,-2.545603275299072266e+00,-1.682441473007202148e+00,-2.369866132736206055e+00,1.382078051567077637e+00,-2.945710659027099609e+00,-1.429606914520263672e+00,9.124304056167602539e-01,-1.028068542480468750e+00,6.713438630104064941e-01,1.269129961729049683e-01,-1.695619583129882812e+00,-4.048193395137786865e-01,-1.235953569412231445e+00,-2.193245589733123779e-01,5.575354695320129395e-01,-1.117937564849853516e+00
8.824379444122314453e-01,-7.794398069381713867e-01,2.099719047546386719e-01,2.699498176574707031e+00,-1.559865951538085938e+00,-2.689023911952972412e-01,-2.076638221740722656e+00,1.104072201997041702e-02,-3.857591748237609863e-01,2.289488792419433594e+00,-2.830066204071044922e+00,-6.793237477540969849e-02,-3.526024520397186279e-01,-1.355120539665222168e-01,-2.120922803878784180e+00,1.744953751564025879e+00,-2.244087219238281250e+00,-1.648632287979125977e+00,1.885240077972412109e+00,-9.822928309440612793e-01
-9.134571552276611328e-01,1.821640968322753906e+00,-1.552911520004272461e+00,-1.741053581237792969e+00,-5.563183501362800598e-02,2.386805057525634766e+00,-1.144841313362121582e+00,-2.847069501876831055e+00,-1.741410017013549805e+00,1.662984862923622131e-02,7.228821516036987305e-02,2.087829351425170898e+00,-2.280667543411254883e+00,5.170309543609619141e-01,-1.692396163940429688e+00,-1.110124111175537109e+00,3.592104837298393250e-02,1.170161366462707520e-01,-1.846709847450256348e+00,1.072916388511657715e+00
1.548511981964111328e+00,-2.949841976165771484e+00,-9.106832742691040039e-01,9.563341736793518066e-01,2.031590223312377930e+00,7.246292233467102051e-01,1.420623540878295898e+00,-7.033953070640563965e-01,-1.124691367149353027e+00,2.868412256240844727e+00,2.456014633178710938e+00,-1.901365667581558228e-01,7.051568031311035156e-01,2.630981683731079102e+00,1.653240561485290527e+00,-2.791488409042358398e+00,-4.672470390796661377e-01,-1.517814517021179199e+00,-1.924794077873229980e+00,-1.445960164070129395e+00
-8.162713646888732910e-01,-1.984376788139343262e+00,1.794154882431030273e+00,1.757917165756225586e+00,3.205754160881042480e-01,-8.994326591491699219e-01,-1.873736619949340820e+00,-1.151819229125976562e+00,-8.131980895996093750e-02,-1.243440628051757812e+00,8.098485469818115234e-01,-2.133155345916748047e+00,-1.760696768760681152e-01,-1.018577575683593750e+00,2.335194051265716553e-01,-1.602340102195739746e+00,-2.552814483642578125e+00,1.408440113067626953e+00,-1.023143172264099121e+00,2.440163135528564453e+00
-2.526426315307617188e-01,2.342854499816894531e+00,1.120586514472961426e+00,2.497481584548950195e+00,-8.695673942565917969e-01,1.212934255599975586e-01,-2.940159738063812256e-01,-2.109496295452117920e-01,3.978798389434814453e-01,-1.795517504215240479e-01,-1.337930321693420410e+00,-7.592941634356975555e-03,-9.130895137786865234e-01,-1.401647210121154785e+00,9.333811998367309570e-01,-1.929525732994079590e+00,-1.874455332756042480e+00,7.694198489189147949e-01,-4.562267661094665527e-02,-2.483159542083740234e+00
1.513951778411865234e+00,-1.718032360076904297e+00,-1.137006282806396484e+00,1.484100699424743652e+00,-5.268927216529846191e-01,1.425531148910522461e+00,-2.210573434829711914e+00,1.669933915138244629e+00,-1.650103211402893066e+00,2.345376968383789062e+00,2.452283143997192383e+00,-2.447728157043457031e+00,2.528005599975585938e+00,2.945518493652343750e-01,2.091611385345458984e+00,2.443713426589965820e+00,1.117697000503540039e+00,1.133262589573860168e-01,-5.725370347499847412e-02,-1.741317510604858398e+00
-2.709877967834472656e+00,1.368400454521179199e+00,5.614947080612182617e-01,2.116545438766479492e+00,-8.055500984191894531e-01,1.680865168571472168e+00,9.844657182693481445e-01,3.978075981140136719e-01,-2.672749519348144531e+00,-8.313665390014648438e-01,2.331803321838378906e+00,-1.790912747383117676e+00,2.277389764785766602e+00,2.180325984954833984e-01,-1.597828865051269531e+00,1.578438520431518555e+00,-2.691753149032592773e+00,8.923903107643127441e-01,2.987393140792846680e-01,-7.365223765373229980e-01
5.599546059966087341e-02,4.811487197875976562e-01,3.465576767921447754e-01,-2.109811544418334961e+00,-1.608509063720703125e+00,2.513869285583496094e+00,-6.594651937484741211e-01,-6.971136331558227539e-01,-2.192551612854003906e+00,-9.913881421089172363e-01,1.941903471946716309e+00,8.468785285949707031e-01,2.100814431905746460e-01,-6.410310268402099609e-01,-1.777479410171508789e+00,2.295865535736083984e+00,4.553370773792266846e-01,-4.526124596595764160e-01,-1.978551626205444336e+00,-1.898587703704833984e+00
-1.104127466678619385e-01,-1.538214325904846191e+00,-1.116465091705322266e+00,-1.287898421287536621e+00,-5.730611681938171387e-01,2.719135522842407227e+00,-1.277341246604919434e+00,-1.097782492637634277e+00,-1.615643262863159180e+00,1.711676120758056641e+00,-6.372914910316467285e-01,-1.624417185783386230e+00,-6.542478203773498535e-01,6.435688138008117676e-01,9.861154854297637939e-02,8.023421168327331543e-01,6.266853809356689453e-01,-1.795004010200500488e+00,-1.328361034393310547e+00,-2.828876018524169922e+00
-2.172801494598388672e+00,2.563266754150390625e+00,-1.887084126472473145e+00,-1.945923089981079102e+00,-2.382854938507080078e+00,-1.766801238059997559e+00,2.173122406005859375e+00,-2.630007565021514893e-01,1.249158084392547607e-01,-2.019383192062377930e+00,-1.516773819923400879e+00,2.322940379381179810e-01,2.884538173675537109e+00,2.518188238143920898e+00,-7.787667512893676758e-01,-9.319594502449035645e-01,-2.941341161727905273e+00,7.293463349342346191e-01,-1.734372675418853760e-01,-2.833485364913940430e+00
-1.755822300910949707e+00,2.571713447570800781e+00,-2.291625261306762695e+00,4.826587438583374023e-02,-2.398430347442626953e+00,1.107239603996276855e+00,-2.981967031955718994e-01,-2.404352426528930664e+00,-2.421744614839553833e-01,-1.512499332427978516e+00,8.308387994766235352e-01,2.625865936279296875e+00,-7.627293467521667480e-01,1.427725434303283691e+00,2.542914390563964844e+00,-1.469554781913757324e+00,-1.189523339271545410e+00,2.295571804046630859e+00,1.376487374305725098e+00,9.682042002677917480e-01
-2.579962968826293945e+00,-1.230540275573730469e+00,6.645116806030273438e-01,2.095355242490768433e-01,-7.297483682632446289e-01,1.082485690712928772e-01,3.325472474098205566e-01,-9.856507182121276855e-01,-2.406801700592041016e+00,-2.564623117446899414e+00,1.129868745803833008e+00,4.851892590522766113e-01,-2.491901636123657227e+00,-4.059150516986846924e-01,2.605230212211608887e-01,-2.333195686340332031e+00,-8.656718134880065918e-01,-2.973949611186981201e-01,-7.237492799758911133e-01,-9.564327597618103027e-01
5.615528821945190430e-01,-8.228800296783447266e-01,-9.847434759140014648e-01,8.561398386955261230e-01,1.915989398956298828e+00,1.390612125396728516e+00,1.247933387756347656e+00,3.582439720630645752e-01,-2.626504659652709961e+00,2.549298852682113647e-02,6.451312899589538574e-01,1.468054056167602539e+00,-2.635950088500976562e+00,-1.316937923431396484e+00,-1.952668428421020508e+00,1.903233170509338379e+00,1.218194484710693359e+00,7.717592716217041016e-01,-3.268340826034545898e-01,-1.967386364936828613e+00
4.680726826190948486e-01,3.068019077181816101e-02,-1.941989064216613770e+00,2.293034791946411133e+00,-2.424320697784423828e+00,-1.127985477447509766e+00,8.474092930555343628e-02,1.248187780380249023e+00,-1.727678179740905762e+00,-5.166702270507812500e-01,1.317471981048583984e+00,5.928175449371337891e-01,-7.890781164169311523e-01,-3.379185199737548828e-01,1.529273867607116699e+00,4.595832824707031250e-01,-4.463928341865539551e-01,1.112255454063415527e+00,-4.664601981639862061e-01,-8.293338418006896973e-01
1.187084913253784180e+00,3.663214445114135742e-01,-9.606763124465942383e-01,-1.862451285123825073e-01,-1.410124778747558594e+00,2.513690233230590820e+00,7.293891906738281250e-01,-2.575120329856872559e-01,-6.429685950279235840e-01,7.023022770881652832e-01,-1.051197767257690430e+00,-2.248236984014511108e-01,-8.492686152458190918e-01,-7.307450771331787109e-01,-1.162725329399108887e+00,1.388270854949951172e-01,-1.952300429344177246e+00,-9.972985386848449707e-01,-2.132812023162841797e+00,2.374215364456176758e+00
1.526214718818664551e+00,9.728771448135375977e-01,-2.700519323348999023e+00,2.354640722274780273e+00,1.692779898643493652e+00,2.417994022369384766e+00,5.797131061553955078e-01,1.827636837959289551e+00,-1.003939270973205566e+00,-4.608596861362457275e-01,-1.944226026535034180e+00,-1.502082347869873047e-01,2.798579037189483643e-01,-1.356918931007385254e+00,-2.745002269744873047e+00,-9.843032360076904297e-01,2.819977521896362305e+00,2.468380451202392578e+00,-6.247743591666221619e-02,-6.959418058395385742e-01
1.535155624151229858e-01,8.095562458038330078e-01,-8.768808245658874512e-01,1.890998959541320801e+00,-3.873231709003448486e-01,-7.537318021059036255e-02,4.321019351482391357e-01,1.873298168182373047e+00,-3.588394522666931152e-01,2.176103830337524414e+00,-1.690840482711791992e+00,1.891223311424255371e+00,1.034405350685119629e+00,1.232751727104187012e+00,1.197847366333007812e+00,-2.807188272476196289e+00,-5.132096409797668457e-01,2.138261079788208008e+00,-2.865952730178833008e+00,-1.100315332412719727e+00
-5.312926769256591797e-01,-1.732190251350402832e+00,-2.038395404815673828e+00,-4.803662747144699097e-02,8.985955119132995605e-01,1.089228987693786621e+00,-9.889627695083618164e-01,-7.627733796834945679e-02,2.433151245117187500e+00,-1.771583914756774902e+00,6.629344820976257324e-01,2.441254138946533203e+00,-5.665057301521301270e-01,-3.484221994876861572e-01,2.483877182006835938e+00,-1.227911353111267090e+00,-1.367145061492919922e+00,-1.878057003021240234e+00,-6.329663395881652832e-01,-5.592790246009826660e-01
-6.455333828926086426e-01,3.803210854530334473e-01,-1.368664056062698364e-01,-3.469892442226409912e-01,1.018703222274780273e+00,1.967688560485839844e+00,1.280695796012878418e-01,-1.388692617416381836e+00,-2.876575231552124023e+00,2.132006138563156128e-01,9.938188791275024414e-01,-1.289551377296447754e+00,-9.009057879447937012e-01,2.918356180191040039e+00,5.929101109504699707e-01,-9.402558207511901855e-01,-1.113543152809143066e+00,-2.772929668426513672e+00,2.721978127956390381e-01,-2.789153337478637695e+00
-2.102893114089965820e+00,6.852836906909942627e-02,2.460115194320678711e+00,4.166599214076995850e-01,2.337090492248535156e+00,-1.155491352081298828e+00,-4.996092617511749268e-01,1.893203020095825195e+00,-2.857081890106201172e+00,1.322509169578552246e+00,-1.228710651397705078e+00,2.894651651382446289e+00,1.151241660118103027e+00,-4.053514301776885986e-01,-1.999882102012634277e+00,-2.602748394012451172e+00,1.275633573532104492e+00,2.883928298950195312e+00,-2.480853319168090820e+00,-7.093467116355895996e-01
2.379962921142578125e+00,1.776255369186401367e-01,1.169403791427612305e+00,-6.059191823005676270e-01,-9.755142927169799805e-01,2.820292234420776367e+00,-1.553783059120178223e+00,1.581884026527404785e+00,8.216317892074584961e-01,1.572523355484008789e+00,-2.968106508255004883e+00,1.129677653312683105e+00,-2.186792790889739990e-01,3.024870753288269043e-01,-6.230186820030212402e-01,-1.005204081535339355e+00,-1.391127705574035645e+00,1.242004871368408203e+00,-3.430497050285339355e-01,-2.384296894073486328e+00
-1.907940268516540527e+00,1.531781792640686035e+00,-5.181242823600769043e-01,2.610462665557861328e+00,-8.072831034660339355e-01,1.262885212898254395e+00,2.860725641250610352e+00,7.600231170654296875e-01,-1.961303353309631348e+00,1.459734559059143066e+00,-7.853872776031494141e-01,-7.699239253997802734e-01,-7.080716490745544434e-01,-1.247429966926574707e+00,-6.927238106727600098e-01,-1.179400801658630371e+00,2.235982418060302734e+00,-5.999544858932495117e-01,-1.856104850769042969e+00,-9.751306176185607910e-01
-1.952736258506774902e+00,-9.906008839607238770e-01,-2.462500572204589844e+00,2.727058887481689453e+00,-1.909905195236206055e+00,2.349330663681030273e+00,6.810652464628219604e-02,-2.441427469253540039e+00,-2.321751832962036133e+00,3.704922199249267578e-01,-7.149475812911987305e-01,2.671122074127197266e+00,8.302093744277954102e-01,-6.213163137435913086e-01,-1.390834450721740723e+00,-1.396442413330078125e+00,3.486108481884002686e-01,-1.355216186493635178e-02,-1.311628222465515137e+00,2.640222311019897461e+00
6.299147009849548340e-01,8.375942707061767578e-01,2.985973060131072998e-01,9.124723076820373535e-01,4.268199205398559570e-01,5.003410205245018005e-02,-1.216030120849609375e+00,-7.960252761840820312e-01,-1.543028831481933594e+00,-1.433380603790283203e+00,-6.499052047729492188e-01,-5.338054299354553223e-01,-1.261934638023376465e+00,1.580799579620361328e+00,-2.356927633285522461e+00,-2.071361780166625977e+00,1.717930793762207031e+00,-1.838835120201110840e+00,-2.553155183792114258e+00,-4.896741807460784912e-01
-1.826859235763549805e+00,-1.476372957229614258e+00,-2.613459110260009766e+00,1.835951209068298340e+00,-2.842523574829101562e+00,-1.695027351379394531e+00,6.777056455612182617e-01,-1.322961926460266113e+00,-2.580226361751556396e-01,2.551841735839843750e+00,2.169217109680175781e+00,-2.168171167373657227e+00,2.119386911392211914e+00,1.535883307456970215e+00,4.999606907367706299e-01,-1.399522066116333008e+00,1.151754856109619141e+00,-2.235616683959960938e+00,1.974156022071838379e+00,-2.630847215652465820e+00
-4.995170608162879944e-02,-1.784640669822692871e+00,-7.452107071876525879e-01,2.251822710037231445e+00,-1.891108632087707520e+00,-4.035912752151489258e-01,9.594573378562927246e-01,-2.015999078750610352e+00,-1.678189635276794434e+00,7.901731729507446289e-01,1.682183742523193359e+00,-1.630350351333618164e+00,1.316712975502014160e+00,3.504542410373687744e-01,-1.809615850448608398e+00,-6.786112785339355469e-01,1.041575521230697632e-01,-2.939760208129882812e+00,1.570333480834960938e+00,-2.607736587524414062e+00
-1.263168454170227051e+00,-7.408728003501892090e-01,1.713654279708862305e+00,1.817079186439514160e+00,-2.659106492996215820e+00,-1.054292440414428711e+00,1.640521645545959473e+00,2.773244380950927734e+00,-2.613214731216430664e+00,3.167953789234161377e-01,1.130929350852966309e+00,2.705188512802124023e+00,2.187461853027343750e+00,-1.802273273468017578e+00,-1.758867979049682617e+00,2.288689136505126953e+00,8.335766196250915527e-01,1.498561382293701172e+00,1.449328809976577759e-01,-2.209581136703491211e+00
-1.241897568106651306e-01,-8.859744668006896973e-01,-9.042857885360717773e-01,6.018589138984680176e-01,-3.199740648269653320e-01,-3.105863630771636963e-01,8.643866777420043945e-01,-2.542406797409057617e+00,-1.585700631141662598e+00,-5.374305844306945801e-01,-2.083504647016525269e-01,2.369400501251220703e+00,-2.067984819412231445e+00,-1.403940320014953613e+00,-6.402704715728759766e-01,7.344657182693481445e-02,-2.555885314941406250e+00,-1.066903710365295410e+00,-2.737440824508666992e+00,-1.901213079690933228e-01
1.789226770401000977e+00,-2.775151729583740234e-01,-9.760549664497375488e-01,-1.464926958084106445e+00,-1.284751415252685547e+00,2.605070114135742188e+00,1.184843257069587708e-01,-4.307511746883392334e-01,-2.659849166870117188e+00,-8.608390092849731445e-01,9.311679601669311523e-01,-2.739462256431579590e-02,2.247234344482421875e+00,1.824725389480590820e+00,-4.863292276859283447e-01,2.266663074493408203e+00,-3.677253127098083496e-01,5.332410708069801331e-02,1.542900353670120239e-01,-2.032991647720336914e+00
3.093643188476562500e-01,-1.516716718673706055e+00,-7.138984799385070801e-01,1.032704830169677734e+00,-1.704699825495481491e-03,-8.631238341331481934e-01,-8.797601461410522461e-01,-1.736768841743469238e+00,1.205772638320922852e+00,2.432732105255126953e+00,5.601964592933654785e-01,-2.544890165328979492e+00,2.856437861919403076e-01,1.503027558326721191e+00,-2.146096229553222656e+00,1.597959041595458984e+00,-1.685699105262756348e+00,-1.136020779609680176e+00,-2.487847805023193359e+00,-2.064343690872192383e+00
1.626898199319839478e-01,-7.880581170320510864e-02,-8.295744657516479492e-01,1.983163475990295410e+00,2.341997385025024414e+00,-1.644706279039382935e-01,-2.086303472518920898e+00,-9.188754558563232422e-01,-6.174102425575256348e-01,4.298740029335021973e-01,-2.412661790847778320e+00,-2.212660908699035645e-01,1.120739102363586426e+00,1.628423452377319336e+00,-1.675925016403198242e+00,6.659572124481201172e-01,-1.328960180282592773e+00,-2.077988386154174805e+00,-1.436439622193574905e-02,1.520265460014343262e+00
1.959809422492980957e+00,1.162767529487609863e+00,2.068922281265258789e+00,-4.699751734733581543e-01,-9.784561991691589355e-01,2.316318511962890625e+00,2.448888301849365234e+00,2.358990669250488281e+00,-1.042702436447143555e+00,-4.142577946186065674e-01,-1.286510705947875977e+00,2.478880643844604492e+00,-7.633054628968238831e-03,-2.306807994842529297e+00,-7.990341782569885254e-01,-2.198198318481445312e+00,2.117606639862060547e+00,5.171599984169006348e-01,-2.054820060729980469e+00,-2.756780624389648438e+00
-4.785762727260589600e-01,-6.682540178298950195e-01,-9.866119623184204102e-01,1.810464024543762207e+00,-9.716622233390808105e-01,1.056480169296264648e+00,-2.719537258148193359e+00,1.626867532730102539e+00,-3.008584976196289062e-01,1.382721781730651855e+00,-1.489839315414428711e+00,-5.026088953018188477e-01,-1.323045134544372559e+00,-2.461650848388671875e+00,-2.270952224731445312e+00,4.499382078647613525e-01,-2.304391860961914062e+00,-2.773920893669128418e-01,-5.055537223815917969e-01,-1.592728614807128906e+00
2.380370855331420898e+00,-2.115052700042724609e+00,1.209950089454650879e+00,-1.239629149436950684e+00,-2.706541299819946289e+00,-8.480296730995178223e-01,8.677553534507751465e-01,1.246518015861511230e+00,1.032148957252502441e+00,1.405202269554138184e+00,2.616094112396240234e+00,-8.301291465759277344e-01,-1.457148551940917969e+00,-5.969008896499872208e-03,3.206572681665420532e-02,-1.703596830368041992e+00,1.513204455375671387e+00,2.224369049072265625e+00,-1.748271226882934570e+00,3.574346899986267090e-01
1.169040948152542114e-01,2.077326774597167969e+00,-5.263831615447998047e-01,8.223629593849182129e-01,-3.947045505046844482e-01,1.990718364715576172e+00,1.338292121887207031e+00,2.093663066625595093e-01,-1.031117796897888184e+00,-1.526657104492187500e+00,-1.019451618194580078e+00,1.985972642898559570e+00,-2.641587257385253906e-01,2.790329456329345703e+00,-1.517651915550231934e+00,2.962177038192749023e+00,-1.678292870521545410e+00,-2.284867525100708008e+00,-2.208107233047485352e+00,2.541082382202148438e+00
1.336576700210571289e+00,-1.073472380638122559e+00,5.897875428199768066e-01,-2.177205324172973633e+00,-1.925592303276062012e+00,2.829761803150177002e-01,1.408072471618652344e+00,2.069525957107543945e+00,4.754317998886108398e-01,1.047500252723693848e+00,7.238625288009643555e-01,-1.627490162849426270e+00,1.699519991874694824e+00,-1.365340352058410645e+00,-2.557736635208129883e+00,-2.696947753429412842e-01,1.250804424285888672e+00,-1.416902393102645874e-01,2.291995048522949219e+00,-2.975777387619018555e+00
1.468702077865600586e+00,9.749779105186462402e-01,-1.264147639274597168e+00,-1.111068110913038254e-02,5.225064754486083984e-01,2.309286355972290039e+00,3.876905515789985657e-02,1.794704556465148926e+00,-2.899126529693603516e+00,5.423048138618469238e-01,-2.726516246795654297e+00,1.216360092163085938e+00,2.192656546831130981e-01,-1.332182049751281738e+00,-2.434756278991699219e+00,-9.089001417160034180e-01,-1.403933644294738770e+00,-9.379802644252777100e-02,1.695203542709350586e+00,-8.957104682922363281e-01
1.059004306793212891e+00,-1.623975157737731934e+00,1.376630425453186035e+00,-1.982002973556518555e+00,-2.843121290206909180e+00,2.346282154321670532e-01,1.042504668235778809e+00,-6.474170088768005371e-01,-1.951348900794982910e+00,-2.323468208312988281e+00,2.369024515151977539e+00,1.088806152343750000e+00,-2.180196762084960938e+00,2.851711809635162354e-01,-1.839968085289001465e+00,-3.753434717655181885e-01,2.088537693023681641e+00,9.182083010673522949e-01,-2.424408197402954102e-01,-7.558926343917846680e-01
-6.422143578529357910e-01,-7.149581909179687500e-01,-1.970040917396545410e+00,1.214484095573425293e+00,2.928177127614617348e-03,-1.669127583503723145e+00,1.106092214584350586e+00,-1.141020298004150391e+00,4.361887872219085693e-01,-2.021818637847900391e+00,1.153532028198242188e+00,1.182246565818786621e+00,-1.345136642456054688e+00,1.543348431587219238e-01,2.449542999267578125e+00,-2.216475963592529297e+00,-1.484607458114624023e+00,-2.086228370666503906e+00,-2.069623023271560669e-01,-9.502098709344863892e-02
8.213903307914733887e-01,1.039823651313781738e+00,3.629123866558074951e-01,-2.898657798767089844e+00,-1.438290357589721680e+00,2.555522918701171875e-01,-1.756299257278442383e+00,3.666935563087463379e-01,-2.683719396591186523e+00,-9.325255155563354492e-01,-1.051196336746215820e+00,-1.176474332809448242e+00,1.632757186889648438e+00,-8.612121343612670898e-01,2.581215620040893555e+00,-2.841121435165405273e+00,-1.074808120727539062e+00,1.931824803352355957e+00,-2.322037458419799805e+00,-2.427221536636352539e+00
-6.439283490180969238e-01,-1.871155023574829102e+00,-5.510597229003906250e-01,1.955180048942565918e+00,-7.247574329376220703e-01,-1.909603118896484375e+00,1.349529027938842773e+00,-9.768082946538925171e-02,-1.925235152244567871e+00,6.319187283515930176e-01,1.997978925704956055e+00,2.621760606765747070e+00,1.523360252380371094e+00,-8.382257819175720215e-01,4.274346828460693359e-01,-1.286212444305419922e+00,-1.536122798919677734e+00,-2.524861335754394531e+00,2.380055904388427734e+00,1.209240674972534180e+00
4.683364927768707275e-01,-1.560664534568786621e+00,-1.893637180328369141e+00,1.750123023986816406e+00,-4.242645800113677979e-01,-2.618672609329223633e+00,8.356550335884094238e-01,-1.899043440818786621e+00,-3.810055255889892578e-01,-1.132710576057434082e+00,1.621105149388313293e-02,9.185460805892944336e-01,1.207684516906738281e+00,8.653071522712707520e-01,-1.396247625350952148e+00,-1.319330185651779175e-01,-2.398231744766235352e+00,-1.047477364540100098e+00,2.403181314468383789e+00,-1.594433069229125977e+00
-1.198750615119934082e+00,-7.682507634162902832e-01,2.730969905853271484e+00,1.834024786949157715e+00,2.933278799057006836e+00,-7.861339449882507324e-01,6.608774065971374512e-01,-9.275441169738769531e-01,-2.917377948760986328e+00,2.100242853164672852e+00,-2.500288486480712891e+00,-3.847732543945312500e-01,2.056731224060058594e+00,1.281929850578308105e+00,-2.637009859085083008e+00,-2.080306529998779297e+00,-2.767739295959472656e+00,-1.839165568351745605e+00,-1.179733753204345703e+00,-7.074213027954101562e-01
4.518677294254302979e-01,2.668849468231201172e+00,-3.799927830696105957e-01,-2.265947103500366211e+00,3.412822782993316650e-01,-1.884762287139892578e+00,-7.428031563758850098e-01,2.493915081024169922e+00,-1.606790900230407715e+00,-1.990975379943847656e+00,1.592787742614746094e+00,-2.597190737724304199e-01,8.194330930709838867e-01,1.695315599441528320e+00,-1.486806750297546387e+00,-1.559905886650085449e+00,-2.659036397933959961e+00,-2.012472599744796753e-01,-1.485060214996337891e+00,-6.043483614921569824e-01
2.475382566452026367e+00,-4.436237514019012451e-01,2.752925455570220947e-01,1.767960339784622192e-01,1.048834323883056641e+00,9.816929101943969727e-01,1.993566751480102539e+00,1.741908550262451172e+00,-5.328781008720397949e-01,1.878655552864074707e+00,-8.773260116577148438e-01,5.708190798759460449e-01,-1.250877737998962402e+00,1.879117265343666077e-02,-1.773921728134155273e+00,-5.812847521156072617e-03,-2.260199785232543945e+00,-1.896579742431640625e+00,-2.697636127471923828e+00,-8.818741440773010254e-01
-2.354421615600585938e+00,-1.459671020507812500e+00,-2.861708641052246094e+00,1.681839585304260254e+00,-5.884275436401367188e-01,2.476572036743164062e+00,-1.081953883171081543e+00,-2.526416480541229248e-01,1.243789434432983398e+00,-1.846152544021606445e-01,-9.400984644889831543e-01,1.151280283927917480e+00,2.832942306995391846e-01,5.098195672035217285e-01,5.764910206198692322e-02,-8.224442601203918457e-01,8.522841334342956543e-01,7.637569308280944824e-01,1.638213843107223511e-01,-5.831250548362731934e-01
1.325946569442749023e+00,-6.491931080818176270e-01,-9.128196835517883301e-01,2.283410787582397461e+00,-6.075357198715209961e-01,-1.435687780380249023e+00,6.822059750556945801e-01,-3.838917911052703857e-01,-2.803429961204528809e-01,-6.047043204307556152e-01,2.722514152526855469e+00,1.371859312057495117e+00,1.127017498016357422e+00,1.348970890045166016e+00,-5.715582519769668579e-03,-1.486717581748962402e+00,9.582635164260864258e-01,1.914488077163696289e+00,2.765661776065826416e-01,-2.658664226531982422e+00
-1.479042530059814453e+00,-1.195304155349731445e+00,-9.300003647804260254e-01,-2.283706188201904297e+00,-2.514735937118530273e+00,2.688039541244506836e+00,5.840070247650146484e-01,-7.971283793449401855e-01,-2.426651239395141602e+00,1.316287636756896973e+00,-6.983901374042034149e-03,1.362496376037597656e+00,9.515737742185592651e-02,2.593675851821899414e+00,6.157940626144409180e-02,-1.083443403244018555e+00,2.963296175003051758e+00,2.238375425338745117e+00,-1.702856659889221191e+00,-6.987985968589782715e-01
2.350822687149047852e+00,-6.253116726875305176e-01,8.927626013755798340e-01,-4.017737209796905518e-01,-1.593470454216003418e+00,-1.230902433395385742e+00,1.851590156555175781e+00,2.411360979080200195e+00,-5.778833627700805664e-01,5.847583413124084473e-01,6.031519770622253418e-01,-4.386311471462249756e-01,-1.935660481452941895e+00,1.260414838790893555e+00,-7.507644295692443848e-01,8.292152881622314453e-01,-1.383112668991088867e+00,-2.681081533432006836e+00,-1.544910907745361328e+00,-1.965120553970336914e+00
-2.554470002651214600e-01,-2.610761880874633789e+00,1.397934436798095703e+00,6.363418698310852051e-01,-4.221323132514953613e-01,1.712276458740234375e+00,2.566849470138549805e+00,-6.165165305137634277e-01,2.304167747497558594e+00,-2.323855400085449219e+00,-4.602766335010528564e-01,9.121658205986022949e-01,7.447682619094848633e-01,-2.057176113128662109e+00,1.100333452224731445e+00,-2.124885082244873047e+00,-2.315834999084472656e+00,-1.171723455190658569e-01,-2.029631376266479492e+00,-4.294386506080627441e-01
2.739381790161132812e-02,-8.660081624984741211e-01,1.045107007026672363e+00,5.807690620422363281e-01,1.045112490653991699e+00,-2.526147842407226562e+00,4.684814512729644775e-01,2.839965820312500000e+00,-4.217717349529266357e-01,-2.157184123992919922e+00,-2.790859639644622803e-01,1.190399169921875000e+00,1.020148396492004395e+00,-1.425694704055786133e+00,-6.110533475875854492e-01,4.082311987876892090e-01,-2.344739437103271484e+00,2.793548703193664551e-01,-2.135129928588867188e+00,-1.106142640113830566e+00
-2.062582969665527344e+00,8.490052223205566406e-01,1.258348524570465088e-01,-2.337048292160034180e+00,2.011975765228271484e+00,-6.810706853866577148e-02,-1.372996807098388672e+00,-8.873583078384399414e-01,4.502955079078674316e-01,-1.553208589553833008e+00,-3.658765256404876709e-01,-7.277984619140625000e-01,2.517615854740142822e-01,1.957008093595504761e-01,1.820403099060058594e+00,-1.762690097093582153e-01,-1.744200944900512695e+00,-3.745453953742980957e-01,-2.128466844558715820e+00,-1.241533517837524414e+00
1.365490555763244629e-01,1.236219286918640137e+00,-2.468063354492187500e+00,1.965544342994689941e+00,-2.292840957641601562e+00,-2.426092863082885742e+00,-9.776180982589721680e-01,-1.086367726325988770e+00,-7.625569701194763184e-01,-7.348093986511230469e-01,-7.644328474998474121e-02,1.378878831863403320e+00,2.796690464019775391e+00,-7.335663437843322754e-01,-1.595253348350524902e+00,-7.522009611129760742e-01,4.616938233375549316e-01,-1.523545980453491211e+00,2.984546422958374023e-01,-9.764546900987625122e-02
2.332132577896118164e+00,2.579007387161254883e+00,-5.657732486724853516e-01,8.110091686248779297e-01,1.528422832489013672e+00,2.291915655136108398e+00,-9.797940030694007874e-03,1.337656974792480469e+00,2.921787500381469727e+00,-2.215096950531005859e+00,-2.632225990295410156e+00,1.219866871833801270e+00,-1.865555524826049805e+00,-1.561902999877929688e+00,-1.972030162811279297e+00,8.981286287307739258e-01,-7.213604450225830078e-01,1.892078161239624023e+00,-2.770482778549194336e+00,-1.310294032096862793e+00
-3.125289976596832275e-01,-1.763940691947937012e+00,-5.059086084365844727e-01,1.504205584526062012e+00,-1.821460761129856110e-02,-1.130558609962463379e+00,1.278871893882751465e+00,-2.393893003463745117e+00,1.566290706396102905e-01,2.144835948944091797e+00,-1.618309617042541504e+00,-1.652947783470153809e+00,1.217559814453125000e+00,1.528563737869262695e+00,-2.146948099136352539e+00,-2.697547674179077148e+00,-9.833238720893859863e-01,1.812216281890869141e+00,-1.798626899719238281e+00,-9.079648256301879883e-01
-2.286305904388427734e+00,-1.748062610626220703e+00,-1.630153059959411621e+00,-1.338397860527038574e+00,-5.017958879470825195e-01,-2.002416253089904785e-01,-1.836106657981872559e+00,2.058301448822021484e+00,-3.416797518730163574e-02,1.305139780044555664e+00,-2.842706441879272461e-01,-1.534675002098083496e+00,1.155430898070335388e-01,-2.082448303699493408e-01,-1.438786149024963379e+00,6.684005856513977051e-01,8.528805971145629883e-01,-1.474963784217834473e+00,2.812632024288177490e-01,-1.725160360336303711e+00
-1.074492335319519043e+00,1.500805020332336426e+00,-2.856041669845581055e+00,-2.723947525024414062e+00,-1.853460311889648438e+00,-2.536989152431488037e-01,-2.492151737213134766e+00,1.170495271682739258e+00,4.846270084381103516e-01,5.150467753410339355e-01,1.787607192993164062e+00,-1.160321712493896484e+00,2.357863903045654297e+00,-2.534774780273437500e+00,8.903856873512268066e-01,2.383106231689453125e+00,-1.129709124565124512e+00,-3.852849602699279785e-01,-2.258712530136108398e+00,-2.036911487579345703e+00
-1.886351823806762695e+00,-2.015097856521606445e+00,-4.264295995235443115e-01,1.320374846458435059e+00,-1.651181697845458984e+00,-4.079917967319488525e-01,-5.371178984642028809e-01,2.776826858520507812e+00,-2.306540966033935547e+00,-1.803286671638488770e+00,-5.530640482902526855e-01,2.208559036254882812e+00,1.504008054733276367e+00,2.794877767562866211e+00,-1.190546870231628418e+00,4.082488715648651123e-01,-3.213952183723449707e-01,1.176634952425956726e-01,4.711762070655822754e-03,-1.169100403785705566e+00
-1.116900205612182617e+00,1.225526094436645508e+00,-1.914503574371337891e+00,-5.238340497016906738e-01,-1.113787651062011719e+00,3.590399920940399170e-01,-2.129838228225708008e+00,-2.409359931945800781e+00,-2.646462917327880859e+00,1.854185201227664948e-02,-1.205519914627075195e+00,2.146462053060531616e-01,-1.406192183494567871e+00,-2.269838809967041016e+00,2.567869424819946289e-01,-4.343829154968261719e-01,-1.583781361579895020e+00,-1.347478032112121582e+00,-4.699881374835968018e-01,-7.359328866004943848e-01
-1.214410901069641113e+00,-1.151855468750000000e+00,-2.563080787658691406e+00,-1.818907380104064941e+00,-2.581124544143676758e+00,1.994237184524536133e+00,8.842864036560058594e-01,-1.415379881858825684e+00,-1.851046800613403320e+00,-1.288497924804687500e+00,-2.586784839630126953e+00,1.589413762092590332e+00,-1.660090535879135132e-01,1.705857276916503906e+00,6.251904368400573730e-01,-6.884554028511047363e-01,-1.119911432266235352e+00,2.145974636077880859e+00,-2.113115072250366211e+00,1.923106908798217773e+00
6.263544410467147827e-02,-1.546965390443801880e-01,-1.279063582420349121e+00,8.175790905952453613e-01,3.093280494213104248e-01,1.226795911788940430e+00,-1.192940473556518555e+00,-1.439739823341369629e+00,1.796670854091644287e-01,-9.341363906860351562e-01,-2.670622467994689941e-01,2.594210624694824219e+00,-1.686702482402324677e-02,-1.060990430414676666e-02,1.637449026107788086e+00,1.780684441328048706e-01,-1.547216057777404785e+00,-2.361016035079956055e+00,6.500096917152404785e-01,-1.513261079788208008e+00
-2.098479270935058594e+00,-3.844214975833892822e-01,-8.236347883939743042e-02,-8.347573131322860718e-02,4.699707627296447754e-01,1.865821599960327148e+00,-1.970091223716735840e+00,-8.030551671981811523e-01,-8.325304388999938965e-01,1.693701893091201782e-01,-2.460596084594726562e+00,-6.308746337890625000e-01,1.327990055084228516e+00,-1.311851263046264648e+00,4.023053348064422607e-01,-1.392821222543716431e-01,-2.217715024948120117e+00,1.048842668533325195e+00,-1.621404528617858887e+00,-5.530445575714111328e-01
2.406899690628051758e+00,-1.052736759185791016e+00,2.254719495773315430e+00,1.725890874862670898e+00,-2.186238288879394531e+00,-2.158497810363769531e+00,-5.637680292129516602e-01,8.765806257724761963e-02,-1.528129339218139648e+00,1.202218294143676758e+00,-1.630594581365585327e-02,9.763629436492919922e-01,-2.044947624206542969e+00,3.706706464290618896e-01,-2.765515327453613281e+00,-2.791928291320800781e+00,-1.420625448226928711e+00,1.946236729621887207e+00,2.559533119201660156e+00,3.511208593845367432e-01
1.370380043983459473e+00,-6.912617683410644531e-01,-2.145732164382934570e+00,-2.032045602798461914e+00,-1.625710725784301758e+00,-8.819890022277832031e-01,-6.137353181838989258e-01,-1.078859210014343262e+00,1.356826663017272949e+00,1.572582960128784180e+00,2.125926256179809570e+00,2.571490287780761719e+00,-2.547791242599487305e+00,2.331813573837280273e+00,2.588140726089477539e+00,-1.711833238601684570e+00,-3.324580490589141846e-01,-1.170879974961280823e-01,-1.972680389881134033e-01,-2.277565717697143555e+00
2.657452225685119629e-01,-9.323027729988098145e-01,-1.372588276863098145e-01,1.972003579139709473e+00,-5.432944893836975098e-01,-1.523077674210071564e-02,-6.070369482040405273e-01,-2.161642551422119141e+00,-1.254592418670654297e+00,1.134476959705352783e-01,-1.005473017692565918e+00,2.693020343780517578e+00,-2.651493072509765625e+00,-7.597004622220993042e-02,-6.923269033432006836e-01,2.573774456977844238e-01,7.448197603225708008e-01,-2.237834185361862183e-01,-2.635228872299194336e+00,-1.408068090677261353e-01
-2.295488357543945312e+00,-2.869522869586944580e-01,-2.496433019638061523e+00,5.049690008163452148e-01,-2.573482513427734375e+00,8.279750943183898926e-01,-2.372118711471557617e+00,-8.309074044227600098e-01,-1.608605742454528809e+00,-2.493848085403442383e+00,7.191047668457031250e-01,2.648359775543212891e+00,-1.405095338821411133e+00,-2.677327096462249756e-01,1.831560373306274414e+00,7.952201962471008301e-01,5.164360404014587402e-01,-2.036463283002376556e-02,2.750641405582427979e-01,-5.212791562080383301e-01
-7.749335765838623047e-01,-1.056184023618698120e-01,-5.161468386650085449e-01,-1.912328481674194336e+00,-1.184322953224182129e+00,-1.933189511299133301e+00,3.532240167260169983e-02,-2.293437004089355469e+00,5.583410859107971191e-01,1.293208241462707520e+00,8.793080449104309082e-01,4.794068932533264160e-01,-2.486442804336547852e+00,5.693940520286560059e-01,1.295707345008850098e+00,-2.593430995941162109e+00,-2.577965974807739258e+00,5.777114033699035645e-01,-1.330851793289184570e+00,-7.523402571678161621e-01
-1.526959538459777832e+00,1.514822542667388916e-01,-9.283884167671203613e-01,-4.018979668617248535e-01,-1.203480243682861328e+00,-1.644043326377868652e+00,9.260190725326538086e-01,2.070580005645751953e+00,5.274783968925476074e-01,2.374268054962158203e+00,-1.837373137474060059e+00,-9.717829823493957520e-01,8.049265146255493164e-01,2.677441358566284180e+00,-2.430015802383422852e+00,-1.192019104957580566e+00,-1.197478771209716797e+00,1.621254444122314453e+00,-1.961202740669250488e+00,3.039669692516326904e-01
-5.411444902420043945e-01,1.114107668399810791e-01,-1.896421074867248535e+00,-3.036182224750518799e-01,1.846656799316406250e+00,2.343122482299804688e+00,-8.085536211729049683e-02,-1.054070830345153809e+00,-2.234201669692993164e+00,1.523295879364013672e+00,7.435389161109924316e-01,-7.234099507331848145e-02,-1.830489754676818848e+00,-2.326027154922485352e+00,2.258677333593368530e-01,-2.685943126678466797e+00,-3.183806538581848145e-01,-4.401474595069885254e-01,6.811299920082092285e-01,-3.093178868293762207e-01
-2.385688543319702148e+00,2.983067512512207031e+00,-1.824328660964965820e+00,1.225470185279846191e+00,4.817857742309570312e-01,-2.025804519653320312e+00,-7.576816082000732422e-01,2.384259700775146484e-01,-2.707737207412719727e+00,-1.737056851387023926e+00,-4.618309736251831055e-01,-1.936562657356262207e+00,-3.451968431472778320e-01,1.710210680961608887e+00,-5.289068818092346191e-02,-2.606887221336364746e-01,-2.094799280166625977e+00,-1.634124636650085449e+00,-4.946601986885070801e-01,-1.427976489067077637e+00
-5.556725263595581055e-01,1.466110229492187500e+00,2.888792276382446289e+00,1.269184827804565430e+00,-2.104016304016113281e+00,-3.297331035137176514e-01,8.329213261604309082e-01,9.992128014564514160e-01,-1.728451438248157501e-02,-2.420476198196411133e+00,-2.166174799203872681e-01,1.240714907646179199e+00,-2.821704149246215820e-01,7.057244330644607544e-02,-1.690933585166931152e+00,-9.623981118202209473e-01,1.578418374061584473e+00,-2.334334552288055420e-01,-2.913310766220092773e+00,-1.266911506652832031e+00
-1.599974274635314941e+00,-4.059576094150543213e-01,-1.629823684692382812e+00,6.966909766197204590e-01,-8.767233490943908691e-01,-2.799513101577758789e+00,-2.447191029787063599e-01,2.277590990066528320e+00,2.263447999954223633e+00,-1.264201998710632324e+00,2.100830525159835815e-01,1.393017649650573730e+00,-1.211006045341491699e+00,-2.748303174972534180e+00,-8.333015441894531250e-01,-1.250236153602600098e+00,-2.051486968994140625e+00,-1.180611729621887207e+00,-2.000531673431396484e+00,-1.387924313545227051e+00
-4.686758220195770264e-01,-1.381945371627807617e+00,2.593624830245971680e+00,1.822285056114196777e+00,-2.421008348464965820e+00,-2.813769340515136719e+00,-4.972269237041473389e-01,1.575594902038574219e+00,-2.714848041534423828e+00,-2.529318332672119141e+00,8.526213169097900391e-01,-1.439388632774353027e+00,2.845893144607543945e+00,1.789265394210815430e+00,1.394570708274841309e+00,-3.288825154304504395e-01,-2.549609184265136719e+00,-2.354686975479125977e+00,-1.847913980484008789e+00,-6.085959076881408691e-01
6.951411366462707520e-01,1.759305357933044434e+00,4.102394580841064453e-01,-1.756463289260864258e+00,-2.247195959091186523e+00,2.393816709518432617e+00,2.756924390792846680e+00,1.904746651649475098e+00,4.810816049575805664e-01,-5.866459012031555176e-01,1.572422534227371216e-01,1.867820739746093750e+00,-2.027722120285034180e+00,1.239982962608337402e+00,-2.973885059356689453e+00,-1.572828769683837891e+00,-1.546151995658874512e+00,1.146228671073913574e+00,3.742825090885162354e-01,1.571120738983154297e+00
2.593255758285522461e+00,-2.372555732727050781e+00,-1.037674665451049805e+00,-6.884197592735290527e-01,5.368695259094238281e-01,-5.359978079795837402e-01,-2.344524860382080078e+00,2.529807567596435547e+00,-1.027696847915649414e+00,-7.816694974899291992e-01,4.954041242599487305e-01,-2.168493747711181641e+00,-1.663055658340454102e+00,1.162377834320068359e+00,5.838926434516906738e-01,-1.615577697753906250e+00,-9.793670773506164551e-01,-4.417189657688140869e-01,5.031263828277587891e-01,-1.507574200630187988e+00
8.224521875381469727e-01,-1.193797707557678223e+00,-7.591198086738586426e-01,-1.323912739753723145e-01,-2.950057029724121094e+00,-2.575140714645385742e+00,-2.634309530258178711e+00,-1.171793460845947266e+00,-2.768719911575317383e+00,1.044244170188903809e+00,6.386097073554992676e-01,-1.374287366867065430e+00,9.035766720771789551e-01,1.526273608207702637e+00,9.056595712900161743e-02,-6.620621085166931152e-01,-7.502985000610351562e-01,-1.212139487266540527e+00,1.974762678146362305e+00,-7.212681770324707031e-01
1.456734418869018555e+00,1.634690523147583008e+00,-8.751362562179565430e-01,-1.111834049224853516e+00,-2.456758499145507812e+00,-5.562655925750732422e-01,1.492121577262878418e+00,2.970556497573852539e+00,2.322721958160400391e+00,2.431950330734252930e+00,-1.583080440759658813e-01,2.010375976562500000e+00,1.044101476669311523e+00,8.582588434219360352e-01,2.839023828506469727e+00,1.804414629936218262e+00,-1.747678637504577637e+00,-1.812692165374755859e+00,2.817625284194946289e+00,-2.862331867218017578e+00
1.470667421817779541e-01,-9.915382862091064453e-01,-8.583858013153076172e-01,1.698956131935119629e+00,-7.253732085227966309e-01,-8.383702039718627930e-01,-1.008651733398437500e+00,-1.519104242324829102e+00,-3.027507066726684570e-01,1.909680604934692383e+00,-7.235246300697326660e-01,6.807555556297302246e-01,2.431883573532104492e+00,5.489188432693481445e-01,-1.229273676872253418e+00,-2.902167558670043945e+00,-9.701666831970214844e-01,-7.411172986030578613e-01,4.941384196281433105e-01,2.024947643280029297e+00
2.903088569641113281e+00,3.903539180755615234e-01,2.331375479698181152e-01,2.210962533950805664e+00,-1.143472552299499512e+00,1.450874686241149902e+00,-2.221171557903289795e-01,-2.362228631973266602e+00,1.034510016441345215e+00,-1.481712460517883301e+00,3.875599205493927002e-01,4.668763577938079834e-01,2.220943689346313477e+00,2.247308492660522461e+00,-1.234521746635437012e+00,2.409064769744873047e+00,-2.439749002456665039e+00,1.509353041648864746e+00,-1.210450530052185059e+00,-1.677678346633911133e+00
-6.322772502899169922e-01,8.550899624824523926e-01,-2.516344547271728516e+00,-1.273617267608642578e+00,-1.809143543243408203e+00,-1.131285309791564941e+00,2.618034601211547852e+00,-1.290412783622741699e+00,-2.703755617141723633e+00,2.458391427993774414e+00,-1.445677638053894043e+00,-3.823865950107574463e-01,-1.654376864433288574e+00,8.735186457633972168e-01,1.460650444030761719e+00,-1.030778169631958008e+00,-1.051572203636169434e+00,-2.907763957977294922e+00,2.176254093647003174e-01,-1.960186287760734558e-02
1.618465542793273926e+00,-2.615909337997436523e+00,-6.151373982429504395e-01,4.566604495048522949e-01,-6.337869167327880859e-01,5.002724528312683105e-01,5.609942078590393066e-01,4.242168664932250977e-01,1.400824427604675293e+00,-2.451890468597412109e+00,1.929953813552856445e+00,-3.742700815200805664e-01,-2.691379785537719727e+00,-1.454566001892089844e+00,-2.010347604751586914e+00,3.957391381263732910e-01,-1.859246134757995605e+00,-1.064009785652160645e+00,8.518386483192443848e-01,1.755481600761413574e+00
5.005055665969848633e-01,-5.162007808685302734e-01,-1.657703518867492676e+00,4.762818813323974609e-01,-6.779536008834838867e-01,1.842709183692932129e+00,-1.655472278594970703e+00,-2.262855768203735352e+00,1.532603204250335693e-01,-1.922670006752014160e+00,-3.995557427406311035e-01,-5.027421191334724426e-02,-1.896808624267578125e+00,-9.864898920059204102e-01,-1.574649810791015625e+00,1.935700654983520508e+00,-6.608204841613769531e-01,1.986658930778503418e+00,-1.904097437858581543e+00,-1.445569396018981934e+00
6.258717179298400879e-01,1.193247199058532715e+00,-5.191897153854370117e-01,1.572371125221252441e+00,2.442448139190673828e+00,1.086205482482910156e+00,6.523763537406921387e-01,-1.423604369163513184e+00,-1.682650089263916016e+00,2.423666238784790039e+00,-2.453012466430664062e+00,1.539847850799560547e+00,2.646358251571655273e+00,-2.859397649765014648e+00,1.559390723705291748e-01,-4.143173694610595703e-01,-1.082076072692871094e+00,-1.854072451591491699e+00,-2.384168386459350586e+00,-1.137533068656921387e+00
1.485385537147521973e+00,-6.980439275503158569e-02,-2.102963209152221680e+00,-2.942766845226287842e-01,-5.485738515853881836e-01,1.141651988029479980e+00,1.393752217292785645e+00,-7.896198630332946777e-01,2.924685239791870117e+00,5.329502224922180176e-01,-1.908871054649353027e+00,1.191998600959777832e+00,2.354093939065933228e-01,-1.241520166397094727e+00,2.228160798549652100e-01,-1.524432778358459473e+00,-1.553577184677124023e+00,-5.846787691116333008e-01,-2.582424640655517578e+00,-2.328040122985839844e+00
-1.984212398529052734e+00,-2.712346911430358887e-01,1.286706805229187012e+00,-1.184598088264465332e+00,3.304650485515594482e-01,5.529743432998657227e-01,-1.323576092720031738e+00,1.257212042808532715e+00,-1.874229192733764648e+00,-1.544913768768310547e+00,3.009517490863800049e-01,1.021947860717773438e+00,2.093439817428588867e+00,-1.990757822990417480e+00,8.520528078079223633e-01,-2.330932378768920898e+00,-1.444459080696105957e+00,-1.808982849121093750e+00,-8.356427550315856934e-01,2.193666934967041016e+00
2.116803646087646484e+00,-1.516863346099853516e+00,-7.344452142715454102e-01,-2.662262201309204102e+00,-2.320579528808593750e+00,2.206498384475708008e+00,-4.232174456119537354e-01,-6.976735591888427734e-01,-5.332161113619804382e-02,-9.623311758041381836e-01,1.622104883193969727e+00,-1.840238809585571289e+00,-2.032550096511840820e+00,-2.828896284103393555e+00,7.150629758834838867e-01,-1.225704774260520935e-01,2.162860393524169922e+00,7.382000088691711426e-01,-2.529456377029418945e+00,-4.906318485736846924e-01
-4.460595846176147461e-01,-7.681609988212585449e-01,-1.020269393920898438e+00,-1.564589142799377441e+00,-2.808987855911254883e+00,-2.495841979980468750e+00,-1.096288204193115234e+00,2.807736635208129883e+00,-1.991524815559387207e+00,-2.714490413665771484e+00,-9.264616966247558594e-01,7.343181371688842773e-01,-2.823244810104370117e+00,1.566600948572158813e-01,-8.156555891036987305e-01,1.240289926528930664e+00,1.297616362571716309e+00,-1.172371983528137207e+00,-1.737262845039367676e+00,2.623147964477539062e-01
-1.606870651245117188e+00,-1.422506332397460938e+00,-1.718539714813232422e+00,1.834524750709533691e+00,7.020420432090759277e-01,2.314290285110473633e+00,2.393554449081420898e+00,-2.510845661163330078e+00,9.080279469490051270e-01,2.596557855606079102e+00,-2.944491863250732422e+00,2.500839471817016602e+00,2.239208459854125977e+00,1.023434400558471680e+00,-7.782437205314636230e-01,-2.355758666992187500e+00,-1.748726010322570801e+00,-6.182872653007507324e-01,1.138896703720092773e+00,-1.524450182914733887e+00
1.380435228347778320e+00,3.713030219078063965e-01,-2.543797492980957031e+00,1.810650110244750977e+00,-2.059950590133666992e+00,1.779879689216613770e+00,-2.165999174118041992e+00,-1.320107340812683105e+00,2.640213489532470703e+00,-2.464453577995300293e-01,1.129901647567749023e+00,2.094479322433471680e+00,-2.545082092285156250e+00,1.727109432220458984e+00,5.008727908134460449e-01,2.374937057495117188e+00,-4.931054115295410156e-01,1.486840248107910156e+00,-1.887255430221557617e+00,1.331573128700256348e+00
2.448368787765502930e+00,-2.240409135818481445e+00,7.779884934425354004e-01,7.866225242614746094e-01,-2.105270862579345703e+00,-3.844058811664581299e-01,-1.210320115089416504e+00,-2.280503660440444946e-01,2.606804370880126953e+00,4.291164875030517578e-01,-1.567000269889831543e+00,1.815600991249084473e+00,1.275496125221252441e+00,6.053283214569091797e-01,-2.403235197067260742e+00,2.286974340677261353e-01,5.976935029029846191e-01,6.600410342216491699e-01,-1.736731648445129395e+00,9.798202514648437500e-01
8.684667199850082397e-02,-9.782478809356689453e-01,1.946427702903747559e+00,-1.960994720458984375e+00,-1.527026176452636719e+00,6.041102409362792969e-01,-8.891419172286987305e-01,9.245714545249938965e-01,1.022655293345451355e-01,-2.617816686630249023e+00,6.181085705757141113e-01,-5.177913308143615723e-01,-2.005667209625244141e+00,2.052857637405395508e+00,-1.017468690872192383e+00,-2.471500873565673828e+00,6.002168357372283936e-02,2.258083820343017578e+00,-2.869642972946166992e-01,-2.405049324035644531e+00
-7.588613778352737427e-02,-1.455601572990417480e+00,2.613688230514526367e+00,2.703571319580078125e+00,-8.035152554512023926e-01,5.325948596000671387e-01,-2.572052478790283203e+00,8.304218053817749023e-01,1.911627054214477539e-01,6.889713406562805176e-01,7.182674407958984375e-01,-2.268012762069702148e+00,-6.139417290687561035e-01,-6.180101037025451660e-01,-7.925727367401123047e-01,1.147265076637268066e+00,1.730150580406188965e+00,6.988182663917541504e-01,1.723718404769897461e+00,-2.702883005142211914e+00
-1.672083735466003418e+00,9.239126443862915039e-01,1.294345021247863770e+00,-2.182352244853973389e-01,2.972821474075317383e+00,1.018539786338806152e+00,-1.506289601325988770e+00,1.546931982040405273e+00,-2.811820745468139648e+00,-1.581253290176391602e+00,2.612375974655151367e+00,2.186572551727294922e+00,1.388859391212463379e+00,-2.455405950546264648e+00,2.962573766708374023e+00,1.239999607205390930e-01,-1.699750423431396484e+00,8.476978540420532227e-01,1.906370371580123901e-01,3.222606778144836426e-01
-2.896658480167388916e-01,-9.041745662689208984e-01,-1.148676872253417969e+00,-1.616387367248535156e+00,-8.668851256370544434e-01,-2.066091060638427734e+00,-2.226120233535766602e+00,1.148361206054687500e+00,-1.185963630676269531e+00,-2.142140150070190430e+00,1.648671746253967285e+00,-2.587006568908691406e+00,5.159112811088562012e-01,-2.005221128463745117e+00,1.705396294593811035e+00,-1.860307574272155762e+00,-1.059758782386779785e+00,-1.306685328483581543e+00,-2.920938134193420410e-01,1.654385924339294434e+00
8.913128376007080078e-01,2.043908596038818359e+00,-6.348314881324768066e-01,1.555572390556335449e+00,-2.923105478286743164e+00,2.841344594955444336e+00,-6.174318194389343262e-01,1.303912639617919922e+00,6.255202293395996094e-01,-4.031180441379547119e-01,-7.830880284309387207e-01,-3.707361817359924316e-01,-2.762394666671752930e+00,-3.687499761581420898e-01,-5.716743469238281250e-01,3.297975063323974609e-01,1.404170989990234375e+00,6.277530193328857422e-01,1.757683157920837402e+00,-3.684979677200317383e-01
1.130054831504821777e+00,-2.798022031784057617e+00,-1.942238807678222656e+00,1.772614598274230957e+00,1.072728753089904785e+00,9.465560317039489746e-01,-2.007092475891113281e+00,-9.283093810081481934e-01,-2.520431518554687500e+00,2.592729568481445312e+00,-3.984118998050689697e-01,8.150807768106460571e-02,-2.865541934967041016e+00,1.862762331962585449e+00,-2.641325950622558594e+00,-9.140781164169311523e-01,1.446328163146972656e+00,-2.689992427825927734e+00,2.292751371860504150e-01,5.599597692489624023e-01
1.062164545059204102e+00,-3.410167396068572998e-01,-2.672368526458740234e+00,1.061954259872436523e+00,-9.068902730941772461e-01,1.737465381622314453e+00,-1.375973701477050781e+00,-2.913914203643798828e+00,-1.541388630867004395e+00,-7.956405878067016602e-01,1.541163563728332520e+00,1.874931097030639648e+00,9.304127097129821777e-01,-1.145771384239196777e+00,2.571531772613525391e+00,-2.808453321456909180e+00,-1.807010531425476074e+00,1.296623945236206055e+00,6.485428214073181152e-01,2.640463829040527344e+00
2.829298496246337891e+00,2.329143047332763672e+00,-1.103495836257934570e+00,1.888578891754150391e+00,1.406706690788269043e+00,1.833434104919433594e+00,2.035203218460083008e+00,2.266445308923721313e-01,-2.161855250597000122e-01,5.940326955169439316e-03,-1.413113325834274292e-01,3.373682796955108643e-01,-1.237222790718078613e+00,1.162559151649475098e+00,-2.883914947509765625e+00,-2.526942253112792969e+00,7.662252783775329590e-01,-5.840731412172317505e-02,-1.622205257415771484e+00,-1.463441252708435059e+00
-6.728405356407165527e-01,-1.201412439346313477e+00,-1.859968423843383789e+00,9.669126868247985840e-01,-1.882754445075988770e+00,2.025252342224121094e+00,1.798785328865051270e+00,1.645532488822937012e+00,-1.202089548110961914e+00,-9.047576189041137695e-01,2.766934037208557129e-01,1.827217221260070801e+00,8.923617601394653320e-01,-3.691457211971282959e-01,1.473439782857894897e-01,-1.440678000450134277e+00,2.429410934448242188e+00,1.514177203178405762e+00,9.221545457839965820e-01,5.776315331459045410e-01
-1.022936940193176270e+00,1.091490745544433594e+00,-1.743102073669433594e+00,-5.405490994453430176e-01,-2.312990903854370117e+00,7.138781547546386719e-01,4.361422657966613770e-01,2.270765066146850586e+00,2.022060632705688477e+00,-2.303251266479492188e+00,3.609768152236938477e-01,-1.282632470130920410e+00,-2.585086107254028320e+00,-1.506476521492004395e+00,2.594065189361572266e+00,1.248130679130554199e+00,-6.198601722717285156e-01,-2.386087894439697266e+00,-2.844582557678222656e+00,-7.228534817695617676e-01
-3.019423782825469971e-01,-1.375435590744018555e+00,-9.935160279273986816e-01,-1.057339429855346680e+00,-8.030319213867187500e-01,2.571158647537231445e+00,1.412183403968811035e+00,-5.529460310935974121e-01,-2.748584985733032227e+00,-1.406972527503967285e+00,1.693070173263549805e+00,1.833757281303405762e+00,-8.637977242469787598e-01,-8.015139698982238770e-01,2.209462404251098633e+00,1.558123350143432617e+00,-9.893482327461242676e-01,-1.927990555763244629e+00,-9.957321733236312866e-02,5.086970925331115723e-01
-7.148959636688232422e-01,-7.114763855934143066e-01,1.760877370834350586e+00,-4.196542799472808838e-01,-2.697028964757919312e-02,-9.871540069580078125e-01,-9.055001735687255859e-01,-2.502153635025024414e+00,-8.283308148384094238e-01,-1.896775007247924805e+00,-1.320291638374328613e+00,-5.588119029998779297e-01,-2.679509401321411133e+00,-9.692385196685791016e-01,-6.675979495048522949e-01,-3.680259585380554199e-01,8.731948137283325195e-01,-2.424487113952636719e+00,-1.395682811737060547e+00,-1.758240699768066406e+00
-4.902032911777496338e-01,1.811631560325622559e+00,5.957553386688232422e-01,2.739962577819824219e+00,-9.692302346229553223e-01,-7.429929971694946289e-01,-2.509298324584960938e+00,2.479049921035766602e+00,-2.663403272628784180e+00,2.625731468200683594e+00,-1.653277426958084106e-01,1.460088253021240234e+00,2.468357563018798828e+00,-2.576183557510375977e+00,-1.908582329750061035e+00,-9.610191732645034790e-02,6.224840283393859863e-01,2.095486879348754883e+00,5.398250222206115723e-01,-9.507219791412353516e-01
2.994024276733398438e+00,-2.424507617950439453e+00,8.492852449417114258e-01,2.579929590225219727e+00,1.307585716247558594e+00,1.566756218671798706e-01,7.627196311950683594e-01,1.141829252243041992e+00,2.681967496871948242e+00,2.426171541213989258e+00,3.439237475395202637e-01,1.550705194473266602e+00,5.990825891494750977e-01,3.623951375484466553e-01,-1.955013990402221680e+00,2.037685364484786987e-01,-1.251613974571228027e+00,1.495322108268737793e+00,-8.772438764572143555e-01,-7.888132333755493164e-01
-1.261832267045974731e-01,2.369912862777709961e+00,-7.368854880332946777e-01,1.551634550094604492e+00,-1.460821866989135742e+00,1.205400586128234863e+00,-4.800654947757720947e-02,-2.216217279434204102e+00,-1.717563748359680176e+00,6.721185445785522461e-01,-1.838219881057739258e+00,-2.463174581527709961e+00,4.284968376159667969e-01,-5.096577405929565430e-01,-2.274488687515258789e+00,2.762299299240112305e+00,-5.577251315116882324e-01,-5.844594240188598633e-01,-5.308227539062500000e-01,-2.772154331207275391e+00
-1.636600375175476074e+00,-1.484089374542236328e+00,1.126825094223022461e+00,1.103936553001403809e+00,-9.231256842613220215e-01,3.056578934192657471e-01,2.355607748031616211e+00,-3.699539303779602051e-01,6.557558178901672363e-01,1.108952522277832031e+00,-8.794834017753601074e-01,-3.678850531578063965e-01,2.005925893783569336e+00,-2.168027907609939575e-01,-2.458468675613403320e+00,-2.623269557952880859e+00,-5.959994196891784668e-01,9.796178340911865234e-02,-2.551988363265991211e+00,5.174673199653625488e-01
-1.453582048416137695e+00,1.401833415031433105e+00,8.947216868400573730e-01,2.019983053207397461e+00,-1.499411106109619141e+00,-1.925781130790710449e+00,1.741562604904174805e+00,2.941913127899169922e+00,6.110429391264915466e-02,1.369558423757553101e-01,6.774961352348327637e-01,1.598668098449707031e+00,-1.323798418045043945e+00,-1.238704800605773926e+00,2.941636443138122559e-01,-1.200489997863769531e+00,1.458754420280456543e+00,-2.257941484451293945e+00,-1.963239908218383789e+00,-6.724952459335327148e-01
9.968080520629882812e-01,-2.107040166854858398e+00,1.363333344459533691e+00,1.574135303497314453e+00,-1.894710063934326172e+00,-3.042320534586906433e-02,-5.981132984161376953e-01,1.448636800050735474e-01,2.896393239498138428e-01,-2.601978302001953125e+00,3.516828715801239014e-01,1.186395645141601562e+00,1.161213636398315430e+00,-3.970822989940643311e-01,1.995771564543247223e-02,-2.636531829833984375e+00,7.811490297317504883e-01,9.865437150001525879e-01,-2.724590539932250977e+00,8.623415231704711914e-02
-1.835197448730468750e+00,2.617994070053100586e+00,-1.865878343582153320e+00,2.923858463764190674e-01,9.095363020896911621e-01,-5.085793733596801758e-01,4.862815737724304199e-01,2.748986482620239258e+00,-7.957029342651367188e-01,-9.904283285140991211e-01,-2.677519083023071289e+00,2.661811828613281250e+00,-2.338115498423576355e-02,-1.039010286331176758e+00,-2.424593210220336914e+00,-2.607537269592285156e+00,1.409432411193847656e+00,-1.600018739700317383e+00,-3.475548923015594482e-01,-3.178384304046630859e-01
1.438905596733093262e+00,7.998400926589965820e-01,-6.725122332572937012e-01,2.941770315170288086e+00,2.644342184066772461e+00,-1.786686420440673828e+00,-1.767284631729125977e+00,-2.385802507400512695e+00,5.306530594825744629e-01,2.444200664758682251e-01,-1.942336559295654297e+00,-2.020904779434204102e+00,2.027537107467651367e+00,1.464031934738159180e+00,-7.365872710943222046e-02,1.023608259856700897e-03,-2.618196725845336914e+00,-6.009517312049865723e-01,-1.113578200340270996e+00,-2.470986604690551758e+00
2.746307253837585449e-01,-1.311018466949462891e+00,1.273343086242675781e+00,-1.304599046707153320e+00,-1.071381688117980957e+00,2.471017122268676758e+00,-2.162881374359130859e+00,3.539894223213195801e-01,1.695217013359069824e+00,2.708745718002319336e+00,-3.042572736740112305e-01,-2.723162770271301270e-01,2.523256778717041016e+00,-1.060148954391479492e+00,-1.399087905883789062e+00,-3.564857542514801025e-01,-6.439250111579895020e-01,-9.318672418594360352e-01,-9.664949774742126465e-01,-9.863293766975402832e-01
1.638152241706848145e+00,-8.525574207305908203e-01,-2.491559267044067383e+00,-4.810612201690673828e-01,4.295268654823303223e-01,8.020330071449279785e-01,-2.429050207138061523e+00,1.779424190521240234e+00,9.404697418212890625e-01,-1.066396236419677734e-01,3.116767853498458862e-02,-2.689026594161987305e+00,-1.395266771316528320e+00,1.416420459747314453e+00,-5.906746387481689453e-01,-1.951066732406616211e+00,-2.503237485885620117e+00,-4.146484136581420898e-01,1.080808997154235840e+00,-2.594181776046752930e+00
-1.985969424247741699e+00,1.492892146110534668e+00,-1.875135302543640137e+00,6.963201761245727539e-01,-1.595506072044372559e+00,2.047668218612670898e+00,2.278322696685791016e+00,-1.572643637657165527e+00,-2.880657196044921875e+00,2.475766420364379883e+00,-4.335254728794097900e-01,-1.967052340507507324e+00,-4.818894565105438232e-01,-6.921271979808807373e-02,2.681220293045043945e+00,-1.173334717750549316e+00,-4.877903759479522705e-01,-1.683259844779968262e+00,2.377235412597656250e+00,-1.374997138977050781e+00
1.740949988365173340e+00,6.010912060737609863e-01,-1.281244277954101562e+00,-5.688812583684921265e-02,-2.172821521759033203e+00,-2.500639677047729492e+00,-1.997475385665893555e+00,2.228253841400146484e+00,-1.408993244171142578e+00,-2.330455303192138672e+00,1.119644045829772949e+00,-2.632922649383544922e+00,-3.320623636245727539e-01,-2.859829187393188477e+00,-9.955193400382995605e-01,8.673346638679504395e-01,-1.704404950141906738e+00,-1.173140168190002441e+00,1.228711843490600586e+00,6.075544357299804688e-01
1.509244203567504883e+00,-1.808901548385620117e+00,1.463919043540954590e+00,1.285553812980651855e+00,-1.551431536674499512e+00,-9.456213116645812988e-01,1.486364245414733887e+00,-7.454857230186462402e-01,-1.635539978742599487e-01,9.604701399803161621e-01,9.976587891578674316e-01,2.341950684785842896e-01,2.557651042938232422e+00,-2.186006546020507812e+00,-1.912653326988220215e+00,-4.497078955173492432e-01,-9.931190609931945801e-01,-2.028141975402832031e+00,2.594537019729614258e+00,1.736402958631515503e-01
3.418752178549766541e-02,-1.085563421249389648e+00,2.642774581909179688e+00,1.163453698158264160e+00,7.531481981277465820e-01,-1.995044469833374023e+00,1.691189765930175781e+00,-1.241874575614929199e+00,-1.787496685981750488e+00,-1.303496837615966797e+00,3.834201693534851074e-01,2.476824045181274414e+00,2.862448692321777344e+00,-1.424687862396240234e+00,-1.958727240562438965e+00,-8.710504770278930664e-01,-2.781369209289550781e+00,-1.803230792284011841e-01,-5.316428542137145996e-01,-1.206296205520629883e+00
1.305924534797668457e+00,-2.073593139648437500e+00,2.717544794082641602e+00,5.184129476547241211e-01,1.337086915969848633e+00,2.797122955322265625e+00,-1.840042710304260254e+00,-5.937098264694213867e-01,4.749018251895904541e-01,-1.315054446458816528e-01,1.585478425025939941e+00,-2.158210992813110352e+00,-2.800536870956420898e+00,3.232387304306030273e-01,-2.575994729995727539e+00,-2.403182268142700195e+00,2.705750942230224609e+00,1.731791138648986816e+00,-2.055004835128784180e+00,-1.546003937721252441e+00
-6.418105363845825195e-01,-1.094060540199279785e+00,5.235477685928344727e-01,1.785522818565368652e+00,2.342552185058593750e+00,5.655642747879028320e-01,2.140822649002075195e+00,-1.553137540817260742e+00,2.937808036804199219e-01,-7.201719880104064941e-01,-1.051430463790893555e+00,-1.869417309761047363e+00,4.344359934329986572e-01,-2.103878974914550781e+00,-2.884407758712768555e+00,-2.394610643386840820e+00,-1.638087987899780273e+00,2.124402284622192383e+00,-1.122053980827331543e+00,-2.928327322006225586e+00
9.286223053932189941e-01,-4.397770166397094727e-01,-1.413572281599044800e-01,1.284410476684570312e+00,-2.144103288650512695e+00,-2.445915222167968750e+00,-5.616891980171203613e-01,1.652893126010894775e-01,6.096290349960327148e-01,-1.123086690902709961e+00,-4.983169138431549072e-01,-1.843505144119262695e+00,-8.449006825685501099e-02,-1.380881905555725098e+00,-1.688205838203430176e+00,2.672426223754882812e+00,-2.364526510238647461e+00,-3.910649120807647705e-01,-1.417230963706970215e+00,4.737643301486968994e-01
1.011684775352478027e+00,-2.060191631317138672e+00,8.042582869529724121e-01,-1.204082369804382324e+00,-7.773289680480957031e-01,2.191318035125732422e+00,-1.463644742965698242e+00,5.162483453750610352e-01,2.157586067914962769e-01,-1.447045087814331055e+00,6.388328671455383301e-01,7.185064554214477539e-01,-2.677226066589355469e+00,5.123364329338073730e-01,2.476218223571777344e+00,-7.293040305376052856e-02,7.111299633979797363e-01,-1.828511238098144531e+00,1.566618680953979492e+00,1.259845495223999023e-01
-8.094503730535507202e-02,1.670947819948196411e-01,2.495413064956665039e+00,-5.425364375114440918e-01,-9.709884226322174072e-02,9.310401082038879395e-01,-1.861493468284606934e+00,-1.975246220827102661e-01,-1.002423524856567383e+00,-9.532566070556640625e-01,2.693898379802703857e-01,-2.757998228073120117e+00,-5.967583060264587402e-01,-2.997898340225219727e+00,-1.656631231307983398e+00,-8.973274827003479004e-01,-2.638250589370727539e+00,-6.500874757766723633e-01,-5.427390933036804199e-01,-9.282500743865966797e-01
-8.335181474685668945e-01,5.547145605087280273e-01,-1.349076747894287109e+00,-2.467426508665084839e-01,-1.499423265457153320e+00,1.661889441311359406e-02,1.267468571662902832e+00,-1.130786538124084473e+00,-2.454551458358764648e+00,-9.322811961174011230e-01,1.620344161987304688e+00,1.451640605926513672e+00,-8.294653892517089844e-01,-7.377465367317199707e-01,-1.180781126022338867e+00,-2.619963645935058594e+00,5.983981490135192871e-01,-6.201364398002624512e-01,6.280037015676498413e-02,-9.858049154281616211e-01
-1.670782327651977539e+00,3.105478882789611816e-01,-1.100969195365905762e+00,5.063092708587646484e-01,4.079310297966003418e-01,1.581027865409851074e+00,2.345478773117065430e+00,-1.387293457984924316e+00,1.685515046119689941e+00,1.443719863891601562e+00,1.589577078819274902e+00,-2.679706573486328125e+00,-2.708620786666870117e+00,1.890585541725158691e+00,9.997926354408264160e-01,-1.189297080039978027e+00,-2.234323978424072266e+00,-1.156261205673217773e+00,-1.198663949966430664e+00,-2.807670593261718750e+00
-7.456905394792556763e-02,-6.697092056274414062e-01,-1.446865200996398926e+00,-1.408509850502014160e+00,-2.066435478627681732e-02,-1.453205347061157227e+00,-2.707139253616333008e+00,-2.256885766983032227e+00,-2.673062324523925781e+00,-1.185111403465270996e+00,-4.000017940998077393e-01,1.277317285537719727e+00,-5.574230551719665527e-01,-5.081248879432678223e-01,-1.768012523651123047e+00,8.456621170043945312e-01,-2.763206362724304199e-01,-2.014060735702514648e+00,1.859675794839859009e-01,-7.519527673721313477e-01
-1.688372731208801270e+00,6.492241472005844116e-02,1.044030547142028809e+00,1.875940561294555664e+00,-8.944697976112365723e-01,-9.028651118278503418e-01,2.644389629364013672e+00,2.395506620407104492e+00,1.922570228576660156e+00,-9.086084365844726562e-02,-1.985791802406311035e+00,1.372652530670166016e+00,2.882441759109497070e+00,-5.753495097160339355e-01,7.461215257644653320e-01,-2.726099491119384766e+00,-2.851106882095336914e+00,-1.993519306182861328e+00,-1.143725514411926270e+00,-1.545264244079589844e+00
-3.293331265449523926e-01,-1.693339228630065918e+00,2.727586627006530762e-01,-1.400957584381103516e+00,-5.015617609024047852e-01,5.918799638748168945e-01,-2.128747463226318359e+00,1.496442079544067383e+00,-1.976091980934143066e+00,-8.757669329643249512e-01,-2.931863307952880859e+00,2.277809828519821167e-01,7.071444988250732422e-01,-1.716737449169158936e-01,-1.886195302009582520e+00,-2.173964381217956543e-01,-2.013503551483154297e+00,5.767663717269897461e-01,2.117129862308502197e-01,-8.049491047859191895e-01
5.358136892318725586e-01,-1.040651798248291016e+00,2.080471962690353394e-01,6.920017004013061523e-01,2.966657161712646484e+00,-2.193237304687500000e+00,1.734960079193115234e-01,-1.549190759658813477e+00,3.531911224126815796e-02,1.343819737434387207e+00,-2.924797236919403076e-01,-8.128571510314941406e-02,1.647585153579711914e+00,-4.747931957244873047e-01,-1.876288890838623047e+00,-1.186269044876098633e+00,-2.718217134475708008e+00,-1.620495557785034180e+00,-1.562731146812438965e+00,-2.442417621612548828e+00
-8.618983626365661621e-01,2.497792005538940430e+00,-5.836231112480163574e-01,-1.908927917480468750e+00,1.312662720680236816e+00,-2.016536742448806763e-01,-2.362327814102172852e+00,-1.737868189811706543e+00,-2.786375045776367188e+00,2.181140661239624023e+00,-4.653174281120300293e-01,2.508780956268310547e+00,-1.560758709907531738e+00,2.046231508255004883e+00,-2.065237425267696381e-02,4.013068377971649170e-01,-1.832495570182800293e+00,-1.112423181533813477e+00,-2.208195924758911133e+00,-2.781352758407592773e+00
5.107680559158325195e-01,-1.848425149917602539e+00,2.840813100337982178e-01,-1.783608794212341309e+00,6.135229468345642090e-01,1.800931572914123535e+00,-1.842796206474304199e+00,-2.774737775325775146e-01,-2.942584276199340820e+00,-5.794835686683654785e-01,1.861503005027770996e+00,5.791761875152587891e-01,-1.257116913795471191e+00,-1.141409039497375488e+00,-9.661395549774169922e-01,-5.409563183784484863e-01,2.430336326360702515e-01,-1.247301101684570312e+00,1.262702345848083496e-01,1.879807591438293457e+00
-1.633541584014892578e+00,1.006020307540893555e+00,7.511205673217773438e-01,1.612411141395568848e+00,-2.969644784927368164e+00,-1.369774580001831055e+00,-1.317294478416442871e+00,-3.530816435813903809e-01,-2.550954341888427734e+00,-1.096567034721374512e+00,-2.814240455627441406e+00,-1.956416249275207520e+00,-1.235750913619995117e+00,7.245863676071166992e-01,1.386324614286422729e-01,2.186485052108764648e+00,-1.559441328048706055e+00,-2.261790275573730469e+00,-1.897428631782531738e+00,-2.173486232757568359e+00
-1.476329803466796875e+00,-9.842444658279418945e-01,2.211901664733886719e+00,-1.133144378662109375e+00,-9.846162199974060059e-01,-1.412613034248352051e+00,-1.586611628532409668e+00,2.932838678359985352e+00,2.299354076385498047e+00,9.259048104286193848e-01,-8.372540473937988281e-01,-5.159788727760314941e-01,-1.076019883155822754e+00,-2.713059425354003906e+00,1.334928631782531738e+00,-4.448356628417968750e-01,-4.627045094966888428e-01,-1.099753618240356445e+00,-1.568005442619323730e+00,-1.005396962165832520e+00
3.880366384983062744e-01,-1.507515072822570801e+00,1.722487568855285645e+00,9.864734411239624023e-01,-2.433069944381713867e+00,-2.000523090362548828e+00,6.730960607528686523e-01,-8.956631422042846680e-01,-6.325691342353820801e-01,2.203129053115844727e+00,3.544796705245971680e-01,9.291781783103942871e-01,7.379928827285766602e-01,-1.326665401458740234e+00,3.465105891227722168e-01,-4.291712865233421326e-02,-2.594079494476318359e+00,-2.407191038131713867e+00,1.768127560615539551e+00,-8.883799314498901367e-01
-2.544471025466918945e+00,-2.136405259370803833e-01,-2.264749526977539062e+00,2.709316015243530273e+00,-1.251830339431762695e+00,-1.358454346656799316e+00,2.006062269210815430e+00,-2.552383244037628174e-01,-1.845918774604797363e+00,-2.059251785278320312e+00,6.474651694297790527e-01,8.332754969596862793e-01,-2.583880424499511719e+00,7.820597290992736816e-01,8.325772732496261597e-02,-8.412965536117553711e-01,-1.081487178802490234e+00,1.589723706245422363e+00,2.621047019958496094e+00,-5.060355663299560547e-01
1.873147636651992798e-01,-2.427913188934326172e+00,4.616193771362304688e-01,1.787273585796356201e-01,-3.600615561008453369e-01,1.593659162521362305e+00,-5.740581154823303223e-01,-2.266322374343872070e+00,-1.465061306953430176e-01,-1.861898779869079590e+00,-1.879062414169311523e+00,1.351520657539367676e+00,-3.573884665966033936e-01,1.360473871231079102e+00,-1.008771896362304688e+00,-1.408584356307983398e+00,-1.679488301277160645e+00,2.607132196426391602e+00,4.981615245342254639e-01,1.045119881629943848e+00
-8.745191097259521484e-01,1.446277618408203125e+00,2.230767756700515747e-01,-1.522198081016540527e+00,4.050403237342834473e-01,2.814230680465698242e+00,8.789784312248229980e-01,-1.583297371864318848e+00,6.774166226387023926e-01,-1.809500098228454590e+00,-3.478280305862426758e-01,2.826947905123233795e-02,-1.472297906875610352e+00,3.498621284961700439e-01,-1.584038853645324707e+00,-8.953275084495544434e-01,-6.444196701049804688e-01,2.419216930866241455e-01,2.610944807529449463e-01,-2.668990373611450195e+00
1.047922968864440918e+00,2.919799566268920898e+00,-2.086693525314331055e+00,9.861460924148559570e-01,-4.819490015506744385e-01,2.189560651779174805e+00,1.804244279861450195e+00,2.566097080707550049e-01,-5.090671405196189880e-02,-2.714523077011108398e+00,-1.834942460060119629e+00,-1.335870265960693359e+00,2.761885166168212891e+00,-1.257406473159790039e+00,1.166119456291198730e+00,-1.813628435134887695e+00,-4.162315428256988525e-01,-3.843698501586914062e-01,-2.048010587692260742e+00,-1.386190533638000488e+00
-1.686877250671386719e+00,-8.853967189788818359e-01,-1.145537972450256348e+00,-2.695951461791992188e+00,1.605732440948486328e+00,1.232673048973083496e+00,-1.353811025619506836e+00,1.708566188812255859e+00,-2.241990119218826294e-01,-2.911172866821289062e+00,2.118423879146575928e-01,-2.281417846679687500e+00,-1.094850450754165649e-01,2.614623546600341797e+00,-2.709512948989868164e+00,-4.374226331710815430e-01,-4.172219708561897278e-02,-6.576993465423583984e-01,-3.324037790298461914e-01,-2.722910642623901367e-01
1.362529277801513672e+00,1.903707683086395264e-01,5.228270292282104492e-01,1.585661768913269043e+00,2.990020036697387695e+00,-4.285350739955902100e-01,-2.540954828262329102e+00,-2.575347423553466797e+00,4.456431865692138672e-01,9.142180085182189941e-01,-7.215041518211364746e-01,1.284272909164428711e+00,-1.225852608680725098e+00,2.785623073577880859e+00,-1.724194765090942383e+00,-3.017545342445373535e-01,-1.255642652511596680e+00,-2.818299829959869385e-01,-6.464548110961914062e-01,-1.137619733810424805e+00
1.536833286285400391e+00,1.081258296966552734e+00,-2.166058778762817383e+00,1.797850251197814941e+00,-6.032193079590797424e-02,-3.067705929279327393e-01,2.391459226608276367e+00,-4.342584609985351562e-01,-2.616836547851562500e+00,6.421428918838500977e-01,-2.582448720932006836e+00,-3.130446076393127441e-01,-2.020148746669292450e-02,2.954898834228515625e+00,-1.063612461090087891e+00,-2.841290473937988281e+00,1.611714661121368408e-01,1.965003132820129395e+00,-2.001891374588012695e+00,-2.328675508499145508e+00
-6.455042958259582520e-01,2.784162998199462891e+00,-4.667966365814208984e-01,1.308355093002319336e+00,1.200098514556884766e+00,2.459522336721420288e-01,-1.134596109390258789e+00,1.953722443431615829e-03,-2.954706668853759766e+00,7.069044113159179688e-01,-7.933439612388610840e-01,1.856914281845092773e+00,-4.340888261795043945e-01,3.940169811248779297e-01,-5.382553339004516602e-01,-2.611771106719970703e+00,-3.367810249328613281e-01,-9.078432321548461914e-01,7.749050855636596680e-01,1.610290765762329102e+00
1.652868866920471191e+00,1.141334295272827148e+00,-2.469884634017944336e+00,-1.863948822021484375e+00,-1.415925621986389160e+00,-1.089510440826416016e+00,-2.851116657257080078e+00,-5.755433440208435059e-01,-9.217634201049804688e-01,-1.117976427078247070e+00,-2.753571569919586182e-01,-2.590129852294921875e+00,4.523958265781402588e-01,-1.737133979797363281e+00,-2.112260580062866211e+00,1.157246112823486328e+00,8.278074860572814941e-01,-1.105764508247375488e+00,-1.644149124622344971e-01,-2.678360939025878906e+00
3.426634967327117920e-01,4.301316142082214355e-01,-9.060901999473571777e-01,4.692167937755584717e-01,-6.981272697448730469e-01,1.417959332466125488e+00,-2.750973224639892578e+00,1.216349840164184570e+00,4.349742457270622253e-02,5.607459545135498047e-01,1.091104507446289062e+00,1.229802489280700684e+00,-8.243364691734313965e-01,-8.832601308822631836e-01,1.630729675292968750e+00,-7.186376452445983887e-01,-2.168509960174560547e+00,5.947131291031837463e-02,-4.848285913467407227e-01,5.824392437934875488e-01
1.151037335395812988e+00,1.916166305541992188e+00,9.737829566001892090e-01,1.872523546218872070e+00,-1.453766107559204102e+00,1.681618690490722656e+00,2.673493146896362305e+00,1.557849645614624023e+00,2.706409692764282227e+00,-1.884669303894042969e+00,-5.197079181671142578e-01,-1.918098092079162598e+00,1.050917267799377441e+00,7.636650204658508301e-01,2.609243154525756836e+00,-2.551354408264160156e+00,-4.223956465721130371e-01,2.108756303787231445e-01,-2.759980678558349609e+00,-1.851549744606018066e+00
-5.367087721824645996e-01,-1.556761026382446289e+00,-2.743372917175292969e+00,-1.370470404624938965e+00,7.719648480415344238e-01,1.369554638862609863e+00,3.954599201679229736e-01,-1.040041685104370117e+00,1.597270816564559937e-01,-2.782158613204956055e+00,-1.001939535140991211e+00,2.498118400573730469e+00,9.369893670082092285e-01,1.681059747934341431e-01,1.984491109848022461e+00,-1.874420166015625000e+00,-1.787897109985351562e+00,2.982869148254394531e+00,7.761137485504150391e-01,-2.774388790130615234e+00
9.423812627792358398e-01,2.294219493865966797e+00,-1.397011637687683105e+00,-1.245843410491943359e+00,-6.787664294242858887e-01,7.959176898002624512e-01,-2.697186946868896484e+00,-1.961498618125915527e+00,-1.516126513481140137e+00,2.240316569805145264e-01,1.295581698417663574e+00,-1.881075620651245117e+00,-1.736959457397460938e+00,-2.381029605865478516e+00,-2.877731919288635254e-01,2.678598165512084961e+00,-2.371041774749755859e+00,7.465191185474395752e-02,-2.617304921150207520e-01,-2.757316112518310547e+00
-1.364112377166748047e+00,-7.113600373268127441e-01,-1.634157299995422363e+00,-4.681004881858825684e-01,-1.553827643394470215e+00,1.173969984054565430e+00,2.500820636749267578e+00,2.814877986907958984e+00,-2.946054220199584961e+00,7.329345941543579102e-01,-9.655553102493286133e-02,1.922609448432922363e+00,-4.730181694030761719e-01,9.498156309127807617e-01,2.640579700469970703e+00,1.613785386085510254e+00,-1.326991915702819824e-01,-2.000647544860839844e+00,1.113926887512207031e+00,-1.302521109580993652e+00
2.045462369918823242e+00,-6.578740477561950684e-02,-2.361130714416503906e+00,-2.471690922975540161e-01,3.784142136573791504e-01,1.192248106002807617e+00,-8.916517496109008789e-01,2.933201074600219727e+00,-1.515157461166381836e+00,1.041960835456848145e+00,2.081753015518188477e+00,-2.758303880691528320e+00,2.523765325546264648e+00,1.151406764984130859e-01,-1.475339174270629883e+00,-1.505355954170227051e+00,-2.165239304304122925e-01,-4.567712545394897461e-01,2.203353881835937500e+00,-2.539230823516845703e+00
5.217058658599853516e-01,-1.680828690528869629e+00,-1.499431014060974121e+00,-1.365547776222229004e-01,2.198097229003906250e+00,-7.402803301811218262e-01,-1.096034049987792969e+00,9.968898892402648926e-01,-1.469658255577087402e+00,-1.303346633911132812e+00,-2.072941541671752930e+00,2.572252035140991211e+00,2.360086441040039062e+00,-5.289586186408996582e-01,2.609884142875671387e-01,-1.928761720657348633e+00,-9.770430326461791992e-01,-1.134203553199768066e+00,-2.237475395202636719e+00,2.786428451538085938e+00
1.894053578376770020e+00,1.904609441757202148e+00,-2.075247764587402344e-01,3.768362402915954590e-01,-2.376897811889648438e+00,-2.536066532135009766e+00,-2.270325183868408203e+00,-1.618672907352447510e-01,1.377636045217514038e-01,-9.127598404884338379e-01,-1.765959143638610840e+00,9.177336692810058594e-01,-7.840230315923690796e-02,-2.485538005828857422e+00,-1.431081771850585938e+00,-9.313828945159912109e-01,-2.549959659576416016e+00,1.336083531379699707e+00,-5.782146453857421875e-01,-8.778758645057678223e-01
2.072697877883911133e+00,7.703911662101745605e-01,-2.979226112365722656e+00,3.322672247886657715e-01,2.428729683160781860e-01,1.885577082633972168e+00,2.768508195877075195e+00,-4.959056675434112549e-01,1.185760378837585449e+00,2.442150712013244629e-01,7.006748318672180176e-01,-7.589416503906250000e-01,2.114736586809158325e-01,1.084725975990295410e+00,-3.966429233551025391e-01,8.327276110649108887e-01,-2.092491626739501953e+00,-2.275975704193115234e+00,-1.157644510269165039e+00,-1.900390863418579102e+00
2.359991371631622314e-01,7.387599349021911621e-01,2.559369087219238281e+00,-3.980718553066253662e-01,-2.121675014495849609e+00,-2.332099199295043945e+00,2.543713331222534180e+00,2.714301347732543945e+00,-6.582475453615188599e-02,-2.217199087142944336e+00,-1.421346545219421387e+00,2.700721025466918945e+00,1.242801308631896973e+00,-1.693988204002380371e+00,-1.556852221488952637e+00,-2.785553455352783203e+00,-1.008892655372619629e+00,4.691424369812011719e-01,-2.690956592559814453e+00,1.198013663291931152e+00
1.530477125197649002e-02,2.990593314170837402e-01,-1.130049347877502441e+00,5.167219638824462891e-01,-9.496234357357025146e-02,1.357853531837463379e+00,6.988342404365539551e-01,-1.397994875907897949e+00,-1.733811736106872559e+00,1.916016459465026855e+00,1.895822286605834961e+00,2.400567084550857544e-01,-1.248407006263732910e+00,1.018839001655578613e+00,1.854423403739929199e+00,2.517125844955444336e+00,-4.699505269527435303e-01,-2.686808586120605469e+00,1.711732506752014160e+00,-2.833206653594970703e+00
1.445474505424499512e+00,-1.435364723205566406e+00,-1.110272035002708435e-01,-1.806082248687744141e+00,-1.086606383323669434e+00,2.517367839813232422e+00,1.781544685363769531e+00,2.309798240661621094e+00,1.798899412155151367e+00,-2.999278783798217773e+00,-2.346403121948242188e+00,-2.183651447296142578e+00,-6.817834377288818359e-01,3.270905092358589172e-02,-1.166344761848449707e+00,1.299879789352416992e+00,-1.023943543434143066e+00,-8.408285379409790039e-01,-7.167690992355346680e-01,-3.164772093296051025e-01
-2.692004203796386719e+00,2.558258771896362305e+00,-1.437010020017623901e-01,-1.347626805305480957e+00,6.547126770019531250e-01,2.539473295211791992e+00,2.692057132720947266e+00,1.277709126472473145e+00,-2.081981420516967773e+00,-5.500510931015014648e-01,-1.021259427070617676e+00,-1.715619802474975586e+00,-1.402938723564147949e+00,-3.181153163313865662e-02,-2.275623977184295654e-01,-1.399567365646362305e+00,-2.343615770339965820e+00,-2.495917081832885742e+00,-2.334621429443359375e+00,-1.223961353302001953e+00
-1.449790835380554199e+00,4.342069625854492188e-01,-1.602145314216613770e+00,1.994955778121948242e+00,-7.865640521049499512e-01,1.164978027343750000e+00,-8.757110238075256348e-01,2.778923511505126953e+00,-1.779365301132202148e+00,2.526334762573242188e+00,5.760408043861389160e-01,2.918898344039916992e+00,-2.606992721557617188e+00,2.394870996475219727e+00,1.679870843887329102e+00,3.351783752441406250e-01,1.725204467773437500e+00,-2.560083150863647461e+00,-3.678380846977233887e-01,1.403464794158935547e+00
-6.321781873703002930e-01,-2.389360666275024414e+00,8.708786368370056152e-01,2.254878997802734375e+00,-2.423066377639770508e+00,2.174762487411499023e+00,2.691753387451171875e+00,4.344547092914581299e-01,3.720831274986267090e-01,-1.841647624969482422e+00,9.876309633255004883e-01,6.465266942977905273e-01,-9.196410179138183594e-01,-2.530462503433227539e+00,2.695757865905761719e+00,5.180273652076721191e-01,1.866620421409606934e+00,-1.802293658256530762e+00,8.466842174530029297e-01,-1.993691802024841309e+00
9.413607120513916016e-01,3.379421234130859375e-01,-1.324706077575683594e+00,-4.902681112289428711e-01,2.891442477703094482e-01,2.496858984231948853e-01,1.218243360519409180e+00,5.185465812683105469e-01,1.907118856906890869e-01,-1.836355686187744141e+00,2.443166732788085938e+00,4.530191719532012939e-01,4.616067558526992798e-02,-7.451652884483337402e-01,2.606019735336303711e+00,-7.980866432189941406e-01,2.170112133026123047e+00,-7.826657593250274658e-02,-1.669411659240722656e+00,-2.785336494445800781e+00
-1.339675068855285645e+00,-5.057408809661865234e-01,-9.835336208343505859e-01,4.993675649166107178e-01,1.858386993408203125e-01,8.050961494445800781e-01,1.395553469657897949e+00,-1.643253713846206665e-01,1.761145472526550293e+00,-1.399293422698974609e+00,1.716201186180114746e+00,4.406116902828216553e-01,-1.560787677764892578e+00,3.008817136287689209e-01,-1.749025106430053711e+00,4.868569076061248779e-01,-1.650193691253662109e+00,-7.939960956573486328e-01,-2.061577081680297852e+00,-1.102878570556640625e+00
1.697290778160095215e+00,1.823860168457031250e+00,-2.016355514526367188e+00,2.160457134246826172e+00,-2.308437824249267578e+00,2.611500740051269531e+00,1.804042339324951172e+00,-2.685736656188964844e+00,-9.307346940040588379e-01,-1.504507541656494141e+00,-2.243096381425857544e-01,2.634724140167236328e+00,-2.327743530273437500e+00,1.461303949356079102e+00,2.412024259567260742e+00,-1.544397711753845215e+00,-9.552456736564636230e-01,1.553345680236816406e+00,-1.392937660217285156e+00,1.690008044242858887e+00
6.993613243103027344e-01,1.411432623863220215e-01,-1.391030102968215942e-01,1.112618923187255859e+00,4.955058991909027100e-01,8.621100783348083496e-01,-2.780028879642486572e-01,-1.332451701164245605e+00,-6.617817878723144531e-01,-1.584675908088684082e+00,2.941928863525390625e+00,7.241604477167129517e-02,1.198337793350219727e+00,-2.774806976318359375e+00,8.002818226814270020e-01,-1.989655733108520508e+00,-1.579402446746826172e+00,-1.812805682420730591e-01,7.178414463996887207e-01,5.128598213195800781e-01
-9.285195171833038330e-02,5.999643802642822266e-01,-6.275629401206970215e-01,-2.096597433090209961e+00,-1.689226388931274414e+00,-2.100729703903198242e+00,1.290025830268859863e+00,1.108179688453674316e+00,-1.522658586502075195e+00,1.407654166221618652e+00,2.726305961608886719e+00,2.559867382049560547e+00,-1.977989435195922852e+00,-1.496307253837585449e+00,2.522568941116333008e+00,-2.224241256713867188e+00,7.999149560928344727e-01,1.846249103546142578e+00,-2.841678857803344727e+00,-1.681198835372924805e+00
4.506907165050506592e-01,6.300467848777770996e-01,-1.463147759437561035e+00,8.568142056465148926e-01,2.680774331092834473e-01,-4.866375923156738281e-01,3.925656974315643311e-01,2.564139842987060547e+00,1.861963510513305664e+00,-3.963160514831542969e-01,-6.452611684799194336e-01,3.342753946781158447e-01,-4.854864776134490967e-01,-4.475726187229156494e-01,-1.490007758140563965e+00,4.088731110095977783e-01,-7.795004248619079590e-01,-1.931806840002536774e-02,-2.400358676910400391e+00,-2.306733608245849609e+00
2.440819501876831055e+00,-2.253832340240478516e+00,1.616814851760864258e+00,2.416203975677490234e+00,-1.635727882385253906e+00,-1.234797954559326172e+00,-1.333588004112243652e+00,1.282878518104553223e+00,1.250169157981872559e+00,9.163032770156860352e-01,1.241627335548400879e+00,-6.515839099884033203e-01,6.620807051658630371e-01,1.736525058746337891e+00,-2.248115301132202148e+00,2.389690637588500977e+00,-7.176944017410278320e-01,1.119443416595458984e+00,-5.689979791641235352e-01,-8.964426517486572266e-01
5.008512735366821289e-01,-1.914619468152523041e-02,-1.324230909347534180e+00,6.026781797409057617e-01,2.870278120040893555e+00,6.762241125106811523e-01,-9.266695380210876465e-01,-2.659428358078002930e+00,-2.277383089065551758e+00,-1.834818482398986816e+00,-1.859923839569091797e+00,-1.487406253814697266e+00,-1.321287006139755249e-01,-1.538611292839050293e+00,1.572636723518371582e+00,-2.607043266296386719e+00,-2.706490516662597656e+00,-1.578833341598510742e+00,-2.746224641799926758e+00,-4.939652085304260254e-01
9.066430926322937012e-01,-2.976851910352706909e-02,-1.569894909858703613e+00,2.508924961090087891e+00,9.372830986976623535e-01,-2.678399980068206787e-01,1.215035021305084229e-01,-1.022524237632751465e+00,-6.848906278610229492e-01,-7.045225501060485840e-01,6.412011384963989258e-01,-1.583324819803237915e-01,6.920737028121948242e-01,-5.235118269920349121e-01,7.983608841896057129e-01,-9.336122870445251465e-01,-9.379850029945373535e-01,-9.410267472267150879e-01,-5.906549096107482910e-01,-8.790319785475730896e-03
-1.108084440231323242e+00,1.354806065559387207e+00,-1.940831065177917480e+00,2.386813879013061523e+00,-1.498693376779556274e-01,2.083865553140640259e-01,-6.636366844177246094e-01,-1.701511979103088379e+00,-5.539244972169399261e-03,-1.341392517089843750e+00,-1.474675059318542480e+00,-7.089850306510925293e-02,2.045377254486083984e+00,2.118243217468261719e+00,1.867044091224670410e+00,-9.161787033081054688e-01,-2.420071601867675781e+00,4.422523975372314453e-01,-2.036871910095214844e+00,-2.996698141098022461e+00
3.386873900890350342e-01,-2.743652582168579102e+00,1.473263025283813477e+00,1.340263009071350098e+00,-3.315480053424835205e-01,-5.559725165367126465e-01,-1.788881421089172363e+00,-2.319077491760253906e+00,-7.608948945999145508e-01,2.319519042968750000e+00,-1.048178195953369141e+00,2.341730833053588867e+00,1.543056249618530273e+00,2.431031227111816406e+00,-8.934976458549499512e-01,1.041753411293029785e+00,-1.696593999862670898e+00,-4.887987673282623291e-01,-1.402692347764968872e-01,5.881040692329406738e-01
-3.769699931144714355e-01,-2.934207916259765625e+00,2.040733337402343750e+00,1.854694843292236328e+00,1.403432846069335938e+00,2.870936691761016846e-02,-1.388447880744934082e+00,1.573104381561279297e+00,-1.460689544677734375e+00,-1.950892925262451172e+00,7.226383686065673828e-02,2.528229475021362305e+00,-3.755761981010437012e-01,-1.753354549407958984e+00,-4.604604840278625488e-01,-1.683754920959472656e+00,1.454888939857482910e+00,1.660832047462463379e+00,-1.912623524665832520e+00,-3.946708142757415771e-02
5.539363026618957520e-01,7.023500800132751465e-01,1.462789475917816162e-01,-1.974959373474121094e-01,7.051396965980529785e-01,9.345970749855041504e-01,9.228165149688720703e-01,-1.012800097465515137e+00,-1.138257980346679688e+00,-1.624102830886840820e+00,-2.039744377136230469e+00,-1.845175981521606445e+00,1.528134703636169434e+00,-2.440795421600341797e+00,6.925467848777770996e-01,-2.191580057144165039e+00,5.150209665298461914e-01,7.369054555892944336e-01,-1.625110626220703125e+00,-1.918363332748413086e+00
2.205812215805053711e+00,2.371250391006469727e+00,-2.523413181304931641e+00,1.463355660438537598e+00,-3.724800348281860352e-01,2.355211973190307617e+00,-2.276465892791748047e+00,-1.090772077441215515e-01,2.833364725112915039e+00,1.445806860923767090e+00,-2.990711450576782227e+00,-2.489735126495361328e+00,-2.501847505569458008e+00,7.406859099864959717e-02,-2.712950468063354492e+00,2.583281278610229492e+00,1.277405619621276855e-01,2.088537693023681641e+00,-1.174812793731689453e+00,-2.784810543060302734e+00
-7.830307632684707642e-02,-2.786872863769531250e+00,-4.349288642406463623e-01,2.468001246452331543e-01,1.949154257774353027e+00,-1.162396430969238281e+00,-2.930950164794921875e+00,1.198589056730270386e-01,-9.774600267410278320e-01,-1.137861251831054688e+00,8.105120658874511719e-01,9.513300657272338867e-01,1.684143900871276855e+00,1.933430671691894531e+00,1.007210761308670044e-01,-2.099400281906127930e+00,-6.141456365585327148e-01,-1.818433165550231934e+00,-1.843093037605285645e+00,-1.237267851829528809e+00
1.358221054077148438e+00,1.719552516937255859e+00,4.574419856071472168e-01,1.654495835304260254e+00,4.792038500308990479e-01,-2.346737496554851532e-02,-1.360880613327026367e+00,7.960551381111145020e-01,7.307531833648681641e-01,-6.982127428054809570e-01,-2.718841433525085449e-01,1.046253085136413574e+00,-2.299386739730834961e+00,9.789107441902160645e-01,-8.984134197235107422e-01,-1.935355663299560547e+00,-7.409168481826782227e-01,-4.130377471446990967e-01,6.906361132860183716e-02,-1.616572260856628418e+00
1.812388539314270020e+00,7.765361666679382324e-01,-9.163558483123779297e-01,-2.367094755172729492e+00,-2.972768306732177734e+00,-3.545842766761779785e-01,1.287906169891357422e+00,1.337762713432312012e+00,7.327133417129516602e-01,-9.810791611671447754e-01,5.256638675928115845e-02,1.511053442955017090e+00,-1.659902334213256836e+00,1.245368957519531250e+00,-4.893120378255844116e-03,-1.938431143760681152e+00,-1.220398426055908203e+00,-1.054976105690002441e+00,-5.422118902206420898e-01,2.726780176162719727e-01
1.736376166343688965e+00,8.310855180025100708e-02,-9.942670464515686035e-01,1.599475383758544922e+00,1.973760724067687988e+00,2.554992675781250000e+00,2.354092597961425781e+00,-6.440716385841369629e-01,-2.030922919511795044e-01,-1.568557024002075195e+00,-8.340220451354980469e-01,2.123495578765869141e+00,-3.420295715332031250e-01,9.954146742820739746e-01,-2.679225683212280273e+00,1.157955080270767212e-01,-5.363628268241882324e-01,-7.855439782142639160e-01,-1.792596936225891113e+00,2.521959304809570312e+00
-3.782300055027008057e-01,4.141676053404808044e-02,4.164542630314826965e-02,1.472632288932800293e+00,1.851586818695068359e+00,-1.457385420799255371e+00,-2.426380395889282227e+00,1.711519837379455566e+00,-2.695794820785522461e+00,1.135405540466308594e+00,-1.616923928260803223e+00,1.630447030067443848e+00,1.541182160377502441e+00,-2.521986007690429688e+00,-1.836749076843261719e+00,-2.454798221588134766e-01,-4.310266077518463135e-01,-5.340995192527770996e-01,1.237593293190002441e+00,1.829757213592529297e+00
-1.371713131666183472e-01,4.704360663890838623e-01,-1.718593358993530273e+00,6.244532465934753418e-01,1.329854279756546021e-01,1.796084284782409668e+00,-1.143759250640869141e+00,-2.643573999404907227e+00,-2.655859947204589844e+00,1.597938776016235352e+00,-2.885434627532958984e+00,1.414058446884155273e+00,-6.524464488029479980e-01,2.953254461288452148e+00,-2.826408624649047852e+00,2.699418544769287109e+00,-1.232209205627441406e+00,-2.163171768188476562e+00,-8.744956851005554199e-01,-1.179470419883728027e+00
-1.744631409645080566e+00,1.631356596946716309e+00,-3.816938102245330811e-01,-6.865572333335876465e-01,-1.130082488059997559e+00,-2.079625427722930908e-01,-7.448962926864624023e-01,1.622244477272033691e+00,-2.227788925170898438e+00,-2.523144006729125977e+00,-1.570446640253067017e-01,2.440126419067382812e+00,2.926621437072753906e-01,5.124333500862121582e-01,2.306265383958816528e-01,-2.668403387069702148e+00,-1.591244935989379883e+00,8.902897238731384277e-01,-7.170985937118530273e-01,1.884678840637207031e+00
-1.835417151451110840e+00,-1.789833545684814453e+00,-1.871338129043579102e+00,1.126053452491760254e+00,-2.539482593536376953e+00,1.904774308204650879e+00,-1.233748555183410645e+00,-2.396821975708007812e+00,-2.682365179061889648e+00,1.807002663612365723e+00,6.354987025260925293e-01,2.773051500320434570e+00,-1.634634852409362793e+00,-2.475219964981079102e-01,1.435297608375549316e+00,2.555278062820434570e+00,-1.880054712295532227e+00,-2.022839069366455078e+00,5.592391490936279297e-01,-2.082480907440185547e+00
2.841164588928222656e+00,2.305605411529541016e+00,-2.827069282531738281e+00,-2.373819112777709961e+00,1.636837005615234375e+00,2.590122222900390625e+00,-1.340756297111511230e+00,1.758994936943054199e+00,3.752640187740325928e-01,4.631004761904478073e-03,3.264890611171722412e-01,1.145102262496948242e+00,1.551152110099792480e+00,6.431353688240051270e-01,-2.634501457214355469e-01,-1.603963732719421387e+00,2.372036695480346680e+00,-1.603836417198181152e+00,-2.355860710144042969e+00,1.410608768463134766e+00
1.940307497978210449e+00,-2.709348678588867188e+00,2.101580858230590820e+00,7.537476718425750732e-02,-1.900161266326904297e+00,3.850336372852325439e-01,-7.980844378471374512e-01,-8.260831236839294434e-02,2.383329153060913086e+00,6.544478535652160645e-01,-9.438213109970092773e-01,1.840678691864013672e+00,1.126810193061828613e+00,-2.065465927124023438e+00,-9.865799546241760254e-01,-1.923148870468139648e+00,-2.380361318588256836e+00,7.838889360427856445e-01,-1.065885186195373535e+00,-1.612908363342285156e+00
-1.241104245185852051e+00,-2.163396596908569336e+00,1.844123840332031250e+00,1.625188708305358887e+00,1.751536726951599121e-01,2.242513179779052734e+00,-2.441967487335205078e+00,8.523768186569213867e-02,-2.828323841094970703e+00,1.335387229919433594e+00,2.168261289596557617e+00,1.053786039352416992e+00,-2.111259698867797852e+00,1.463383197784423828e+00,7.886025905609130859e-01,1.525588274002075195e+00,7.397444248199462891e-01,1.182005405426025391e+00,2.693240642547607422e+00,3.070113956928253174e-01
-1.508691787719726562e+00,1.780966758728027344e+00,-2.162648677825927734e+00,1.840549111366271973e+00,-9.964761137962341309e-01,2.704694032669067383e+00,1.713429331779479980e+00,-1.373228669166564941e+00,-2.314285516738891602e+00,-7.878350615501403809e-01,-1.435483574867248535e+00,1.694130539894104004e+00,2.170065164566040039e+00,-3.803871572017669678e-01,-7.448990941047668457e-01,-8.949021697044372559e-01,-2.893694043159484863e-01,1.311338663101196289e+00,3.063004910945892334e-01,-4.461080729961395264e-01
1.460069179534912109e+00,-6.878907084465026855e-01,1.669792771339416504e+00,3.752350807189941406e-01,1.065000891685485840e+00,1.467309117317199707e+00,2.353526592254638672e+00,-1.346771240234375000e+00,-2.330361127853393555e+00,2.664483785629272461e+00,-6.934437155723571777e-01,-1.601428866386413574e+00,-2.654315948486328125e+00,1.555709362030029297e+00,-2.238551855087280273e+00,-2.349321126937866211e+00,-2.248842954635620117e+00,-1.418167829513549805e+00,1.510112047195434570e+00,-2.659547567367553711e+00
4.364508390426635742e-01,-7.943776249885559082e-01,-7.731708884239196777e-01,-6.148251891136169434e-01,4.176333248615264893e-01,-1.141253948211669922e+00,-1.943490982055664062e+00,9.163546562194824219e-01,-6.423777341842651367e-01,-1.179458022117614746e+00,7.139808684587478638e-02,2.816999197006225586e+00,-1.263066887855529785e+00,-1.796030282974243164e+00,-2.500552415847778320e+00,-1.750033378601074219e+00,-1.148259758949279785e+00,1.914194464683532715e+00,-1.354224681854248047e+00,1.031975030899047852e+00
3.109079301357269287e-01,-1.278031229972839355e+00,1.201259374618530273e+00,-4.582413733005523682e-01,-2.685838341712951660e-01,-2.437296152114868164e+00,-2.579407215118408203e+00,-1.797471046447753906e+00,-2.607751369476318359e+00,1.401464462280273438e+00,-6.466216444969177246e-01,2.679932117462158203e+00,2.718129873275756836e+00,1.905425190925598145e+00,-7.287539243698120117e-01,-1.314826488494873047e+00,-1.272871494293212891e+00,-5.214201807975769043e-01,-3.631415367126464844e-01,-1.973868250846862793e+00
-5.418288707733154297e-01,-1.289075374603271484e+00,-1.868059992790222168e+00,7.776180505752563477e-01,-2.650616884231567383e+00,4.773970842361450195e-01,3.327484428882598877e-01,-2.122089624404907227e+00,-1.694176673889160156e+00,2.634519338607788086e+00,2.593874037265777588e-01,8.579124212265014648e-01,2.574901580810546875e+00,4.985863715410232544e-02,-3.811568021774291992e-02,2.292988777160644531e+00,-1.853465080261230469e+00,-2.192589282989501953e+00,-7.362186312675476074e-01,-7.521649003028869629e-01
-9.115378260612487793e-01,-9.146525263786315918e-01,-1.291087388992309570e+00,1.897261738777160645e+00,1.226331233978271484e+00,2.604345560073852539e+00,2.733754158020019531e+00,-8.730916976928710938e-01,-4.382496178150177002e-01,2.076184935867786407e-02,2.707744836807250977e-01,2.603074908256530762e-01,-5.741507411003112793e-01,1.118949651718139648e+00,2.195163220167160034e-01,-1.514861106872558594e+00,1.041397333145141602e+00,-5.072949528694152832e-01,5.240289568901062012e-01,-2.956094980239868164e+00
7.458245754241943359e-01,3.566816449165344238e-01,-2.727002620697021484e+00,1.325110316276550293e+00,1.993012875318527222e-01,-1.264195919036865234e+00,-1.545519709587097168e+00,-2.726275622844696045e-01,-1.517838120460510254e+00,1.680758595466613770e-01,1.329757928848266602e+00,-2.352290391921997070e+00,2.634718894958496094e+00,-1.964904069900512695e+00,1.690353393554687500e+00,-2.374947965145111084e-01,-2.984773516654968262e-01,-1.200750112533569336e+00,-6.326994299888610840e-01,-5.922426581382751465e-01
2.245987892150878906e+00,4.481359720230102539e-01,-3.367161750793457031e-01,5.095888674259185791e-02,-1.071224808692932129e+00,-2.547674655914306641e+00,-1.180880784988403320e+00,-1.702974557876586914e+00,-2.601271152496337891e+00,5.863150358200073242e-01,-6.809710860252380371e-01,-6.627777218818664551e-02,-5.447901487350463867e-01,-1.922344446182250977e+00,-2.050580501556396484e+00,-1.081142663955688477e+00,-6.649356484413146973e-01,-2.767238140106201172e+00,-1.652899622917175293e+00,2.138240814208984375e+00
-7.938143610954284668e-01,-2.767830133438110352e+00,-7.953162789344787598e-01,8.659903407096862793e-01,2.501474916934967041e-01,-2.041585683822631836e+00,-1.865651965141296387e+00,-1.131942510604858398e+00,-2.539972066879272461e-01,-1.299696445465087891e+00,-1.733725070953369141e+00,9.618933796882629395e-01,1.091067433357238770e+00,-1.218919515609741211e+00,9.437141008675098419e-03,-2.664492607116699219e+00,-3.275788128376007080e-01,-2.022107124328613281e+00,-1.925091385841369629e+00,1.226367115974426270e+00
1.227539256215095520e-01,-2.255907952785491943e-01,-2.359998941421508789e+00,-5.102435499429702759e-02,4.340007901191711426e-01,-2.533978700637817383e+00,-9.793519973754882812e-01,2.456033945083618164e+00,-2.533817052841186523e+00,4.527065157890319824e-01,3.617885112762451172e-01,-1.076887920498847961e-01,-2.375172227621078491e-01,2.199497222900390625e+00,8.656733036041259766e-01,-9.592900276184082031e-01,-2.627865791320800781e+00,1.645431995391845703e+00,-1.316104829311370850e-01,9.243289828300476074e-01
-2.478013515472412109e+00,-1.969483852386474609e+00,-9.177781939506530762e-01,-2.314867258071899414e+00,-2.721449851989746094e+00,4.843172430992126465e-01,-2.707161664962768555e+00,1.285591840744018555e+00,-8.708283901214599609e-01,1.332049250602722168e+00,-4.804656505584716797e-01,5.648366212844848633e-01,-1.844537496566772461e+00,-2.700302839279174805e+00,9.712960720062255859e-01,-1.413600444793701172e+00,-2.050380259752273560e-01,1.037178754806518555e+00,2.539000511169433594e+00,1.669993281364440918e+00
-2.535214185714721680e+00,3.610250651836395264e-01,-6.198688149452209473e-01,-2.052550077438354492e+00,-2.295490264892578125e+00,-2.470684766769409180e+00,-2.395607471466064453e+00,2.315138339996337891e+00,-1.172466635704040527e+00,1.236144661903381348e+00,-7.694277763366699219e-01,1.522466778755187988e+00,-1.524403572082519531e+00,1.815149068832397461e+00,7.891123890876770020e-01,-4.305480420589447021e-01,-1.962154805660247803e-01,-1.905250191688537598e+00,-1.409406900405883789e+00,2.021835565567016602e+00
-1.430048823356628418e+00,1.702182173728942871e+00,-2.507464408874511719e+00,-1.196257710456848145e+00,-3.761389255523681641e-01,-1.902813911437988281e+00,7.904809117317199707e-01,-2.145154237747192383e+00,-1.187494277954101562e+00,-4.311056733131408691e-01,-1.754593610763549805e+00,-1.410996079444885254e+00,-1.913626551628112793e+00,2.144576549530029297e+00,-6.628790497779846191e-01,-8.937612771987915039e-01,-1.913337588310241699e+00,-1.009850978851318359e+00,-1.840414285659790039e+00,-9.949536323547363281e-01
-5.904358625411987305e-01,-4.065580070018768311e-01,-1.107725977897644043e+00,1.577133417129516602e+00,-1.248709440231323242e+00,-1.492037534713745117e+00,-1.467831254005432129e+00,2.300725460052490234e+00,2.470161676406860352e+00,8.997896313667297363e-01,1.028578519821166992e+00,-1.901527643203735352e+00,1.090926170349121094e+00,6.707167029380798340e-01,-7.028521299362182617e-01,-8.298021554946899414e-01,-1.456954121589660645e+00,7.893372178077697754e-01,8.163236975669860840e-01,-5.233423709869384766e-01
-1.866927742958068848e-01,-1.059810042381286621e+00,1.799859046936035156e+00,1.745110750198364258e-01,-1.803700685501098633e+00,1.166557550430297852e+00,1.605501890182495117e+00,-2.450065761804580688e-01,-2.333571203052997589e-02,1.101217269897460938e+00,1.757488250732421875e+00,2.024821519851684570e+00,-5.173296332359313965e-01,1.246078252792358398e+00,3.455597460269927979e-01,-2.439539670944213867e+00,-2.562283754348754883e+00,1.054560542106628418e+00,1.779072523117065430e+00,-8.633864521980285645e-01
1.645560145378112793e+00,-2.710794210433959961e-01,-1.658354878425598145e+00,4.779341071844100952e-02,-2.247635602951049805e+00,-2.493867874145507812e+00,5.417355895042419434e-01,1.870300173759460449e+00,-1.425785422325134277e+00,-2.329950571060180664e+00,2.321740150451660156e+00,1.684337377548217773e+00,-9.001417160034179688e-01,-5.991626977920532227e-01,9.209418892860412598e-01,-2.733338594436645508e+00,-6.887126564979553223e-01,1.874579310417175293e+00,8.623549342155456543e-01,5.999925732612609863e-01
1.462776064872741699e-01,1.934898346662521362e-01,8.710230588912963867e-01,-2.772589325904846191e-01,-4.101062417030334473e-01,-2.186835050582885742e+00,9.588919878005981445e-01,1.594956517219543457e+00,-2.816948175430297852e+00,9.213777780532836914e-01,-1.470082640647888184e+00,1.811825275421142578e+00,1.366084098815917969e+00,1.118781805038452148e+00,-8.922870159149169922e-01,-3.145756721496582031e-01,-4.349607527256011963e-01,-1.028876543045043945e+00,-2.620332479476928711e+00,-1.600805521011352539e+00
-1.895739912986755371e+00,4.908681213855743408e-01,1.248999238014221191e+00,2.781203091144561768e-01,-1.905139446258544922e+00,4.683718383312225342e-01,1.933069467544555664e+00,-2.402848720550537109e+00,-2.770263195037841797e+00,6.102160811424255371e-01,2.475321292877197266e+00,-9.722042828798294067e-02,8.892654776573181152e-01,2.865867853164672852e+00,1.609890758991241455e-01,-9.690888524055480957e-01,1.322757005691528320e-01,1.707366466522216797e+00,-2.130905151367187500e+00,2.838550880551338196e-02
-3.424104452133178711e-01,-5.010847374796867371e-02,1.525196060538291931e-02,8.275354504585266113e-01,-2.695284366607666016e+00,-4.119768142700195312e-01,2.274039745330810547e+00,8.258641958236694336e-01,1.041561841964721680e+00,1.660671353340148926e+00,1.865296363830566406e+00,-2.635584831237792969e+00,-3.814547061920166016e-01,-2.789517164230346680e+00,2.760469198226928711e+00,-1.235430717468261719e+00,1.387105941772460938e+00,-4.266645908355712891e-01,7.965735793113708496e-01,-2.831856250762939453e+00
-1.017802715301513672e+00,-2.263745307922363281e+00,1.118535161018371582e+00,8.138252496719360352e-01,-2.206614494323730469e+00,-2.747530221939086914e+00,4.896112978458404541e-01,-1.367245793342590332e+00,-2.936477899551391602e+00,2.730847597122192383e-01,7.447225600481033325e-02,2.693842411041259766e+00,4.207792580127716064e-01,-2.529639303684234619e-01,2.793415784835815430e+00,-1.377158880233764648e+00,-2.533840894699096680e+00,-2.678961515426635742e+00,-5.454720556735992432e-02,-1.798000574111938477e+00
-1.346006035804748535e+00,1.092088446021080017e-01,8.207347393035888672e-01,1.775526523590087891e+00,-9.248747229576110840e-01,2.563055992126464844e+00,-2.246410846710205078e+00,1.590262502431869507e-01,-1.957720398902893066e+00,-1.212540388107299805e+00,2.422749042510986328e+00,-1.251390457153320312e+00,-5.557736158370971680e-01,-2.554937839508056641e+00,1.174051880836486816e+00,1.880515336990356445e+00,1.374382138252258301e+00,-6.517688930034637451e-02,-1.439466118812561035e+00,4.321080148220062256e-01
3.728124499320983887e-01,-8.959509730339050293e-01,-6.330997347831726074e-01,-9.719411134719848633e-01,-5.143840909004211426e-01,-2.011085271835327148e+00,-2.708253383636474609e+00,1.114068269729614258e+00,-1.833151936531066895e+00,-4.050084948539733887e-01,2.816212177276611328e-01,1.543657779693603516e+00,4.106654524803161621e-01,-1.167979001998901367e+00,7.108784914016723633e-01,-1.633206248283386230e+00,-2.454536676406860352e+00,-1.886834621429443359e+00,-8.418624997138977051e-01,2.579655647277832031e+00
9.368051886558532715e-01,1.460654020309448242e+00,2.388988256454467773e+00,1.884139895439147949e+00,-1.870057463645935059e+00,1.001567125320434570e+00,1.217638254165649414e+00,-6.322003006935119629e-01,-2.007211685180664062e+00,-1.168926119804382324e+00,4.017715156078338623e-01,1.476038813591003418e+00,-8.015313744544982910e-01,-1.611021399497985840e+00,2.157638788223266602e+00,-1.868056654930114746e+00,-1.836410522460937500e+00,-8.749395012855529785e-01,-1.359561532735824585e-01,-1.098860979080200195e+00
-4.833396971225738525e-01,-1.059374690055847168e+00,-2.378738224506378174e-01,2.208789736032485962e-01,-2.700937509536743164e+00,-2.419165849685668945e+00,-1.939191102981567383e+00,-2.391988039016723633e+00,-1.791276574134826660e+00,-6.505787968635559082e-01,4.350886214524507523e-03,1.493016362190246582e+00,-2.085220336914062500e+00,-2.738357543945312500e+00,9.462073445320129395e-01,-8.201310634613037109e-01,-5.074055194854736328e-01,1.085318684577941895e+00,-1.844733357429504395e+00,7.886309623718261719e-01
2.691877126693725586e+00,-9.150005578994750977e-01,4.700526595115661621e-01,-1.463940978050231934e+00,-2.593128681182861328e+00,6.305475234985351562e-01,-1.273949027061462402e+00,1.525487780570983887e+00,-2.453819990158081055e+00,-1.307951092720031738e+00,-1.107641533017158508e-01,1.256464362144470215e+00,4.541532397270202637e-01,-2.524540126323699951e-01,-1.582195520401000977e+00,6.073060631752014160e-01,-4.932654500007629395e-01,-1.166970133781433105e+00,3.287218883633613586e-02,-5.066578388214111328e-01
-1.535474061965942383e+00,-1.898109316825866699e+00,-1.341186881065368652e+00,1.267871260643005371e+00,-3.095648884773254395e-01,-1.431335330009460449e+00,-1.300536751747131348e+00,1.782289743423461914e+00,-2.445546627044677734e+00,9.206944704055786133e-01,-6.003562808036804199e-01,2.461440414190292358e-01,1.120520114898681641e+00,5.393905043601989746e-01,-6.153836250305175781e-01,-2.206955909729003906e+00,2.091135382652282715e-01,4.892768263816833496e-01,-2.259648561477661133e+00,-1.283450484275817871e+00
2.500205039978027344e+00,4.129888713359832764e-01,2.066117286682128906e+00,-1.052551150321960449e+00,-1.184888482093811035e+00,5.917964577674865723e-01,2.022715806961059570e-01,2.948176145553588867e+00,2.545723915100097656e-01,4.188002049922943115e-01,4.954570159316062927e-02,1.466430544853210449e+00,1.631882786750793457e+00,1.153892040252685547e+00,-1.891941070556640625e+00,4.240166246891021729e-01,-1.486451625823974609e+00,-7.337427735328674316e-01,-5.548866987228393555e-01,-8.387569785118103027e-01
-7.893008589744567871e-01,-1.795694589614868164e+00,-1.408881306648254395e+00,1.903444647789001465e+00,7.553920149803161621e-01,-9.574361443519592285e-01,7.535321712493896484e-01,-4.785829409956932068e-02,3.698747754096984863e-01,2.047109007835388184e-01,1.645287156105041504e+00,2.558765411376953125e+00,8.819479346275329590e-01,-7.361182570457458496e-01,4.847796857357025146e-01,9.470216631889343262e-01,-2.015989303588867188e+00,-1.030351281166076660e+00,-2.279632329940795898e+00,-1.352671980857849121e+00
-2.292231559753417969e+00,1.529569149017333984e+00,-2.635005474090576172e+00,2.095522403717041016e+00,-5.343360680853947997e-05,-2.456910371780395508e+00,1.281282901763916016e+00,1.173058629035949707e+00,-6.746771931648254395e-01,2.075978219509124756e-01,-2.120880603790283203e+00,-2.721479654312133789e+00,2.638775825500488281e+00,1.530453443527221680e+00,2.686298489570617676e-01,-3.324824571609497070e-01,-2.810048580169677734e+00,-1.214037656784057617e+00,-1.178124785423278809e+00,-2.839172124862670898e+00
-1.487277626991271973e+00,8.971480131149291992e-01,-1.362463474273681641e+00,9.193349480628967285e-01,3.250700831413269043e-01,-7.772027850151062012e-01,-1.110957026481628418e+00,-1.311092019081115723e+00,-1.139949634671211243e-01,-1.093559265136718750e+00,-1.325414896011352539e+00,1.521192312240600586e+00,3.096845746040344238e-01,4.628486931324005127e-01,6.056351065635681152e-01,-1.660909652709960938e+00,3.795827031135559082e-01,-4.017910361289978027e-01,6.474756002426147461e-01,-1.496411681175231934e+00
2.020721912384033203e+00,-5.517467260360717773e-01,-1.250374674797058105e+00,-2.378552436828613281e+00,-1.290083527565002441e+00,1.122283577919006348e+00,1.156548976898193359e+00,1.382412195205688477e+00,7.797247767448425293e-01,-7.479567080736160278e-02,-1.485041691921651363e-03,-2.651978969573974609e+00,-6.685611009597778320e-01,-2.479126691818237305e+00,-2.557097673416137695e+00,2.344417273998260498e-01,-1.022397994995117188e+00,-9.561371803283691406e-01,-2.731467723846435547e+00,-8.668647706508636475e-02
-2.416780471801757812e+00,-6.901989579200744629e-01,-2.876574754714965820e+00,1.671237111091613770e+00,5.670166611671447754e-01,1.125544905662536621e+00,2.612904071807861328e+00,1.605383992195129395e+00,4.881037175655364990e-01,9.114594459533691406e-01,2.280853986740112305e-01,-1.826901912689208984e+00,1.730971455574035645e+00,1.752409577369689941e+00,-2.106385380029678345e-01,6.419895682483911514e-03,-1.527283787727355957e+00,3.557253777980804443e-01,-2.437487840652465820e+00,-2.454380035400390625e+00
2.088142037391662598e-01,-1.482076764106750488e+00,-1.818954706192016602e+00,2.892825603485107422e+00,-2.513588190078735352e+00,-1.950677037239074707e+00,6.946811676025390625e-01,-4.441697895526885986e-01,-4.020987749099731445e-01,4.924686551094055176e-01,-6.991985440254211426e-01,-3.666321635246276855e-01,2.631415128707885742e+00,1.054136008024215698e-01,-1.277270674705505371e+00,-9.602218270301818848e-01,6.370955109596252441e-01,-7.372146248817443848e-01,-1.199506670236587524e-01,-1.669282913208007812e+00
-9.304718375205993652e-01,-1.961805820465087891e+00,6.442527174949645996e-01,1.191853761672973633e+00,-2.619303703308105469e+00,3.102120161056518555e-01,-9.401234984397888184e-01,-1.904886722564697266e+00,-2.625781297683715820e+00,2.435974836349487305e+00,1.952265501022338867e+00,-1.112066864967346191e+00,-1.919290423393249512e+00,1.851193189620971680e+00,-1.950505733489990234e+00,-2.215221643447875977e+00,2.432489871978759766e+00,-8.380469679832458496e-01,1.224694013595581055e+00,1.759023547172546387e+00
1.750648617744445801e+00,-1.458124995231628418e+00,-1.571971774101257324e+00,1.718301892280578613e+00,-2.858505487442016602e+00,2.107208490371704102e+00,-2.343648433685302734e+00,-6.348762512207031250e-01,7.417295575141906738e-01,9.654716402292251587e-02,1.860956788063049316e+00,1.985479235649108887e+00,-2.607145160436630249e-02,-1.561349987983703613e+00,-1.408787131309509277e+00,2.257790714502334595e-01,2.507872581481933594e-01,2.280583143234252930e+00,-7.578305434435606003e-03,-3.381620645523071289e-01
1.760044813156127930e+00,-1.791392207145690918e+00,2.229981899261474609e+00,1.813594937324523926e+00,5.777634382247924805e-01,5.011913776397705078e-01,-1.438071727752685547e+00,1.943662762641906738e-01,-2.014360904693603516e+00,-1.077471226453781128e-01,-2.471166372299194336e+00,-5.500969290733337402e-01,1.631386041641235352e+00,2.749644756317138672e+00,-1.122886657714843750e+00,-7.663517594337463379e-01,1.088136315345764160e+00,2.431953907012939453e+00,1.147264122962951660e+00,-9.554634690284729004e-01
1.183006167411804199e+00,-1.552829265594482422e+00,4.513697922229766846e-01,-1.366938352584838867e+00,-1.120534762740135193e-01,-1.294528722763061523e+00,-1.244924783706665039e+00,1.616868257522583008e+00,6.077439188957214355e-01,6.650200486183166504e-01,1.876993179321289062e+00,-7.392274588346481323e-02,-1.736477017402648926e+00,2.417002171277999878e-01,6.110364198684692383e-01,-2.828422069549560547e+00,-3.114940226078033447e-01,-1.036725997924804688e+00,-6.296107769012451172e-01,8.002870082855224609e-01
1.701611042022705078e+00,-2.513226032257080078e+00,5.828824043273925781e-01,8.166752457618713379e-01,-8.227162957191467285e-01,7.752625346183776855e-01,3.468317389488220215e-01,-1.106617748737335205e-01,-1.521515607833862305e+00,-5.964188650250434875e-02,1.680518746376037598e+00,3.078978657722473145e-01,2.119935005903244019e-01,2.536472976207733154e-01,1.478397130966186523e+00,2.084567785263061523e+00,-1.974660396575927734e+00,-2.644328355789184570e+00,-1.739093184471130371e+00,2.001208543777465820e+00
2.018327951431274414e+00,8.338254094123840332e-01,1.819710731506347656e-01,-8.577637076377868652e-01,1.915150046348571777e+00,2.499817848205566406e+00,-2.524460554122924805e+00,-1.203863620758056641e+00,-2.526560306549072266e+00,-4.108369946479797363e-01,5.562887787818908691e-01,-2.289093017578125000e+00,-2.077593803405761719e+00,-7.858483791351318359e-01,-2.511069774627685547e+00,-2.324854850769042969e+00,-2.442052602767944336e+00,1.148590087890625000e+00,1.569766402244567871e-01,-1.716808438301086426e+00
3.413357138633728027e-01,1.482885241508483887e+00,-2.157005667686462402e-01,2.460415840148925781e+00,1.707834720611572266e+00,2.275236129760742188e+00,1.417251110076904297e+00,-2.734875440597534180e+00,-1.606108307838439941e+00,-1.019272208213806152e+00,1.887228369712829590e+00,2.758350372314453125e+00,2.807346105575561523e+00,1.675205707550048828e+00,3.891780972480773926e-01,-1.176189064979553223e+00,-2.076284885406494141e+00,1.619479894638061523e+00,-8.690468221902847290e-02,8.535134196281433105e-01
2.851461410522460938e+00,2.793774843215942383e+00,-2.772330760955810547e+00,1.752814650535583496e+00,-1.507741332054138184e+00,2.925640583038330078e+00,-8.887779712677001953e-01,-1.757833808660507202e-01,-1.519795417785644531e+00,2.179080486297607422e+00,-4.486473500728607178e-01,2.797053813934326172e+00,-2.736445665359497070e+00,4.120712876319885254e-01,2.565990924835205078e+00,2.269052505493164062e+00,1.554311871528625488e+00,1.631394505500793457e+00,1.721709489822387695e+00,-2.729675054550170898e+00
1.929260492324829102e+00,2.733228914439678192e-02,-2.504011988639831543e-01,-2.255489110946655273e+00,1.893895745277404785e+00,1.089335456490516663e-01,-1.635412573814392090e+00,1.561113595962524414e+00,-2.283125966787338257e-01,-2.735912084579467773e+00,1.225521564483642578e+00,2.631258964538574219e-01,-3.581440150737762451e-01,-5.491609573364257812e-01,5.201343297958374023e-01,9.402425587177276611e-02,-9.444375634193420410e-01,-1.617879033088684082e+00,-2.211550064384937286e-02,-6.995421051979064941e-01
-1.453667879104614258e+00,-1.425836682319641113e+00,-2.729203462600708008e+00,8.570965528488159180e-01,-1.793793797492980957e+00,-1.863093495368957520e+00,-6.809266805648803711e-01,4.534957706928253174e-01,-1.522099256515502930e+00,-1.107892513275146484e+00,5.238631963729858398e-01,4.861496686935424805e-01,1.126747608184814453e+00,-1.392599701881408691e+00,1.799125671386718750e+00,-2.716497182846069336e+00,2.659267663955688477e+00,2.266564607620239258e+00,-2.749146223068237305e+00,-1.610233306884765625e+00
2.021585941314697266e+00,1.237788438796997070e+00,2.782509624958038330e-01,-2.563693761825561523e+00,-1.270260930061340332e+00,1.245635628700256348e+00,-2.072381258010864258e+00,2.599672317504882812e+00,-1.815214157104492188e+00,-2.930244207382202148e-01,1.104739904403686523e+00,-7.506874203681945801e-01,-1.240588068962097168e+00,2.918503284454345703e-01,-1.915957093238830566e+00,-2.269587039947509766e+00,1.374741554260253906e+00,1.941282391548156738e+00,-7.777666449546813965e-01,2.157733678817749023e+00
2.813196659088134766e+00,1.099316120147705078e+00,-1.236431360244750977e+00,1.507145762443542480e+00,3.883951306343078613e-01,-1.096701979637145996e+00,-2.172976493835449219e+00,6.338527798652648926e-01,4.477386474609375000e-01,-1.183425337076187134e-01,1.227005720138549805e+00,6.201699972152709961e-01,-9.721592068672180176e-01,-2.065916538238525391e+00,-1.508302450180053711e+00,1.378843188285827637e+00,-1.343715488910675049e-01,-1.580625891685485840e+00,-2.716651201248168945e+00,-7.871546149253845215e-01
-3.691591322422027588e-01,6.707547307014465332e-01,-1.184868097305297852e+00,-4.589138329029083252e-01,6.855729818344116211e-01,2.552341222763061523e+00,7.861937880516052246e-01,2.507271051406860352e+00,-2.703249931335449219e+00,-1.768405437469482422e+00,-6.125523447990417480e-01,2.809976816177368164e+00,-2.141202926635742188e+00,-1.092193722724914551e+00,-2.623636245727539062e+00,2.734365940093994141e+00,-6.481166481971740723e-01,-1.560907602310180664e+00,6.678737699985504150e-02,-1.021245121955871582e+00
1.777623534202575684e+00,6.496859192848205566e-01,2.353241205215454102e+00,-2.481548935174942017e-01,-3.531933203339576721e-02,4.002906084060668945e-01,8.108779788017272949e-01,1.700480461120605469e+00,-1.308195710182189941e+00,-1.326791524887084961e+00,-1.667513966560363770e+00,1.869608640670776367e+00,1.262686252593994141e+00,-1.421055793762207031e+00,2.701279640197753906e+00,-2.769463062286376953e+00,-6.154754757881164551e-01,5.193387866020202637e-01,-2.165388345718383789e+00,-8.894331455230712891e-01
-1.580464959144592285e+00,-2.859230518341064453e+00,-1.045394301414489746e+00,-1.960921645164489746e+00,-7.460951209068298340e-01,-2.428815841674804688e+00,1.726919889450073242e+00,1.437468886375427246e+00,1.624370694160461426e+00,6.259527802467346191e-02,5.247599482536315918e-01,1.507337689399719238e+00,1.910260170698165894e-01,1.188961386680603027e+00,1.351847290992736816e+00,-8.762144446372985840e-01,2.627123594284057617e+00,-2.156940460205078125e+00,-2.955504894256591797e+00,-2.655787229537963867e+00
5.322058796882629395e-01,1.382843852043151855e-01,-1.678652763366699219e+00,7.867012023925781250e-01,2.549288034439086914e+00,2.382629871368408203e+00,-4.142939448356628418e-01,-5.469526052474975586e-01,-1.241279959678649902e+00,-6.755491346120834351e-02,1.281200528144836426e+00,1.382634401321411133e+00,-1.179465889930725098e+00,9.910073876380920410e-01,-1.789429426193237305e+00,-1.291674494743347168e+00,-7.327147126197814941e-01,-7.349195480346679688e-01,1.522461920976638794e-01,2.031846523284912109e+00
-2.987051725387573242e+00,1.594996929168701172e+00,-1.189534783363342285e+00,2.049486637115478516e+00,3.372845649719238281e-01,2.579772472381591797e+00,1.266523480415344238e+00,-2.448902465403079987e-02,1.069734215736389160e+00,-9.197085499763488770e-01,-2.277537107467651367e+00,-1.691093564033508301e+00,2.242556810379028320e+00,9.999101161956787109e-01,-1.382352828979492188e+00,-3.840805888175964355e-01,-2.389313936233520508e+00,1.087884426116943359e+00,2.544327259063720703e+00,-2.605627059936523438e+00
1.344293117523193359e+00,2.550887584686279297e+00,1.278206229209899902e+00,4.932142198085784912e-01,-5.703422427177429199e-01,2.234958410263061523e+00,-9.772872924804687500e-01,-1.340186834335327148e+00,1.368743538856506348e+00,-1.971640467643737793e+00,-2.501301288604736328e+00,2.696995735168457031e+00,1.333872675895690918e+00,1.121322035789489746e+00,3.884325325489044189e-01,-1.640125870704650879e+00,-1.044492840766906738e+00,-5.098064541816711426e-01,-2.146141380071640015e-01,-1.561431169509887695e+00
1.174563467502593994e-01,-9.106798171997070312e-01,-4.510505795478820801e-01,4.984451830387115479e-01,-2.831882238388061523e+00,-2.847390413284301758e+00,8.230438232421875000e-01,-1.879925966262817383e+00,-1.110418319702148438e+00,6.124190092086791992e-01,-1.082801103591918945e+00,1.960465550422668457e+00,1.132057547569274902e+00,2.270306825637817383e+00,4.147886037826538086e-01,-1.981229066848754883e+00,-5.726448297500610352e-01,1.127151846885681152e+00,-2.067354679107666016e+00,4.635069668292999268e-01
-2.979674637317657471e-01,-1.141690611839294434e+00,-2.599326610565185547e+00,-9.760909676551818848e-01,3.698974251747131348e-01,2.444621086120605469e+00,-9.176920652389526367e-01,-2.201576232910156250e+00,8.399530053138732910e-01,1.159717440605163574e+00,-1.821195363998413086e+00,-1.695299029350280762e+00,2.899817824363708496e-01,-5.218080878257751465e-01,-2.421267509460449219e+00,-1.348202705383300781e+00,-1.719560623168945312e+00,1.509543776512145996e+00,-2.546776056289672852e+00,2.040848255157470703e+00
2.034433126449584961e+00,-7.510256767272949219e-01,5.100498199462890625e-01,-2.640121698379516602e+00,-1.297530770301818848e+00,8.348444700241088867e-01,8.636402487754821777e-01,-2.440502405166625977e+00,1.531262695789337158e-01,1.219988942146301270e+00,8.545808196067810059e-01,-1.386241912841796875e-01,-1.716755747795104980e+00,1.617303848266601562e+00,-1.794618964195251465e+00,2.316065877676010132e-01,-2.143579721450805664e+00,-1.658685088157653809e+00,1.246046781539916992e+00,-2.012575149536132812e+00
-1.168905854225158691e+00,3.786697983741760254e-01,-2.666152119636535645e-01,-1.791587710380554199e+00,-4.943229854106903076e-01,7.638065814971923828e-01,-6.043261289596557617e-01,-1.061282306909561157e-02,1.266700267791748047e+00,-2.893081307411193848e-01,7.796083688735961914e-01,1.672538220882415771e-01,-2.657098054885864258e+00,2.872789800167083740e-01,-1.539364814758300781e+00,-1.273860096931457520e+00,-1.671495318412780762e+00,-2.369549751281738281e+00,-8.638802170753479004e-01,-7.175016999244689941e-01
1.466099500656127930e+00,-1.454856157302856445e+00,-3.834026306867599487e-02,1.688787221908569336e+00,-5.372787714004516602e-01,-2.721469879150390625e+00,-9.115366935729980469e-01,5.284681320190429688e-01,2.886392772197723389e-01,-3.252983391284942627e-01,-6.092196702957153320e-01,2.654638528823852539e+00,-1.103626966476440430e+00,2.718291521072387695e+00,-2.482581138610839844e+00,-7.979304790496826172e-01,-2.002761125564575195e+00,1.890731602907180786e-01,7.170836329460144043e-01,-1.202143669128417969e+00
1.287752509117126465e+00,8.025854229927062988e-01,-1.624972820281982422e+00,1.432013034820556641e+00,-2.337408304214477539e+00,-1.274064302444458008e+00,-1.284476876258850098e+00,1.978207081556320190e-01,6.033024191856384277e-01,-7.318443655967712402e-01,-1.628400087356567383e+00,-1.310269713401794434e+00,6.943151950836181641e-01,1.024797081947326660e+00,-2.862160921096801758e+00,-4.975509047508239746e-01,-1.664967656135559082e+00,2.987217187881469727e+00,2.240658283233642578e+00,-2.758282184600830078e+00
2.933979034423828125e+00,5.144687294960021973e-01,-6.755078434944152832e-01,2.087629795074462891e+00,-3.195018172264099121e-01,2.211808204650878906e+00,4.578665792942047119e-01,2.552100419998168945e+00,-5.782780051231384277e-01,1.549491524696350098e+00,-2.382188796997070312e+00,1.787909269332885742e+00,-1.581480383872985840e+00,-6.119981408119201660e-01,1.106286525726318359e+00,-2.331845045089721680e+00,-1.465512156486511230e+00,-2.540429353713989258e+00,2.256419420242309570e+00,6.306489706039428711e-01
1.200451254844665527e+00,2.194648534059524536e-01,9.980905652046203613e-01,-1.624614477157592773e+00,4.720501303672790527e-01,-1.193403959274291992e+00,-2.049170017242431641e+00,1.983420491218566895e+00,2.157192945480346680e+00,-1.418372154235839844e+00,-9.009503126144409180e-01,1.196284413337707520e+00,-8.702213168144226074e-01,1.773268342018127441e+00,-6.146866083145141602e-01,1.262641549110412598e+00,-6.038785576820373535e-01,-2.774742126464843750e+00,-2.957484483718872070e+00,-1.457261323928833008e+00
-1.852908253669738770e+00,5.073913931846618652e-01,-2.458033561706542969e+00,1.218014121055603027e+00,5.780551582574844360e-02,2.041694879531860352e+00,-2.552469491958618164e+00,1.660651922225952148e+00,-1.586267352104187012e+00,-1.423706769943237305e+00,-1.313623309135437012e+00,1.736149430274963379e+00,-1.724592298269271851e-01,6.835557818412780762e-01,-1.708624958992004395e+00,9.656544774770736694e-02,-1.770240068435668945e+00,1.685957789421081543e+00,-1.549239635467529297e+00,-5.235048532485961914e-01
-1.279740452766418457e+00,-8.335679173469543457e-01,-1.097400069236755371e+00,2.457827806472778320e+00,-1.463466644287109375e+00,2.736048698425292969e+00,2.133058547973632812e+00,1.919962525367736816e+00,2.552537322044372559e-01,-2.522001028060913086e+00,2.080684423446655273e+00,8.124120235443115234e-01,-8.461357355117797852e-01,-4.861306250095367432e-01,2.017613410949707031e+00,5.720295310020446777e-01,-1.467617154121398926e+00,-1.449942588806152344e+00,-1.109277904033660889e-01,1.760284975171089172e-02
-6.005013361573219299e-02,1.068471670150756836e+00,-1.821303606033325195e+00,-4.684590101242065430e-01,-4.271496534347534180e-01,1.038414597511291504e+00,2.091096401214599609e+00,2.572940587997436523e+00,-2.519651889801025391e+00,-1.594544529914855957e+00,-1.236200332641601562e-01,1.812180578708648682e-01,-1.508110523223876953e+00,1.537389993667602539e+00,-1.459660649299621582e+00,-1.926715016365051270e+00,1.028238177299499512e+00,-1.043965697288513184e+00,-1.624141573905944824e+00,-2.529769182205200195e+00
4.415110945701599121e-01,2.239020109176635742e+00,5.522856488823890686e-02,-2.216257810592651367e+00,-1.603271961212158203e+00,-9.042563438415527344e-01,-2.303242444992065430e+00,2.922485828399658203e+00,9.165592193603515625e-01,-2.218527078628540039e+00,7.852662801742553711e-01,-2.778959274291992188e+00,-2.732336521148681641e+00,7.324003577232360840e-01,-6.199780106544494629e-01,-1.228403523564338684e-01,-1.047472000122070312e+00,1.764546275138854980e+00,-2.828000485897064209e-01,-2.864733695983886719e+00
2.257453918457031250e+00,-2.215960025787353516e+00,4.371353089809417725e-01,5.025643110275268555e-01,1.613509654998779297e-01,-1.277418851852416992e+00,1.892341732978820801e+00,2.810134649276733398e+00,2.499584913253784180e+00,2.229769229888916016e+00,1.650813937187194824e+00,-1.796399950981140137e+00,-2.807356834411621094e+00,-3.649936616420745850e-01,1.739435315132141113e+00,1.104511380195617676e+00,-1.166656374931335449e+00,-1.441870570182800293e+00,-1.193879008293151855e+00,7.892996072769165039e-01
-1.200594305992126465e+00,-1.092409014701843262e+00,-2.311714738607406616e-01,-1.307906031608581543e+00,-2.165580511093139648e+00,1.151374936103820801e+00,-1.229320287704467773e+00,-1.317810893058776855e+00,-1.814094066619873047e+00,-1.104077458381652832e+00,-2.519018888473510742e+00,-6.294233202934265137e-01,-7.709841132164001465e-01,-1.351109862327575684e+00,2.619297504425048828e+00,-2.482429504394531250e+00,7.498255968093872070e-01,2.198983907699584961e+00,-1.442987203598022461e+00,-2.825346231460571289e+00
8.188071846961975098e-01,-2.504849731922149658e-01,8.156171441078186035e-01,1.048722267150878906e+00,-6.862378120422363281e-01,-2.729503154754638672e+00,-1.927102208137512207e+00,2.903276920318603516e+00,1.184009552001953125e+00,-2.674413621425628662e-01,1.437128484249114990e-01,-7.269892096519470215e-02,-2.263416528701782227e+00,-2.867398738861083984e+00,7.495335936546325684e-01,-2.102932929992675781e-01,-9.600785374641418457e-01,-1.775852203369140625e+00,-9.095767736434936523e-01,-1.238553524017333984e+00
1.435486972332000732e-02,7.236111760139465332e-01,-1.135780930519104004e+00,6.114770770072937012e-01,-2.597449302673339844e+00,5.372654795646667480e-01,-2.132613182067871094e+00,2.775708675384521484e+00,1.197358012199401855e+00,9.026997685432434082e-01,1.772791385650634766e+00,-1.952829957008361816e+00,-7.744021415710449219e-01,-1.452661156654357910e+00,2.110299170017242432e-01,1.072588920593261719e+00,-1.827795982360839844e+00,4.952694475650787354e-01,2.058753013610839844e+00,-2.556792020797729492e+00
2.180275201797485352e+00,-2.953963577747344971e-01,9.148977398872375488e-01,-1.252069711685180664e+00,6.016045212745666504e-01,5.993170738220214844e-01,-7.191535830497741699e-01,1.983495593070983887e+00,8.143075108528137207e-01,-2.480225563049316406e+00,9.451314061880111694e-02,-2.510063350200653076e-01,1.636188864707946777e+00,1.363189816474914551e+00,5.722622275352478027e-01,7.392094135284423828e-01,-1.273580789566040039e+00,5.183180570602416992e-01,-1.984188437461853027e+00,-1.638127446174621582e+00
-1.291275858879089355e+00,5.597993135452270508e-01,-1.531012058258056641e+00,-1.475602030754089355e+00,-8.954155445098876953e-01,7.319534420967102051e-01,5.275860428810119629e-01,-1.234094977378845215e+00,-2.531182289123535156e+00,-1.655520796775817871e+00,2.510803699493408203e+00,-8.158891648054122925e-02,-6.667115092277526855e-01,-1.157911062240600586e+00,4.083382189273834229e-01,-1.301163673400878906e+00,-2.685200691223144531e+00,-1.978499889373779297e+00,2.859976768493652344e+00,-1.748358905315399170e-01
9.083276987075805664e-01,1.338651776313781738e+00,-2.412104129791259766e+00,2.278259754180908203e+00,-1.110853314399719238e+00,-1.544583886861801147e-01,-1.876289248466491699e-01,2.094925880432128906e+00,9.900985360145568848e-01,-2.529033660888671875e+00,-2.726326465606689453e+00,-2.684611797332763672e+00,-2.086701631546020508e+00,2.015554189682006836e+00,-7.026481628417968750e-01,-8.091210573911666870e-02,-2.420781850814819336e+00,-5.060183405876159668e-01,-2.488277196884155273e+00,-2.831912279129028320e+00
-1.708075046539306641e+00,2.914422750473022461e+00,3.169031143188476562e-01,2.603697776794433594e+00,1.608637094497680664e+00,8.297482132911682129e-01,2.629552125930786133e+00,2.413063764572143555e+00,1.950579404830932617e+00,1.390407085418701172e+00,-1.538740992546081543e+00,1.971671700477600098e+00,-9.558581113815307617e-01,1.384458780288696289e+00,7.010959386825561523e-01,-2.598595857620239258e+00,-2.848576784133911133e+00,1.359018802642822266e+00,-2.915840864181518555e+00,-6.902673840522766113e-01
-1.333685636520385742e+00,6.936238408088684082e-01,-2.793947935104370117e+00,-1.515707015991210938e+00,2.396527379751205444e-01,2.406961172819137573e-01,-2.109646558761596680e+00,-2.367744445800781250e+00,-6.694906353950500488e-01,-2.531174659729003906e+00,-1.805934309959411621e+00,-2.320104122161865234e+00,-5.448951125144958496e-01,3.066911101341247559e-01,-8.908290266990661621e-01,1.189909338951110840e+00,-1.671669006347656250e+00,4.060636460781097412e-01,-1.733925223350524902e+00,8.904277086257934570e-01
5.955958962440490723e-01,-2.726129055023193359e+00,5.658143162727355957e-01,1.048123836517333984e+00,-1.009845852851867676e+00,-5.149529576301574707e-01,-1.494850277900695801e+00,5.659859180450439453e-01,1.410667061805725098e+00,-1.881961703300476074e+00,-2.118432521820068359e+00,-2.755289554595947266e+00,-7.786174863576889038e-02,-2.797989845275878906e+00,-1.772065281867980957e+00,-8.090292215347290039e-01,-6.787949800491333008e-01,1.828333735466003418e-01,-1.992681145668029785e+00,2.381777763366699219e+00
-1.350034236907958984e+00,-1.378452330827713013e-01,-1.901738524436950684e+00,1.679712891578674316e+00,-2.358295321464538574e-01,-2.856762111186981201e-01,4.795065820217132568e-01,-8.727993965148925781e-01,-3.171477615833282471e-01,1.866281986236572266e+00,-1.025869011878967285e+00,-1.900659441947937012e+00,-2.904696941375732422e+00,-1.940115451812744141e+00,7.214989662170410156e-01,8.921621441841125488e-01,1.980007886886596680e-01,2.709879577159881592e-01,-3.536828458309173584e-01,-2.083704322576522827e-01
1.150218367576599121e+00,-2.263784170150756836e+00,1.420328855514526367e+00,-3.950621187686920166e-01,9.830269217491149902e-01,-2.238677501678466797e+00,-3.440443575382232666e-01,-2.160287946462631226e-01,1.038634419441223145e+00,-8.389434814453125000e-01,1.453276991844177246e+00,-6.031311154365539551e-01,8.002994656562805176e-01,1.683956503868103027e+00,-4.203081429004669189e-01,-2.328381299972534180e+00,-2.304809570312500000e+00,5.728725790977478027e-01,-2.930327653884887695e+00,-2.831527471542358398e+00
-1.287656188011169434e+00,4.137349724769592285e-01,-2.561989784240722656e+00,-8.811290264129638672e-01,-2.342300891876220703e+00,-2.229723691940307617e+00,5.912668420933187008e-04,5.801943317055702209e-02,-2.792516231536865234e+00,-1.085486531257629395e+00,5.907940864562988281e-01,-2.778416633605957031e+00,1.441641449928283691e+00,-1.292536497116088867e+00,-7.234445214271545410e-02,2.067878723144531250e+00,1.494949817657470703e+00,-2.845706462860107422e+00,-3.314949870109558105e-01,-1.557933211326599121e+00
4.564602971076965332e-01,-3.312565088272094727e-01,-8.835707902908325195e-01,-1.632027387619018555e+00,-1.578703284263610840e+00,7.566442247480154037e-03,-8.248159289360046387e-01,-5.605489015579223633e-01,-2.560104608535766602e+00,-2.132837772369384766e+00,6.354296803474426270e-01,1.668050765991210938e+00,-1.102374672889709473e+00,2.818049669265747070e+00,2.554899454116821289e+00,-2.977962255477905273e+00,-1.806136131286621094e+00,1.119216203689575195e+00,4.874166250228881836e-01,8.356777429580688477e-01
2.201209664344787598e-01,-7.164046168327331543e-01,-1.512231826782226562e+00,2.876931130886077881e-01,3.614889085292816162e-01,1.562188386917114258e+00,2.172775268554687500e+00,3.590009808540344238e-01,1.055007815361022949e+00,-3.684195578098297119e-01,1.833763957023620605e+00,-6.671766042709350586e-01,2.575600624084472656e+00,-1.570548534393310547e+00,-2.406178236007690430e+00,-1.043931841850280762e+00,-1.331665277481079102e+00,3.709354400634765625e-01,-4.144228696823120117e-01,1.747427821159362793e+00
6.324955821037292480e-01,9.289321303367614746e-02,-1.093108892440795898e+00,1.831903219223022461e+00,-9.080662131309509277e-01,-1.942554414272308350e-01,-2.481935262680053711e+00,-2.551413536071777344e+00,-1.804603576660156250e+00,1.271552801132202148e+00,1.554783105850219727e+00,8.450464010238647461e-01,-2.694314122200012207e-01,-4.886821806430816650e-01,4.735067486763000488e-01,2.199556112289428711e+00,1.162316203117370605e-01,5.930939316749572754e-01,-5.501849651336669922e-01,-2.172071695327758789e+00
8.634244203567504883e-01,1.355572819709777832e+00,-7.946024537086486816e-01,3.421302437782287598e-01,-8.379530906677246094e-01,-4.970915317535400391e-01,-2.037476778030395508e+00,8.927443027496337891e-01,-5.557555556297302246e-01,-2.733847856521606445e+00,-9.460339546203613281e-01,-2.540635824203491211e+00,-1.400466442108154297e+00,6.772183775901794434e-01,-9.057729840278625488e-01,1.427242755889892578e+00,-1.406141519546508789e+00,-1.128474354743957520e+00,2.458835601806640625e+00,-1.533421874046325684e+00
1.849195063114166260e-01,-3.255011439323425293e-01,8.773533701896667480e-01,-2.093458414077758789e+00,9.929239749908447266e-01,-8.693149685859680176e-01,-2.036384820938110352e+00,1.379221320152282715e+00,-2.024915456771850586e+00,-1.579614758491516113e+00,4.430520832538604736e-01,1.854196667671203613e+00,-1.370075464248657227e+00,2.275184154510498047e+00,2.734928131103515625e+00,-1.735398054122924805e+00,-1.809091567993164062e-01,2.788166701793670654e-01,-2.344369173049926758e+00,-1.279839992523193359e+00
1.958967447280883789e+00,-2.535996913909912109e+00,-3.417073786258697510e-01,2.539397239685058594e+00,7.483664155006408691e-01,1.957752704620361328e+00,-6.254085898399353027e-01,9.599502086639404297e-01,-8.708280324935913086e-01,-1.148105859756469727e+00,8.749424815177917480e-01,4.982019066810607910e-01,-1.251418828964233398e+00,5.113974213600158691e-01,-1.143416047096252441e+00,5.151781439781188965e-01,-3.316021859645843506e-01,5.265836715698242188e-01,1.525333404541015625e+00,4.218668043613433838e-01
1.408808112144470215e+00,6.393553614616394043e-01,1.024626612663269043e+00,-1.914081335067749023e+00,4.404497742652893066e-01,-2.296106517314910889e-01,-1.856363058090209961e+00,-9.136128425598144531e-01,-7.667336612939834595e-02,-2.706845045089721680e+00,-1.596366405487060547e+00,7.452960610389709473e-01,5.670536756515502930e-01,5.635966062545776367e-01,6.285642087459564209e-02,1.846289262175559998e-02,-1.759890437126159668e+00,-5.764335393905639648e-01,-2.536321163177490234e+00,-2.134375572204589844e+00
-2.498613834381103516e+00,-1.582077264785766602e+00,-2.444877147674560547e+00,1.167576551437377930e+00,-2.913911342620849609e+00,1.657268047332763672e+00,8.997436761856079102e-01,2.226073980331420898e+00,1.298839092254638672e+00,-1.395053863525390625e+00,-1.557988822460174561e-01,2.086816787719726562e+00,-1.887854218482971191e+00,-1.388423442840576172e+00,-1.558210492134094238e+00,2.810794413089752197e-01,-4.557791352272033691e-01,-1.650273799896240234e+00,1.612609744071960449e+00,2.315392255783081055e+00
1.812732815742492676e+00,-1.159620404243469238e+00,-1.993524670600891113e+00,2.864087581634521484e+00,5.925921797752380371e-01,2.229545831680297852e+00,-7.206208705902099609e-01,-2.406473875045776367e+00,5.038958191871643066e-01,-1.342427253723144531e+00,-1.762691855430603027e+00,-2.976709008216857910e-01,7.447222471237182617e-01,7.970526814460754395e-01,-5.157866477966308594e-01,-2.720863819122314453e+00,-1.709166646003723145e+00,-1.580047011375427246e+00,-1.205843448638916016e+00,-1.796089708805084229e-01
-2.582775115966796875e+00,1.725122034549713135e-01,-2.065418846905231476e-02,3.277558982372283936e-01,-1.796323776245117188e+00,-1.224413275718688965e+00,-5.638431906700134277e-01,1.679031848907470703e+00,3.805183339864015579e-03,-1.270978569984436035e+00,-1.230853319168090820e+00,-1.668950915336608887e+00,-1.688458561897277832e+00,-2.600554227828979492e+00,-1.601001143455505371e+00,-6.672027707099914551e-01,-1.696515083312988281e+00,-1.666555702686309814e-01,-1.529924392700195312e+00,2.128896951675415039e+00
2.407199144363403320e+00,1.141225337982177734e+00,1.837487936019897461e+00,3.972687125205993652e-01,6.741008907556533813e-02,2.473086118698120117e+00,-1.118006587028503418e+00,-1.891422510147094727e+00,-2.247442960739135742e+00,1.964975237846374512e+00,-4.973222017288208008e-01,5.067611336708068848e-01,-3.288466930389404297e-01,-4.574824571609497070e-01,6.326013207435607910e-01,-8.377114534378051758e-01,-2.650013208389282227e+00,-8.756670355796813965e-01,1.599815636873245239e-01,1.343626618385314941e+00
1.784855604171752930e+00,1.172042131423950195e+00,-1.396808624267578125e+00,-4.585445225238800049e-01,-1.969286561012268066e+00,9.163651466369628906e-01,1.300183057785034180e+00,2.627034902572631836e+00,-4.191625118255615234e-01,-3.704476356506347656e-01,1.112845420837402344e+00,8.095363378524780273e-01,-1.461538910865783691e+00,2.954485177993774414e+00,-8.282872438430786133e-01,2.026674985885620117e+00,2.744180917739868164e+00,-9.997147321701049805e-01,2.170679330825805664e+00,-2.930811882019042969e+00
2.391176462173461914e+00,-1.628715634346008301e+00,-2.540246248245239258e+00,-1.344818919897079468e-01,-2.888619899749755859e+00,1.363587737083435059e+00,-2.318958044052124023e+00,-1.394598722457885742e+00,4.129805266857147217e-01,1.764021873474121094e+00,2.515969753265380859e+00,-2.251076936721801758e+00,6.328096389770507812e-01,1.251647353172302246e+00,-1.867121219635009766e+00,5.709179043769836426e-01,-7.912202477455139160e-01,-1.132559895515441895e+00,1.818776726722717285e+00,1.974243283271789551e+00
-1.597165465354919434e+00,2.875076532363891602e+00,-1.850940942764282227e+00,1.619336366653442383e+00,-8.641608357429504395e-01,2.128322601318359375e+00,-2.646039009094238281e+00,-7.172487378120422363e-01,1.936982870101928711e-01,-1.584423899650573730e+00,-1.093834877014160156e+00,-2.616074085235595703e+00,2.984100818634033203e+00,-2.676405191421508789e+00,-2.026146650314331055e-01,-9.602810442447662354e-02,-2.773921012878417969e+00,2.206932306289672852e+00,-6.536368727684020996e-01,-8.580835461616516113e-01
2.402613878250122070e+00,-8.724001049995422363e-01,1.053463101387023926e+00,4.658793210983276367e-01,1.020948529243469238e+00,-3.495236039161682129e-01,1.298447698354721069e-01,9.518650174140930176e-01,-1.291979670524597168e+00,-1.924948543310165405e-01,3.431218564510345459e-01,-1.910825729370117188e+00,-8.784297108650207520e-01,5.603720545768737793e-01,-1.330517053604125977e+00,-2.403323650360107422e+00,-9.166575670242309570e-01,-6.863455176353454590e-01,-5.673104524612426758e-01,-2.507362127304077148e+00
-1.823361366987228394e-01,-2.464657306671142578e+00,1.924829483032226562e+00,-1.259643554687500000e+00,-5.939922332763671875e-01,-1.933501005172729492e+00,-2.769625484943389893e-01,-2.651119828224182129e-01,-2.742405652999877930e+00,-1.884100198745727539e+00,1.807974934577941895e+00,-1.308546215295791626e-01,-1.443519353866577148e+00,5.536816716194152832e-01,-1.036463618278503418e+00,2.200306892395019531e+00,-2.692641258239746094e+00,-1.324980378150939941e+00,5.562742948532104492e-01,-1.172481894493103027e+00
-1.460619568824768066e+00,-9.852254986763000488e-01,-1.103688955307006836e+00,2.431510210037231445e+00,-2.819293737411499023e+00,-4.530920088291168213e-02,1.076982975006103516e+00,-2.320701777935028076e-01,1.442515969276428223e+00,1.127133131027221680e+00,-1.804300785064697266e+00,-1.623250126838684082e+00,-2.708262443542480469e+00,-1.003561496734619141e+00,-1.695239782333374023e+00,-2.566632032394409180e+00,-1.415302008390426636e-01,-1.591614842414855957e+00,1.970197200775146484e+00,1.559932231903076172e+00
-1.837543845176696777e+00,1.526911258697509766e+00,-2.409316778182983398e+00,-1.395196437835693359e+00,-1.722345471382141113e+00,1.360439658164978027e+00,-7.089216709136962891e-01,3.183065652847290039e-01,9.556425809860229492e-01,-9.684550762176513672e-01,-1.686828970909118652e+00,3.886471688747406006e-01,6.141008734703063965e-01,1.866746902465820312e+00,-1.731981635093688965e+00,7.635397315025329590e-01,7.753840088844299316e-02,2.478563547134399414e+00,-8.279920369386672974e-02,-1.086856007575988770e+00
1.123324513435363770e+00,6.719899177551269531e-01,-1.442849040031433105e+00,2.038061618804931641e+00,-2.399928331375122070e+00,1.955867856740951538e-01,2.609619617462158203e+00,-2.481765508651733398e+00,-2.567650973796844482e-01,1.992880582809448242e+00,-1.302126049995422363e+00,1.458540678024291992e+00,-2.013248682022094727e+00,-1.365025401115417480e+00,-4.519114792346954346e-01,-1.460432052612304688e+00,8.717144131660461426e-01,-1.441494464874267578e+00,-3.113725483417510986e-01,2.768069744110107422e+00
1.012825608253479004e+00,-5.897679328918457031e-01,2.553411006927490234e+00,1.898328065872192383e+00,-5.049266815185546875e-01,1.588674306869506836e+00,1.249861717224121094e+00,1.441218852996826172e+00,-1.212922334671020508e+00,-2.149858951568603516e+00,8.114572763442993164e-01,1.524953961372375488e+00,8.103564381599426270e-02,2.345234900712966919e-01,-1.595241785049438477e+00,4.222645759582519531e-01,-6.157361865043640137e-01,-1.620128750801086426e+00,-9.407890588045120239e-02,6.368817090988159180e-01
2.076514720916748047e+00,-1.171302080154418945e+00,2.701246440410614014e-01,-4.360954165458679199e-01,6.340690851211547852e-01,2.305819034576416016e+00,-1.435377359390258789e+00,-2.784757137298583984e+00,-2.225573778152465820e+00,1.115565538406372070e+00,2.238018274307250977e+00,-1.541138768196105957e+00,9.382286667823791504e-01,2.177322387695312500e+00,-1.366237044334411621e+00,-8.047009706497192383e-01,-2.798363208770751953e+00,-2.364205598831176758e+00,-8.146896362304687500e-01,-1.483044475317001343e-01
8.341935873031616211e-01,2.370211839675903320e+00,-1.182008028030395508e+00,1.541356444358825684e+00,8.081678152084350586e-01,2.573955297470092773e+00,-2.846867561340332031e+00,1.626624345779418945e+00,-2.449124813079833984e+00,-1.598970770835876465e+00,-2.761514425277709961e+00,-1.502878546714782715e+00,-2.506967186927795410e-01,-7.631691694259643555e-01,2.637387514114379883e-01,-1.241958498954772949e+00,-8.325043320655822754e-01,5.966424345970153809e-01,-2.626101732254028320e+00,-2.235209941864013672e+00
1.107291057705879211e-01,1.526481986045837402e+00,-4.227231740951538086e-01,6.869511604309082031e-01,1.181493163108825684e+00,-2.873550415039062500e+00,7.593916058540344238e-01,3.264290392398834229e-01,-2.725142240524291992e+00,-1.497844159603118896e-01,-2.244324445724487305e+00,1.878323912620544434e+00,1.318292737007141113e+00,1.428282618522644043e+00,-1.977539539337158203e+00,-6.135864853858947754e-01,-2.812380313873291016e+00,1.106001138687133789e+00,-8.030235171318054199e-01,4.558351039886474609e-01
1.973661661148071289e+00,4.891068935394287109e-01,-7.526956796646118164e-01,-9.244613051414489746e-01,6.698071211576461792e-02,-1.776871979236602783e-01,-2.179951667785644531e+00,1.728972196578979492e+00,7.577714323997497559e-01,-1.440084815025329590e+00,5.417270660400390625e-01,7.737126350402832031e-01,-5.638182163238525391e-01,-2.794467687606811523e+00,-2.025028228759765625e+00,1.815210103988647461e+00,-2.718191742897033691e-01,5.861482024192810059e-01,-1.995296239852905273e+00,2.908032238483428955e-01
-1.499474406242370605e+00,-7.400130033493041992e-01,1.600433327257633209e-02,-2.323321819305419922e+00,-7.904596328735351562e-01,1.413324525856296532e-06,1.072059988975524902e+00,-1.471162080764770508e+00,-2.643989086151123047e+00,-1.617188930511474609e+00,-1.290964931249618530e-01,1.564539551734924316e+00,1.030289292335510254e+00,1.303517580032348633e+00,-2.373089075088500977e+00,-1.291854977607727051e+00,-1.216492176055908203e+00,-2.197424888610839844e+00,-6.493886113166809082e-01,1.633208632469177246e+00
-4.209914505481719971e-01,-1.977270364761352539e+00,-2.682225704193115234e+00,1.730093479156494141e+00,4.484990239143371582e-01,4.492173343896865845e-02,-2.260073184967041016e+00,-2.484026432037353516e+00,8.077905178070068359e-01,-5.309355258941650391e-01,-2.140958786010742188e+00,-1.232061624526977539e+00,-7.742364406585693359e-01,-1.824207067489624023e+00,-1.407538890838623047e+00,2.186624765396118164e+00,-9.096641540527343750e-01,1.003423094749450684e+00,9.230052828788757324e-01,-2.895069122314453125e+00
-1.605570077896118164e+00,8.569064736366271973e-02,-6.828286647796630859e-01,-7.922394275665283203e-01,1.360021531581878662e-01,7.050341963768005371e-01,-9.895871281623840332e-01,2.064604043960571289e+00,-1.783159613609313965e+00,1.972782611846923828e+00,-1.221112132072448730e+00,3.647021949291229248e-02,-1.981531620025634766e+00,-2.426280498504638672e+00,7.163536548614501953e-01,1.869276285171508789e+00,5.524147748947143555e-01,3.882445991039276123e-01,-2.819220542907714844e+00,1.023344755172729492e+00
2.255825281143188477e+00,-1.774297475814819336e+00,1.895588874816894531e+00,-1.581526160240173340e+00,4.988665580749511719e-01,9.422370195388793945e-01,3.043131204321980476e-03,6.382066011428833008e-01,-8.043835312128067017e-02,-3.430938422679901123e-01,7.705261707305908203e-01,-2.674077749252319336e+00,2.758854925632476807e-01,2.495832443237304688e+00,-8.857417106628417969e-01,-1.934836983680725098e+00,-2.908951282501220703e+00,-2.334191799163818359e+00,-1.705988168716430664e+00,-9.607433676719665527e-01
-1.186455488204956055e+00,2.311583042144775391e+00,1.157291531562805176e+00,2.991992607712745667e-02,2.804182767868041992e-01,-3.962348401546478271e-01,-2.004319906234741211e+00,1.728292465209960938e+00,-1.612186670303344727e+00,-1.271472722291946411e-01,4.821262657642364502e-01,2.089613437652587891e+00,-2.569584846496582031e+00,-2.611928462982177734e+00,1.552943229675292969e+00,1.955033540725708008e+00,-2.010051012039184570e+00,2.418394088745117188e+00,1.408778876066207886e-01,-6.667936444282531738e-01
1.878503918647766113e+00,2.421824783086776733e-01,-9.232843518257141113e-01,9.255161285400390625e-01,2.595010995864868164e-01,2.764136552810668945e+00,2.325307130813598633e+00,-7.117285728454589844e-01,-2.491760015487670898e+00,4.165399670600891113e-01,1.795564532279968262e+00,-2.434418678283691406e+00,-2.715198278427124023e+00,-1.694478631019592285e+00,-6.945823878049850464e-02,-2.769125223159790039e+00,-1.525455713272094727e+00,-1.723337769508361816e+00,-9.083665013313293457e-01,3.644109666347503662e-01
-1.861394882202148438e+00,-2.720809936523437500e+00,-2.339218139648437500e+00,2.263317584991455078e+00,-5.634741783142089844e-01,4.617373645305633545e-01,-5.240008234977722168e-01,-1.672955393791198730e+00,2.201695203781127930e+00,-1.713493585586547852e+00,-6.425955295562744141e-01,-1.313921332359313965e+00,-2.660408258438110352e+00,1.656979203224182129e+00,-2.220624685287475586e+00,2.429887771606445312e+00,-2.047204732894897461e+00,-1.161991834640502930e+00,-2.478295326232910156e+00,-2.195636272430419922e+00
-2.417334318161010742e-01,1.183237671852111816e+00,6.850720643997192383e-01,-2.462569952011108398e+00,-7.424250245094299316e-01,8.378255963325500488e-01,-5.898833274841308594e-01,2.801501989364624023e+00,4.027458727359771729e-01,5.573211908340454102e-01,6.882781386375427246e-01,1.562191963195800781e+00,-1.130044102668762207e+00,-2.805249214172363281e+00,-7.701436281204223633e-01,2.992634177207946777e-01,-1.712399125099182129e+00,-1.846508026123046875e+00,-2.413657665252685547e+00,-6.769661307334899902e-01
6.506894230842590332e-01,-3.872542828321456909e-02,4.083289802074432373e-01,7.912102341651916504e-01,2.334336996078491211e+00,-9.884128719568252563e-02,-9.139072895050048828e-01,2.991411983966827393e-01,-6.166173219680786133e-01,1.087538957595825195e+00,1.200033187866210938e+00,5.853917598724365234e-01,-1.077379345893859863e+00,-1.766230821609497070e+00,1.075935006141662598e+00,-1.373697757720947266e+00,2.461473196744918823e-01,1.551611542701721191e+00,-1.267293930053710938e+00,-1.021357178688049316e+00
-1.521172404289245605e+00,2.727845191955566406e+00,-1.565379738807678223e+00,-2.268583536148071289e+00,1.470029592514038086e+00,2.096303939819335938e+00,-2.861824750900268555e+00,-5.083359479904174805e-01,-2.301533937454223633e+00,1.264324426651000977e+00,-6.989876031875610352e-01,-1.756493330001831055e+00,4.648506939411163330e-01,-1.119207859039306641e+00,-5.161427855491638184e-01,-4.959262013435363770e-01,-9.778316617012023926e-01,-1.347508072853088379e+00,1.891028881072998047e+00,-1.028100609779357910e+00
4.691840112209320068e-01,1.199378728866577148e+00,3.163357675075531006e-01,1.799013018608093262e+00,-6.194419264793395996e-01,-2.463137060403823853e-01,-6.443122625350952148e-01,-1.342631459236145020e+00,-1.906975746154785156e+00,-6.210236549377441406e-01,4.261294901371002197e-01,-7.429507374763488770e-01,-1.668746948242187500e+00,-5.619812011718750000e-01,2.599222660064697266e+00,-2.657316684722900391e+00,-8.952178955078125000e-01,1.468807101249694824e+00,-8.807421475648880005e-02,-1.117126345634460449e+00
1.098000049591064453e+00,-1.727059602737426758e+00,-2.718729972839355469e+00,2.428530454635620117e+00,-3.423024713993072510e-01,-3.418905735015869141e-01,-1.547106027603149414e+00,-1.335248798131942749e-01,-1.053973197937011719e+00,1.896365880966186523e+00,3.997462987899780273e-01,-1.198343396186828613e+00,1.920390009880065918e+00,1.637657999992370605e+00,4.840270280838012695e-01,-2.136359453201293945e+00,-6.068103909492492676e-01,2.707055211067199707e-01,-1.946917176246643066e-01,1.501886963844299316e+00
-1.756134510040283203e+00,1.005277633666992188e+00,2.322626829147338867e+00,8.161654472351074219e-01,-2.240073680877685547e+00,-1.328835606575012207e+00,-7.025220990180969238e-01,2.288346767425537109e+00,1.053228855133056641e+00,-6.189776659011840820e-01,-2.838029146194458008e+00,1.144876837730407715e+00,-3.451108336448669434e-01,-1.524531841278076172e+00,-2.861641883850097656e+00,-9.491943717002868652e-01,-2.820191860198974609e+00,2.358731508255004883e+00,1.669241487979888916e-01,-1.133176207542419434e+00
-1.547635644674301147e-01,-1.437558084726333618e-01,-2.548908948898315430e+00,-2.025024414062500000e+00,-6.955286264419555664e-01,-3.019408285617828369e-01,-7.816213369369506836e-02,-1.333782196044921875e+00,-1.929499387741088867e+00,5.158671140670776367e-01,-1.297392010688781738e+00,2.024495154619216919e-01,1.742945671081542969e+00,-2.585608959197998047e+00,1.051484823226928711e+00,-3.146445751190185547e-01,1.481338262557983398e+00,-7.852705121040344238e-01,-1.618186831474304199e+00,7.261446118354797363e-01
-1.298553109169006348e+00,-1.750798344612121582e+00,-1.373466610908508301e+00,-1.286247253417968750e+00,-6.231640577316284180e-01,1.628204226493835449e+00,-2.713858604431152344e+00,-1.899213075637817383e+00,-5.468099117279052734e-01,-1.615346670150756836e+00,1.023517996072769165e-01,-9.061799645423889160e-01,-2.814551115036010742e+00,-2.515746355056762695e+00,4.408135265111923218e-02,8.146296441555023193e-02,1.152748465538024902e-01,1.190171003341674805e+00,-1.143804907798767090e+00,5.972117781639099121e-01
1.182468533515930176e+00,-2.803210258483886719e+00,1.062467932701110840e+00,4.101807251572608948e-02,-4.293624758720397949e-01,1.969588547945022583e-01,-2.067556858062744141e+00,1.830418825149536133e+00,9.553492665290832520e-01,1.992003560066223145e+00,1.193041324615478516e+00,2.638674974441528320e+00,2.283274888992309570e+00,1.125493407249450684e+00,4.431833326816558838e-01,2.342327594757080078e+00,-2.156246751546859741e-01,-1.019972324371337891e+00,1.074379205703735352e+00,-1.093576788902282715e+00
1.706000566482543945e+00,-2.848310232162475586e+00,3.367742002010345459e-01,5.288041196763515472e-03,5.817023515701293945e-01,1.765613555908203125e+00,-2.033521175384521484e+00,8.404306173324584961e-01,-1.562338113784790039e+00,1.623762488365173340e+00,-1.137421250343322754e+00,4.231536686420440674e-01,-2.578238487243652344e+00,-1.397668719291687012e+00,-2.246587425470352173e-01,3.024837970733642578e-01,-7.299829721450805664e-01,-9.046831727027893066e-01,-2.116893291473388672e+00,2.683573722839355469e+00
2.311349153518676758e+00,2.596288204193115234e+00,1.599027633666992188e+00,1.866524219512939453e+00,4.855599403381347656e-01,-6.559546589851379395e-01,1.021441221237182617e+00,1.704169273376464844e+00,1.652639508247375488e+00,-1.048646867275238037e-01,2.245059251785278320e+00,-2.018047094345092773e+00,-2.420131444931030273e+00,-1.709389686584472656e+00,2.046462059020996094e+00,-1.399167418479919434e+00,-1.707611918449401855e+00,7.673720121383666992e-01,2.429535426199436188e-02,-2.569792270660400391e+00
1.258333086967468262e+00,-1.679924488067626953e+00,-1.680695056915283203e+00,1.928144454956054688e+00,-2.512475013732910156e+00,-1.076502442359924316e+00,-1.830435395240783691e+00,-2.570284843444824219e+00,-1.622827887535095215e+00,2.208743095397949219e+00,1.063444614410400391e+00,-9.768607616424560547e-01,8.194285035133361816e-01,2.470399618148803711e+00,-2.416724205017089844e+00,-1.366165518760681152e+00,8.552665710449218750e-01,1.451287388801574707e+00,4.938366711139678955e-01,-7.893004417419433594e-01
1.991564154624938965e+00,-2.984374284744262695e+00,7.585077285766601562e-01,-9.949288368225097656e-01,-2.991027116775512695e+00,-8.437221050262451172e-01,-2.700291395187377930e+00,1.533989191055297852e+00,2.289053678512573242e+00,4.425611495971679688e-01,4.440050125122070312e-01,9.861703515052795410e-01,-1.037281155586242676e-01,-2.141767740249633789e+00,3.793381154537200928e-01,4.619536995887756348e-01,1.415641427040100098e+00,1.632219403982162476e-01,3.875515162944793701e-01,-6.149460673332214355e-01
1.765340089797973633e+00,-1.246673941612243652e+00,-1.889793992042541504e+00,9.851168394088745117e-01,-2.356496095657348633e+00,1.089028716087341309e-01,-1.294239640235900879e+00,1.490509271621704102e+00,6.607524752616882324e-01,1.070113778114318848e+00,2.505228519439697266e-01,-8.752858042716979980e-01,1.518647313117980957e+00,-2.853487968444824219e+00,-2.628293275833129883e+00,-1.177489519119262695e+00,-1.141910672187805176e+00,1.544409632682800293e+00,2.099031448364257812e+00,2.387005567550659180e+00
-7.199518680572509766e-01,-1.693915009498596191e+00,-4.857420176267623901e-02,2.844174623489379883e+00,-3.743930757045745850e-01,-6.095469594001770020e-01,1.656782269477844238e+00,-2.018363475799560547e+00,-2.899325609207153320e+00,-1.974676698446273804e-01,1.971742153167724609e+00,-9.579551815986633301e-01,-6.494998931884765625e-02,1.262892723083496094e+00,-2.919656932353973389e-01,1.146047115325927734e+00,-7.190672159194946289e-01,-2.767710924148559570e+00,-1.065503001213073730e+00,-2.331656217575073242e+00
2.440525531768798828e+00,1.219939351081848145e+00,-2.546114206314086914e+00,2.294036388397216797e+00,-2.687487125396728516e+00,5.228735208511352539e-01,-2.683145403861999512e-01,-2.485087633132934570e+00,-8.656012415885925293e-01,6.593577265739440918e-01,-1.159777522087097168e+00,-2.491715669631958008e+00,-1.276757597923278809e+00,2.097877025604248047e+00,-1.301011204719543457e+00,8.341087698936462402e-01,-2.023387432098388672e+00,1.884305000305175781e+00,-5.256004929542541504e-01,-1.209446310997009277e+00
1.984784126281738281e+00,1.705875754356384277e+00,1.937895059585571289e+00,-7.118064165115356445e-01,2.323484897613525391e+00,-2.555454492568969727e+00,-1.655290007591247559e+00,9.670940637588500977e-01,9.217733144760131836e-01,3.025927543640136719e-01,-2.783720016479492188e+00,7.614902257919311523e-01,-3.926358222961425781e-01,-2.560205936431884766e+00,-2.933279752731323242e+00,3.504918813705444336e-01,-2.238348722457885742e+00,4.586781263351440430e-01,7.181184887886047363e-01,-9.292083978652954102e-01
-1.273990154266357422e+00,-8.055611252784729004e-01,-6.604909896850585938e-02,7.571464776992797852e-01,-1.380072832107543945e+00,-6.128368973731994629e-01,2.612699568271636963e-01,2.365350723266601562e+00,2.195087671279907227e+00,-2.652827262878417969e+00,-9.667337536811828613e-01,-1.805178999900817871e+00,8.557333946228027344e-01,-1.650541782379150391e+00,-1.714481353759765625e+00,2.227466821670532227e+00,-2.599686086177825928e-01,-1.506237745285034180e+00,-2.325440406799316406e+00,6.423588991165161133e-01
-3.650622963905334473e-01,9.018288850784301758e-01,-9.164825081825256348e-01,1.981782913208007812e+00,-4.180646538734436035e-01,-4.073126614093780518e-01,-1.601242065429687500e+00,4.524007737636566162e-01,-1.597729921340942383e+00,-1.888536453247070312e+00,-1.262989521026611328e+00,2.565598115324974060e-02,1.477988958358764648e+00,-2.619978427886962891e+00,-1.706056118011474609e+00,-1.521789550781250000e+00,1.301239728927612305e+00,3.642246127128601074e-01,-2.842552661895751953e+00,-4.536154568195343018e-01
1.312348127365112305e+00,-1.821512222290039062e+00,5.013466998934745789e-02,9.326081275939941406e-01,2.916310071945190430e+00,-9.858080744743347168e-01,1.877989917993545532e-01,-1.165842890739440918e+00,-1.095588922500610352e+00,-2.172111533582210541e-02,5.771714448928833008e-01,4.836756363511085510e-02,-1.751512169837951660e+00,-7.888404130935668945e-01,-1.401390671730041504e+00,-2.580805540084838867e+00,-7.150490880012512207e-01,-1.404178857803344727e+00,-2.556662559509277344e+00,-1.139107584953308105e+00
-8.936639130115509033e-02,-2.393864154815673828e+00,-1.262833595275878906e+00,2.419797658920288086e+00,4.678488373756408691e-01,1.126412272453308105e+00,-5.815657377243041992e-01,-6.102272868156433105e-01,-2.945647478103637695e+00,-1.505370855331420898e+00,9.214771389961242676e-01,1.920143246650695801e+00,-2.508383750915527344e+00,1.807819247245788574e+00,2.798803150653839111e-01,-6.741935014724731445e-01,7.910494208335876465e-01,2.487127035856246948e-01,2.500625371932983398e+00,-1.965150952339172363e+00
-1.577022790908813477e+00,2.044986963272094727e+00,-3.628897294402122498e-02,1.717257618904113770e+00,-1.198850199580192566e-01,-2.606330871582031250e+00,1.519141316413879395e+00,7.992075085639953613e-01,-9.167250990867614746e-02,-2.868276119232177734e+00,1.299924731254577637e+00,-1.268954396247863770e+00,-4.466080367565155029e-01,2.447623729705810547e+00,1.895023226737976074e+00,7.036383748054504395e-01,-1.972284436225891113e+00,1.299842596054077148e-01,-5.425362586975097656e-01,-2.483541250228881836e+00
2.301242947578430176e-01,-1.314613372087478638e-01,1.466168880462646484e+00,-6.325433850288391113e-01,-1.085493803024291992e+00,-1.625128865242004395e+00,-1.717619299888610840e+00,1.574144810438156128e-01,-1.308311522006988525e-01,-2.124804735183715820e+00,-2.598859369754791260e-01,-2.169312477111816406e+00,-2.471224069595336914e+00,-1.308366656303405762e+00,-9.121427536010742188e-01,-9.308788180351257324e-01,-1.841866731643676758e+00,-2.113287448883056641e+00,-1.350365161895751953e+00,-1.634363651275634766e+00
1.180699229240417480e+00,-2.392996549606323242e+00,-2.024848699569702148e+00,1.942379355430603027e+00,-2.603957414627075195e+00,1.016643762588500977e+00,1.560258865356445312e-01,9.132542461156845093e-02,-1.677381157875061035e+00,4.272636473178863525e-01,1.835394978523254395e+00,1.365550421178340912e-02,1.720111131668090820e+00,2.536199569702148438e+00,3.335801661014556885e-01,-2.791005611419677734e+00,5.613010376691818237e-02,6.535705924034118652e-01,6.315209865570068359e-01,2.548617601394653320e+00
-3.364528715610504150e-01,-1.686661481857299805e+00,4.400778189301490784e-02,-1.094576835632324219e+00,-2.447669029235839844e+00,1.787789821624755859e+00,2.124155044555664062e+00,2.993295431137084961e+00,1.958112120628356934e+00,8.727305531501770020e-01,-1.213369011878967285e+00,-5.913907289505004883e-01,-1.720386028289794922e+00,7.548189163208007812e-01,-1.180564522743225098e+00,-1.595094680786132812e+00,6.259919404983520508e-01,7.525014281272888184e-01,-4.159770905971527100e-01,4.119083583354949951e-01
1.503969550132751465e+00,-2.570570468902587891e+00,-9.129357933998107910e-01,2.474550008773803711e+00,2.019331455230712891e+00,-1.579211592674255371e+00,1.373343586921691895e+00,-5.152691602706909180e-01,-1.222311496734619141e+00,-4.043972492218017578e-02,4.760819673538208008e-01,1.410611510276794434e+00,-2.017368078231811523e+00,-1.014285206794738770e+00,-5.599971115589141846e-02,-1.234751224517822266e+00,2.367036819458007812e+00,-7.407416701316833496e-01,-2.239798784255981445e+00,-1.661385059356689453e+00
1.053707480430603027e+00,1.647538989782333374e-01,-2.502471446990966797e+00,1.512042880058288574e+00,2.523524761199951172e-01,-2.215689897537231445e+00,-2.346985578536987305e+00,-7.530977725982666016e-01,1.390645623207092285e+00,-9.416134357452392578e-01,1.734215378761291504e+00,-1.372865289449691772e-01,1.086581587791442871e+00,-6.826604008674621582e-01,9.135794639587402344e-01,-1.491007566452026367e+00,-2.505677700042724609e+00,-1.535201430320739746e+00,7.466430068016052246e-01,3.388956487178802490e-01
1.814729809761047363e+00,-1.666904568672180176e+00,1.027229279279708862e-01,1.215616464614868164e+00,1.702705264091491699e+00,8.253454566001892090e-01,-1.669763445854187012e+00,2.551551759243011475e-01,-2.122040510177612305e+00,-5.497573614120483398e-01,2.065461874008178711e-01,2.492932826280593872e-01,2.472718954086303711e+00,-7.080894112586975098e-01,-1.066813230514526367e+00,-1.701966285705566406e+00,-1.771340221166610718e-01,-9.997541308403015137e-01,-1.268073678016662598e+00,-8.998238444328308105e-01
1.116460561752319336e+00,-1.798599958419799805e+00,-2.723839044570922852e+00,1.844834089279174805e+00,-2.714482545852661133e+00,-5.534612536430358887e-01,-6.004704833030700684e-01,-2.787826955318450928e-01,2.933419704437255859e+00,2.368088960647583008e-01,7.222735881805419922e-02,7.107442021369934082e-01,1.696175932884216309e+00,-1.352965712547302246e+00,-1.427760720252990723e+00,1.103761196136474609e+00,-4.884367585182189941e-01,1.093877911567687988e+00,2.697637319564819336e+00,-2.211063385009765625e+00
4.395056143403053284e-02,-1.368600010871887207e+00,-1.165102720260620117e+00,5.955345630645751953e-01,-6.658685803413391113e-01,-1.965297818183898926e+00,1.622076034545898438e+00,1.692545294761657715e+00,-1.512925863265991211e+00,4.336200654506683350e-01,-7.625374794006347656e-01,2.610765933990478516e+00,2.494414806365966797e+00,8.013199567794799805e-01,-2.047779321670532227e+00,-9.329193830490112305e-01,-1.839613914489746094e-01,-5.174111723899841309e-01,-7.201005816459655762e-01,1.793709874153137207e+00
2.448046445846557617e+00,-4.037639200687408447e-01,-2.748971223831176758e+00,2.970859766006469727e+00,2.450666666030883789e+00,2.356976747512817383e+00,1.777586936950683594e+00,-2.479596853256225586e+00,-1.359186053276062012e+00,-1.731275796890258789e+00,-1.783347845077514648e+00,9.561446905136108398e-01,-2.251587212085723877e-01,1.292865037918090820e+00,-2.646110534667968750e+00,-8.687933683395385742e-01,-2.904071569442749023e+00,-1.940552353858947754e+00,-3.763954043388366699e-01,1.474710106849670410e+00
1.412852883338928223e+00,2.051496505737304688e+00,2.496583700180053711e+00,2.758910894393920898e+00,-2.034699201583862305e+00,-6.031650304794311523e-01,-7.395624518394470215e-01,5.812030285596847534e-02,5.841866135597229004e-01,-9.302523136138916016e-01,1.247184991836547852e+00,1.938924789428710938e+00,1.834171533584594727e+00,8.253276348114013672e-01,2.423303127288818359e+00,9.463580250740051270e-01,-2.768599748611450195e+00,1.112642765045166016e+00,2.522299885749816895e-01,-7.576208561658859253e-02
2.489394664764404297e+00,1.394200444221496582e+00,-8.447105884552001953e-01,-1.657631158828735352e+00,-1.364723592996597290e-01,-8.365718126296997070e-01,-2.481441497802734375e+00,-3.520009219646453857e-01,-7.065266370773315430e-01,-7.735078930854797363e-01,-1.008958935737609863e+00,-2.258907854557037354e-01,-1.697096675634384155e-01,-1.705297589302062988e+00,-1.918780326843261719e+00,-2.817154169082641602e+00,-8.969418406486511230e-01,9.953100085258483887e-01,-1.741506457328796387e-01,-2.071787595748901367e+00
-1.613048911094665527e+00,-5.135437250137329102e-01,-2.894297361373901367e+00,-3.668604195117950439e-01,-1.916864871978759766e+00,2.704307794570922852e+00,1.562012910842895508e+00,-1.448430299758911133e+00,-1.872757196426391602e+00,-1.294503092765808105e+00,7.004349231719970703e-01,2.513727903366088867e+00,2.175363063812255859e+00,-2.934628248214721680e+00,2.620021104812622070e+00,-7.951580286026000977e-01,-1.376117110252380371e+00,-6.031048893928527832e-01,-8.731216192245483398e-03,-1.642024755477905273e+00
5.744305849075317383e-01,-7.936220765113830566e-01,-1.248677253723144531e+00,4.934732615947723389e-01,-1.692106947302818298e-03,1.036067605018615723e+00,-1.242246985435485840e+00,7.353127598762512207e-01,-1.500187516212463379e+00,8.706318140029907227e-01,1.495739221572875977e+00,1.057554125785827637e+00,1.152337074279785156e+00,1.515319228172302246e+00,4.762650728225708008e-01,-1.900737047195434570e+00,-3.424402559176087379e-03,-2.024644851684570312e+00,-1.343695044517517090e+00,2.271708011627197266e+00
2.267961025238037109e+00,-2.012731552124023438e+00,4.973722100257873535e-01,-1.828484386205673218e-01,4.400984942913055420e-01,2.385099172592163086e+00,-1.162526130676269531e+00,2.461419820785522461e+00,9.979360699653625488e-01,1.334100246429443359e+00,2.013245582580566406e+00,1.805589914321899414e+00,-9.391513466835021973e-01,-1.923399806022644043e+00,1.886734247207641602e+00,2.704731941223144531e+00,-1.471146583557128906e+00,-2.918351173400878906e+00,-2.524823188781738281e+00,-2.323823451995849609e+00
-2.081840038299560547e+00,-1.182543635368347168e+00,-1.804757952690124512e+00,9.188050031661987305e-01,1.154041290283203125e+00,-1.292677402496337891e+00,-4.458030760288238525e-01,1.242053270339965820e+00,8.557294011116027832e-01,-8.008230328559875488e-01,1.020063281059265137e+00,6.357600688934326172e-01,-5.485805869102478027e-01,-2.516146421432495117e+00,1.453470826148986816e+00,-2.760982990264892578e+00,-1.157447099685668945e+00,-3.291845917701721191e-01,2.326980352401733398e+00,6.383147239685058594e-01
2.402743816375732422e+00,-1.477243781089782715e+00,2.940110445022583008e+00,-8.366820216178894043e-01,-6.592101454734802246e-01,-9.007005691528320312e-01,1.701995849609375000e+00,4.856111407279968262e-01,-2.263894796371459961e+00,2.014514207839965820e+00,5.518432259559631348e-01,-4.271076321601867676e-01,-1.575853586196899414e+00,3.514797091484069824e-01,-1.199275255203247070e+00,-1.831818938255310059e+00,-1.181054115295410156e+00,-2.194360017776489258e+00,-2.567140579223632812e+00,-1.664309859275817871e+00
2.408997058868408203e+00,9.517596364021301270e-01,-2.319389581680297852e+00,3.360131382942199707e-01,3.303853571414947510e-01,1.209157586097717285e+00,-4.276903569698333740e-01,-1.411378383636474609e+00,-8.427982926368713379e-01,-1.310545444488525391e+00,-4.056629911065101624e-02,-7.712528705596923828e-01,-2.400350809097290039e+00,2.174033164978027344e+00,6.311962008476257324e-01,-2.919076204299926758e+00,6.044558286666870117e-01,1.383906483650207520e+00,-1.823726654052734375e+00,-1.553334593772888184e+00
1.968825817108154297e+00,2.025989294052124023e+00,-9.634518027305603027e-01,1.578269124031066895e+00,-4.342896938323974609e-01,2.798162698745727539e+00,-1.641665339469909668e+00,-1.361240625381469727e+00,1.159786581993103027e+00,-1.993060708045959473e+00,-2.551277160644531250e+00,1.836714446544647217e-01,-1.452842235565185547e+00,1.987678110599517822e-01,-9.871564507484436035e-01,1.368965029716491699e+00,-2.750443696975708008e+00,1.364157319068908691e+00,1.754503011703491211e+00,-8.567463755607604980e-01
-1.656933426856994629e+00,-1.506000161170959473e+00,-2.614416837692260742e+00,7.130855917930603027e-01,-5.508489012718200684e-01,1.879295706748962402e+00,1.204370856285095215e+00,-1.472124695777893066e+00,1.950383901596069336e+00,-2.701761007308959961e+00,1.158148288726806641e+00,-1.035173051059246063e-02,-1.379740118980407715e+00,-4.783063828945159912e-01,-2.651197910308837891e+00,1.893204808235168457e+00,-2.015380382537841797e+00,6.063253879547119141e-01,-7.586560845375061035e-01,-3.645140230655670166e-01
4.348123446106910706e-02,-1.824985027313232422e+00,1.292343854904174805e+00,1.510389685630798340e+00,2.355360269546508789e+00,-2.740777134895324707e-01,-2.383479595184326172e+00,-1.685611724853515625e+00,-5.017448067665100098e-01,-1.067361831665039062e+00,-7.952881455421447754e-01,1.229362249374389648e+00,-6.335126757621765137e-01,-1.341309428215026855e+00,4.228682219982147217e-01,8.226890116930007935e-02,-1.906178712844848633e+00,-1.233903050422668457e+00,-7.310727834701538086e-01,-2.642101287841796875e+00
-2.802492618560791016e+00,-1.787676811218261719e+00,-2.630892992019653320e+00,-1.170045375823974609e+00,-5.946081876754760742e-01,1.464844822883605957e+00,1.263969659805297852e+00,-2.403049945831298828e+00,-4.811262339353561401e-02,-2.913730621337890625e+00,1.694551348686218262e+00,-1.917182564735412598e+00,1.866732358932495117e+00,-1.075066089630126953e+00,6.483308672904968262e-01,8.224084377288818359e-01,-1.176389932632446289e+00,-1.448704481124877930e+00,-2.576815605163574219e+00,4.199829697608947754e-01
2.442198276519775391e+00,3.366377353668212891e-01,1.899917960166931152e+00,-2.043411493301391602e+00,-2.624689340591430664e+00,2.192333459854125977e+00,-9.483847618103027344e-01,-1.373560875654220581e-01,-1.691484928131103516e+00,-1.415536165237426758e+00,1.707274675369262695e+00,-2.631067991256713867e+00,1.064464092254638672e+00,1.305745720863342285e+00,-2.298427343368530273e+00,-1.251533031463623047e+00,1.002404332160949707e+00,1.222485542297363281e+00,-1.493811249732971191e+00,2.290766239166259766e+00
2.521718144416809082e-01,-6.265161037445068359e-01,-1.769983768463134766e+00,-2.348949193954467773e+00,-2.791899442672729492e+00,1.526114702224731445e+00,7.473179697990417480e-01,-1.587004542350769043e+00,1.676718592643737793e+00,1.643525004386901855e+00,-5.414523482322692871e-01,2.504169225692749023e+00,-1.633114695549011230e+00,-3.727700412273406982e-01,-1.904631972312927246e+00,-1.539673507213592529e-01,-1.633000612258911133e+00,2.277183294296264648e+00,5.051879286766052246e-01,-1.634915590286254883e+00
1.917400836944580078e+00,3.292168974876403809e-01,-5.353592634201049805e-01,2.691254377365112305e+00,-2.764612436294555664e+00,-7.897601127624511719e-01,1.467225313186645508e+00,9.872924685478210449e-01,2.842913389205932617e+00,-1.053268432617187500e+00,1.594044268131256104e-01,-2.620301961898803711e+00,-2.245566844940185547e+00,-3.155000209808349609e-01,-9.363986849784851074e-01,1.651221156120300293e+00,-7.610170245170593262e-01,1.153535366058349609e+00,-2.421231508255004883e+00,-7.339155077934265137e-01
-9.978764653205871582e-01,3.850572109222412109e-01,-4.758662283420562744e-01,-5.819950699806213379e-01,-1.217002272605895996e+00,2.004785776138305664e+00,-1.561148762702941895e+00,-1.599222540855407715e+00,-1.405194044113159180e+00,-8.436098694801330566e-01,1.694101333618164062e+00,-4.913228750228881836e-02,3.211521506309509277e-01,5.275582075119018555e-01,2.849597692489624023e+00,-5.147711634635925293e-01,6.274436116218566895e-01,1.891685128211975098e+00,-1.347236156463623047e+00,-2.278614044189453125e-02
4.264258146286010742e-01,-2.473885774612426758e+00,-7.760676741600036621e-01,2.180918216705322266e+00,-1.909627079963684082e+00,-1.855081796646118164e+00,1.051228284835815430e+00,-9.147803187370300293e-01,5.330652594566345215e-01,2.809053659439086914e+00,-2.301829867064952850e-02,-1.469139218330383301e+00,1.801736354827880859e+00,1.195909500122070312e+00,-1.714273810386657715e+00,-1.811268925666809082e+00,-1.811868190765380859e+00,-1.495782017707824707e+00,2.041055440902709961e+00,-1.630936622619628906e+00
6.079672574996948242e-01,-1.209863901138305664e+00,-1.024016499519348145e+00,-6.188644096255302429e-02,-2.119878530502319336e+00,-2.110810756683349609e+00,1.018395185470581055e+00,-5.917455554008483887e-01,-9.871754646301269531e-01,1.376993536949157715e+00,-1.040563061833381653e-01,1.640034437179565430e+00,2.085293292999267578e+00,-1.071767687797546387e+00,-1.991166770458221436e-01,-1.367948889732360840e+00,6.397037506103515625e-01,8.650461435317993164e-01,-1.899907827377319336e+00,-3.201023340225219727e-01
-8.936992287635803223e-01,1.760319948196411133e+00,-1.378689885139465332e+00,-2.530066728591918945e+00,2.197578549385070801e-01,2.806163549423217773e+00,-2.152001857757568359e+00,-1.781478285789489746e+00,-4.146491289138793945e-01,4.921995401382446289e-01,9.811922311782836914e-01,-1.738803267478942871e+00,2.524128913879394531e+00,-8.591737151145935059e-01,2.928137302398681641e+00,-1.872435331344604492e+00,2.711992561817169189e-01,4.579556584358215332e-01,-1.102801412343978882e-01,-2.717340230941772461e+00
-1.212034344673156738e+00,-1.057240366935729980e+00,-1.100308060646057129e+00,-5.453186854720115662e-02,-9.128723740577697754e-01,-1.051439285278320312e+00,2.161239862442016602e+00,2.460630416870117188e+00,-1.459778428077697754e+00,2.215893417596817017e-01,-2.080140590667724609e+00,-3.328272402286529541e-01,-6.972715258598327637e-01,1.314637660980224609e+00,1.800162434577941895e+00,-1.726598620414733887e+00,1.335928797721862793e+00,-1.910941243171691895e+00,-1.875139713287353516e+00,-6.233903765678405762e-01
1.654051303863525391e+00,-8.470659852027893066e-01,3.202416002750396729e-01,-2.882155656814575195e+00,2.040849447250366211e+00,2.749075889587402344e+00,-2.339786767959594727e+00,1.636198997497558594e+00,-1.384115934371948242e+00,1.508735895156860352e+00,2.021398544311523438e+00,-1.388018012046813965e+00,4.696273803710937500e-01,-1.538560628890991211e+00,1.742650508880615234e+00,8.987542986869812012e-01,5.845838189125061035e-01,-1.221572160720825195e+00,-9.665803909301757812e-01,9.108585864305496216e-02
-1.267000555992126465e+00,1.259002327919006348e+00,-2.304260969161987305e+00,2.391350746154785156e+00,-1.495697796344757080e-01,1.097664713859558105e+00,-2.272597074508666992e+00,-2.973783731460571289e+00,2.998475730419158936e-01,-2.344573974609375000e+00,-2.324116945266723633e+00,2.717803478240966797e+00,1.695524692535400391e+00,-1.327030658721923828e+00,-1.217337369918823242e+00,-1.765742152929306030e-01,-2.254760026931762695e+00,2.410375356674194336e+00,-1.802318096160888672e+00,-8.745862841606140137e-01
-1.034652352333068848e+00,-9.338988661766052246e-01,1.506891965866088867e+00,-1.837398648262023926e+00,4.476158022880554199e-01,1.895268917083740234e+00,1.798903465270996094e+00,2.369901418685913086e+00,-1.995565891265869141e+00,-1.559142589569091797e+00,1.839838504791259766e+00,-2.117064714431762695e+00,2.375787496566772461e+00,-2.801339626312255859e-01,-9.263488650321960449e-01,-2.633943796157836914e+00,-3.401135206222534180e-01,3.855793178081512451e-01,-2.250615119934082031e+00,1.644972324371337891e+00
-1.761279821395874023e+00,-8.564626574516296387e-01,-8.110370635986328125e-01,2.820135116577148438e+00,-2.807274818420410156e+00,-2.723367452621459961e+00,2.763654947280883789e+00,3.415578305721282959e-01,1.419187188148498535e+00,1.629869341850280762e+00,5.934946537017822266e-01,-1.606778502464294434e+00,2.071441173553466797e+00,1.874058246612548828e+00,-1.932097434997558594e+00,-4.311957359313964844e-01,-6.935027241706848145e-01,2.166533470153808594e-02,1.302395761013031006e-01,-1.690184473991394043e+00
2.245478391647338867e+00,-1.206307411193847656e+00,-1.985724449157714844e+00,-1.893430233001708984e+00,1.089534759521484375e+00,1.809198617935180664e+00,1.966308206319808960e-01,-2.460410833358764648e+00,1.319298595190048218e-01,7.505445480346679688e-01,-9.766219556331634521e-02,1.531544566154479980e+00,1.466460347175598145e+00,-5.491057634353637695e-01,3.575583100318908691e-01,-5.882611870765686035e-01,5.309623479843139648e-01,2.515679895877838135e-01,-8.567541837692260742e-02,-1.487560749053955078e+00
6.999521851539611816e-01,-1.742212533950805664e+00,-1.658943414688110352e+00,2.270284652709960938e+00,2.575333833694458008e+00,1.260624051094055176e+00,1.600436091423034668e+00,1.480885505676269531e+00,1.922522544860839844e+00,1.656382322311401367e+00,1.996727883815765381e-01,2.079512357711791992e+00,-2.495580017566680908e-01,-2.746700286865234375e+00,-3.744669258594512939e-01,1.212335467338562012e+00,-1.882172346115112305e+00,-1.527425765991210938e+00,9.862611293792724609e-01,-2.128400564193725586e+00
-4.914094209671020508e-01,-1.076236486434936523e+00,-8.360068500041961670e-02,5.934223532676696777e-01,-1.073994874954223633e+00,2.035652399063110352e+00,-1.214107632637023926e+00,1.645531415939331055e+00,1.861159920692443848e+00,-2.263824224472045898e+00,1.468222379684448242e+00,-8.362458348274230957e-01,-2.188006877899169922e+00,-1.319791436195373535e+00,1.644770622253417969e+00,3.452752232551574707e-01,1.785239219665527344e+00,-8.307627439498901367e-01,1.055098176002502441e+00,3.463310301303863525e-01
-1.127765417098999023e+00,-2.436288118362426758e+00,-9.747742414474487305e-01,-1.375367999076843262e+00,-1.021193623542785645e+00,-1.128968000411987305e+00,-6.008442640304565430e-01,2.250405788421630859e+00,1.828224539756774902e+00,-1.531454086303710938e+00,-2.069623231887817383e+00,1.294849395751953125e+00,1.234545230865478516e+00,-2.464413642883300781e+00,-7.570102810859680176e-01,-1.739752173423767090e+00,-1.794010996818542480e+00,-6.466045379638671875e-01,-2.065405845642089844e+00,-1.972515881061553955e-01
-2.060973271727561951e-02,-1.113162115216255188e-01,1.681976765394210815e-01,-6.451259255409240723e-01,7.430796623229980469e-01,2.619963884353637695e+00,1.323472619056701660e+00,1.411881685256958008e+00,1.706402420997619629e+00,-1.436790525913238525e-01,-1.230014562606811523e+00,9.832590818405151367e-01,-5.442551970481872559e-01,1.637456536293029785e+00,-6.620069146156311035e-01,5.551298856735229492e-01,9.308386594057083130e-02,-1.727294206619262695e+00,-1.135167241096496582e+00,-1.129072755575180054e-01
7.940039038658142090e-01,-2.837895870208740234e+00,-5.448731780052185059e-01,2.560442686080932617e+00,-2.423557758331298828e+00,2.531670778989791870e-02,-2.547096490859985352e+00,-2.005180120468139648e+00,-2.634258270263671875e+00,1.152587309479713440e-01,-1.739714384078979492e+00,6.872990131378173828e-01,-2.180778741836547852e+00,1.551036238670349121e+00,7.693765759468078613e-01,1.275956630706787109e+00,-8.135722875595092773e-01,-8.576484918594360352e-01,1.852589964866638184e+00,-1.114485502243041992e+00
2.249263525009155273e+00,-2.961601734161376953e+00,-8.119307756423950195e-01,2.641785144805908203e+00,-6.933928728103637695e-01,7.195995002985000610e-02,-1.350656270980834961e+00,-1.243064880371093750e+00,2.975844860076904297e+00,-3.283153772354125977e-01,-7.899025678634643555e-01,2.404997825622558594e+00,-8.334699273109436035e-01,-3.742318153381347656e-01,1.274201750755310059e+00,-1.149535298347473145e+00,-1.840974092483520508e+00,2.083650350570678711e+00,-6.596692204475402832e-01,-5.044911503791809082e-01
-2.479691028594970703e+00,-2.377763688564300537e-01,-2.460422515869140625e+00,1.416241765022277832e+00,1.453449130058288574e-01,6.746667027473449707e-01,1.872220486402511597e-01,-1.585772156715393066e+00,2.706346035003662109e+00,-1.125141859054565430e+00,-5.871371030807495117e-01,1.197439551353454590e+00,-1.755935788154602051e+00,-1.203996419906616211e+00,-2.685724973678588867e+00,3.189708590507507324e-01,-1.492120265960693359e+00,1.705170512199401855e+00,-1.307127475738525391e+00,-2.353165149688720703e-01
1.040804982185363770e+00,-1.812311530113220215e+00,-2.319411486387252808e-01,-1.556342244148254395e+00,-1.628892421722412109e+00,2.062919378280639648e+00,8.734892010688781738e-01,2.220248699188232422e+00,-1.463610976934432983e-01,-1.020295262336730957e+00,-1.833586096763610840e-01,-1.836354732513427734e+00,1.370951175689697266e+00,1.298176348209381104e-01,-8.996499776840209961e-01,-2.269694089889526367e+00,2.996074676513671875e+00,-5.006357654929161072e-02,-2.247937917709350586e+00,-1.813100457191467285e+00
2.631440162658691406e+00,-2.130736589431762695e+00,-3.590553104877471924e-01,1.669263005256652832e+00,1.608793735504150391e+00,-1.009172797203063965e+00,-4.744576811790466309e-01,1.547153234481811523e+00,2.964131116867065430e+00,1.410020351409912109e+00,1.414704203605651855e+00,2.704897165298461914e+00,2.493489027023315430e+00,-1.283597469329833984e+00,-4.624859392642974854e-01,3.811638653278350830e-01,-2.241377592086791992e+00,-1.188506364822387695e+00,-9.682067036628723145e-01,1.352062940597534180e+00
2.841480731964111328e+00,1.296156525611877441e+00,-6.797223687171936035e-01,2.550425827503204346e-01,-2.264194965362548828e+00,-2.051898479461669922e+00,2.431031703948974609e+00,1.904481768608093262e+00,2.331663370132446289e+00,1.033416867256164551e+00,7.428478002548217773e-01,2.493578672409057617e+00,-1.596907854080200195e+00,-1.520320534706115723e+00,1.283854961395263672e+00,-9.083378314971923828e-01,-6.468554735183715820e-01,2.585729122161865234e+00,-1.223155498504638672e+00,-1.842680215835571289e+00
1.930077373981475830e-01,2.791370868682861328e+00,-1.416586160659790039e+00,5.879823565483093262e-01,-2.070276260375976562e+00,2.468003511428833008e+00,1.372978448867797852e+00,1.619064688682556152e+00,-7.435727119445800781e-02,1.300911068916320801e+00,1.327298402786254883e+00,-2.344694614410400391e+00,-4.869629740715026855e-01,-6.087561249732971191e-01,-1.509861230850219727e+00,2.477862834930419922e+00,1.821082592010498047e+00,-8.975233882665634155e-02,-1.338511824607849121e+00,-2.488462924957275391e+00
-1.075495243072509766e+00,-9.641984701156616211e-01,-1.387409448623657227e+00,-2.482233047485351562e-01,-2.862534523010253906e+00,2.783150076866149902e-01,-6.393476575613021851e-02,1.613984465599060059e+00,-2.848977148532867432e-01,-8.629304356873035431e-03,5.068237781524658203e-01,1.825064778327941895e+00,-5.166223645210266113e-01,1.338720083236694336e+00,-1.948931813240051270e+00,8.981843590736389160e-01,-4.970999360084533691e-01,-2.094058752059936523e+00,2.235836237668991089e-01,-1.404302835464477539e+00
-7.166544198989868164e-01,2.660725414752960205e-01,9.303820729255676270e-01,-2.213924407958984375e+00,-2.434447221457958221e-02,1.192049622535705566e+00,7.212463617324829102e-01,-2.181925252079963684e-02,-2.289091825485229492e+00,-1.784154921770095825e-01,3.775329291820526123e-01,-2.263489484786987305e+00,-1.080724835395812988e+00,-1.555750966072082520e+00,-1.372114010155200958e-02,-2.449840784072875977e+00,1.435871601104736328e+00,-9.526028037071228027e-01,-2.031425952911376953e+00,-1.399858474731445312e+00
1.850154876708984375e+00,1.958942174911499023e+00,-2.863796234130859375e+00,1.764386177062988281e+00,8.969684243202209473e-01,2.022105216979980469e+00,-2.054016590118408203e+00,-1.588593125343322754e+00,-8.460619449615478516e-01,1.921772658824920654e-01,5.948333144187927246e-01,-1.896422863006591797e+00,-9.468085169792175293e-01,-2.473881959915161133e+00,2.584698915481567383e+00,2.133225440979003906e+00,-1.619208902120590210e-01,4.182873964309692383e-01,-7.789821028709411621e-01,6.140115857124328613e-02
2.707703590393066406e+00,1.662473797798156738e+00,-5.461515188217163086e-01,-1.814377188682556152e+00,-1.406603693962097168e+00,1.897335499525070190e-01,-1.872307777404785156e+00,-1.306584000587463379e+00,-2.113510131835937500e+00,-7.875515818595886230e-01,-3.591435551643371582e-01,-1.485153436660766602e+00,-2.191196203231811523e+00,-1.319563984870910645e+00,1.649095058441162109e+00,9.287850856781005859e-01,1.503000020980834961e+00,-1.113105893135070801e+00,-2.140169620513916016e+00,-1.829151630401611328e+00
1.279419064521789551e+00,-2.245230913162231445e+00,4.385220706462860107e-01,5.884916186332702637e-01,6.716721057891845703e-01,8.393368721008300781e-01,-1.482632398605346680e+00,3.700847625732421875e-01,3.838312327861785889e-01,1.600119352340698242e+00,-8.118486404418945312e-01,8.023769259452819824e-01,-2.757579803466796875e+00,2.771580033004283905e-02,-9.313758611679077148e-01,-2.549042701721191406e+00,2.605628013610839844e+00,-7.093864083290100098e-01,-2.805094480514526367e+00,-8.157252520322799683e-02
7.424649596214294434e-01,-9.309235811233520508e-01,1.033000946044921875e+00,-1.297708034515380859e+00,-2.698739051818847656e+00,-1.148531317710876465e+00,6.622102260589599609e-01,-1.587213158607482910e+00,-2.953605651855468750e+00,-7.934167385101318359e-01,1.980054020881652832e+00,-1.561326980590820312e+00,-1.385233640670776367e+00,1.595159649848937988e+00,-3.754229843616485596e-01,-2.837714195251464844e+00,8.390376567840576172e-01,-2.582440078258514404e-01,9.660889506340026855e-01,-2.717033863067626953e+00
3.612934947013854980e-01,-2.557214021682739258e+00,-8.524405956268310547e-01,-2.093518257141113281e+00,1.418330073356628418e-01,-1.619809746742248535e+00,1.496934652328491211e+00,1.319727778434753418e+00,-3.176611065864562988e-01,-2.729942798614501953e+00,1.557597815990447998e-01,3.994692564010620117e-01,-2.340428113937377930e+00,-1.465218663215637207e+00,-6.174392700195312500e-01,-2.842968225479125977e+00,-1.258151769638061523e+00,4.268791973590850830e-01,-7.939478754997253418e-01,2.721761465072631836e+00
1.384397745132446289e+00,1.962519526481628418e+00,7.548870444297790527e-01,-1.646734952926635742e+00,-1.324301213026046753e-01,-1.335728764533996582e+00,-9.623112678527832031e-01,2.994116544723510742e+00,5.899561643600463867e-01,4.088743031024932861e-01,9.233136773109436035e-01,-1.561522960662841797e+00,-8.323287963867187500e-01,-2.515652418136596680e+00,-1.973141670227050781e+00,2.489329099655151367e+00,-2.706370592117309570e+00,2.022857069969177246e-01,5.539949536323547363e-01,-1.256185173988342285e-01
-1.686761260032653809e+00,-4.618403613567352295e-01,-2.842430353164672852e+00,-4.864233136177062988e-01,-1.717259168624877930e+00,1.956332206726074219e+00,5.555055737495422363e-01,-8.111092448234558105e-01,-2.825050354003906250e+00,1.678343415260314941e+00,-3.266461491584777832e-01,1.595830798149108887e+00,-3.530713021755218506e-01,-4.029663503170013428e-01,1.683435082435607910e+00,-2.073494672775268555e+00,1.277419209480285645e+00,3.529383614659309387e-02,6.982664465904235840e-01,-2.589791536331176758e+00
1.123601123690605164e-01,3.409529030323028564e-01,-8.712753653526306152e-01,-1.336335483938455582e-02,-1.622900366783142090e+00,6.707708239555358887e-01,1.343854069709777832e+00,2.950497388839721680e+00,1.002535820007324219e+00,-1.602231264114379883e-01,2.588105440139770508e+00,-9.576665163040161133e-01,-1.459721446037292480e+00,9.688001275062561035e-01,2.684701681137084961e-01,1.655826687812805176e+00,2.344770431518554688e-01,1.236021995544433594e+00,6.221810579299926758e-01,-8.883751630783081055e-01
-8.863467574119567871e-01,-1.793673753738403320e+00,1.290385603904724121e+00,1.668879985809326172e+00,-3.156845569610595703e-01,3.697088956832885742e-01,-1.875905394554138184e-01,-9.638375639915466309e-01,-2.640892505645751953e+00,-1.492388844490051270e+00,-4.912964701652526855e-01,-1.173195004463195801e+00,1.397309541702270508e+00,2.759720563888549805e+00,-2.146144151687622070e+00,-1.501645684242248535e+00,1.398228526115417480e+00,-3.447678387165069580e-01,-1.836907267570495605e+00,1.745283007621765137e+00
5.990041494369506836e-01,-2.907875776290893555e+00,-1.662927031517028809e+00,2.078136682510375977e+00,6.686326265335083008e-01,2.714028596878051758e+00,-1.288418173789978027e+00,-1.180296421051025391e+00,1.607174992561340332e+00,-4.727210104465484619e-02,-1.099962711334228516e+00,1.042739272117614746e+00,-2.198220789432525635e-01,-3.017318621277809143e-02,4.192260503768920898e-01,-3.286763131618499756e-01,1.603105068206787109e+00,-2.267714142799377441e-01,-1.824485421180725098e+00,4.432983696460723877e-01
-1.283632993698120117e+00,-1.269017010927200317e-01,-1.083857893943786621e+00,-1.405017495155334473e+00,-1.230781555175781250e+00,2.357875347137451172e+00,-1.185611844062805176e+00,1.656494498252868652e+00,-3.556050658226013184e-01,7.150009870529174805e-01,6.247931718826293945e-01,2.102707147598266602e+00,1.515404105186462402e+00,2.573554754257202148e+00,-9.781829118728637695e-01,9.702378511428833008e-01,8.987523913383483887e-01,2.464846372604370117e-01,-6.138727068901062012e-01,8.978141546249389648e-01
1.838694691658020020e+00,-2.687845751643180847e-02,1.437083840370178223e+00,5.576694607734680176e-01,-9.739396572113037109e-01,1.237447500228881836e+00,-1.154748082160949707e+00,2.819059848785400391e+00,-1.962524890899658203e+00,-9.822490215301513672e-01,7.525711506605148315e-02,1.983540415763854980e+00,4.116208553314208984e-01,-3.353642821311950684e-01,-1.133263707160949707e+00,-2.952414274215698242e+00,2.935746431350708008e+00,1.404566407203674316e+00,-1.510337829589843750e+00,-6.663292646408081055e-01
2.305861189961433411e-02,8.790616989135742188e-01,8.894233107566833496e-01,-5.374960899353027344e-01,2.031307220458984375e+00,1.119787812232971191e+00,5.611624121665954590e-01,2.354813814163208008e+00,9.300137311220169067e-02,-2.714936733245849609e+00,3.514252901077270508e-01,1.837507963180541992e+00,-1.831886768341064453e+00,2.890364646911621094e+00,1.420216560363769531e+00,-6.843160986900329590e-01,7.109467983245849609e-01,-5.254388451576232910e-01,-1.883082032203674316e+00,-2.440881967544555664e+00
7.674936056137084961e-01,2.654557704925537109e+00,2.033020734786987305e+00,6.940748095512390137e-01,-1.230775937438011169e-01,-4.293580353260040283e-01,-2.531246423721313477e+00,-1.788482666015625000e+00,1.106677293777465820e+00,9.993925094604492188e-01,-9.425810724496841431e-02,-1.331109762191772461e+00,3.843138813972473145e-01,1.567498922348022461e+00,-2.148760318756103516e+00,3.485887646675109863e-01,-2.357167243957519531e+00,1.946768403053283691e+00,-1.729159355163574219e+00,-2.836247920989990234e+00
-7.629439234733581543e-02,-6.899957656860351562e-01,2.522046804428100586e+00,1.148171901702880859e+00,3.849775195121765137e-01,-1.503158330917358398e+00,-1.801998138427734375e+00,-3.264055848121643066e-01,-2.633226394653320312e+00,1.967644333839416504e+00,-1.699656724929809570e+00,2.193840742111206055e-01,-2.399917364120483398e+00,2.078185081481933594e+00,-5.447292923927307129e-01,-4.153531491756439209e-01,-6.731697916984558105e-01,-1.251749634742736816e+00,2.401021420955657959e-01,-1.667553782463073730e+00
-1.731857776641845703e+00,9.830073714256286621e-01,-6.963069438934326172e-01,2.199572801589965820e+00,-1.204131126403808594e+00,2.288191020488739014e-01,9.387648105621337891e-01,3.680731356143951416e-01,-1.633101701736450195e+00,2.069670200347900391e+00,1.777427911758422852e+00,-1.968698740005493164e+00,1.545534372329711914e+00,-2.484712839126586914e+00,2.699542045593261719e+00,1.170034781098365784e-01,-2.954362869262695312e+00,-1.762904286384582520e+00,-1.755782604217529297e+00,-2.351575851440429688e+00
-1.268704771995544434e+00,-5.827943682670593262e-01,-1.422196865081787109e+00,2.154144525527954102e+00,-1.890993237495422363e+00,2.706730842590332031e+00,-1.082379817962646484e+00,-9.580691456794738770e-01,-1.745924711227416992e+00,-2.211590528488159180e+00,8.541417121887207031e-02,-2.526712656021118164e+00,-1.078078269958496094e+00,-5.985570549964904785e-01,-1.233369827270507812e+00,-5.780214667320251465e-01,-1.033394217491149902e+00,-6.157642006874084473e-01,6.888253688812255859e-01,6.887236237525939941e-01
-1.564519166946411133e+00,9.976509809494018555e-01,-2.276454925537109375e+00,1.384772181510925293e+00,-1.518532276153564453e+00,2.138386487960815430e+00,2.081401824951171875e+00,-5.743473768234252930e-01,-2.387302637100219727e+00,1.541002746671438217e-02,-5.434347987174987793e-01,-2.083937406539916992e+00,9.968047738075256348e-01,1.407107710838317871e+00,-2.343584060668945312e+00,-1.855350136756896973e+00,-1.977403283119201660e+00,2.242921113967895508e+00,2.673653841018676758e+00,7.230916023254394531e-01
-2.398879289627075195e+00,-4.072575271129608154e-01,-9.638385772705078125e-01,5.812692046165466309e-01,-2.113864183425903320e+00,1.699676036834716797e+00,2.176039934158325195e+00,-1.443500280380249023e+00,-1.448072671890258789e+00,-9.263179302215576172e-01,1.941061496734619141e+00,-1.102302074432373047e+00,2.986535131931304932e-01,3.025945127010345459e-01,-1.361948966979980469e+00,-1.177488088607788086e+00,-5.556225776672363281e-01,-3.850866556167602539e-01,7.077196836471557617e-01,1.292637467384338379e+00
-4.017789661884307861e-01,1.909351348876953125e+00,1.542396783828735352e+00,1.966333150863647461e+00,4.926401749253273010e-02,1.435639381408691406e+00,1.493054032325744629e+00,-6.454772949218750000e-01,-2.576494693756103516e+00,-2.349047660827636719e+00,-1.805589795112609863e+00,2.704512834548950195e+00,2.785859107971191406e+00,-1.634615778923034668e+00,9.141654521226882935e-02,1.224031090736389160e+00,-2.075440168380737305e+00,-4.123860001564025879e-01,-2.212520360946655273e+00,-1.155723571777343750e+00
4.749526679515838623e-01,-2.618563413619995117e+00,-1.791498184204101562e+00,-3.713004887104034424e-01,1.869017481803894043e+00,1.170162439346313477e+00,1.541720151901245117e+00,1.363878607749938965e+00,-1.758327126502990723e+00,1.961155891418457031e+00,-6.497219204902648926e-01,-7.663240432739257812e-01,-1.763073205947875977e+00,-1.105883479118347168e+00,-1.518532395362854004e+00,1.926275372505187988e+00,1.254074811935424805e+00,-2.266602993011474609e+00,-6.721084117889404297e-01,1.833142191171646118e-01
-1.008714437484741211e+00,7.788791656494140625e-01,9.908901453018188477e-01,2.839809894561767578e+00,1.484016537666320801e+00,-1.346848845481872559e+00,2.616261959075927734e+00,2.709896326065063477e+00,1.943933844566345215e+00,1.171357154846191406e+00,-1.180319190025329590e+00,2.784479141235351562e+00,-4.521946907043457031e-01,2.938771724700927734e+00,-2.126930505037307739e-01,-2.575911283493041992e+00,-3.026719987392425537e-01,1.235657185316085815e-01,-2.076045751571655273e+00,-7.145175337791442871e-01
5.854451656341552734e-01,-2.706194400787353516e+00,-8.825267665088176727e-03,1.817548394203186035e+00,-3.836432397365570068e-01,1.188193321228027344e+00,4.649545848369598389e-01,-1.159011363983154297e+00,1.669353246688842773e+00,-1.442969083786010742e+00,8.542799949645996094e-01,2.855880975723266602e+00,-5.133193731307983398e-01,-5.547522902488708496e-01,-7.475631833076477051e-01,4.425007104873657227e-01,-1.117214322090148926e+00,-1.790750026702880859e-01,-9.692546129226684570e-01,2.420633077621459961e+00
-4.105368852615356445e-01,1.039918541908264160e+00,-2.362937688827514648e+00,-2.090491533279418945e+00,-2.390541315078735352e+00,1.068992853164672852e+00,-6.916838288307189941e-01,1.731320381164550781e+00,-5.198388099670410156e-01,2.932944297790527344e-01,-2.844840049743652344e+00,2.781751632690429688e+00,-1.185266613960266113e+00,-1.182660341262817383e+00,-2.057322502136230469e+00,-1.087420105934143066e+00,1.821786880493164062e+00,3.750926256179809570e-01,-1.424089312553405762e+00,8.665346503257751465e-01
-8.755173087120056152e-01,2.485087394714355469e+00,-4.434723556041717529e-01,-2.252503871917724609e+00,9.915785193443298340e-01,3.375118076801300049e-01,-2.075550556182861328e+00,1.290308833122253418e+00,7.164284586906433105e-02,-1.875948011875152588e-01,-2.107519149780273438e+00,1.545878648757934570e+00,-1.326900571584701538e-01,1.344346642494201660e+00,-1.460864543914794922e+00,-1.194160819053649902e+00,-2.735805988311767578e+00,-2.008176803588867188e+00,-2.606882572174072266e+00,-1.489917159080505371e+00
-1.244735836982727051e+00,2.408489227294921875e+00,-2.955166816711425781e+00,2.351235866546630859e+00,2.767015695571899414e-01,2.431145429611206055e+00,2.979959964752197266e+00,2.726247549057006836e+00,1.660116076469421387e+00,-9.169176965951919556e-02,-2.534353733062744141e+00,-1.713445901870727539e+00,2.186098575592041016e+00,9.290184378623962402e-01,-2.518078088760375977e+00,2.556456089019775391e+00,2.052872925996780396e-01,3.433556258678436279e-01,-1.954812526702880859e+00,-1.389161109924316406e+00
2.737797021865844727e+00,2.181304931640625000e+00,1.104110956192016602e+00,-1.638944149017333984e+00,1.416625618934631348e+00,2.211791276931762695e+00,-1.912640810012817383e+00,2.821179389953613281e+00,1.794139981269836426e+00,8.711360394954681396e-02,3.928212523460388184e-01,2.026942729949951172e+00,1.413913816213607788e-01,2.526422977447509766e+00,8.837285637855529785e-01,-1.351440906524658203e+00,-1.833644747734069824e+00,2.122012138366699219e+00,2.071269512176513672e+00,-1.485295176506042480e+00
1.905913352966308594e+00,2.331846237182617188e+00,-2.266731500625610352e+00,1.478375077247619629e+00,5.186526179313659668e-01,9.669140726327896118e-02,-6.453316807746887207e-01,-1.159570217132568359e+00,-2.636109292507171631e-01,1.739692389965057373e-01,-2.612984776496887207e-01,7.767651081085205078e-01,-8.805564641952514648e-01,2.160739153623580933e-01,-2.982125997543334961e+00,-3.782247304916381836e-01,-2.334772109985351562e+00,1.207230329513549805e+00,1.033569097518920898e+00,1.821733832359313965e+00
-2.091606378555297852e+00,-1.245059967041015625e+00,-2.607005119323730469e+00,-1.868974089622497559e+00,-1.296599864959716797e+00,1.112441793084144592e-01,-7.216216921806335449e-01,-1.005589962005615234e+00,1.836177825927734375e+00,9.519611001014709473e-01,1.938403487205505371e+00,1.254373669624328613e+00,-1.216370463371276855e+00,4.708381295204162598e-01,9.944601655006408691e-01,-7.711600661277770996e-01,-2.366066455841064453e+00,1.409251570701599121e+00,1.141943931579589844e+00,-1.982288837432861328e+00
7.479237318038940430e-01,6.696477532386779785e-01,8.103568553924560547e-01,1.457400202751159668e+00,-2.057405471801757812e+00,-3.920335471630096436e-01,-2.114627838134765625e+00,-8.153344690799713135e-02,-1.007721066474914551e+00,-1.024547934532165527e+00,-3.191512823104858398e-01,2.470519304275512695e+00,3.382149338722229004e-01,1.198469996452331543e+00,1.014237999916076660e-01,-1.909510135650634766e+00,-1.570291161537170410e+00,5.726948380470275879e-01,-1.001124024391174316e+00,-5.376185178756713867e-01
2.317671775817871094e+00,-1.473908424377441406e+00,-2.163717985153198242e+00,2.094496011734008789e+00,5.086692422628402710e-02,-1.098168611526489258e+00,-1.601921081542968750e+00,-7.193914651870727539e-01,-8.256058692932128906e-01,-2.396771669387817383e+00,-1.823311924934387207e+00,-1.176742315292358398e+00,-2.820740461349487305e+00,-6.194704174995422363e-01,1.475620865821838379e+00,-1.730623602867126465e+00,5.814137458801269531e-01,-1.443709135055541992e+00,5.207868814468383789e-01,1.282956637442111969e-02
-1.277212858200073242e+00,2.021247148513793945e+00,-2.712325811386108398e+00,1.664449095726013184e+00,1.189744710922241211e+00,2.382620811462402344e+00,1.686265587806701660e+00,2.330870866775512695e+00,-1.995682239532470703e+00,-1.152180910110473633e+00,-1.884176850318908691e+00,2.570387125015258789e+00,-9.880928695201873779e-02,1.225316286087036133e+00,-9.262406229972839355e-01,-2.548802852630615234e+00,1.312508463859558105e+00,-1.643922209739685059e+00,-5.137416720390319824e-01,1.237843036651611328e+00
-2.547492086887359619e-01,-2.051423311233520508e+00,1.080194190144538879e-01,2.699081659317016602e+00,-2.418814226984977722e-02,-2.170038938522338867e+00,5.784512162208557129e-01,-1.093372941017150879e+00,2.546770334243774414e+00,-8.089207410812377930e-01,6.829614043235778809e-01,2.520115137100219727e+00,8.800965547561645508e-01,-9.192677736282348633e-01,2.279012918472290039e+00,-1.301030874252319336e+00,-2.024420499801635742e+00,-8.972485661506652832e-01,8.168404102325439453e-01,-2.420369386672973633e-01
-4.148262143135070801e-01,-2.006057977676391602e+00,1.271063685417175293e+00,3.342307507991790771e-01,2.521204233169555664e+00,1.357220172882080078e+00,-2.882319211959838867e+00,-8.702974915504455566e-01,5.056262016296386719e-02,-1.182170987129211426e+00,-1.971821308135986328e+00,-8.472956418991088867e-01,2.701262712478637695e+00,-7.770464420318603516e-01,3.895277380943298340e-01,-2.132099390029907227e+00,-2.710811614990234375e+00,-4.327328801155090332e-01,7.377541065216064453e-01,-2.995238304138183594e+00
-1.824116826057434082e+00,-4.651114940643310547e-01,-2.506345033645629883e+00,2.180087089538574219e+00,-2.291535615921020508e+00,-5.959101319313049316e-01,2.356078863143920898e+00,1.544587314128875732e-01,-1.378331899642944336e+00,-1.500344634056091309e+00,2.531840801239013672e-01,2.811363697052001953e+00,6.173247098922729492e-01,-1.502102613449096680e+00,2.369354486465454102e+00,-1.572652578353881836e+00,-7.694380879402160645e-01,-9.917152523994445801e-01,-2.172167062759399414e+00,2.432404041290283203e+00
-1.153805479407310486e-01,1.546534419059753418e+00,3.844110965728759766e-01,1.639022707939147949e+00,-1.269489407539367676e+00,7.035931944847106934e-01,-4.673491716384887695e-01,1.522016882896423340e+00,2.405709028244018555e+00,-1.333685636520385742e+00,3.729039728641510010e-01,-6.808146089315414429e-02,-2.058435201644897461e+00,-2.670704126358032227e+00,-1.396256923675537109e+00,2.494558334350585938e+00,-2.974792003631591797e+00,-3.870976865291595459e-01,8.140727281570434570e-01,-1.397128462791442871e+00
-1.700662374496459961e+00,1.750790357589721680e+00,3.047058284282684326e-01,-2.913977384567260742e+00,3.906137943267822266e-01,2.505892038345336914e+00,8.382641077041625977e-01,1.712916493415832520e+00,-9.556635022163391113e-01,-1.314467191696166992e+00,-2.168145656585693359e+00,7.168994545936584473e-01,-5.867330431938171387e-01,-1.653137564659118652e+00,-2.536507129669189453e+00,7.042222619056701660e-01,-9.642791002988815308e-02,-4.987529516220092773e-01,-8.035677075386047363e-01,-2.697433948516845703e+00
-1.170867443084716797e+00,-6.919229626655578613e-01,-1.341347813606262207e+00,1.350962042808532715e+00,7.429935932159423828e-01,1.185651063919067383e+00,-1.356563210487365723e+00,-1.082949280738830566e+00,2.414585798978805542e-01,-6.111891865730285645e-01,-5.773964524269104004e-01,6.539930105209350586e-01,-2.462242364883422852e+00,-1.934636682271957397e-01,-4.321113228797912598e-01,-2.051338672637939453e+00,-2.689317762851715088e-01,1.640741586685180664e+00,1.576003074645996094e+00,-1.768494099378585815e-01
1.744127035140991211e+00,1.916685461997985840e+00,-8.452340364456176758e-01,1.442268639802932739e-01,1.466816306114196777e+00,7.948011159896850586e-01,-2.392546892166137695e+00,-9.101869463920593262e-01,1.313977241516113281e+00,-1.715075373649597168e+00,2.447056531906127930e+00,8.206709027290344238e-01,-6.260997653007507324e-01,-5.773301720619201660e-01,-6.561360359191894531e-01,-6.112700104713439941e-01,-2.524441719055175781e+00,6.359460949897766113e-01,-5.569858551025390625e-01,5.733718276023864746e-01
-1.908390522003173828e-01,3.832929730415344238e-01,-1.637200832366943359e+00,1.045160442590713501e-01,-1.804385542869567871e+00,-1.050037384033203125e+00,-2.864531993865966797e+00,-3.056972473859786987e-02,-2.830455064773559570e+00,5.540602207183837891e-01,1.675179243087768555e+00,-1.742487549781799316e+00,2.722850084304809570e+00,1.376552224159240723e+00,1.804716587066650391e+00,6.420821547508239746e-01,-2.828125000000000000e+00,-2.494402170181274414e+00,1.546906590461730957e+00,-5.427504181861877441e-01
-1.962320208549499512e+00,-2.662248134613037109e+00,9.374979734420776367e-01,-2.148359268903732300e-02,-2.532761096954345703e+00,-1.231558561325073242e+00,-4.279229938983917236e-01,-1.556682772934436798e-02,-2.791549205780029297e+00,-2.619105577468872070e+00,-1.149131536483764648e+00,2.202288627624511719e+00,-3.632223308086395264e-01,-8.996980190277099609e-01,2.570555925369262695e+00,-2.950796842575073242e+00,2.669931650161743164e+00,-8.722792267799377441e-01,-2.840648889541625977e+00,3.501386046409606934e-01
1.321513652801513672e+00,-1.556043744087219238e+00,-1.026632905006408691e+00,6.550832092761993408e-02,2.948158502578735352e+00,-2.566851615905761719e+00,-7.467408776283264160e-01,-8.550830185413360596e-02,-6.962656378746032715e-01,-1.545251607894897461e-01,3.910749852657318115e-01,2.158548831939697266e+00,2.045682907104492188e+00,2.624825000762939453e+00,1.483664870262145996e+00,-1.224186778068542480e+00,-1.787563920021057129e+00,-8.031123876571655273e-01,-2.472000360488891602e+00,-2.591412782669067383e+00
-1.617568850517272949e+00,-1.120174765586853027e+00,-7.101428508758544922e-01,2.737382650375366211e+00,2.268608063459396362e-01,1.104108214378356934e+00,1.768331527709960938e+00,1.468082666397094727e+00,-2.107801198959350586e+00,-2.718681812286376953e+00,-2.530578136444091797e+00,1.138091981410980225e-01,-2.579889774322509766e+00,-1.180022120475769043e+00,-1.289968132972717285e+00,-1.368250727653503418e+00,3.327663242816925049e-01,-3.358641266822814941e-02,-2.201350212097167969e+00,-2.987720966339111328e-01
-1.084869742393493652e+00,5.228154063224792480e-01,8.196910619735717773e-01,-7.148025631904602051e-01,7.096309661865234375e-01,7.183020114898681641e-01,7.624050378799438477e-01,2.059461355209350586e+00,3.195748031139373779e-01,-1.787495732307434082e+00,1.058889031410217285e+00,7.237220406532287598e-01,2.543137788772583008e+00,2.117654383182525635e-01,8.860021829605102539e-03,2.178713530302047729e-01,-5.602551102638244629e-01,2.313484847545623779e-01,-2.460553884506225586e+00,-2.865974903106689453e+00
1.209334731101989746e+00,5.788330435752868652e-01,-1.176109790802001953e+00,-2.497478246688842773e+00,-2.709433078765869141e+00,1.214652895927429199e+00,-2.203194141387939453e+00,-1.697298049926757812e+00,5.926709175109863281e-01,1.404343008995056152e+00,-1.974772095680236816e+00,-2.341845333576202393e-01,-2.729522466659545898e+00,2.061797618865966797e+00,2.212517499923706055e+00,4.360142648220062256e-01,1.035235896706581116e-01,1.942766666412353516e+00,-2.068326473236083984e+00,-2.794516801834106445e+00
1.329949498176574707e+00,-2.656385660171508789e+00,-1.672226071357727051e+00,-1.803400993347167969e+00,-1.995861411094665527e+00,-2.035495042800903320e+00,-1.757898569107055664e+00,-2.188904047012329102e+00,-1.256608843803405762e+00,-2.511431694030761719e+00,3.621771037578582764e-01,-1.187727451324462891e+00,-1.768041253089904785e+00,-2.487616389989852905e-01,1.160192728042602539e+00,-2.644292116165161133e+00,-1.324464678764343262e+00,-1.003487825393676758e+00,-2.393940687179565430e+00,9.809167385101318359e-01
7.046946138143539429e-02,1.030065894126892090e+00,-2.493038654327392578e+00,1.040292859077453613e+00,-2.969421625137329102e+00,7.794477343559265137e-01,2.019282341003417969e+00,-1.285267233848571777e+00,5.623997449874877930e-01,-8.486415743827819824e-01,3.803493827581405640e-02,3.773213028907775879e-01,1.401836872100830078e+00,-4.712874293327331543e-01,-4.658124446868896484e-01,-1.377832889556884766e+00,-1.707133054733276367e+00,1.225766301155090332e+00,-4.904206693172454834e-01,-4.940444827079772949e-01
6.909962892532348633e-01,9.622724652290344238e-01,-1.396493315696716309e+00,-2.721096277236938477e+00,-1.741436421871185303e-01,4.684102907776832581e-02,-1.704670310020446777e+00,-1.417550086975097656e+00,-8.470068573951721191e-01,-1.580198526382446289e+00,1.459456443786621094e+00,-6.460469961166381836e-01,-2.753143548965454102e+00,-1.631197780370712280e-01,5.725113749504089355e-01,6.356557607650756836e-01,-3.054670691490173340e-01,3.240866065025329590e-01,-2.452854394912719727e+00,-2.535311222076416016e+00
-8.694544434547424316e-01,1.097758933901786804e-01,1.159628868103027344e+00,6.862028241157531738e-01,-1.213925242424011230e+00,-2.611207485198974609e+00,-6.625658869743347168e-01,2.210368871688842773e+00,2.270326852798461914e+00,-2.527934789657592773e+00,-2.181356191635131836e+00,-2.933581471443176270e-01,-1.402201175689697266e+00,-1.555802702903747559e+00,-2.883607625961303711e+00,-2.690519809722900391e+00,-4.581866264343261719e-01,1.736303687095642090e+00,-2.028051137924194336e+00,9.836218357086181641e-01
1.492674231529235840e+00,-2.443423509597778320e+00,-1.739631652832031250e+00,-8.131779432296752930e-01,1.944038987159729004e+00,2.176546096801757812e+00,-2.282425403594970703e+00,1.081287503242492676e+00,-5.833706259727478027e-01,9.015251994132995605e-01,9.101713895797729492e-01,-6.361879706382751465e-01,-2.121366024017333984e+00,-2.538030862808227539e+00,2.085830926895141602e+00,-4.024415612220764160e-01,2.900348603725433350e-01,-2.833906650543212891e+00,3.885976970195770264e-01,1.650590419769287109e+00
2.041363000869750977e+00,-2.458201408386230469e+00,2.231788873672485352e+00,8.560503721237182617e-01,6.434390544891357422e-01,1.864899992942810059e+00,1.288096785545349121e+00,2.182455539703369141e+00,-2.882720232009887695e+00,2.203027486801147461e+00,2.205395460128784180e+00,2.745477199554443359e+00,4.676579833030700684e-01,2.378638744354248047e+00,1.432294607162475586e+00,1.360953927040100098e+00,5.936638712882995605e-01,-1.108105555176734924e-01,-2.368417024612426758e+00,-1.544232368469238281e+00
-6.649228334426879883e-01,8.351483941078186035e-01,6.790321469306945801e-01,-9.757751226425170898e-01,-4.414099752902984619e-01,3.923459053039550781e-01,-6.338748335838317871e-01,-9.447785019874572754e-01,-1.271824073046445847e-02,1.290937304496765137e+00,-3.689261972904205322e-01,-4.210589826107025146e-01,2.464687108993530273e+00,-5.323407053947448730e-01,-1.082400560379028320e+00,1.912850737571716309e+00,-2.569919347763061523e+00,-1.160190343856811523e+00,1.869064271450042725e-01,-2.994292020797729492e+00
2.645937681198120117e+00,-1.679489254951477051e+00,1.494967937469482422e-01,2.999273300170898438e+00,-2.480436563491821289e+00,-2.521641254425048828e+00,7.026637196540832520e-01,1.768583655357360840e+00,2.985963582992553711e+00,-1.645813822746276855e+00,1.729618310928344727e+00,-2.099377870559692383e+00,2.929163932800292969e+00,-5.370516777038574219e-01,1.192154645919799805e+00,-1.743060708045959473e+00,-1.481092929840087891e+00,1.946637988090515137e+00,-4.861156046390533447e-01,-2.576165676116943359e+00
-1.195843070745468140e-01,1.600958704948425293e+00,2.584156990051269531e+00,-3.670451343059539795e-01,-1.554919958114624023e+00,2.526050806045532227e+00,1.354032754898071289e+00,-2.742647886276245117e+00,-2.964107394218444824e-01,2.528906583786010742e+00,-8.905424475669860840e-01,2.981180667877197266e+00,-2.517648935317993164e-01,-1.873459935188293457e+00,-8.076137900352478027e-01,-2.932057380676269531e-01,-9.217793941497802734e-01,3.944326937198638916e-01,1.121890321373939514e-01,-6.548692584037780762e-01
2.611147165298461914e+00,5.388234853744506836e-01,2.993036508560180664e-01,-1.968238949775695801e-01,-6.095470190048217773e-01,1.903662919998168945e+00,1.419606328010559082e+00,1.328583955764770508e+00,-5.707213878631591797e-01,-1.734119415283203125e+00,-1.329775810241699219e+00,2.503002643585205078e+00,-4.510261118412017822e-01,-2.645894289016723633e+00,-1.461110234260559082e+00,-8.601528406143188477e-01,-1.877854704856872559e+00,1.029416203498840332e+00,1.566314458847045898e+00,-3.312535881996154785e-01
2.738901615142822266e+00,1.135313868522644043e+00,1.442460894584655762e+00,4.567146003246307373e-01,-5.349839329719543457e-01,8.748314976692199707e-01,1.995327234268188477e+00,1.196898519992828369e-01,-1.625960826873779297e+00,-2.142565399408340454e-01,1.552366971969604492e+00,1.445408105850219727e+00,-8.419860601425170898e-01,2.396069049835205078e+00,1.511084884405136108e-01,5.421093106269836426e-01,-2.941715240478515625e+00,6.669063568115234375e-01,6.518952846527099609e-01,-2.720897674560546875e+00
5.301410555839538574e-01,2.289501667022705078e+00,-5.023530721664428711e-01,-1.917118906974792480e+00,8.706851005554199219e-01,-1.351171731948852539e-01,-1.950231432914733887e+00,-5.751985311508178711e-01,-1.046227693557739258e+00,8.508784770965576172e-01,3.626484870910644531e-01,1.326285839080810547e+00,1.056668281555175781e+00,-1.473333358764648438e+00,-2.749172687530517578e+00,-2.494800329208374023e+00,-2.305170536041259766e+00,2.780655860900878906e+00,3.617581427097320557e-01,2.992596030235290527e-01
1.627857387065887451e-01,-1.363599300384521484e+00,6.449963450431823730e-01,7.827623486518859863e-01,-2.863065958023071289e+00,2.171931743621826172e+00,6.193614006042480469e-01,-8.129459619522094727e-01,-2.669734239578247070e+00,-7.820812463760375977e-01,2.444268763065338135e-01,-2.782750368118286133e+00,1.294320940971374512e+00,5.193752646446228027e-01,-1.299710988998413086e+00,9.654461145401000977e-01,1.366835355758666992e+00,-7.687551975250244141e-01,1.246694698929786682e-01,-8.468332290649414062e-01
-1.361062049865722656e+00,-2.841756343841552734e+00,-9.033411145210266113e-01,7.444881200790405273e-01,-3.798306882381439209e-01,1.413865327835083008e+00,-1.255842894315719604e-01,9.083203673362731934e-01,2.614146471023559570e+00,-1.058230757713317871e+00,7.959678769111633301e-01,-1.753568053245544434e+00,2.252004384994506836e+00,-2.324400901794433594e+00,7.099898457527160645e-01,-2.398267745971679688e+00,-1.195808053016662598e+00,2.477139472961425781e+00,-1.754893779754638672e+00,2.223772853612899780e-01
-7.388656735420227051e-01,-7.006132006645202637e-01,1.854283809661865234e+00,3.927507400512695312e-01,2.314376592636108398e+00,3.234207928180694580e-01,7.519905567169189453e-01,-1.729765415191650391e+00,1.139319419860839844e+00,-1.596358776092529297e+00,-1.445146083831787109e+00,5.589618682861328125e-01,-2.816292762756347656e+00,-1.390310287475585938e+00,-2.532337427139282227e+00,2.422478646039962769e-01,-2.951103687286376953e+00,8.576595038175582886e-02,-1.828096270561218262e+00,-2.644129276275634766e+00
-3.138658702373504639e-01,2.029719799757003784e-01,9.623377919197082520e-01,3.766549229621887207e-01,-2.600236415863037109e+00,2.096344232559204102e+00,1.980268836021423340e+00,-2.353269159793853760e-01,8.867796659469604492e-01,-6.338460445404052734e-01,4.976578056812286377e-01,7.579621076583862305e-01,-4.786692857742309570e-01,1.043153047561645508e+00,1.315068364143371582e+00,-3.872551769018173218e-02,8.645998686552047729e-02,-1.858377337455749512e+00,4.871910810470581055e-01,-7.447562217712402344e-01
-5.215436965227127075e-02,-1.779462099075317383e+00,-1.272157549858093262e+00,-1.386681497097015381e-01,-2.009137868881225586e+00,2.679825544357299805e+00,1.408780515193939209e-01,1.790447473526000977e+00,-8.072118759155273438e-01,-8.309885263442993164e-01,3.992951512336730957e-01,-2.397526741027832031e+00,2.329929471015930176e-01,-2.800043106079101562e+00,2.066556930541992188e+00,9.560103416442871094e-01,9.503727555274963379e-01,-1.460661053657531738e+00,-1.201917409896850586e+00,1.340062618255615234e+00
-6.433551907539367676e-01,1.851256132125854492e+00,7.840225696563720703e-01,1.142064213752746582e+00,-2.885416269302368164e+00,-2.120071887969970703e+00,-1.278299450874328613e+00,-2.054676532745361328e+00,-2.963845252990722656e+00,2.171788454055786133e+00,-2.177183866500854492e+00,-9.755904227495193481e-02,2.035451650619506836e+00,9.883742332458496094e-01,-2.532565116882324219e+00,5.894470810890197754e-01,-1.526825428009033203e+00,-2.726116418838500977e+00,2.378123551607131958e-01,4.011239111423492432e-01
6.461883783340454102e-01,-4.024914503097534180e-01,-2.675938129425048828e+00,-8.867852687835693359e-01,1.402055382728576660e+00,7.636244893074035645e-01,-2.876711845397949219e+00,-3.583437502384185791e-01,4.288287833333015442e-03,-2.228477746248245239e-01,2.017083883285522461e+00,2.897675931453704834e-01,-2.606258392333984375e+00,-1.324983954429626465e+00,7.293306589126586914e-01,-1.271538734436035156e+00,4.542594775557518005e-02,5.417553782463073730e-01,4.277948737144470215e-01,-2.846314668655395508e+00
4.927558004856109619e-01,-2.572558164596557617e+00,2.727362886071205139e-02,1.107832565903663635e-01,2.660438776016235352e+00,-1.071230411529541016e+00,-1.798810958862304688e+00,1.575374126434326172e+00,1.512516736984252930e-01,-2.548784255981445312e+00,1.437546133995056152e+00,7.247897982597351074e-01,-2.719593286514282227e+00,-2.443038463592529297e+00,-1.698449730873107910e+00,2.157686054706573486e-01,-1.520405292510986328e+00,-1.727794647216796875e+00,2.094051361083984375e+00,-1.034334897994995117e+00
-2.633967399597167969e-01,1.944382190704345703e+00,-9.510444998741149902e-01,-1.427985072135925293e+00,-7.311188578605651855e-01,-8.841205388307571411e-02,5.274578928947448730e-02,-1.333830237388610840e+00,-2.609664440155029297e+00,-8.719714879989624023e-01,3.832181394100189209e-01,-5.069022178649902344e-01,7.767381072044372559e-01,-2.877579927444458008e-01,-1.905936717987060547e+00,-7.524200081825256348e-01,-2.033730268478393555e+00,-2.155104428529739380e-01,2.983702719211578369e-01,2.337898463010787964e-01
-1.750897049903869629e+00,-2.624826669692993164e+00,-1.424018144607543945e+00,2.062867879867553711e+00,2.226523876190185547e+00,2.512437105178833008e+00,1.141584634780883789e+00,-2.541983604431152344e+00,-1.797931909561157227e+00,-2.401151895523071289e+00,-2.495686769485473633e+00,2.314174890518188477e+00,1.931647211313247681e-01,3.166242539882659912e-01,1.335161924362182617e+00,-1.604083299636840820e+00,-2.546482801437377930e+00,7.115362286567687988e-01,-5.000274181365966797e-01,-1.517632246017456055e+00
1.143972158432006836e+00,-1.063283562660217285e+00,6.738597154617309570e-02,1.641470909118652344e+00,-1.600950121879577637e+00,-7.645889520645141602e-01,1.496300697326660156e+00,1.552287220954895020e+00,7.297019958496093750e-01,1.504945158958435059e+00,2.990740537643432617e+00,1.738580703735351562e+00,-3.967936038970947266e-01,-4.877936542034149170e-01,1.714743971824645996e+00,1.030888676643371582e+00,3.699275553226470947e-01,1.725223362445831299e-01,-2.627227306365966797e+00,-1.175660848617553711e+00
1.299026370048522949e+00,8.400260806083679199e-01,-8.804662823677062988e-01,9.340535402297973633e-01,-1.641414165496826172e+00,-1.790505647659301758e-02,1.212130635976791382e-01,2.905494928359985352e+00,-1.704827904701232910e+00,-8.838763236999511719e-01,3.597737550735473633e-01,-1.668407320976257324e+00,-1.782827019691467285e+00,-1.401483535766601562e+00,1.952656269073486328e+00,-8.801262974739074707e-01,9.398695230484008789e-01,-2.492627501487731934e-01,1.448251605033874512e+00,-2.772358179092407227e+00
-1.675726532936096191e+00,-6.961873918771743774e-02,6.659774184226989746e-01,-1.434954881668090820e+00,-2.657713413238525391e+00,7.906649112701416016e-01,-2.106659710407257080e-01,-1.997280478477478027e+00,2.141539573669433594e+00,2.684372186660766602e+00,-2.078767299652099609e+00,-2.097598075866699219e+00,2.341113835573196411e-01,-2.657320261001586914e+00,-7.261028885841369629e-01,-1.261756658554077148e+00,-1.844973683357238770e+00,5.133332610130310059e-01,-1.975275516510009766e+00,-9.754244089126586914e-01
4.492095708847045898e-01,3.239589035511016846e-01,-1.050687432289123535e+00,-3.370364010334014893e-02,-9.537189602851867676e-01,2.007936239242553711e+00,-9.297322481870651245e-02,1.860023498535156250e+00,-1.464137196540832520e+00,-2.410145044326782227e+00,-2.521832704544067383e+00,-1.387647747993469238e+00,1.437791705131530762e+00,-1.637543320655822754e+00,-8.059721589088439941e-01,-3.795824944972991943e-01,1.150819137692451477e-01,5.322125554084777832e-01,-2.262536764144897461e+00,1.674334853887557983e-01
-1.568768858909606934e+00,8.372115492820739746e-01,-1.988175988197326660e+00,2.261303186416625977e+00,2.081283569335937500e+00,1.511342763900756836e+00,-5.355592966079711914e-01,7.847093939781188965e-01,3.793753981590270996e-01,2.072194099426269531e+00,-2.903136312961578369e-01,6.652181148529052734e-01,6.300348043441772461e-01,8.034015893936157227e-01,-4.677140116691589355e-01,-4.996319115161895752e-01,1.096172451972961426e+00,-6.383411288261413574e-01,-1.998332023620605469e+00,2.242507219314575195e+00
2.458623647689819336e+00,2.801474928855895996e-01,-2.443880796432495117e+00,1.497228860855102539e+00,-2.860149621963500977e+00,-2.469419956207275391e+00,-9.380231499671936035e-01,1.467345356941223145e+00,1.390732288360595703e+00,8.223574757575988770e-01,-1.218267202377319336e+00,5.373380184173583984e-01,-1.115810751914978027e+00,-1.478088140487670898e+00,2.313876628875732422e+00,-1.017986059188842773e+00,1.775772690773010254e+00,2.223603248596191406e+00,6.522618532180786133e-01,-3.717245757579803467e-01
-1.446215987205505371e+00,3.055553436279296875e-01,2.842794060707092285e-01,1.465713620185852051e+00,-2.427258253097534180e+00,-2.575783252716064453e+00,-1.998732089996337891e+00,1.111854434013366699e+00,6.013046503067016602e-01,-1.183585762977600098e+00,3.857203423976898193e-01,-3.854264616966247559e-01,1.785936117172241211e+00,1.983169466257095337e-01,-9.979517459869384766e-01,-5.469634532928466797e-01,-1.638201475143432617e+00,-6.170050501823425293e-01,9.488444328308105469e-01,1.072323694825172424e-01
-4.845760762691497803e-01,1.720531657338142395e-02,1.937613189220428467e-01,1.506492376327514648e+00,-1.089916467666625977e+00,4.178954660892486572e-01,2.511098623275756836e+00,2.987385988235473633e+00,-1.149586558341979980e+00,6.660944223403930664e-02,1.697059512138366699e+00,-2.508691310882568359e+00,9.119832515716552734e-01,-1.643178343772888184e+00,1.237274289131164551e+00,-1.241729259490966797e+00,5.083074048161506653e-02,-1.737211704254150391e+00,-5.510118603706359863e-01,7.741676568984985352e-01
2.804557800292968750e+00,4.542176127433776855e-01,4.371075704693794250e-02,9.708184003829956055e-01,1.929124355316162109e+00,2.738648414611816406e+00,-7.211358547210693359e-01,2.493108510971069336e+00,8.797621726989746094e-01,-2.620957851409912109e+00,3.530088961124420166e-01,-2.857993364334106445e+00,1.700751304626464844e+00,1.929383873939514160e+00,-8.098613023757934570e-01,-1.936902999877929688e+00,-2.968768119812011719e+00,-4.418876767158508301e-01,1.652734637260437012e+00,-6.486350893974304199e-01
-1.803248375654220581e-01,7.019006609916687012e-01,-2.530381202697753906e+00,-6.277617216110229492e-01,-1.845040082931518555e+00,-8.034781217575073242e-01,2.968496382236480713e-01,-5.550222396850585938e-01,1.063596844673156738e+00,-1.593228101730346680e+00,-4.056472703814506531e-02,2.325127124786376953e+00,-2.289908409118652344e+00,1.316995263099670410e+00,2.669071674346923828e+00,-2.681680917739868164e+00,-2.464502573013305664e+00,-1.277223706245422363e+00,-1.624179005622863770e+00,1.001456737518310547e+00
-6.524176001548767090e-01,2.078521490097045898e+00,-6.882747411727905273e-01,-1.166425824165344238e+00,6.462430953979492188e-01,-3.070876002311706543e-01,1.454812884330749512e+00,-6.527683734893798828e-01,5.913981199264526367e-01,2.307325363159179688e+00,5.980086326599121094e-01,2.609097242355346680e+00,-1.557156205177307129e+00,8.658595681190490723e-01,1.155211925506591797e+00,-6.132358908653259277e-01,-5.731799006462097168e-01,1.124067425727844238e+00,-2.162921905517578125e+00,-1.222727775573730469e+00
1.054009675979614258e+00,2.904266119003295898e+00,2.901817858219146729e-01,1.727719426155090332e+00,1.362360715866088867e-01,1.753427505493164062e+00,1.633206158876419067e-01,2.828366041183471680e+00,2.281739115715026855e-01,3.784378170967102051e-01,-1.817317485809326172e+00,-2.172742366790771484e+00,-1.494888544082641602e+00,-5.032479763031005859e-01,-7.947390675544738770e-01,5.294665694236755371e-01,-2.216954469680786133e+00,-2.964215040206909180e+00,-1.388660073280334473e-01,1.748718142509460449e+00
7.600908279418945312e-01,7.626341581344604492e-01,1.170415639877319336e+00,1.772478103637695312e+00,2.295311450958251953e+00,-2.607148647308349609e+00,-5.305246114730834961e-01,4.252936542034149170e-01,3.259749114513397217e-01,-7.385872006416320801e-01,-2.218881130218505859e+00,2.549692392349243164e+00,1.382966995239257812e+00,-1.450464725494384766e+00,-5.986500382423400879e-01,-7.105080485343933105e-01,-2.536785364151000977e+00,6.324473023414611816e-01,-1.790900349617004395e+00,-1.175132870674133301e+00
6.311746835708618164e-01,5.999558568000793457e-01,-1.259538531303405762e+00,1.609820961952209473e+00,2.671532392501831055e+00,2.628605604171752930e+00,-2.241718530654907227e+00,-1.531493902206420898e+00,1.016258299350738525e-01,-9.056100249290466309e-01,-2.207334995269775391e+00,-3.318468630313873291e-01,1.055036783218383789e+00,-1.473708868026733398e+00,1.896483898162841797e+00,-1.376554965972900391e+00,-1.900481939315795898e+00,2.660369873046875000e+00,-1.258839726448059082e+00,-2.574183940887451172e+00
-6.923045516014099121e-01,-6.458491086959838867e-01,-1.852807521820068359e+00,2.920448780059814453e+00,-2.525110483169555664e+00,-2.461442708969116211e+00,-1.436954379081726074e+00,-1.442902088165283203e+00,-8.075135946273803711e-01,1.667265176773071289e+00,-2.375764608383178711e+00,2.110976696014404297e+00,-3.415030539035797119e-01,3.876832723617553711e-01,6.672883629798889160e-01,2.348655700683593750e+00,-1.753510355949401855e+00,-2.191240310668945312e+00,1.891519308090209961e+00,-5.009810924530029297e-01
4.322341680526733398e-01,-6.113532185554504395e-01,3.366421163082122803e-01,-2.415129899978637695e+00,-9.346462488174438477e-01,8.000797033309936523e-01,-8.490661978721618652e-01,1.538772583007812500e+00,1.990094900131225586e+00,1.974502801895141602e+00,-1.975585341453552246e+00,-2.048566579818725586e+00,-1.794635772705078125e+00,2.562264680862426758e+00,-1.223802089691162109e+00,-2.452117681503295898e+00,-2.575449228286743164e+00,-1.909489631652832031e+00,-4.591529443860054016e-02,-4.786905050277709961e-01
9.930406212806701660e-01,1.459367513656616211e+00,1.444850683212280273e+00,1.741846442222595215e+00,-2.662986993789672852e+00,-1.078573226928710938e+00,-7.088730335235595703e-01,-1.537983298301696777e+00,-4.352639913558959961e-01,7.393385171890258789e-01,2.257937669754028320e+00,1.496496081352233887e+00,-8.120973706245422363e-01,-1.908460497856140137e+00,-1.227432966232299805e+00,1.814390778541564941e+00,1.352657198905944824e+00,1.533865332603454590e-01,1.398913264274597168e+00,-2.705354928970336914e+00
-3.144591450691223145e-01,-2.418447732925415039e+00,-2.499476432800292969e+00,7.932998538017272949e-01,4.023614823818206787e-01,-1.562102735042572021e-01,1.593493580818176270e+00,9.031220674514770508e-01,5.232487320899963379e-01,1.006496191024780273e+00,-6.633987426757812500e-01,2.195283889770507812e+00,-1.923558831214904785e+00,2.040158033370971680e+00,-2.156198620796203613e-01,7.494728565216064453e-01,2.653833627700805664e+00,4.223086535930633545e-01,-1.653448939323425293e+00,9.900030493736267090e-01
-2.426367998123168945e+00,-1.188394784927368164e+00,-2.909456253051757812e+00,1.995181798934936523e+00,-2.080131530761718750e+00,1.462851524353027344e+00,-1.442669868469238281e+00,-7.965555787086486816e-01,-1.625507593154907227e+00,2.626288414001464844e+00,-2.427329540252685547e+00,-2.232633590698242188e+00,1.299058437347412109e+00,-1.068212985992431641e+00,-6.130967140197753906e-01,-9.167331457138061523e-02,9.110537171363830566e-01,-5.620086789131164551e-01,-2.071877419948577881e-01,6.517054438591003418e-01
-5.346236228942871094e-01,3.065537214279174805e-01,-1.195126295089721680e+00,-5.211638808250427246e-01,-8.088190224952995777e-04,8.104052543640136719e-01,-1.438687801361083984e+00,-1.920671343803405762e+00,-2.563386917114257812e+00,-6.509670019149780273e-01,-2.405163764953613281e+00,1.225489616394042969e+00,-1.059656858444213867e+00,2.109587669372558594e+00,1.336802601814270020e+00,-1.242567420005798340e+00,-1.277075529098510742e+00,2.233774900436401367e+00,-1.553726553916931152e+00,-2.728274345397949219e+00
1.321630716323852539e+00,1.431923031806945801e+00,1.594911575317382812e+00,-2.560610175132751465e-01,1.697101950645446777e+00,-1.926493346691131592e-01,-5.141841173171997070e-01,1.170598506927490234e+00,-7.386614680290222168e-01,-7.684373855590820312e-01,-1.207799091935157776e-01,2.201049089431762695e+00,-2.068772077560424805e+00,2.677186965942382812e+00,-2.578295230865478516e+00,-1.692783832550048828e+00,-2.283425331115722656e+00,2.338136672973632812e+00,-4.576896727085113525e-01,2.616814851760864258e+00
9.385510087013244629e-01,-2.912510931491851807e-01,-2.732698917388916016e-01,1.938498497009277344e+00,2.751563787460327148e+00,8.236112594604492188e-01,-1.642046689987182617e+00,1.231047868728637695e+00,-9.309918284416198730e-01,-1.945654273033142090e+00,-2.731149792671203613e-01,-4.110743999481201172e-01,1.111835002899169922e+00,-7.602443695068359375e-01,-8.661241531372070312e-01,-9.417310357093811035e-01,5.737667679786682129e-01,-7.537729740142822266e-01,7.756049931049346924e-02,-3.108492791652679443e-01
-4.605333507061004639e-01,-3.855283856391906738e-01,-1.663215994834899902e+00,-1.092300415039062500e+00,-1.749662876129150391e+00,-1.304580718278884888e-01,-2.756592512130737305e+00,5.214635133743286133e-01,-1.818832635879516602e+00,-2.584952116012573242e-01,5.521605014801025391e-01,4.577921032905578613e-01,2.309392929077148438e+00,-2.580360174179077148e+00,7.446975111961364746e-01,9.357111454010009766e-01,-1.435995817184448242e+00,1.261349916458129883e+00,-3.582649528980255127e-01,3.634123504161834717e-01
-5.000134706497192383e-01,3.839652538299560547e-01,2.615429401397705078e+00,-3.799446821212768555e-01,-2.208632230758666992e+00,-1.158124566078186035e+00,1.122866511344909668e+00,1.144034981727600098e+00,-8.342672884464263916e-02,-2.373681545257568359e+00,-8.232671618461608887e-01,-4.419236481189727783e-01,-1.526560664176940918e+00,1.645837545394897461e+00,-1.051528334617614746e+00,1.505408048629760742e+00,-1.385671973228454590e+00,-2.892382144927978516e+00,-4.345468804240226746e-02,1.446436792612075806e-01
3.999661281704902649e-02,-1.023122906684875488e+00,-5.158903598785400391e-01,3.176349699497222900e-01,-1.948005795478820801e+00,-8.256217241287231445e-01,2.968915462493896484e+00,2.878571033477783203e+00,1.706556558609008789e+00,-1.490411281585693359e+00,2.609493136405944824e-01,1.316263914108276367e+00,-5.074428915977478027e-01,1.617183804512023926e+00,-1.323920249938964844e+00,7.577757835388183594e-01,-2.777189254760742188e+00,-2.519596099853515625e+00,-4.730955511331558228e-02,-1.488543033599853516e+00
-6.831567287445068359e-01,-2.717701435089111328e+00,6.177893280982971191e-01,-9.262702465057373047e-01,-7.022259831428527832e-01,1.214507687836885452e-02,-2.318526268005371094e+00,1.986057043075561523e+00,-1.660326242446899414e+00,-3.335281610488891602e-01,2.095387697219848633e+00,-9.833840727806091309e-01,2.396363496780395508e+00,-5.344538483768701553e-03,-1.193711161613464355e+00,-2.481782913208007812e+00,1.807553619146347046e-01,7.767931222915649414e-01,-1.368056774139404297e+00,4.960003197193145752e-01
2.211175918579101562e+00,7.309490442276000977e-01,-8.314769268035888672e-01,-2.144947052001953125e+00,4.983326196670532227e-01,2.113154888153076172e+00,8.515251278877258301e-01,5.556238889694213867e-01,6.729552894830703735e-02,1.659335970878601074e+00,-1.116758704185485840e+00,1.295519590377807617e+00,1.098463773727416992e+00,5.127765536308288574e-01,-8.501161336898803711e-01,-1.020215392112731934e+00,-6.781036853790283203e-01,-2.511574029922485352e+00,-2.190905332565307617e+00,-2.415560722351074219e+00
8.857134580612182617e-01,5.173453092575073242e-01,-2.570676058530807495e-02,1.173949956893920898e+00,1.985565304756164551e+00,2.525593280792236328e+00,2.407579898834228516e+00,2.850872755050659180e+00,-1.053845167160034180e+00,-2.639791011810302734e+00,2.397401332855224609e+00,-1.942902803421020508e+00,-1.659650325775146484e+00,2.659763954579830170e-02,-1.286077976226806641e+00,-2.206288576126098633e+00,-1.055210947990417480e+00,-2.122715711593627930e+00,-3.444053232669830322e-01,-6.523041725158691406e-01
-8.715999126434326172e-01,1.184556365013122559e+00,-1.338762521743774414e+00,9.321637153625488281e-01,1.615263521671295166e-01,-8.867302536964416504e-01,-2.646173000335693359e+00,6.000058650970458984e-01,-2.341723680496215820e+00,-2.370793581008911133e+00,5.991485714912414551e-01,-3.292400240898132324e-01,-2.332898616790771484e+00,-1.437139868736267090e+00,5.850602984428405762e-01,-9.291013479232788086e-01,-1.201978445053100586e+00,1.482451558113098145e+00,-2.687872648239135742e+00,-2.640491962432861328e+00
-2.957954704761505127e-01,-2.574890136718750000e+00,7.876821607351303101e-02,2.392822265625000000e+00,-1.986259341239929199e+00,1.382756114006042480e+00,2.717745304107666016e+00,-1.765347421169281006e-01,-8.926176428794860840e-01,8.717988133430480957e-01,2.130644798278808594e+00,6.311500072479248047e-01,9.842161536216735840e-01,5.363825708627700806e-02,1.624857544898986816e+00,-1.468219757080078125e+00,6.411266922950744629e-01,9.317180514335632324e-01,4.086825624108314514e-02,-1.150440454483032227e+00
-1.341167688369750977e+00,1.755665540695190430e-01,-1.619942426681518555e+00,1.393222093582153320e+00,-9.059269428253173828e-01,-8.315082788467407227e-01,-2.086145401000976562e+00,5.987405776977539062e-01,-7.813661694526672363e-01,-2.040181636810302734e+00,1.423203825950622559e+00,-1.585773468017578125e+00,1.231873512268066406e+00,-2.506095170974731445e+00,2.935188293457031250e+00,6.574831604957580566e-01,-6.304700374603271484e-01,-2.189174890518188477e+00,-6.898670196533203125e-01,3.432967960834503174e-01
2.115819215774536133e+00,1.049729809165000916e-01,-8.585405945777893066e-01,-2.484225273132324219e+00,2.176269769668579102e+00,1.634195089340209961e+00,-1.083445191383361816e+00,2.651021718978881836e+00,5.760653018951416016e-01,-7.123903632164001465e-01,1.520372629165649414e+00,-9.829868674278259277e-01,-2.643780708312988281e+00,-2.661275863647460938e-01,-2.474389791488647461e+00,-1.855343222618103027e+00,-6.510884165763854980e-01,4.719282388687133789e-01,-1.105067133903503418e+00,6.132113933563232422e-01
2.882469892501831055e+00,-6.108150482177734375e-01,-7.085829973220825195e-01,1.774729013442993164e+00,-2.794821858406066895e-01,7.848565578460693359e-01,-9.932860732078552246e-01,4.713108539581298828e-01,-7.898862957954406738e-01,-2.238368749618530273e+00,2.239164113998413086e+00,6.271556019783020020e-01,-1.208716034889221191e+00,2.573512077331542969e+00,-2.401448726654052734e+00,1.308244019746780396e-01,1.024461746215820312e+00,4.974558651447296143e-01,2.218269109725952148e+00,1.422138214111328125e+00
8.533186316490173340e-01,-4.104562699794769287e-01,-7.100581526756286621e-01,-1.976379990577697754e+00,7.636327147483825684e-01,2.560970067977905273e+00,9.407799243927001953e-01,1.984283804893493652e+00,8.544937968254089355e-01,2.401233434677124023e+00,6.081386208534240723e-01,6.650230288505554199e-01,-2.192058563232421875e+00,-1.977496266365051270e+00,-1.118049144744873047e+00,-2.091591119766235352e+00,3.919520974159240723e-01,-1.130848169326782227e+00,-7.065028548240661621e-01,2.302491664886474609e+00
2.502015233039855957e-01,1.131915211677551270e+00,-2.211160182952880859e+00,7.785802483558654785e-01,-1.050065040588378906e+00,2.980033159255981445e-01,-1.486181378364562988e+00,2.339120864868164062e+00,-1.604321002960205078e+00,-2.772300243377685547e-01,-1.768758177757263184e+00,-2.905849814414978027e-01,-2.755241394042968750e+00,-2.287937879562377930e+00,-1.257039189338684082e+00,-3.848784863948822021e-01,1.844398736953735352e+00,1.789817959070205688e-01,5.092220902442932129e-01,-2.784777060151100159e-02
-6.885100007057189941e-01,-2.063891410827636719e+00,5.769869685173034668e-02,6.071668863296508789e-01,1.389282345771789551e+00,1.852087736129760742e+00,-9.595445394515991211e-01,-9.537668824195861816e-01,-8.930522203445434570e-01,-2.677396059036254883e+00,-1.516754150390625000e+00,1.485534310340881348e+00,-2.756844162940979004e-01,2.734251499176025391e+00,6.078453063964843750e-01,-4.245558977127075195e-01,-1.671451330184936523e+00,4.879333674907684326e-01,-2.777522802352905273e+00,1.355337381362915039e+00
1.542357802391052246e+00,-1.834728121757507324e+00,-1.833464741706848145e+00,-1.346591114997863770e-01,-3.844949603080749512e-02,-8.055707216262817383e-01,-1.987202405929565430e+00,1.184925675392150879e+00,-7.447725534439086914e-01,-1.082795023918151855e+00,-8.979312777519226074e-01,1.461653947830200195e+00,-5.646417737007141113e-01,2.430483818054199219e+00,1.483652353286743164e+00,3.535939157009124756e-01,1.402865886688232422e+00,-8.805934190750122070e-01,-1.953406572341918945e+00,-2.518350839614868164e+00
2.122679710388183594e+00,-2.309560775756835938e+00,-2.207823753356933594e+00,-4.635668694972991943e-01,1.775260716676712036e-01,-1.695045709609985352e+00,-2.661936998367309570e+00,7.156651616096496582e-01,2.869719505310058594e+00,1.980607360601425171e-01,-5.242848992347717285e-01,4.904424250125885010e-01,-1.552290558815002441e+00,1.545529007911682129e+00,-1.969886302947998047e+00,1.744256615638732910e+00,-8.804454803466796875e-01,1.820002198219299316e+00,-1.223039269447326660e+00,-1.024058103561401367e+00
-7.751933336257934570e-01,1.773968815803527832e+00,-7.383630275726318359e-01,1.043135046958923340e+00,-2.503648757934570312e+00,-1.399912118911743164e+00,2.581068277359008789e+00,-1.222737789154052734e+00,1.726865649223327637e+00,-1.908335447311401367e+00,4.070208668708801270e-01,-2.053914308547973633e+00,-2.220430135726928711e+00,-1.391059905290603638e-01,1.269624710083007812e+00,-7.421227693557739258e-01,-2.388784408569335938e+00,-1.627866744995117188e+00,-1.402808818966150284e-02,-3.695030212402343750e-01
2.522612214088439941e-01,2.067582368850708008e+00,-9.577347636222839355e-01,-1.854419708251953125e+00,2.607397556304931641e+00,2.739184379577636719e+00,-7.873976826667785645e-01,-1.174372076988220215e+00,2.305221557617187500e+00,1.607867002487182617e+00,-2.054519891738891602e+00,-2.440143108367919922e+00,-5.014511942863464355e-01,-8.511339426040649414e-01,-6.194639801979064941e-01,-6.399612873792648315e-02,-2.443832159042358398e+00,-1.810326576232910156e+00,-2.206639528274536133e+00,-9.464359879493713379e-01
-4.977219700813293457e-01,-1.372159123420715332e-01,-7.296839356422424316e-01,-2.130007743835449219e+00,-1.341966867446899414e+00,2.770138025283813477e+00,5.607797503471374512e-01,1.842122197151184082e+00,2.047378778457641602e+00,-2.175071477890014648e+00,-7.746417522430419922e-01,-2.167067527770996094e+00,-1.209512233734130859e+00,-2.718891620635986328e+00,8.506412506103515625e-01,-1.888677835464477539e+00,1.900913864374160767e-01,2.069566011428833008e+00,-2.933059215545654297e+00,-6.790538877248764038e-02
1.672023773193359375e+00,3.988833725452423096e-01,-1.485500335693359375e+00,-1.942603826522827148e+00,1.951271176338195801e+00,2.577961921691894531e+00,1.760676145553588867e+00,-1.844142436981201172e+00,-5.975235104560852051e-01,-1.278430819511413574e+00,1.943358540534973145e+00,5.404244661331176758e-01,-1.048516750335693359e+00,5.275694727897644043e-01,1.082156062126159668e+00,-1.403256058692932129e+00,-2.710057258605957031e+00,3.797584772109985352e-01,-2.405468225479125977e+00,-2.684138774871826172e+00
4.991727694869041443e-02,-7.610675692558288574e-01,-2.831904411315917969e+00,7.509360909461975098e-01,-1.543118804693222046e-01,3.282125294208526611e-02,-8.085846900939941406e-01,2.111484259366989136e-01,1.783015251159667969e+00,1.222601413726806641e+00,1.827137470245361328e-01,-1.735968828201293945e+00,-1.958285450935363770e+00,-1.377876400947570801e+00,1.838813066482543945e+00,7.192361950874328613e-01,-7.794566154479980469e-01,-8.153581619262695312e-01,-6.805537343025207520e-01,-1.645157575607299805e+00
2.478864669799804688e+00,-1.009955406188964844e+00,2.358305931091308594e+00,-2.043001651763916016e+00,2.146705389022827148e+00,2.442760705947875977e+00,1.898250341415405273e+00,2.899000644683837891e+00,5.278436541557312012e-01,1.612112641334533691e+00,-2.322565764188766479e-01,-5.094907283782958984e-01,3.394342586398124695e-02,-1.032451033592224121e+00,-2.481711626052856445e+00,4.742735028266906738e-01,1.659746408462524414e+00,-1.109422922134399414e+00,-2.174094438552856445e+00,-2.690383195877075195e+00
2.973180055618286133e+00,-1.400818377733230591e-01,-6.484416127204895020e-01,9.060837626457214355e-01,-5.787492990493774414e-01,2.057241201400756836e+00,-2.132274627685546875e+00,2.522135972976684570e+00,2.570383071899414062e+00,-2.323087930679321289e+00,1.049618721008300781e+00,-2.115733861923217773e+00,1.677823901176452637e+00,2.505082845687866211e+00,-1.810674786567687988e+00,-4.033269882202148438e-01,8.701734542846679688e-01,-6.632331013679504395e-01,-3.076351583003997803e-01,-1.709279060363769531e+00
1.380565524101257324e+00,8.709009289741516113e-01,1.451643228530883789e+00,1.380091071128845215e+00,7.211970090866088867e-01,2.881442546844482422e+00,-2.179320812225341797e+00,-6.265910863876342773e-01,-2.181579828262329102e+00,-5.334942340850830078e-01,-7.100081443786621094e-01,-1.640464425086975098e+00,2.832104921340942383e+00,-2.688467979431152344e+00,-1.409084916114807129e+00,6.487277895212173462e-02,-2.928241729736328125e+00,-2.902710437774658203e+00,2.247002601623535156e+00,1.393465280532836914e+00
9.635151028633117676e-01,-1.182655334472656250e+00,2.835955023765563965e-01,1.925627589225769043e-01,-1.033241987228393555e+00,1.059884667396545410e+00,1.160204559564590454e-01,2.620739459991455078e+00,1.485949993133544922e+00,3.579947948455810547e-01,7.632817625999450684e-01,-2.288493871688842773e+00,-1.887323409318923950e-01,-2.077708482742309570e+00,1.214258909225463867e+00,1.427708745002746582e+00,-7.350322008132934570e-01,7.866504043340682983e-02,-2.378412008285522461e+00,-9.870634078979492188e-01
4.240443408489227295e-01,1.375841140747070312e+00,-1.676541566848754883e+00,1.535191535949707031e+00,-6.975629925727844238e-01,-2.534220457077026367e+00,-1.654869556427001953e+00,1.319548130035400391e+00,2.363631725311279297e+00,-2.206440120935440063e-01,4.069080948829650879e-01,-7.627390027046203613e-01,-1.322238326072692871e+00,-6.440436840057373047e-01,-1.816399455070495605e+00,-1.617575883865356445e+00,-2.565463542938232422e+00,1.793168544769287109e+00,1.060068458318710327e-01,-1.548298954963684082e+00
-5.381897687911987305e-01,-1.771324276924133301e+00,-1.022336125373840332e+00,-1.845375895500183105e+00,-2.388171195983886719e+00,-1.013562902808189392e-01,-1.279692769050598145e+00,1.608273267745971680e+00,-2.469823837280273438e+00,-1.356974601745605469e+00,2.139137029647827148e+00,1.691743254661560059e+00,-1.752084136009216309e+00,-1.466933250427246094e+00,7.535712122917175293e-01,-1.906101465225219727e+00,-8.191224932670593262e-01,-1.387276500463485718e-01,1.030293822288513184e+00,-2.432034611701965332e-01
1.346266508102416992e+00,3.173368573188781738e-01,1.812138676643371582e+00,7.655064463615417480e-01,-2.220959186553955078e+00,-1.354474306106567383e+00,-5.584962964057922363e-01,-3.778574168682098389e-01,2.427554607391357422e+00,-2.093950986862182617e+00,4.876483976840972900e-01,-1.022819876670837402e+00,1.332824826240539551e+00,1.304123550653457642e-01,-1.971382617950439453e+00,-1.886610269546508789e+00,-5.574864745140075684e-01,9.992126226425170898e-01,-8.969338536262512207e-01,-3.728577494621276855e-01
-1.512586474418640137e+00,-1.004402264952659607e-01,-1.345728635787963867e+00,8.015102148056030273e-01,-1.150642931461334229e-01,6.691784262657165527e-01,1.214185118675231934e+00,2.154461145401000977e+00,-8.910122513771057129e-01,-4.711303114891052246e-01,2.190037250518798828e+00,6.697124242782592773e-01,2.657557487487792969e+00,-1.183951139450073242e+00,2.943454265594482422e+00,-2.870205402374267578e+00,8.124679327011108398e-01,2.454253911972045898e+00,1.207852840423583984e+00,-2.027699232101440430e+00
2.727153778076171875e+00,-4.719938337802886963e-01,-7.348520159721374512e-01,-8.666079640388488770e-01,7.946978807449340820e-01,-2.034118652343750000e+00,2.437186717987060547e+00,1.930386781692504883e+00,2.726666212081909180e+00,7.301868200302124023e-01,-3.869353830814361572e-01,2.282404184341430664e+00,-2.719532966613769531e+00,-1.142787575721740723e+00,-2.756204366683959961e+00,-6.094676852226257324e-01,3.558940589427947998e-01,2.416277527809143066e-01,-5.840421915054321289e-01,-1.248219490051269531e+00
-2.743224620819091797e+00,-7.120006680488586426e-01,6.382452696561813354e-02,-3.661386966705322266e-01,3.464271724224090576e-01,-8.628408610820770264e-02,3.718808591365814209e-01,8.916332125663757324e-01,-2.013934850692749023e+00,5.419580936431884766e-01,1.338297128677368164e-01,-1.663020372390747070e+00,6.305469870567321777e-01,-2.374317884445190430e+00,1.566587090492248535e+00,-2.595292329788208008e+00,-2.023239850997924805e+00,-1.492166280746459961e+00,-1.123300671577453613e+00,-2.695449829101562500e+00
4.292119741439819336e-01,-4.210415184497833252e-01,-2.708758831024169922e+00,-2.189465522766113281e+00,1.550643682479858398e+00,2.808701694011688232e-01,-2.931280612945556641e+00,-1.715808987617492676e+00,-8.805624246597290039e-01,-2.872489690780639648e-01,-4.781019985675811768e-01,1.225566744804382324e+00,-2.844804286956787109e+00,-2.278356313705444336e+00,2.682288885116577148e+00,-2.190661579370498657e-01,-2.642936468124389648e+00,-8.565970063209533691e-01,4.701078236103057861e-01,-2.613245964050292969e+00
2.946987152099609375e+00,1.407732367515563965e+00,-2.242462396621704102e+00,2.141889095306396484e+00,1.594874262809753418e+00,2.339452505111694336e+00,-7.818214297294616699e-01,1.267838716506958008e+00,9.515318274497985840e-01,5.827822089195251465e-01,-1.891818404197692871e+00,2.401767015457153320e+00,-1.613938570022583008e+00,2.017057895660400391e+00,-1.224690601229667664e-01,-2.934972763061523438e+00,-1.471623033285140991e-01,2.414042711257934570e+00,2.617412090301513672e+00,1.278888583183288574e+00
6.372151374816894531e-01,8.336009830236434937e-02,1.412335515022277832e+00,2.036991834640502930e+00,-2.917861938476562500e+00,-2.705628871917724609e-01,2.482501119375228882e-01,1.306889772415161133e+00,-1.470776557922363281e+00,2.044736623764038086e+00,-2.624622106552124023e+00,5.770033597946166992e-01,-1.872603148221969604e-01,-2.528452396392822266e+00,-4.495352506637573242e-01,-2.572949171066284180e+00,2.528212308883666992e+00,7.518979310989379883e-01,6.677094101905822754e-01,-4.367187321186065674e-01
7.754612714052200317e-02,1.737854480743408203e-01,-4.608323872089385986e-01,-1.769123554229736328e+00,-2.318144321441650391e+00,-4.944196045398712158e-01,-9.238483905792236328e-01,8.022888004779815674e-02,-2.186663150787353516e+00,-7.485165596008300781e-01,1.564175128936767578e+00,-6.516044735908508301e-01,-2.796241044998168945e+00,1.659627318382263184e+00,-1.760971546173095703e+00,1.832478284835815430e+00,-1.017709016799926758e+00,3.189714252948760986e-01,1.061412811279296875e+00,-5.091434121131896973e-01
2.088694810867309570e+00,1.349936366081237793e+00,-5.972226262092590332e-01,1.578643083572387695e+00,-8.587887883186340332e-01,3.686701357364654541e-01,1.195520639419555664e+00,1.159553766250610352e+00,7.427134513854980469e-01,-1.880051851272583008e+00,-4.355612099170684814e-01,2.630604743957519531e+00,-1.764611124992370605e+00,2.994312286376953125e+00,2.567076683044433594e+00,1.301944732666015625e+00,5.589948892593383789e-01,2.433481216430664062e-01,6.226640343666076660e-01,-3.259903192520141602e-01
-1.411061167716979980e+00,-1.781050801277160645e+00,-1.808111548423767090e+00,9.065138101577758789e-01,-2.912179708480834961e+00,-2.702338457107543945e+00,-1.361972570419311523e+00,-7.861593961715698242e-01,-2.039670467376708984e+00,6.711665540933609009e-02,-4.379092156887054443e-01,6.417416930198669434e-01,-6.582456231117248535e-01,-6.537508964538574219e-02,1.675253629684448242e+00,2.968550205230712891e+00,-1.505979776382446289e+00,-2.152051925659179688e+00,-2.702955245971679688e+00,-7.480898499488830566e-01
6.012372970581054688e-01,2.415978193283081055e+00,1.016858458518981934e+00,1.985384464263916016e+00,-2.622441768646240234e+00,3.675850033760070801e-01,-2.278114318847656250e+00,-7.829735875129699707e-01,-1.500121355056762695e+00,-1.125373482704162598e+00,-1.654510617256164551e+00,-9.522541761398315430e-01,8.135642409324645996e-01,2.034799814224243164e+00,-2.565752983093261719e+00,2.621782779693603516e+00,-2.262185811996459961e+00,1.708123326301574707e+00,-1.478998303413391113e+00,-2.414662361145019531e+00
-1.520613431930541992e-01,2.628852128982543945e+00,-8.899295926094055176e-01,7.026578783988952637e-01,-2.738081932067871094e+00,-5.917446315288543701e-02,1.715921759605407715e+00,2.301684141159057617e+00,-6.679366230964660645e-01,-2.367069244384765625e+00,1.523398995399475098e+00,-5.206068754196166992e-01,-2.429181039333343506e-01,-4.388902783393859863e-01,8.647896051406860352e-01,-1.192953467369079590e+00,2.999792695045471191e-01,1.907177567481994629e-01,-8.782001137733459473e-01,4.697572886943817139e-01
8.871657252311706543e-01,-8.795538544654846191e-01,5.543141067028045654e-02,7.309652566909790039e-01,-7.037627100944519043e-01,-8.705529570579528809e-01,8.489897251129150391e-01,-1.318955421447753906e+00,-4.104206562042236328e-01,1.601313591003417969e+00,1.207868695259094238e+00,5.476368665695190430e-01,1.189840912818908691e+00,-6.468361020088195801e-01,2.160404175519943237e-01,-1.320743441581726074e+00,2.682113051414489746e-01,-2.446461677551269531e+00,2.717543601989746094e+00,-9.186450242996215820e-01
-8.801447749137878418e-01,-1.894122719764709473e+00,-5.262976884841918945e-01,6.894490122795104980e-01,-5.739601850509643555e-01,-2.282550096511840820e+00,1.914761424064636230e+00,-1.018754363059997559e+00,-1.896969228982925415e-01,-7.019891738891601562e-01,1.139556765556335449e+00,1.725302577018737793e+00,-4.659370183944702148e-01,-1.487756252288818359e+00,2.063431501388549805e+00,-2.679594755172729492e+00,-1.691493153572082520e+00,6.247317790985107422e-01,6.118389368057250977e-01,-1.756350517272949219e+00
8.703579902648925781e-01,-3.805876374244689941e-01,-1.330056428909301758e+00,-1.172833219170570374e-01,2.169190883636474609e+00,2.646781444549560547e+00,-1.350905656814575195e+00,2.050980478525161743e-01,8.761183619499206543e-01,-1.277904629707336426e+00,1.504663586616516113e+00,2.326404571533203125e+00,3.258695900440216064e-01,-1.533245921134948730e+00,8.406574130058288574e-01,-5.602961182594299316e-01,-1.051835656166076660e+00,1.454360842704772949e+00,-2.437255859375000000e+00,-2.442795515060424805e+00
2.089864253997802734e+00,2.274989366531372070e+00,-2.641641855239868164e+00,2.986375093460083008e+00,-1.116509318351745605e+00,-3.895649686455726624e-02,1.783856987953186035e+00,-6.432957649230957031e-01,-3.043530285358428955e-01,4.345929920673370361e-01,-1.644700527191162109e+00,-2.356038093566894531e+00,-2.491808414459228516e+00,1.318020701408386230e+00,-9.319552183151245117e-01,6.420164108276367188e-01,-1.310564160346984863e+00,-1.073578357696533203e+00,2.655825853347778320e+00,-1.898287177085876465e+00
1.240303739905357361e-02,1.643289029598236084e-01,-2.105895757675170898e+00,1.579487323760986328e+00,-7.063619494438171387e-01,-6.270719170570373535e-01,2.688734531402587891e-01,9.698476195335388184e-01,-1.281925141811370850e-01,2.548198938369750977e+00,-1.957473635673522949e+00,2.824700355529785156e+00,3.473845869302749634e-02,5.403893589973449707e-01,-1.308321714401245117e+00,-3.430795371532440186e-01,-4.057584702968597412e-01,-8.878754079341888428e-02,2.040149450302124023e+00,9.107379317283630371e-01
-1.099713053554296494e-02,-1.630874276161193848e+00,-1.711451530456542969e+00,-2.579705715179443359e+00,-4.773083925247192383e-01,2.005060672760009766e+00,1.187977313995361328e+00,-7.692128419876098633e-01,2.129216432571411133e+00,-1.624607205390930176e+00,1.294547468423843384e-01,2.306536197662353516e+00,2.408580780029296875e+00,2.090971946716308594e+00,1.287513732910156250e+00,4.917849600315093994e-02,1.679180383682250977e+00,-4.425031542778015137e-01,-9.713170528411865234e-01,-2.763632059097290039e+00
-2.278728485107421875e+00,-6.116404533386230469e-01,-2.515033960342407227e+00,1.082204103469848633e+00,-1.201996326446533203e+00,-6.404500007629394531e-01,-1.575432717800140381e-01,-1.574963331222534180e+00,-1.902153849601745605e+00,3.606533631682395935e-02,-2.716009140014648438e+00,1.385443925857543945e+00,2.656613111495971680e+00,4.894070029258728027e-01,-1.256015181541442871e+00,-1.385504603385925293e+00,-1.927462697029113770e+00,1.504444360733032227e+00,-7.806125283241271973e-01,-2.078806161880493164e+00
1.853259563446044922e+00,-5.879886150360107422e-01,-1.852453470230102539e+00,1.490767717361450195e+00,1.375135034322738647e-01,8.027055859565734863e-02,-8.612565994262695312e-01,1.448314905166625977e+00,-1.434619307518005371e+00,1.726239204406738281e+00,-6.612591147422790527e-01,-1.652752518653869629e+00,-1.747328281402587891e+00,-7.564499974250793457e-01,-1.255640506744384766e+00,-2.731684923171997070e+00,1.566715836524963379e+00,-1.067570567131042480e+00,-4.168913066387176514e-01,1.794327020645141602e+00
1.676817774772644043e+00,-1.339304327964782715e+00,-2.444005727767944336e+00,-1.922692209482192993e-01,-2.420049190521240234e+00,-2.713723897933959961e+00,-2.328102588653564453e+00,-3.311223387718200684e-01,1.189857244491577148e+00,-2.403542518615722656e+00,-1.548970937728881836e+00,-6.054548174142837524e-02,2.666579484939575195e+00,9.329196810722351074e-01,1.095512360334396362e-01,-6.763855218887329102e-01,-4.987544417381286621e-01,-9.417997002601623535e-01,-2.969401359558105469e+00,-1.254255603998899460e-02
2.633764743804931641e+00,2.327529907226562500e+00,-1.673648357391357422e+00,1.692301034927368164e+00,3.590148985385894775e-01,2.352125883102416992e+00,-2.336625576019287109e+00,1.476140975952148438e+00,1.071596667170524597e-01,2.722010135650634766e+00,-8.344530463218688965e-01,-2.682285785675048828e+00,-1.644073605537414551e+00,-1.325193524360656738e+00,-8.218495845794677734e-01,-2.760632991790771484e+00,2.747633695602416992e+00,1.966612815856933594e+00,6.128001213073730469e-01,-1.570982575416564941e+00
2.451801538467407227e+00,2.316741466522216797e+00,1.126182317733764648e+00,3.224188387393951416e-01,1.219148159027099609e+00,2.445360898971557617e+00,-9.560372233390808105e-01,1.562054634094238281e+00,-1.675897121429443359e+00,6.496120095252990723e-01,3.052715659141540527e-01,3.282001912593841553e-01,4.667846858501434326e-02,-1.887594461441040039e+00,-2.170501470565795898e+00,-2.202967405319213867e+00,-2.697072982788085938e+00,-1.946671605110168457e+00,-1.117804169654846191e+00,2.697036027908325195e+00
-2.510823965072631836e+00,-9.517430067062377930e-01,9.993160367012023926e-01,7.347317934036254883e-01,-7.836444377899169922e-01,7.389074563980102539e-01,1.911733746528625488e+00,1.725605249404907227e+00,-2.489842891693115234e+00,-2.943971872329711914e+00,1.742517709732055664e+00,-6.841765046119689941e-01,4.004873626399785280e-04,3.473205864429473877e-01,1.442386955022811890e-01,-1.163500308990478516e+00,1.489814877510070801e+00,-2.108804702758789062e+00,-9.529477357864379883e-01,-5.278916358947753906e-01
2.568260192871093750e+00,-2.790848731994628906e+00,-8.977794051170349121e-01,1.450286388397216797e+00,-7.538893818855285645e-01,2.147941589355468750e+00,-2.537620782852172852e+00,8.119888305664062500e-01,-4.678915143013000488e-01,-2.458533942699432373e-01,-2.740887880325317383e+00,2.487118005752563477e+00,-2.639509439468383789e+00,1.753275692462921143e-01,9.882720112800598145e-01,-2.065583229064941406e+00,1.601436495780944824e+00,2.381944417953491211e+00,-2.483179807662963867e+00,-1.106224417686462402e+00
2.890312910079956055e+00,-1.456640243530273438e+00,2.493442058563232422e+00,1.732571244239807129e+00,8.360862135887145996e-01,2.166237980127334595e-01,-2.738767623901367188e+00,2.814501762390136719e+00,5.299016237258911133e-01,2.415168523788452148e+00,1.593907833099365234e+00,6.341407448053359985e-02,-9.809648394584655762e-01,-8.748227357864379883e-01,-1.850172877311706543e+00,-1.197266101837158203e+00,-4.243974387645721436e-01,1.884564757347106934e-01,6.692528128623962402e-01,1.360815882682800293e+00
1.312665820121765137e+00,3.723078668117523193e-01,-5.450936555862426758e-01,-2.176347017288208008e+00,-2.738376379013061523e+00,-2.765448570251464844e+00,-1.789425969123840332e+00,7.474910020828247070e-01,-1.961977958679199219e+00,-4.461001753807067871e-01,-1.252655833959579468e-01,2.624685764312744141e+00,5.718807578086853027e-01,1.857982873916625977e+00,-1.286112070083618164e+00,-3.375131785869598389e-01,-1.454398274421691895e+00,1.908581137657165527e+00,-5.151938796043395996e-01,-9.051764607429504395e-01
2.176681280136108398e+00,6.737695932388305664e-01,2.130102396011352539e+00,-7.632818222045898438e-01,-7.114909887313842773e-01,-8.181907236576080322e-02,1.960292816162109375e+00,2.699917554855346680e+00,-2.677080392837524414e+00,9.805946946144104004e-01,1.415294528007507324e+00,2.754120588302612305e+00,-1.867396354675292969e+00,9.865246415138244629e-01,-2.884800195693969727e+00,-7.750520855188369751e-02,-1.666653037071228027e+00,-1.055147767066955566e+00,2.661884784698486328e+00,-2.791746616363525391e+00
-2.982355654239654541e-01,2.633737802505493164e+00,-2.755383491516113281e+00,-2.064586162567138672e+00,3.811527490615844727e-01,9.125222563743591309e-01,-9.393718838691711426e-01,-1.754573941230773926e+00,1.586006641387939453e+00,1.721263289451599121e+00,-2.012765407562255859e+00,-1.339619755744934082e+00,-1.127674937248229980e+00,-8.672816157341003418e-01,-1.724589347839355469e+00,-1.966417551040649414e+00,-1.414825439453125000e+00,8.299567699432373047e-01,-4.990003407001495361e-01,-6.766324043273925781e-01
-1.297052860260009766e+00,2.701976776123046875e+00,-1.025383591651916504e+00,5.979078412055969238e-01,-1.013367652893066406e+00,2.779033899307250977e+00,1.069678068161010742e+00,5.657070875167846680e-01,-2.055430650711059570e+00,-2.550137758255004883e+00,-8.144090771675109863e-01,1.704422593116760254e+00,-1.200820446014404297e+00,-7.965387701988220215e-01,-9.023665189743041992e-01,2.500636816024780273e+00,-3.708772957324981689e-01,-1.335028767585754395e+00,-2.951981425285339355e-01,-1.101925894618034363e-01
-6.524453759193420410e-01,-1.177295923233032227e+00,1.338854581117630005e-01,1.898149132728576660e+00,1.456658482551574707e+00,-1.267920732498168945e-01,-1.145040750503540039e+00,-2.815524339675903320e+00,-1.583277344703674316e+00,3.677153885364532471e-01,-1.582600474357604980e+00,2.486106157302856445e+00,8.665019273757934570e-01,7.300385087728500366e-02,-1.804837465286254883e+00,-1.371675491333007812e+00,-1.869422554969787598e+00,7.130820751190185547e-01,9.521698206663131714e-02,-6.728398203849792480e-01
1.671822309494018555e+00,-1.300277709960937500e+00,2.202152013778686523e+00,2.092715740203857422e+00,3.583269715309143066e-01,-9.806488156318664551e-01,-1.366368889808654785e+00,2.448148727416992188e+00,3.928557336330413818e-01,-4.705724120140075684e-01,2.202623128890991211e+00,1.032303214073181152e+00,1.252516865730285645e+00,-2.735042333602905273e+00,2.160743236541748047e+00,8.119858503341674805e-01,-1.201369047164916992e+00,-1.670222759246826172e+00,-1.068735241889953613e+00,-1.478472590446472168e+00
1.598802924156188965e+00,-2.637039422988891602e+00,-1.629071116447448730e+00,9.869216084480285645e-01,-2.880436658859252930e+00,-2.532230138778686523e+00,-1.534701824188232422e+00,-3.390566110610961914e-01,-2.306317090988159180e+00,1.538827419281005859e+00,2.195977687835693359e+00,2.576840639114379883e+00,-2.544630527496337891e+00,2.625011205673217773e+00,7.059609889984130859e-01,-3.060980439186096191e-01,2.591111510992050171e-02,-1.873264789581298828e+00,2.521222829818725586e+00,2.007382631301879883e+00
2.162021875381469727e+00,1.327230930328369141e+00,2.070235013961791992e+00,2.584908485412597656e+00,-7.466102838516235352e-01,4.576768577098846436e-01,1.585928082466125488e+00,1.013746261596679688e+00,-4.149665832519531250e-01,1.936102986335754395e+00,-1.518935441970825195e+00,7.250710129737854004e-01,-2.925391197204589844e+00,7.313855290412902832e-01,-9.607676863670349121e-01,-7.225106358528137207e-01,1.941689610481262207e+00,-1.075699806213378906e+00,-1.891635060310363770e+00,1.600330621004104614e-01
5.339474081993103027e-01,-1.691144824028015137e+00,-1.895256400108337402e+00,-9.357906877994537354e-02,2.697036266326904297e-01,1.937405467033386230e+00,-1.903086543083190918e+00,-1.911481261253356934e+00,-1.556115269660949707e+00,2.566417217254638672e+00,-1.434563755989074707e+00,-9.086169600486755371e-01,-2.495753288269042969e+00,-1.402635574340820312e+00,-2.895467758178710938e+00,-1.119131088256835938e+00,-1.492624282836914062e+00,1.938281178474426270e+00,-4.688662886619567871e-01,2.619997501373291016e+00
1.613382220268249512e+00,-8.491193056106567383e-01,-1.834542274475097656e+00,1.770488619804382324e+00,-3.887341320514678955e-01,1.826694965362548828e+00,-1.973469734191894531e+00,-3.330400288105010986e-01,-5.209833383560180664e-01,1.887193694710731506e-02,-1.653698205947875977e+00,-1.490216255187988281e+00,2.207248687744140625e+00,-5.406520143151283264e-02,-1.314069509506225586e+00,2.040961742401123047e+00,4.066553115844726562e-01,-1.403405666351318359e+00,-3.464915454387664795e-01,1.625570654869079590e+00
-1.087791204452514648e+00,1.421430706977844238e+00,4.015868008136749268e-01,-5.530471801757812500e-01,-1.258027672767639160e+00,1.435616493225097656e+00,-1.923371851444244385e-01,-2.011769056320190430e+00,-1.363334298133850098e+00,1.645261198282241821e-01,-3.759187161922454834e-01,-8.389269113540649414e-01,-2.180201292037963867e+00,-2.077064990997314453e+00,-1.643075108528137207e+00,-1.426092267036437988e+00,1.203886151313781738e+00,-5.741119980812072754e-01,4.009161889553070068e-01,-1.044820189476013184e+00
3.438636064529418945e-01,2.360561609268188477e+00,-4.400528371334075928e-01,4.051136374473571777e-01,-2.597922801971435547e+00,1.501798987388610840e+00,-6.391485929489135742e-01,1.618183493614196777e+00,9.334501624107360840e-01,-2.598228693008422852e+00,2.904085814952850342e-01,-4.174335896968841553e-01,2.457861304283142090e-01,2.656242370605468750e+00,-1.543890953063964844e+00,3.371944725513458252e-01,-1.793585419654846191e+00,1.914731860160827637e+00,1.460745334625244141e+00,-5.273698568344116211e-01
1.578111171722412109e+00,1.648093461990356445e-01,8.834403008222579956e-02,9.162532687187194824e-01,-2.170648097991943359e+00,5.874516367912292480e-01,-1.148469895124435425e-01,2.253613948822021484e+00,1.722847819328308105e-01,2.470892429351806641e+00,-5.545255541801452637e-01,8.894075751304626465e-01,-2.102572441101074219e+00,-1.783187627792358398e+00,2.229477882385253906e+00,9.764260053634643555e-01,-1.786455273628234863e+00,-1.411226630210876465e+00,-5.065320730209350586e-01,-1.389072775840759277e+00
-1.973983831703662872e-02,8.552896976470947266e-01,-1.203965067863464355e+00,5.300656557083129883e-01,-1.636784821748733521e-01,2.915001392364501953e+00,1.362945199012756348e+00,1.806722998619079590e+00,-1.577200651168823242e+00,-1.155966162681579590e+00,2.429170370101928711e+00,-7.526377439498901367e-01,-1.283164858818054199e+00,-1.151782274246215820e+00,1.500026702880859375e+00,-1.348510384559631348e+00,1.254065781831741333e-01,-2.396528005599975586e+00,9.718291163444519043e-01,-1.108731150627136230e+00
-1.329864621162414551e+00,-1.411408066749572754e+00,-1.243608117103576660e+00,5.718841776251792908e-02,9.267829358577728271e-03,-1.703736484050750732e-01,-1.625035524368286133e+00,-1.180786848068237305e+00,8.211010098457336426e-01,2.205665588378906250e+00,1.408347636461257935e-01,-1.427776932716369629e+00,2.337468862533569336e+00,-1.562169313430786133e+00,5.386769175529479980e-01,-3.294890224933624268e-01,1.731577157974243164e+00,-1.860710859298706055e+00,2.170655429363250732e-01,-2.950033664703369141e+00
-2.385614156723022461e+00,1.836418867111206055e+00,-2.339884757995605469e+00,2.085565030574798584e-01,5.040389299392700195e-01,-2.761511802673339844e+00,-1.623267531394958496e+00,-8.352363109588623047e-02,-1.245831131935119629e+00,-1.087752580642700195e+00,-2.081595659255981445e+00,2.889853239059448242e+00,-1.545400738716125488e+00,7.528137564659118652e-01,-9.827456474304199219e-01,-2.108122110366821289e+00,7.886254787445068359e-01,2.120684862136840820e+00,-8.068065643310546875e-01,1.098330855369567871e+00
-8.646309375762939453e-01,6.390271335840225220e-02,2.021558523178100586e+00,2.699718236923217773e+00,1.496147215366363525e-01,2.512890100479125977e+00,-1.248991012573242188e+00,2.941019535064697266e+00,-1.122661828994750977e+00,8.416192978620529175e-02,-1.094612836837768555e+00,1.190654754638671875e+00,4.411078989505767822e-01,-1.367067337036132812e+00,6.863998770713806152e-01,2.421703577041625977e+00,-2.026685953140258789e+00,-2.060122966766357422e+00,1.043026328086853027e+00,6.725411415100097656e-01
1.351622939109802246e-01,-6.412236094474792480e-01,-2.886461973190307617e+00,-1.704593151807785034e-01,-2.554425716400146484e+00,7.951454520225524902e-01,1.747846841812133789e+00,6.512436270713806152e-01,1.567353487014770508e+00,-2.027084350585937500e+00,-1.066718935966491699e+00,-1.545940399169921875e+00,2.764457464218139648e+00,-2.102136313915252686e-01,-1.055641174316406250e+00,3.526381254196166992e-01,-2.673425912857055664e+00,5.731974840164184570e-01,-1.263076305389404297e+00,-1.020593166351318359e+00
-2.472933769226074219e+00,-8.348831534385681152e-01,-2.603909969329833984e+00,-4.009061753749847412e-01,-2.824632883071899414e+00,1.189194768667221069e-01,-1.047738790512084961e+00,7.383532822132110596e-02,1.976873397827148438e+00,-1.872653007507324219e+00,-9.125480651855468750e-01,5.536443591117858887e-01,-1.834679365158081055e+00,1.508555412292480469e+00,6.529484391212463379e-01,1.527408361434936523e-01,-5.523111820220947266e-01,6.813323497772216797e-01,1.552803874015808105e+00,1.456019401550292969e+00
-8.959941565990447998e-02,2.218617439270019531e+00,-1.676595568656921387e+00,1.030084490776062012e+00,-2.535170555114746094e+00,1.277309536933898926e+00,-4.146638512611389160e-01,1.442437291145324707e+00,1.961261630058288574e+00,1.171039223670959473e+00,-3.056000359356403351e-02,-6.079578399658203125e-01,-2.173276662826538086e+00,-2.208729267120361328e+00,2.390349626541137695e+00,2.029838562011718750e+00,-1.324920892715454102e+00,1.732303142547607422e+00,-2.510277509689331055e+00,-1.272709131240844727e+00
1.136845536530017853e-02,6.131504178047180176e-01,-8.114127516746520996e-01,-2.738169670104980469e+00,-1.345317125320434570e+00,-1.072908192873001099e-01,-3.435669839382171631e-01,1.211398959159851074e+00,-2.030745029449462891e+00,-6.419644504785537720e-02,1.110437035560607910e+00,2.352460145950317383e+00,-1.440098643302917480e+00,1.297745853662490845e-01,9.800404310226440430e-01,-2.818788051605224609e+00,-1.045400738716125488e+00,-2.195656299591064453e-01,1.085254311561584473e+00,-8.392241597175598145e-01
-1.971937298774719238e+00,-4.929635524749755859e-01,5.090507268905639648e-01,1.777577042579650879e+00,1.661563515663146973e+00,-1.048288822174072266e+00,-1.236144661903381348e+00,2.924275398254394531e+00,-2.543773174285888672e+00,1.413122057914733887e+00,2.183817148208618164e+00,-1.550789237022399902e+00,3.787758350372314453e-01,-1.412980079650878906e+00,-1.772569298744201660e+00,-1.171423673629760742e+00,-1.591623425483703613e-01,-9.270325899124145508e-01,3.000141382217407227e-01,-1.675150156021118164e+00
-1.014175415039062500e+00,2.183763980865478516e+00,-2.607970476150512695e+00,2.112998008728027344e+00,-6.657459735870361328e-01,-3.220711052417755127e-01,1.022250890731811523e+00,-2.435662746429443359e+00,1.906839728355407715e+00,1.552249073982238770e+00,-1.158284544944763184e+00,-7.696710228919982910e-01,-2.769665241241455078e+00,-2.105283975601196289e+00,-9.005855917930603027e-01,-4.013441801071166992e-01,-2.758839368820190430e+00,1.008822441101074219e+00,-2.687213420867919922e+00,1.185306549072265625e+00
1.775438785552978516e+00,-2.372260808944702148e+00,-8.620062470436096191e-01,6.000810265541076660e-01,6.226921081542968750e-01,-9.337061047554016113e-01,-2.026639699935913086e+00,6.154250502586364746e-01,-6.901932954788208008e-01,-1.711532354354858398e+00,2.450408697128295898e+00,1.872160673141479492e+00,-6.140174269676208496e-01,7.988354563713073730e-01,1.060703277587890625e+00,2.094394922256469727e+00,1.612182378768920898e+00,2.690255403518676758e+00,-2.642035245895385742e+00,-3.265934288501739502e-01
2.113375663757324219e+00,4.104155600070953369e-01,-1.001004874706268311e-01,5.389162302017211914e-01,-6.970362663269042969e-01,-2.639559030532836914e+00,-6.971090435981750488e-01,1.607031583786010742e+00,7.022609114646911621e-01,-1.732003808021545410e+00,-2.020634263753890991e-01,-1.181476593017578125e+00,-5.492256283760070801e-01,1.427220940589904785e+00,5.530794262886047363e-01,1.670463919639587402e+00,-2.867014884948730469e+00,4.989660084247589111e-01,-5.562592148780822754e-01,-1.462220311164855957e+00
1.884403824806213379e-01,-1.622316479682922363e+00,-2.804440259933471680e-01,-2.677143573760986328e+00,-4.777404665946960449e-01,9.659547805786132812e-01,-2.238901138305664062e+00,-1.867364525794982910e+00,-1.988310098648071289e+00,-1.457837700843811035e+00,1.729920625686645508e+00,1.784867793321609497e-01,-4.273775219917297363e-01,-9.157993197441101074e-01,-5.701379179954528809e-01,-4.481014609336853027e-01,-1.176357746124267578e+00,3.360394537448883057e-01,-5.819935798645019531e-01,2.646970033645629883e+00
-1.726525068283081055e+00,1.141590595245361328e+00,-2.022128820419311523e+00,-5.172176957130432129e-01,-9.584468603134155273e-01,1.803610205650329590e+00,-1.221088647842407227e+00,8.500998020172119141e-01,-2.394362211227416992e+00,-2.277623653411865234e+00,1.246166825294494629e+00,8.923476934432983398e-01,-2.561364173889160156e+00,-1.312114119529724121e+00,1.970322012901306152e+00,1.627307772636413574e+00,1.479541808366775513e-01,1.576627373695373535e+00,-1.886677384376525879e+00,3.537417650222778320e-01
-2.324748992919921875e+00,7.879322767257690430e-01,-2.976630926132202148e+00,1.814005494117736816e+00,5.735337734222412109e-01,1.654829859733581543e+00,-4.297576844692230225e-02,2.778550863265991211e+00,1.724421977996826172e+00,1.910470843315124512e+00,-2.673110008239746094e+00,-1.194870233535766602e+00,1.035526394844055176e+00,-2.838024854660034180e+00,-1.286000967025756836e+00,6.706234812736511230e-02,1.537089228630065918e+00,2.664727926254272461e+00,-2.561249434947967529e-01,-2.861758708953857422e+00
2.652238607406616211e+00,2.644304513931274414e+00,1.399443745613098145e+00,1.775352239608764648e+00,-2.774540185928344727e+00,-4.890110492706298828e-01,-4.406411945819854736e-01,1.618123799562454224e-01,1.138551712036132812e+00,6.048226356506347656e-01,1.193774223327636719e+00,-8.407179713249206543e-01,-8.365809917449951172e-01,6.065241098403930664e-01,1.044078826904296875e+00,-4.292868375778198242e-01,-9.404291212558746338e-02,1.292222857475280762e+00,-1.343237996101379395e+00,-7.551640272140502930e-01
1.983391165733337402e+00,-8.539817929267883301e-01,-1.967783570289611816e+00,5.928489565849304199e-01,-1.190038442611694336e+00,1.635818004608154297e+00,1.510542511940002441e+00,1.000544786453247070e+00,-4.272935390472412109e-01,-1.707591533660888672e+00,-2.018806934356689453e+00,1.334737300872802734e+00,-1.418389558792114258e+00,2.484227180480957031e+00,-2.296854019165039062e+00,2.934828698635101318e-01,3.404232859611511230e-02,-3.220475018024444580e-01,1.572575569152832031e-01,-6.108798384666442871e-01
6.449373364448547363e-01,1.111549854278564453e+00,1.529743909835815430e+00,5.564339458942413330e-02,-2.429937839508056641e+00,-4.829748570919036865e-01,1.400273561477661133e+00,7.869065999984741211e-01,-9.019715189933776855e-01,-8.756861686706542969e-01,-2.319735050201416016e+00,9.606395959854125977e-01,-2.822670459747314453e+00,-2.302147865295410156e+00,-1.685688614845275879e+00,1.175118923187255859e+00,-6.235764026641845703e-01,1.611960411071777344e+00,-1.718271613121032715e+00,-1.097538232803344727e+00
2.506475925445556641e+00,1.159212470054626465e+00,-8.213907480239868164e-01,2.075104475021362305e+00,-2.527332782745361328e+00,-1.062269568443298340e+00,4.212163388729095459e-01,-4.318414032459259033e-01,2.009391069412231445e+00,-2.824485860764980316e-02,-2.056092470884323120e-01,5.747598409652709961e-01,1.164329409599304199e+00,-1.091632485389709473e+00,2.790536403656005859e+00,-1.312337279319763184e+00,-9.781789034605026245e-03,1.139908194541931152e+00,4.844794869422912598e-01,-8.196222186088562012e-01
1.599879026412963867e+00,1.137134432792663574e+00,-2.630590915679931641e+00,3.991587758064270020e-01,9.439147710800170898e-01,-2.418891042470932007e-01,-2.035970211029052734e+00,-1.379060387611389160e+00,8.029384613037109375e-01,1.571285486221313477e+00,2.996505051851272583e-02,-1.687094688415527344e+00,-1.445579886436462402e+00,-2.551946640014648438e+00,-4.782167077064514160e-01,-8.291023969650268555e-02,-2.659478902816772461e+00,-1.513335824012756348e+00,6.451804637908935547e-01,-2.861783742904663086e+00
-1.416939403861761093e-02,1.099281549453735352e+00,-9.795529842376708984e-01,-1.392409324645996094e+00,1.028976082801818848e+00,1.791788220405578613e+00,-1.586843848228454590e+00,1.060564756393432617e+00,-2.290865182876586914e+00,-2.772288918495178223e-01,-4.898608475923538208e-02,5.135217905044555664e-01,2.525503396987915039e+00,-8.836231827735900879e-01,1.388732552528381348e+00,-1.197585701942443848e+00,-2.954095125198364258e+00,-2.277258872985839844e+00,-2.048929929733276367e+00,-1.390837192535400391e+00
1.310278654098510742e+00,-2.579554557800292969e+00,-2.619727373123168945e+00,1.163549900054931641e+00,-2.730120897293090820e+00,6.585899591445922852e-01,-2.851236581802368164e+00,-2.209579467773437500e+00,-1.407563805580139160e+00,-8.912355899810791016e-01,9.787217974662780762e-01,2.775548934936523438e+00,2.782680034637451172e+00,-8.397964835166931152e-01,1.982182621955871582e+00,2.229613304138183594e+00,-2.842939138412475586e+00,-1.231648549437522888e-01,1.493148207664489746e+00,2.095012187957763672e+00
-5.335537791252136230e-01,-4.157025218009948730e-01,-2.705457210540771484e+00,-1.694535136222839355e+00,2.482028484344482422e+00,9.515923857688903809e-01,2.473849534988403320e+00,8.979040384292602539e-01,1.523235201835632324e+00,2.213871330022811890e-01,1.587813019752502441e+00,-2.342548847198486328e+00,1.728546023368835449e+00,-1.360137462615966797e+00,-1.071647047996520996e+00,-2.169393777847290039e+00,-2.217981576919555664e+00,4.074361175298690796e-02,-1.017745733261108398e+00,1.252240538597106934e+00
3.402432501316070557e-01,-2.440547943115234375e+00,6.570534706115722656e-01,-2.503826618194580078e+00,1.013012170791625977e+00,1.909684658050537109e+00,6.069898605346679688e-01,6.232802271842956543e-01,-1.207870125770568848e+00,-2.082398414611816406e+00,-4.770248532295227051e-01,-1.302701234817504883e+00,2.082293510437011719e+00,2.522582292556762695e+00,-2.199569702148437500e+00,-2.449070930480957031e+00,7.351400256156921387e-01,-2.194204807281494141e+00,-1.082246541976928711e+00,-7.034876346588134766e-01
-1.418276578187942505e-01,1.075235247611999512e+00,-1.304361701011657715e+00,2.898886919021606445e+00,-8.013361692428588867e-01,-1.731498479843139648e+00,-1.568311452865600586e+00,2.358288764953613281e+00,2.526027560234069824e-01,1.079138636589050293e+00,4.406337141990661621e-01,-2.495435476303100586e+00,2.865217685699462891e+00,-8.474732041358947754e-01,-4.490539133548736572e-01,-1.429893851280212402e+00,-2.808867931365966797e+00,-2.557935476303100586e+00,2.594190597534179688e+00,7.391898036003112793e-01
-2.530285120010375977e+00,-1.881797909736633301e+00,-4.925480484962463379e-01,2.109498262405395508e+00,-8.336855769157409668e-01,1.471880078315734863e+00,7.866463661193847656e-01,8.211413770914077759e-02,-8.710203766822814941e-01,1.306490778923034668e+00,1.717963933944702148e+00,-7.163856062106788158e-04,-2.304729938507080078e+00,-1.957733631134033203e+00,2.585078001022338867e+00,-8.255498409271240234e-01,-1.681729078292846680e+00,1.472854852676391602e+00,-2.056580185890197754e-01,6.749585270881652832e-01
-3.846406936645507812e-01,-1.956178545951843262e+00,4.000673294067382812e-01,8.501439094543457031e-01,-9.430778622627258301e-01,9.457252621650695801e-01,2.609392881393432617e+00,8.465404063463211060e-02,-9.437465667724609375e-01,-2.585902929306030273e+00,1.358552217483520508e+00,2.142038196325302124e-01,-3.186837434768676758e-01,-2.301912546157836914e+00,2.497413873672485352e+00,-8.312118649482727051e-01,-9.920456409454345703e-01,-2.496557712554931641e+00,2.872396409511566162e-01,1.458008408546447754e+00
1.227540493011474609e+00,-5.617380738258361816e-01,1.065950274467468262e+00,-6.281270980834960938e-01,-5.455985665321350098e-01,1.556654691696166992e+00,2.200932741165161133e+00,1.922749876976013184e+00,-2.700310707092285156e+00,1.005707859992980957e+00,1.800225138664245605e+00,-3.963548690080642700e-03,5.762367323040962219e-02,1.306854486465454102e+00,-9.192483425140380859e-01,-2.047651052474975586e+00,-5.614151358604431152e-01,8.441261053085327148e-01,9.795069694519042969e-01,-2.367667675018310547e+00
-5.909815430641174316e-01,-1.256003141403198242e+00,-5.230752825736999512e-01,7.460786700248718262e-01,-2.483643770217895508e+00,3.054026281461119652e-03,1.608248591423034668e+00,4.698479473590850830e-01,-2.321896553039550781e+00,-2.881035506725311279e-01,-5.914106220006942749e-02,2.791967153549194336e+00,8.277455717325210571e-02,-4.319703578948974609e-01,-2.595525026321411133e+00,1.474091649055480957e+00,-4.226867258548736572e-01,2.268674373626708984e+00,2.696455955505371094e+00,-1.181552171707153320e+00
2.680378437042236328e+00,8.731443285942077637e-01,2.272038698196411133e+00,9.708600640296936035e-01,-2.582139730453491211e+00,-2.004564046859741211e+00,-1.808865308761596680e+00,-2.275727272033691406e+00,1.447012543678283691e+00,2.727446794509887695e+00,-1.407395362854003906e+00,2.656147718429565430e+00,9.047213196754455566e-01,-2.661562919616699219e+00,-7.147570848464965820e-01,3.921316266059875488e-01,-1.913049578666687012e+00,-2.001185178756713867e+00,2.670080661773681641e+00,5.245157480239868164e-01
3.845403194427490234e-01,7.561887502670288086e-01,2.231688022613525391e+00,1.630945444107055664e+00,-2.039927959442138672e+00,6.847881078720092773e-01,2.359471321105957031e+00,1.393279910087585449e+00,-1.445176899433135986e-01,-2.185527086257934570e+00,1.258136034011840820e+00,1.286151528358459473e+00,-1.685040116310119629e+00,2.566743135452270508e+00,1.985553652048110962e-01,-2.268621683120727539e+00,1.078666329383850098e+00,2.034801840782165527e-01,1.256523132324218750e+00,-1.089670658111572266e+00
-2.295792341232299805e+00,1.212239742279052734e+00,-2.464360237121582031e+00,2.511315345764160156e-01,3.932149708271026611e-01,1.138795375823974609e+00,1.746740341186523438e-01,1.610358476638793945e+00,-1.296525955200195312e+00,-2.246176004409790039e+00,7.544699907302856445e-01,-2.067946434020996094e+00,-5.352732539176940918e-01,1.650697827339172363e+00,-1.628521800041198730e+00,-5.662077665328979492e-01,-3.076588809490203857e-01,2.928639650344848633e+00,-1.028709650039672852e+00,-2.147179365158081055e+00
1.194488883018493652e+00,2.831279516220092773e+00,-2.250491380691528320e+00,6.647304892539978027e-01,-6.898052692413330078e-01,-1.149000167846679688e+00,-1.033558726310729980e+00,1.883391380310058594e+00,-1.813172817230224609e+00,-2.681985139846801758e+00,-2.111672163009643555e+00,2.639670848846435547e+00,1.085933923721313477e+00,5.425812005996704102e-01,-2.639468669891357422e+00,6.158563494682312012e-01,9.007072448730468750e-02,8.996206521987915039e-02,-8.717479109764099121e-01,-1.048573255538940430e+00
-1.957405567169189453e+00,-6.886675357818603516e-01,-5.198085904121398926e-01,-5.441324710845947266e-01,2.600182533264160156e+00,5.895082950592041016e-01,-4.905473291873931885e-01,1.188857853412628174e-01,-7.043258547782897949e-01,-2.952933788299560547e+00,-1.717016935348510742e+00,1.526196718215942383e+00,5.790793895721435547e-01,-1.437982082366943359e+00,1.052998661994934082e+00,-1.797928214073181152e+00,-6.720352172851562500e-01,-2.705076217651367188e+00,-1.311692595481872559e+00,9.490503072738647461e-01
1.863187998533248901e-01,2.993765175342559814e-01,-2.254173159599304199e-01,5.957238674163818359e-01,2.063215494155883789e+00,1.482732534408569336e+00,1.170806050300598145e+00,-1.294378042221069336e+00,7.145874500274658203e-01,-1.384631276130676270e+00,-7.936601638793945312e-01,2.614502668380737305e+00,2.722738981246948242e+00,6.836319565773010254e-01,-3.691124618053436279e-01,-2.248285531997680664e+00,-1.280527591705322266e+00,1.241883873939514160e+00,-9.116191864013671875e-01,1.074011251330375671e-01
1.146943926811218262e+00,1.531575798988342285e+00,-1.052063941955566406e+00,-2.280697971582412720e-01,-1.203685328364372253e-01,2.059387207031250000e+00,-9.502277970314025879e-01,-1.926753163337707520e+00,-1.336151510477066040e-01,-4.792465567588806152e-01,6.246754527091979980e-01,1.158567219972610474e-01,1.427064418792724609e+00,-1.446024298667907715e+00,-8.369022607803344727e-01,2.888843059539794922e+00,-1.943776607513427734e+00,2.492796897888183594e+00,-9.669981002807617188e-01,-1.751586437225341797e+00
4.186696112155914307e-01,-2.287003993988037109e+00,-1.425153970718383789e+00,-1.615301370620727539e+00,1.296371936798095703e+00,8.203809857368469238e-01,4.859826564788818359e-01,1.527643680572509766e+00,-2.960625886917114258e-01,1.076134324073791504e+00,-2.561600446701049805e+00,1.166699171066284180e+00,-2.160903453826904297e+00,1.477843403816223145e+00,-2.527444839477539062e+00,-2.592432260513305664e+00,-9.890981316566467285e-01,-2.375445604324340820e+00,-6.805064082145690918e-01,-2.837790250778198242e-01
5.443624854087829590e-01,6.336772441864013672e-02,1.009171843528747559e+00,7.696810960769653320e-01,-2.185516834259033203e+00,-5.335214734077453613e-01,2.534167289733886719e+00,1.796498298645019531e+00,-2.563555479049682617e+00,6.030897796154022217e-02,1.852006077766418457e+00,-1.413366794586181641e+00,-1.439806818962097168e+00,-3.899328112602233887e-01,-1.558258295059204102e+00,1.323904395103454590e+00,-2.543634653091430664e+00,8.846166729927062988e-01,1.524420738220214844e+00,-2.677427530288696289e+00
2.231257438659667969e+00,-1.322736620903015137e+00,3.215622603893280029e-01,2.748000383377075195e+00,2.393712759017944336e+00,1.900350570678710938e+00,-1.763144493103027344e+00,-1.519231051206588745e-01,2.380991220474243164e+00,-2.259527444839477539e-01,-6.163708567619323730e-01,-2.919850111007690430e+00,4.689070582389831543e-01,8.540463447570800781e-01,-1.057376980781555176e+00,9.065022319555282593e-02,-2.041381359100341797e+00,-1.848777770996093750e+00,-3.252286911010742188e-01,8.187683820724487305e-01
-7.944984734058380127e-02,1.071777224540710449e+00,-1.945242047309875488e+00,1.875909417867660522e-01,-1.203204631805419922e+00,1.330324292182922363e+00,-1.369235038757324219e+00,1.729226350784301758e+00,-6.321982145309448242e-01,-5.312838777899742126e-02,3.139047324657440186e-01,-2.704889297485351562e+00,7.780655026435852051e-01,-2.619143486022949219e+00,1.360399007797241211e+00,2.674616813659667969e+00,1.363838195800781250e+00,-6.081039309501647949e-01,-1.355493426322937012e+00,-2.770493984222412109e+00
2.106760263442993164e+00,7.210852503776550293e-01,-2.574291229248046875e+00,2.037241458892822266e+00,-2.298538446426391602e+00,2.153621435165405273e+00,-2.995733916759490967e-01,1.594417095184326172e+00,9.584518671035766602e-01,-8.633465170860290527e-01,2.311011075973510742e+00,1.749859213829040527e+00,-2.224004745483398438e+00,2.666601181030273438e+00,-1.420134156942367554e-01,2.239672183990478516e+00,-1.976348310708999634e-01,2.687934339046478271e-01,2.843299150466918945e+00,6.304210424423217773e-01
-2.633177280426025391e+00,-2.809650301933288574e-01,-2.993618011474609375e+00,-1.355737447738647461e+00,1.947594881057739258e-01,1.847891807556152344e+00,-2.570044994354248047e+00,2.910297155380249023e+00,2.094115972518920898e+00,-2.715886592864990234e+00,-7.273393273353576660e-01,2.791557312011718750e+00,-1.625139474868774414e+00,-5.071558356285095215e-01,2.890104293823242188e+00,8.347609639167785645e-01,-1.574258446693420410e+00,-1.955012440681457520e+00,4.644643366336822510e-01,1.938502073287963867e+00
-8.198899030685424805e-01,-5.529073476791381836e-01,-2.127661943435668945e+00,8.988076448440551758e-01,1.045871600508689880e-01,-1.128890037536621094e+00,-2.477835655212402344e+00,-1.914586424827575684e+00,7.976716756820678711e-01,1.439818263053894043e+00,1.778674006462097168e+00,1.192629337310791016e+00,8.030628561973571777e-01,2.241257905960083008e+00,3.645161390304565430e-01,-1.766301631927490234e+00,-3.761636316776275635e-01,2.205637931823730469e+00,-1.827014684677124023e+00,-8.105846047401428223e-01
-2.606286764144897461e+00,-3.899036049842834473e-01,-2.649693489074707031e+00,2.857269048690795898e+00,2.206333160400390625e+00,-7.284354567527770996e-01,-9.063794612884521484e-01,-6.822897791862487793e-01,-1.402262330055236816e+00,-1.233776450157165527e+00,1.531605362892150879e+00,-2.357018947601318359e+00,-8.516544103622436523e-01,-1.324157595634460449e+00,2.829322814941406250e-01,-1.797101378440856934e+00,1.073269486427307129e+00,1.638713479042053223e+00,-2.497133016586303711e+00,-1.579166769981384277e+00
-4.927707612514495850e-01,-2.144476890563964844e+00,7.261964082717895508e-01,5.654597282409667969e-01,-2.892314672470092773e+00,5.385619401931762695e-01,7.082819938659667969e-01,-3.091223537921905518e-01,-3.080610036849975586e-01,-1.174340993165969849e-01,-2.836189746856689453e+00,2.168152332305908203e+00,-3.832590281963348389e-01,-4.821873307228088379e-01,-2.425473928451538086e+00,-1.174590349197387695e+00,-2.708854675292968750e+00,-5.300658941268920898e-01,-2.665904164314270020e-01,2.725214242935180664e+00
-1.003657937049865723e+00,-2.794718742370605469e-01,-3.564745187759399414e-01,1.376852512359619141e+00,1.732242345809936523e+00,1.199832558631896973e+00,-2.169710874557495117e+00,-1.245821714401245117e+00,4.717377573251724243e-02,-1.797552108764648438e+00,-1.316826194524765015e-01,4.802617430686950684e-01,1.196395039558410645e+00,-2.800145149230957031e+00,2.608757257461547852e+00,1.987241953611373901e-01,-2.547627449035644531e+00,-2.317527770996093750e+00,2.542402029037475586e+00,-6.094987392425537109e-01
5.592699646949768066e-01,6.127707958221435547e-01,-1.663882493972778320e+00,6.726457476615905762e-01,2.779031991958618164e+00,-3.094414174556732178e-01,2.078392982482910156e+00,2.896630048751831055e+00,2.389860004186630249e-01,-8.005000352859497070e-01,-1.139651536941528320e+00,1.514520764350891113e+00,-6.288050413131713867e-01,1.252133846282958984e+00,-3.238287568092346191e-02,-1.835561394691467285e+00,-2.309942722320556641e+00,8.908227682113647461e-01,1.287763953208923340e+00,-4.068629443645477295e-01
-4.057950079441070557e-01,-2.472277402877807617e+00,-1.062723278999328613e+00,1.685484528541564941e+00,-1.148343443870544434e+00,1.659078001976013184e+00,5.787687003612518311e-02,9.335306882858276367e-01,-5.298157930374145508e-01,-7.212669849395751953e-01,-2.253214359283447266e+00,7.601510286331176758e-01,2.136825799942016602e+00,2.688867568969726562e+00,-1.061318039894104004e+00,-6.126762032508850098e-01,2.340412735939025879e-01,1.215734720230102539e+00,1.848507881164550781e+00,-7.920812964439392090e-01
1.646923780441284180e+00,2.769536972045898438e+00,-4.015322402119636536e-02,1.244816333055496216e-01,-9.517533183097839355e-01,2.080606937408447266e+00,-2.308783531188964844e+00,2.759075164794921875e+00,-8.608332872390747070e-01,-2.822056531906127930e+00,8.552340865135192871e-01,9.853782057762145996e-01,-1.125459551811218262e+00,-2.111362934112548828e+00,3.048887550830841064e-01,-1.660791039466857910e+00,-1.799775004386901855e+00,-8.960559219121932983e-02,-9.854937195777893066e-01,-2.674986124038696289e-01
7.283830046653747559e-01,-5.186596512794494629e-01,-2.498347043991088867e+00,2.885293722152709961e+00,-1.320021390914916992e+00,6.073737144470214844e-01,-3.183631971478462219e-02,1.295754551887512207e+00,2.102088928222656250e+00,-3.292147219181060791e-01,-2.378866195678710938e+00,1.584980964660644531e+00,7.328096032142639160e-01,-5.380743145942687988e-01,1.139418840408325195e+00,4.039008915424346924e-01,-9.522066712379455566e-01,-6.943494677543640137e-01,-1.411869287490844727e+00,1.889635920524597168e+00
1.987511634826660156e+00,-8.938169479370117188e-01,1.455903649330139160e+00,-5.783743858337402344e-01,2.072870135307312012e-01,6.191775575280189514e-02,-1.654144763946533203e+00,1.239215373992919922e+00,-1.875267624855041504e+00,-2.412096500396728516e+00,-4.395870864391326904e-01,-2.652027845382690430e+00,-5.751475095748901367e-01,7.270423173904418945e-01,-1.169729828834533691e+00,-1.838853478431701660e+00,-8.172342777252197266e-01,-2.727341413497924805e+00,2.487547636032104492e+00,-1.240421295166015625e+00
2.306529045104980469e+00,1.475599765777587891e+00,1.037424325942993164e+00,2.814142942428588867e+00,2.323660850524902344e+00,2.495592594146728516e+00,1.301523745059967041e-01,2.727479673922061920e-02,-3.183924853801727295e-01,2.555642604827880859e+00,-4.681836962699890137e-01,-1.036696672439575195e+00,2.953346729278564453e+00,-2.180361986160278320e+00,-6.447929143905639648e-01,-1.730680465698242188e+00,-2.562142133712768555e+00,-2.276524782180786133e+00,-1.031549215316772461e+00,4.381973147392272949e-01
6.390696167945861816e-01,-1.611640691757202148e+00,1.908442974090576172e-01,-2.825349807739257812e+00,-2.032764673233032227e+00,-4.113089144229888916e-01,2.014274358749389648e+00,-4.027979671955108643e-01,1.261038929224014282e-01,-2.660292148590087891e+00,6.377142071723937988e-01,-1.332896590232849121e+00,-1.526388764381408691e+00,-2.208348512649536133e+00,4.131362438201904297e-01,-2.847838640213012695e+00,-4.651825726032257080e-01,-2.434777170419692993e-01,-7.199702262878417969e-01,-2.750548601150512695e+00
8.994220942258834839e-02,-1.088849306106567383e+00,2.914106369018554688e+00,2.478450775146484375e+00,-2.337090015411376953e+00,-8.115106821060180664e-01,-4.565931558609008789e-01,1.125259399414062500e+00,-8.171615600585937500e-01,-8.364524841308593750e-01,4.194822609424591064e-01,-1.456750035285949707e+00,2.118432283401489258e+00,1.632371187210083008e+00,-8.012660741806030273e-01,7.009509801864624023e-01,2.035022258758544922e+00,3.828129768371582031e-01,-3.371661007404327393e-01,-2.827641010284423828e+00
-2.204363346099853516e+00,-1.833888530731201172e+00,-9.515761733055114746e-01,9.174340963363647461e-01,-4.961692392826080322e-01,-8.069213628768920898e-01,-8.739340901374816895e-01,-2.623632431030273438e+00,1.331490397453308105e+00,2.780178785324096680e+00,-1.521001338958740234e+00,1.870812177658081055e+00,2.291215658187866211e+00,-1.227332472801208496e+00,9.247390031814575195e-01,-5.262106284499168396e-02,-1.695779681205749512e+00,1.446604371070861816e+00,-2.498309910297393799e-01,-2.034893035888671875e+00
7.017004489898681641e-01,9.601076841354370117e-01,1.331159353256225586e+00,1.034304857254028320e+00,-1.147786378860473633e+00,-2.753651380538940430e+00,1.354289650917053223e+00,1.961519479751586914e+00,-1.606094837188720703e+00,2.703817784786224365e-01,4.461549222469329834e-01,-1.346726715564727783e-01,6.373333334922790527e-01,2.415520191192626953e+00,-6.798737049102783203e-01,1.288483738899230957e-01,-1.834058403968811035e+00,-3.190103471279144287e-01,7.920717597007751465e-01,-2.618190288543701172e+00
3.554192185401916504e-01,-2.536205053329467773e-01,-1.312617540359497070e+00,8.299562931060791016e-01,-4.806927144527435303e-01,1.589724898338317871e+00,4.815437197685241699e-01,-5.212725698947906494e-02,-8.496809005737304688e-01,-4.903801679611206055e-01,7.078592777252197266e-01,1.753148674964904785e+00,1.605424642562866211e+00,-2.252466440200805664e+00,9.621783494949340820e-01,1.832577347755432129e+00,5.942180752754211426e-01,1.660025715827941895e+00,-4.344606697559356689e-01,-6.187050342559814453e-01
-2.175118215382099152e-02,2.962018251419067383e+00,-2.372965574264526367e+00,-1.958551645278930664e+00,-2.881873369216918945e+00,1.883880734443664551e+00,-8.953948020935058594e-01,1.528414487838745117e+00,-1.520759314298629761e-01,-2.292441368103027344e+00,-2.753059864044189453e+00,1.537347674369812012e+00,-1.052181363105773926e+00,-2.224666178226470947e-01,-2.244752347469329834e-01,-1.614476323127746582e+00,-2.183658599853515625e+00,1.879370450973510742e+00,-4.171496629714965820e-01,7.202913165092468262e-01
-4.625835418701171875e-01,6.027528047561645508e-01,1.485260486602783203e+00,1.557947754859924316e+00,-4.443718492984771729e-01,-2.190354168415069580e-01,-1.047088384628295898e+00,-1.566139221191406250e+00,-1.948121070861816406e+00,-5.631095767021179199e-01,-1.926220774650573730e+00,2.899294376373291016e+00,-1.071428298950195312e+00,3.501711785793304443e-01,-2.087663650512695312e+00,-9.677707403898239136e-02,-1.854965567588806152e+00,8.501440882682800293e-01,2.480743408203125000e+00,-1.642202019691467285e+00
1.554707407951354980e+00,-2.654880523681640625e+00,2.250981330871582031e+00,8.062393069267272949e-01,-1.723673105239868164e+00,-4.310463368892669678e-01,1.688386201858520508e+00,-2.123331308364868164e+00,-1.766844391822814941e+00,2.850302934646606445e+00,1.630414724349975586e+00,1.686493873596191406e+00,1.641605496406555176e+00,2.424739360809326172e+00,-4.475761055946350098e-01,-2.293615579605102539e+00,1.029448986053466797e+00,-1.865807890892028809e+00,-2.036442756652832031e-01,-1.205627083778381348e+00
1.925749778747558594e+00,1.559606552124023438e+00,-1.129854559898376465e+00,3.665160834789276123e-01,4.266716539859771729e-01,1.631576418876647949e+00,1.032731294631958008e+00,5.950348377227783203e-01,1.520767569541931152e+00,9.722506403923034668e-01,5.752316489815711975e-02,1.459174990653991699e+00,1.270949602127075195e+00,-1.694770932197570801e+00,1.636256456375122070e+00,-1.296514391899108887e+00,2.745385766029357910e-01,-6.083514690399169922e-01,-7.651546597480773926e-01,-2.392942190170288086e+00
-2.769538402557373047e+00,1.615206599235534668e+00,-2.097913026809692383e+00,-8.764364123344421387e-01,4.462219774723052979e-02,1.069356560707092285e+00,-2.225005149841308594e+00,1.769286870956420898e+00,5.745412781834602356e-02,-1.714062213897705078e+00,-9.402452111244201660e-01,-2.422912120819091797e+00,1.173228144645690918e+00,1.926719993352890015e-01,-8.881916403770446777e-01,1.516241788864135742e+00,-3.818798065185546875e-01,-2.205223560333251953e+00,-8.090080618858337402e-01,1.397654175758361816e+00
-7.052991390228271484e-01,1.137878060340881348e+00,5.032358765602111816e-01,-1.222400307655334473e+00,-5.494856238365173340e-01,-5.326730757951736450e-02,-1.023615077137947083e-01,-1.423034369945526123e-01,-3.538658320903778076e-01,1.059592366218566895e+00,9.898085594177246094e-01,1.341454863548278809e+00,-2.618256568908691406e+00,-7.706848978996276855e-01,1.098784208297729492e+00,1.633710622787475586e+00,-8.552746772766113281e-01,2.567171752452850342e-01,-1.076069235801696777e+00,-1.702065706253051758e+00
2.286195278167724609e+00,4.526774585247039795e-01,-2.720510005950927734e+00,-2.079651594161987305e+00,-1.775809168815612793e+00,2.926719903945922852e+00,2.305800199508666992e+00,-1.563500761985778809e+00,-1.541234552860260010e-01,-1.703328728675842285e+00,5.440012812614440918e-01,1.244056344032287598e+00,-2.658994674682617188e+00,-1.817575931549072266e+00,2.299927949905395508e+00,1.744281768798828125e+00,-2.916764974594116211e+00,-2.720433235168457031e+00,-1.268768906593322754e-01,-8.435314893722534180e-01
-8.617169857025146484e-01,1.542470693588256836e+00,-1.123530149459838867e+00,1.408877015113830566e+00,-2.373393058776855469e+00,9.780509471893310547e-01,-1.875999808311462402e+00,8.699039816856384277e-01,6.940547227859497070e-01,5.250079631805419922e-01,1.936200499534606934e+00,-2.659442186355590820e+00,8.465707302093505859e-01,-1.465777993202209473e+00,6.581097841262817383e-01,2.427574634552001953e+00,-1.960717797279357910e+00,-7.059290409088134766e-01,7.297678589820861816e-01,-1.004222512245178223e+00
2.489885807037353516e+00,1.829082518815994263e-01,-2.372529268264770508e+00,-1.956629276275634766e+00,-2.416463613510131836e+00,2.857471704483032227e+00,-6.107261180877685547e-01,-5.346820354461669922e-01,4.193103611469268799e-01,2.260208129882812500e-01,3.651643395423889160e-01,-2.885895013809204102e+00,-1.130653977394104004e+00,1.628245353698730469e+00,-1.515514492988586426e+00,5.002985000610351562e-01,7.452660202980041504e-01,1.140200257301330566e+00,-1.191136479377746582e+00,-2.333169698715209961e+00
9.229149222373962402e-01,-4.629431962966918945e-01,-2.417715311050415039e+00,-8.522403836250305176e-01,-2.002707958221435547e+00,1.906964331865310669e-01,-9.552186131477355957e-01,-1.664097905158996582e+00,-1.266417801380157471e-01,6.460361480712890625e-01,-1.682050973176956177e-01,-4.086112976074218750e-01,-2.522957623004913330e-01,-6.314197778701782227e-01,-2.021625757217407227e+00,-6.602748036384582520e-01,5.973675847053527832e-01,1.909137368202209473e+00,3.738945722579956055e-01,9.543916583061218262e-01
1.493335366249084473e+00,8.784398436546325684e-01,-2.143658876419067383e+00,2.993195533752441406e+00,-2.358923435211181641e+00,-2.061207532882690430e+00,1.297531872987747192e-01,-7.449011802673339844e-01,-1.011987566947937012e+00,-1.114457130432128906e+00,2.031987905502319336e-01,2.875965595245361328e+00,2.611488580703735352e+00,2.932710051536560059e-01,1.036658287048339844e+00,2.337905406951904297e+00,-2.609036207199096680e+00,-1.385393142700195312e+00,1.986830830574035645e+00,7.604858279228210449e-01
-5.366256833076477051e-01,-9.755204319953918457e-01,-2.718577861785888672e+00,2.733081102371215820e+00,-2.506196498870849609e+00,-1.260710835456848145e+00,1.421342730522155762e+00,1.448246479034423828e+00,1.750152349472045898e+00,-1.855552196502685547e-01,-1.747408509254455566e+00,5.096322298049926758e-01,6.085193753242492676e-01,-2.982481002807617188e+00,-1.555129528045654297e+00,2.041523933410644531e+00,7.726556658744812012e-01,2.168996334075927734e+00,-2.396516084671020508e+00,-2.914852857589721680e+00
-1.388437986373901367e+00,7.860718965530395508e-01,-4.983720481395721436e-01,-1.057031154632568359e+00,-1.509149551391601562e+00,7.456697523593902588e-02,1.543913245201110840e+00,1.156357765197753906e+00,-2.382792234420776367e+00,6.094751954078674316e-01,-5.525014996528625488e-01,1.460108399391174316e+00,2.601497888565063477e+00,-8.769385814666748047e-01,-6.771939396858215332e-01,2.140147686004638672e+00,-7.888537049293518066e-01,-2.354768276214599609e+00,1.921660900115966797e-01,-1.840831518173217773e+00
7.951470017433166504e-01,-1.902367234230041504e+00,-2.257185429334640503e-01,5.978494286537170410e-01,-1.043921947479248047e+00,-2.461486339569091797e+00,-2.133672714233398438e+00,2.355010271072387695e+00,5.480170845985412598e-01,-2.143251895904541016e+00,-1.902067899703979492e+00,-1.577759027481079102e+00,-2.664907932281494141e+00,6.121739149093627930e-01,-2.885131835937500000e+00,9.291487932205200195e-01,-4.937511682510375977e-01,-2.361871115863323212e-02,6.740607619285583496e-01,1.223055124282836914e+00
-2.376621961593627930e+00,-9.176498651504516602e-01,1.572125434875488281e+00,1.827825069427490234e+00,-2.805686235427856445e+00,-1.792184591293334961e+00,-2.360549449920654297e+00,-6.121665835380554199e-01,-2.907334089279174805e+00,-1.208144903182983398e+00,1.697563290596008301e+00,1.501904487609863281e+00,-3.830885887145996094e-01,2.826792240142822266e+00,2.740725517272949219e+00,2.487578630447387695e+00,3.036757409572601318e-01,-1.484428405761718750e+00,1.113763451576232910e+00,4.533481597900390625e-01
1.681828379631042480e+00,-2.660201311111450195e+00,-1.748067736625671387e+00,-5.148701667785644531e-01,4.366550743579864502e-01,4.953157007694244385e-01,1.888009667396545410e+00,1.672340631484985352e+00,2.217130661010742188e+00,-1.189198866486549377e-01,-1.922076463699340820e+00,6.806529760360717773e-01,-1.775684475898742676e+00,9.656598567962646484e-01,-2.252947092056274414e+00,-1.637184500694274902e+00,1.234710097312927246e+00,-2.257864475250244141e+00,8.339703679084777832e-01,7.096620202064514160e-01
1.240155220031738281e+00,-2.963117837905883789e+00,2.003705024719238281e+00,3.049972057342529297e-01,-7.963110208511352539e-01,-1.103672146797180176e+00,-2.091096162796020508e+00,1.169826269149780273e+00,-1.878667235374450684e+00,1.546039938926696777e+00,-5.644090771675109863e-01,2.866531133651733398e+00,-3.437114059925079346e-01,1.390238881111145020e+00,1.168308019638061523e+00,-7.097779512405395508e-01,1.750157237052917480e+00,9.860716462135314941e-01,-2.286109924316406250e+00,-1.412833094596862793e+00
-1.161107718944549561e-01,-1.482069939374923706e-01,6.129624843597412109e-01,2.227687120437622070e+00,-2.356337547302246094e+00,-1.071266055107116699e+00,-7.953171730041503906e-01,-1.048872828483581543e+00,4.893024563789367676e-01,1.823060154914855957e+00,1.614350080490112305e-01,-2.268812656402587891e+00,-1.027843952178955078e+00,1.192797064781188965e+00,2.581636905670166016e+00,-2.633120059967041016e+00,-9.931268095970153809e-01,2.053947687149047852e+00,1.696253120899200439e-01,-1.341250061988830566e+00
-2.692409038543701172e+00,-9.343282580375671387e-01,-4.475849270820617676e-01,-1.468210697174072266e+00,1.657105565071105957e+00,1.335529208183288574e+00,-1.651038169860839844e+00,-9.032659530639648438e-01,-2.150034427642822266e+00,3.069770038127899170e-01,-1.118934273719787598e+00,-1.453701496124267578e+00,-2.534379005432128906e+00,-1.059435009956359863e+00,-2.188283443450927734e+00,-2.569028854370117188e+00,-8.885992765426635742e-01,-1.556839942932128906e+00,-2.515046596527099609e-01,1.869769930839538574e+00
1.944441437721252441e+00,2.023223400115966797e+00,-9.528229236602783203e-01,1.421128034591674805e+00,-1.215535521507263184e+00,-8.735607862472534180e-01,-4.823665022850036621e-01,-2.162502557039260864e-01,1.525266885757446289e+00,2.577401876449584961e+00,3.243320062756538391e-02,1.651572227478027344e+00,-1.836751699447631836e+00,-2.504284143447875977e+00,1.803982257843017578e+00,4.993418157100677490e-01,-2.605869531631469727e+00,1.090726107358932495e-01,-8.868730068206787109e-01,-2.805189132690429688e+00
-1.685724139213562012e+00,-2.184007167816162109e+00,-1.096804022789001465e+00,-2.193083167076110840e-01,3.773021996021270752e-01,2.639133691787719727e+00,2.120636940002441406e+00,-6.367504596710205078e-01,-5.048213601112365723e-01,-1.006299704313278198e-01,1.761987656354904175e-01,2.573210000991821289e-01,-1.884372830390930176e+00,1.298783719539642334e-01,9.723664522171020508e-01,-1.718963980674743652e+00,2.392597682774066925e-02,-1.863966584205627441e+00,-5.953466892242431641e-01,-7.485970258712768555e-01
9.583714008331298828e-01,2.041399717330932617e+00,-1.431399583816528320e+00,4.671334326267242432e-01,-2.736920356750488281e+00,1.722754716873168945e+00,-4.176733493804931641e-01,2.203246802091598511e-01,6.711723282933235168e-03,-1.621793031692504883e+00,-1.162110567092895508e+00,-1.225147128105163574e+00,1.876735925674438477e+00,-1.396321058273315430e+00,1.528816938400268555e+00,2.375411987304687500e+00,-1.361729025840759277e+00,-6.695119738578796387e-01,-1.676861166954040527e+00,-1.517275333404541016e+00
-2.914364337921142578e-01,1.069590896368026733e-01,2.301486730575561523e+00,5.299012660980224609e-01,-3.881085813045501709e-01,-2.600711584091186523e+00,-2.616421461105346680e+00,-9.133018255233764648e-01,-1.507701754570007324e+00,1.642457008361816406e+00,2.849622488021850586e+00,1.368605643510818481e-01,1.346411347389221191e+00,3.629438951611518860e-02,-1.804673671722412109e+00,-1.845317184925079346e-01,-7.980129122734069824e-01,-2.871478796005249023e+00,1.576568245887756348e+00,-1.728041529655456543e+00
1.294963061809539795e-01,4.500965476036071777e-01,1.715335011482238770e+00,-9.594922661781311035e-01,-2.088668346405029297e+00,-9.003847241401672363e-01,-1.790163755416870117e+00,2.044235467910766602e-01,-1.269431352615356445e+00,3.121250271797180176e-01,-1.197527796030044556e-01,1.309619426727294922e+00,-6.036041770130395889e-03,-2.747076034545898438e+00,-7.728370428085327148e-01,-3.158808052539825439e-01,-2.311624050140380859e+00,1.858789682388305664e+00,-2.199858665466308594e+00,-1.030100464820861816e+00
1.012121319770812988e+00,2.342089176177978516e+00,5.337099432945251465e-01,2.214416980743408203e+00,-2.538741350173950195e+00,-2.774227142333984375e+00,3.609376251697540283e-01,1.629335641860961914e+00,-2.643217802047729492e+00,1.639891266822814941e+00,-1.532683014869689941e+00,2.825783729553222656e+00,4.205136373639106750e-02,-4.069963991641998291e-01,2.189106941223144531e+00,-2.473248243331909180e+00,1.561027646064758301e+00,2.233444750308990479e-01,-2.833484411239624023e+00,9.584748744964599609e-01
-1.077996790409088135e-01,-9.296473860740661621e-01,1.022062301635742188e-01,3.532541096210479736e-01,-1.802270412445068359e+00,-1.991924196481704712e-01,-2.882122993469238281e-01,-6.244066953659057617e-01,-2.629560470581054688e+00,3.545415699481964111e-01,-1.220173001289367676e+00,6.904850006103515625e-01,-1.918453812599182129e+00,8.437566757202148438e-01,-2.828072786331176758e+00,1.674334645271301270e+00,-9.430426359176635742e-01,6.127191781997680664e-01,2.196017950773239136e-01,-1.152826379984617233e-02
2.558924436569213867e+00,-1.529198884963989258e+00,-2.276264727115631104e-01,-1.669459223747253418e+00,-2.130987882614135742e+00,2.833092689514160156e+00,8.400146961212158203e-01,8.540874719619750977e-02,9.810078740119934082e-01,1.957656979560852051e+00,1.763091087341308594e+00,-2.096983432769775391e+00,-6.436411142349243164e-01,1.561826825141906738e+00,-2.529528141021728516e+00,-7.926520109176635742e-01,2.152128219604492188e+00,8.383241295814514160e-01,-1.698898553848266602e+00,1.408754825592041016e+00
1.046039700508117676e+00,-1.669614195823669434e+00,-1.161248207092285156e+00,2.699122190475463867e+00,-1.784432768821716309e+00,2.098919391632080078e+00,7.464944124221801758e-01,-1.431766152381896973e+00,2.653212070465087891e+00,-2.324115037918090820e+00,-2.186323106288909912e-01,4.581126868724822998e-01,-6.592829823493957520e-01,-2.739446461200714111e-01,-5.314723849296569824e-01,4.853076338768005371e-01,2.055990457534790039e+00,2.782269716262817383e-01,3.165723383426666260e-01,1.434660077095031738e+00
2.082528352737426758e+00,2.184247732162475586e+00,7.501640319824218750e-01,6.633275747299194336e-01,-1.187826395034790039e+00,1.448323249816894531e+00,7.714625597000122070e-01,1.703308582305908203e+00,1.535384297370910645e+00,1.921794176101684570e+00,1.986670643091201782e-01,-5.614166259765625000e-01,-7.157449722290039062e-01,-2.275908946990966797e+00,-6.266379356384277344e-01,1.387374281883239746e+00,2.531569600105285645e-01,-1.594538569450378418e+00,-7.333209514617919922e-01,-7.009216547012329102e-01
3.844918310642242432e-01,-2.230091571807861328e+00,4.421357214450836182e-01,-1.778201937675476074e+00,2.538808822631835938e+00,9.454411864280700684e-01,-1.014171481132507324e+00,-1.003519296646118164e+00,-1.534397155046463013e-01,8.112780749797821045e-03,-2.319960355758666992e+00,1.656720280647277832e+00,-1.658387184143066406e+00,1.555468082427978516e+00,-2.200719833374023438e+00,-2.339835405349731445e+00,-1.658210992813110352e+00,1.172470927238464355e+00,-2.071367502212524414e+00,2.644069910049438477e+00
9.989179968833923340e-01,5.801333189010620117e-01,-2.359240770339965820e+00,-9.706583619117736816e-01,-2.168464064598083496e-01,-1.227675676345825195e+00,1.447041273117065430e+00,2.015068292617797852e+00,1.515466213226318359e+00,-2.733391523361206055e-01,-1.208747625350952148e+00,-8.953538537025451660e-01,-2.660909175872802734e+00,-1.314824104309082031e+00,-2.075471639633178711e+00,3.850718140602111816e-01,8.434683680534362793e-01,-3.011361062526702881e-01,-1.332432150840759277e+00,1.619822531938552856e-01
2.462301254272460938e+00,2.945976257324218750e-01,1.543492555618286133e+00,-4.579717218875885010e-01,-7.414714694023132324e-01,5.456055998802185059e-01,-1.425791829824447632e-01,-3.009091317653656006e-01,1.663272976875305176e+00,-3.740441203117370605e-01,-1.286556243896484375e+00,1.673548698425292969e+00,-2.668849706649780273e+00,-2.549794435501098633e+00,1.294263958930969238e+00,-1.591872334480285645e+00,-1.731046319007873535e+00,2.298665761947631836e+00,-5.633881688117980957e-01,-1.198075175285339355e+00
-2.481872797012329102e+00,1.183721423149108887e+00,1.751802682876586914e+00,-8.666295409202575684e-01,-1.308100819587707520e+00,1.640398621559143066e+00,-1.365998268127441406e+00,2.161342382431030273e+00,-2.493041992187500000e+00,-1.537988036870956421e-01,-2.638751268386840820e-02,-1.785951375961303711e+00,-1.793433189392089844e+00,1.649740815162658691e+00,2.136437892913818359e+00,-2.286982536315917969e+00,7.618127465248107910e-01,1.521658897399902344e+00,-1.164215683937072754e+00,-2.336632490158081055e+00
2.149320363998413086e+00,1.955799102783203125e+00,-1.976779222488403320e+00,1.700849890708923340e+00,-2.087101697921752930e+00,-8.142318725585937500e-01,1.816997766494750977e+00,7.968505471944808960e-02,-4.562335312366485596e-01,-1.580893278121948242e+00,1.016932249069213867e+00,6.757248044013977051e-01,-1.451137900352478027e+00,1.264441967010498047e+00,-2.243178367614746094e+00,-7.159867882728576660e-01,-2.905955791473388672e+00,-9.724475145339965820e-01,4.440890550613403320e-01,1.679135560989379883e+00
-1.206045627593994141e+00,4.025352299213409424e-01,-4.565997719764709473e-01,1.599593400955200195e+00,1.788289904594421387e+00,-6.708716154098510742e-01,-2.446472883224487305e+00,-2.251407384872436523e+00,-2.570123195648193359e+00,6.990597117692232132e-03,-2.629628181457519531e-01,1.770188570022583008e+00,2.762910604476928711e+00,1.251844167709350586e+00,-1.387096285820007324e+00,-2.397470712661743164e+00,-7.005251646041870117e-01,5.139330625534057617e-01,-1.692090034484863281e-01,-4.604550004005432129e-01
-1.101256847381591797e+00,-2.351718582212924957e-02,9.939090013504028320e-01,2.525599479675292969e+00,1.774488687515258789e-01,1.085578680038452148e+00,-1.250206083059310913e-01,1.016467690467834473e+00,-2.207935005426406860e-01,-2.123811483383178711e+00,-1.787284851074218750e+00,1.701069995760917664e-02,2.295623064041137695e+00,2.852285146713256836e+00,-1.716963529586791992e+00,5.763104557991027832e-01,9.160236120223999023e-01,1.164229869842529297e+00,-7.212795019149780273e-01,-2.109083890914916992e+00
-1.746395826339721680e+00,-1.003968268632888794e-01,5.283268690109252930e-01,-2.029987573623657227e+00,-1.458000063896179199e+00,2.388373374938964844e+00,-1.760104060173034668e+00,-1.892388701438903809e+00,-2.737148046493530273e+00,-2.035038471221923828e-01,1.516186594963073730e+00,-2.031911134719848633e+00,-9.209468215703964233e-02,-2.893161058425903320e+00,1.034921050071716309e+00,-9.734004139900207520e-01,-2.538508415222167969e+00,-1.115777611732482910e+00,-1.656087934970855713e-01,1.779340654611587524e-01
2.366755485534667969e+00,1.029478907585144043e+00,-2.177822113037109375e+00,1.010533809661865234e+00,-2.944937467575073242e+00,-2.331937313079833984e+00,1.186377480626106262e-01,1.657525777816772461e+00,-3.765508234500885010e-01,2.339315891265869141e+00,2.431963205337524414e+00,1.192137956619262695e+00,2.206378936767578125e+00,2.024578571319580078e+00,7.299453020095825195e-01,2.216865718364715576e-01,-3.258091956377029419e-02,2.763442754745483398e+00,-7.852702736854553223e-01,-2.433521896600723267e-01
-1.579980611801147461e+00,1.968954682350158691e+00,1.571141004562377930e+00,7.513089478015899658e-02,-1.013940334320068359e+00,-3.148249387741088867e-01,1.388257384300231934e+00,2.951728582382202148e+00,-6.993070840835571289e-01,-6.032363772392272949e-01,2.221267938613891602e+00,-1.555559277534484863e+00,-3.823534026741981506e-02,-1.541804552078247070e+00,-1.009808540344238281e+00,-1.382384896278381348e+00,-1.286821961402893066e+00,2.926819801330566406e+00,-3.442300260066986084e-01,-1.596325635910034180e-01
2.280584096908569336e+00,3.288297355175018311e-01,7.957011461257934570e-02,1.562290072441101074e+00,-5.730572342872619629e-01,-8.118748068809509277e-01,3.387956023216247559e-01,7.861341834068298340e-01,-4.240812063217163086e-01,-6.129759550094604492e-01,5.194692015647888184e-01,1.525205135345458984e+00,1.822901487350463867e+00,2.434731960296630859e+00,9.757552146911621094e-01,2.883429527282714844e+00,-1.761508345603942871e+00,-7.027146816253662109e-01,1.325738191604614258e+00,-2.690739035606384277e-01
1.532026052474975586e+00,-1.545422077178955078e+00,5.687585473060607910e-01,1.179943084716796875e-01,-2.052969694137573242e+00,-1.435212373733520508e+00,-7.591229677200317383e-01,1.573367834091186523e+00,8.070040941238403320e-01,5.696308016777038574e-01,3.212740123271942139e-01,2.892077684402465820e+00,1.714344382286071777e+00,-1.494958162307739258e+00,-2.199463129043579102e+00,2.243089437484741211e+00,-2.929113507270812988e-01,5.972917675971984863e-01,-1.130239486694335938e+00,-2.542057752609252930e+00
-4.217751324176788330e-02,-1.171808481216430664e+00,2.166832208633422852e+00,2.009473323822021484e+00,1.102921247482299805e+00,1.284215569496154785e+00,7.612261176109313965e-01,2.052500486373901367e+00,-2.893103361129760742e+00,1.733770370483398438e+00,2.215376377105712891e+00,-6.044532731175422668e-02,-5.513983368873596191e-01,-2.301847934722900391e+00,-9.568461179733276367e-01,3.099618554115295410e-01,-4.560000896453857422e-01,-1.199404001235961914e+00,-1.905976533889770508e+00,-5.003651976585388184e-01
2.373250961303710938e+00,-5.433601140975952148e-01,-7.624169588088989258e-01,-7.707681059837341309e-01,-2.104349613189697266e+00,1.117787480354309082e+00,-4.075241982936859131e-01,-9.998568147420883179e-02,2.187669992446899414e+00,1.585164189338684082e+00,2.356892824172973633e+00,6.360285878181457520e-01,-1.792480826377868652e+00,-8.986321091651916504e-01,2.716861486434936523e+00,-2.037240266799926758e+00,2.301370143890380859e+00,8.136103153228759766e-01,-1.205544710159301758e+00,-2.422760248184204102e+00
1.715802907943725586e+00,-2.052907705307006836e+00,2.144712924957275391e+00,2.581506729125976562e+00,-1.463869214057922363e+00,2.268573734909296036e-03,-1.586283326148986816e+00,6.319282650947570801e-01,-7.791414260864257812e-01,-2.151780605316162109e+00,-2.829308271408081055e+00,-1.095895171165466309e+00,1.306332349777221680e+00,-2.330249696969985962e-01,-8.780776858329772949e-01,2.179245948791503906e+00,-2.993142843246459961e+00,-2.432778596878051758e+00,2.051873207092285156e+00,1.634006023406982422e+00
-1.554169535636901855e+00,-5.940343737602233887e-01,-9.987007975578308105e-01,9.974682927131652832e-01,5.375168323516845703e-01,-1.578689694404602051e+00,-6.370476484298706055e-01,-4.757704585790634155e-02,4.366817697882652283e-02,-1.268212556838989258e+00,1.557814240455627441e+00,-3.595429956912994385e-01,-1.895839929580688477e+00,1.497798681259155273e+00,-2.109357118606567383e+00,-2.134504556655883789e+00,-1.788888812065124512e+00,1.845804333686828613e+00,5.136809945106506348e-01,-1.860163927078247070e+00
1.292093247175216675e-01,2.097738504409790039e+00,1.308547258377075195e+00,-2.717197179794311523e+00,-5.601497888565063477e-01,1.277269601821899414e+00,1.573885440826416016e+00,6.112872362136840820e-01,-6.717873215675354004e-01,-1.358221650123596191e+00,8.004390597343444824e-01,2.753792047500610352e+00,-1.168091535568237305e+00,1.200811982154846191e+00,-2.746857404708862305e+00,-2.210291147232055664e+00,-1.207485318183898926e+00,1.961376428604125977e+00,-2.615213394165039062e-01,-2.204722642898559570e+00
2.002685070037841797e+00,6.466575860977172852e-01,-5.858188867568969727e-01,7.332086563110351562e-01,-8.040271997451782227e-01,-6.859219670295715332e-01,1.725601434707641602e+00,2.826715469360351562e+00,2.764117717742919922e+00,-1.724104762077331543e+00,1.444141745567321777e+00,6.778078079223632812e-01,3.145045638084411621e-01,1.918782234191894531e+00,-1.632734775543212891e+00,9.543560147285461426e-01,-2.372350692749023438e+00,-9.288290143013000488e-01,-2.552767276763916016e+00,2.236393690109252930e+00
-8.702608346939086914e-01,6.327927708625793457e-01,-2.525634288787841797e+00,4.731303751468658447e-01,-1.296371102333068848e+00,1.527849674224853516e+00,-1.110301494598388672e+00,-1.527771472930908203e+00,7.770990133285522461e-01,-4.397364556789398193e-01,2.358737945556640625e+00,-2.460717916488647461e+00,-2.271086454391479492e+00,-1.301458239555358887e+00,1.118460893630981445e+00,-1.262046456336975098e+00,-4.958809614181518555e-01,-1.937651991844177246e+00,-2.483574151992797852e+00,-1.116648674011230469e+00
1.071688055992126465e+00,1.210513234138488770e+00,-2.792713880538940430e+00,4.799930751323699951e-01,9.367266297340393066e-01,2.835811853408813477e+00,2.414726734161376953e+00,-1.351614594459533691e+00,7.378992438316345215e-01,-2.417022228240966797e+00,-5.096097290515899658e-02,1.258133888244628906e+00,-6.471947431564331055e-01,9.640574455261230469e-02,-1.219719290733337402e+00,-2.079236507415771484e+00,-9.787479043006896973e-01,1.480200767517089844e+00,-1.787449002265930176e+00,-1.591719865798950195e+00
2.045941591262817383e+00,5.677830576896667480e-01,2.553897857666015625e+00,3.364831507205963135e-01,-7.064315676689147949e-01,-3.171621561050415039e-01,-1.823609590530395508e+00,8.660873025655746460e-02,3.238810226321220398e-02,-1.990274429321289062e+00,-2.844172716140747070e+00,7.592262029647827148e-01,1.331523180007934570e+00,-8.995122313499450684e-01,-1.817305803298950195e+00,-1.184155344963073730e+00,-2.227007389068603516e+00,1.443729162216186523e+00,-1.569904446601867676e+00,-3.167662620544433594e-01
8.577784299850463867e-01,1.347379833459854126e-01,-2.608581781387329102e+00,-2.233751304447650909e-02,5.953869819641113281e-01,1.920252680778503418e+00,-2.265908002853393555e+00,2.937698841094970703e+00,7.719258219003677368e-02,-6.981323957443237305e-01,-3.516163825988769531e-01,-2.059082746505737305e+00,2.444244861602783203e+00,-2.704972505569458008e+00,-1.126609206199645996e+00,1.631526470184326172e+00,-2.073268413543701172e+00,-2.019609451293945312e+00,9.274912476539611816e-01,-6.508457660675048828e-01
2.461603403091430664e+00,9.030298590660095215e-01,-1.830569803714752197e-01,3.885560929775238037e-01,-1.924209833145141602e+00,1.936061739921569824e+00,-1.686824083328247070e+00,-1.063298821449279785e+00,-2.544639110565185547e+00,1.997423648834228516e+00,-1.223098754882812500e+00,2.191418886184692383e+00,2.102207660675048828e+00,1.820990443229675293e-01,2.014660835266113281e-01,-8.773463964462280273e-01,-1.585925459861755371e+00,1.302479028701782227e+00,2.063667774200439453e+00,-2.830087244510650635e-01
-8.920392394065856934e-01,-1.655665993690490723e+00,6.176659464836120605e-01,1.418779134750366211e+00,2.352578639984130859e+00,8.596214652061462402e-01,-2.419232845306396484e+00,6.977383494377136230e-01,1.643166899681091309e+00,-2.757696390151977539e+00,-2.960043847560882568e-01,1.895230114459991455e-01,1.261823177337646484e+00,1.579612493515014648e+00,-4.804556965827941895e-01,2.410231828689575195e-01,1.375281453132629395e+00,6.453915834426879883e-01,-2.700924634933471680e+00,-1.337752223014831543e+00
2.367477416992187500e+00,-6.210045814514160156e-01,-6.494065523147583008e-01,-2.700544357299804688e+00,-1.257391214370727539e+00,-8.547657728195190430e-01,-1.437098145484924316e+00,-2.137499094009399414e+00,-2.614410877227783203e+00,-2.015468120574951172e+00,2.644312143325805664e+00,1.446688055992126465e+00,6.774020791053771973e-01,-5.574982166290283203e-01,2.081233024597167969e+00,-2.562849760055541992e+00,-1.259496212005615234e+00,-1.785856246948242188e+00,-1.611670374870300293e+00,2.598980426788330078e+00
-1.908594250679016113e+00,2.301124334335327148e+00,-8.455604314804077148e-01,1.747016072273254395e+00,6.232503056526184082e-01,-1.699934005737304688e+00,1.083539798855781555e-01,2.616459369659423828e+00,-1.391615867614746094e+00,1.644126623868942261e-01,-9.937936812639236450e-02,-1.381404757499694824e+00,2.208153009414672852e+00,-5.584524869918823242e-01,1.273782134056091309e+00,-6.705029606819152832e-01,7.387226819992065430e-01,-2.048293352127075195e+00,-2.885992527008056641e+00,-9.936567544937133789e-01
2.428261637687683105e-01,-1.910437822341918945e+00,3.649902045726776123e-01,2.315085411071777344e+00,-3.608962297439575195e-01,2.598319053649902344e+00,9.425415396690368652e-01,-4.080518186092376709e-01,1.322378635406494141e+00,-1.080636024475097656e+00,2.142627477645874023e+00,-5.181761384010314941e-01,7.900263667106628418e-01,1.113790512084960938e+00,1.520638108253479004e+00,-1.723321318626403809e+00,-1.237613916397094727e+00,-2.585479497909545898e+00,5.135263204574584961e-01,-3.232848346233367920e-01
-1.425062656402587891e+00,2.778290271759033203e+00,-1.214980959892272949e+00,-4.835942685604095459e-01,-2.283354282379150391e+00,-7.637255191802978516e-01,1.942919492721557617e+00,2.786529302597045898e+00,-1.849197626113891602e+00,-1.739312648773193359e+00,1.560369133949279785e+00,1.958956599235534668e+00,-9.822438359260559082e-01,-5.926834940910339355e-01,2.814450263977050781e+00,2.000158280134201050e-01,-1.486413717269897461e+00,1.914800643920898438e+00,-2.798055171966552734e+00,-2.535966157913208008e+00
-4.583845138549804688e-01,-1.841104865074157715e+00,7.846744060516357422e-01,-1.273537516593933105e+00,-4.603029489517211914e-01,2.042523860931396484e+00,1.418479442596435547e+00,-1.497475743293762207e+00,-1.506501197814941406e+00,-2.371397495269775391e+00,2.147730112075805664e+00,-9.132869839668273926e-01,-2.441874980926513672e+00,-2.625715017318725586e+00,-1.314424872398376465e+00,-1.621912240982055664e+00,-1.329473614692687988e+00,1.809253215789794922e+00,-2.348994255065917969e+00,-2.015125751495361328e+00
-3.028571605682373047e-01,1.104612708091735840e+00,2.132814407348632812e+00,1.794706463813781738e+00,1.982073187828063965e+00,2.337855339050292969e+00,-5.753795504570007324e-01,1.627840757369995117e+00,-2.524454832077026367e+00,1.270228385925292969e+00,2.802983522415161133e+00,6.728816032409667969e-01,-1.363556385040283203e-01,-5.324581265449523926e-01,-1.226043581962585449e+00,-1.268738389015197754e+00,-1.369371175765991211e+00,-2.739195525646209717e-01,6.500734090805053711e-01,5.576122403144836426e-01
-1.316399097442626953e+00,-2.960607051849365234e+00,-9.486932754516601562e-01,-2.193307161331176758e+00,-1.382742524147033691e+00,1.143848657608032227e+00,-1.675394058227539062e+00,2.980538368225097656e+00,-2.235407352447509766e+00,-2.106457710266113281e+00,-8.443316221237182617e-01,5.069181919097900391e-01,-6.707231998443603516e-01,-6.923179626464843750e-01,1.943564653396606445e+00,-1.238874435424804688e+00,1.689007401466369629e+00,-1.587659955024719238e+00,-3.656892105937004089e-02,2.283518791198730469e+00
1.456734895706176758e+00,-1.779233574867248535e+00,8.811249732971191406e-01,-1.054202675819396973e+00,-1.270497679710388184e+00,2.580224752426147461e+00,1.973712563514709473e+00,1.721375584602355957e+00,-2.066752195358276367e+00,-1.129830241203308105e+00,-1.227628707885742188e+00,1.392980098724365234e+00,-9.527034759521484375e-01,-7.690871953964233398e-01,8.318337202072143555e-01,1.372324228286743164e-01,1.354634284973144531e+00,-1.304852962493896484e+00,-1.625272631645202637e-01,-6.964225769042968750e-01
8.718829751014709473e-01,-6.623311899602413177e-03,2.256254196166992188e+00,1.216179847717285156e+00,-1.909134268760681152e+00,6.370867490768432617e-01,-1.015081524848937988e+00,2.962043046951293945e+00,-1.757452964782714844e+00,8.715189695358276367e-01,-7.050471305847167969e-01,-2.168331384658813477e+00,2.478187799453735352e+00,-1.036288738250732422e+00,8.298146128654479980e-01,2.374600887298583984e+00,8.540174961090087891e-01,-1.408213257789611816e+00,-1.075952887535095215e+00,1.074577331542968750e+00
-8.889090269804000854e-02,6.475369334220886230e-01,-2.110252380371093750e+00,4.517490863800048828e-01,6.743004918098449707e-01,8.080082535743713379e-01,-6.545732617378234863e-01,-2.757752895355224609e+00,-8.243281841278076172e-01,-3.912863731384277344e-01,1.799581527709960938e+00,2.486384868621826172e+00,-2.617208361625671387e-01,-6.050949096679687500e-01,4.167766273021697998e-01,-2.564256906509399414e+00,-2.331309795379638672e+00,2.362154483795166016e+00,1.421930193901062012e+00,2.113953530788421631e-01
6.189957261085510254e-01,6.902453303337097168e-01,-9.384357929229736328e-01,2.137568742036819458e-01,7.950913310050964355e-01,2.317650079727172852e+00,6.581040620803833008e-01,-4.753071963787078857e-01,1.499876499176025391e+00,9.156557172536849976e-02,-1.185124397277832031e+00,2.490926027297973633e+00,-2.142522811889648438e+00,-2.678954601287841797e+00,-1.144711002707481384e-01,4.894688427448272705e-01,-6.801610589027404785e-01,5.854072570800781250e-01,-2.360818624496459961e+00,-8.203485608100891113e-01
1.795166492462158203e+00,-5.483246445655822754e-01,-8.477341532707214355e-01,-7.110781669616699219e-01,-5.859920382499694824e-01,7.233583927154541016e-01,-6.706884503364562988e-01,1.183896303176879883e+00,-1.220202684402465820e+00,-1.351782679557800293e+00,1.630552649497985840e+00,-6.617479920387268066e-01,1.101859211921691895e+00,1.192234277725219727e+00,-4.866534173488616943e-01,-1.618409395217895508e+00,-1.708253383636474609e+00,-2.846383333206176758e+00,-9.011409878730773926e-01,1.381635189056396484e+00
-1.787024855613708496e+00,8.623057007789611816e-01,1.814794898033142090e+00,9.021571278572082520e-01,3.300554677844047546e-02,-2.548943042755126953e+00,2.103492021560668945e+00,-2.408663988113403320e+00,-1.900323629379272461e+00,1.582920908927917480e+00,-8.834855556488037109e-01,-1.947401762008666992e+00,3.522907197475433350e-01,-6.066866517066955566e-01,-2.597129344940185547e-01,-7.625124454498291016e-01,-2.758971929550170898e+00,-1.228215098381042480e+00,3.904695212841033936e-01,-1.491210103034973145e+00
2.869083404541015625e+00,2.441145420074462891e+00,-6.377768516540527344e-01,2.570164680480957031e+00,-2.002596139907836914e+00,-1.578732132911682129e+00,1.306936264038085938e+00,2.769393205642700195e+00,6.754062324762344360e-02,-5.479470491409301758e-01,-2.261327505111694336e+00,-1.017016410827636719e+00,1.744660615921020508e+00,-9.427860379219055176e-01,-2.537532329559326172e+00,5.395534262061119080e-02,-8.583909869194030762e-01,4.082395434379577637e-01,-2.026274681091308594e+00,1.412698507308959961e+00
-5.559529066085815430e-01,-6.345462799072265625e-02,-2.706223726272583008e+00,1.929698944091796875e+00,1.148723125457763672e+00,1.326727986335754395e+00,-2.345418483018875122e-01,1.952547669410705566e+00,-1.222879528999328613e+00,-8.996040225028991699e-01,4.150233864784240723e-01,-7.216194868087768555e-01,9.063229560852050781e-01,-1.838260412216186523e+00,-1.218871593475341797e+00,8.000850081443786621e-01,1.117334961891174316e-01,1.536751151084899902e+00,-7.915596663951873779e-02,-1.920782566070556641e+00
1.804891586303710938e+00,1.306082248687744141e+00,-5.613222122192382812e-01,-2.584673881530761719e+00,3.176760673522949219e-01,1.355814337730407715e+00,-2.377915620803833008e+00,-1.099215507507324219e+00,-1.679552912712097168e+00,-6.940171122550964355e-01,-1.163761734962463379e+00,-1.308393478393554688e+00,2.377894163131713867e+00,-8.382989764213562012e-01,-1.371470332145690918e+00,9.148436784744262695e-02,-1.794586300849914551e+00,4.574789702892303467e-01,-1.240848422050476074e+00,-2.562074661254882812e-01
5.753366947174072266e-01,-1.354926824569702148e+00,-1.242780208587646484e+00,-1.279481768608093262e+00,1.378882288932800293e+00,2.847355127334594727e+00,-1.394761085510253906e+00,1.688814759254455566e+00,-8.470846414566040039e-01,-1.748412370681762695e+00,3.205036222934722900e-01,3.080878555774688721e-01,-6.828643679618835449e-01,-1.467326402664184570e+00,-3.824825882911682129e-01,1.086971998214721680e+00,-1.307636380195617676e+00,-1.635626792907714844e+00,1.932882428169250488e+00,-1.250995397567749023e+00
5.077639818191528320e-01,1.033331155776977539e+00,-2.384393692016601562e+00,-2.784701347351074219e+00,-2.829339206218719482e-01,2.818262875080108643e-01,-1.293749570846557617e+00,-1.450740933418273926e+00,-2.725271940231323242e+00,3.241639435291290283e-01,-2.349082529544830322e-01,2.358183622360229492e+00,-1.617683768272399902e+00,2.910119771957397461e+00,-4.263619333505630493e-02,1.332461714744567871e+00,-1.329819798469543457e+00,-1.826669573783874512e+00,-1.866948366165161133e+00,-1.063326954841613770e+00
-6.135005354881286621e-01,-1.777196645736694336e+00,2.861298561096191406e+00,2.865515947341918945e+00,9.711106419563293457e-01,-5.433817505836486816e-01,-1.377159953117370605e+00,2.355229854583740234e+00,-1.160540461540222168e+00,1.743251681327819824e-01,1.342986524105072021e-01,-1.478139281272888184e+00,-1.301148891448974609e+00,-6.507903933525085449e-01,-1.922121047973632812e+00,1.673490554094314575e-01,1.336517810821533203e+00,-2.117108583450317383e+00,-8.066580891609191895e-01,-1.555799484252929688e+00
1.305620670318603516e+00,5.713109374046325684e-01,-1.811243653297424316e+00,7.080714702606201172e-01,2.692494392395019531e+00,8.387662172317504883e-01,1.737636208534240723e+00,2.587208151817321777e-01,-1.309063076972961426e+00,2.858828604221343994e-01,-7.808104157447814941e-01,2.755868434906005859e-01,-1.310768723487854004e+00,1.305634737014770508e+00,-1.730374693870544434e+00,-1.872607946395874023e+00,-1.418661713600158691e+00,-9.258962869644165039e-01,5.335381031036376953e-01,-2.906684637069702148e+00
2.869742155075073242e+00,-8.130125403404235840e-01,-1.442935585975646973e+00,-5.999190211296081543e-01,-1.307288050651550293e+00,1.283913135528564453e+00,-2.100576877593994141e+00,1.536871075630187988e+00,2.878698348999023438e+00,2.441157817840576172e+00,1.329670310020446777e+00,-1.169188976287841797e+00,-2.847264766693115234e+00,-1.370178818702697754e+00,-8.871301412582397461e-01,5.966440439224243164e-01,-1.573113441467285156e+00,-2.629115283489227295e-01,2.136131286621093750e+00,-2.749655582010746002e-02
3.492084145545959473e-01,2.504161119461059570e+00,-1.469684362411499023e+00,-8.431597352027893066e-01,-1.109365820884704590e+00,-5.157526955008506775e-02,-1.039927840232849121e+00,6.919218897819519043e-01,1.729685544967651367e+00,-2.223690271377563477e+00,7.654280066490173340e-01,-1.465255498886108398e+00,-5.634218454360961914e-01,-1.464088201522827148e+00,1.110933780670166016e+00,9.319776296615600586e-01,-2.434282779693603516e+00,1.460474848747253418e+00,-2.491008043289184570e+00,-2.330720663070678711e+00
-2.396584987640380859e+00,1.030214190483093262e+00,1.494831919670104980e+00,2.503287792205810547e+00,9.165760278701782227e-01,2.369753122329711914e+00,1.816268205642700195e+00,-4.001527130603790283e-01,-4.435315355658531189e-02,-1.818601489067077637e-01,-1.028195023536682129e+00,2.045729875564575195e+00,1.222664594650268555e+00,-3.970513343811035156e-01,2.007200956344604492e+00,-2.744021713733673096e-01,-8.991369605064392090e-01,2.422733306884765625e+00,-6.425116062164306641e-01,-2.612194538116455078e+00
1.191423892974853516e+00,-8.109151124954223633e-01,-1.731263756752014160e+00,-1.896468400955200195e-01,-4.394966959953308105e-01,-2.575519323348999023e+00,-8.060263395309448242e-01,2.138027191162109375e+00,1.121943593025207520e+00,1.601337313652038574e+00,-1.830965638160705566e+00,1.137100100517272949e+00,8.034504652023315430e-01,-6.081215143203735352e-01,-7.460230588912963867e-01,-1.891617417335510254e+00,-1.687278270721435547e+00,1.036414206027984619e-01,1.405337333679199219e+00,-2.212464332580566406e+00
1.239976525306701660e+00,1.176504611968994141e+00,1.002362132072448730e+00,8.320131301879882812e-01,5.724037289619445801e-01,1.482371687889099121e+00,1.291463255882263184e+00,-1.797621726989746094e+00,1.613378405570983887e+00,-1.202411875128746033e-01,3.611801862716674805e-01,1.552399992942810059e+00,-2.719471931457519531e+00,-9.556841850280761719e-02,-1.741590857505798340e+00,3.158504366874694824e-01,-2.372732400894165039e+00,3.651207983493804932e-01,9.885445833206176758e-01,-1.253143787384033203e+00
-1.947045326232910156e+00,7.657498121261596680e-01,-1.355753064155578613e+00,2.763941287994384766e+00,7.738059163093566895e-01,-1.716980934143066406e+00,-1.088799476623535156e+00,5.755468010902404785e-01,-6.463616490364074707e-01,-4.778421521186828613e-01,-2.502743721008300781e+00,1.817550539970397949e+00,-8.754985928535461426e-01,2.207145929336547852e+00,-1.429175883531570435e-01,-8.842133879661560059e-01,1.554751873016357422e+00,2.421719789505004883e+00,-4.345744848251342773e-01,-2.983116388320922852e+00
-2.517084121704101562e+00,1.344868779182434082e+00,-8.347634673118591309e-01,2.691768884658813477e+00,1.656813144683837891e+00,-1.273757368326187134e-01,-4.491021633148193359e-01,-1.705913424491882324e+00,-2.761367082595825195e+00,-7.892104983329772949e-01,-2.332237005233764648e+00,1.427317738533020020e+00,-2.417186975479125977e+00,5.519238710403442383e-01,-1.692135453224182129e+00,-2.858407497406005859e+00,-5.771432518959045410e-01,-1.674335718154907227e+00,1.657335907220840454e-01,1.154074549674987793e+00
9.003775119781494141e-01,-1.588728666305541992e+00,-9.017163515090942383e-01,-6.200525909662246704e-02,-1.441843152046203613e+00,-8.811872005462646484e-01,-7.832445502281188965e-01,-5.850613489747047424e-02,-1.532252550125122070e+00,-6.042868494987487793e-01,-8.967479690909385681e-03,1.677134990692138672e+00,-2.077308654785156250e+00,-1.495228886604309082e+00,-2.374560594558715820e+00,-1.959483861923217773e+00,-2.940182387828826904e-01,1.698988795280456543e+00,-4.076593816280364990e-01,7.028763890266418457e-01
-2.740725040435791016e+00,1.463886022567749023e+00,-2.365560293197631836e+00,1.694197058677673340e-01,9.856880307197570801e-01,-1.250551342964172363e+00,-5.041524171829223633e-01,-1.860668540000915527e+00,-2.514782190322875977e+00,-2.899620294570922852e+00,-2.467651665210723877e-01,4.206023216247558594e-01,-5.743094682693481445e-01,-1.434406191110610962e-01,6.710770726203918457e-01,-2.285878419876098633e+00,-1.057463288307189941e+00,2.437168598175048828e+00,7.816001176834106445e-01,-2.773142337799072266e+00
-1.529751062393188477e+00,1.146940350532531738e+00,-2.107507944107055664e+00,2.829116582870483398e+00,-5.591478943824768066e-01,2.378038167953491211e-01,-2.473432779312133789e+00,-2.766097784042358398e+00,-1.435487389564514160e+00,-1.254575967788696289e+00,-1.787480831146240234e+00,1.239565372467041016e+00,1.060039043426513672e+00,-1.260601639747619629e+00,1.143211841583251953e+00,1.501663923263549805e+00,-1.471680760383605957e+00,-2.810052394866943359e+00,-1.865384221076965332e+00,2.322444677352905273e+00
2.389982461929321289e+00,-4.208039641380310059e-01,1.108990550041198730e+00,9.564914107322692871e-01,-6.585895419120788574e-01,6.753608584403991699e-01,-2.869641065597534180e+00,-8.290404677391052246e-01,-1.598409771919250488e+00,2.877769947052001953e+00,2.067521333694458008e+00,-2.242412805557250977e+00,-2.753127574920654297e+00,-1.470772743225097656e+00,1.475797414779663086e+00,-1.563496351242065430e+00,-1.491878479719161987e-01,-8.576030135154724121e-01,3.632804453372955322e-01,-8.917090296745300293e-01
1.696368098258972168e+00,8.717967867851257324e-01,1.686290651559829712e-02,2.701428890228271484e+00,-5.134732127189636230e-01,1.981499046087265015e-01,-1.369278073310852051e+00,-2.616235494613647461e+00,-1.592161774635314941e+00,2.396937370300292969e+00,8.620185852050781250e-01,-2.227814674377441406e+00,2.748177289962768555e+00,1.425606608390808105e+00,4.563719928264617920e-01,3.576341867446899414e-01,-1.351685404777526855e+00,-9.266998767852783203e-01,-5.133829712867736816e-01,-1.439236402511596680e+00
-1.572095751762390137e+00,-9.930941462516784668e-01,-1.694276928901672363e+00,1.488522171974182129e+00,-2.852617502212524414e+00,-3.069665431976318359e-01,-1.034446001052856445e+00,2.527080297470092773e+00,-1.394178390502929688e+00,-5.559893697500228882e-02,3.470306992530822754e-01,-2.366462230682373047e+00,1.508140563964843750e+00,-1.099328994750976562e+00,2.074978828430175781e+00,1.533199191093444824e+00,1.459374070167541504e+00,1.497055649757385254e+00,-1.283013582229614258e+00,7.625804543495178223e-01
-1.036816239356994629e+00,-7.199833393096923828e-01,-1.672274589538574219e+00,5.549812316894531250e-01,5.949039459228515625e-01,-2.162063419818878174e-01,-2.074275255203247070e+00,-1.215790510177612305e-01,1.226857025176286697e-02,8.408412933349609375e-01,-2.656933546066284180e+00,-2.428351163864135742e+00,1.862991213798522949e+00,-1.631503105163574219e+00,-1.674293637275695801e+00,-1.804450154304504395e+00,-2.819888353347778320e+00,2.030899226665496826e-01,-2.136761665344238281e+00,-1.958980202674865723e+00
-2.352694049477577209e-02,1.658606767654418945e+00,-6.222897171974182129e-01,1.920281529426574707e+00,-7.938247919082641602e-01,4.457233846187591553e-01,2.754753828048706055e+00,2.126505613327026367e+00,-1.739255785942077637e+00,-1.595576524734497070e+00,-2.352462053298950195e+00,2.688530087471008301e-01,-2.036614418029785156e+00,1.760480999946594238e+00,-2.051842689514160156e+00,4.390273690223693848e-01,-1.022769063711166382e-01,-1.208024322986602783e-01,-6.375775337219238281e-01,-1.551076412200927734e+00
-1.489954829216003418e+00,3.489785194396972656e-01,5.419616103172302246e-01,-2.086308956146240234e+00,-1.509038209915161133e+00,1.998704195022583008e+00,-7.652197480201721191e-01,2.437613248825073242e+00,-1.870869278907775879e+00,-2.287916421890258789e+00,-1.301655411720275879e+00,-1.036982178688049316e+00,-2.393172681331634521e-01,2.038085460662841797e-01,-8.449618220329284668e-01,-1.784330368041992188e+00,1.145622730255126953e-01,-8.503735065460205078e-02,-6.444821953773498535e-01,5.022831559181213379e-01
1.851307868957519531e+00,-1.390302300453186035e+00,9.412066340446472168e-01,2.044196605682373047e+00,5.776268988847732544e-02,-4.209899902343750000e-01,1.703675150871276855e+00,9.113669991493225098e-01,-1.680183172225952148e+00,-4.086271524429321289e-01,-5.638885498046875000e-01,-3.901865184307098389e-01,-1.435525417327880859e+00,1.016595721244812012e+00,2.188099145889282227e+00,-1.903616070747375488e+00,2.397552013397216797e+00,-2.300977706909179688e+00,-1.602428555488586426e+00,9.876675605773925781e-01
-4.445920288562774658e-01,-3.592002689838409424e-01,-1.678052425384521484e+00,1.771225333213806152e+00,-1.247485518455505371e+00,-2.087185382843017578e+00,-1.275612562894821167e-01,-9.151583313941955566e-01,-4.340402036905288696e-02,-1.620948672294616699e+00,2.494311332702636719e+00,-1.769487619400024414e+00,-7.564783096313476562e-01,1.733111143112182617e+00,-1.663407564163208008e+00,-1.348620176315307617e+00,-1.924157977104187012e+00,8.548392653465270996e-01,-9.292032122611999512e-01,4.130581617355346680e-01
-1.526483774185180664e+00,1.379793167114257812e+00,-1.239718437194824219e+00,-1.708365797996520996e+00,-2.111703872680664062e+00,5.132843255996704102e-01,-2.088138818740844727e+00,-1.037861108779907227e+00,-1.253388166427612305e+00,-2.434164285659790039e+00,-2.053251981735229492e+00,-1.534700751304626465e+00,7.355251163244247437e-02,-2.307243108749389648e+00,2.193261235952377319e-01,-7.576431035995483398e-01,-1.575393080711364746e+00,-1.464262008666992188e+00,-1.120096087455749512e+00,-5.562600493431091309e-01
2.782661437988281250e+00,6.571239829063415527e-01,-2.191308021545410156e+00,-2.832173585891723633e+00,-4.069151878356933594e-01,2.431706190109252930e+00,-1.610445737838745117e+00,1.614584207534790039e+00,2.358599185943603516e+00,-8.932754993438720703e-01,2.880949079990386963e-01,-1.359205365180969238e+00,9.446367621421813965e-01,-1.090270400047302246e+00,1.990207672119140625e+00,-1.442601919174194336e+00,-1.751231998205184937e-01,-5.287444591522216797e-01,-1.849230766296386719e+00,-2.439867019653320312e+00
2.918669581413269043e-02,-5.065435171127319336e-02,-6.006476283073425293e-01,-5.161012411117553711e-01,1.565550804138183594e+00,1.301340103149414062e+00,-3.654297590255737305e-01,-2.672062069177627563e-02,2.290650844573974609e+00,-2.263022065162658691e-01,5.327786207199096680e-01,-1.459683656692504883e+00,1.399121880531311035e+00,4.202057421207427979e-01,-1.396285057067871094e+00,-1.516297738999128342e-02,-1.966423392295837402e+00,-1.223991587758064270e-01,-2.088586807250976562e+00,-8.437384366989135742e-01
8.596506118774414062e-01,-1.463352143764495850e-01,4.735884964466094971e-01,7.194381952285766602e-01,-2.362550735473632812e+00,2.153847694396972656e+00,-8.503551483154296875e-01,-2.615504503250122070e+00,-2.454919070005416870e-01,4.021543264389038086e-01,-4.987927079200744629e-01,2.735331654548645020e-01,-2.050381183624267578e+00,-1.599988222122192383e+00,5.684623122215270996e-01,-1.172535419464111328e+00,-4.344559609889984131e-01,-6.857905387878417969e-01,-1.459349155426025391e+00,2.604172229766845703e+00
-7.121417522430419922e-01,1.641181945800781250e+00,-1.119960308074951172e+00,5.659631490707397461e-01,-1.380078911781311035e+00,2.663310766220092773e+00,-4.440850615501403809e-01,-9.156850576400756836e-01,-6.150325760245323181e-02,-2.270407438278198242e+00,-8.660431951284408569e-02,-7.424285411834716797e-01,2.756882429122924805e+00,-1.508637189865112305e+00,-9.790381193161010742e-01,1.347759246826171875e+00,-2.560053825378417969e+00,-1.437453627586364746e+00,-1.166177392005920410e+00,-1.796962499618530273e+00
2.371978282928466797e+00,2.000427722930908203e+00,1.178347110748291016e+00,2.580263137817382812e+00,2.128291845321655273e+00,-4.110599756240844727e-01,-1.082113385200500488e-02,1.606135606765747070e+00,1.878223299980163574e+00,-2.822046518325805664e+00,-1.820149898529052734e+00,3.031671345233917236e-01,1.976321458816528320e+00,9.861275553703308105e-01,-2.630556106567382812e+00,-1.944525837898254395e+00,3.348939493298530579e-02,2.218615770339965820e+00,-2.885526418685913086e+00,-9.994246363639831543e-01
-1.186688780784606934e+00,-1.098695397377014160e+00,1.391550779342651367e+00,-2.085375308990478516e+00,-1.686281561851501465e+00,-1.734720468521118164e-01,-2.439535856246948242e+00,2.756100416183471680e+00,-2.113222360610961914e+00,1.845033288002014160e+00,5.544105172157287598e-01,1.925058603286743164e+00,2.654247283935546875e+00,3.680157363414764404e-01,1.284403324127197266e+00,-7.999339103698730469e-01,2.534982204437255859e+00,-7.028859257698059082e-01,-1.457508325576782227e+00,-7.401771545410156250e-01
-1.773805975914001465e+00,5.539629459381103516e-01,-8.828807473182678223e-01,8.739140033721923828e-01,1.337470650672912598e+00,6.534906625747680664e-01,-2.824873685836791992e+00,-8.415900468826293945e-01,-2.780475378036499023e+00,1.523479104042053223e+00,5.445955395698547363e-01,-8.832699060440063477e-02,-2.868222236633300781e+00,-1.126236200332641602e+00,-1.549161434173583984e+00,5.449044704437255859e-01,1.270135521888732910e+00,7.050284147262573242e-01,-6.446852087974548340e-01,-1.055027723312377930e+00
-1.399387955665588379e+00,-2.729241847991943359e-01,6.155208349227905273e-01,1.898067831993103027e+00,2.391487836837768555e+00,-9.220501780509948730e-01,4.029458761215209961e-01,-2.307721823453903198e-01,-2.897602558135986328e+00,-1.407732367515563965e+00,1.598531126976013184e+00,-1.852034568786621094e+00,2.165786981582641602e+00,2.261514663696289062e-01,1.449289441108703613e+00,-1.819446086883544922e+00,-2.757887840270996094e+00,-4.953054189682006836e-01,-5.515771508216857910e-01,-7.594176530838012695e-01
-1.656658530235290527e+00,-1.558243155479431152e+00,-1.023960784077644348e-01,-2.075404487550258636e-02,-7.397513389587402344e-01,1.178310140967369080e-01,2.567185401916503906e+00,2.242717742919921875e+00,5.819186568260192871e-01,2.906874716281890869e-01,-1.431432366371154785e+00,-2.233471393585205078e+00,2.848396539688110352e+00,2.498451471328735352e+00,1.734187483787536621e+00,-1.057281255722045898e+00,-8.754109740257263184e-01,-3.624396920204162598e-01,1.857500314712524414e+00,-2.988485574722290039e+00
-9.173097610473632812e-01,1.141864418983459473e+00,-8.949931263923645020e-01,9.714916348457336426e-01,-1.368032336235046387e+00,-4.122140407562255859e-01,8.003315329551696777e-02,-1.042400240898132324e+00,3.778766691684722900e-01,2.096231460571289062e+00,-1.684136271476745605e+00,-1.540504574775695801e+00,1.544335365295410156e+00,1.111199140548706055e+00,-1.298294663429260254e+00,-9.277893304824829102e-01,1.040007710456848145e+00,-2.848551988601684570e+00,7.903130650520324707e-01,4.679387211799621582e-01
-9.520598649978637695e-01,-9.018187411129474640e-03,-1.889739155769348145e+00,-6.806929707527160645e-01,1.710298895835876465e+00,-1.755275011062622070e+00,3.347051516175270081e-02,2.162152051925659180e+00,5.420349910855293274e-02,2.011601448059082031e+00,-5.797396898269653320e-01,2.914392709732055664e+00,2.374913215637207031e+00,-1.170262575149536133e+00,-4.727346003055572510e-01,-1.271205663681030273e+00,4.955710470676422119e-01,-1.980396509170532227e+00,-2.819214105606079102e+00,-9.316432476043701172e-01
7.276638150215148926e-01,2.281985282897949219e+00,-2.453779697418212891e+00,4.114738404750823975e-01,-2.144946098327636719e+00,-1.461291909217834473e+00,-1.305341720581054688e+00,-7.820060253143310547e-01,-1.278998017311096191e+00,-6.746462732553482056e-02,1.275805115699768066e+00,-1.763538837432861328e+00,1.329343676567077637e+00,1.970082283020019531e+00,4.938018023967742920e-01,2.272208213806152344e+00,-1.617902040481567383e+00,5.887282490730285645e-01,-1.099364161491394043e+00,-2.028613328933715820e+00
2.315732240676879883e+00,2.477182388305664062e+00,-2.449051856994628906e+00,-4.759649038314819336e-01,-1.861178517341613770e+00,4.680035412311553955e-01,-2.682914257049560547e+00,-8.929476737976074219e-01,-1.200597643852233887e+00,-1.746549010276794434e+00,2.480795383453369141e+00,-2.300230979919433594e+00,2.011046886444091797e+00,2.473024129867553711e+00,3.629925549030303955e-01,-6.399059295654296875e-01,-2.693334102630615234e+00,5.060409903526306152e-01,4.756921529769897461e-02,-8.173395395278930664e-01
2.540006875991821289e+00,-1.451306462287902832e+00,-9.679601192474365234e-01,2.597289323806762695e+00,9.046549350023269653e-02,-8.633086085319519043e-01,4.462913274765014648e-01,2.485733985900878906e+00,-1.670940160751342773e+00,1.026485681533813477e+00,5.250527989119291306e-03,1.878012299537658691e+00,-8.839356899261474609e-01,-1.470072150230407715e+00,-6.957148909568786621e-01,-2.180311977863311768e-01,-3.591475188732147217e-01,-1.849641561508178711e+00,1.678925901651382446e-01,-1.399736166000366211e+00
-2.148573637008666992e+00,-1.251134276390075684e+00,1.879808545112609863e+00,6.955024600028991699e-01,-2.709478855133056641e+00,1.997748017311096191e+00,-1.191979646682739258e+00,-1.771908402442932129e+00,-4.321303665637969971e-01,-1.651696681976318359e+00,8.339952230453491211e-01,8.829938173294067383e-01,-2.300227642059326172e+00,-1.470784664154052734e+00,-8.652690649032592773e-01,-1.947887659072875977e+00,3.987520933151245117e-01,-7.579579353332519531e-01,-4.380336105823516846e-01,-6.346995830535888672e-01
1.547618627548217773e+00,-1.752285003662109375e+00,9.816933274269104004e-01,5.097239017486572266e-01,-6.413232684135437012e-01,-9.922176003456115723e-01,-6.185722947120666504e-01,1.565181851387023926e+00,7.559587061405181885e-02,-2.101171731948852539e+00,-1.138015866279602051e+00,2.550966262817382812e+00,8.838113546371459961e-01,-1.340073466300964355e+00,-1.619087219238281250e+00,-9.979364871978759766e-01,-6.201412081718444824e-01,-2.514671981334686279e-01,8.383892774581909180e-01,-7.447326779365539551e-01
-2.253434181213378906e+00,1.834757208824157715e+00,1.560775399208068848e+00,4.555505514144897461e-01,-5.544037222862243652e-01,1.803179383277893066e+00,-1.298600792884826660e+00,2.022374153137207031e+00,-1.936761260032653809e+00,-1.030163407325744629e+00,-8.555321693420410156e-01,1.028944849967956543e+00,1.407495141029357910e+00,-4.169634580612182617e-01,-2.908810377120971680e+00,2.673342227935791016e+00,-2.945124864578247070e+00,-2.439564466476440430e+00,1.275379180908203125e+00,2.274619102478027344e+00
1.949008703231811523e+00,7.882599830627441406e-01,-2.137202501296997070e+00,1.052798151969909668e+00,-1.695449948310852051e+00,-2.341752648353576660e-01,1.713213562965393066e+00,1.597021937370300293e+00,2.993878841400146484e+00,1.231440529227256775e-01,-1.110484242439270020e+00,1.653175592422485352e+00,-1.778934240341186523e+00,-2.397156715393066406e+00,2.377892017364501953e+00,6.945196986198425293e-01,1.027036070823669434e+00,-4.125978350639343262e-01,-2.082668989896774292e-01,-2.627943515777587891e+00
1.910147190093994141e+00,1.636924386024475098e+00,1.628899723291397095e-01,1.188872337341308594e+00,3.532018661499023438e-01,9.419050812721252441e-01,7.504477500915527344e-01,2.505782842636108398e+00,-1.568798303604125977e+00,2.698781788349151611e-01,-1.916823685169219971e-01,6.422040462493896484e-01,1.024563550949096680e+00,-2.522520065307617188e+00,-1.911741971969604492e+00,-2.235299587249755859e+00,-7.230100035667419434e-01,-2.587269783020019531e+00,6.955718994140625000e-01,-2.661760747432708740e-01
1.262194156646728516e+00,-2.633236885070800781e+00,-2.496290206909179688e+00,1.447502613067626953e+00,-2.184048414230346680e+00,-1.311270236968994141e+00,6.756843924522399902e-01,-1.176424264907836914e+00,-3.654956221580505371e-01,-2.499706268310546875e+00,7.252728939056396484e-01,2.999433875083923340e-01,1.633799970149993896e-01,-1.239845037460327148e+00,2.630615234375000000e+00,1.199389323592185974e-01,-1.825935244560241699e+00,-1.384397983551025391e+00,1.487474292516708374e-01,-9.765961170196533203e-01
-9.623089432716369629e-01,2.134032249450683594e-01,-7.375971078872680664e-01,-3.836997151374816895e-01,-9.414712786674499512e-01,1.652668416500091553e-01,2.056235551834106445e+00,-1.663529276847839355e+00,-5.830171704292297363e-01,6.812226176261901855e-01,6.919427514076232910e-01,1.609520196914672852e+00,-1.850464463233947754e+00,7.338027358055114746e-01,1.568202733993530273e+00,-2.597316265106201172e+00,6.315597295761108398e-01,-1.730239748954772949e+00,-1.899417519569396973e+00,-1.301588892936706543e+00
-2.731658220291137695e+00,1.235177993774414062e+00,-1.662532091140747070e+00,1.647061705589294434e+00,8.579969406127929688e-01,1.905877828598022461e+00,-1.908862709999084473e+00,2.202633857727050781e+00,-2.723540067672729492e+00,-1.061045646667480469e+00,-2.531067371368408203e+00,-1.946730613708496094e+00,2.722170591354370117e+00,-5.476965308189392090e-01,-2.370760776102542877e-02,-6.516240835189819336e-01,3.722398728132247925e-02,1.031074643135070801e+00,-6.014112830162048340e-01,-6.370796561241149902e-01
1.244014620780944824e+00,1.331126332283020020e+00,3.821698948740959167e-02,-1.753480553627014160e+00,-4.798010885715484619e-01,2.569572925567626953e+00,2.427526712417602539e+00,1.630400180816650391e+00,1.341157078742980957e+00,1.430015917867422104e-02,-1.164917707443237305e+00,6.942890882492065430e-01,-1.624813079833984375e+00,-5.309002399444580078e-01,-2.605695247650146484e+00,-2.812234640121459961e+00,-1.528269648551940918e+00,7.785400152206420898e-01,-1.130676388740539551e+00,2.122513771057128906e+00
2.706647515296936035e-01,-4.283189475536346436e-01,-5.242882966995239258e-01,-5.600488781929016113e-01,-5.829757452011108398e-01,1.088737010955810547e+00,-2.676107168197631836e+00,1.157841444015502930e+00,-2.268366098403930664e+00,-1.667952418327331543e+00,3.784027993679046631e-01,1.140164852142333984e+00,1.110639810562133789e+00,2.105913400650024414e+00,-2.155230760574340820e+00,-8.816352486610412598e-01,1.380684852600097656e+00,2.731289863586425781e+00,-6.348142027854919434e-01,1.193789362907409668e+00
-2.084943205118179321e-01,5.928308367729187012e-01,-1.126782655715942383e+00,-1.599581003189086914e+00,-1.722064852714538574e+00,-7.927719354629516602e-01,-2.153126955032348633e+00,-1.759484767913818359e+00,1.481018781661987305e+00,2.078579902648925781e+00,1.937145471572875977e+00,1.896748661994934082e+00,1.326390027999877930e+00,2.009318113327026367e+00,2.274583280086517334e-01,-1.521782636642456055e+00,-1.617191553115844727e+00,-4.528787359595298767e-02,-2.782534837722778320e+00,1.131121516227722168e+00
1.643095761537551880e-01,-4.220140725374221802e-02,-1.737616419792175293e+00,-2.732837915420532227e+00,-2.823012769222259521e-01,8.865717053413391113e-01,-2.888580322265625000e+00,-2.366336584091186523e+00,-1.637674212455749512e+00,2.383475065231323242e+00,2.202223092317581177e-01,7.007939815521240234e-01,-7.526429295539855957e-01,-1.408113956451416016e+00,1.004071354866027832e+00,-9.712093472480773926e-01,-8.053203225135803223e-01,2.737948656082153320e+00,1.503098849207162857e-02,-1.394546627998352051e+00
2.985048532485961914e+00,2.375247478485107422e+00,1.381411790847778320e+00,-6.142686009407043457e-01,-2.075193166732788086e+00,2.702137231826782227e+00,-1.512870192527770996e+00,7.422046065330505371e-01,-6.991944909095764160e-01,-1.751740455627441406e+00,4.270906001329421997e-02,6.235691905021667480e-01,-7.121109366416931152e-01,-4.604307413101196289e-01,-8.453544378280639648e-01,2.452593564987182617e+00,1.804850578308105469e+00,1.710294246673583984e+00,-2.089620113372802734e+00,-6.917765140533447266e-01
1.850295066833496094e+00,-7.981677651405334473e-01,7.628577947616577148e-01,-1.444198489189147949e+00,-1.979222416877746582e+00,9.229767322540283203e-01,4.191945493221282959e-01,2.622786760330200195e+00,1.212370157241821289e+00,8.847479820251464844e-01,7.217949032783508301e-01,1.452617406845092773e+00,1.149029135704040527e+00,1.869829744100570679e-02,-2.860482454299926758e+00,-1.294705629348754883e+00,-2.880351245403289795e-01,-8.153139352798461914e-01,-1.648223280906677246e+00,1.688851237297058105e+00
-4.526942670345306396e-01,-2.438085794448852539e+00,-1.548500299453735352e+00,-1.586609363555908203e+00,-4.866634607315063477e-01,-5.253501534461975098e-01,-1.210419297218322754e+00,1.444473862648010254e+00,-1.258278846740722656e+00,7.189732193946838379e-01,5.306646227836608887e-01,1.297715425491333008e+00,-1.370706439018249512e+00,2.402613162994384766e+00,1.840101718902587891e+00,5.847947597503662109e-01,-1.881526708602905273e+00,-2.768780231475830078e+00,-9.263164997100830078e-01,-2.608103036880493164e+00
-1.988781213760375977e+00,-1.556652307510375977e+00,2.642235994338989258e+00,7.427426576614379883e-01,-2.287913322448730469e+00,1.186120629310607910e+00,1.514854788780212402e+00,-2.180907011032104492e+00,-2.268423795700073242e+00,8.517068624496459961e-01,3.054091930389404297e-01,-1.192617297172546387e+00,2.551222443580627441e-01,5.995187163352966309e-02,-1.289865136146545410e+00,2.447113037109375000e+00,-1.925593733787536621e+00,-2.506433010101318359e+00,-1.750185936689376831e-01,-1.167114257812500000e+00
6.489995121955871582e-02,2.042750597000122070e+00,2.197399854660034180e+00,2.508766174316406250e+00,-9.165727533400058746e-03,2.431641817092895508e+00,1.899233222007751465e+00,1.840388536453247070e+00,2.387230992317199707e-01,1.736126244068145752e-01,2.244251251220703125e+00,1.661379337310791016e+00,-4.806529581546783447e-01,-2.033862352371215820e+00,9.009222984313964844e-01,2.093146592378616333e-01,1.455284595489501953e+00,-6.926968693733215332e-01,-4.043741822242736816e-01,-2.808132886886596680e+00
-2.646746337413787842e-01,1.392124295234680176e+00,-2.275372982025146484e+00,-7.287216782569885254e-01,-3.384821116924285889e-02,-1.856782317161560059e+00,-1.841437935829162598e+00,2.892160654067993164e+00,8.941107988357543945e-01,-1.949107646942138672e+00,3.723396360874176025e-01,1.952183604240417480e+00,-2.725389719009399414e+00,-2.394750356674194336e+00,8.045167326927185059e-01,-5.075301527976989746e-01,-1.574862957000732422e+00,3.867560029029846191e-01,5.361036658287048340e-01,-1.096211910247802734e+00
4.336455762386322021e-01,-2.211795091629028320e+00,1.389986872673034668e+00,-3.343695998191833496e-01,-2.108160734176635742e+00,-1.927181482315063477e+00,-3.432863056659698486e-01,-3.335520029067993164e-01,-8.683305978775024414e-01,6.522422432899475098e-01,4.435841441154479980e-01,-1.867014884948730469e+00,1.892249822616577148e+00,3.609153330326080322e-01,-1.992029190063476562e+00,-3.396879732608795166e-01,-8.791491389274597168e-01,-9.186079502105712891e-01,-5.746597051620483398e-01,-1.977391541004180908e-01
2.706459045410156250e+00,1.409949660301208496e+00,-4.501528441905975342e-01,2.075294017791748047e+00,-2.241879701614379883e+00,-2.072317898273468018e-01,-2.781641483306884766e+00,1.908162117004394531e+00,-2.850373744964599609e+00,2.002991437911987305e+00,-3.711234927177429199e-01,8.148052096366882324e-01,-6.012595891952514648e-01,1.805720925331115723e+00,-2.285915374755859375e+00,3.111324310302734375e-01,1.048752903938293457e+00,-1.927136182785034180e+00,3.986059427261352539e-01,1.132873415946960449e+00
8.561743497848510742e-01,1.182238221168518066e+00,1.220055222511291504e+00,-4.071931242942810059e-01,-7.318874597549438477e-01,-2.311596393585205078e+00,-6.894962787628173828e-01,2.988169670104980469e+00,-5.412321165204048157e-02,-2.550023555755615234e+00,1.041926145553588867e+00,1.496908426284790039e+00,-1.331825494766235352e+00,-4.893837869167327881e-01,1.324195265769958496e+00,-1.612131834030151367e+00,1.687365025281906128e-01,-4.999424517154693604e-01,-9.218245744705200195e-01,-6.072330474853515625e-01
1.174565434455871582e+00,-9.800977706909179688e-01,-1.998776793479919434e+00,-2.814240455627441406e-01,2.007322609424591064e-01,2.408075571060180664e+00,9.665098786354064941e-01,-1.008587360382080078e+00,2.110847711563110352e+00,2.485866546630859375e+00,2.530144214630126953e+00,-2.963506937026977539e+00,-1.226647868752479553e-01,1.028799414634704590e+00,-8.582702279090881348e-01,-2.165017366409301758e+00,-1.726298451423645020e+00,6.502073407173156738e-01,8.423105478286743164e-01,-1.071084022521972656e+00
1.072344064712524414e+00,4.849990606307983398e-01,1.670938491821289062e+00,-2.846473932266235352e+00,1.012623190879821777e+00,-4.191351532936096191e-01,-1.099803924560546875e+00,-5.614594817161560059e-01,-2.249270915985107422e+00,5.527107715606689453e-01,-6.099481582641601562e-01,-4.128499627113342285e-01,-2.452974915504455566e-01,1.541602730751037598e+00,-1.541507959365844727e+00,-2.587606430053710938e+00,-2.870950460433959961e+00,-3.844783902168273926e-01,9.344192147254943848e-01,-2.887201070785522461e+00
-4.127586483955383301e-01,-9.617064595222473145e-01,-2.581125736236572266e+00,2.228798151016235352e+00,-1.905265927314758301e+00,-9.307447075843811035e-01,2.161376923322677612e-01,1.665704131126403809e+00,-1.500754117965698242e+00,1.336033105850219727e+00,-2.049642086029052734e+00,1.884267449378967285e+00,2.604608058929443359e+00,-2.138524770736694336e+00,2.572776377201080322e-01,-1.000527620315551758e+00,-2.221312671899795532e-01,-2.795480251312255859e+00,-3.484030961990356445e-01,6.633882522583007812e-01
1.131695032119750977e+00,9.819886088371276855e-01,-1.447488069534301758e+00,2.933239459991455078e+00,-4.435689449310302734e-01,-1.550889134407043457e+00,-6.710809469223022461e-01,-5.094206929206848145e-01,-2.484713077545166016e+00,2.594308376312255859e+00,1.040482521057128906e+00,1.026012539863586426e+00,-2.533469676971435547e+00,2.371622562408447266e+00,-8.536217808723449707e-01,1.065781831741333008e+00,-9.294314682483673096e-02,2.639229893684387207e-01,-2.411025911569595337e-01,1.631347894668579102e+00
-1.694160580635070801e+00,1.442242145538330078e+00,6.493864655494689941e-01,-2.031830310821533203e+00,-2.158935785293579102e+00,-1.450012087821960449e+00,-2.276073217391967773e+00,-8.993609547615051270e-01,-1.622996926307678223e+00,1.079032897949218750e+00,1.295389652252197266e+00,-1.424316525459289551e+00,2.448172092437744141e+00,-2.785430908203125000e+00,1.682284355163574219e+00,2.220475435256958008e+00,-2.420227289199829102e+00,4.591848850250244141e-01,-1.040706396102905273e+00,-2.162421226501464844e+00
-1.260247945785522461e+00,-4.585850238800048828e-01,-2.433506965637207031e+00,-1.319958806037902832e+00,-1.832380294799804688e+00,-3.502357006072998047e-01,-1.699874520301818848e+00,2.687901258468627930e+00,-4.199440777301788330e-01,-1.533127903938293457e+00,-1.347491383552551270e+00,-1.736218452453613281e+00,1.448776721954345703e+00,-6.636621952056884766e-01,-2.385566234588623047e+00,2.257885456085205078e+00,2.393750846385955811e-01,2.706128358840942383e-01,6.649508476257324219e-01,3.979126811027526855e-01
1.433525562286376953e+00,-2.491489648818969727e+00,-2.576113700866699219e+00,-1.868636965751647949e+00,2.680947780609130859e+00,-2.399989604949951172e+00,7.058441042900085449e-01,-2.359448909759521484e+00,-1.095439791679382324e+00,2.550177097320556641e+00,1.889312267303466797e+00,2.733561277389526367e+00,1.981488108634948730e+00,3.704456612467765808e-02,1.396722912788391113e+00,-1.624288678169250488e+00,3.719815909862518311e-01,-1.440926551818847656e+00,-2.691498041152954102e+00,-2.277926445007324219e+00
6.414309144020080566e-01,-4.595363736152648926e-01,2.656631708145141602e+00,5.219117403030395508e-01,-1.997655272483825684e+00,1.406338572502136230e+00,1.035225749015808105e+00,2.048252105712890625e+00,1.728104591369628906e+00,1.298672199249267578e+00,-1.776368975639343262e+00,1.090010643005371094e+00,1.364982247352600098e+00,-6.232729554176330566e-01,-1.700454950332641602e+00,2.266698360443115234e+00,-1.501358270645141602e+00,-4.311126172542572021e-01,-6.415253877639770508e-02,-7.238636016845703125e-01
-2.543050527572631836e+00,2.372850418090820312e+00,-2.207219362258911133e+00,1.465851813554763794e-01,-2.371990680694580078e+00,-2.551518440246582031e+00,-5.010395497083663940e-02,-1.205456376075744629e+00,-1.487179994583129883e+00,-9.446597099304199219e-01,-3.476840853691101074e-01,1.549438595771789551e+00,-1.300465464591979980e-01,1.836018800735473633e+00,1.376110672950744629e+00,-2.666332125663757324e-01,-2.217396974563598633e+00,2.773835957050323486e-01,6.423263996839523315e-02,-9.619332551956176758e-01
-2.548503398895263672e+00,1.361932873725891113e+00,-1.882445216178894043e+00,1.582961440086364746e+00,-1.253665804862976074e+00,-9.774830341339111328e-01,7.146821022033691406e-01,4.288112521171569824e-01,-2.655245780944824219e+00,4.474812448024749756e-01,-4.187080860137939453e-01,2.093721628189086914e+00,2.235483884811401367e+00,-8.459084033966064453e-01,2.441803932189941406e+00,-6.521400809288024902e-01,-8.176358938217163086e-01,-1.440932601690292358e-01,1.123351812362670898e+00,-2.096658229827880859e+00
1.185385823249816895e+00,-7.731663584709167480e-01,3.404243290424346924e-01,2.684445142745971680e+00,-6.419350504875183105e-01,-2.930121421813964844e+00,-2.126689672470092773e+00,-4.181492328643798828e-01,-1.621673345565795898e+00,-1.478581130504608154e-01,-1.076543796807527542e-02,6.453696489334106445e-01,-7.105446606874465942e-02,-4.345643520355224609e-01,-6.377560496330261230e-01,-6.513541936874389648e-01,-1.837505817413330078e+00,-1.518354862928390503e-01,1.665372014045715332e+00,-8.753072023391723633e-01
1.129375472664833069e-01,1.675063729286193848e+00,1.130613684654235840e+00,2.928094625473022461e+00,-9.511073231697082520e-01,-1.046911114826798439e-03,1.464605093002319336e+00,1.676406264305114746e+00,1.601307630538940430e+00,3.892834484577178955e-01,-2.279557466506958008e+00,1.185916185379028320e+00,1.298513531684875488e+00,-7.591339945793151855e-01,-1.048634767532348633e+00,2.591964960098266602e+00,-2.349553346633911133e+00,-9.469294548034667969e-01,-7.231568098068237305e-01,7.089386582374572754e-01
-1.513516902923583984e+00,1.717949390411376953e+00,4.034204781055450439e-02,-7.579805701971054077e-02,-1.444808006286621094e+00,3.915264904499053955e-01,1.341217875480651855e+00,2.712656497955322266e+00,-1.646677851676940918e-01,1.451702833175659180e+00,-8.378252387046813965e-01,2.825285196304321289e+00,-1.387844324111938477e+00,-4.715366065502166748e-01,2.994698882102966309e-01,-2.334106922149658203e+00,-4.617189466953277588e-01,2.218279600143432617e+00,-8.901946544647216797e-01,-3.711200356483459473e-01
-2.457318544387817383e+00,6.206843256950378418e-01,6.275365352630615234e-01,-3.121848404407501221e-01,3.057015836238861084e-01,-1.033271551132202148e-01,-2.883776664733886719e+00,-8.664580583572387695e-01,-1.723888039588928223e+00,2.392593145370483398e+00,-1.180603131651878357e-01,-1.958133816719055176e+00,-2.742032289505004883e+00,-5.944055318832397461e-02,-1.253764867782592773e+00,1.433294057846069336e+00,-1.016075968742370605e+00,1.897237300872802734e+00,3.906513005495071411e-02,1.493064284324645996e+00
2.346641302108764648e+00,-7.822270989418029785e-01,6.094531416893005371e-01,6.567257642745971680e-02,4.628283083438873291e-01,-1.309340596199035645e-01,-5.370496213436126709e-02,2.697089910507202148e+00,9.616690874099731445e-01,8.268112540245056152e-01,-3.980485200881958008e-01,-2.476463317871093750e+00,2.961651325225830078e+00,-2.958359718322753906e+00,-2.450070858001708984e+00,-8.197219371795654297e-01,-2.625017166137695312e+00,-1.716082453727722168e+00,-7.164783477783203125e-01,-2.735057830810546875e+00
-1.220639705657958984e+00,-1.628317952156066895e+00,-8.084018826484680176e-01,2.608194589614868164e+00,-1.754589796066284180e+00,5.967099666595458984e-01,3.100095689296722412e-01,-8.520741462707519531e-01,-1.412470459938049316e+00,2.747671127319335938e+00,-1.472706794738769531e+00,3.411667943000793457e-01,1.544408202171325684e+00,-2.611944437026977539e+00,-6.450396776199340820e-01,-2.828572988510131836e+00,-7.967371940612792969e-01,2.139262199401855469e+00,4.173554480075836182e-01,1.211147159337997437e-01
1.426902174949645996e+00,1.524037957191467285e+00,-1.381762862205505371e+00,1.349696755409240723e+00,-6.373288631439208984e-01,3.723879577592015266e-03,-1.747950077056884766e+00,1.171571850776672363e+00,5.679492354393005371e-01,-1.600872993469238281e+00,-1.619984626770019531e+00,1.350612759590148926e+00,-9.554127454757690430e-01,2.859602689743041992e+00,-1.317130088806152344e+00,3.400894999504089355e-01,2.529259681701660156e+00,6.967737078666687012e-01,1.596421301364898682e-01,-1.558807492256164551e+00
-2.052349567413330078e+00,-2.646426856517791748e-01,-2.078846454620361328e+00,1.768448710441589355e+00,2.217694520950317383e-01,-1.284873962402343750e+00,-2.333132982254028320e+00,9.965804964303970337e-02,7.666112184524536133e-01,-2.762548685073852539e+00,-2.659669399261474609e+00,2.819028854370117188e+00,4.734740555286407471e-01,-1.461904525756835938e+00,-2.553874969482421875e+00,-1.460682272911071777e+00,1.023684144020080566e-01,2.178096771240234375e+00,-2.750736236572265625e+00,2.658452510833740234e+00
-2.317947149276733398e+00,9.741686582565307617e-01,-1.072532892227172852e+00,-2.722271382808685303e-01,-2.064341068267822266e+00,-7.271030545234680176e-01,2.119348526000976562e+00,-3.589589595794677734e-01,-2.348153352737426758e+00,-4.782652258872985840e-01,1.208778500556945801e+00,-4.771729707717895508e-01,-2.794809103012084961e+00,-1.174501895904541016e+00,2.499324798583984375e+00,-8.756373524665832520e-01,1.212976455688476562e+00,-2.139553070068359375e+00,-6.033467650413513184e-01,-1.083395361900329590e+00
-4.992851614952087402e-01,1.816468715667724609e+00,7.539729475975036621e-01,7.154328227043151855e-01,1.885493636131286621e+00,-1.458349674940109253e-01,-3.264838457107543945e-01,2.914175271987915039e+00,1.945704102516174316e+00,-3.781807124614715576e-01,-6.142033934593200684e-01,-2.627339124679565430e+00,1.941488504409790039e+00,1.359298825263977051e+00,-8.276944160461425781e-01,-2.594133138656616211e+00,-1.356783390045166016e+00,-9.766710996627807617e-01,1.206469535827636719e-01,8.197623491287231445e-01
-2.888896942138671875e+00,1.075057148933410645e+00,-2.235911369323730469e+00,2.546038389205932617e+00,7.419424057006835938e-01,-2.045103788375854492e+00,2.233003526926040649e-01,2.797163486480712891e+00,5.046793222427368164e-01,9.544606804847717285e-01,2.026447296142578125e+00,1.930660963058471680e+00,-8.272727131843566895e-01,-2.830447196960449219e+00,7.745987176895141602e-01,-1.247292995452880859e+00,-1.390781849622726440e-01,1.936166524887084961e+00,-2.470338106155395508e+00,1.497591495513916016e+00
-9.571965336799621582e-01,3.357967734336853027e-01,-1.722858667373657227e+00,1.474196553230285645e+00,5.037589669227600098e-01,2.835077762603759766e+00,1.184044003486633301e+00,-7.934756875038146973e-01,-2.694520473480224609e+00,2.615811228752136230e-01,-3.898683190345764160e-01,1.379348754882812500e+00,2.131541728973388672e+00,-1.658047914505004883e+00,-6.987940073013305664e-01,1.264907479286193848e+00,9.582611918449401855e-01,-1.819455742835998535e+00,4.956596791744232178e-01,-2.412317514419555664e+00
8.572953939437866211e-02,2.503861904144287109e+00,-1.001739263534545898e+00,9.449393153190612793e-01,-1.577731251716613770e+00,1.674678921699523926e+00,-1.625749111175537109e+00,2.922444604337215424e-02,1.953378081321716309e+00,-7.099165022373199463e-02,-1.892504096031188965e+00,1.550182461738586426e+00,-2.395189106464385986e-01,-1.070753216743469238e+00,-1.483144283294677734e+00,-6.957737803459167480e-01,-1.708220481872558594e+00,2.531293034553527832e-01,-1.525398015975952148e+00,-2.097995728254318237e-01
-1.374615192413330078e+00,-1.585952639579772949e-01,1.540202498435974121e+00,2.027701586484909058e-01,1.172260999679565430e+00,-9.839253872632980347e-02,-1.813286662101745605e+00,-2.263849496841430664e+00,-2.263295888900756836e+00,3.893048465251922607e-01,-2.792650699615478516e+00,3.846019804477691650e-01,2.771849393844604492e+00,3.859724104404449463e-02,-9.138391017913818359e-01,-1.639274835586547852e+00,-1.648687362670898438e+00,1.378133296966552734e+00,-2.457394599914550781e+00,-2.636665821075439453e+00
1.968831777572631836e+00,2.837227344512939453e+00,-2.030760765075683594e+00,1.008754849433898926e+00,-5.138199329376220703e-01,2.014856338500976562e+00,5.170398354530334473e-01,-9.056418538093566895e-01,-1.839854598045349121e+00,7.855277657508850098e-01,-1.087429761886596680e+00,-3.948394358158111572e-01,7.309086918830871582e-01,4.218142926692962646e-01,-2.753225088119506836e+00,-6.228230595588684082e-01,-8.213314414024353027e-01,-2.806601285934448242e+00,1.726598851382732391e-02,2.782519578933715820e+00
1.595627665519714355e+00,4.890556633472442627e-01,1.137566566467285156e+00,-1.700835347175598145e+00,-6.889648437500000000e-01,2.098874330520629883e+00,2.665677070617675781e+00,2.701605081558227539e+00,-1.422795772552490234e+00,-2.327386617660522461e+00,2.517475605010986328e+00,9.027396440505981445e-01,1.686713933944702148e+00,1.643437027931213379e+00,-6.324817538261413574e-01,-1.920283675193786621e+00,1.091591477394104004e+00,-6.036087274551391602e-01,3.184028267860412598e-01,-8.978956341743469238e-01
4.382527768611907959e-01,-6.969791650772094727e-01,-7.503407001495361328e-01,-1.940029561519622803e-01,-2.255212545394897461e+00,-1.196133375167846680e+00,-2.146074295043945312e+00,2.689033031463623047e+00,-1.705069899559020996e+00,-1.590336799621582031e+00,2.380480051040649414e+00,-2.271213769912719727e+00,1.517196416854858398e+00,1.099870875477790833e-01,-8.477936983108520508e-01,8.074123859405517578e-01,-4.455038905143737793e-01,2.186329215764999390e-01,-5.370283126831054688e-01,6.745281219482421875e-01
1.356075167655944824e+00,-9.724985361099243164e-01,9.130586385726928711e-01,1.791832685470581055e+00,-6.926543265581130981e-02,9.553649462759494781e-03,-2.175751209259033203e+00,9.594517201185226440e-02,-7.095797061920166016e-01,3.373087048530578613e-01,3.183728829026222229e-02,1.915420174598693848e+00,8.473048806190490723e-01,1.849036693572998047e+00,5.581006407737731934e-01,1.344970464706420898e+00,2.671167552471160889e-01,-6.185882687568664551e-01,-8.602065443992614746e-01,8.669238686561584473e-01
2.954647302627563477e+00,1.598075389862060547e+00,2.734246253967285156e+00,7.858451604843139648e-01,-1.666104316711425781e+00,2.580097675323486328e+00,2.464718103408813477e+00,-1.061208546161651611e-01,-1.970898151397705078e+00,2.252920389175415039e+00,2.065539598464965820e+00,2.802170991897583008e+00,2.200820922851562500e+00,-2.420433044433593750e+00,-1.189912199974060059e+00,-3.757169246673583984e-01,1.480452299118041992e+00,-5.097054839134216309e-01,2.522366940975189209e-01,-1.062962055206298828e+00
2.807663679122924805e+00,7.145044207572937012e-01,-1.768870711326599121e+00,-9.364913702011108398e-01,-2.429029464721679688e+00,-2.092367649078369141e+00,2.059974193572998047e+00,1.618252396583557129e+00,1.111697435379028320e+00,-2.403693199157714844e+00,-2.152402639389038086e+00,1.453030467033386230e+00,-2.313124656677246094e+00,1.740608692169189453e+00,-8.845089673995971680e-01,1.837092995643615723e+00,4.678225517272949219e-01,-1.016880750656127930e+00,-1.765967726707458496e+00,-1.061580538749694824e+00
-1.217039346694946289e+00,-5.961851477622985840e-01,1.308024376630783081e-01,7.109023332595825195e-01,-1.830098628997802734e+00,7.480300664901733398e-01,1.781080484390258789e+00,8.963919281959533691e-01,-3.675665855407714844e-01,-2.316431999206542969e+00,-2.115523815155029297e+00,7.967002391815185547e-01,1.414112448692321777e+00,2.518371105194091797e+00,-2.420898199081420898e+00,4.351537525653839111e-01,-7.236687541007995605e-01,2.195877790451049805e+00,-5.280846953392028809e-01,-8.606446385383605957e-01
-2.050384759902954102e+00,-1.910181760787963867e+00,1.030761122703552246e+00,-7.494325935840606689e-02,-2.230395823717117310e-01,1.690936207771301270e+00,-1.680134415626525879e+00,-3.910315930843353271e-01,-4.932525753974914551e-01,-1.142281591892242432e-01,-2.586312532424926758e+00,1.681421041488647461e+00,2.555064678192138672e+00,2.804321527481079102e+00,1.456429958343505859e-01,-7.829801738262176514e-02,-5.157909989356994629e-01,-4.001560211181640625e-01,-5.581684708595275879e-01,-2.534279584884643555e+00
-1.492623209953308105e+00,-6.772050261497497559e-01,-3.969901800155639648e-01,-2.595002651214599609e+00,-2.628336191177368164e+00,3.743174970149993896e-01,-2.656497716903686523e+00,3.146962821483612061e-01,-2.202579259872436523e+00,-2.775267839431762695e+00,-5.963955521583557129e-01,8.078880906105041504e-01,9.690684080123901367e-01,4.751991033554077148e-01,-2.179605811834335327e-01,2.554411411285400391e+00,-3.924935758113861084e-01,1.346753120422363281e+00,-4.849061965942382812e-01,-2.949008226394653320e+00
1.763146519660949707e+00,7.296075820922851562e-01,1.148691892623901367e+00,1.744033336639404297e+00,-6.883439421653747559e-01,-7.535338401794433594e-01,9.190721511840820312e-01,-9.747166633605957031e-01,8.783561587333679199e-01,1.374464631080627441e-01,1.645058155059814453e+00,9.638144969940185547e-01,2.592839717864990234e+00,-2.531224012374877930e+00,-1.088632702827453613e+00,5.874459147453308105e-01,-2.304952144622802734e+00,-1.634482026100158691e+00,2.605412900447845459e-01,-1.007829189300537109e+00
-2.746607542037963867e+00,1.450523138046264648e+00,8.059018850326538086e-01,2.006999969482421875e+00,-1.642877340316772461e+00,1.977622985839843750e+00,-4.168829023838043213e-01,-6.015914082527160645e-01,-6.431182622909545898e-01,1.390326380729675293e+00,2.107426643371582031e+00,2.922623872756958008e+00,2.622369527816772461e+00,-1.619200408458709717e-01,-8.042213916778564453e-01,2.558091640472412109e+00,-1.888712167739868164e+00,1.802671551704406738e-01,-1.215602278709411621e+00,-1.375241875648498535e+00
-9.004899263381958008e-01,-6.646816134452819824e-01,2.424095571041107178e-01,1.878708899021148682e-01,9.341345429420471191e-01,2.295021295547485352e+00,-1.919712662696838379e+00,-1.502030968666076660e+00,-2.023884296417236328e+00,-2.453291416168212891e+00,-5.923779010772705078e-01,-2.318631708621978760e-01,-6.950874328613281250e-01,1.556830644607543945e+00,1.614269614219665527e+00,-2.576820611953735352e+00,-5.561049580574035645e-01,-6.845608353614807129e-01,-1.513071775436401367e+00,-6.669144034385681152e-01
-1.466122984886169434e+00,-1.152274534106254578e-01,2.110669136047363281e+00,1.272591590881347656e+00,-2.048522472381591797e+00,-2.800109386444091797e+00,2.361126840114593506e-01,-7.643626928329467773e-01,-1.869119048118591309e+00,1.998769283294677734e+00,4.183462858200073242e-01,-1.418321967124938965e+00,2.734321832656860352e+00,-2.337144687771797180e-02,-2.642410278320312500e+00,-2.329725742340087891e+00,-1.933885693550109863e+00,8.689817190170288086e-01,9.982467442750930786e-02,-2.808440208435058594e+00
-2.548910617828369141e+00,1.041584730148315430e+00,1.730893611907958984e+00,-2.744422912597656250e+00,9.209015369415283203e-01,6.054187417030334473e-01,5.015400052070617676e-01,1.755668163299560547e+00,-5.912790298461914062e-01,-1.354964733123779297e+00,4.994402453303337097e-02,2.706764936447143555e+00,1.744981527328491211e+00,-4.908372759819030762e-01,4.601807147264480591e-02,-2.105712890625000000e+00,-6.621631383895874023e-01,-1.756571888923645020e+00,-2.650976657867431641e+00,-9.652901887893676758e-01
1.047475218772888184e+00,-3.357432186603546143e-01,-2.094732284545898438e+00,8.080531954765319824e-01,-2.112968206405639648e+00,-4.639911055564880371e-01,1.207301616668701172e+00,-2.927117645740509033e-01,-3.140667080879211426e-01,3.661560714244842529e-01,2.508587539196014404e-01,1.546297907829284668e+00,1.803258299827575684e+00,1.439836859703063965e+00,1.547868967056274414e+00,1.850928544998168945e+00,6.999293565750122070e-01,3.621693551540374756e-01,1.922509819269180298e-01,-2.661645174026489258e+00
-3.799103498458862305e-01,-2.536206007003784180e+00,-8.151396512985229492e-01,-3.327435255050659180e-02,4.158531427383422852e-01,6.824548244476318359e-01,-1.360855221748352051e+00,1.570719718933105469e+00,-1.456406712532043457e+00,-1.726132154464721680e+00,2.146963596343994141e+00,1.189741373062133789e+00,-1.515436887741088867e+00,2.383994162082672119e-01,8.278715610504150391e-01,-1.492838263511657715e+00,-5.004442334175109863e-01,2.028073370456695557e-01,-5.072267651557922363e-01,1.951403468847274780e-01
1.637052893638610840e+00,-2.862193822860717773e+00,5.550749301910400391e-01,-3.713047504425048828e-01,6.623592972755432129e-01,-1.557297587394714355e+00,-2.768178462982177734e+00,1.198615193367004395e+00,-2.347609281539916992e+00,-1.765103936195373535e+00,2.433137178421020508e+00,-1.796123385429382324e+00,-5.164125561714172363e-01,2.344943523406982422e+00,-2.173247575759887695e+00,-1.112132892012596130e-01,-2.741483449935913086e-01,-1.168953180313110352e-01,-2.517654180526733398e+00,-2.048372179269790649e-01
-1.379144042730331421e-01,-8.386442661285400391e-01,1.250160783529281616e-01,1.429543793201446533e-01,-1.148427367210388184e+00,2.473437309265136719e+00,7.269631624221801758e-01,-2.425403118133544922e+00,-2.830275535583496094e+00,-1.085065364837646484e+00,-1.011445641517639160e+00,2.731921434402465820e+00,2.595451354980468750e+00,-9.693008065223693848e-01,-1.052084445953369141e+00,9.633294343948364258e-01,-1.964875578880310059e+00,-2.556450366973876953e+00,-2.082480669021606445e+00,-8.344365358352661133e-01
4.384234845638275146e-01,2.537546873092651367e+00,1.246812343597412109e+00,-2.256870567798614502e-01,4.768787026405334473e-01,1.449383854866027832e+00,1.664424300193786621e+00,-2.428371906280517578e+00,-4.695929586887359619e-01,-1.957081317901611328e+00,-7.680308818817138672e-01,2.666059732437133789e+00,-2.359699249267578125e+00,2.663943052291870117e+00,1.601387858390808105e+00,1.124620884656906128e-01,-2.768483161926269531e+00,1.617614507675170898e+00,-2.505031824111938477e+00,-8.682106733322143555e-01
-2.372817039489746094e+00,-1.316329687833786011e-01,1.135025978088378906e+00,9.716771841049194336e-01,1.066949963569641113e+00,-1.540286302566528320e+00,7.228868007659912109e-01,-9.262478351593017578e-01,-2.276339054107666016e+00,-8.192690610885620117e-01,5.536435842514038086e-01,1.790041804313659668e+00,2.792752027511596680e+00,-1.993519067764282227e+00,1.438738107681274414e+00,-2.862636804580688477e+00,-3.137426078319549561e-01,7.474384903907775879e-01,-5.679591894149780273e-01,-1.258461117744445801e+00
-2.793844699859619141e+00,2.614868640899658203e+00,-2.290959805250167847e-01,-1.668077111244201660e+00,-1.883645653724670410e+00,6.942065954208374023e-01,-8.891023993492126465e-01,-1.982455015182495117e+00,-2.802258253097534180e+00,-1.188744544982910156e+00,3.521158993244171143e-01,-2.071038484573364258e+00,-6.838799118995666504e-01,-1.478522539138793945e+00,-2.368312597274780273e+00,8.241656422615051270e-01,-1.945661902427673340e+00,-6.722728610038757324e-01,-1.160096049308776855e+00,-1.829232215881347656e+00
-1.775407195091247559e+00,-1.966349482536315918e+00,1.712444663047790527e+00,1.380444169044494629e+00,3.875838816165924072e-01,-1.502721548080444336e+00,-1.632913947105407715e+00,-1.749552011489868164e+00,2.566089391708374023e+00,-1.731013655662536621e+00,-1.508271932601928711e+00,1.947496175765991211e+00,-2.049847096204757690e-01,-1.574587106704711914e+00,7.383307218551635742e-01,3.439742922782897949e-01,-2.218770027160644531e+00,1.913118064403533936e-01,-2.371433973312377930e+00,2.258551359176635742e+00
6.372604966163635254e-01,6.687294840812683105e-01,-2.872978150844573975e-01,7.575594186782836914e-01,-2.912236928939819336e+00,-7.386475205421447754e-01,-1.983310937881469727e+00,1.734814524650573730e+00,1.192183852195739746e+00,-2.193225383758544922e+00,2.334437370300292969e+00,-2.020935773849487305e+00,-2.488781929016113281e+00,-2.518235445022583008e+00,1.005363225936889648e+00,3.653113842010498047e-01,-2.470505475997924805e+00,1.213614940643310547e+00,-1.002021670341491699e+00,1.975374817848205566e+00
7.777957320213317871e-01,4.798596501350402832e-01,-2.447046756744384766e+00,8.765665441751480103e-02,-1.411094665527343750e+00,-9.332433342933654785e-01,-1.107661724090576172e+00,-1.083980917930603027e+00,8.979277014732360840e-01,5.234503149986267090e-01,-3.924017250537872314e-01,9.536374807357788086e-01,-2.455347776412963867e+00,1.713871002197265625e+00,-2.279269695281982422e+00,2.172628492116928101e-01,-8.404144644737243652e-01,1.178873062133789062e+00,2.698871850967407227e+00,-7.364014387130737305e-01
1.810107946395874023e+00,1.727964878082275391e+00,-2.483081340789794922e+00,2.306837320327758789e+00,-1.216958045959472656e+00,-2.572785139083862305e+00,-2.630562543869018555e+00,-2.112822055816650391e+00,-1.280009031295776367e+00,-7.778562903404235840e-01,-2.382555484771728516e+00,-7.490404248237609863e-01,2.819237232208251953e+00,5.494096875190734863e-01,-1.930900096893310547e+00,-7.855278849601745605e-01,-8.088531494140625000e-01,-5.160213708877563477e-01,2.962270677089691162e-01,2.344131708145141602e+00
-2.158854246139526367e+00,1.773938894271850586e+00,1.255845427513122559e-01,-2.678926885128021240e-01,-8.161562681198120117e-01,-2.322167009115219116e-01,-2.078959465026855469e+00,2.353012084960937500e+00,-5.278544425964355469e-01,1.213763803243637085e-01,7.813954353332519531e-01,2.879297547042369843e-02,3.307844996452331543e-01,-5.367888808250427246e-01,1.350498080253601074e+00,-2.322692573070526123e-01,-1.786610841751098633e+00,-1.834884047508239746e+00,-3.689737319946289062e-01,1.299191594123840332e+00
1.733178973197937012e+00,9.687162637710571289e-01,-9.983142018318176270e-01,-1.948418617248535156e+00,-2.150906085968017578e+00,1.544876098632812500e+00,2.070718765258789062e+00,2.265125513076782227e+00,1.581517606973648071e-01,1.789461851119995117e+00,-1.326587749645113945e-03,-2.679072380065917969e+00,1.481581568717956543e+00,1.684446692466735840e+00,9.739351868629455566e-01,-1.586808443069458008e+00,-2.293599367141723633e+00,-2.702764987945556641e+00,2.150359630584716797e+00,-2.641537904739379883e+00
-2.233998298645019531e+00,-4.200452566146850586e-01,8.371250033378601074e-01,-5.704571604728698730e-01,1.405071377754211426e+00,-3.026442527770996094e-01,6.429758071899414062e-01,2.101265668869018555e+00,-2.428878307342529297e+00,-1.119786500930786133e+00,-4.705407321453094482e-01,-2.403481245040893555e+00,-9.511212706565856934e-01,-1.121500253677368164e+00,1.594680666923522949e+00,2.129632711410522461e+00,-2.958051919937133789e+00,-1.998134374618530273e+00,1.828645586967468262e+00,-2.989675521850585938e+00
-1.025670886039733887e+00,-1.025684356689453125e+00,1.916688919067382812e+00,2.043442964553833008e+00,-2.975193738937377930e+00,-8.582485318183898926e-01,1.948508918285369873e-01,-1.052544236183166504e+00,-1.153240203857421875e+00,-2.962979078292846680e+00,1.341400384902954102e+00,-1.934134244918823242e+00,-1.064789533615112305e+00,-1.282839059829711914e+00,-1.413858771324157715e+00,-7.139126062393188477e-01,6.501878499984741211e-01,1.142040848731994629e+00,1.786222577095031738e+00,-1.489645242691040039e+00
-1.778005123138427734e+00,2.125817298889160156e+00,-9.722956418991088867e-01,1.591019153594970703e+00,-1.466090679168701172e-01,1.651340365409851074e+00,2.215678215026855469e+00,-2.799709796905517578e+00,-2.684964179992675781e+00,1.341323647648096085e-02,-4.224277436733245850e-01,1.215162649750709534e-01,-1.799871206283569336e+00,-2.608270168304443359e+00,2.647513389587402344e+00,-1.524333000183105469e+00,2.682608604431152344e+00,-1.196908354759216309e+00,-2.330611228942871094e+00,-1.261417508125305176e+00
-6.287062764167785645e-01,-1.115766644477844238e+00,-1.692719578742980957e+00,-2.915515661239624023e+00,-1.722510933876037598e+00,3.554492592811584473e-01,-7.867538928985595703e-01,-1.304161071777343750e+00,-2.300257205963134766e+00,-2.693137407302856445e+00,-1.103923022747039795e-01,-1.102481484413146973e-01,5.750499963760375977e-01,8.275635242462158203e-01,-2.687454938888549805e+00,-2.616144657135009766e+00,1.850399225950241089e-01,2.461490154266357422e+00,2.708287954330444336e+00,3.918386101722717285e-01
-5.502845048904418945e-01,-1.320805549621582031e+00,-9.380274415016174316e-01,5.049968957901000977e-01,-1.728262424468994141e+00,1.537068128585815430e+00,2.400920391082763672e+00,-2.093325853347778320e+00,-1.872724890708923340e+00,-4.223087430000305176e-01,-2.603982925415039062e+00,-2.486628055572509766e+00,-1.841863870620727539e+00,1.317107915878295898e+00,-2.992382764816284180e+00,-2.588672399520874023e+00,-9.527723789215087891e-01,2.479974031448364258e-01,-1.203007297590374947e-03,-1.384285241365432739e-01
2.834421873092651367e+00,-1.923827052116394043e+00,-7.978097200393676758e-01,-1.074310168623924255e-01,-9.955494403839111328e-01,-1.220817089080810547e+00,7.023591995239257812e-01,8.138687014579772949e-01,1.198569416999816895e+00,2.235505580902099609e+00,6.685150265693664551e-01,-1.861568331718444824e+00,9.284178614616394043e-01,2.310532331466674805e+00,-1.639416933059692383e+00,-3.857554197311401367e-01,1.063044905662536621e+00,1.411893725395202637e+00,-1.108860075473785400e-01,-1.825944542884826660e+00
-3.552306815981864929e-02,-4.427645504474639893e-01,-4.607530236244201660e-01,3.182945549488067627e-01,-7.383350729942321777e-01,-9.934719204902648926e-01,1.535231113433837891e+00,6.739735603332519531e-01,1.840392351150512695e-01,-2.752217054367065430e-01,2.452978134155273438e+00,4.045533835887908936e-01,1.749863386154174805e+00,-7.889244556427001953e-01,9.074230194091796875e-01,-1.147311091423034668e+00,-1.525231361389160156e+00,-1.858867645263671875e+00,-2.099871873855590820e+00,-1.581059455871582031e+00
3.044038414955139160e-01,8.226645588874816895e-01,4.288823530077934265e-02,4.711286723613739014e-02,-7.074027657508850098e-01,8.928658366203308105e-01,1.427848935127258301e+00,1.195628404617309570e+00,5.507082939147949219e-01,1.643366336822509766e+00,-1.837998747825622559e+00,2.011027812957763672e+00,-2.066148817539215088e-01,-1.783629298210144043e+00,2.040011882781982422e+00,-2.733708858489990234e+00,2.219120025634765625e+00,1.042905926704406738e+00,-2.621591567993164062e+00,-1.719417095184326172e+00
2.104550838470458984e+00,-1.762635946273803711e+00,-9.501594901084899902e-01,-4.285125136375427246e-01,-6.632740497589111328e-01,-1.322431683540344238e+00,-1.132962703704833984e+00,1.474573969841003418e+00,4.335100650787353516e-01,1.763404607772827148e+00,-1.741614937782287598e+00,1.803802847862243652e+00,2.202047586441040039e+00,2.000123739242553711e+00,1.217577338218688965e+00,1.762905955314636230e+00,-2.959109067916870117e+00,5.467805862426757812e-01,2.125442743301391602e+00,1.214541792869567871e+00
2.637235403060913086e+00,2.454027086496353149e-01,-4.085721671581268311e-01,-4.797846972942352295e-01,-8.749530315399169922e-01,2.299622073769569397e-02,-4.259813576936721802e-02,-9.553250670433044434e-02,2.526347398757934570e+00,1.547409415245056152e+00,-2.676986455917358398e+00,-2.596070766448974609e+00,-2.545305967330932617e+00,1.459732532501220703e+00,-1.311237215995788574e+00,-1.474160432815551758e+00,-2.647289752960205078e+00,1.506399393081665039e+00,-2.477864742279052734e+00,-8.591879606246948242e-01
1.487559676170349121e+00,-1.020040035247802734e+00,1.251640319824218750e+00,7.324054837226867676e-01,-6.498251557350158691e-01,-7.045945525169372559e-01,-8.929085135459899902e-01,8.338145613670349121e-01,-9.952760934829711914e-01,2.150675356388092041e-01,2.649780988693237305e+00,2.562417268753051758e+00,2.632532358169555664e+00,-2.572189331054687500e+00,2.212811231613159180e+00,2.828494906425476074e-01,-1.761118054389953613e+00,-1.627215385437011719e+00,-2.157328367233276367e+00,4.497517347335815430e-01
1.966164350509643555e+00,2.162746906280517578e+00,-1.506532430648803711e+00,1.117665052413940430e+00,-2.592674970626831055e+00,-3.134567439556121826e-01,-1.911867856979370117e+00,2.205033063888549805e+00,-2.310989618301391602e+00,2.933429718017578125e+00,-1.512117385864257812e+00,-1.257278561592102051e+00,1.869598388671875000e+00,-2.694771289825439453e-01,-1.947420954704284668e+00,9.760634899139404297e-01,8.848334550857543945e-01,-7.098195552825927734e-01,1.704376101493835449e+00,6.249948143959045410e-01
-2.130685597658157349e-01,-1.652795910835266113e+00,-5.712699890136718750e-01,-1.008220791816711426e+00,-1.152059674263000488e+00,2.986898720264434814e-01,2.053883671760559082e-01,2.625549212098121643e-02,-3.111197650432586670e-01,1.613363385200500488e+00,-9.723162055015563965e-01,-1.849535346031188965e+00,-5.909488797187805176e-01,-2.284954309463500977e+00,2.880945503711700439e-01,-1.206060051918029785e+00,-6.720845103263854980e-01,-1.184361696243286133e+00,5.879567265510559082e-01,9.857656955718994141e-01
-8.061544895172119141e-01,1.601345658302307129e+00,-2.324990749359130859e+00,-2.370628833770751953e+00,-1.428963661193847656e+00,9.713408946990966797e-01,-1.733766198158264160e+00,-9.637448787689208984e-01,-2.450020313262939453e-01,-1.940120905637741089e-01,-2.306504964828491211e+00,1.115566611289978027e+00,2.218860685825347900e-01,6.019601821899414062e-01,-1.771113574504852295e-01,-1.686688661575317383e+00,-2.505220651626586914e+00,-1.199788689613342285e+00,-2.835574150085449219e+00,2.230252504348754883e+00
5.514384508132934570e-01,-1.360725879669189453e+00,-2.240798711776733398e+00,1.933017492294311523e+00,5.799737572669982910e-01,2.060795545578002930e+00,8.976076245307922363e-01,-2.380048751831054688e+00,2.419660329818725586e+00,9.296301007270812988e-01,1.282169222831726074e+00,2.378723859786987305e+00,-2.848899602890014648e+00,-1.491158962249755859e+00,2.272442817687988281e+00,-1.809479475021362305e+00,9.024614095687866211e-01,-6.489418148994445801e-01,4.548106789588928223e-01,-1.142287373542785645e+00
3.417925238609313965e-01,1.307904481887817383e+00,-2.685699462890625000e+00,-2.889305114746093750e+00,-6.168624162673950195e-01,1.112788438796997070e+00,-2.354341506958007812e+00,7.900333404541015625e-01,-1.558931350708007812e+00,-1.706156849861145020e+00,-1.044661164283752441e+00,-1.977722287178039551e+00,2.614940881729125977e+00,5.909019708633422852e-01,-7.901443839073181152e-01,1.855574995279312134e-01,-1.307321429252624512e+00,-9.339767694473266602e-01,-2.229010820388793945e+00,4.307114779949188232e-01
8.849895000457763672e-01,1.289890557527542114e-01,-2.111424356698989868e-01,-7.297563552856445312e-02,9.025667607784271240e-02,6.527524590492248535e-01,1.087582707405090332e+00,2.833054542541503906e+00,1.444802999496459961e+00,3.955641090869903564e-01,-1.311298489570617676e+00,-1.252427816390991211e+00,-7.699184417724609375e-01,-1.866765856742858887e+00,-8.952451348304748535e-01,1.396055340766906738e+00,4.690679013729095459e-01,-8.161684125661849976e-02,-2.854526996612548828e+00,-1.883526802062988281e+00
-1.188440203666687012e+00,6.090622767806053162e-02,-5.991306155920028687e-02,3.961294293403625488e-01,1.776908159255981445e+00,2.514060735702514648e+00,2.752014875411987305e+00,2.876703500747680664e+00,-1.868916273117065430e+00,-2.632139444351196289e+00,2.146556854248046875e+00,-1.664545893669128418e+00,4.299607872962951660e-01,-1.749101519584655762e+00,-1.531629920005798340e+00,-4.070798456668853760e-01,3.429787158966064453e-01,-2.799417495727539062e+00,-1.896854877471923828e+00,3.450951278209686279e-01
1.252546310424804688e+00,3.319455385208129883e-01,9.865235686302185059e-01,6.504310667514801025e-02,-1.754551678895950317e-01,7.322341799736022949e-01,1.285655021667480469e+00,-1.420852065086364746e+00,-1.051234126091003418e+00,-1.442024350166320801e+00,1.211395740509033203e+00,7.823249697685241699e-01,4.506868124008178711e-01,2.579163551330566406e+00,-1.147131919860839844e+00,-2.136561393737792969e+00,-2.080077171325683594e+00,-2.069496870040893555e+00,2.282399177551269531e+00,8.624494075775146484e-01
-1.057676315307617188e+00,1.453857421875000000e+00,2.844060182571411133e+00,2.011576175689697266e+00,-1.966295480728149414e+00,1.855602264404296875e-01,5.533740520477294922e-01,2.294816017150878906e+00,-4.053965210914611816e-01,2.726832151412963867e+00,1.509587168693542480e+00,-9.207245111465454102e-01,2.010293960571289062e+00,-1.985648512840270996e+00,-1.090602993965148926e+00,2.386117458343505859e+00,-1.072133779525756836e+00,-2.813709735870361328e+00,2.279321193695068359e+00,-2.728075981140136719e+00
-1.006708219647407532e-01,-2.817633867263793945e+00,-2.042551040649414062e+00,-2.119234561920166016e+00,1.897980570793151855e+00,-2.562676668167114258e+00,1.242001295089721680e+00,2.412801504135131836e+00,9.640428423881530762e-01,-1.943909645080566406e+00,-1.761632084846496582e+00,-2.168286561965942383e+00,-2.910554885864257812e+00,-7.093220949172973633e-01,6.367827057838439941e-01,-2.785725116729736328e+00,-6.514343619346618652e-01,-1.698618769645690918e+00,-2.887689352035522461e+00,-5.571120977401733398e-01
2.765457391738891602e+00,-2.541427612304687500e+00,1.224229186773300171e-01,2.035713672637939453e+00,2.429432392120361328e+00,1.269300699234008789e+00,5.679720044136047363e-01,2.495939970016479492e+00,8.380669951438903809e-01,-2.477205276489257812e+00,-1.880364775657653809e+00,1.053770065307617188e+00,-2.108961582183837891e+00,8.623195290565490723e-01,-1.685661315917968750e+00,5.818302035331726074e-01,-4.257640242576599121e-01,2.171084135770797729e-01,-1.805327534675598145e+00,-1.724690198898315430e+00
2.395875215530395508e+00,1.327281355857849121e+00,8.233270049095153809e-01,-1.371499419212341309e+00,-1.627925157546997070e+00,2.452540993690490723e-01,-2.265802621841430664e+00,1.725497484207153320e+00,-2.136314868927001953e+00,7.564517259597778320e-01,2.300732135772705078e+00,-2.669917106628417969e+00,-1.869966626167297363e+00,1.962937831878662109e+00,-2.663788199424743652e-01,-1.688160747289657593e-01,-1.901640057563781738e+00,-1.383420586585998535e+00,2.816251993179321289e+00,-2.906975984573364258e+00
-1.861567139625549316e+00,-2.014610052108764648e+00,-5.991639494895935059e-01,8.674541115760803223e-01,-2.288347244262695312e+00,-1.090362787246704102e+00,5.924422740936279297e-01,-1.299921631813049316e+00,9.988968968391418457e-01,-1.795850515365600586e+00,1.146647930145263672e+00,9.714507460594177246e-01,1.866205930709838867e+00,-1.507931232452392578e+00,-4.447579383850097656e-01,1.902472525835037231e-01,5.847336724400520325e-02,1.181650876998901367e+00,-1.599736094474792480e+00,-2.704362630844116211e+00
2.057295322418212891e+00,-1.914547830820083618e-01,1.299957394599914551e+00,2.855623483657836914e+00,1.885318636894226074e+00,-7.598607540130615234e-01,-8.324660658836364746e-01,8.608954548835754395e-01,3.092181086540222168e-01,2.822216510772705078e+00,1.540923953056335449e+00,-3.050466179847717285e-01,2.920461893081665039e-01,-1.769344091415405273e+00,-2.814112901687622070e+00,-7.147784829139709473e-01,2.046336889266967773e+00,-3.220339119434356689e-01,1.946660995483398438e+00,-8.070251345634460449e-01
3.654359579086303711e-01,1.185080051422119141e+00,-4.033123552799224854e-01,-7.168534994125366211e-01,-1.168380498886108398e+00,8.610320091247558594e-01,-2.032346963882446289e+00,-1.390666961669921875e+00,-2.180592060089111328e+00,-2.373625040054321289e+00,6.484451889991760254e-01,-2.917797267436981201e-01,-1.784192204475402832e+00,-1.474514365196228027e+00,-3.819470703601837158e-01,2.440331280231475830e-01,-5.975219011306762695e-01,-1.603819608688354492e+00,-1.458342909812927246e+00,9.992144703865051270e-01
1.548196911811828613e+00,-1.246817946434020996e+00,4.919177591800689697e-01,1.329510569572448730e+00,2.537159919738769531e+00,-2.556596994400024414e+00,-8.770810067653656006e-02,1.807728528976440430e+00,-3.015664815902709961e-01,1.104309678077697754e+00,-5.308806896209716797e-01,9.717612266540527344e-01,-1.205199003219604492e+00,-1.545779109001159668e+00,1.060171484947204590e+00,-1.892914891242980957e+00,-2.766038417816162109e+00,-1.042215585708618164e+00,2.184672355651855469e+00,-1.193626403808593750e+00
1.248484492301940918e+00,-8.842599987983703613e-01,1.684050440788269043e+00,-3.646121621131896973e-01,-1.225214958190917969e+00,1.228473067283630371e+00,-2.104921579360961914e+00,8.456898927688598633e-01,-2.133475065231323242e+00,-1.687076807022094727e+00,-1.752909660339355469e+00,-1.459840893745422363e+00,-2.667572498321533203e+00,-8.378840237855911255e-02,-1.809405803680419922e+00,-2.591012477874755859e+00,2.539321184158325195e+00,-5.074284076690673828e-01,-2.242193698883056641e+00,5.996988713741302490e-02
-5.865186452865600586e-01,-2.299439430236816406e+00,-1.469570517539978027e+00,7.918513417243957520e-01,2.906744241714477539e+00,1.354966610670089722e-01,-6.934561580419540405e-02,-1.671751439571380615e-01,-1.785815358161926270e+00,7.763579487800598145e-01,-2.732153534889221191e-01,1.856355071067810059e+00,2.527229785919189453e+00,8.785258531570434570e-01,-5.000847578048706055e-01,2.018278598785400391e+00,-2.570617675781250000e+00,-2.465353012084960938e+00,7.426190376281738281e-01,1.238149166107177734e+00
1.869756102561950684e+00,-6.852396130561828613e-01,5.747349858283996582e-01,6.416879296302795410e-01,-2.891059219837188721e-01,-2.519829511642456055e+00,-2.754232883453369141e+00,5.865610241889953613e-01,-1.448953151702880859e+00,-1.097351834177970886e-01,8.509348630905151367e-01,1.228798627853393555e+00,-1.961898326873779297e+00,1.666976094245910645e+00,-1.137554883956909180e+00,4.581038951873779297e-01,-1.590229272842407227e+00,-1.497336268424987793e+00,4.673874676227569580e-01,2.283408164978027344e+00
1.592024862766265869e-01,2.586842775344848633e+00,1.683989167213439941e+00,-1.294126868247985840e+00,-2.515865325927734375e+00,2.142923355102539062e+00,2.047004222869873047e+00,1.011532306671142578e+00,-2.920462131500244141e+00,8.147992491722106934e-01,1.121549844741821289e+00,4.049808979034423828e-01,-2.499835729598999023e+00,-2.187806844711303711e+00,4.323114752769470215e-01,-2.227317333221435547e+00,1.341234683990478516e+00,-1.559138894081115723e-01,-2.377159595489501953e+00,-2.235081434249877930e+00
1.479732841253280640e-01,1.446304678916931152e+00,9.366242885589599609e-01,3.176203966140747070e-01,5.287755131721496582e-01,6.118669509887695312e-01,6.831714510917663574e-01,2.957986831665039062e+00,-2.963073551654815674e-01,-5.604206323623657227e-01,1.111169099807739258e+00,8.684516549110412598e-01,1.899985194206237793e+00,1.458801388740539551e+00,-2.024066925048828125e+00,1.285995125770568848e+00,-1.022535324096679688e+00,-1.987119674682617188e+00,2.194573163986206055e+00,-1.732698321342468262e+00
1.435859918594360352e+00,-2.693016529083251953e+00,-9.667829275131225586e-01,1.814913630485534668e+00,5.489691495895385742e-01,1.242015719413757324e+00,1.598241925239562988e+00,1.773335695266723633e+00,5.383842587471008301e-01,-2.224816828966140747e-01,1.404766440391540527e+00,3.226754814386367798e-02,5.389702916145324707e-01,-4.400157928466796875e-01,-1.398903965950012207e+00,-3.810302019119262695e-01,3.271237909793853760e-01,-1.603164076805114746e+00,-1.911042809486389160e+00,9.078311324119567871e-01
-1.519308090209960938e+00,-2.400199174880981445e+00,1.221018195152282715e+00,5.415378808975219727e-01,1.706820964813232422e+00,-2.693674154579639435e-02,-2.283966243267059326e-01,-6.418749690055847168e-01,-2.555819749832153320e+00,8.835973590612411499e-02,-1.953440904617309570e+00,7.870917320251464844e-01,-1.631688237190246582e+00,7.402189970016479492e-01,2.558625936508178711e+00,-1.988094091415405273e+00,1.271632790565490723e+00,8.031126260757446289e-01,2.019962787628173828e+00,-2.641623973846435547e+00
-5.535286664962768555e-02,2.393023252487182617e+00,1.378881692886352539e+00,-2.342102766036987305e+00,-4.308620095252990723e-01,1.025591850280761719e+00,-6.801528930664062500e-01,-5.514515042304992676e-01,8.116038441658020020e-01,-2.120501279830932617e+00,-1.051479578018188477e+00,-1.294635415077209473e+00,-9.416846036911010742e-01,-1.605688810348510742e+00,-2.420894384384155273e+00,-1.234947681427001953e+00,-4.995210766792297363e-01,8.205840587615966797e-01,-1.568040609359741211e+00,-9.603689312934875488e-01
1.449650049209594727e+00,-2.867051124572753906e+00,-2.143850803375244141e+00,8.028730154037475586e-01,-1.333684325218200684e+00,2.634993791580200195e+00,-6.227799057960510254e-01,6.635192781686782837e-02,1.542846679687500000e+00,2.450982481241226196e-01,2.139211654663085938e+00,-1.902331352233886719e+00,-5.564252734184265137e-01,-2.476703882217407227e+00,2.503335714340209961e+00,-2.715280771255493164e+00,1.400441169738769531e+00,-2.674742043018341064e-01,6.525611281394958496e-01,2.735511302947998047e+00
2.472194910049438477e+00,3.512500524520874023e-01,1.372265577316284180e+00,4.989131689071655273e-01,1.112258791923522949e+00,-8.016394823789596558e-02,5.054289698600769043e-01,2.240831375122070312e+00,-1.870663762092590332e+00,2.008502483367919922e+00,9.018580913543701172e-01,2.768037080764770508e+00,5.957553982734680176e-01,1.082266926765441895e+00,-2.805651664733886719e+00,-8.830757141113281250e-01,7.839665561914443970e-02,-2.321460485458374023e+00,-1.016898632049560547e+00,4.103583469986915588e-02
-1.317602276802062988e+00,1.400557398796081543e+00,4.758031070232391357e-01,2.676405198872089386e-02,1.375677347183227539e+00,1.662518620491027832e+00,-2.906673431396484375e+00,1.584269404411315918e+00,-2.231855630874633789e+00,-1.466019868850708008e+00,-2.053972721099853516e+00,-2.277903556823730469e+00,-9.258195161819458008e-01,-2.044151782989501953e+00,-1.865698456764221191e+00,1.067991495132446289e+00,2.281929999589920044e-01,-6.834125518798828125e-01,-1.648061037063598633e+00,-2.748919248580932617e+00
2.158477544784545898e+00,1.151108741760253906e+00,-4.795506596565246582e-01,1.646904587745666504e+00,-1.441089868545532227e+00,-7.405133843421936035e-01,5.848619341850280762e-01,-1.564272046089172363e+00,-1.737990379333496094e+00,1.508528351783752441e+00,-1.361918330192565918e+00,-1.410130620002746582e+00,2.706424713134765625e+00,2.576160192489624023e+00,6.174499392509460449e-01,-1.128599524497985840e+00,-2.169756650924682617e+00,-1.334374427795410156e+00,-1.885897755622863770e+00,4.205940365791320801e-01
1.838408350944519043e+00,2.315889120101928711e+00,-2.114337205886840820e+00,1.744173169136047363e+00,-8.618042469024658203e-01,-8.019734621047973633e-01,-3.517369031906127930e-01,7.539085298776626587e-02,-2.536429405212402344e+00,-1.745455145835876465e+00,1.215124130249023438e+00,1.861135959625244141e+00,-2.177362918853759766e+00,1.979370117187500000e+00,-5.001370906829833984e-01,7.144261598587036133e-01,1.602902173995971680e+00,2.037999868392944336e+00,9.071610569953918457e-01,8.342446684837341309e-01
1.766944169998168945e+00,-2.351671695709228516e+00,-2.002610921859741211e+00,2.329938560724258423e-01,-2.830958127975463867e+00,-2.683407306671142578e+00,-1.499567866325378418e+00,5.964745879173278809e-01,2.152661323547363281e+00,-1.910236001014709473e+00,2.027701854705810547e+00,9.503667354583740234e-01,-4.062197506427764893e-01,1.949416041374206543e+00,5.165368318557739258e-01,-3.607896864414215088e-01,-5.176803469657897949e-01,2.214351892471313477e+00,2.781972169876098633e+00,-2.168538808822631836e+00
2.646826505661010742e+00,2.167674541473388672e+00,6.057555228471755981e-02,-7.239413857460021973e-01,-1.522362232208251953e+00,1.065682992339134216e-01,-2.535893440246582031e+00,2.981332063674926758e+00,3.697519004344940186e-01,-1.664728641510009766e+00,-2.600303411483764648e+00,2.255531072616577148e+00,-3.142265081405639648e-01,1.656488299369812012e+00,-2.546487331390380859e+00,1.461572170257568359e+00,-1.030335068702697754e+00,-1.662826895713806152e+00,9.285016059875488281e-01,-2.063323259353637695e+00
-8.100995421409606934e-01,-1.625160574913024902e+00,-1.022783517837524414e+00,2.760215520858764648e+00,4.137842655181884766e-01,-1.938550472259521484e+00,-2.477575063705444336e+00,5.333462953567504883e-01,9.865871071815490723e-01,9.234126806259155273e-01,-4.898173213005065918e-01,5.833839178085327148e-01,1.807197809219360352e+00,-1.300036311149597168e+00,-2.185659885406494141e+00,-1.812877655029296875e+00,-2.062815666198730469e+00,1.025227546691894531e+00,-5.162615180015563965e-01,1.270705699920654297e+00
1.887750864028930664e+00,1.130169034004211426e-01,8.230447769165039062e-01,1.459113836288452148e+00,1.049170136451721191e+00,2.408302307128906250e+00,1.495031595230102539e+00,1.347052693367004395e+00,-1.721241235733032227e+00,-4.804717898368835449e-01,1.608567595481872559e+00,1.037644520401954651e-01,-1.742188811302185059e+00,-2.889340877532958984e+00,-1.951130330562591553e-01,-2.497494459152221680e+00,1.859463810920715332e+00,1.588365554809570312e+00,-1.000476360321044922e+00,-2.744292736053466797e+00
2.865203142166137695e+00,1.838642239570617676e+00,-2.207875698804855347e-01,6.828376650810241699e-01,-1.430512666702270508e+00,-9.584590792655944824e-02,1.828745752573013306e-01,-1.897278428077697754e-01,1.764835953712463379e+00,1.967832893133163452e-01,-1.290395259857177734e+00,-5.380064249038696289e-01,2.703818321228027344e+00,1.002719283103942871e+00,-5.852287411689758301e-01,-1.756433129310607910e+00,-1.188177585601806641e+00,-1.581922531127929688e+00,-7.988908290863037109e-01,9.838345646858215332e-01
1.904691696166992188e+00,2.045394182205200195e+00,1.695840358734130859e+00,1.994559645652770996e+00,3.279611468315124512e-01,8.982335925102233887e-01,1.079921007156372070e+00,1.346065163612365723e+00,-1.815198421478271484e+00,-4.539759457111358643e-01,6.972565054893493652e-01,2.062171697616577148e+00,-1.399733662605285645e+00,-1.365841746330261230e+00,2.335596084594726562e+00,7.847262620925903320e-01,6.248317956924438477e-01,-9.929490089416503906e-01,5.115087628364562988e-01,-1.465780735015869141e+00
-1.149018764495849609e+00,7.667341828346252441e-01,1.090756535530090332e+00,-4.085027575492858887e-01,-2.215510845184326172e+00,6.374120712280273438e-01,2.065784215927124023e+00,3.004852831363677979e-01,-2.093262672424316406e+00,8.499516248703002930e-01,7.338556926697492599e-03,3.816879689693450928e-01,2.075124025344848633e+00,2.898353576660156250e+00,1.417938113212585449e+00,-2.533664226531982422e+00,-2.247751235961914062e+00,-2.092262744903564453e+00,-3.304123878479003906e-01,-1.821832656860351562e+00
-3.086796402931213379e-01,-1.811050772666931152e+00,-1.038919806480407715e+00,-1.466976761817932129e+00,-2.728901803493499756e-01,1.208717703819274902e+00,5.687387585639953613e-01,-2.215322494506835938e+00,-6.592559814453125000e-01,1.225386738777160645e+00,1.594855189323425293e+00,-1.077275395393371582e+00,8.756488561630249023e-01,-3.891755342483520508e-01,5.565246939659118652e-01,1.592844426631927490e-01,-2.999905347824096680e+00,-5.380462408065795898e-01,2.493017166852951050e-01,-2.134261131286621094e+00
6.973820328712463379e-01,3.844201266765594482e-01,-1.100534558296203613e+00,-1.058614492416381836e+00,-1.524768352508544922e+00,-2.437938928604125977e+00,-1.977837324142456055e+00,1.746810555458068848e+00,1.316086173057556152e+00,2.661854743957519531e+00,1.699592620134353638e-01,-2.303058624267578125e+00,-2.608819484710693359e+00,1.049834728240966797e+00,-2.380807876586914062e+00,-1.177158951759338379e+00,-2.318232804536819458e-01,-1.384957313537597656e+00,2.681004762649536133e+00,2.324657678604125977e+00
1.703474998474121094e+00,1.156263947486877441e+00,2.211849540472030640e-01,2.849480628967285156e+00,-2.143850803375244141e+00,1.741233229637145996e+00,1.324453830718994141e+00,1.806534171104431152e+00,2.918049335479736328e+00,2.222665071487426758e+00,1.383368819952011108e-01,1.489559531211853027e+00,2.672005653381347656e+00,-1.136324048042297363e+00,1.562175631523132324e+00,1.584520041942596436e-01,-9.617547392845153809e-01,2.116366147994995117e+00,-2.802445888519287109e+00,-1.056913938373327255e-02
7.435211539268493652e-01,-2.394063584506511688e-02,-7.214202880859375000e-01,1.017404675483703613e+00,-1.048802971839904785e+00,-4.442160427570343018e-01,1.330957174301147461e+00,-1.198495149612426758e+00,3.023227751255035400e-01,4.374299049377441406e-01,-1.422979116439819336e+00,5.338391065597534180e-01,-9.603292495012283325e-02,-2.494889020919799805e+00,1.614978432655334473e+00,2.979226708412170410e-01,-2.915423154830932617e+00,-2.769499540328979492e+00,-1.232549428939819336e+00,2.425494432449340820e+00
8.102429509162902832e-01,2.687739610671997070e+00,-5.937982201576232910e-01,1.753553986549377441e+00,-1.297017216682434082e+00,1.536415934562683105e+00,7.074883580207824707e-01,1.534469604492187500e+00,1.798275709152221680e+00,-2.251133918762207031e+00,-1.770920634269714355e+00,2.703618526458740234e+00,-1.066997766494750977e+00,-1.540000319480895996e+00,-2.767491102218627930e+00,2.258140891790390015e-01,-1.594227433204650879e+00,1.958546191453933716e-01,-1.046949148178100586e+00,3.074480891227722168e-01
-2.445309400558471680e+00,3.069435954093933105e-01,-2.549387931823730469e+00,-3.783234357833862305e-01,-3.497869074344635010e-01,1.200087070465087891e+00,6.782640218734741211e-01,-7.424921393394470215e-01,-5.954977273941040039e-01,2.469823122024536133e+00,1.470872282981872559e+00,-1.958636999130249023e+00,-3.854077160358428955e-01,-1.275970458984375000e+00,-8.060185313224792480e-01,-4.948686957359313965e-01,1.058988794684410095e-01,1.086086750030517578e+00,-1.673540115356445312e+00,-7.824290990829467773e-01
-2.205220222473144531e+00,9.122437983751296997e-02,-4.096865057945251465e-01,-5.089012384414672852e-01,-2.377065181732177734e+00,-6.550307869911193848e-01,-2.447808027267456055e+00,-2.576829671859741211e+00,-2.541877329349517822e-01,1.805016160011291504e+00,4.058964848518371582e-01,1.299988508224487305e+00,-2.792410612106323242e+00,4.606624543666839600e-01,6.945545077323913574e-01,9.367138743400573730e-01,-1.606673955917358398e+00,4.172966778278350830e-01,8.336548209190368652e-01,-1.312075495719909668e+00
-1.305324435234069824e-01,1.104836344718933105e+00,-1.996367573738098145e+00,-7.529437541961669922e-01,-1.487420678138732910e+00,2.442033052444458008e+00,1.917058706283569336e+00,4.339867830276489258e-01,1.352365136146545410e+00,7.137478590011596680e-01,2.551034688949584961e+00,-4.030666947364807129e-01,-8.376221060752868652e-01,-2.967950582504272461e+00,1.858735442161560059e+00,-4.509276151657104492e-01,-1.236756920814514160e+00,1.829257488250732422e+00,-1.691546201705932617e+00,-1.719598412513732910e+00
-9.174874424934387207e-01,-9.737417101860046387e-01,3.600799739360809326e-01,-1.427850961685180664e+00,-3.157643675804138184e-01,-1.939677000045776367e-01,-1.556795239448547363e+00,-3.137683570384979248e-01,-2.088126182556152344e+00,3.685161471366882324e-01,1.737441062927246094e+00,2.298259973526000977e+00,-2.791260957717895508e+00,-1.196567058563232422e+00,-1.671684145927429199e+00,-1.670692682266235352e+00,1.637132883071899414e+00,1.303908042609691620e-02,1.560160636901855469e+00,-2.951101303100585938e+00
3.768342137336730957e-01,-1.511915206909179688e+00,-2.846308946609497070e+00,2.847932875156402588e-01,2.056035518646240234e+00,2.098339796066284180e+00,-2.182472705841064453e+00,2.235169172286987305e+00,1.133391737937927246e+00,-1.333133816719055176e+00,-2.825713157653808594e+00,2.229702472686767578e+00,-2.874662876129150391e+00,1.489311218261718750e+00,6.116930395364761353e-02,-1.481211066246032715e+00,4.307530522346496582e-01,-1.587879896163940430e+00,-6.499791741371154785e-01,-1.687486529350280762e+00
-3.570294380187988281e-01,2.433185130357742310e-01,-2.313474178314208984e+00,-2.049687623977661133e+00,-2.943482875823974609e+00,-1.005133867263793945e+00,-2.580316305160522461e+00,-2.133397102355957031e+00,-2.227357864379882812e+00,9.229792952537536621e-01,-2.062951624393463135e-01,1.480736285448074341e-01,-1.595049142837524414e+00,1.509161591529846191e+00,-1.591641783714294434e+00,-1.568884849548339844e-01,2.862276792526245117e+00,1.146259188652038574e+00,2.596664726734161377e-01,-1.447993040084838867e+00
1.835741758346557617e+00,8.504104614257812500e-01,-2.778762578964233398e+00,-2.561837136745452881e-01,-1.924765467643737793e+00,2.214236021041870117e+00,-1.153463006019592285e+00,1.504223197698593140e-01,1.282219767570495605e+00,-1.044224977493286133e+00,-2.362469196319580078e+00,-2.253095388412475586e+00,8.247305154800415039e-01,-1.001656889915466309e+00,-2.028157949447631836e+00,-8.888711929321289062e-01,-6.664004921913146973e-01,-5.379664301872253418e-01,-4.975223243236541748e-01,2.227908372879028320e+00
-2.200991809368133545e-01,9.318988919258117676e-01,1.199353337287902832e+00,5.792941451072692871e-01,6.460967659950256348e-01,1.514323651790618896e-01,1.025082826614379883e+00,2.395852804183959961e+00,5.724052190780639648e-01,-2.951152250170707703e-02,2.137392282485961914e+00,-1.709060668945312500e+00,2.193733930587768555e+00,1.277877092361450195e-01,-2.629590630531311035e-01,4.055491387844085693e-01,-7.212025523185729980e-01,-1.632034063339233398e+00,-9.175922870635986328e-01,-2.974947452545166016e+00
-1.011162877082824707e+00,2.609779834747314453e+00,-9.221797585487365723e-01,1.972205638885498047e+00,-1.472211360931396484e+00,1.018385171890258789e+00,2.257241010665893555e+00,1.695299863815307617e+00,-2.022710800170898438e+00,-2.176807641983032227e+00,-2.579461336135864258e+00,1.198321580886840820e+00,-2.487929344177246094e+00,2.680139780044555664e+00,2.009015232324600220e-01,-2.606986045837402344e+00,-1.821096539497375488e+00,-2.171918869018554688e+00,-3.839830160140991211e-01,-2.069310426712036133e+00
-2.732772529125213623e-01,-2.132539272308349609e+00,1.106845498085021973e+00,6.473132371902465820e-01,1.813532114028930664e+00,2.197724282741546631e-01,1.622352123260498047e+00,1.440736055374145508e+00,9.353619813919067383e-01,-2.288480520248413086e+00,-2.314662456512451172e+00,-1.909695148468017578e+00,-1.814296722412109375e+00,1.356691122055053711e+00,-9.501066803932189941e-01,3.208655416965484619e-01,-1.761560320854187012e+00,-1.865132927894592285e+00,4.083892107009887695e-01,-1.655792713165283203e+00
2.091884613037109375e+00,6.210908293724060059e-01,-7.903469800949096680e-01,-2.369414091110229492e+00,-5.086820125579833984e-01,-5.316170454025268555e-01,5.373999476432800293e-01,1.959577798843383789e+00,-1.359807610511779785e+00,5.794542431831359863e-01,2.094773530960083008e+00,5.652669072151184082e-01,1.780371427536010742e+00,1.455533027648925781e+00,8.707605600357055664e-01,5.642144083976745605e-01,-2.938170671463012695e+00,-2.857063531875610352e+00,9.332715272903442383e-01,-2.530782461166381836e+00
-1.106290102005004883e+00,2.115527153015136719e+00,-1.832306504249572754e+00,2.801362276077270508e+00,1.842811107635498047e+00,-4.104328453540802002e-01,1.060642957687377930e+00,9.098659157752990723e-01,1.678587913513183594e+00,-7.152253389358520508e-02,-1.802808761596679688e+00,1.905657768249511719e+00,-2.255421429872512817e-01,-7.646809220314025879e-01,1.636519432067871094e-01,-2.541694164276123047e+00,2.571365833282470703e-01,-1.984077334403991699e+00,-1.091950416564941406e+00,1.482827186584472656e+00
2.348946094512939453e+00,3.113079071044921875e-01,-9.131619334220886230e-01,7.904411554336547852e-01,8.815791606903076172e-01,1.030755162239074707e+00,1.789844393730163574e+00,2.464192867279052734e+00,7.029660344123840332e-01,2.630702972412109375e+00,-1.592369973659515381e-01,1.444469213485717773e+00,-1.085322499275207520e+00,1.659864664077758789e+00,1.189455747604370117e+00,-2.022266626358032227e+00,2.727816104888916016e+00,-1.846915841102600098e+00,6.661627292633056641e-01,-4.221974611282348633e-01
-8.569333553314208984e-01,-1.532923936843872070e+00,-1.028432011604309082e+00,-1.922086834907531738e+00,5.421019345521926880e-02,-2.557494640350341797e+00,-2.558654069900512695e+00,-2.678937911987304688e+00,-1.779599547386169434e+00,1.452894568443298340e+00,7.882419228553771973e-01,-5.552520155906677246e-01,-4.568204581737518311e-01,-5.726998448371887207e-01,-1.270445942878723145e+00,-7.453364729881286621e-01,9.537641406059265137e-01,-6.282935142517089844e-01,-7.322835326194763184e-01,-2.995891094207763672e+00
-2.403797864913940430e+00,3.364342451095581055e-01,4.360874593257904053e-01,7.623859047889709473e-01,-1.271292567253112793e+00,-8.824207633733749390e-02,1.783997297286987305e+00,4.652991294860839844e-01,-2.254198551177978516e+00,-1.050841450691223145e+00,1.567713975906372070e+00,2.099980354309082031e+00,-1.057770997285842896e-01,2.015876919031143188e-01,-2.745668888092041016e+00,1.778118610382080078e+00,2.522869408130645752e-01,-2.170187950134277344e+00,3.992335498332977295e-01,2.926141023635864258e+00
1.389756083488464355e+00,5.880087018013000488e-01,-8.992809057235717773e-01,1.814324855804443359e+00,-1.546094119548797607e-01,1.216936588287353516e+00,2.049684762954711914e+00,6.512483954429626465e-01,-1.548407226800918579e-01,-1.699079751968383789e+00,1.291506648063659668e+00,1.017168521881103516e+00,2.515095233917236328e+00,2.683684825897216797e-01,-7.144761085510253906e-01,2.604169607162475586e+00,-2.064202070236206055e+00,-2.504100322723388672e+00,-1.903669714927673340e+00,-2.732028722763061523e+00
1.203125715255737305e-01,-2.536712408065795898e+00,1.091047286987304688e+00,-9.585476517677307129e-01,1.579060077667236328e+00,1.218723654747009277e+00,-2.046642065048217773e+00,-1.511497974395751953e+00,2.486030943691730499e-02,-2.119521379470825195e+00,-7.884013652801513672e-01,-7.374618947505950928e-02,-1.022428631782531738e+00,-1.884420871734619141e+00,-2.878894090652465820e+00,-1.844591617584228516e+00,-2.438229560852050781e+00,-5.293391346931457520e-01,-3.405635654926300049e-01,5.488440990447998047e-01
1.666283011436462402e+00,1.750583499670028687e-01,-5.912115573883056641e-01,-2.014636039733886719e+00,-5.285441279411315918e-01,6.125961542129516602e-01,-1.638684272766113281e+00,1.641414642333984375e+00,-2.390208989381790161e-01,9.619659185409545898e-01,1.532660007476806641e+00,2.640452146530151367e+00,8.425725698471069336e-01,-1.401954174041748047e+00,1.539651304483413696e-01,-1.379223823547363281e+00,5.488029718399047852e-01,-2.381337642669677734e+00,2.125288009643554688e+00,-4.622920751571655273e-01
1.139871001243591309e+00,4.521083235740661621e-01,-5.503548979759216309e-01,2.765681028366088867e+00,-1.944364070892333984e+00,7.941687107086181641e-01,-2.193868875503540039e+00,2.796861886978149414e+00,-1.493252515792846680e+00,-2.132754772901535034e-01,1.226765632629394531e+00,5.210549235343933105e-01,-2.181613445281982422e+00,-2.511956214904785156e+00,-1.100317358970642090e+00,2.759487867355346680e+00,1.865120530128479004e+00,1.189989089965820312e+00,6.416313052177429199e-01,-8.339924216270446777e-01
-9.792314171791076660e-01,-1.625295162200927734e+00,-8.399826884269714355e-01,-1.609946608543395996e+00,-1.161457821726799011e-01,1.139049649238586426e+00,6.865945458412170410e-01,-2.232290983200073242e+00,-2.356604337692260742e+00,2.281093150377273560e-01,-1.454064965248107910e+00,-1.683553457260131836e-01,-1.670154690742492676e+00,7.224562168121337891e-01,-1.672642588615417480e+00,-2.499775171279907227e+00,7.487087845802307129e-01,-2.148592948913574219e+00,-2.137937784194946289e+00,-7.528275251388549805e-01
-1.169559240341186523e+00,2.777735471725463867e+00,-1.549995660781860352e+00,-1.127436876296997070e+00,2.015405893325805664e+00,2.135779380798339844e+00,-2.779294490814208984e+00,1.817760229110717773e+00,3.238076269626617432e-01,2.569424629211425781e+00,-1.183247100561857224e-02,-8.708004355430603027e-01,-8.137390017509460449e-01,-2.957120656967163086e+00,2.256005764007568359e+00,-5.340608954429626465e-01,-1.716930866241455078e+00,-1.761844396591186523e+00,-1.684941172599792480e+00,7.631734013557434082e-02
2.011427581310272217e-01,-5.712004005908966064e-02,1.162772774696350098e+00,-5.788683891296386719e-01,5.989383459091186523e-01,-2.389845848083496094e-01,-2.034423112869262695e+00,9.592220187187194824e-01,6.955120563507080078e-01,2.010229587554931641e+00,1.504095047712326050e-01,-1.384134411811828613e+00,-1.115963459014892578e+00,1.327198266983032227e+00,1.381911039352416992e+00,-1.448552012443542480e+00,-9.429202079772949219e-01,-1.177208185195922852e+00,-1.405391454696655273e+00,-1.628454208374023438e+00
1.911719918251037598e+00,9.411823749542236328e-01,-1.893858432769775391e+00,-5.512866750359535217e-02,5.458248853683471680e-01,9.885640740394592285e-01,-9.926991462707519531e-01,2.513635635375976562e+00,2.494567155838012695e+00,1.791538953781127930e+00,-2.681176185607910156e+00,-1.776210546493530273e+00,-6.378455162048339844e-01,-1.282718420028686523e+00,-6.155989766120910645e-01,2.814545392990112305e+00,-2.823641300201416016e+00,-2.890989065170288086e+00,-2.783026695251464844e+00,-2.244093179702758789e+00
-2.717369198799133301e-01,2.707170009613037109e+00,-1.565363049507141113e+00,6.406231522560119629e-01,-1.169576287269592285e+00,2.593687772750854492e+00,-2.410594224929809570e+00,3.212236464023590088e-01,-2.573952198028564453e+00,-2.610497951507568359e+00,-2.588737964630126953e+00,2.995855093002319336e+00,-6.430843472480773926e-01,1.752599954605102539e+00,-2.830451250076293945e+00,2.134177833795547485e-01,-5.138614177703857422e-01,-1.801550269126892090e+00,-2.723850250244140625e+00,2.976764917373657227e+00
1.313548207283020020e+00,8.458872437477111816e-01,-5.965780019760131836e-01,6.860064268112182617e-01,9.240222573280334473e-01,9.298843145370483398e-01,-2.123002052307128906e+00,2.007905483245849609e+00,-8.578537702560424805e-01,-4.818490743637084961e-01,-2.528798878192901611e-01,1.686922073364257812e+00,-1.607077598571777344e+00,-1.291478514671325684e+00,-2.814907550811767578e+00,1.434158533811569214e-02,-1.395789742469787598e+00,2.809551954269409180e+00,2.031531482934951782e-01,-4.804278314113616943e-01
6.144874095916748047e-01,1.046352505683898926e+00,5.449613928794860840e-01,-1.129326462745666504e+00,-1.265404671430587769e-01,9.105100631713867188e-01,-1.618234634399414062e+00,8.201388120651245117e-01,-2.542611837387084961e+00,1.889827370643615723e+00,1.583148837089538574e+00,-6.557521224021911621e-02,1.737950563430786133e+00,2.804753303527832031e+00,2.531675338745117188e+00,-1.445587873458862305e+00,-2.027585029602050781e+00,-1.678041338920593262e+00,-1.570463061332702637e+00,-1.260935068130493164e+00
2.665471792221069336e+00,-2.007835209369659424e-01,2.028261661529541016e+00,1.643462300300598145e+00,4.027113914489746094e-01,-9.453381896018981934e-01,2.071543931961059570e+00,3.298319280147552490e-01,2.198451757431030273e+00,5.189056992530822754e-01,2.264549493789672852e+00,2.640057325363159180e+00,-9.635356664657592773e-01,1.300809979438781738e+00,7.541179060935974121e-01,-1.956068634986877441e+00,-2.752100706100463867e+00,-9.317849874496459961e-01,-1.555470228195190430e+00,-1.240301132202148438e+00
-7.184289693832397461e-01,-1.449151754379272461e+00,1.263370752334594727e+00,-1.300352215766906738e+00,3.944769799709320068e-01,9.845227599143981934e-01,-8.076035380363464355e-01,-2.362397015094757080e-01,1.119857788085937500e+00,2.319453239440917969e+00,2.428799569606781006e-01,2.505862951278686523e+00,-6.526499986648559570e-01,6.087419390678405762e-01,-8.170321583747863770e-01,-1.615041971206665039e+00,-1.153662562370300293e+00,-1.729450702667236328e+00,9.807732701301574707e-01,-1.021573781967163086e+00
-1.307756066322326660e+00,-2.544856309890747070e+00,-9.337598681449890137e-01,8.407545685768127441e-01,1.958401799201965332e+00,-1.635091423988342285e+00,-1.604692935943603516e+00,2.758456707000732422e+00,-2.196448802947998047e+00,-3.232772946357727051e-01,1.247666239738464355e+00,1.770916938781738281e+00,1.625229001045227051e+00,-2.130349397659301758e+00,-3.741180002689361572e-01,-2.170768737792968750e+00,-1.927482247352600098e+00,-2.663523912429809570e+00,-2.623718023300170898e+00,3.356519639492034912e-01
2.834171772003173828e+00,9.262937903404235840e-01,-1.584295988082885742e+00,2.187276601791381836e+00,-1.851504802703857422e+00,1.684305310249328613e+00,-2.350194215774536133e+00,1.849569320678710938e+00,-1.131472468376159668e+00,-1.510391473770141602e+00,2.249918937683105469e+00,3.245250284671783447e-01,-1.126360654830932617e+00,1.875156402587890625e+00,-1.723198652267456055e+00,1.487223505973815918e+00,1.294151186943054199e+00,-1.094298601150512695e+00,1.941680014133453369e-01,-3.935685753822326660e-02
-1.565386295318603516e+00,4.393281042575836182e-01,-5.226421356201171875e-01,-3.909131884574890137e-02,-1.848948001861572266e+00,-1.746010780334472656e+00,-2.351660966873168945e+00,2.016240835189819336e+00,8.242989778518676758e-01,-7.044965028762817383e-01,2.321501731872558594e+00,-2.398640632629394531e+00,-2.541425704956054688e+00,4.482771158218383789e-01,1.324728131294250488e+00,-2.665027141571044922e+00,-5.369439125061035156e-01,1.772665977478027344e+00,-9.700804948806762695e-02,-6.350415349006652832e-01
3.292138874530792236e-01,1.327310651540756226e-01,-1.601294040679931641e+00,1.895339727401733398e+00,5.960213541984558105e-01,-9.579206109046936035e-01,-2.089540719985961914e+00,-1.520486235618591309e+00,-1.663842797279357910e+00,-1.061538696289062500e+00,-7.225058674812316895e-01,1.250988960266113281e+00,-2.610390186309814453e+00,4.445160031318664551e-01,2.038301944732666016e+00,-3.235708773136138916e-01,-2.370767116546630859e+00,-2.006450653076171875e+00,9.735839962959289551e-01,6.771873831748962402e-01
-2.245660781860351562e+00,-2.391241788864135742e+00,-1.990885257720947266e+00,-2.560960292816162109e+00,-8.253172039985656738e-01,1.606054782867431641e+00,2.401855945587158203e+00,1.836563944816589355e+00,-1.574774980545043945e+00,-1.286761641502380371e+00,4.492686986923217773e-01,-2.225901126861572266e+00,-5.383228510618209839e-02,1.629609227180480957e+00,1.816915392875671387e+00,-2.834874153137207031e+00,-5.370300412178039551e-01,-4.328620433807373047e-01,6.581129133701324463e-02,-1.370251297950744629e+00
-9.664998203516006470e-02,-1.815693974494934082e-01,5.693686604499816895e-01,1.399136334657669067e-01,9.974765777587890625e-01,2.297653198242187500e+00,1.528505563735961914e+00,-2.249644279479980469e+00,7.941465377807617188e-01,2.997870206832885742e+00,-7.917201519012451172e-01,1.297111272811889648e+00,2.420701265335083008e+00,-9.534592032432556152e-01,-1.835331797599792480e+00,-2.013990730047225952e-01,-2.610051035881042480e-01,1.804959774017333984e-01,-1.204153776168823242e+00,-2.012912750244140625e+00
1.442187070846557617e+00,2.798303067684173584e-01,9.234638810157775879e-01,1.601495593786239624e-01,-1.755792021751403809e+00,-2.376099824905395508e+00,-8.961033821105957031e-01,4.202919825911521912e-02,2.098853349685668945e+00,2.849170207977294922e+00,-2.771375417709350586e+00,-8.753830194473266602e-01,9.738020300865173340e-01,2.391247600317001343e-01,-1.663596510887145996e+00,-2.549384117126464844e+00,-2.984144210815429688e+00,-1.357568144798278809e+00,-7.176135480403900146e-02,-1.907470226287841797e+00
-3.476491868495941162e-01,-7.602845430374145508e-01,-1.529943585395812988e+00,-4.809929057955741882e-02,1.821808457374572754e+00,7.958963513374328613e-01,1.464111208915710449e+00,-1.427365660667419434e+00,1.646438002586364746e+00,1.707214236259460449e+00,-2.946082949638366699e-01,2.586217880249023438e+00,1.166701316833496094e+00,-1.177403450012207031e+00,-1.262384891510009766e+00,-2.558618545532226562e+00,-2.763622403144836426e-01,-1.734554886817932129e+00,-2.475273132324218750e+00,1.411625266075134277e+00
-1.741171360015869141e+00,1.300443172454833984e+00,-1.419504523277282715e+00,4.184352755546569824e-01,-2.181744337081909180e+00,1.188522815704345703e+00,-6.567257046699523926e-01,-8.058980852365493774e-02,7.499479502439498901e-02,-2.387006521224975586e+00,-5.474420785903930664e-01,7.190562486648559570e-01,-5.744669437408447266e-01,-1.279169917106628418e+00,-1.290463447570800781e+00,-1.553184270858764648e+00,1.168962597846984863e+00,8.395178914070129395e-01,-5.962032079696655273e-01,1.124220490455627441e-01
-1.463147550821304321e-01,-1.535598158836364746e+00,1.387121677398681641e+00,-9.303575158119201660e-01,-2.935720443725585938e+00,2.424507141113281250e+00,2.346158504486083984e+00,-1.909993052482604980e+00,5.981702208518981934e-01,8.434490561485290527e-01,-1.091265678405761719e-01,-2.109524488449096680e+00,-3.032204508781433105e-01,-2.458835124969482422e+00,3.251008093357086182e-01,-1.560760855674743652e+00,3.550050258636474609e-01,5.105624198913574219e-01,-3.852308690547943115e-01,-8.848467469215393066e-01
-1.352703690528869629e+00,2.513495445251464844e+00,-6.469414383172988892e-02,8.515061736106872559e-01,1.882941842079162598e+00,2.770768880844116211e+00,1.082660198211669922e+00,-1.304036021232604980e+00,1.466101706027984619e-01,-1.540897607803344727e+00,-3.178721964359283447e-01,2.677111387252807617e+00,-1.127215027809143066e+00,7.049097418785095215e-01,3.262654542922973633e-01,4.265850484371185303e-01,-5.589345470070838928e-02,1.253051400184631348e+00,-7.319954633712768555e-01,-1.660661220550537109e+00
-1.111411809921264648e+00,-1.889659047126770020e+00,-1.020345449447631836e+00,-2.575399875640869141e+00,-9.845469594001770020e-01,-1.311448097229003906e+00,7.986644655466079712e-02,-9.013926982879638672e-01,-1.641334891319274902e+00,-7.994732856750488281e-01,-7.685905694961547852e-01,-6.026232838630676270e-01,2.428242206573486328e+00,1.568641543388366699e+00,2.933154821395874023e+00,2.514442801475524902e-01,-1.843199491500854492e+00,-2.627061128616333008e+00,3.221390545368194580e-01,-2.497691869735717773e+00
-1.550479412078857422e+00,2.822797536849975586e+00,-2.059387683868408203e+00,2.023575305938720703e+00,1.963184595108032227e+00,-1.640600919723510742e+00,-1.117017149925231934e+00,2.676434278488159180e+00,-1.660429716110229492e+00,-8.299645781517028809e-01,-1.856306433677673340e+00,5.216971635818481445e-01,-2.395147085189819336e+00,1.964121937751770020e+00,2.691652059555053711e+00,-1.785759925842285156e+00,-6.496930718421936035e-01,-5.642432570457458496e-01,-5.865958929061889648e-01,-1.081745743751525879e+00
-1.658489346504211426e+00,-1.169374942779541016e+00,1.444129705429077148e+00,-4.236646592617034912e-01,-1.600015878677368164e+00,-2.764270544052124023e+00,-2.449337244033813477e+00,1.847377777099609375e+00,-2.463119506835937500e+00,2.536740541458129883e+00,1.146695375442504883e+00,2.905716657638549805e+00,-8.918573260307312012e-01,-9.905527234077453613e-01,6.655306816101074219e-01,-7.272762656211853027e-01,1.875761628150939941e+00,-2.314458608627319336e+00,-5.978686809539794922e-01,-8.573719859123229980e-01
1.593597292900085449e+00,-1.256428122520446777e+00,-1.344911098480224609e+00,1.296430349349975586e+00,7.061924934387207031e-01,1.863849401473999023e+00,-2.186074495315551758e+00,5.743728280067443848e-01,1.091502785682678223e+00,-2.539017200469970703e-01,-6.171671673655509949e-02,1.773364305496215820e+00,8.634385466575622559e-01,2.637663125991821289e+00,-8.046582937240600586e-01,2.182120084762573242e+00,-8.910180926322937012e-01,1.512306034564971924e-01,5.290547013282775879e-01,4.660582244396209717e-01
-5.032946467399597168e-01,1.480399131774902344e+00,-6.925360560417175293e-01,1.487736225128173828e+00,4.123325943946838379e-01,7.986742258071899414e-01,-2.308182477951049805e+00,-1.104158997535705566e+00,-1.805731415748596191e+00,-2.709949970245361328e+00,1.044906497001647949e+00,3.010469675064086914e-01,5.107047557830810547e-01,-2.627227902412414551e-01,1.152905300259590149e-01,1.692569494247436523e+00,-1.277266383171081543e+00,-1.338200926780700684e+00,-2.587661743164062500e+00,-8.263670653104782104e-02
-1.970364689826965332e+00,-3.068176209926605225e-01,-2.368749141693115234e+00,-2.690357446670532227e+00,-2.177098989486694336e+00,1.445027112960815430e+00,-5.108280181884765625e-01,2.144687891006469727e+00,1.053873542696237564e-02,-2.869967699050903320e+00,1.585858464241027832e+00,1.177074790000915527e+00,-1.046942710876464844e+00,3.347078561782836914e-01,-2.542120814323425293e-01,2.198305845260620117e+00,-1.749687552452087402e+00,-1.662452101707458496e+00,-2.363515377044677734e+00,2.693350315093994141e+00
2.453825473785400391e+00,3.808247447013854980e-01,-5.940478444099426270e-01,-6.378676891326904297e-01,-4.334191381931304932e-01,-9.263737797737121582e-01,-2.111332178115844727e+00,-1.063859581947326660e+00,-1.527163505554199219e+00,-8.974242210388183594e-01,-1.569545030593872070e+00,-1.575485944747924805e+00,-2.837595701217651367e+00,-1.904438734054565430e+00,1.266466617584228516e+00,-2.193173170089721680e+00,-7.466735243797302246e-01,-8.156503438949584961e-01,-9.300256371498107910e-01,-2.582135915756225586e+00
2.012079000473022461e+00,1.139452457427978516e+00,2.199807405471801758e+00,2.424625635147094727e+00,-2.613019049167633057e-01,1.891757607460021973e+00,1.632580995559692383e+00,1.299886584281921387e+00,-2.315926074981689453e+00,-1.406096816062927246e+00,3.060378134250640869e-01,-3.382535576820373535e-01,1.586282849311828613e+00,-2.001764059066772461e+00,4.499650597572326660e-01,-2.233190774917602539e+00,-8.950486183166503906e-01,2.293777614831924438e-01,1.278314739465713501e-01,-8.212851881980895996e-01
2.743938207626342773e+00,-1.566887021064758301e+00,-1.331179141998291016e+00,-7.360480260103940964e-03,-1.795027971267700195e+00,9.060131311416625977e-01,-2.532025098800659180e+00,2.077167749404907227e+00,1.094303965568542480e+00,-1.773159652948379517e-01,3.583121597766876221e-01,-2.872015953063964844e+00,1.533875226974487305e+00,1.630924701690673828e+00,-1.974141716957092285e+00,-3.238130211830139160e-01,-2.358116626739501953e+00,-1.027703642845153809e+00,-1.536419034004211426e+00,-1.779295563697814941e+00
1.448925971984863281e+00,2.524831295013427734e-01,-1.321716159582138062e-01,-1.816720843315124512e+00,-1.254220247268676758e+00,-1.661799430847167969e+00,-1.226036906242370605e+00,4.327697306871414185e-02,-1.714681982994079590e+00,-1.458613991737365723e+00,4.050674140453338623e-01,1.979140996932983398e+00,-2.329604625701904297e+00,2.018193751573562622e-01,-1.266504168510437012e+00,-9.568350911140441895e-01,-2.537822723388671875e+00,-5.696137547492980957e-01,2.150745630264282227e+00,1.872530221939086914e+00
-1.653899431228637695e+00,2.506936073303222656e+00,-5.620327591896057129e-01,1.612691767513751984e-02,-2.195827960968017578e+00,-8.316363692283630371e-01,-4.002602398395538330e-02,1.259361743927001953e+00,7.588224411010742188e-01,7.534060478210449219e-01,-2.838996648788452148e-01,-2.645427703857421875e+00,1.129679441452026367e+00,-2.143245935440063477e+00,-1.923157453536987305e+00,-2.005927562713623047e+00,2.356686070561408997e-02,2.232629805803298950e-01,-1.157681584358215332e+00,-3.317996561527252197e-01
2.027232170104980469e+00,7.337598204612731934e-01,-2.927564978599548340e-01,-5.390504002571105957e-01,-1.020879864692687988e+00,-2.281513929367065430e+00,-7.769955396652221680e-01,2.781911134719848633e+00,1.848545908927917480e+00,-1.873395085334777832e+00,4.242977797985076904e-01,1.251026988029479980e-01,-4.084513485431671143e-01,-2.404788732528686523e+00,-5.690971016883850098e-01,-6.259284615516662598e-01,-1.644145965576171875e+00,-1.182572245597839355e+00,-2.734206438064575195e+00,-9.858757853507995605e-01
-1.880675077438354492e+00,6.575251817703247070e-01,-1.916333794593811035e+00,1.819021224975585938e+00,2.021381445229053497e-02,-2.482409477233886719e+00,-8.930673003196716309e-01,9.387609958648681641e-01,2.009325742721557617e+00,1.175537228584289551e+00,-8.989034891128540039e-01,1.406000137329101562e+00,-9.461519122123718262e-01,2.238263607025146484e+00,2.519771099090576172e+00,-2.524966955184936523e+00,-2.428406000137329102e+00,1.947133660316467285e+00,-2.849171876907348633e+00,1.300648897886276245e-01
1.582458138465881348e+00,4.812724422663450241e-03,9.501957297325134277e-01,1.045056208968162537e-01,-1.650136351585388184e+00,-6.745367050170898438e-01,-7.884649038314819336e-01,1.811361193656921387e+00,-2.941176414489746094e+00,1.419318556785583496e+00,-1.037344455718994141e+00,-1.968121886253356934e+00,2.377948045730590820e+00,-6.007705330848693848e-01,-7.085053920745849609e-01,-1.609699130058288574e+00,5.703697726130485535e-02,-2.192047119140625000e+00,-2.132707118988037109e+00,-2.347963809967041016e+00
2.788433074951171875e+00,1.734806299209594727e-01,-5.354216694831848145e-01,2.217376232147216797e+00,-9.381195902824401855e-01,4.613208472728729248e-01,7.741292715072631836e-01,1.769476771354675293e+00,-1.143965005874633789e+00,1.785834670066833496e+00,-1.673672795295715332e+00,1.829388022422790527e+00,-6.501107215881347656e-01,-9.781469702720642090e-01,-1.308872103691101074e+00,-1.106147885322570801e+00,-1.715226292610168457e+00,-3.142135441303253174e-01,1.622600555419921875e+00,1.823522925376892090e+00
-1.369388580322265625e+00,-2.544493436813354492e+00,6.440793871879577637e-01,-2.247427463531494141e+00,-4.761162102222442627e-01,-1.587456464767456055e+00,-7.872752100229263306e-02,1.769838809967041016e+00,8.096364140510559082e-01,9.349010586738586426e-01,2.945900559425354004e-01,7.352768778800964355e-01,1.766393661499023438e+00,2.074793577194213867e+00,-1.788229107856750488e+00,-2.306021690368652344e+00,-4.363363683223724365e-01,6.444798707962036133e-01,5.269533991813659668e-01,-7.225763797760009766e-01
-6.119184494018554688e-01,-2.407564163208007812e+00,1.426980495452880859e+00,-1.196198105812072754e+00,-7.122350335121154785e-01,-1.776040196418762207e-01,2.015274763107299805e+00,1.794965267181396484e+00,-1.244561314582824707e+00,1.842978596687316895e-02,4.304919540882110596e-01,-2.537612676620483398e+00,-3.941880166530609131e-01,-7.257485985755920410e-01,1.670023351907730103e-01,-2.200037479400634766e+00,-2.542818784713745117e+00,-2.666249275207519531e+00,-6.686726212501525879e-01,-6.750338673591613770e-01
-1.825245320796966553e-01,1.293199658393859863e+00,-2.551709413528442383e+00,9.590651839971542358e-02,-2.566184282302856445e+00,2.201124191284179688e+00,-2.356646299362182617e+00,-8.351126909255981445e-01,-2.089200019836425781e+00,1.643183827400207520e+00,1.445029497146606445e+00,2.164109468460083008e+00,2.382555484771728516e+00,9.152209758758544922e-01,-2.012859135866165161e-01,2.239383220672607422e+00,2.774518728256225586e+00,2.801940917968750000e+00,-8.075466752052307129e-01,5.744543299078941345e-02
1.489932537078857422e+00,-2.103108406066894531e+00,4.907498657703399658e-01,-2.244606018066406250e+00,-1.528067588806152344e+00,-2.643017053604125977e+00,-1.479539752006530762e+00,1.756114661693572998e-01,1.159083321690559387e-01,1.722430348396301270e+00,4.947036504745483398e-01,8.929746150970458984e-01,-2.402649968862533569e-01,4.008677601814270020e-01,9.770476222038269043e-01,5.792583227157592773e-01,-9.577877521514892578e-01,-1.631159543991088867e+00,-2.539059400558471680e+00,-1.938222408294677734e+00
1.218247771263122559e+00,1.543156981468200684e+00,-1.226227283477783203e+00,-2.547051906585693359e+00,-2.830232143402099609e+00,7.496955394744873047e-01,1.675024271011352539e+00,2.668682813644409180e+00,1.192380547523498535e+00,3.972139954566955566e-01,-2.938833832740783691e-01,-2.010022163391113281e+00,-1.740840911865234375e+00,1.419322252273559570e+00,-2.195698738098144531e+00,-3.713330626487731934e-01,-8.411462903022766113e-01,-6.439003348350524902e-01,-1.775724530220031738e+00,-1.414981603622436523e+00
-5.685459375381469727e-01,-1.435959577560424805e+00,2.048542022705078125e+00,1.593671798706054688e+00,-2.599463939666748047e+00,-1.898911714553833008e+00,2.909145355224609375e+00,7.397773861885070801e-01,-1.407585740089416504e+00,-1.369988679885864258e+00,9.937759637832641602e-01,-1.997541904449462891e+00,-4.743533432483673096e-01,1.534867882728576660e+00,-2.711040496826171875e+00,-7.358394265174865723e-01,-3.736489415168762207e-01,-3.027765750885009766e-01,-1.368602633476257324e+00,5.967464447021484375e-01
-1.088382840156555176e+00,-2.571935653686523438e+00,-2.581199407577514648e+00,-7.906638383865356445e-01,2.009031772613525391e+00,-2.382356166839599609e+00,-3.927429616451263428e-01,-2.466850280761718750e+00,-2.368312120437622070e+00,-1.099837779998779297e+00,-9.255045056343078613e-01,1.124864459037780762e+00,4.600400626659393311e-01,-1.445637106895446777e+00,-2.497243404388427734e+00,-1.834144353866577148e+00,-7.273744940757751465e-01,-4.798618555068969727e-01,1.587763428688049316e-01,-7.227585911750793457e-01
-1.306896686553955078e+00,4.562742114067077637e-01,-1.309867143630981445e+00,8.249785304069519043e-01,2.809940278530120850e-02,-4.666264057159423828e-01,-4.508613944053649902e-01,1.734881162643432617e+00,-1.355736255645751953e+00,-2.671953678131103516e+00,-9.406993389129638672e-01,2.121308565139770508e+00,-2.293780595064163208e-01,-1.872683167457580566e-01,1.939623117446899414e+00,-1.655813813209533691e+00,-1.270625829696655273e+00,3.837510943412780762e-01,-2.412327051162719727e+00,1.564768075942993164e+00
-2.749547004699707031e+00,1.037259459495544434e+00,-2.661294937133789062e+00,6.915470361709594727e-01,-1.915319561958312988e+00,1.406771302223205566e+00,-3.178733885288238525e-01,2.612769126892089844e+00,1.507558822631835938e+00,2.174603462219238281e+00,4.826672375202178955e-01,-2.378680706024169922e+00,1.631166219711303711e+00,-1.747303247451782227e+00,1.346795201301574707e+00,-1.500233113765716553e-01,-7.929890155792236328e-01,-1.577667593955993652e+00,-3.047896921634674072e-01,-1.474530220031738281e+00
-2.272127389907836914e+00,2.820600032806396484e+00,-1.395640134811401367e+00,-2.662709951400756836e+00,-8.611416220664978027e-01,2.587860584259033203e+00,1.436949014663696289e+00,2.759383916854858398e-01,-2.246929407119750977e+00,-1.517582774162292480e+00,1.014771223068237305e+00,-1.006241679191589355e+00,-9.482526183128356934e-01,-4.428130760788917542e-02,-9.362667798995971680e-01,-1.919237017631530762e+00,-2.677454710006713867e+00,-1.232741117477416992e+00,-2.091937541961669922e+00,-1.410801291465759277e+00
1.470358252525329590e+00,-1.952367424964904785e+00,7.308269739151000977e-01,-2.405339956283569336e+00,2.137932538986206055e+00,-5.314545705914497375e-02,-1.994580864906311035e+00,-6.394591331481933594e-01,-9.090663790702819824e-01,-5.270711183547973633e-01,-1.424044966697692871e+00,1.020161271095275879e+00,-2.761998891830444336e+00,-2.085237979888916016e+00,6.468691825866699219e-01,-1.225353479385375977e+00,-8.575723171234130859e-01,5.294922590255737305e-01,-2.684144258499145508e+00,-1.052318215370178223e+00
1.761294841766357422e+00,-2.399376869201660156e+00,-1.925825923681259155e-01,-5.090714097023010254e-01,-2.017668008804321289e+00,-2.335394859313964844e+00,-2.668592453002929688e+00,-2.117771953344345093e-01,-1.557011008262634277e+00,1.607294529676437378e-01,-4.903619289398193359e-01,-1.767970025539398193e-01,2.691175341606140137e-01,1.615384221076965332e+00,-1.487438082695007324e+00,9.649964570999145508e-01,3.631514906883239746e-01,-1.128646254539489746e+00,-6.091257333755493164e-01,-5.908946394920349121e-01
-9.391043782234191895e-01,2.417908191680908203e+00,-2.294578075408935547e+00,1.786561846733093262e+00,4.297663271427154541e-01,2.463469982147216797e+00,8.307727575302124023e-01,-3.992459475994110107e-01,1.395498037338256836e+00,-9.186990857124328613e-01,-2.755402565002441406e+00,-1.230727791786193848e+00,-2.261629104614257812e+00,6.483211517333984375e-01,-2.046084880828857422e+00,4.914081469178199768e-02,-9.195651412010192871e-01,1.632607460021972656e+00,-2.428430557250976562e+00,-4.869596064090728760e-01
1.865510702133178711e+00,2.338469743728637695e+00,9.390438795089721680e-01,7.506663799285888672e-01,4.580381512641906738e-01,8.892806172370910645e-01,-2.370278120040893555e+00,1.360168218612670898e+00,-3.320145606994628906e-02,-6.325883269309997559e-01,1.308256864547729492e+00,-1.412346243858337402e+00,-1.773016095161437988e+00,-2.284122705459594727e-01,-1.755065619945526123e-01,-1.498306542634963989e-01,-1.862712264060974121e+00,2.240665555000305176e-01,-1.165498614311218262e+00,-9.850877523422241211e-01
8.887075185775756836e-01,-1.869279146194458008e+00,-1.266606211662292480e+00,1.750894188880920410e+00,-1.891660928726196289e+00,-9.077323675155639648e-01,-1.954090118408203125e+00,-1.806587934494018555e+00,2.228186607360839844e+00,1.812586426734924316e+00,6.942756772041320801e-01,-7.825813293457031250e-01,2.526407480239868164e+00,-2.887821435928344727e+00,1.054039001464843750e+00,-5.623049139976501465e-01,-9.102110266685485840e-01,-1.691854834556579590e+00,5.885161757469177246e-01,-2.609102964401245117e+00
-8.404043316841125488e-01,-1.998100280761718750e+00,-2.389939785003662109e+00,-1.137096405029296875e+00,-7.959693670272827148e-01,-3.953411579132080078e-01,-1.330406069755554199e+00,-2.538590669631958008e+00,9.682669043540954590e-01,1.590398669242858887e+00,8.667557239532470703e-01,-2.228225946426391602e+00,-1.759444236755371094e+00,4.040981456637382507e-02,6.844437122344970703e-01,-9.497668147087097168e-01,-1.331754565238952637e+00,-1.179613709449768066e+00,1.184225916862487793e+00,1.961891531944274902e+00
2.050317525863647461e+00,2.092394590377807617e+00,-1.352018952369689941e+00,1.744982004165649414e+00,-1.698476970195770264e-01,-8.133816719055175781e-01,-1.167519450187683105e+00,2.846661806106567383e+00,2.121571063995361328e+00,1.075139284133911133e+00,-8.254492878913879395e-01,-7.971824407577514648e-01,-2.144117593765258789e+00,-1.275177717208862305e+00,-1.864623308181762695e+00,-7.029163241386413574e-01,-1.056174263358116150e-01,1.511477947235107422e+00,1.841233372688293457e+00,-1.908449649810791016e+00
-6.521044969558715820e-01,-2.722018480300903320e+00,2.200002431869506836e+00,1.292188286781311035e+00,5.211904644966125488e-01,1.903868094086647034e-02,-1.736863613128662109e+00,-4.958118796348571777e-01,-2.769462347030639648e+00,-2.720425844192504883e+00,4.162423610687255859e-01,1.570047616958618164e+00,9.917964935302734375e-01,-1.523941159248352051e+00,5.812644958496093750e-01,-4.633130133152008057e-02,-9.512161016464233398e-01,1.517891287803649902e-01,2.281783223152160645e-01,-9.962973594665527344e-01
-1.862015724182128906e-01,-1.880765199661254883e+00,-1.458885192871093750e+00,1.604651212692260742e+00,-6.893395781517028809e-01,1.155284881591796875e+00,4.168664216995239258e-01,-2.357180833816528320e+00,-6.535987854003906250e-01,4.485172033309936523e-02,-4.925305247306823730e-01,-2.833917856216430664e+00,-4.961856603622436523e-01,8.306212425231933594e-01,-1.153860330581665039e+00,-1.935814619064331055e-01,4.851691052317619324e-02,-7.058795690536499023e-01,2.726374864578247070e+00,3.754071891307830811e-01
2.784882783889770508e+00,-1.778973817825317383e+00,1.001680374145507812e+00,7.343863844871520996e-01,8.687394857406616211e-01,-1.372349500656127930e+00,7.056292295455932617e-01,2.287492036819458008e+00,-6.142330765724182129e-01,-2.063226938247680664e+00,2.960783243179321289e+00,1.605758428573608398e+00,3.472946882247924805e-01,-6.143605113029479980e-01,-5.968787074089050293e-01,-2.219387531280517578e+00,-2.865414917469024658e-01,2.210078477859497070e+00,9.522309303283691406e-01,-1.409561991691589355e+00
1.483070850372314453e+00,1.128376722335815430e+00,-2.152171850204467773e+00,1.515819579362869263e-01,-1.956069827079772949e+00,-2.469507694244384766e+00,-8.238581418991088867e-01,-2.611212730407714844e+00,9.725506305694580078e-01,-7.293640971183776855e-01,2.073509931564331055e+00,-2.162471055984497070e+00,-6.918779015541076660e-01,1.632246613502502441e+00,-1.218148708343505859e+00,-1.276572465896606445e+00,-1.743800759315490723e+00,1.757316946983337402e+00,-1.547228097915649414e+00,-1.828826427459716797e+00
1.119584441184997559e+00,8.748385906219482422e-01,-2.153532952070236206e-02,1.460097074508666992e+00,-1.226629257202148438e+00,-2.320624113082885742e+00,-1.212443113327026367e+00,1.586959958076477051e+00,-2.521686077117919922e+00,7.916513085365295410e-02,-2.518521070480346680e+00,-2.985037267208099365e-01,-1.098198890686035156e+00,1.577271103858947754e+00,1.067600026726722717e-01,-8.444893956184387207e-01,-4.723938107490539551e-01,-1.902560472488403320e+00,-1.005706548690795898e+00,-2.776123762130737305e+00
1.424547433853149414e+00,-1.604368090629577637e+00,1.927685141563415527e-01,-5.761036276817321777e-01,-3.293429315090179443e-01,9.615147709846496582e-01,1.334726694040000439e-03,-1.675725579261779785e+00,-2.864075899124145508e+00,2.115360647439956665e-01,8.996185064315795898e-01,6.317967772483825684e-01,-1.058161020278930664e+00,-1.529692173004150391e+00,-4.130150675773620605e-01,-2.638420343399047852e+00,3.791196048259735107e-01,-1.525995731353759766e+00,-1.821377277374267578e+00,3.637477159500122070e-01
-7.608980536460876465e-01,8.931105732917785645e-01,-1.215981006622314453e+00,2.623476386070251465e-01,-3.870568573474884033e-01,2.851948976516723633e+00,-1.496025443077087402e+00,-3.250858485698699951e-01,9.191495925188064575e-02,-7.123825550079345703e-01,2.911051213741302490e-01,1.101928710937500000e+00,1.018364191055297852e+00,-1.966796278953552246e+00,7.213020920753479004e-01,-6.956111788749694824e-01,-8.873448371887207031e-01,5.256521105766296387e-01,2.334917068481445312e+00,-1.068589091300964355e+00
-5.216134190559387207e-01,-2.756786584854125977e+00,-1.227091073989868164e+00,1.775108091533184052e-02,-1.928986072540283203e+00,-1.094210624694824219e+00,-1.743867516517639160e+00,-1.504030466079711914e+00,-1.028886586427688599e-01,1.465338915586471558e-01,-2.629942655563354492e+00,-8.980883359909057617e-01,1.810299396514892578e+00,8.866961598396301270e-01,3.370141237974166870e-02,-2.854754924774169922e+00,1.873400092124938965e+00,1.221323966979980469e+00,-3.377394974231719971e-01,-2.017529249191284180e+00
2.948973476886749268e-01,-1.515829682350158691e+00,-1.071271419525146484e+00,4.267350137233734131e-01,-1.934680223464965820e+00,-1.409237742424011230e+00,1.805545210838317871e+00,1.821786284446716309e+00,-1.608420729637145996e+00,-5.898318886756896973e-01,7.788397073745727539e-01,2.717058181762695312e+00,3.825303018093109131e-01,-1.479909300804138184e+00,2.147782802581787109e+00,-1.190571784973144531e+00,-1.953734755516052246e+00,-1.551995992660522461e+00,1.154207468032836914e+00,7.900305986404418945e-01
-2.203437805175781250e+00,-5.411708950996398926e-01,-1.466912865638732910e+00,6.402630209922790527e-01,-1.709388375282287598e+00,-2.742520809173583984e+00,-1.486565589904785156e+00,1.760957479476928711e+00,-6.157597992569208145e-03,-3.156622648239135742e-01,-1.461627125740051270e+00,-9.699038863182067871e-01,1.229812741279602051e+00,-3.022810220718383789e-01,-1.648392796516418457e+00,2.168550014495849609e+00,-1.846066236495971680e+00,-2.889129877090454102e+00,-3.050045669078826904e-01,-4.059477746486663818e-01
1.054918527603149414e+00,-1.159857511520385742e+00,9.066473841667175293e-01,2.126182794570922852e+00,-1.822812914848327637e+00,1.423070877790451050e-01,-2.662144422531127930e+00,3.290871903300285339e-02,6.952155381441116333e-02,-6.560657620429992676e-01,-4.862594604492187500e-01,-1.983084678649902344e+00,-2.384092807769775391e+00,6.070200204849243164e-01,-1.016796946525573730e+00,1.189728498458862305e+00,-4.148024916648864746e-01,9.945946931838989258e-01,6.192766427993774414e-01,-2.238126039505004883e+00
-1.859575361013412476e-01,-1.414758086204528809e+00,1.696951985359191895e-01,-2.960507392883300781e+00,-1.435905098915100098e+00,1.691159963607788086e+00,-1.478910088539123535e+00,-1.351175785064697266e+00,-2.098472595214843750e+00,-2.199066728353500366e-01,4.149799346923828125e-01,2.151567697525024414e+00,-8.756029605865478516e-01,2.263297080993652344e+00,-8.279771208763122559e-01,-1.591022491455078125e+00,-4.585063755512237549e-01,1.554633140563964844e+00,9.834417700767517090e-01,-1.702450037002563477e+00
2.132325410842895508e+00,2.927732944488525391e+00,-1.774865508079528809e+00,-2.085158109664916992e+00,-8.071475625038146973e-01,-3.515593111515045166e-01,2.146971374750137329e-01,2.897535085678100586e+00,-8.666861653327941895e-01,1.941362500190734863e+00,6.615893840789794922e-01,2.127744197845458984e+00,1.653472185134887695e-01,-6.812983751296997070e-01,2.037539958953857422e+00,7.695056200027465820e-01,-1.105551123619079590e+00,-1.285579323768615723e+00,5.728177428245544434e-01,-1.024975419044494629e+00
-3.838198781013488770e-01,1.396365523338317871e+00,-1.515311896800994873e-01,8.857811093330383301e-01,1.088793948292732239e-01,-1.521419286727905273e+00,-2.997167825698852539e+00,1.181435942649841309e+00,-2.562334299087524414e+00,-1.066883325576782227e+00,-2.255690574645996094e+00,1.135573625564575195e+00,-7.923478484153747559e-01,2.464447259902954102e+00,3.874879777431488037e-01,2.448594272136688232e-01,-1.599301576614379883e+00,1.215956687927246094e+00,-6.074146032333374023e-01,8.009527325630187988e-01
-1.535055518150329590e+00,-2.650264978408813477e+00,1.302360296249389648e-01,1.616957068443298340e+00,2.552232742309570312e+00,1.744335889816284180e+00,-7.683525085449218750e-01,-1.467447400093078613e+00,-1.745152831077575684e+00,-8.696566224098205566e-01,-2.826677560806274414e+00,1.592848658561706543e+00,-1.653295278549194336e+00,-2.118173539638519287e-01,-2.836876153945922852e+00,-2.384273529052734375e+00,-2.095007658004760742e+00,-1.216076135635375977e+00,-6.528666615486145020e-01,2.327424138784408569e-01
-1.210029721260070801e+00,-2.305351734161376953e+00,2.883848249912261963e-01,1.229287743568420410e+00,-2.197041511535644531e+00,1.426325917243957520e+00,7.023988962173461914e-01,-7.307683229446411133e-01,-2.381126880645751953e+00,-1.836242675781250000e+00,-4.793128669261932373e-01,-7.581853866577148438e-01,-2.774171829223632812e+00,-1.343726634979248047e+00,-1.101779937744140625e+00,-2.375619888305664062e+00,1.905521392822265625e+00,-2.471169710159301758e+00,-8.255921006202697754e-01,3.563579618930816650e-01
6.274228096008300781e-01,-2.330793619155883789e+00,-7.258283495903015137e-01,-1.915089845657348633e+00,-1.495558023452758789e+00,5.381589531898498535e-01,-2.880205392837524414e+00,-2.478226423263549805e-01,-3.609338402748107910e-01,-1.001629084348678589e-01,1.978135347366333008e+00,2.425783395767211914e+00,1.753210663795471191e+00,1.577698886394500732e-01,2.890302419662475586e+00,-5.511601567268371582e-01,-2.365505218505859375e+00,6.640810966491699219e-01,2.251834392547607422e+00,1.856440067291259766e+00
6.457639932632446289e-01,3.724667057394981384e-02,-1.014430046081542969e+00,1.087677478790283203e+00,2.041409492492675781e+00,-2.435487061738967896e-01,-7.625358104705810547e-01,1.507055312395095825e-01,-1.670475482940673828e+00,1.263805270195007324e+00,-8.249394893646240234e-01,5.454746633768081665e-02,4.747260734438896179e-02,-2.306887149810791016e+00,-1.510951161384582520e+00,-1.127992510795593262e+00,2.231810092926025391e+00,-1.535586953163146973e+00,3.361883107572793961e-03,-2.649647712707519531e+00
-9.237018227577209473e-02,2.441312074661254883e+00,-1.347681164741516113e+00,1.717804670333862305e+00,-2.053399324417114258e+00,1.354332447052001953e+00,-1.658313870429992676e+00,2.723831415176391602e+00,-2.710814476013183594e+00,-5.633306503295898438e-01,9.025909304618835449e-01,2.187565803527832031e+00,-2.586372852325439453e+00,-7.493099570274353027e-01,9.140042960643768311e-02,-8.494090437889099121e-01,2.471284866333007812e+00,-8.299383521080017090e-02,6.796815991401672363e-01,4.600635170936584473e-01
-6.109480261802673340e-01,-5.310214757919311523e-01,-1.716785430908203125e+00,2.030236721038818359e+00,-8.799307048320770264e-02,-5.182276964187622070e-01,1.436517477035522461e+00,1.036487221717834473e+00,-2.807478904724121094e+00,2.742400884628295898e+00,-1.108998537063598633e+00,2.268663644790649414e+00,-1.182367205619812012e+00,1.055115580558776855e+00,-1.236297249794006348e+00,-8.186702132225036621e-01,2.483318090438842773e+00,-4.926393330097198486e-01,2.616458654403686523e+00,9.906622022390365601e-02
-1.122604385018348694e-01,4.799439013004302979e-01,2.397743314504623413e-01,-2.360082387924194336e+00,2.002754926681518555e+00,6.735559701919555664e-01,5.860829949378967285e-01,4.201592132449150085e-02,-1.367915868759155273e+00,-2.223475724458694458e-01,3.434520363807678223e-01,1.023860931396484375e+00,-2.124501913785934448e-01,-3.587561547756195068e-01,-1.546277105808258057e-01,1.315487504005432129e+00,-1.451322317123413086e+00,-1.535535097122192383e+00,-2.733260095119476318e-01,-2.451964855194091797e+00
1.357929348945617676e+00,6.481645703315734863e-01,2.543702602386474609e+00,-5.253366231918334961e-01,2.464591741561889648e+00,7.900292277336120605e-01,-2.714090824127197266e+00,1.056174635887145996e-01,-1.551928162574768066e+00,2.287584543228149414e+00,-2.194676548242568970e-01,1.951653957366943359e+00,-9.388715624809265137e-01,-2.994722314178943634e-02,-4.857496917247772217e-02,-2.727444887161254883e+00,-1.004177331924438477e+00,-1.647358059883117676e+00,5.505568385124206543e-01,-2.756684780120849609e+00
2.723343372344970703e+00,1.798372566699981689e-01,1.140048056840896606e-01,1.148887991905212402e+00,4.201589524745941162e-01,-2.580481767654418945e-01,-9.426786899566650391e-01,1.665684938430786133e+00,1.891764640808105469e+00,4.344677031040191650e-01,-2.704305648803710938e-01,-2.050340652465820312e+00,-1.118537783622741699e+00,-2.319046705961227417e-01,-1.759741544723510742e+00,-6.460612267255783081e-02,-8.364551067352294922e-01,-2.357575595378875732e-01,-2.393538236618041992e+00,1.752215743064880371e+00
4.812026862055063248e-03,-2.492278337478637695e+00,5.092597603797912598e-01,1.627923250198364258e+00,1.125459820032119751e-01,-7.314378619194030762e-01,1.388165354728698730e+00,3.128231763839721680e-01,6.999203562736511230e-01,-2.973913192749023438e+00,1.818661242723464966e-01,-6.635295748710632324e-01,-2.087798833847045898e+00,1.004158496856689453e+00,-7.871931791305541992e-01,4.543931186199188232e-01,-1.396042346954345703e+00,5.085770040750503540e-02,1.252833604812622070e+00,-7.024039030075073242e-01
-2.006836533546447754e-01,8.168712258338928223e-01,-1.892706990242004395e+00,1.182207107543945312e+00,2.789869070053100586e+00,2.133448123931884766e+00,-1.207082271575927734e+00,-2.103176593780517578e+00,-1.878708958625793457e+00,-4.264541566371917725e-01,-1.068792581558227539e+00,7.771920561790466309e-01,9.957716614007949829e-02,-1.716175198554992676e+00,-2.416182279586791992e+00,1.482078194618225098e+00,-1.204579234123229980e+00,-1.941893458366394043e+00,8.471667766571044922e-01,-1.660962820053100586e+00
2.726615965366363525e-01,-2.647680759429931641e+00,1.438164472579956055e+00,6.026772782206535339e-02,-2.598689556121826172e+00,-1.744277834892272949e+00,1.528109669685363770e+00,-1.159605979919433594e-01,2.286597490310668945e-01,-5.146416425704956055e-01,-5.142532587051391602e-01,1.645620346069335938e+00,1.017853736877441406e+00,-2.485130786895751953e+00,-2.063558340072631836e+00,-1.384504199028015137e+00,1.332131981849670410e+00,-8.698639273643493652e-01,-1.340843796730041504e+00,3.487015962600708008e-01
1.381599545478820801e+00,-7.678676843643188477e-01,6.252039670944213867e-01,7.042732834815979004e-01,-6.615340113639831543e-01,5.681751370429992676e-01,-2.601820945739746094e+00,-8.959439992904663086e-01,-2.807903528213500977e+00,-2.518967628479003906e+00,1.522962450981140137e+00,-2.456758260726928711e+00,-8.778705596923828125e-01,-7.196411490440368652e-01,-1.495284885168075562e-01,-1.836335659027099609e-01,-2.617977142333984375e+00,-1.069202184677124023e+00,-1.526736021041870117e+00,-1.535790324211120605e+00
7.036297917366027832e-01,-3.827190995216369629e-01,-1.669109106063842773e+00,2.108233213424682617e+00,1.477470755577087402e+00,3.330824375152587891e-01,3.009016811847686768e-02,1.452442765235900879e+00,-3.216178715229034424e-01,-1.029997110366821289e+00,-1.605824947357177734e+00,-1.248349905014038086e+00,-1.073748096823692322e-01,-1.496540307998657227e+00,-2.890788078308105469e+00,-6.241489648818969727e-01,-1.618115305900573730e+00,-2.406128406524658203e+00,-1.658568501472473145e+00,2.288786411285400391e+00
5.851196050643920898e-01,2.354242503643035889e-01,-1.897755265235900879e+00,-1.040929630398750305e-01,2.099527120590209961e+00,1.531755924224853516e+00,-1.257240891456604004e+00,1.694936752319335938e+00,1.191653966903686523e+00,-7.865708470344543457e-01,-1.730188250541687012e+00,1.693618893623352051e+00,-6.743312478065490723e-01,-2.584878921508789062e+00,1.344730138778686523e+00,-1.070316910743713379e+00,-1.887872934341430664e+00,8.353803157806396484e-01,4.062924385070800781e-01,5.697531700134277344e-01
1.563969612121582031e+00,-1.582873940467834473e+00,-7.366836071014404297e-01,-8.045474290847778320e-01,1.444585919380187988e-01,-2.326340973377227783e-01,2.074258089065551758e+00,1.423940420150756836e+00,1.200531244277954102e+00,-1.224123239517211914e+00,-1.238460302352905273e+00,1.381915450096130371e+00,-4.139279425144195557e-01,-2.996737718582153320e+00,1.411913037300109863e+00,-1.430607676506042480e+00,3.482286632061004639e-01,-1.533773779869079590e+00,-1.023241877555847168e+00,-1.207534193992614746e+00
1.653345346450805664e+00,8.884398341178894043e-01,1.512847185134887695e+00,2.322737932205200195e+00,2.431942462921142578e+00,2.723833322525024414e+00,-2.889982461929321289e+00,-1.114213347434997559e+00,-2.950526475906372070e+00,6.902552247047424316e-01,1.596622586250305176e+00,-6.346284747123718262e-01,1.303676366806030273e+00,-7.644009590148925781e-01,1.346776604652404785e+00,-6.418059468269348145e-01,7.035095989704132080e-02,-6.516196131706237793e-01,1.918995022773742676e+00,-2.143031120300292969e+00
9.674654603004455566e-01,-4.988200664520263672e-01,-2.721465349197387695e+00,-1.025792479515075684e+00,-2.226155042648315430e+00,1.771656870841979980e+00,-1.662360191345214844e+00,-1.287575006484985352e+00,2.202678680419921875e+00,-1.621105074882507324e+00,-3.346965909004211426e-01,1.718011140823364258e+00,1.349992036819458008e+00,-1.069758176803588867e+00,-1.055886983871459961e+00,2.252831220626831055e+00,-2.589412212371826172e+00,-1.613255977630615234e+00,1.471821427345275879e+00,-1.181376725435256958e-01
1.373432517051696777e+00,-1.743218779563903809e+00,-2.591339826583862305e+00,-5.800862908363342285e-01,1.343376636505126953e+00,1.099349379539489746e+00,6.809977889060974121e-01,-1.607238173484802246e+00,-5.337736010551452637e-01,-9.227958917617797852e-01,-1.301408171653747559e+00,1.108232140541076660e+00,1.558041453361511230e+00,5.387859344482421875e-01,-1.547210097312927246e+00,-1.585070252418518066e+00,-1.671219944953918457e+00,2.058686494827270508e+00,-2.026192426681518555e+00,1.564426571130752563e-01
1.327307522296905518e-01,-2.431716203689575195e+00,-2.982893228530883789e+00,-2.184879541397094727e+00,-9.661015272140502930e-01,2.813714504241943359e+00,6.395218372344970703e-01,-7.345412969589233398e-01,-1.198665976524353027e+00,-1.558690071105957031e+00,1.535689949989318848e+00,-1.141150116920471191e+00,1.433410167694091797e+00,-2.861940145492553711e+00,1.163965344429016113e+00,-1.637646079063415527e+00,2.671367645263671875e+00,9.110234379768371582e-01,-2.192373514175415039e+00,-8.465301394462585449e-01
-5.704914219677448273e-03,8.972268104553222656e-01,-1.159045577049255371e+00,-2.285287380218505859e+00,-5.363159775733947754e-01,1.631576776504516602e+00,-9.526087641716003418e-01,2.401132583618164062e+00,-1.115935921669006348e+00,-8.384703993797302246e-01,-2.719845771789550781e+00,1.741874814033508301e+00,-2.050425052642822266e+00,1.590579450130462646e-01,-1.304061532020568848e+00,-1.177399039268493652e+00,-5.330095887184143066e-01,5.472822785377502441e-01,-8.663685321807861328e-01,2.049102544784545898e+00
-5.038211345672607422e-01,-1.916197896003723145e+00,-9.270286560058593750e-01,2.907794341444969177e-02,4.595300853252410889e-01,4.774049818515777588e-01,6.662855148315429688e-01,7.765970379114151001e-02,2.074796438217163086e+00,1.141852259635925293e+00,2.193801879882812500e+00,-7.155655026435852051e-01,1.464035987854003906e+00,-8.857333660125732422e-01,-1.234539151191711426e-01,1.876354217529296875e+00,-6.264156103134155273e-01,-1.494458436965942383e+00,-2.713541746139526367e+00,8.680303692817687988e-01
1.456977963447570801e+00,-7.509893774986267090e-01,-1.388027429580688477e+00,2.354371786117553711e+00,8.341633677482604980e-01,8.463612198829650879e-01,-8.315920829772949219e-01,1.044193863868713379e+00,2.722623825073242188e+00,-1.243862628936767578e+00,-1.800762772560119629e+00,1.303697705268859863e+00,1.837600469589233398e+00,1.433851242065429688e+00,-9.439324736595153809e-01,-2.336269617080688477e+00,-2.340748310089111328e+00,2.119710922241210938e+00,-2.830842971801757812e+00,1.158649250864982605e-01
1.493616819381713867e+00,-1.061999440193176270e+00,1.143964290618896484e+00,4.784334078431129456e-02,-1.660921335220336914e+00,-1.147019863128662109e+00,-2.344165325164794922e+00,-2.382092237472534180e+00,6.525539159774780273e-01,-1.501687884330749512e+00,-3.378772437572479248e-01,1.483825564384460449e+00,1.310302376747131348e+00,-2.349451303482055664e+00,1.276635646820068359e+00,-1.577358961105346680e+00,-2.524449348449707031e+00,2.197515010833740234e+00,2.142066061496734619e-01,-5.029067993164062500e-01
2.683842658996582031e+00,5.036481618881225586e-01,-4.001443386077880859e-01,1.662296175956726074e+00,-2.390966176986694336e+00,9.943225383758544922e-01,6.577752232551574707e-01,2.012274026870727539e+00,-1.323070883750915527e+00,-2.578541040420532227e+00,9.016137123107910156e-01,-1.656138658523559570e+00,-7.766258120536804199e-01,-1.384796261787414551e+00,-2.420842647552490234e+00,7.124781012535095215e-01,1.827359944581985474e-01,1.295688152313232422e+00,1.032956719398498535e+00,-2.866557538509368896e-01
1.114575862884521484e-01,-2.140974283218383789e+00,7.600734233856201172e-01,-6.149311661720275879e-01,-1.109444499015808105e+00,-1.650479912757873535e+00,1.212082386016845703e+00,2.106455802917480469e+00,-1.040186166763305664e+00,-1.929136633872985840e+00,-1.638873100280761719e+00,1.760794401168823242e+00,-1.782704234123229980e+00,1.834352850914001465e+00,1.466774463653564453e+00,1.842015385627746582e-01,-1.002661585807800293e+00,5.072576999664306641e-01,-7.462459802627563477e-01,-2.530140638351440430e+00
1.432588815689086914e+00,-9.937152266502380371e-01,-1.982572525739669800e-01,-1.617315053939819336e+00,-8.438769578933715820e-01,-2.606416225433349609e+00,-2.214697360992431641e+00,3.757206499576568604e-01,1.031171560287475586e+00,-1.509862065315246582e+00,1.901464939117431641e+00,8.926650136709213257e-02,-5.005561113357543945e-01,-2.117754220962524414e+00,-1.948521971702575684e+00,-5.904501676559448242e-01,-1.631562411785125732e-01,1.816270709037780762e+00,-1.464287757873535156e+00,-8.722606897354125977e-01
-2.757271528244018555e+00,9.747926890850067139e-02,-2.465275287628173828e+00,4.787108898162841797e-01,-3.316259384155273438e-02,-1.520762801170349121e+00,-7.362477779388427734e-01,2.771807909011840820e+00,-6.202541589736938477e-01,-2.708255529403686523e+00,-6.102445125579833984e-01,1.192550778388977051e+00,2.474251747131347656e+00,-1.334268748760223389e-01,-1.219329118728637695e+00,-7.799227237701416016e-01,-2.141677618026733398e+00,-6.417217254638671875e-01,2.645991325378417969e+00,-5.157300829887390137e-01
-1.466835021972656250e+00,-1.519841313362121582e+00,-1.232625007629394531e+00,-4.742094576358795166e-01,2.959440350532531738e-01,4.948267340660095215e-01,-2.444508075714111328e+00,-2.154597043991088867e+00,-3.900741934776306152e-01,-1.122420430183410645e+00,7.939177751541137695e-01,1.446636438369750977e+00,2.969769477844238281e+00,-1.699442625045776367e+00,1.391839265823364258e+00,-9.976893663406372070e-01,-5.401036739349365234e-01,5.142346024513244629e-01,-2.456911563873291016e+00,-1.531627178192138672e+00
-2.636357784271240234e+00,-5.237591266632080078e-01,2.724522650241851807e-01,7.278004288673400879e-02,-1.284843921661376953e+00,2.923290431499481201e-01,-5.776696801185607910e-01,2.741554021835327148e+00,2.494538784027099609e+00,-2.719075679779052734e+00,-2.158136129379272461e+00,-2.757152318954467773e+00,-1.578937292098999023e+00,-2.353251695632934570e+00,-8.925572037696838379e-01,-1.181762933731079102e+00,-1.743555366992950439e-01,-1.324431300163269043e+00,-2.271288394927978516e+00,-9.185876846313476562e-01
1.528182029724121094e+00,-2.527445554733276367e+00,1.492828726768493652e+00,-3.148389458656311035e-01,-1.668757081031799316e+00,2.321713209152221680e+00,-4.853425025939941406e-01,1.349578261375427246e+00,-2.438962697982788086e+00,-1.311563014984130859e+00,1.168141365051269531e+00,-2.083444356918334961e+00,-1.282813310623168945e+00,1.468938708305358887e+00,-1.421882867813110352e+00,2.079568862915039062e+00,2.716697692871093750e+00,5.374702215194702148e-01,-1.196426391601562500e+00,-1.527771115303039551e+00
-1.918457448482513428e-01,-2.855872631072998047e+00,-1.663533300161361694e-01,2.035911560058593750e+00,-7.221302390098571777e-01,1.891917586326599121e+00,1.774252772331237793e+00,2.068015187978744507e-01,-1.032746315002441406e+00,1.741196274757385254e+00,-1.454135417938232422e+00,1.477758288383483887e+00,8.247323036193847656e-01,-5.965667366981506348e-01,7.198801040649414062e-01,-4.109865799546241760e-02,2.697426080703735352e+00,1.963585495948791504e+00,-1.472311854362487793e+00,-1.231224060058593750e+00
7.663717865943908691e-02,5.654306411743164062e-01,5.322487652301788330e-02,1.804769396781921387e+00,-1.911599516868591309e+00,5.505031347274780273e-01,6.239304542541503906e-01,9.302365779876708984e-02,-4.161887168884277344e-01,-8.086801767349243164e-01,-7.401334047317504883e-01,9.993546605110168457e-01,-2.298482656478881836e+00,-2.262650132179260254e-01,-2.216356277465820312e+00,-1.354957938194274902e+00,-8.929920792579650879e-01,1.843755125999450684e+00,1.465340971946716309e+00,5.095081329345703125e-01
2.915720641613006592e-01,6.940265297889709473e-01,-1.675104737281799316e+00,-1.862757086753845215e+00,2.175125777721405029e-01,9.855174422264099121e-01,-1.781561374664306641e+00,2.515248060226440430e+00,-1.668819427490234375e+00,-1.561784029006958008e+00,3.478987514972686768e-01,8.811394572257995605e-01,-1.162501096725463867e+00,-2.083816528320312500e+00,8.546854853630065918e-01,-2.259057283401489258e+00,1.641395807266235352e+00,2.110960245132446289e+00,-2.463370323181152344e+00,5.645912289619445801e-01
2.710275173187255859e+00,5.988213419914245605e-01,1.250198841094970703e+00,2.800177931785583496e-01,2.001588582992553711e+00,2.563056468963623047e+00,6.645100116729736328e-01,-1.485644578933715820e+00,-1.733220696449279785e+00,-5.618672966957092285e-01,-3.879029154777526855e-01,2.160334587097167969e-01,-7.123894691467285156e-01,-2.536561787128448486e-01,-9.304355382919311523e-01,-1.420335650444030762e+00,-1.573547840118408203e+00,5.067996382713317871e-01,-4.382441937923431396e-01,-1.687534332275390625e+00
-2.609806776046752930e+00,1.751407146453857422e+00,-1.874402761459350586e+00,-1.179741919040679932e-01,-1.616077661514282227e+00,2.875864505767822266e+00,-5.122216939926147461e-01,-1.489114403724670410e+00,1.858613014221191406e+00,-2.415804386138916016e+00,-1.912598609924316406e+00,-6.679461002349853516e-01,1.118906140327453613e+00,-1.606607064604759216e-02,-1.340505629777908325e-01,-1.465093493461608887e+00,-2.671562433242797852e+00,3.884533941745758057e-01,9.281409978866577148e-01,-5.879717469215393066e-01
1.924050569534301758e+00,1.238791942596435547e+00,4.539375379681587219e-02,5.486212968826293945e-01,-1.721769690513610840e+00,6.497879028320312500e-01,-2.300664424896240234e+00,-2.878851175308227539e+00,-2.262232303619384766e+00,1.041454434394836426e+00,1.590593814849853516e+00,2.716453790664672852e+00,2.763507843017578125e+00,2.808071374893188477e+00,1.731889247894287109e+00,-6.681408882141113281e-01,-2.540060281753540039e+00,-1.316913127899169922e+00,2.053293704986572266e+00,7.947855591773986816e-01
1.548361063003540039e+00,-1.115610361099243164e+00,-5.791302919387817383e-01,2.759796857833862305e+00,-1.669872641563415527e+00,-1.871355295181274414e+00,2.619113922119140625e+00,-6.644523739814758301e-01,-2.311960458755493164e+00,-1.579416751861572266e+00,6.029219031333923340e-01,1.419322609901428223e+00,2.997899770736694336e+00,4.402478039264678955e-01,2.637494325637817383e+00,-2.569724082946777344e+00,-2.666523456573486328e+00,-1.154717564582824707e+00,2.052643537521362305e+00,2.151607990264892578e+00
-6.264382004737854004e-01,1.701668977737426758e+00,-5.855865478515625000e-01,-2.033148854970932007e-01,-2.139520406723022461e+00,-3.731393516063690186e-01,2.632889986038208008e+00,2.032360315322875977e+00,1.293441772460937500e+00,-1.978668212890625000e+00,1.316800832748413086e+00,1.849094390869140625e+00,9.134616255760192871e-01,-1.458945512771606445e+00,2.230086088180541992e+00,-2.712557792663574219e+00,-2.528383016586303711e+00,4.962888658046722412e-01,3.997149765491485596e-01,1.207623481750488281e+00
8.009226322174072266e-01,4.979528952389955521e-03,-2.917110204696655273e+00,2.485949039459228516e+00,2.700497865676879883e+00,2.753082275390625000e+00,-2.914420843124389648e+00,-1.201855063438415527e+00,5.539907813072204590e-01,-1.237481117248535156e+00,-3.561267554759979248e-01,9.716165661811828613e-01,1.938841819763183594e+00,2.405612707138061523e+00,3.364213407039642334e-01,-1.902012526988983154e-02,-2.215029239654541016e+00,-1.171573877334594727e+00,2.842849016189575195e+00,1.202617764472961426e+00
3.294464647769927979e-01,1.811804413795471191e+00,-7.569588422775268555e-01,2.177986383438110352e+00,-2.530969381332397461e+00,1.817901730537414551e+00,2.194717228412628174e-01,-2.469356060028076172e+00,-8.107300400733947754e-01,8.897106647491455078e-01,9.784554243087768555e-01,7.329512238502502441e-01,-7.529384493827819824e-01,-9.865649044513702393e-02,1.056425690650939941e+00,-7.382261753082275391e-02,2.194455713033676147e-01,-2.415397763252258301e-01,-1.966907501220703125e+00,1.063547968864440918e+00
3.598141372203826904e-01,-2.704843044281005859e+00,-7.835361957550048828e-01,3.821988105773925781e-01,-4.064861834049224854e-01,-2.746469020843505859e+00,-1.021192550659179688e+00,2.017240971326828003e-01,2.245354652404785156e-01,-7.813263535499572754e-01,-6.787615418434143066e-01,2.882486879825592041e-01,-1.284187912940979004e+00,1.444251388311386108e-01,1.805013418197631836e+00,-2.053327083587646484e+00,-6.191806197166442871e-01,1.068256616592407227e+00,1.823565214872360229e-01,-2.794976711273193359e+00
