-1.337965250015258789e+00,-1.180787444114685059e+00,-1.082981944084167480e+00,-1.212419271469116211e+00,-9.841487407684326172e-01,-7.935642600059509277e-01,-1.316432356834411621e+00,-1.042102813720703125e+00,-9.614747166633605957e-01,-1.000970244407653809e+00
-1.551010251045227051e+00,-9.592649936676025391e-01,-1.380723237991333008e+00,-1.000300526618957520e+00,-8.940486311912536621e-01,-9.598420858383178711e-01,-1.424284934997558594e+00,-9.790206551551818848e-01,-6.942698359489440918e-01,-1.347890615463256836e+00
8.336287140846252441e-01,7.609155774116516113e-01,1.134466767311096191e+00,1.023397088050842285e+00,1.050969362258911133e+00,1.043819427490234375e+00,1.007698416709899902e+00,1.338096857070922852e+00,9.177184104919433594e-01,7.734677791595458984e-01
1.207967281341552734e+00,1.674776673316955566e+00,1.010234475135803223e+00,9.951617121696472168e-01,4.890105426311492920e-01,1.118331193923950195e+00,9.430819749832153320e-01,1.373476624488830566e+00,5.620881319046020508e-01,9.702764153480529785e-01
-1.435462951660156250e+00,-8.872153759002685547e-01,-7.523810267448425293e-01,-9.514822959899902344e-01,-4.440063536167144775e-01,-9.133558869361877441e-01,-1.239314198493957520e+00,-1.044375896453857422e+00,-1.240874975919723511e-01,-7.062441110610961914e-01
7.501971125602722168e-01,9.703761935234069824e-01,9.269608855247497559e-01,1.090302467346191406e+00,1.255401492118835449e+00,9.894722700119018555e-01,7.289088368415832520e-01,1.130135774612426758e+00,1.236651659011840820e+00,6.761054992675781250e-01
1.198626637458801270e+00,1.314679265022277832e+00,1.127517700195312500e+00,8.003123998641967773e-01,1.440450429916381836e+00,1.044878959655761719e+00,7.141850590705871582e-01,1.008611917495727539e+00,8.836900591850280762e-01,9.466137290000915527e-01
-1.244350314140319824e+00,-1.157229423522949219e+00,-8.591826558113098145e-01,-1.100633025169372559e+00,-1.173682928085327148e+00,-6.792224049568176270e-01,-1.512366533279418945e+00,-1.090354323387145996e+00,-1.427012920379638672e+00,-1.084030866622924805e+00
-8.765804767608642578e-01,-6.325629353523254395e-01,-9.211287498474121094e-01,-1.537169575691223145e+00,-1.264637112617492676e+00,-5.624531507492065430e-01,-1.511696696281433105e+00,-9.356977939605712891e-01,-1.435792088508605957e+00,-1.014838933944702148e+00
1.225945115089416504e+00,1.555979013442993164e+00,1.059636473655700684e+00,1.339959859848022461e+00,1.110542297363281250e+00,1.205157279968261719e+00,9.439929127693176270e-01,1.053370952606201172e+00,1.018682599067687988e+00,5.911558866500854492e-01
1.180530905723571777e+00,1.258562803268432617e+00,1.181258559226989746e+00,8.398154973983764648e-01,1.103677392005920410e+00,1.124763369560241699e+00,1.041490674018859863e+00,1.078038692474365234e+00,8.426311612129211426e-01,7.821020483970642090e-01
-9.917456507682800293e-01,-1.138944268226623535e+00,-7.951492071151733398e-01,-8.168776035308837891e-01,-1.046321630477905273e+00,-7.449802756309509277e-01,-9.483273029327392578e-01,-8.074718713760375977e-01,-7.911933064460754395e-01,-1.080737352371215820e+00
9.477517604827880859e-01,1.244185209274291992e+00,1.317398905754089355e+00,8.122734427452087402e-01,1.275896787643432617e+00,9.724674224853515625e-01,1.213924884796142578e+00,7.746773958206176758e-01,9.835004806518554688e-01,1.075985074043273926e+00
-1.045248270034790039e+00,-8.547731041908264160e-01,-1.089646458625793457e+00,-9.518877863883972168e-01,-7.662164568901062012e-01,-8.567205667495727539e-01,-7.869603037834167480e-01,-6.383212208747863770e-01,-8.810952305793762207e-01,-1.105157017707824707e+00
-3.912752866744995117e-01,-7.449465990066528320e-01,-1.264005541801452637e+00,-6.834214925765991211e-01,-1.130843877792358398e+00,-9.363157749176025391e-01,-1.203712105751037598e+00,-1.249359130859375000e+00,-1.411851882934570312e+00,-1.446677207946777344e+00
8.615188598632812500e-01,1.328056931495666504e+00,9.798091053962707520e-01,9.894996285438537598e-01,8.748054504394531250e-01,8.423232436180114746e-01,1.341322898864746094e+00,8.407951593399047852e-01,1.328505158424377441e+00,5.426790118217468262e-01
1.050983667373657227e+00,7.667881250381469727e-01,1.022935271263122559e+00,8.536107540130615234e-01,8.699458837509155273e-01,1.156199574470520020e+00,8.521014451980590820e-01,1.052262425422668457e+00,9.307629466056823730e-01,1.089460015296936035e+00
1.204905509948730469e+00,1.048190593719482422e+00,7.811638116836547852e-01,7.851145863533020020e-01,1.391516089439392090e+00,9.699527621269226074e-01,1.035696268081665039e+00,9.142180085182189941e-01,1.022188305854797363e+00,2.761711478233337402e-01
1.177127361297607422e+00,1.646973967552185059e+00,6.486009359359741211e-01,1.271071076393127441e+00,1.105916142463684082e+00,8.597334027290344238e-01,7.798593640327453613e-01,7.038955092430114746e-01,1.171512484550476074e+00,7.936183214187622070e-01
8.189430236816406250e-01,6.815533638000488281e-01,7.864403724670410156e-01,7.959454059600830078e-01,4.230031967163085938e-01,9.510498642921447754e-01,5.230355262756347656e-01,5.255045890808105469e-01,6.567082405090332031e-01,8.843804001808166504e-01
-9.292891621589660645e-01,-8.545984625816345215e-01,-1.001352667808532715e+00,-1.545524239540100098e+00,-9.672548770904541016e-01,-6.064200401306152344e-01,-6.590016484260559082e-01,-4.596228599548339844e-01,-1.204588890075683594e+00,-1.220325231552124023e+00
-1.092499732971191406e+00,-8.524828553199768066e-01,-1.244750857353210449e+00,-1.013218879699707031e+00,-1.260050773620605469e+00,-4.300528168678283691e-01,-1.021950125694274902e+00,-1.103715181350708008e+00,-1.194071292877197266e+00,-9.314080476760864258e-01
1.213443875312805176e+00,7.419682145118713379e-01,6.350466609001159668e-01,6.657574772834777832e-01,9.765492677688598633e-01,3.874580264091491699e-01,1.354007601737976074e+00,8.462194800376892090e-01,7.631030082702636719e-01,1.002583146095275879e+00
1.323521733283996582e+00,1.117844462394714355e+00,1.083193063735961914e+00,1.043039798736572266e+00,8.199040889739990234e-01,6.164171099662780762e-01,9.363289475440979004e-01,1.097478151321411133e+00,1.152091860771179199e+00,8.778366446495056152e-01
8.601346015930175781e-01,1.861639499664306641e+00,1.279650688171386719e+00,5.042014122009277344e-01,6.240387558937072754e-01,1.368821859359741211e+00,7.786161899566650391e-01,1.052904605865478516e+00,8.884085416793823242e-01,5.698909163475036621e-01
-1.240018486976623535e+00,-1.070640802383422852e+00,-4.917520284652709961e-01,-9.945290088653564453e-01,-9.139821529388427734e-01,-6.990528106689453125e-01,-1.327879428863525391e+00,-1.164981603622436523e+00,-1.206755280494689941e+00,-4.595529437065124512e-01
-1.843230009078979492e+00,-7.629215121269226074e-01,-7.395983338356018066e-01,-1.431537866592407227e+00,-8.279686570167541504e-01,-1.206630229949951172e+00,-9.241507053375244141e-01,-6.307687163352966309e-01,-7.495803236961364746e-01,-1.302226185798645020e+00
-1.458183526992797852e+00,-7.534559965133666992e-01,-9.969941973686218262e-01,-7.538005113601684570e-01,-7.696474194526672363e-01,-1.264204978942871094e+00,-1.110304474830627441e+00,-1.431976318359375000e+00,-9.529975056648254395e-01,-1.598046064376831055e+00
-1.518907546997070312e+00,-8.680097460746765137e-01,-1.404465198516845703e+00,-1.559494733810424805e+00,-9.630638360977172852e-01,-2.852647006511688232e-01,-1.084573626518249512e+00,-5.620971322059631348e-01,-1.278090834617614746e+00,-1.160458803176879883e+00
-1.238838553428649902e+00,-6.364403963088989258e-01,-1.346936345100402832e+00,-7.736202478408813477e-01,-9.779648184776306152e-01,-9.843196272850036621e-01,-1.334620714187622070e+00,-8.248236179351806641e-01,-9.914186000823974609e-01,-7.374658584594726562e-01
8.322980403900146484e-01,7.924908995628356934e-01,1.131632685661315918e+00,1.139863133430480957e+00,2.690871953964233398e-01,9.619342684745788574e-01,9.911130070686340332e-01,4.505352079868316650e-01,1.077812075614929199e+00,6.915552020072937012e-01
1.241716265678405762e+00,1.150436401367187500e+00,1.008473515510559082e+00,7.794982790946960449e-01,1.442593336105346680e+00,7.391573190689086914e-01,8.261966109275817871e-01,1.088156104087829590e+00,8.976999521255493164e-01,8.123542070388793945e-01
1.057040214538574219e+00,1.337617397308349609e+00,1.028739452362060547e+00,1.088366270065307617e+00,1.051156282424926758e+00,1.080178499221801758e+00,1.056125402450561523e+00,8.809561133384704590e-01,1.231299757957458496e+00,1.212033390998840332e+00
-7.751139998435974121e-01,-1.110509037971496582e+00,-1.034403681755065918e+00,-1.117377519607543945e+00,-8.874939680099487305e-01,-1.078198909759521484e+00,-1.196563959121704102e+00,-1.084156513214111328e+00,-9.409700036048889160e-01,-1.122423648834228516e+00
1.218898773193359375e+00,9.423866868019104004e-01,7.723020315170288086e-01,8.514012694358825684e-01,1.827641248703002930e+00,8.302877545356750488e-01,1.077672481536865234e+00,1.385746359825134277e+00,5.494158267974853516e-01,6.770296692848205566e-01
-1.095443964004516602e+00,-1.181180119514465332e+00,-7.293819785118103027e-01,-8.236900568008422852e-01,-1.397943735122680664e+00,-8.316884636878967285e-01,-9.233186841011047363e-01,-7.279412150382995605e-01,-1.112834334373474121e+00,-1.293838858604431152e+00
-7.694169878959655762e-01,-1.160590171813964844e+00,-7.840906977653503418e-01,-5.468040108680725098e-01,-1.344334244728088379e+00,-1.080074071884155273e+00,-1.360547304153442383e+00,-9.753187298774719238e-01,-1.366989612579345703e+00,-6.912522315979003906e-01
9.982786178588867188e-01,1.114272475242614746e+00,7.817463874816894531e-01,7.641978263854980469e-01,9.928278326988220215e-01,1.079816937446594238e+00,1.067389845848083496e+00,6.399228572845458984e-01,1.064382553100585938e+00,1.282676219940185547e+00
9.459477663040161133e-01,1.232247233390808105e+00,7.372654676437377930e-01,1.073659896850585938e+00,7.702677249908447266e-01,1.074666023254394531e+00,1.152538537979125977e+00,6.702191233634948730e-01,1.322548031806945801e+00,6.662223339080810547e-01
7.894877195358276367e-01,1.424084782600402832e+00,1.287529349327087402e+00,9.672371745109558105e-01,9.465376138687133789e-01,7.895674109458923340e-01,1.292067170143127441e+00,8.181356191635131836e-01,8.792788386344909668e-01,1.195422649383544922e+00
9.716111421585083008e-01,1.442361354827880859e+00,1.046183943748474121e+00,1.029024720191955566e+00,7.763651013374328613e-01,9.708471298217773438e-01,1.549821138381958008e+00,6.772977113723754883e-01,1.368252158164978027e+00,6.928642988204956055e-01
4.396019577980041504e-01,1.682343840599060059e+00,1.252773880958557129e+00,1.217852115631103516e+00,1.181293487548828125e+00,9.795237779617309570e-01,9.152438044548034668e-01,1.313293695449829102e+00,9.729993939399719238e-01,7.960050702095031738e-01
-3.590251505374908447e-01,-7.939998507499694824e-01,-8.790845274925231934e-01,-7.733700275421142578e-01,-8.948426246643066406e-01,-8.504816889762878418e-01,-1.374028682708740234e+00,-1.258871436119079590e+00,-1.239211201667785645e+00,-1.257245302200317383e+00
6.774231791496276855e-01,1.194196939468383789e+00,9.181070327758789062e-01,8.788360953330993652e-01,5.891957283020019531e-01,1.219106197357177734e+00,7.950879931449890137e-01,8.232823610305786133e-01,1.443309068679809570e+00,9.465611577033996582e-01
-1.380482435226440430e+00,-7.419888973236083984e-01,-9.340404272079467773e-01,-8.370073437690734863e-01,-1.365168929100036621e+00,-1.239728450775146484e+00,-7.244307398796081543e-01,-6.840302348136901855e-01,-1.045115113258361816e+00,-1.020826458930969238e+00
5.043976902961730957e-01,1.719919323921203613e+00,1.049956798553466797e+00,5.606660842895507812e-01,1.082046270370483398e+00,2.490555942058563232e-01,1.032757997512817383e+00,1.371802926063537598e+00,1.214459061622619629e+00,1.081276774406433105e+00
1.012354016304016113e+00,1.061385869979858398e+00,9.768552780151367188e-01,1.287099123001098633e+00,7.988492846488952637e-01,5.846154093742370605e-01,9.847230315208435059e-01,9.664282798767089844e-01,1.321956634521484375e+00,1.364019274711608887e+00
1.113944053649902344e+00,7.921466231346130371e-01,1.214320659637451172e+00,9.660365581512451172e-01,7.689027786254882812e-01,8.372400999069213867e-01,1.359363675117492676e+00,5.805389285087585449e-01,1.424229145050048828e+00,1.143978476524353027e+00
4.352645874023437500e-01,5.073572993278503418e-01,1.416629999876022339e-01,1.093382716178894043e+00,8.434665799140930176e-01,1.104476571083068848e+00,8.723352551460266113e-01,1.525583982467651367e+00,5.102775692939758301e-01,6.409059166908264160e-01
1.136493206024169922e+00,1.154452800750732422e+00,8.566337823867797852e-01,8.873432278633117676e-01,1.341687083244323730e+00,7.158243656158447266e-01,1.030805110931396484e+00,1.017741799354553223e+00,1.273753523826599121e+00,1.001668691635131836e+00
1.144712209701538086e+00,1.103480815887451172e+00,8.531574606895446777e-01,8.167867660522460938e-01,1.168686628341674805e+00,1.275241136550903320e+00,7.640722393989562988e-01,8.170531392097473145e-01,1.227066040039062500e+00,7.663550376892089844e-01
7.615616917610168457e-01,1.465208053588867188e+00,1.386276841163635254e+00,1.216759443283081055e+00,1.250415682792663574e+00,7.800133228302001953e-01,1.122146844863891602e+00,5.953864455223083496e-01,1.351726531982421875e+00,1.022144198417663574e+00
1.228001356124877930e+00,1.202524065971374512e+00,1.198844194412231445e+00,1.369572281837463379e+00,1.040364861488342285e+00,1.208502888679504395e+00,8.967149257659912109e-01,6.532777547836303711e-01,8.669590353965759277e-01,5.950429439544677734e-01
-1.391848802566528320e+00,-1.172534465789794922e+00,-4.197113215923309326e-01,-1.102850914001464844e+00,-9.680857062339782715e-01,-1.716792941093444824e+00,-1.620572924613952637e+00,-9.495380520820617676e-01,-1.044790506362915039e+00,-9.302622079849243164e-01
-1.249748349189758301e+00,-7.738268971443176270e-01,-1.083856701850891113e+00,-6.057794094085693359e-01,-1.089967727661132812e+00,-1.294175505638122559e+00,-1.036792874336242676e+00,-7.995880842208862305e-01,-1.221139550209045410e+00,-1.099260210990905762e+00
1.042360544204711914e+00,1.447130560874938965e+00,8.588515520095825195e-01,9.434514045715332031e-01,1.021808743476867676e+00,6.316759586334228516e-01,1.221648693084716797e+00,1.297939896583557129e+00,1.103641986846923828e+00,9.479498863220214844e-01
-1.496250748634338379e+00,-1.166109323501586914e+00,-1.231435418128967285e+00,-9.437053203582763672e-01,-8.567006587982177734e-01,-7.742332816123962402e-01,-9.800805449485778809e-01,-1.308829665184020996e+00,-1.302632451057434082e+00,-9.073459506034851074e-01
5.809785127639770508e-01,1.261526942253112793e+00,7.079543471336364746e-01,1.616406679153442383e+00,7.722434401512145996e-01,1.074757099151611328e+00,7.764905095100402832e-01,5.976476073265075684e-01,8.028446435928344727e-01,1.387785077095031738e+00
1.261614441871643066e+00,1.301383972167968750e+00,6.440036296844482422e-01,1.151299238204956055e+00,1.267296791076660156e+00,1.011905193328857422e+00,1.121492266654968262e+00,7.199296355247497559e-01,1.140233635902404785e+00,9.825617671012878418e-01
8.135505318641662598e-01,1.556754469871520996e+00,1.296410322189331055e+00,1.240051031112670898e+00,7.831241488456726074e-01,9.743815660476684570e-01,7.013948559761047363e-01,1.151578664779663086e+00,1.028107881546020508e+00,7.724217772483825684e-01
7.035445570945739746e-01,8.093200922012329102e-01,8.661934733390808105e-01,1.001918196678161621e+00,1.069279193878173828e+00,1.091629624366760254e+00,9.018054604530334473e-01,1.139768719673156738e+00,1.207266449928283691e+00,6.550049185752868652e-01
9.081111550331115723e-01,1.109726905822753906e+00,1.203288078308105469e+00,1.402405142784118652e+00,1.008509635925292969e+00,7.260223031044006348e-01,9.069787859916687012e-01,1.068058133125305176e+00,8.885294198989868164e-01,1.027732849121093750e+00
9.382264614105224609e-01,9.752118587493896484e-01,9.787973165512084961e-01,1.163502812385559082e+00,9.957408308982849121e-01,4.332351386547088623e-01,1.147564291954040527e+00,1.421228766441345215e+00,8.374320864677429199e-01,1.239397883415222168e+00
8.639290928840637207e-01,1.273977398872375488e+00,1.422209143638610840e+00,1.042439699172973633e+00,1.496762394905090332e+00,9.570995569229125977e-01,1.371182560920715332e+00,6.989643573760986328e-01,9.656519293785095215e-01,5.156022906303405762e-01
-7.109804749488830566e-01,-1.347882628440856934e+00,-7.435905933380126953e-01,-8.926175236701965332e-01,-8.718602061271667480e-01,-9.790291190147399902e-01,-9.839766025543212891e-01,-1.538825035095214844e+00,-5.116522908210754395e-01,-1.130094170570373535e+00
-1.331668734550476074e+00,-7.678542137145996094e-01,-9.811385273933410645e-01,-1.315544605255126953e+00,-1.343660235404968262e+00,-7.188276648521423340e-01,-1.610556721687316895e+00,-7.939725518226623535e-01,-6.623187065124511719e-01,-1.105867385864257812e+00
1.529463887214660645e+00,1.320456862449645996e+00,9.711642265319824219e-01,1.016033887863159180e+00,1.310377478599548340e+00,6.925664544105529785e-01,1.074842810630798340e+00,5.167829394340515137e-01,1.036687254905700684e+00,1.208073019981384277e+00
-1.138305187225341797e+00,-1.033557176589965820e+00,-1.168018579483032227e+00,-9.975011944770812988e-01,-1.541170239448547363e+00,-7.942847013473510742e-01,-1.182682871818542480e+00,-1.145412802696228027e+00,-8.424207568168640137e-01,-1.271127939224243164e+00
-1.053690910339355469e+00,-8.653817176818847656e-01,-1.159615755081176758e+00,-6.974939107894897461e-01,-1.459141373634338379e+00,-7.940180897712707520e-01,-1.204352617263793945e+00,-1.246356606483459473e+00,-6.495329737663269043e-01,-9.309020638465881348e-01
7.168427705764770508e-01,1.535245299339294434e+00,1.012376308441162109e+00,1.304289579391479492e+00,8.645039200782775879e-01,7.878814935684204102e-01,6.997854113578796387e-01,1.040215253829956055e+00,1.443229675292968750e+00,1.373256802558898926e+00
6.883791089057922363e-01,1.074853062629699707e+00,1.534268379211425781e+00,1.020974397659301758e+00,1.655665040016174316e+00,1.003545641899108887e+00,6.315280199050903320e-01,1.333452582359313965e+00,7.780376672744750977e-01,8.248224258422851562e-01
-1.058371901512145996e+00,-1.174059629440307617e+00,-3.771516978740692139e-01,-8.994200825691223145e-01,-1.754024386405944824e+00,-7.446587085723876953e-01,-9.205080270767211914e-01,-8.949725627899169922e-01,-9.564980864524841309e-01,-1.139843940734863281e+00
7.811095118522644043e-01,8.979212641716003418e-01,5.438491106033325195e-01,1.016789436340332031e+00,1.379549860954284668e+00,8.509308695793151855e-01,1.422882556915283203e+00,1.370344281196594238e+00,1.100372195243835449e+00,1.137494325637817383e+00
7.413544654846191406e-01,1.630733728408813477e+00,1.042557120323181152e+00,1.264748811721801758e+00,8.129102587699890137e-01,9.397884607315063477e-01,1.373693585395812988e+00,1.280631422996520996e+00,1.023259282112121582e+00,1.277088284492492676e+00
7.021870613098144531e-01,1.180688500404357910e+00,1.074097156524658203e+00,9.690123200416564941e-01,9.070217013359069824e-01,1.385632872581481934e+00,9.706619977951049805e-01,1.081177473068237305e+00,1.129064679145812988e+00,9.775499105453491211e-01
-1.299340248107910156e+00,-7.431016564369201660e-01,-1.365885496139526367e+00,-9.611642360687255859e-01,-1.108518838882446289e+00,-7.017523050308227539e-01,-3.406565189361572266e-01,-6.603592038154602051e-01,-7.844755053520202637e-01,-1.680370926856994629e+00
-1.509471535682678223e+00,-1.047256350517272949e+00,-1.171400427818298340e+00,-9.787781834602355957e-01,-6.690842509269714355e-01,-4.992765784263610840e-01,-1.714868664741516113e+00,-8.347896933555603027e-01,-5.613196492195129395e-01,-1.949002027511596680e+00
-1.490824103355407715e+00,-5.217483043670654297e-01,-1.357762217521667480e+00,-1.048656940460205078e+00,-7.607886195182800293e-01,-9.564778804779052734e-01,-1.532716155052185059e+00,-8.144297599792480469e-01,-9.152770638465881348e-01,-1.299906849861145020e+00
1.136119604110717773e+00,7.793810963630676270e-01,1.449488282203674316e+00,1.188904762268066406e+00,1.477924942970275879e+00,9.405320882797241211e-01,9.201097488403320312e-01,1.444385170936584473e+00,1.088620781898498535e+00,4.449117481708526611e-01
8.269218206405639648e-01,1.299475431442260742e+00,7.746013998985290527e-01,6.055829524993896484e-01,9.686650037765502930e-01,7.986345887184143066e-01,8.220130205154418945e-01,8.714033961296081543e-01,9.346140623092651367e-01,1.512421250343322754e+00
-9.992659687995910645e-01,-1.021664261817932129e+00,-9.755101203918457031e-01,-1.037228226661682129e+00,-8.687969446182250977e-01,-7.486368417739868164e-01,-9.843827486038208008e-01,-7.601929306983947754e-01,-1.492211818695068359e+00,-1.062537789344787598e+00
-1.072763323783874512e+00,-1.038779616355895996e+00,-6.270956993103027344e-01,-1.133446693420410156e+00,-1.277419328689575195e+00,-6.471195220947265625e-01,-1.565052628517150879e+00,-1.159956574440002441e+00,-7.599605917930603027e-01,-1.322709321975708008e+00
1.103722929954528809e+00,1.295948743820190430e+00,1.216911911964416504e+00,1.551034450531005859e+00,9.701974391937255859e-01,1.101408839225769043e+00,1.218542695045471191e+00,8.065893650054931641e-01,1.170944571495056152e+00,7.382360696792602539e-01
1.168284773826599121e+00,1.077860474586486816e+00,3.608936667442321777e-01,1.292535424232482910e+00,1.061202764511108398e+00,1.083410859107971191e+00,9.105346798896789551e-01,9.154163002967834473e-01,1.036963701248168945e+00,1.002014040946960449e+00
1.059882521629333496e+00,1.490421414375305176e+00,3.840093612670898438e-01,9.060155749320983887e-01,1.211716175079345703e+00,4.070847034454345703e-01,1.092323422431945801e+00,9.698855280876159668e-01,1.241619110107421875e+00,8.959762454032897949e-01
-1.082863092422485352e+00,-6.088852882385253906e-01,-8.496718406677246094e-01,-1.200018763542175293e+00,-8.534336686134338379e-01,-6.310694217681884766e-01,-1.436240434646606445e+00,-1.460339665412902832e+00,-7.819983363151550293e-01,-1.418494582176208496e+00
-1.195945382118225098e+00,-6.597657799720764160e-01,-1.177262187004089355e+00,-7.069934606552124023e-01,-9.822775125503540039e-01,-1.168858408927917480e+00,-7.778704762458801270e-01,-1.220950245857238770e+00,-1.055444121360778809e+00,-9.164429903030395508e-01
-7.864076495170593262e-01,-9.159319400787353516e-01,-1.117687344551086426e+00,-1.328795909881591797e+00,-9.843116402626037598e-01,-1.195426702499389648e+00,-7.525683641433715820e-01,-7.103269100189208984e-01,-1.207770347595214844e+00,-9.481673240661621094e-01
7.704513072967529297e-01,1.265504717826843262e+00,1.041170120239257812e+00,8.812910914421081543e-01,1.154410958290100098e+00,9.137109518051147461e-01,8.361974358558654785e-01,1.071258544921875000e+00,7.839250564575195312e-01,8.844683766365051270e-01
-9.911789298057556152e-01,-1.368877053260803223e+00,-1.572878360748291016e+00,-6.371464729309082031e-01,-1.230920672416687012e+00,-7.120102047920227051e-01,-7.863849401473999023e-01,-1.513264179229736328e+00,-1.260691881179809570e+00,-6.635513901710510254e-01
5.988080501556396484e-01,1.182138323783874512e+00,9.970287680625915527e-01,1.284846305847167969e+00,8.641232252120971680e-01,1.042590141296386719e+00,1.100899815559387207e+00,1.080339670181274414e+00,8.021041750907897949e-01,1.122661113739013672e+00
8.435418605804443359e-01,7.473135590553283691e-01,7.791563868522644043e-01,1.111908674240112305e+00,1.640126943588256836e+00,1.037024259567260742e+00,8.275622129440307617e-01,1.020019650459289551e+00,8.457433581352233887e-01,8.383553624153137207e-01
7.675510644912719727e-01,1.416309475898742676e+00,7.957924604415893555e-01,5.273728370666503906e-01,4.119597971439361572e-01,9.970125555992126465e-01,1.817120909690856934e+00,9.378701448440551758e-01,9.966226816177368164e-01,6.305257678031921387e-01
-1.189178109169006348e+00,-1.093422055244445801e+00,-1.097948193550109863e+00,-9.487212896347045898e-01,-7.554662823677062988e-01,-9.839732050895690918e-01,-1.584120750427246094e+00,-1.307538032531738281e+00,-7.150107026100158691e-01,-6.755419373512268066e-01
-7.841541767120361328e-01,-1.196586489677429199e+00,-9.311433434486389160e-01,-7.363603711128234863e-01,-4.231369793415069580e-01,-6.780362129211425781e-01,-1.576606273651123047e+00,-1.358951807022094727e+00,-2.904756665229797363e-01,-1.292480587959289551e+00
1.314425826072692871e+00,1.136803507804870605e+00,1.205880761146545410e+00,9.304203987121582031e-01,4.528659284114837646e-01,9.876118898391723633e-01,1.040250062942504883e+00,9.708324670791625977e-01,1.319014549255371094e+00,9.957140088081359863e-01
1.114213585853576660e+00,9.484365582466125488e-01,1.020988225936889648e+00,9.177885651588439941e-01,7.795469164848327637e-01,8.730483055114746094e-01,1.584067583084106445e+00,1.145025730133056641e+00,1.359695792198181152e+00,9.965912699699401855e-01
1.154997587203979492e+00,1.397806763648986816e+00,1.373183608055114746e+00,1.286006569862365723e+00,1.100129842758178711e+00,9.980459809303283691e-01,9.995799660682678223e-01,6.457889676094055176e-01,1.213951468467712402e+00,1.126148343086242676e+00
-9.994992017745971680e-01,-1.139763712882995605e+00,-9.012603759765625000e-01,-1.272188425064086914e+00,-1.459538340568542480e+00,-8.674863576889038086e-01,-1.359373569488525391e+00,-7.029522061347961426e-01,-9.344446659088134766e-01,-1.140283703804016113e+00
8.959466218948364258e-01,1.212654829025268555e+00,1.037864446640014648e+00,7.654832601547241211e-01,1.080044150352478027e+00,1.008557558059692383e+00,1.083156228065490723e+00,1.784253478050231934e+00,1.357613921165466309e+00,1.182219862937927246e+00
-1.072980642318725586e+00,-1.049830794334411621e+00,-9.366960525512695312e-01,-6.583126783370971680e-01,-9.995032548904418945e-01,-9.060694575309753418e-01,-1.275332570075988770e+00,-1.301484704017639160e+00,-1.112152218818664551e+00,-9.230412244796752930e-01
-8.969764709472656250e-01,-1.115367650985717773e+00,-1.097641825675964355e+00,-6.500798463821411133e-01,-6.601357460021972656e-01,-6.371770501136779785e-01,-7.635276913642883301e-01,-9.723564386367797852e-01,-1.127552628517150879e+00,-1.276096940040588379e+00
-1.408072471618652344e+00,-5.656814575195312500e-01,-1.362905979156494141e+00,-8.638766407966613770e-01,-1.138021588325500488e+00,-1.087125301361083984e+00,-1.021604180335998535e+00,-1.453412532806396484e+00,-7.639383673667907715e-01,-1.084053039550781250e+00
-8.730507493019104004e-01,-1.319809675216674805e+00,-8.987455964088439941e-01,-8.333912491798400879e-01,-1.304695725440979004e+00,-9.064846038818359375e-01,-6.588128805160522461e-01,-7.104416489601135254e-01,-1.191394448280334473e+00,-1.194050073623657227e+00
1.466199755668640137e-01,8.904505968093872070e-01,6.723038554191589355e-01,1.330520391464233398e+00,7.072768807411193848e-01,1.057923555374145508e+00,1.102615714073181152e+00,4.959889054298400879e-01,1.417880415916442871e+00,1.158743143081665039e+00
-7.447021603584289551e-01,-9.657014608383178711e-01,-6.661464571952819824e-01,-9.325180053710937500e-01,-5.555177330970764160e-01,-5.559155941009521484e-01,-4.926900863647460938e-01,-8.020487427711486816e-01,-1.700093984603881836e+00,-1.586960673332214355e+00
7.490584254264831543e-01,1.117254734039306641e+00,9.869936704635620117e-01,1.155337929725646973e+00,1.075866580009460449e+00,6.859514713287353516e-01,1.076984882354736328e+00,8.806460499763488770e-01,1.010419726371765137e+00,1.395790338516235352e+00
-1.220156908035278320e+00,-1.262697339057922363e+00,-9.932681918144226074e-01,-6.615310311317443848e-01,-1.270295739173889160e+00,-1.306810617446899414e+00,-9.697347879409790039e-01,-1.010857343673706055e+00,-1.287549495697021484e+00,-1.204925298690795898e+00
-1.148742914199829102e+00,-9.246972799301147461e-01,-1.295872449874877930e+00,-1.222887277603149414e+00,-9.434190988540649414e-01,-6.171780824661254883e-01,-1.189796090126037598e+00,-9.589288234710693359e-01,-7.954504489898681641e-01,-1.423666238784790039e+00
1.048673033714294434e+00,1.100475311279296875e+00,9.838208556175231934e-01,1.200929760932922363e+00,1.214157938957214355e+00,1.208657503128051758e+00,7.611515522003173828e-01,9.876564741134643555e-01,1.157210707664489746e+00,9.583188891410827637e-01
-1.257922530174255371e+00,-6.732723712921142578e-01,-1.324596524238586426e+00,-9.862694740295410156e-01,-1.130499839782714844e+00,-6.748923659324645996e-01,-1.141812086105346680e+00,-1.355234026908874512e+00,-1.101221919059753418e+00,-7.065992951393127441e-01
1.118388175964355469e+00,8.557660579681396484e-01,1.253577709197998047e+00,9.313104152679443359e-01,8.894534111022949219e-01,8.624634146690368652e-01,8.950821161270141602e-01,1.132465481758117676e+00,6.006905436515808105e-01,8.008869886398315430e-01
-1.173885941505432129e+00,-1.368551969528198242e+00,-2.713039815425872803e-01,-1.227566719055175781e+00,-1.423514842987060547e+00,-5.446594953536987305e-01,-1.263652682304382324e+00,-1.004700303077697754e+00,-7.702908515930175781e-01,-1.567751407623291016e+00
1.593482017517089844e+00,1.008561253547668457e+00,6.335446834564208984e-01,1.105504751205444336e+00,1.058469414710998535e+00,9.857274889945983887e-01,1.156694054603576660e+00,7.568276524543762207e-01,1.363285303115844727e+00,4.040498733520507812e-01
6.548272371292114258e-01,7.885672450065612793e-01,6.358293890953063965e-01,9.441511631011962891e-01,5.730149149894714355e-01,5.400210022926330566e-01,4.354122579097747803e-01,4.599891006946563721e-01,1.074482202529907227e+00,7.927432060241699219e-01
-1.317371964454650879e+00,-9.982243180274963379e-01,-3.958192467689514160e-01,-1.390177130699157715e+00,-9.328126907348632812e-01,-1.212750673294067383e+00,-1.634405612945556641e+00,-1.029007673263549805e+00,-1.165563821792602539e+00,-6.456070542335510254e-01
-1.290249705314636230e+00,-1.286267995834350586e+00,-1.568590879440307617e+00,-6.608178019523620605e-01,-1.215815067291259766e+00,-6.159567236900329590e-01,-5.007504224777221680e-01,-8.132594227790832520e-01,-9.996150732040405273e-01,-1.219733715057373047e+00
5.055025219917297363e-01,1.737673282623291016e+00,9.443460702896118164e-01,1.193244338035583496e+00,3.598322868347167969e-01,2.669816911220550537e-01,5.122299194335937500e-01,9.216198921203613281e-01,5.504671931266784668e-01,1.278020262718200684e+00
-2.077016830444335938e-01,-7.746896743774414062e-01,-2.518163323402404785e-01,-6.599153280258178711e-01,-6.478111743927001953e-01,-5.453023314476013184e-01,-3.932697474956512451e-01,-9.997070431709289551e-01,-5.113482475280761719e-01,-1.235591992735862732e-01
-1.556502223014831543e+00,-7.729470729827880859e-01,-1.496316552162170410e+00,-7.901145815849304199e-01,-1.109333634376525879e+00,-1.031475782394409180e+00,-1.332089185714721680e+00,-7.984983921051025391e-01,-6.892588734626770020e-01,-1.009606957435607910e+00
-1.646675467491149902e+00,-1.271499991416931152e+00,-1.096748709678649902e+00,-1.350724935531616211e+00,-8.195776939392089844e-01,-8.564935326576232910e-01,-1.083259344100952148e+00,-8.673625588417053223e-01,-1.113285303115844727e+00,-1.230736613273620605e+00
-7.720130681991577148e-01,-1.241716146469116211e+00,-8.132790923118591309e-01,-8.385299444198608398e-01,-1.050355315208435059e+00,-7.420605421066284180e-01,-9.881709814071655273e-01,-1.559716939926147461e+00,-1.267121553421020508e+00,-1.037997007369995117e+00
-1.256745338439941406e+00,-9.013871550559997559e-01,-4.826997816562652588e-01,-1.159846305847167969e+00,-1.454775452613830566e+00,-1.097223401069641113e+00,-9.636628031730651855e-01,-7.901335358619689941e-01,-8.972598314285278320e-01,-1.062101125717163086e+00
8.474197983741760254e-01,1.436041831970214844e+00,9.993981122970581055e-01,8.482412695884704590e-01,1.052621960639953613e+00,6.894360184669494629e-01,1.034606933593750000e+00,1.450547814369201660e+00,1.306043624877929688e+00,1.148079991340637207e+00
1.270336508750915527e+00,1.279631614685058594e+00,9.556879401206970215e-01,9.060686826705932617e-01,1.631879925727844238e+00,1.104059338569641113e+00,1.128974437713623047e+00,9.802246689796447754e-01,8.260233402252197266e-01,4.624239504337310791e-01
-1.071439146995544434e+00,-1.139806985855102539e+00,-1.213855266571044922e+00,-1.019830465316772461e+00,-9.821398258209228516e-01,-8.726885318756103516e-01,-1.100739717483520508e+00,-1.077447295188903809e+00,-4.342522323131561279e-01,-9.956048727035522461e-01
5.532735586166381836e-01,9.252250790596008301e-01,1.450719237327575684e+00,1.353131532669067383e+00,1.176715612411499023e+00,6.443278789520263672e-01,1.195292592048645020e+00,9.248430728912353516e-01,1.120615601539611816e+00,1.115015745162963867e+00
1.141812205314636230e+00,1.578862667083740234e+00,1.183297991752624512e+00,4.662131369113922119e-01,1.283365488052368164e+00,8.385301828384399414e-01,1.474956989288330078e+00,1.234334111213684082e+00,1.270066857337951660e+00,6.052590608596801758e-01
6.980304121971130371e-01,1.379039406776428223e+00,1.384470939636230469e+00,1.127750039100646973e+00,1.048472285270690918e+00,1.183111906051635742e+00,7.329501509666442871e-01,1.186963558197021484e+00,7.546432018280029297e-01,1.479264855384826660e+00
1.111020803451538086e+00,1.568551540374755859e+00,8.128916025161743164e-01,8.470068573951721191e-01,7.457856535911560059e-01,1.062722563743591309e+00,1.217905879020690918e+00,1.392275214195251465e+00,1.204504489898681641e+00,1.185638666152954102e+00
-5.194692015647888184e-01,-8.337386846542358398e-01,-4.698087275028228760e-01,-8.051734566688537598e-01,-6.272587180137634277e-01,-1.132176756858825684e+00,-1.923690557479858398e+00,-1.011872172355651855e+00,-1.127616643905639648e+00,-4.429880976676940918e-01
-1.458166718482971191e+00,-1.068521499633789062e+00,-1.483130455017089844e+00,-1.062079548835754395e+00,-9.818919897079467773e-01,-5.926165580749511719e-01,-1.340153932571411133e+00,-1.153118968009948730e+00,-8.250860571861267090e-01,-9.885242581367492676e-01
-1.073524594306945801e+00,-8.672597408294677734e-01,-6.184198260307312012e-01,-1.327583074569702148e+00,-1.389764785766601562e+00,-7.523877620697021484e-01,-1.495061278343200684e+00,-1.372937679290771484e+00,-1.663492679595947266e+00,-1.891173839569091797e+00
1.451167464256286621e+00,1.160444617271423340e+00,6.531397104263305664e-01,1.224066853523254395e+00,1.590775966644287109e+00,8.785431981086730957e-01,8.508089780807495117e-01,8.791393637657165527e-01,8.404701352119445801e-01,9.231498241424560547e-01
-1.445603251457214355e+00,-1.422354936599731445e+00,-5.590869784355163574e-01,-1.147229433059692383e+00,-1.088041305541992188e+00,-9.025516510009765625e-01,-1.502142071723937988e+00,-9.790108799934387207e-01,-7.605617046356201172e-01,-1.091571092605590820e+00
5.331745743751525879e-01,8.414202928543090820e-01,4.717126488685607910e-01,5.150421261787414551e-01,6.730692386627197266e-01,8.833140879869461060e-02,8.517889976501464844e-01,5.450102090835571289e-01,5.716019272804260254e-01,8.700956106185913086e-01
8.770570158958435059e-01,1.525058031082153320e+00,8.313131332397460938e-01,1.316970944404602051e+00,1.337584495544433594e+00,1.737021207809448242e-01,1.376155853271484375e+00,1.440813779830932617e+00,8.608427643775939941e-01,1.196750760078430176e+00
9.225104451179504395e-01,1.645704865455627441e+00,1.170508384704589844e+00,1.118489742279052734e+00,1.184060573577880859e+00,1.008394360542297363e+00,1.135926842689514160e+00,7.918826937675476074e-01,4.832471609115600586e-01,9.773987531661987305e-01
-1.142102479934692383e+00,-7.704851627349853516e-01,-8.644441366195678711e-01,-8.583827614784240723e-01,-8.834232687950134277e-01,-5.182573199272155762e-01,-1.061490774154663086e+00,-9.955245852470397949e-01,-6.158494353294372559e-01,-1.342837452888488770e+00
1.240376710891723633e+00,1.207815051078796387e+00,5.285279750823974609e-01,1.110297322273254395e+00,1.150683403015136719e+00,7.368299961090087891e-01,9.176647663116455078e-01,1.396102070808410645e+00,1.181669831275939941e+00,1.188253998756408691e+00
1.115414619445800781e+00,1.559954762458801270e+00,1.288196921348571777e+00,7.771600484848022461e-01,1.191009998321533203e+00,9.729552865028381348e-01,1.242310404777526855e+00,9.779428839683532715e-01,8.494105339050292969e-01,5.989397168159484863e-01
1.341878771781921387e+00,1.356901526451110840e+00,9.713617563247680664e-01,9.844472408294677734e-01,1.025898337364196777e+00,1.235618472099304199e+00,8.064073324203491211e-01,1.203819155693054199e+00,8.968132734298706055e-01,7.390444278717041016e-01
-1.129846096038818359e+00,-1.339999794960021973e+00,-1.478142142295837402e+00,-5.245929956436157227e-01,-1.309062361717224121e+00,-1.065407156944274902e+00,-1.153123617172241211e+00,-5.302598476409912109e-01,-1.243038773536682129e+00,-1.073267936706542969e+00
7.680903673171997070e-01,1.893079638481140137e+00,1.165401697158813477e+00,1.010676264762878418e+00,7.428871989250183105e-01,5.382553339004516602e-01,1.538798809051513672e+00,8.317372202873229980e-01,4.492324888706207275e-01,1.196371078491210938e+00
3.371886610984802246e-01,1.239477753639221191e+00,7.465018630027770996e-01,5.951583385467529297e-01,8.055478334426879883e-01,7.711251378059387207e-01,1.311030268669128418e+00,1.337753772735595703e+00,1.310885310173034668e+00,8.846938014030456543e-01
-1.244972586631774902e+00,-1.015193462371826172e+00,-1.127268671989440918e+00,-1.265874147415161133e+00,-7.752658128738403320e-01,-1.017895340919494629e+00,-1.400398373603820801e+00,-4.910021126270294189e-01,-8.337546586990356445e-01,-1.061421394348144531e+00
-9.418779611587524414e-01,-7.256830930709838867e-01,-7.628829479217529297e-01,-1.148738980293273926e+00,-7.541679739952087402e-01,-1.363795518875122070e+00,-1.237155079841613770e+00,-8.828859925270080566e-01,-1.309730768203735352e+00,-4.820671081542968750e-01
5.140027403831481934e-01,1.238588809967041016e+00,9.766871333122253418e-01,1.306781172752380371e+00,9.864354133605957031e-01,1.106953859329223633e+00,1.436090707778930664e+00,1.150140523910522461e+00,6.261267662048339844e-01,1.371075749397277832e+00
1.069461107254028320e+00,1.575940728187561035e+00,7.053848505020141602e-01,9.547622203826904297e-01,1.127636790275573730e+00,9.095233082771301270e-01,9.285236597061157227e-01,1.267269015312194824e+00,1.108112215995788574e+00,1.317877531051635742e+00
-1.335922002792358398e+00,-8.655138015747070312e-01,-1.008459806442260742e+00,-1.587487816810607910e+00,-9.781095981597900391e-01,-1.266215801239013672e+00,-8.668708205223083496e-01,-8.494119644165039062e-01,-9.609272480010986328e-01,-1.206345438957214355e+00
1.041120409965515137e+00,1.087518334388732910e+00,1.379916191101074219e+00,8.790116906166076660e-01,8.580570816993713379e-01,6.884059906005859375e-01,8.870183229446411133e-01,1.579162597656250000e+00,7.922784090042114258e-01,1.068864941596984863e+00
1.300151705741882324e+00,7.941398024559020996e-01,1.174715757369995117e+00,1.091621279716491699e+00,8.076788187026977539e-01,8.936260938644409180e-01,9.171925783157348633e-01,1.147015333175659180e+00,9.100833535194396973e-01,7.532303333282470703e-01
8.576305508613586426e-01,1.110831737518310547e+00,6.223116517066955566e-01,1.208108544349670410e+00,9.183957576751708984e-01,9.419022202491760254e-01,1.512431979179382324e+00,7.139067053794860840e-01,1.073697566986083984e+00,8.770721554756164551e-01
1.277201652526855469e+00,1.289586067199707031e+00,9.752709865570068359e-01,1.058332562446594238e+00,9.732003808021545410e-01,1.158657431602478027e+00,9.113489985466003418e-01,1.021272420883178711e+00,9.560036063194274902e-01,4.952326714992523193e-01
1.149824380874633789e+00,7.879718542098999023e-01,7.422694563865661621e-01,5.692864656448364258e-01,8.084707260131835938e-01,8.972458839416503906e-01,1.146405458450317383e+00,6.970327496528625488e-01,1.432493686676025391e+00,8.405289053916931152e-01
1.133023262023925781e+00,8.159046769142150879e-01,8.154460191726684570e-01,1.280773997306823730e+00,1.401279211044311523e+00,1.006319761276245117e+00,9.514526128768920898e-01,1.227017164230346680e+00,6.700454950332641602e-01,9.747008085250854492e-01
1.108325481414794922e+00,1.227537155151367188e+00,9.897757172584533691e-01,1.058339953422546387e+00,1.411090731620788574e+00,9.614422321319580078e-01,1.132330179214477539e+00,1.228764414787292480e+00,1.396386265754699707e+00,4.238396584987640381e-01
-1.114170551300048828e+00,-7.941293716430664062e-01,-1.049553513526916504e+00,-9.236575365066528320e-01,-1.564761877059936523e+00,-1.165278553962707520e+00,-1.109922051429748535e+00,-1.388003230094909668e+00,-1.151217818260192871e+00,-7.768594622611999512e-01
-1.394979238510131836e+00,-8.298799991607666016e-01,-1.164586186408996582e+00,-1.330618858337402344e+00,-1.024064421653747559e+00,-9.564510583877563477e-01,-1.256319165229797363e+00,-9.706996083259582520e-01,-5.936291813850402832e-01,-1.062626242637634277e+00
-1.334739208221435547e+00,-1.034990549087524414e+00,-1.298171758651733398e+00,-1.026385903358459473e+00,-8.061843514442443848e-01,-9.624149203300476074e-01,-1.474031090736389160e+00,-1.221533417701721191e+00,-1.212298154830932617e+00,-1.025673151016235352e+00
8.821974396705627441e-01,1.004358053207397461e+00,8.229209184646606445e-01,1.139544129371643066e+00,1.378483772277832031e+00,8.068075180053710938e-01,1.285184025764465332e+00,1.282287001609802246e+00,9.128581285476684570e-01,5.930351614952087402e-01
-7.215757966041564941e-01,-1.022519350051879883e+00,-1.375432372093200684e+00,-9.775470495223999023e-01,-1.182511687278747559e+00,-1.090312957763671875e+00,-8.981062173843383789e-01,-1.309259176254272461e+00,-4.867748916149139404e-01,-1.839169263839721680e+00
-1.222783088684082031e+00,-1.236342787742614746e+00,-9.353349804878234863e-01,-1.384031891822814941e+00,-4.225360453128814697e-01,-3.172777295112609863e-01,-1.546540260314941406e+00,-7.022009491920471191e-01,-1.327947020530700684e+00,-1.104462504386901855e+00
9.523520469665527344e-01,8.869704008102416992e-01,7.905452847480773926e-01,6.677966117858886719e-01,8.609538674354553223e-01,1.506534099578857422e+00,7.530315518379211426e-01,1.147479653358459473e+00,1.115336179733276367e+00,6.576472520828247070e-01
9.733973145484924316e-01,1.174233198165893555e+00,9.092426896095275879e-01,1.052968621253967285e+00,1.319783091545104980e+00,1.284686923027038574e+00,1.097737669944763184e+00,9.598318338394165039e-01,9.151564836502075195e-01,7.845554351806640625e-01
-1.500350117683410645e+00,-1.010414123535156250e+00,-8.005713224411010742e-01,-9.771462678909301758e-01,-9.576442837715148926e-01,-6.976291537284851074e-01,-9.487770795822143555e-01,-1.085101008415222168e+00,-7.126536369323730469e-01,-1.598900675773620605e+00
-1.219939351081848145e+00,-1.257519245147705078e+00,-1.359683513641357422e+00,-8.818723261356353760e-02,-4.692718982696533203e-01,-1.214645385742187500e+00,-8.217186927795410156e-01,-1.123942375183105469e+00,-9.753286838531494141e-01,-1.089102745056152344e+00
1.576057553291320801e+00,1.466553688049316406e+00,1.145787477493286133e+00,1.127640604972839355e+00,4.110282957553863525e-01,9.422098994255065918e-01,9.311577677726745605e-01,8.318787217140197754e-01,1.358248710632324219e+00,1.100467920303344727e+00
9.049366116523742676e-01,7.579385638236999512e-01,6.549541950225830078e-01,1.174930453300476074e+00,1.604194641113281250e+00,1.034611225128173828e+00,6.928610205650329590e-01,9.008902311325073242e-01,8.214855194091796875e-01,4.914429783821105957e-01
1.077324509620666504e+00,1.420801997184753418e+00,1.403430104255676270e+00,1.172351837158203125e+00,1.316249370574951172e+00,2.897248864173889160e-01,8.255683183670043945e-01,1.045844435691833496e+00,1.156088829040527344e+00,1.306238412857055664e+00
-9.467722773551940918e-01,-5.489755272865295410e-01,-9.391269087791442871e-01,-8.182196021080017090e-01,-9.384726285934448242e-01,-6.201894283294677734e-01,-9.383306503295898438e-01,-8.739345669746398926e-01,-1.145224213600158691e+00,-9.653407931327819824e-01
1.326962113380432129e+00,1.032911062240600586e+00,9.217093586921691895e-01,1.418088197708129883e+00,9.991423487663269043e-01,5.747575759887695312e-01,4.526021480560302734e-01,2.938887476921081543e-01,6.937487125396728516e-01,8.285968899726867676e-01
-7.925862073898315430e-01,-6.355003714561462402e-01,-7.203249931335449219e-01,-4.077900201082229614e-02,-9.099133610725402832e-01,-8.213689327239990234e-01,-1.106746912002563477e+00,-9.292082786560058594e-01,-8.793860673904418945e-01,-5.008708834648132324e-01
7.190345525741577148e-01,1.154513835906982422e+00,1.016222953796386719e+00,9.664031863212585449e-01,8.752994537353515625e-01,1.366312623023986816e+00,1.199239492416381836e+00,6.693483591079711914e-01,8.860733509063720703e-01,1.176424384117126465e+00
-5.599747896194458008e-01,-1.145902156829833984e+00,-5.164837241172790527e-01,-6.317957043647766113e-01,-7.373521327972412109e-01,-6.903311610221862793e-01,-7.555497884750366211e-01,-1.213872909545898438e+00,-1.244856953620910645e+00,-6.291108131408691406e-01
1.275242686271667480e+00,1.043440461158752441e+00,5.298464894294738770e-01,1.351273775100708008e+00,1.449760437011718750e+00,4.191631674766540527e-01,1.225025415420532227e+00,1.344197869300842285e+00,1.082927942276000977e+00,5.574244260787963867e-01
-1.267933845520019531e+00,-1.679756045341491699e+00,-1.003800988197326660e+00,-1.417208313941955566e+00,-4.997755587100982666e-01,-1.218714833259582520e+00,-1.605194330215454102e+00,-6.848429441452026367e-01,-1.319649100303649902e+00,-1.171468019485473633e+00
1.043295025825500488e+00,1.092054724693298340e+00,1.255223155021667480e+00,1.059889078140258789e+00,7.731868624687194824e-01,1.410137295722961426e+00,7.021903395652770996e-01,1.314352989196777344e+00,1.041122674942016602e+00,1.123576998710632324e+00
1.098421096801757812e+00,7.758213281631469727e-01,9.517912268638610840e-01,1.092298865318298340e+00,1.731273531913757324e+00,1.171692728996276855e+00,8.777814507484436035e-01,1.062217950820922852e+00,5.711690187454223633e-01,4.232997000217437744e-01
1.099791646003723145e+00,1.561243534088134766e+00,5.667415261268615723e-01,1.102541208267211914e+00,1.262487769126892090e+00,1.116792321205139160e+00,7.227806448936462402e-01,4.475039839744567871e-01,1.249090790748596191e+00,4.159090518951416016e-01
-1.051165699958801270e+00,-8.622490167617797852e-01,-1.549410223960876465e+00,-9.819111227989196777e-01,-1.131816506385803223e+00,-8.905372619628906250e-01,-1.538477420806884766e+00,-1.117513418197631836e+00,-7.365189194679260254e-01,-1.586948156356811523e+00
9.209097027778625488e-01,1.153311014175415039e+00,8.353218436241149902e-01,6.514889001846313477e-01,8.350790739059448242e-01,1.010277032852172852e+00,8.103248476982116699e-01,1.489499211311340332e+00,1.331292510032653809e+00,9.121708869934082031e-01
4.400997161865234375e-01,1.268453478813171387e+00,6.570138931274414062e-01,1.250138521194458008e+00,9.709926843643188477e-01,1.275268077850341797e+00,1.053575634956359863e+00,7.742423415184020996e-01,1.181622982025146484e+00,1.179251194000244141e+00
9.545533061027526855e-01,1.110811471939086914e+00,6.084846854209899902e-01,8.077179193496704102e-01,1.355729699134826660e+00,5.983538031578063965e-01,1.666786909103393555e+00,1.137425422668457031e+00,1.370169997215270996e+00,6.301943659782409668e-01
8.627485036849975586e-01,1.023331642150878906e+00,8.223056197166442871e-01,8.230194449424743652e-01,1.101649045944213867e+00,1.015166163444519043e+00,7.787742614746093750e-01,5.241356492042541504e-01,8.773342370986938477e-01,1.063095211982727051e+00
-1.312275290489196777e+00,-1.177552223205566406e+00,-5.723140835762023926e-01,-9.538072943687438965e-01,-8.508651852607727051e-01,-9.234460592269897461e-01,-4.940131306648254395e-01,-5.011238455772399902e-01,-1.022208452224731445e+00,-1.402558684349060059e+00
-1.129207372665405273e+00,-9.055503606796264648e-01,-1.373029947280883789e+00,-5.902306437492370605e-01,-7.331419587135314941e-01,-1.191451668739318848e+00,-1.859199285507202148e+00,-1.150644421577453613e+00,-1.203875541687011719e+00,-9.073761701583862305e-01
8.040510416030883789e-01,8.342340588569641113e-01,4.929288923740386963e-01,1.170998215675354004e+00,5.275853872299194336e-01,1.060450434684753418e+00,1.300848484039306641e+00,1.190894603729248047e+00,6.768134236335754395e-01,1.249195456504821777e+00
8.468269705772399902e-01,1.488635063171386719e+00,1.134691238403320312e+00,1.285276055335998535e+00,5.068819522857666016e-01,1.148795843124389648e+00,9.942770004272460938e-01,9.586864709854125977e-01,3.990193307399749756e-01,1.303211450576782227e+00
-7.727476954460144043e-01,-1.519460558891296387e+00,8.905254304409027100e-03,-1.005129218101501465e+00,-1.232928156852722168e+00,-7.838921546936035156e-01,-9.701313376426696777e-01,-1.391784667968750000e+00,-6.210719943046569824e-01,-8.683513402938842773e-01
6.099157929420471191e-01,1.479951262474060059e+00,8.820224404335021973e-01,1.099035263061523438e+00,6.029659509658813477e-01,1.131202220916748047e+00,1.247048616409301758e+00,1.162738084793090820e+00,9.116136431694030762e-01,1.593658924102783203e+00
-1.245547890663146973e+00,-6.951443552970886230e-01,-1.013474702835083008e+00,-1.358096837997436523e+00,-7.723525762557983398e-01,-1.163830399513244629e+00,-6.294609904289245605e-01,-1.151773333549499512e+00,-6.618901491165161133e-01,-1.087994337081909180e+00
1.454292893409729004e+00,1.193624496459960938e+00,9.919428229331970215e-01,1.223622560501098633e+00,1.058182477951049805e+00,8.154445886611938477e-01,9.749255180358886719e-01,6.539493203163146973e-01,9.877516031265258789e-01,9.585955739021301270e-01
9.496237039566040039e-01,8.037038445472717285e-01,1.063608288764953613e+00,9.995347261428833008e-01,8.152144551277160645e-01,1.338907361030578613e+00,8.115493655204772949e-01,1.370079755783081055e+00,1.215165615081787109e+00,5.651724934577941895e-01
-1.182278394699096680e+00,-7.497958540916442871e-01,-1.187459230422973633e+00,-1.055466890335083008e+00,-7.086772322654724121e-01,-1.278789520263671875e+00,-1.289324283599853516e+00,-1.136620521545410156e+00,-1.075819849967956543e+00,-7.918611764907836914e-01
-1.206457376480102539e+00,-1.362818360328674316e+00,-8.740192055702209473e-01,-1.240476489067077637e+00,-7.717080116271972656e-01,-7.092961668968200684e-01,-1.670273542404174805e+00,-6.710886955261230469e-01,-9.858219623565673828e-01,-6.542610526084899902e-01
-1.595830082893371582e+00,-9.752968549728393555e-01,-7.800776958465576172e-01,-7.117288708686828613e-01,-1.007977843284606934e+00,-7.601350545883178711e-01,-7.141312956809997559e-01,-9.949685335159301758e-01,-8.753951191902160645e-01,-9.215578436851501465e-01
-1.229386210441589355e+00,-1.125659942626953125e+00,-8.558676838874816895e-01,-1.127678632736206055e+00,-9.314130544662475586e-01,-8.050695061683654785e-01,-7.966398000717163086e-01,-1.102520346641540527e+00,-1.181814908981323242e+00,-1.292982935905456543e+00
1.010811805725097656e+00,1.342246294021606445e+00,1.059665203094482422e+00,1.127266049385070801e+00,1.353075504302978516e+00,7.345928549766540527e-01,1.046200871467590332e+00,1.782948523759841919e-01,5.272015333175659180e-01,1.013501882553100586e+00
-9.087584018707275391e-01,-1.039127469062805176e+00,-6.029760241508483887e-01,-9.484096169471740723e-01,-9.542714357376098633e-01,-9.199154376983642578e-01,-1.173816442489624023e+00,-1.634041666984558105e+00,-1.188185453414916992e+00,-8.556879758834838867e-01
-9.472826719284057617e-01,-1.216875433921813965e+00,-1.000251889228820801e+00,-8.049455285072326660e-01,-9.478914737701416016e-01,-5.633896589279174805e-01,-8.370394110679626465e-01,-1.615531682968139648e+00,-1.213517785072326660e+00,-1.170770764350891113e+00
-8.501923680305480957e-01,-1.441743373870849609e+00,8.957868814468383789e-02,-9.593388438224792480e-01,-1.370893478393554688e+00,-5.579733252525329590e-01,-1.545843958854675293e+00,-8.603050708770751953e-01,-6.204527616500854492e-01,-7.674635052680969238e-01
1.269947528839111328e+00,1.135457515716552734e+00,4.652753770351409912e-01,7.462294101715087891e-01,9.375453591346740723e-01,1.220522522926330566e+00,8.854337930679321289e-01,1.216805100440979004e+00,9.638459086418151855e-01,9.757925868034362793e-01
9.181245565414428711e-01,1.107799410820007324e+00,1.076470732688903809e+00,1.173134565353393555e+00,1.454803824424743652e+00,9.935027956962585449e-01,1.051382780075073242e+00,1.300656795501708984e+00,1.016561985015869141e+00,8.986887335777282715e-01
6.536815166473388672e-01,1.006844162940979004e+00,9.473964571952819824e-01,1.263346076011657715e+00,1.005927681922912598e+00,9.997239708900451660e-01,1.107429981231689453e+00,8.177804946899414062e-01,1.163764595985412598e+00,9.769425988197326660e-01
-5.168055295944213867e-01,-1.033320665359497070e+00,-4.455772340297698975e-01,-1.279495120048522949e+00,-7.746904492378234863e-01,-1.190958857536315918e+00,-1.899950504302978516e+00,-1.395687580108642578e+00,-1.222084641456604004e+00,-6.389115452766418457e-01
1.084394454956054688e+00,9.473038315773010254e-01,9.559555053710937500e-01,1.021108984947204590e+00,9.671145677566528320e-01,8.524585962295532227e-01,1.068754553794860840e+00,1.277278542518615723e+00,1.020880460739135742e+00,1.000122308731079102e+00
9.817784428596496582e-01,1.297952175140380859e+00,1.145539164543151855e+00,6.905921101570129395e-01,4.887290596961975098e-01,6.648560166358947754e-01,7.745654582977294922e-01,1.105589628219604492e+00,9.818473458290100098e-01,8.501976132392883301e-01
9.251773953437805176e-01,1.048320531845092773e+00,1.201553702354431152e+00,5.620446205139160156e-01,8.498857617378234863e-01,1.030070543289184570e+00,1.157130718231201172e+00,1.121254444122314453e+00,9.670482277870178223e-01,9.914331436157226562e-01
9.281297326087951660e-01,1.326207876205444336e+00,7.589655518531799316e-01,1.304148316383361816e+00,1.216536641120910645e+00,6.134487390518188477e-01,1.265477895736694336e+00,7.362408041954040527e-01,4.893980324268341064e-01,1.391693949699401855e+00
-1.344700932502746582e+00,-1.300545573234558105e+00,-5.350667834281921387e-01,-9.338784217834472656e-01,-1.280417203903198242e+00,-8.665437698364257812e-01,-1.117415547370910645e+00,-2.961073517799377441e-01,-7.168545126914978027e-01,-9.663207530975341797e-01
9.217651486396789551e-01,1.367333769798278809e+00,6.324672698974609375e-01,1.313506841659545898e+00,1.509851813316345215e+00,1.254484891891479492e+00,7.970358133316040039e-01,8.716864585876464844e-01,8.050046563148498535e-01,8.795119524002075195e-01
-1.222105503082275391e+00,-9.140944480895996094e-01,-1.604402065277099609e+00,-1.025313496589660645e+00,-1.083006858825683594e+00,-9.783235192298889160e-02,-9.874294996261596680e-01,-9.972074627876281738e-01,-7.203372716903686523e-01,-1.647038698196411133e+00
1.069823861122131348e+00,1.304664373397827148e+00,1.380465626716613770e+00,9.484032988548278809e-01,1.192012190818786621e+00,1.675257921218872070e+00,4.740129411220550537e-01,8.128501772880554199e-01,9.589279890060424805e-01,7.420670390129089355e-01
-1.074867725372314453e+00,-9.193168878555297852e-01,-9.702056050300598145e-01,-4.846025705337524414e-01,-1.542156457901000977e+00,-1.002299070358276367e+00,-1.244367718696594238e+00,-8.430866599082946777e-01,-1.038609147071838379e+00,-9.271312355995178223e-01
-9.640495777130126953e-01,-9.648870825767517090e-01,-9.819736480712890625e-01,-1.221388816833496094e+00,-1.090990066528320312e+00,-1.078930735588073730e+00,-1.356067776679992676e+00,-1.074371695518493652e+00,-1.049657464027404785e+00,-5.832549333572387695e-01
1.144660234451293945e+00,8.669787645339965820e-01,8.241054415702819824e-01,1.277393698692321777e+00,1.697078108787536621e+00,6.398494839668273926e-01,1.175434708595275879e+00,1.166061043739318848e+00,7.619325518608093262e-01,1.102147340774536133e+00
1.045086860656738281e+00,7.425556778907775879e-01,1.344381809234619141e+00,1.107926130294799805e+00,9.762116074562072754e-01,9.743304848670959473e-01,1.162618279457092285e+00,1.194637298583984375e+00,8.861973881721496582e-01,5.801881551742553711e-01
6.092833280563354492e-01,1.184788107872009277e+00,1.210290431976318359e+00,5.837374329566955566e-01,1.025549888610839844e+00,1.003427505493164062e+00,9.472221732139587402e-01,1.399934649467468262e+00,1.014339923858642578e+00,1.250263452529907227e+00
7.561133503913879395e-01,1.147399067878723145e+00,8.597534894943237305e-01,1.048423767089843750e+00,8.575704693794250488e-01,9.246352314949035645e-01,8.114947080612182617e-01,8.486364483833312988e-01,9.722051024436950684e-01,1.566312313079833984e+00
9.279153347015380859e-01,1.266095876693725586e+00,1.069703102111816406e+00,7.644274830818176270e-01,7.034534215927124023e-01,1.189450621604919434e+00,1.170029997825622559e+00,7.198708653450012207e-01,1.462271451950073242e+00,8.663613796234130859e-01
-1.026110768318176270e+00,-1.138574957847595215e+00,-8.973237276077270508e-01,-4.934829175472259521e-01,-7.349517941474914551e-01,-5.584193468093872070e-01,-1.027305245399475098e+00,-1.589066386222839355e+00,-1.261433601379394531e+00,-9.943518042564392090e-01
5.143225193023681641e-01,1.725296735763549805e+00,9.353686571121215820e-01,8.534337282180786133e-01,1.068771600723266602e+00,9.976488947868347168e-01,1.265963196754455566e+00,8.275045752525329590e-01,7.474808692932128906e-01,1.114991545677185059e+00
1.198498725891113281e+00,1.443562388420104980e+00,8.609613180160522461e-01,7.960835099220275879e-01,1.365135908126831055e+00,1.165699839591979980e+00,1.025311827659606934e+00,1.008184194564819336e+00,7.795180678367614746e-01,6.800159215927124023e-01
1.129462361335754395e+00,8.168475627899169922e-01,1.198333501815795898e+00,1.036342978477478027e+00,1.467850923538208008e+00,8.776103854179382324e-01,6.370278000831604004e-01,1.176335692405700684e+00,7.474721670150756836e-01,9.462477564811706543e-01
9.339859485626220703e-01,1.405211448669433594e+00,1.455051422119140625e+00,8.826069235801696777e-01,1.688276052474975586e+00,8.467372655868530273e-01,8.317807316780090332e-01,8.826950788497924805e-01,1.025720000267028809e+00,9.947193264961242676e-01
-9.981555342674255371e-01,-7.953183054924011230e-01,-6.918593645095825195e-01,-5.719990730285644531e-01,-1.238339304924011230e+00,-1.269512414932250977e+00,-6.731098890304565430e-01,-1.158394336700439453e+00,-9.855903387069702148e-01,-1.169815182685852051e+00
9.189618825912475586e-01,1.601652264595031738e+00,1.220068573951721191e+00,8.828196525573730469e-01,1.067995429039001465e+00,9.069972634315490723e-01,8.640437722206115723e-01,1.321200847625732422e+00,1.180673837661743164e+00,8.146383166313171387e-01
-8.082827925682067871e-01,-1.252031326293945312e+00,-9.225226640701293945e-01,-7.038444876670837402e-01,-1.102371335029602051e+00,-8.714166283607482910e-01,-1.427918195724487305e+00,-9.736813306808471680e-01,-1.382547259330749512e+00,-5.076090693473815918e-01
8.008498549461364746e-01,1.350664496421813965e+00,1.196463108062744141e+00,5.272817015647888184e-01,1.186305642127990723e+00,4.070576429367065430e-01,5.521423816680908203e-01,8.458951711654663086e-01,1.019743680953979492e+00,1.252384305000305176e+00
-1.596620798110961914e+00,-8.497295379638671875e-01,-9.103988409042358398e-01,-8.846884965896606445e-01,-1.152035832405090332e+00,-9.421378970146179199e-01,-7.312796115875244141e-01,-1.387327909469604492e+00,-9.074947834014892578e-01,-1.289255738258361816e+00
-1.395460963249206543e+00,-1.213844537734985352e+00,-1.131466388702392578e+00,-1.335966467857360840e+00,-1.029115319252014160e+00,-7.577309012413024902e-01,-5.357325077056884766e-01,-1.130509138107299805e+00,-1.259472131729125977e+00,-7.535831332206726074e-01
-1.002972602844238281e+00,-9.071189761161804199e-01,-1.092511892318725586e+00,-4.549734294414520264e-01,-4.771654307842254639e-01,4.747189581394195557e-02,-1.052067995071411133e+00,-1.224014759063720703e+00,-1.362310171127319336e+00,-5.922748446464538574e-01
6.698662042617797852e-01,1.169455528259277344e+00,7.606475949287414551e-01,7.269718050956726074e-01,1.049210429191589355e+00,1.233085274696350098e+00,1.415569663047790527e+00,1.087640285491943359e+00,9.585536718368530273e-01,9.888933897018432617e-01
1.353255629539489746e+00,8.910931348800659180e-01,1.120292186737060547e+00,1.083703279495239258e+00,6.926875710487365723e-01,7.339802384376525879e-01,7.596258521080017090e-01,7.415304780006408691e-01,8.090268969535827637e-01,4.492895007133483887e-01
3.634652495384216309e-01,1.133823275566101074e+00,1.167156338691711426e+00,9.654940366744995117e-01,1.444945931434631348e+00,4.804648160934448242e-01,1.142521023750305176e+00,9.588238596916198730e-01,1.328061580657958984e+00,8.780270814895629883e-01
8.798547983169555664e-01,1.368820190429687500e+00,1.256333947181701660e+00,1.152014374732971191e+00,6.947215795516967773e-01,9.948366284370422363e-01,1.053751826286315918e+00,1.646128535270690918e+00,9.899167418479919434e-01,7.345125079154968262e-01
3.399412333965301514e-01,1.052199363708496094e+00,1.360141515731811523e+00,1.209848046302795410e+00,1.058540225028991699e+00,1.451408267021179199e+00,1.315497756004333496e+00,1.081935644149780273e+00,1.062619447708129883e+00,6.142554879188537598e-01
6.888912320137023926e-01,1.251831173896789551e+00,6.892657876014709473e-01,1.291982173919677734e+00,4.250370860099792480e-01,9.960474371910095215e-01,9.499949216842651367e-01,6.500390172004699707e-01,9.814001917839050293e-01,1.084143877029418945e+00
9.906824231147766113e-01,1.124097943305969238e+00,8.930034637451171875e-01,4.855554699897766113e-01,9.638779759407043457e-01,8.874317407608032227e-01,1.533370256423950195e+00,1.364403724670410156e+00,1.433131217956542969e+00,9.171133041381835938e-01
-1.358574748039245605e+00,-1.198686122894287109e+00,-1.159106254577636719e+00,-9.871419668197631836e-01,-1.217288017272949219e+00,-8.329177498817443848e-01,-1.175101161003112793e+00,-9.748274087905883789e-01,-1.123842358589172363e+00,-8.969824910163879395e-01
-4.008940160274505615e-01,-1.034157633781433105e+00,-5.540315508842468262e-01,-1.104843258857727051e+00,-6.980660557746887207e-01,-8.639129996299743652e-01,-1.131638765335083008e+00,-6.429504752159118652e-01,-1.352959394454956055e+00,-6.542110443115234375e-01
-1.417015433311462402e+00,-1.010479688644409180e+00,-1.026516079902648926e+00,-1.403374314308166504e+00,-8.160731792449951172e-01,-1.021382212638854980e+00,-1.067978262901306152e+00,-1.213926672935485840e+00,-8.982734680175781250e-01,-1.040205359458923340e+00
-1.471269965171813965e+00,-7.010228037834167480e-01,-1.137031435966491699e+00,-7.415073513984680176e-01,-1.140819668769836426e+00,-6.818620562553405762e-01,-8.215391635894775391e-01,-6.859170198440551758e-01,-1.189441680908203125e+00,-1.149038076400756836e+00
-1.120419621467590332e+00,-7.823735475540161133e-01,-1.290635347366333008e+00,-8.399016857147216797e-01,-9.385656714439392090e-01,-5.696104764938354492e-01,-7.097136974334716797e-01,-5.146329402923583984e-01,-9.707299470901489258e-01,-1.387989759445190430e+00
-9.018452167510986328e-01,-1.520939826965332031e+00,-1.278054118156433105e+00,-6.335524320602416992e-01,-1.220579743385314941e+00,-1.378507852554321289e+00,-8.448555469512939453e-01,-1.121999502182006836e+00,-5.649573206901550293e-01,-1.014118313789367676e+00
1.051133632659912109e+00,1.547824025154113770e+00,1.159831404685974121e+00,9.131523370742797852e-01,1.127054929733276367e+00,9.364560842514038086e-01,8.255948424339294434e-01,1.096094489097595215e+00,5.892285704612731934e-01,1.076078653335571289e+00
7.336310148239135742e-01,1.274263739585876465e+00,1.037695646286010742e+00,8.138390183448791504e-01,1.030437946319580078e+00,9.548320174217224121e-01,7.789568901062011719e-01,9.660798311233520508e-01,1.262802124023437500e+00,9.829701185226440430e-01
3.724412322044372559e-01,1.193498611450195312e+00,8.780692815780639648e-01,1.141036510467529297e+00,1.138422846794128418e+00,9.106389880180358887e-01,5.467150807380676270e-01,1.312217473983764648e+00,1.286758899688720703e+00,1.031138420104980469e+00
-1.029529094696044922e+00,-1.069587945938110352e+00,-1.086526513099670410e+00,-1.037092924118041992e+00,-8.458987474441528320e-01,-1.225941658020019531e+00,-9.134736061096191406e-01,-9.848849177360534668e-01,-1.322869300842285156e+00,-9.978363513946533203e-01
-9.174830317497253418e-01,-1.154675006866455078e+00,-1.104127287864685059e+00,-1.035443186759948730e+00,-8.772405385971069336e-01,-8.422868847846984863e-01,-7.636407613754272461e-01,-1.076909542083740234e+00,-1.449402093887329102e+00,-7.712467908859252930e-01
1.202248215675354004e+00,1.334003806114196777e+00,9.642553925514221191e-01,1.178180217742919922e+00,1.228455901145935059e+00,1.121395945549011230e+00,1.209189534187316895e+00,9.676380753517150879e-01,4.894683361053466797e-01,6.786842942237854004e-01
9.715805649757385254e-01,1.312777400016784668e+00,8.215643167495727539e-01,1.210438847541809082e+00,1.341185808181762695e+00,7.959188222885131836e-01,1.054096102714538574e+00,6.939815282821655273e-01,4.512055218219757080e-01,8.988880515098571777e-01
6.842870712280273438e-01,1.526944518089294434e+00,1.428410291671752930e+00,9.977921247482299805e-01,6.362764835357666016e-01,6.024796366691589355e-01,1.231976032257080078e+00,9.675627350807189941e-01,1.395575284957885742e+00,9.262101650238037109e-01
8.347087502479553223e-01,8.029650449752807617e-01,1.004094481468200684e+00,7.908752560615539551e-01,9.503892064094543457e-01,1.076053738594055176e+00,1.142221689224243164e+00,1.401635050773620605e+00,1.008260488510131836e+00,1.413009762763977051e+00
8.076155781745910645e-01,1.895958781242370605e+00,6.689373850822448730e-01,1.153545737266540527e+00,9.918702244758605957e-01,4.439849257469177246e-01,1.392459750175476074e+00,1.413842082023620605e+00,1.531482577323913574e+00,1.224801182746887207e+00
-1.602550268173217773e+00,-5.839877724647521973e-01,-8.538342118263244629e-01,-9.476333260536193848e-01,-7.246455550193786621e-01,-1.224623441696166992e+00,-1.313834786415100098e+00,-8.714451789855957031e-01,-6.769465208053588867e-01,-1.242190599441528320e+00
-1.091879606246948242e+00,-1.030656814575195312e+00,-6.158643960952758789e-01,-8.072325587272644043e-01,-1.282508492469787598e+00,-1.133031129837036133e+00,-1.285848855972290039e+00,-1.214207410812377930e+00,-9.604953527450561523e-01,-5.969330072402954102e-01
8.933236598968505859e-01,1.816581606864929199e+00,1.487404346466064453e+00,9.827217459678649902e-01,5.420359373092651367e-01,1.034102082252502441e+00,7.438098192214965820e-01,1.159680604934692383e+00,1.324754118919372559e+00,1.276873707771301270e+00
1.092501878738403320e+00,1.261141538619995117e+00,8.693182468414306641e-01,1.033076405525207520e+00,1.059358835220336914e+00,1.408849596977233887e+00,8.374916315078735352e-01,9.954726696014404297e-01,9.701203703880310059e-01,7.856736779212951660e-01
1.145677447319030762e+00,1.438421845436096191e+00,1.355693101882934570e+00,1.199258208274841309e+00,4.120424091815948486e-01,1.149566054344177246e+00,7.381221652030944824e-01,1.171082615852355957e+00,8.286793231964111328e-01,6.746653914451599121e-01
-6.406465172767639160e-01,-1.377399682998657227e+00,-1.453417778015136719e+00,-6.030384302139282227e-01,-7.627784013748168945e-01,-9.747253060340881348e-01,-1.350367903709411621e+00,-1.065891742706298828e+00,-1.399616003036499023e+00,-7.025330066680908203e-01
8.664948940277099609e-01,9.577041864395141602e-01,1.632365226745605469e+00,5.598980188369750977e-01,2.926195263862609863e-01,9.229428768157958984e-01,8.467207551002502441e-01,6.087720394134521484e-01,6.531293988227844238e-01,1.185011267662048340e-01
-1.048927068710327148e+00,-6.425913572311401367e-01,-1.253157496452331543e+00,-1.363570690155029297e+00,-8.804294466972351074e-01,-7.487825155258178711e-01,-1.442969918251037598e+00,-1.557345390319824219e+00,-9.747602939605712891e-01,-1.102576255798339844e+00
1.344652175903320312e+00,1.195747852325439453e+00,1.456524968147277832e+00,1.522920846939086914e+00,1.221654295921325684e+00,2.933023571968078613e-01,5.062050819396972656e-01,5.924623608589172363e-01,5.175715088844299316e-01,1.133734703063964844e+00
1.112349748611450195e+00,1.138925790786743164e+00,6.379214525222778320e-01,1.167657017707824707e+00,1.414553165435791016e+00,7.518389225006103516e-01,1.146398305892944336e+00,7.359144687652587891e-01,1.176388502120971680e+00,1.060830831527709961e+00
-1.168752670288085938e+00,-1.428954601287841797e+00,-1.072982788085937500e+00,-1.133416652679443359e+00,-3.374023735523223877e-01,-7.582842707633972168e-01,-1.404090046882629395e+00,-1.228983044624328613e+00,-1.379908919334411621e+00,-8.175384402275085449e-01
-3.161143958568572998e-01,3.103586435317993164e-01,1.599505543708801270e-01,1.287956386804580688e-01,6.639792770147323608e-02,5.684461593627929688e-01,1.730974763631820679e-01,1.956459283828735352e-01,-2.499989047646522522e-02,-3.123843967914581299e-01
1.184608459472656250e+00,1.309938788414001465e+00,1.199808716773986816e+00,1.216034889221191406e+00,1.278868317604064941e+00,8.423685431480407715e-01,1.103147864341735840e+00,1.033808469772338867e+00,7.741891145706176758e-01,8.807781338691711426e-01
5.350183844566345215e-01,9.360929131507873535e-01,1.304533123970031738e+00,7.484006881713867188e-01,1.189934849739074707e+00,1.171561837196350098e+00,8.441471457481384277e-01,5.485800504684448242e-01,1.414992570877075195e+00,1.243563413619995117e+00
-1.212033390998840332e+00,-7.660109400749206543e-01,-7.374401688575744629e-01,-1.160950303077697754e+00,-9.352066516876220703e-01,-1.280731320381164551e+00,-1.498654484748840332e+00,-8.872831463813781738e-01,-1.238699078559875488e+00,-6.742135882377624512e-01
6.765910983085632324e-01,9.715449810028076172e-01,7.995704412460327148e-01,9.754629731178283691e-01,1.048403501510620117e+00,9.818361997604370117e-01,1.083549141883850098e+00,8.449478149414062500e-01,1.250960588455200195e+00,1.410088300704956055e+00
9.448857307434082031e-01,1.113445401191711426e+00,1.117230653762817383e+00,8.048938512802124023e-01,1.111364245414733887e+00,1.019495368003845215e+00,1.370621085166931152e+00,6.787977814674377441e-01,8.456341624259948730e-01,1.572655439376831055e+00
1.091647028923034668e+00,1.417158961296081543e+00,1.066079616546630859e+00,1.060742259025573730e+00,1.101568341255187988e+00,8.928988575935363770e-01,9.611583948135375977e-01,1.188224792480468750e+00,9.480026960372924805e-01,1.254960417747497559e+00
7.570654153823852539e-01,9.868183135986328125e-01,1.129521131515502930e+00,9.234434962272644043e-01,5.041467547416687012e-01,7.915970087051391602e-01,1.078729510307312012e+00,6.519053578376770020e-01,3.839602768421173096e-01,6.238244175910949707e-01
1.118612885475158691e+00,1.147678732872009277e+00,8.546376824378967285e-01,1.255962491035461426e+00,1.210443019866943359e+00,1.002486228942871094e+00,9.584079980850219727e-01,1.042072296142578125e+00,1.174548745155334473e+00,5.340300798416137695e-01
9.887192845344543457e-01,9.673572182655334473e-01,7.980797886848449707e-01,5.743864774703979492e-01,1.022728681564331055e+00,1.443846702575683594e+00,9.814369082450866699e-01,1.139180660247802734e+00,8.713240027427673340e-01,7.833634614944458008e-01
-8.987395763397216797e-01,-5.475631356239318848e-01,-1.009728431701660156e+00,-1.538487195968627930e+00,-1.436708331108093262e+00,-5.850924253463745117e-01,-1.215560317039489746e+00,-1.423228502273559570e+00,-1.236926436424255371e+00,-1.185920000076293945e+00
9.825747013092041016e-01,1.399107336997985840e+00,7.460749745368957520e-01,9.689543247222900391e-01,1.321635246276855469e+00,7.486387491226196289e-01,1.214807033538818359e+00,1.207695484161376953e+00,1.088086366653442383e+00,6.817438006401062012e-01
1.027655720710754395e+00,1.570997238159179688e+00,1.141842126846313477e+00,1.247660517692565918e+00,1.125707030296325684e+00,4.726781547069549561e-01,1.065036535263061523e+00,1.200790286064147949e+00,8.504625558853149414e-01,1.449808716773986816e+00
-1.226148486137390137e+00,-9.592803716659545898e-01,-1.137069821357727051e+00,-7.682498693466186523e-01,-1.139212965965270996e+00,-9.646260142326354980e-01,-1.109030961990356445e+00,-1.384179711341857910e+00,-1.257542848587036133e+00,-9.025025367736816406e-01
1.072675585746765137e+00,1.361359357833862305e+00,7.839845418930053711e-01,9.233692288398742676e-01,1.003609538078308105e+00,1.412354350090026855e+00,9.518946409225463867e-01,8.113356828689575195e-01,1.130118131637573242e+00,5.104552507400512695e-01
-1.019747495651245117e+00,-9.672173112630844116e-02,-8.599843382835388184e-01,-1.079108834266662598e+00,-7.627594470977783203e-01,-9.522759318351745605e-01,-1.479110360145568848e+00,-1.391172885894775391e+00,-7.865284681320190430e-01,-6.074504852294921875e-01
1.311261177062988281e+00,1.571930646896362305e+00,8.273258209228515625e-01,1.228205800056457520e+00,9.616136550903320312e-01,7.898927927017211914e-01,1.014746665954589844e+00,9.093549847602844238e-01,9.594530463218688965e-01,8.353215456008911133e-01
9.762342572212219238e-01,1.206561684608459473e+00,6.659116148948669434e-01,9.185946583747863770e-01,6.716836690902709961e-01,1.124133229255676270e+00,1.480049610137939453e+00,1.075291633605957031e+00,1.219969391822814941e+00,9.708183407783508301e-01
-3.943684995174407959e-01,-3.695789873600006104e-01,-2.692590653896331787e-01,-1.126924455165863037e-01,-6.965941190719604492e-01,-1.055137887597084045e-01,-6.392791867256164551e-01,-7.892364263534545898e-01,6.280431896448135376e-02,-4.967438876628875732e-01
2.853502631187438965e-01,1.295867919921875000e+00,8.667562603950500488e-01,1.162762641906738281e+00,1.467417478561401367e+00,1.077467679977416992e+00,1.220718145370483398e+00,1.199720025062561035e+00,1.140115499496459961e+00,9.155391454696655273e-01
9.170115590095520020e-01,1.172725200653076172e+00,9.483054280281066895e-01,9.888841509819030762e-01,9.711896777153015137e-01,9.465813040733337402e-01,1.074353098869323730e+00,1.274265050888061523e+00,1.243485808372497559e+00,9.040644168853759766e-01
4.150212705135345459e-01,1.396752238273620605e+00,1.457369804382324219e+00,7.151154279708862305e-01,1.049861073493957520e+00,5.758804082870483398e-01,7.637968063354492188e-01,8.234702348709106445e-01,1.138149261474609375e+00,5.352631211280822754e-01
-1.448989272117614746e+00,-6.426640152931213379e-01,-1.252578139305114746e+00,-1.260900855064392090e+00,-1.334507584571838379e+00,-4.882834553718566895e-01,-1.314967036247253418e+00,-9.034453034400939941e-01,-8.356952667236328125e-01,-1.208318591117858887e+00
1.525534987449645996e+00,1.003790855407714844e+00,4.709675908088684082e-01,1.152242422103881836e+00,1.053898215293884277e+00,4.487437009811401367e-01,1.031593799591064453e+00,7.486964464187622070e-01,1.042319059371948242e+00,1.052587628364562988e+00
-1.249115228652954102e+00,-7.007667422294616699e-01,-1.596167325973510742e+00,-1.039253592491149902e+00,-8.278079628944396973e-01,-9.508958458900451660e-01,-1.039432048797607422e+00,-1.509696245193481445e+00,-7.891660928726196289e-01,-1.218904852867126465e+00
1.037811636924743652e+00,7.892124056816101074e-01,1.590238690376281738e+00,9.996669292449951172e-01,6.011819243431091309e-01,6.460678577423095703e-01,6.701376438140869141e-01,1.434545874595642090e+00,1.099326968193054199e+00,1.340701937675476074e+00
-6.065817475318908691e-01,2.817317657172679901e-02,-6.787902712821960449e-01,-5.164887905120849609e-01,-4.629881381988525391e-01,9.168563783168792725e-02,-3.499463796615600586e-01,-1.492235064506530762e-01,-9.770300239324569702e-02,-8.493911027908325195e-01
-1.090048432350158691e+00,-5.499463081359863281e-01,-1.128403425216674805e+00,-1.513570666313171387e+00,-1.297225713729858398e+00,-7.449848055839538574e-01,-1.149791955947875977e+00,-1.048445343971252441e+00,-5.191754698753356934e-01,-1.511254906654357910e+00
-9.492128491401672363e-01,-8.477192521095275879e-01,-1.156220674514770508e+00,-1.084057569503784180e+00,-1.212518572807312012e+00,-6.567128896713256836e-01,-1.113212108612060547e+00,-8.557031154632568359e-01,-1.193274617195129395e+00,-1.261060357093811035e+00
9.717038869857788086e-01,1.328878521919250488e+00,9.065767526626586914e-01,8.796595335006713867e-01,8.482275009155273438e-01,1.172640085220336914e+00,1.060695290565490723e+00,1.349746465682983398e+00,8.887273073196411133e-01,1.043117880821228027e+00
3.675909638404846191e-01,1.439405918121337891e+00,9.490040540695190430e-01,1.041885256767272949e+00,9.568901062011718750e-01,1.176126837730407715e+00,1.447974681854248047e+00,9.515479207038879395e-01,1.015673398971557617e+00,1.455926418304443359e+00
1.153816223144531250e+00,1.097198009490966797e+00,9.435298442840576172e-01,9.053629040718078613e-01,9.071519970893859863e-01,6.228577494621276855e-01,1.080139875411987305e+00,1.149338722229003906e+00,1.185514807701110840e+00,9.434317946434020996e-01
1.366686940193176270e+00,1.426599860191345215e+00,9.740275740623474121e-01,9.865879416465759277e-01,1.343335866928100586e+00,8.985242843627929688e-01,9.625309705734252930e-01,5.612131357192993164e-01,1.109024643898010254e+00,4.680488705635070801e-01
-1.151286721229553223e+00,-9.865095019340515137e-01,-6.687586903572082520e-01,-5.392816066741943359e-01,-1.537306308746337891e+00,-9.352399706840515137e-01,-1.302328705787658691e+00,-7.713993787765502930e-01,-8.872370719909667969e-01,-8.220125436782836914e-01
4.667762517929077148e-01,1.499027013778686523e+00,1.136276006698608398e+00,7.358663082122802734e-01,7.879575490951538086e-01,9.853953123092651367e-01,1.355102658271789551e+00,1.142339468002319336e+00,1.093500494956970215e+00,1.022568821907043457e+00
-1.538784980773925781e+00,-1.202263593673706055e+00,-1.620499491691589355e+00,-7.556243538856506348e-01,-1.123609662055969238e+00,-6.916089057922363281e-01,-7.670863866806030273e-01,-9.082278013229370117e-01,-1.270915865898132324e+00,-1.204144120216369629e+00
-1.312417984008789062e+00,-9.148848652839660645e-01,-8.653479814529418945e-01,-1.198889255523681641e+00,-1.161726713180541992e+00,-1.136961340904235840e+00,-1.782807826995849609e+00,-1.006896495819091797e+00,-1.340316534042358398e+00,-1.359009623527526855e+00
9.100989103317260742e-01,8.585837483406066895e-01,8.330117464065551758e-01,1.002818703651428223e+00,1.126515269279479980e+00,1.206050872802734375e+00,9.154492616653442383e-01,1.001650691032409668e+00,1.209045052528381348e+00,6.598125696182250977e-01
9.701748490333557129e-01,8.957768082618713379e-01,9.379717707633972168e-01,1.028876304626464844e+00,8.364322781562805176e-01,7.439789175987243652e-01,1.279595136642456055e+00,1.146064877510070801e+00,1.311655044555664062e+00,1.278349876403808594e+00
6.287171840667724609e-01,1.199785351753234863e+00,1.201766014099121094e+00,1.436923861503601074e+00,9.009591341018676758e-01,4.518320262432098389e-01,7.813215851783752441e-01,1.160898327827453613e+00,9.646399021148681641e-01,9.089484214782714844e-01
1.313155174255371094e+00,1.534632205963134766e+00,7.628386616706848145e-01,1.087138891220092773e+00,1.129074215888977051e+00,4.339393675327301025e-01,1.030613183975219727e+00,6.731817126274108887e-01,1.210615634918212891e+00,9.743649959564208984e-01
1.003589034080505371e+00,1.472730994224548340e+00,1.154380798339843750e+00,8.859291672706604004e-01,8.128555417060852051e-01,7.017752528190612793e-01,8.986443877220153809e-01,1.238240361213684082e+00,9.866217970848083496e-01,6.742851138114929199e-01
-1.370121717453002930e+00,-4.439995586872100830e-01,-1.195064067840576172e+00,-1.215954899787902832e+00,-5.749664902687072754e-01,-1.181858777999877930e+00,-1.142170548439025879e+00,-1.408753275871276855e+00,-8.703038692474365234e-01,-1.500979900360107422e+00
1.103223204612731934e+00,9.807673692703247070e-01,8.307474851608276367e-01,1.364179134368896484e+00,8.391727805137634277e-01,6.296437978744506836e-01,1.358374118804931641e+00,8.773943781852722168e-01,1.435972452163696289e+00,9.768114089965820312e-01
8.202112317085266113e-01,1.156733393669128418e+00,1.271848440170288086e+00,1.039454340934753418e+00,5.613725185394287109e-01,9.429875612258911133e-01,7.418072223663330078e-01,9.577645063400268555e-01,1.402696490287780762e+00,7.114933729171752930e-01
-7.737480998039245605e-01,-7.701042890548706055e-01,-8.950598835945129395e-01,-1.486720681190490723e+00,-5.847362875938415527e-01,-9.571510553359985352e-01,-1.251794815063476562e+00,-5.477669835090637207e-01,-7.349817752838134766e-01,-8.878471255302429199e-01
-7.322729229927062988e-01,-3.478801250457763672e-01,-1.212114810943603516e+00,-1.056661963462829590e+00,-8.263231515884399414e-01,-1.180281996726989746e+00,-1.181883931159973145e+00,-1.221594929695129395e+00,-4.736678302288055420e-01,-5.222771763801574707e-01
9.056500196456909180e-01,1.027239680290222168e+00,1.036628365516662598e+00,1.093418955802917480e+00,1.031184554100036621e+00,6.363645195960998535e-01,1.108417868614196777e+00,8.867867588996887207e-01,1.174534440040588379e+00,1.191566944122314453e+00
1.172354698181152344e+00,9.427731633186340332e-01,9.412765502929687500e-01,1.223075985908508301e+00,1.401208758354187012e+00,1.210054397583007812e+00,6.658883094787597656e-01,8.816645145416259766e-01,7.452788949012756348e-01,5.701324343681335449e-01
-9.909080862998962402e-01,-7.813478112220764160e-01,-7.754832506179809570e-01,-1.311496615409851074e+00,-1.150471568107604980e+00,-4.002941548824310303e-01,-1.549204945564270020e+00,-1.216601848602294922e+00,-8.509487509727478027e-01,-1.501032471656799316e+00
-1.004036903381347656e+00,-5.967845320701599121e-01,-1.384346961975097656e+00,-6.749725937843322754e-01,-1.082012534141540527e+00,-8.299013376235961914e-01,-3.424755632877349854e-01,-1.108148574829101562e+00,-1.260184168815612793e+00,-5.539847016334533691e-01
-1.226044178009033203e+00,-9.417916536331176758e-01,-1.172295331954956055e+00,-1.477529406547546387e+00,-1.155681729316711426e+00,-1.458709686994552612e-01,-1.104024171829223633e+00,-1.061323285102844238e+00,-7.310193181037902832e-01,-1.185566425323486328e+00
1.406270623207092285e+00,9.831907749176025391e-01,1.072606205940246582e+00,9.814624786376953125e-01,1.250584959983825684e+00,8.441038727760314941e-01,1.061078429222106934e+00,1.173074245452880859e+00,5.196892023086547852e-01,1.076170802116394043e+00
-1.377745389938354492e+00,-8.087244629859924316e-01,-9.224780797958374023e-01,-9.306618571281433105e-01,-9.944671392440795898e-01,-1.506701111793518066e+00,-1.411738038063049316e+00,-1.030767679214477539e+00,-3.134028613567352295e-01,-8.108010292053222656e-01
5.604144930839538574e-01,1.524234652519226074e+00,9.774702787399291992e-01,1.222342610359191895e+00,1.005135536193847656e+00,9.017707109451293945e-01,1.201789021492004395e+00,1.314029216766357422e+00,6.957655549049377441e-01,1.055905342102050781e+00
9.431307911872863770e-01,9.555035233497619629e-01,8.877517580986022949e-01,9.905189871788024902e-01,7.534420490264892578e-01,1.094278812408447266e+00,9.291927218437194824e-01,8.614276051521301270e-01,1.490938425064086914e+00,9.948429465293884277e-01
-1.344943404197692871e+00,-7.148552536964416504e-01,-1.394208312034606934e+00,-8.057661652565002441e-01,-9.659076333045959473e-01,-4.966497123241424561e-01,-1.237697124481201172e+00,-9.679949879646301270e-01,-1.358962416648864746e+00,-1.164090871810913086e+00
1.198721528053283691e+00,1.606165647506713867e+00,1.041861772537231445e+00,1.040159106254577637e+00,8.942782878875732422e-01,1.206008315086364746e+00,1.028558611869812012e+00,8.392003774642944336e-01,1.091311573982238770e+00,5.359820723533630371e-01
1.047509431838989258e+00,1.377315044403076172e+00,1.001466393470764160e+00,8.579438328742980957e-01,9.530106782913208008e-01,1.313892722129821777e+00,8.655976653099060059e-01,9.710140824317932129e-01,8.857691287994384766e-01,1.360927939414978027e+00
-1.322459220886230469e+00,-1.171949028968811035e+00,-8.081712126731872559e-01,-4.327640831470489502e-01,-1.071205496788024902e+00,-1.247802972793579102e+00,-1.316942095756530762e+00,-8.276789188385009766e-01,-9.121913909912109375e-01,-1.167303562164306641e+00
-1.102035045623779297e+00,-9.509466290473937988e-01,-7.967123985290527344e-01,-1.516133189201354980e+00,-7.834643721580505371e-01,-6.349604129791259766e-01,-1.304162025451660156e+00,-1.152922153472900391e+00,-9.762902259826660156e-01,-1.420639753341674805e+00
1.194713711738586426e+00,1.211033463478088379e+00,9.159519076347351074e-01,6.331181526184082031e-01,1.294012546539306641e+00,7.935293912887573242e-01,9.702059030532836914e-01,1.549516201019287109e+00,1.030928015708923340e+00,7.380695939064025879e-01
-7.558655738830566406e-01,-1.135329127311706543e+00,-9.457417726516723633e-01,-1.045655250549316406e+00,-7.470780611038208008e-01,-7.194354534149169922e-01,-1.186930537223815918e+00,-1.799787759780883789e+00,-1.080178141593933105e+00,-8.714178800582885742e-01
-7.825231552124023438e-01,-1.080017566680908203e+00,-9.282209873199462891e-01,-1.448428273200988770e+00,-1.166836977005004883e+00,-7.101067900657653809e-01,-9.528687000274658203e-01,-1.040502786636352539e+00,-6.855272054672241211e-01,-1.372179985046386719e+00
8.714030981063842773e-01,1.059546828269958496e+00,8.744125962257385254e-01,4.419140219688415527e-01,1.510697841644287109e+00,5.187473297119140625e-01,1.477477908134460449e+00,1.172205924987792969e+00,5.072863698005676270e-01,4.518135488033294678e-01
1.106448173522949219e+00,7.407673597335815430e-01,1.366216540336608887e+00,6.552528738975524902e-01,5.997903943061828613e-01,6.512446999549865723e-01,1.282212495803833008e+00,6.718675494194030762e-01,1.170119762420654297e+00,8.709095120429992676e-01
-1.297803401947021484e+00,-8.522090911865234375e-01,-1.852344274520874023e+00,-6.760711669921875000e-01,-5.899224281311035156e-01,-3.242921829223632812e-01,-8.748006224632263184e-01,-9.778946042060852051e-01,-7.535945177078247070e-01,-1.478767395019531250e+00
-7.003818154335021973e-01,-1.056718945503234863e+00,-4.492003917694091797e-01,-1.403693199157714844e+00,-1.333997607231140137e+00,-8.416202068328857422e-01,-1.295976400375366211e+00,-1.053671479225158691e+00,-8.095169663429260254e-01,-1.236876130104064941e+00
-9.183000922203063965e-01,-1.154531955718994141e+00,-1.091245889663696289e+00,-5.344476103782653809e-01,-1.252139806747436523e+00,-6.875150203704833984e-01,-7.585547566413879395e-01,-1.555079102516174316e+00,-1.497189044952392578e+00,-1.353544712066650391e+00
1.072414636611938477e+00,1.283251523971557617e+00,1.393154382705688477e+00,1.220469832420349121e+00,1.746888041496276855e+00,7.659897208213806152e-01,1.303991913795471191e+00,1.007003188133239746e+00,1.014231801033020020e+00,5.524028539657592773e-01
-1.351409196853637695e+00,-7.724304199218750000e-01,-9.748684167861938477e-01,-1.059615969657897949e+00,-8.420816063880920410e-01,-5.894091725349426270e-01,-8.254799842834472656e-01,-1.097404003143310547e+00,-8.611257672309875488e-01,-1.045765757560729980e+00
-1.351980447769165039e+00,-1.023253202438354492e+00,-8.550143837928771973e-01,-1.227854967117309570e+00,-1.372598409652709961e+00,-5.575487017631530762e-01,-6.474542617797851562e-01,-9.429855942726135254e-01,-1.221808075904846191e+00,-1.172080755233764648e+00
7.846398949623107910e-01,8.874680399894714355e-01,5.322480797767639160e-01,9.178549647331237793e-01,1.044093489646911621e+00,7.704154849052429199e-01,1.639372706413269043e+00,1.133075356483459473e+00,1.244492292404174805e+00,8.341492414474487305e-01
-1.228855967521667480e+00,-1.345424294471740723e+00,-1.273720741271972656e+00,-9.732514619827270508e-01,-1.087838053703308105e+00,-8.660359978675842285e-01,-1.029500484466552734e+00,-7.543086409568786621e-01,-1.266524076461791992e+00,-1.096327304840087891e+00
1.065227270126342773e+00,9.218195080757141113e-01,1.086253762245178223e+00,1.115688800811767578e+00,9.911286830902099609e-01,1.072340369224548340e+00,8.459994196891784668e-01,9.105719923973083496e-01,9.081655144691467285e-01,1.092252731323242188e+00
7.235019207000732422e-01,1.125738024711608887e+00,1.612375974655151367e+00,1.184019327163696289e+00,7.607006430625915527e-01,7.228748798370361328e-01,9.864547252655029297e-01,1.315297842025756836e+00,1.111657381057739258e+00,1.275898337364196777e+00
1.224764585494995117e+00,9.527354240417480469e-01,1.335277795791625977e+00,7.457514405250549316e-01,1.101638793945312500e+00,9.688443541526794434e-01,4.799786210060119629e-01,9.193735122680664062e-01,9.241350889205932617e-01,7.214787006378173828e-01
1.210211277008056641e+00,1.066117286682128906e+00,8.012530803680419922e-01,1.003127813339233398e+00,1.539941191673278809e+00,8.417583107948303223e-01,1.537501335144042969e+00,7.033289670944213867e-01,1.094143867492675781e+00,1.017096638679504395e+00
6.123650074005126953e-01,1.260972738265991211e+00,1.456896066665649414e+00,1.034271836280822754e+00,1.520754337310791016e+00,5.659587979316711426e-01,1.123780131340026855e+00,7.719383835792541504e-01,8.468122482299804688e-01,1.286187529563903809e+00
-1.718815326690673828e+00,-7.235420346260070801e-01,-1.186892628669738770e+00,-1.042882204055786133e+00,-1.162534952163696289e+00,-2.359448671340942383e-01,-1.446339130401611328e+00,-1.005751252174377441e+00,-5.477721691131591797e-01,-1.651813507080078125e+00
1.288515806198120117e+00,1.208855032920837402e+00,1.525687813758850098e+00,1.219420790672302246e+00,7.819618582725524902e-01,1.094089508056640625e+00,9.337567090988159180e-01,1.066703677177429199e+00,5.323808193206787109e-01,6.430617570877075195e-01
-7.951610684394836426e-01,-8.920105695724487305e-01,-8.579018115997314453e-01,-1.418157100677490234e+00,-1.137176632881164551e+00,-9.466814994812011719e-01,-1.131502270698547363e+00,-1.502162814140319824e+00,-5.843311548233032227e-01,-8.622196316719055176e-01
-4.251100122928619385e-01,-1.076925873756408691e+00,-4.296096563339233398e-01,-1.441681742668151855e+00,-7.787432074546813965e-01,-4.934471547603607178e-01,-1.351831078529357910e+00,-1.183701395988464355e+00,-5.773840546607971191e-01,-1.408746600151062012e+00
-7.931541800498962402e-01,-1.110885858535766602e+00,-1.230690598487854004e+00,-6.796638965606689453e-01,-9.844737648963928223e-01,-8.060922622680664062e-01,-9.402794837951660156e-01,-1.531855106353759766e+00,-1.211874842643737793e+00,-7.724280953407287598e-01
8.095692992210388184e-01,1.065114378929138184e+00,1.126710772514343262e+00,1.341639757156372070e+00,8.775001168251037598e-01,7.947486042976379395e-01,8.190888762474060059e-01,1.200946211814880371e+00,1.400571346282958984e+00,9.039455056190490723e-01
6.529687047004699707e-01,1.066882252693176270e+00,1.038399696350097656e+00,1.346864104270935059e+00,8.000293970108032227e-01,8.131242394447326660e-01,9.840843677520751953e-01,9.709041714668273926e-01,1.027253031730651855e+00,1.414357781410217285e+00
1.019978404045104980e+00,9.043418169021606445e-01,1.422986745834350586e+00,8.494631052017211914e-01,1.176322817802429199e+00,8.295424580574035645e-01,1.278462409973144531e+00,1.023761034011840820e+00,7.169450521469116211e-01,1.094195485115051270e+00
-1.212124347686767578e+00,-1.092178463935852051e+00,-1.482115626335144043e+00,-7.401096820831298828e-01,-7.974787354469299316e-01,-2.512311339378356934e-01,-1.143401622772216797e+00,-1.307176351547241211e+00,-1.089919567108154297e+00,-1.277220249176025391e+00
1.328901529312133789e+00,1.083126783370971680e+00,7.444421648979187012e-01,8.971282243728637695e-01,1.380709648132324219e+00,8.361051082611083984e-01,1.055393099784851074e+00,1.551838994026184082e+00,1.000200867652893066e+00,9.485335946083068848e-01
1.005600094795227051e+00,1.057628035545349121e+00,1.045187354087829590e+00,1.074261784553527832e+00,1.153131842613220215e+00,1.229261279106140137e+00,8.512420058250427246e-01,8.460056781768798828e-01,7.014358043670654297e-01,1.059321165084838867e+00
1.032651901245117188e+00,1.084749817848205566e+00,1.061326742172241211e+00,8.347182273864746094e-01,1.142583012580871582e+00,5.587403774261474609e-01,1.383107185363769531e+00,9.914087057113647461e-01,1.038842320442199707e+00,1.290626645088195801e+00
5.293169617652893066e-01,7.602372765541076660e-01,1.161393284797668457e+00,1.591001629829406738e+00,8.024905920028686523e-01,8.384838104248046875e-01,8.319801688194274902e-01,5.153185129165649414e-01,1.677701711654663086e+00,8.036743998527526855e-01
-1.034036755561828613e+00,-1.213655471801757812e+00,-1.229678153991699219e+00,-1.009427309036254883e+00,-1.253844618797302246e+00,-6.163704991340637207e-01,-1.277051091194152832e+00,-8.618048429489135742e-01,-9.140355587005615234e-01,-1.126903891563415527e+00
-7.099726200103759766e-01,-9.078374505043029785e-01,-9.794875979423522949e-01,-1.008464217185974121e+00,-1.254766464233398438e+00,-1.063473343849182129e+00,-3.205766677856445312e-01,-1.502906560897827148e+00,-7.632886767387390137e-01,-1.219948768615722656e+00
1.076085090637207031e+00,8.270453810691833496e-01,1.227718472480773926e+00,8.750810027122497559e-01,1.038582324981689453e+00,1.468233108520507812e+00,7.186304926872253418e-01,1.152668476104736328e+00,1.166848659515380859e+00,1.148861408233642578e+00
-1.273577332496643066e+00,-7.888841032981872559e-01,-7.182655930519104004e-01,-8.130751252174377441e-01,-8.683381080627441406e-01,-5.423355102539062500e-01,-1.352042198181152344e+00,-9.646415114402770996e-01,-1.077360153198242188e+00,-1.047802448272705078e+00
-8.584932088851928711e-01,-1.034186244010925293e+00,-1.082954764366149902e+00,-1.112973928451538086e+00,-8.401039838790893555e-01,-1.203608989715576172e+00,-1.285888791084289551e+00,-1.255161643028259277e+00,-1.054052829742431641e+00,-1.242041707038879395e+00
-1.020594358444213867e+00,-1.228372812271118164e+00,-1.127468228340148926e+00,-1.246026873588562012e+00,-1.334342956542968750e+00,-8.220083713531494141e-01,-9.972972273826599121e-01,-1.278685927391052246e+00,-9.108591675758361816e-01,-6.714122295379638672e-01
5.192509889602661133e-01,9.927026033401489258e-01,1.356493592262268066e+00,7.349904775619506836e-01,1.142003178596496582e+00,8.307347297668457031e-01,9.890013337135314941e-01,1.101492404937744141e+00,1.268521785736083984e+00,8.104640245437622070e-01
-1.077134609222412109e+00,-7.994760870933532715e-01,-9.064089655876159668e-01,-2.737945616245269775e-01,-1.054279565811157227e+00,-4.184483885765075684e-01,-1.378738880157470703e+00,-8.346435427665710449e-01,-1.163992524147033691e+00,-1.602347016334533691e+00
7.033509612083435059e-01,1.016390800476074219e+00,9.122830629348754883e-01,6.654554009437561035e-01,8.234381675720214844e-01,5.272173285484313965e-01,2.016174554824829102e+00,1.459716081619262695e+00,1.472856998443603516e+00,1.208614826202392578e+00
1.247339367866516113e+00,8.006306886672973633e-01,1.232450723648071289e+00,1.097448348999023438e+00,9.294463992118835449e-01,8.722751140594482422e-01,9.509699940681457520e-01,1.222796082496643066e+00,1.023695707321166992e+00,1.340050816535949707e+00
1.075915813446044922e+00,6.982183456420898438e-01,5.020728111267089844e-01,1.441124677658081055e+00,1.356321692466735840e+00,8.174893856048583984e-01,1.201358199119567871e+00,1.301240205764770508e+00,1.211467742919921875e+00,9.722238779067993164e-01
2.218088507652282715e-01,-3.198544383049011230e-01,9.555153548717498779e-02,-4.980852305889129639e-01,-9.692252278327941895e-01,5.799164623022079468e-02,3.569877445697784424e-01,-4.446659088134765625e-01,4.689033329486846924e-01,-2.745409905910491943e-01
-1.077816843986511230e+00,-1.133803606033325195e+00,-5.867813825607299805e-01,-1.392552495002746582e+00,-1.417161583900451660e+00,-1.204380989074707031e+00,-1.132339835166931152e+00,-1.118250370025634766e+00,-1.418868780136108398e+00,-7.603615522384643555e-01
5.044409036636352539e-01,8.982787728309631348e-01,7.347800731658935547e-01,1.419648170471191406e+00,1.816665649414062500e+00,7.909854650497436523e-01,1.032050848007202148e+00,6.930170059204101562e-01,8.071021437644958496e-01,9.982994198799133301e-01
-1.228351235389709473e+00,-8.836786746978759766e-01,-1.458902478218078613e+00,-8.498583436012268066e-01,-7.856535911560058594e-01,-1.041701793670654297e+00,-1.396723747253417969e+00,-1.149098157882690430e+00,-9.804518818855285645e-01,-8.725158572196960449e-01
-1.204264998435974121e+00,-1.096306324005126953e+00,-1.125935196876525879e+00,-1.485333561897277832e+00,-9.970706701278686523e-01,-7.433117628097534180e-01,-9.697414636611938477e-01,-1.156739115715026855e+00,-7.289626002311706543e-01,-1.297485470771789551e+00
1.488892316818237305e+00,1.068503499031066895e+00,9.410843849182128906e-01,1.408868312835693359e+00,1.230536699295043945e+00,2.591754198074340820e-01,1.295863509178161621e+00,1.136440634727478027e+00,8.799791336059570312e-01,7.768684029579162598e-01
-1.473895430564880371e+00,-6.386530995368957520e-01,-1.153844475746154785e+00,-1.063526391983032227e+00,-3.276393413543701172e-01,-6.856969594955444336e-01,-1.381150960922241211e+00,-6.617636680603027344e-01,-9.059283733367919922e-01,-8.055880665779113770e-01
8.983324766159057617e-01,1.248360872268676758e+00,8.631088137626647949e-01,1.046239972114562988e+00,5.894488096237182617e-01,7.315105795860290527e-01,9.724357724189758301e-01,1.177738428115844727e+00,9.009482860565185547e-01,8.824631571769714355e-01
1.150218367576599121e+00,1.536399364471435547e+00,8.274908065795898438e-01,9.435294866561889648e-01,1.188546299934387207e+00,7.916714549064636230e-01,1.416656970977783203e+00,1.657277107238769531e+00,1.083018779754638672e+00,1.292846441268920898e+00
-1.193843126296997070e+00,-1.169565439224243164e+00,-9.218318462371826172e-01,-1.095721602439880371e+00,-1.370012164115905762e+00,-7.722795009613037109e-01,-1.698998689651489258e+00,-1.023960709571838379e+00,-7.818378210067749023e-01,-1.214115858078002930e+00
4.267015755176544189e-01,7.929316759109497070e-01,1.270228505134582520e+00,1.029033780097961426e+00,1.321674823760986328e+00,5.901674032211303711e-01,1.034734845161437988e+00,1.642472267150878906e+00,7.813030481338500977e-01,1.187159538269042969e+00
7.744980454444885254e-01,1.065074324607849121e+00,8.365104794502258301e-01,1.493814229965209961e+00,5.935669541358947754e-01,1.054068326950073242e+00,7.516694664955139160e-01,1.066230654716491699e+00,9.367353916168212891e-01,7.335625290870666504e-01
-1.184469461441040039e+00,-8.699557185173034668e-01,-8.566898703575134277e-01,-8.175532817840576172e-01,-9.419930577278137207e-01,-1.059440732002258301e+00,-1.019483566284179688e+00,-1.457459568977355957e+00,-1.079055905342102051e+00,-6.908746361732482910e-01
9.571107625961303711e-01,1.195328116416931152e+00,9.166553020477294922e-01,1.064330697059631348e+00,7.543278336524963379e-01,5.976223945617675781e-01,5.029114484786987305e-01,1.276558041572570801e+00,1.082788944244384766e+00,1.346177577972412109e+00
-1.064597845077514648e+00,-1.006555557250976562e+00,-1.575375556945800781e+00,-9.423797726631164551e-01,-8.793457150459289551e-01,-1.030310869216918945e+00,-1.342499613761901855e+00,-1.724571108818054199e+00,-1.006026506423950195e+00,-6.214070916175842285e-01
-1.037302374839782715e+00,-8.929941654205322266e-01,-9.174923896789550781e-01,-9.544346332550048828e-01,-9.740546941757202148e-01,-1.019989252090454102e+00,-1.371556282043457031e+00,-1.202394008636474609e+00,-1.304332256317138672e+00,-7.342963814735412598e-01
4.483652114868164062e-01,1.309551358222961426e+00,1.231494903564453125e+00,1.085327386856079102e+00,1.163233757019042969e+00,6.946680545806884766e-01,1.125879645347595215e+00,1.041752934455871582e+00,1.138928532600402832e+00,9.643246531486511230e-01
-1.184792399406433105e+00,-1.025308251380920410e+00,-1.033828616142272949e+00,-1.268526315689086914e+00,-1.376640677452087402e+00,-1.176494836807250977e+00,-9.798952341079711914e-01,-7.862784862518310547e-01,-9.622813463211059570e-01,-1.009820580482482910e+00
1.082644820213317871e+00,1.255805611610412598e+00,8.792015910148620605e-01,8.858394026756286621e-01,9.666758179664611816e-01,9.976540207862854004e-01,9.543473720550537109e-01,1.129065394401550293e+00,8.997020721435546875e-01,6.005906462669372559e-01
-5.747658014297485352e-01,-1.292893886566162109e+00,-7.739201784133911133e-01,-1.216991305351257324e+00,-8.082684278488159180e-01,-8.563858270645141602e-01,-8.873509764671325684e-01,-1.131788372993469238e+00,-9.635106921195983887e-01,-1.252959609031677246e+00
7.560322880744934082e-01,1.071323752403259277e+00,1.003716826438903809e+00,1.117493391036987305e+00,1.516120672225952148e+00,8.225128054618835449e-01,1.190025568008422852e+00,8.421842455863952637e-01,9.081907272338867188e-01,7.691332697868347168e-01
1.314044952392578125e+00,1.357426643371582031e+00,1.184926509857177734e+00,9.235306978225708008e-01,9.528697133064270020e-01,6.405735611915588379e-01,9.258235096931457520e-01,1.082632780075073242e+00,1.019523859024047852e+00,8.303665518760681152e-01
-8.531587123870849609e-01,-1.029931306838989258e+00,-1.299543261528015137e+00,-7.450530529022216797e-01,-1.003490805625915527e+00,-1.007942914962768555e+00,-1.479141116142272949e+00,-1.313695788383483887e+00,-8.989755511283874512e-01,-1.113953113555908203e+00
-1.054816365242004395e+00,-4.155707955360412598e-01,-1.439607143402099609e+00,-1.342553257942199707e+00,-1.344173073768615723e+00,-8.539239168167114258e-01,-9.622035026550292969e-01,-9.774874448776245117e-01,-1.072261929512023926e+00,-1.156895875930786133e+00
-1.289029955863952637e+00,-9.785371422767639160e-01,-6.763958334922790527e-01,-1.181824803352355957e+00,-1.417510390281677246e+00,-1.024920940399169922e+00,-1.173414826393127441e+00,-9.834647774696350098e-01,-9.459162354469299316e-01,-1.254356503486633301e+00
6.480156779289245605e-01,9.028125405311584473e-01,1.124944329261779785e+00,1.258712053298950195e+00,1.230641841888427734e+00,1.197265148162841797e+00,1.273661375045776367e+00,8.439559340476989746e-01,7.100683450698852539e-01,1.054260492324829102e+00
9.780033230781555176e-01,1.099942922592163086e+00,5.841684937477111816e-01,7.730244994163513184e-01,9.774725437164306641e-01,1.126786112785339355e+00,9.995613694190979004e-01,3.148801922798156738e-01,1.153995633125305176e+00,8.095958232879638672e-01
-1.197771430015563965e+00,-1.067941188812255859e+00,-7.250965833663940430e-01,-9.145955443382263184e-01,-1.415398955345153809e+00,-1.045709013938903809e+00,-1.153855443000793457e+00,-1.264760971069335938e+00,-1.220845460891723633e+00,-9.526599645614624023e-01
-1.142408490180969238e+00,-1.220084667205810547e+00,-9.068768620491027832e-01,-8.519668579101562500e-01,-1.128746867179870605e+00,-1.023533582687377930e+00,-1.469253063201904297e+00,-8.835968971252441406e-01,-8.039479255676269531e-01,-6.114479303359985352e-01
1.156945347785949707e+00,7.681854367256164551e-01,1.243290901184082031e+00,1.715635895729064941e+00,1.031339526176452637e+00,1.117319345474243164e+00,1.332420349121093750e+00,1.168094277381896973e+00,1.498434305191040039e+00,9.479212760925292969e-01
8.491505384445190430e-01,1.273343682289123535e+00,3.505231142044067383e-01,1.134002804756164551e+00,1.074582457542419434e+00,1.131101608276367188e+00,1.134595990180969238e+00,1.297288179397583008e+00,9.911393523216247559e-01,9.431437849998474121e-01
1.015206694602966309e+00,1.622562766075134277e+00,8.355707526206970215e-01,1.672065734863281250e+00,1.295835494995117188e+00,7.704256176948547363e-01,1.434373855590820312e+00,4.380766451358795166e-01,7.030449509620666504e-01,1.125634551048278809e+00
-1.387614011764526367e+00,-8.802450299263000488e-01,-1.665072917938232422e+00,-1.015174388885498047e+00,-1.165455341339111328e+00,-1.377173185348510742e+00,-9.869796037673950195e-01,-1.569121837615966797e+00,-1.001701235771179199e+00,-9.814643859863281250e-01
-9.157696366310119629e-01,-1.048704743385314941e+00,-1.174466133117675781e+00,-1.007773280143737793e+00,-6.651045083999633789e-01,-8.050132989883422852e-01,-1.530281066894531250e+00,-1.428979396820068359e+00,-1.329304575920104980e+00,-8.887387514114379883e-01
1.029588818550109863e+00,1.017645597457885742e+00,9.102246761322021484e-01,9.193667769432067871e-01,1.213540911674499512e+00,1.346129059791564941e+00,1.059649229049682617e+00,8.875076174736022949e-01,1.225592494010925293e+00,7.900096178054809570e-01
6.974908113479614258e-01,3.837405443191528320e-01,7.722851037979125977e-01,6.431253552436828613e-01,1.149329304695129395e+00,1.119303226470947266e+00,2.287694513797760010e-01,9.838279485702514648e-01,5.997239351272583008e-01,6.499683856964111328e-01
-1.362722873687744141e+00,-5.821980834007263184e-01,-8.775325417518615723e-01,-1.141946792602539062e+00,-1.500561714172363281e+00,-6.764926910400390625e-01,-1.504504442214965820e+00,-1.091076731681823730e+00,-1.082526445388793945e+00,-1.105285882949829102e+00
-1.032483696937561035e+00,-1.033646702766418457e+00,-8.285168409347534180e-01,-1.638070821762084961e+00,-1.070537090301513672e+00,-9.229369163513183594e-01,-1.697241902351379395e+00,-1.063386797904968262e+00,-1.143300652503967285e+00,-8.705068230628967285e-01
4.029908776283264160e-01,1.217339158058166504e+00,1.068988919258117676e+00,1.101217150688171387e+00,9.201599955558776855e-01,1.264518141746520996e+00,9.197492003440856934e-01,8.719129562377929688e-01,1.272843599319458008e+00,1.090135574340820312e+00
9.720532894134521484e-01,1.108545422554016113e+00,7.516999840736389160e-01,8.834927082061767578e-01,1.268930912017822266e+00,1.250158786773681641e+00,9.469771385192871094e-01,1.018630981445312500e+00,1.060801982879638672e+00,9.745610356330871582e-01
3.103966414928436279e-01,1.365775346755981445e+00,1.485116004943847656e+00,7.911341786384582520e-01,9.597313404083251953e-01,7.416806817054748535e-01,1.407311320304870605e+00,1.374598741531372070e+00,9.962407946586608887e-01,6.491906642913818359e-01
1.208727955818176270e+00,1.055797100067138672e+00,8.719978332519531250e-01,1.031981825828552246e+00,9.317466616630554199e-01,8.273477554321289062e-01,9.146434664726257324e-01,8.659486770629882812e-01,1.367247819900512695e+00,1.245596766471862793e+00
-1.509451866149902344e+00,-1.348997950553894043e+00,-1.057634472846984863e+00,-1.039974570274353027e+00,-1.363099932670593262e+00,-1.061036348342895508e+00,-1.327250242233276367e+00,-7.597289681434631348e-01,-1.202864170074462891e+00,-1.231639981269836426e+00
-1.024555921554565430e+00,-7.078950405120849609e-01,-1.518971323966979980e+00,-7.443231344223022461e-01,-1.533497095108032227e+00,-1.225265502929687500e+00,-8.618310689926147461e-01,-7.418455481529235840e-01,-1.305934548377990723e+00,-8.836925029754638672e-01
-1.332432389259338379e+00,-3.452326357364654541e-01,-5.368210673332214355e-01,-7.599802613258361816e-01,-1.048815131187438965e+00,-9.026136398315429688e-01,-9.739232659339904785e-01,-9.219927787780761719e-01,-1.430441379547119141e+00,-1.225597262382507324e+00
-1.263698220252990723e+00,-7.674484848976135254e-01,-1.687805891036987305e+00,-1.063225030899047852e+00,-9.204537868499755859e-01,-1.065311789512634277e+00,-1.120390415191650391e+00,-1.027641892433166504e+00,-1.362123727798461914e+00,-8.958473801612854004e-01
-6.946227550506591797e-01,-1.571835279464721680e+00,-8.275858163833618164e-01,-1.843668580055236816e+00,-1.099749922752380371e+00,-1.066252708435058594e+00,-1.090846538543701172e+00,-1.446584224700927734e+00,-1.562748670578002930e+00,-7.439962029457092285e-01
1.030912995338439941e+00,9.843369722366333008e-01,1.312362313270568848e+00,9.118582606315612793e-01,1.318715691566467285e+00,6.997314095497131348e-01,5.995174050331115723e-01,1.839535832405090332e+00,5.604108572006225586e-01,7.981628179550170898e-01
7.844544053077697754e-01,1.151063323020935059e+00,9.612097144126892090e-01,1.096381425857543945e+00,8.435956239700317383e-01,1.258542418479919434e+00,1.148351430892944336e+00,1.108599662780761719e+00,1.089421987533569336e+00,1.007472634315490723e+00
-6.783825159072875977e-01,-1.371929645538330078e+00,-1.256332278251647949e+00,-1.056922554969787598e+00,-8.180838227272033691e-01,-1.050487399101257324e+00,-1.023795723915100098e+00,-1.002539157867431641e+00,-7.318082451820373535e-01,-1.187000989913940430e+00
-1.243734002113342285e+00,-9.994533061981201172e-01,-1.169153213500976562e+00,-9.625586271286010742e-01,-1.052994370460510254e+00,-7.720912694931030273e-01,-5.160601139068603516e-01,-1.226026296615600586e+00,-1.150062441825866699e+00,-5.575157403945922852e-01
-1.451457619667053223e+00,-6.035712361335754395e-01,-9.501974582672119141e-01,-1.132995724678039551e+00,-7.559373974800109863e-01,-1.043178439140319824e+00,-7.566420435905456543e-01,-9.483261704444885254e-01,-9.399244189262390137e-01,-9.776476025581359863e-01
-1.489084839820861816e+00,-9.273542761802673340e-01,-1.144509673118591309e+00,-1.158392429351806641e+00,-9.876511693000793457e-01,-1.277384281158447266e+00,-1.036766409873962402e+00,-1.238693594932556152e+00,-9.852527379989624023e-01,-1.145638227462768555e+00
1.218875408172607422e+00,1.398491024971008301e+00,1.107438802719116211e+00,1.163648843765258789e+00,1.109157681465148926e+00,8.160342574119567871e-01,9.755533933639526367e-01,9.579297304153442383e-01,8.991488814353942871e-01,7.572450041770935059e-01
-1.047220706939697266e+00,-7.831608057022094727e-01,-9.629768133163452148e-01,-9.673273563385009766e-01,-1.063758850097656250e+00,-7.022997140884399414e-01,-1.752009749412536621e+00,-1.082623720169067383e+00,-9.145901799201965332e-01,-1.305160403251647949e+00
1.036543726921081543e+00,1.212410092353820801e+00,8.825651407241821289e-01,9.394460320472717285e-01,1.301054358482360840e+00,1.231419086456298828e+00,1.047362804412841797e+00,8.081871867179870605e-01,1.123669743537902832e+00,1.238975405693054199e+00
1.117902278900146484e+00,1.066567659378051758e+00,1.097095727920532227e+00,7.404789328575134277e-01,1.370890021324157715e+00,3.852994740009307861e-01,8.343465924263000488e-01,1.252647638320922852e+00,6.252875328063964844e-01,8.367120027542114258e-01
1.254960775375366211e+00,1.524079680442810059e+00,1.006748795509338379e+00,8.026607036590576172e-01,1.136026144027709961e+00,1.005046606063842773e+00,9.230020046234130859e-01,8.015945553779602051e-01,1.473543882369995117e+00,1.038580656051635742e+00
7.980588674545288086e-01,9.599537849426269531e-01,7.156189680099487305e-01,5.798721313476562500e-01,1.100636482238769531e+00,1.073101162910461426e+00,9.695767164230346680e-01,1.407857537269592285e+00,8.543471097946166992e-01,1.427087664604187012e+00
1.046928405761718750e+00,1.003352165222167969e+00,9.153602123260498047e-01,9.112591743469238281e-01,1.054708361625671387e+00,1.321524620056152344e+00,3.458019793033599854e-01,1.045630455017089844e+00,1.059280276298522949e+00,9.759901165962219238e-01
-1.723817825317382812e+00,-1.077607750892639160e+00,-1.068634033203125000e+00,-9.073659777641296387e-01,-6.134961247444152832e-01,-1.036027073860168457e+00,-1.070315718650817871e+00,-7.240244150161743164e-01,-1.645645976066589355e+00,-1.222169041633605957e+00
-1.187580347061157227e+00,-1.090237379074096680e+00,-9.864523410797119141e-01,-1.132647514343261719e+00,-8.952928185462951660e-01,-1.170429229736328125e+00,-1.435678482055664062e+00,-8.637618422508239746e-01,-1.275003314018249512e+00,-8.708493113517761230e-01
1.301262140274047852e+00,7.612875103950500488e-01,4.363724589347839355e-01,1.700057625770568848e+00,2.813860476016998291e-01,1.181900858879089355e+00,1.092431306838989258e+00,1.265186786651611328e+00,8.601331710815429688e-01,7.817893028259277344e-01
9.123508334159851074e-01,1.410077571868896484e+00,9.033680558204650879e-01,1.205296516418457031e+00,9.813050627708435059e-01,7.948580980300903320e-01,5.568808913230895996e-01,8.758705854415893555e-01,1.183089733123779297e+00,9.275425672531127930e-01
-8.943772912025451660e-01,-9.941751360893249512e-01,-7.879553437232971191e-01,-1.066665410995483398e+00,-6.739689707756042480e-01,-9.834879636764526367e-01,-5.826560854911804199e-01,-1.579539060592651367e+00,-8.469415307044982910e-01,-1.212759017944335938e+00
1.030213117599487305e+00,1.254180908203125000e+00,7.479577064514160156e-01,8.900007009506225586e-01,7.489579916000366211e-01,1.499982714653015137e+00,9.632596969604492188e-01,7.557869553565979004e-01,9.281907677650451660e-01,1.060346841812133789e+00
7.058550715446472168e-01,1.264797925949096680e+00,5.629566907882690430e-01,7.638478279113769531e-01,1.161212205886840820e+00,1.068502545356750488e+00,1.393597245216369629e+00,8.692526221275329590e-01,3.715216815471649170e-01,1.407416343688964844e+00
1.081637144088745117e+00,9.845958948135375977e-01,1.254387259483337402e+00,1.077172756195068359e+00,8.403852581977844238e-01,6.434624791145324707e-01,1.533079743385314941e+00,8.161905407905578613e-01,9.697211980819702148e-01,1.560161709785461426e+00
7.091102004051208496e-01,1.092092514038085938e+00,9.319495558738708496e-01,1.187978148460388184e+00,9.662169814109802246e-01,2.323428094387054443e-01,5.702846050262451172e-01,8.500202000141143799e-02,1.126191020011901855e+00,7.413908243179321289e-01
-9.334536194801330566e-01,-1.161665439605712891e+00,-4.485247135162353516e-01,-1.165776491165161133e+00,-7.335238456726074219e-01,-9.088166356086730957e-01,-1.570194363594055176e+00,-1.182373285293579102e+00,-1.240082025527954102e+00,-6.364500522613525391e-01
9.362651705741882324e-01,1.267136693000793457e+00,6.571889519691467285e-01,7.424362897872924805e-01,7.406787872314453125e-01,8.670269250869750977e-01,6.281132102012634277e-01,1.070910811424255371e+00,1.391806960105895996e+00,1.114565849304199219e+00
9.110715389251708984e-01,1.420825839042663574e+00,1.356703877449035645e+00,9.807143807411193848e-01,1.008785009384155273e+00,5.488446354866027832e-01,7.975931167602539062e-01,1.493088245391845703e+00,1.075937032699584961e+00,1.020865321159362793e+00
1.105039715766906738e+00,1.325830578804016113e+00,8.559967279434204102e-01,9.831102490425109863e-01,1.271736860275268555e+00,1.125863909721374512e+00,1.139857172966003418e+00,1.212305665016174316e+00,1.047480463981628418e+00,1.078098535537719727e+00
7.476090192794799805e-01,1.155538678169250488e+00,7.979741096496582031e-01,5.591257214546203613e-01,1.068382263183593750e+00,7.680242061614990234e-01,8.867187500000000000e-01,1.197684884071350098e+00,1.346143364906311035e+00,6.494773030281066895e-01
-3.529984354972839355e-01,-6.290967464447021484e-01,-7.575504183769226074e-01,-8.628672957420349121e-01,-7.727250456809997559e-01,-1.098769068717956543e+00,-8.161516189575195312e-01,-1.669784069061279297e+00,-1.060038328170776367e+00,-9.055651426315307617e-01
6.204017996788024902e-01,1.445058345794677734e+00,1.155359983444213867e+00,6.904395222663879395e-01,9.047132730484008789e-01,8.464756608009338379e-01,1.120646715164184570e+00,1.277241706848144531e+00,1.153680205345153809e+00,9.552665948867797852e-01
6.740531325340270996e-01,7.536161541938781738e-01,9.401096701622009277e-01,1.382716894149780273e+00,6.945630311965942383e-01,1.267431020736694336e+00,1.195234775543212891e+00,1.108557343482971191e+00,6.409962773323059082e-01,1.062718152999877930e+00
6.032764911651611328e-01,1.299808621406555176e+00,7.319331169128417969e-01,1.120304346084594727e+00,1.141635894775390625e+00,5.925965309143066406e-01,1.073841571807861328e+00,1.145898699760437012e+00,4.818294644355773926e-01,7.643675208091735840e-01
7.148541808128356934e-01,7.189115285873413086e-01,1.164362311363220215e+00,1.162332177162170410e+00,9.433569908142089844e-01,1.087531089782714844e+00,1.059336900711059570e+00,7.379390001296997070e-01,1.272092342376708984e+00,6.365256309509277344e-01
5.710027813911437988e-01,1.416531801223754883e+00,1.293245434761047363e+00,8.463248014450073242e-01,9.919773936271667480e-01,1.002491593360900879e+00,1.082963943481445312e+00,1.064446926116943359e+00,5.538254976272583008e-01,1.234699964523315430e+00
3.741574883460998535e-01,1.245617508888244629e+00,1.170402765274047852e+00,9.751347899436950684e-01,6.936985254287719727e-01,5.167603492736816406e-01,6.801519393920898438e-01,1.277959346771240234e+00,4.953987598419189453e-01,9.700106382369995117e-01
6.212651133537292480e-01,9.729742407798767090e-01,1.132744073867797852e+00,9.220259189605712891e-01,1.247139096260070801e+00,1.438546061515808105e+00,8.011228442192077637e-01,7.355653047561645508e-01,1.219157218933105469e+00,1.190945386886596680e+00
1.492192268371582031e+00,1.156107902526855469e+00,1.239849090576171875e+00,1.120691776275634766e+00,1.035227179527282715e+00,9.261630177497863770e-01,1.098997354507446289e+00,1.253895163536071777e+00,9.954165816307067871e-01,7.784264087677001953e-01
1.050184488296508789e+00,1.068847417831420898e+00,6.747559905052185059e-01,8.891107439994812012e-01,1.035125374794006348e+00,5.577154159545898438e-01,1.092876553535461426e+00,1.098832130432128906e+00,1.114035010337829590e+00,1.407819986343383789e+00
-1.299606442451477051e+00,-5.828006863594055176e-01,-8.938594460487365723e-01,-1.056807756423950195e+00,-8.827161192893981934e-01,-1.424116253852844238e+00,-1.331818222999572754e+00,-1.176746129989624023e+00,-8.090329170227050781e-01,-9.913934469223022461e-01
-1.070160388946533203e+00,-8.151491284370422363e-01,-1.555141210556030273e+00,-1.161833763122558594e+00,-1.076176643371582031e+00,-6.965232491493225098e-01,-1.164192438125610352e+00,-1.493539333343505859e+00,-6.293804645538330078e-01,-1.154138326644897461e+00
-1.320259213447570801e+00,-1.054517626762390137e+00,-1.179292440414428711e+00,-1.386661529541015625e+00,-7.209551930427551270e-01,-9.950088858604431152e-01,-1.601432919502258301e+00,-1.148681044578552246e+00,-1.250237226486206055e+00,-8.287122845649719238e-01
1.187376976013183594e+00,1.150829792022705078e+00,6.602692008018493652e-01,1.294362425804138184e+00,6.689443588256835938e-01,9.805039167404174805e-01,8.617981672286987305e-01,1.495609998703002930e+00,1.036613106727600098e+00,9.196311831474304199e-01
1.092591404914855957e+00,1.104370713233947754e+00,1.083565115928649902e+00,1.370986580848693848e+00,1.525203347206115723e+00,1.085773348808288574e+00,1.210991978645324707e+00,9.987652897834777832e-01,1.210726499557495117e+00,9.875249862670898438e-01
8.826196193695068359e-01,1.168312668800354004e+00,7.089880704879760742e-01,4.786324799060821533e-01,7.618663907051086426e-01,1.118276357650756836e+00,1.254675745964050293e+00,9.602413773536682129e-01,1.303620576858520508e+00,1.066693186759948730e+00
-1.075142264366149902e+00,-9.342299699783325195e-01,-1.284168243408203125e+00,-1.123149871826171875e+00,-7.340873479843139648e-01,-6.544499993324279785e-01,-1.290279984474182129e+00,-1.035290002822875977e+00,-8.540108799934387207e-01,-1.453859686851501465e+00
-8.117045760154724121e-01,-9.244612455368041992e-01,-1.188341259956359863e+00,-1.067194461822509766e+00,-8.551475405693054199e-01,-1.281570196151733398e+00,-1.266607046127319336e+00,-9.288136959075927734e-01,-1.254825830459594727e+00,-7.208926677703857422e-01
6.949310898780822754e-01,1.352366089820861816e+00,1.344806313514709473e+00,7.866426706314086914e-01,7.721536159515380859e-01,9.021699428558349609e-01,1.096997380256652832e+00,1.447032332420349121e+00,1.363684773445129395e+00,1.087357163429260254e+00
-1.254529356956481934e+00,-1.046985268592834473e+00,-9.286764264106750488e-01,-1.077383041381835938e+00,-1.205281972885131836e+00,-6.796339750289916992e-01,-1.285227894783020020e+00,-1.014340519905090332e+00,-1.001421570777893066e+00,-1.108990311622619629e+00
8.295858502388000488e-01,1.188036322593688965e+00,8.299261927604675293e-01,8.579238057136535645e-01,1.805617451667785645e+00,8.563699126243591309e-01,1.271055459976196289e+00,3.689470291137695312e-01,8.197580575942993164e-01,1.215302348136901855e+00
9.348866343498229980e-01,8.978394865989685059e-01,1.364744067192077637e+00,4.173533618450164795e-01,9.705487489700317383e-01,8.643960356712341309e-01,9.065174460411071777e-01,1.064674735069274902e+00,1.484072089195251465e+00,1.484698772430419922e+00
-1.030629634857177734e+00,-7.827116847038269043e-01,-8.815312981605529785e-01,-9.512865543365478516e-01,-1.310625553131103516e+00,-5.745651721954345703e-01,-1.147178173065185547e+00,-1.100263118743896484e+00,-1.046533584594726562e+00,-1.310531020164489746e+00
-1.594061613082885742e+00,-8.470169901847839355e-01,-1.580602765083312988e+00,-9.040970206260681152e-01,-7.635743618011474609e-01,-5.976024866104125977e-01,-1.239431023597717285e+00,-6.764560341835021973e-01,-1.124930381774902344e+00,-1.312642693519592285e+00
1.236671447753906250e+00,1.715226173400878906e+00,1.329153418540954590e+00,6.873416304588317871e-01,9.449777007102966309e-01,7.719688415527343750e-01,9.358333349227905273e-01,6.351155638694763184e-01,9.557439088821411133e-01,8.842428326606750488e-01
-1.323443651199340820e+00,-1.211479783058166504e+00,-1.598601341247558594e+00,-1.587389349937438965e+00,-1.114192366600036621e+00,-4.497414827346801758e-01,-1.081274747848510742e+00,-8.048787713050842285e-01,-9.336627125740051270e-01,-1.129554510116577148e+00
1.141123533248901367e+00,1.247562408447265625e+00,7.897440195083618164e-01,8.801012039184570312e-01,8.310094475746154785e-01,1.059892535209655762e+00,9.569992423057556152e-01,1.179393053054809570e+00,7.575661540031433105e-01,8.879591822624206543e-01
-1.032689452171325684e+00,-9.964011907577514648e-01,-1.062254071235656738e+00,-8.238366246223449707e-01,-1.051661014556884766e+00,-8.896710276603698730e-01,-1.449525952339172363e+00,-1.003535866737365723e+00,-9.530230164527893066e-01,-9.385660886764526367e-01
9.168450832366943359e-01,1.518886923789978027e+00,8.839601278305053711e-01,9.908672571182250977e-01,9.600859284400939941e-01,1.345577478408813477e+00,9.748505949974060059e-01,1.146363258361816406e+00,9.397310614585876465e-01,1.340048193931579590e+00
1.300201773643493652e+00,1.331359148025512695e+00,1.419472336769104004e+00,1.171245574951171875e+00,9.326266050338745117e-01,6.977805495262145996e-01,9.610234498977661133e-01,1.048096656799316406e+00,6.279573440551757812e-01,4.126590192317962646e-01
1.051621198654174805e+00,8.155626058578491211e-01,1.266983747482299805e+00,1.665715575218200684e+00,8.721292614936828613e-01,8.862800002098083496e-01,9.301068782806396484e-01,1.113976716995239258e+00,1.369921922683715820e+00,1.054548382759094238e+00
-1.148452758789062500e+00,-8.925188183784484863e-01,-8.405012488365173340e-01,-1.633278608322143555e+00,-1.022956371307373047e+00,-6.443256735801696777e-01,-1.599115014076232910e+00,-1.141713380813598633e+00,-1.337586879730224609e+00,-9.026376605033874512e-01
8.772427439689636230e-01,8.074335455894470215e-01,1.078750610351562500e+00,6.052525639533996582e-01,1.127221226692199707e+00,9.064095616340637207e-01,8.415396809577941895e-01,1.246145963668823242e+00,9.943364858627319336e-01,1.047225832939147949e+00
-1.421564817428588867e+00,-7.704251408576965332e-01,-9.744424223899841309e-01,-9.441883563995361328e-01,-1.226732254028320312e+00,-8.092816472053527832e-01,-9.713591933250427246e-01,-1.374253273010253906e+00,-1.473500967025756836e+00,-7.575556039810180664e-01
-1.279536485671997070e+00,-7.000318169593811035e-01,-1.403293728828430176e+00,-6.276048421859741211e-01,-1.343895196914672852e+00,-8.508601188659667969e-01,-8.544108867645263672e-01,-1.089136123657226562e+00,-9.323076009750366211e-01,-1.439261078834533691e+00
4.415767490863800049e-01,1.385957717895507812e+00,1.272343277931213379e+00,1.273213148117065430e+00,1.076037168502807617e+00,4.481039643287658691e-01,8.843258619308471680e-01,1.226912260055541992e+00,1.160503506660461426e+00,9.217931628227233887e-01
-1.320334553718566895e+00,-5.269837975502014160e-01,-9.222792983055114746e-01,-7.632305622100830078e-01,-1.050875902175903320e+00,-8.663653135299682617e-01,-8.418463468551635742e-01,-8.616505861282348633e-01,-9.556142091751098633e-01,-1.359108090400695801e+00
1.151773691177368164e+00,1.121481418609619141e+00,8.399539589881896973e-01,9.829295277595520020e-01,1.370296359062194824e+00,6.798356175422668457e-01,1.597175121307373047e+00,8.527060747146606445e-01,1.077162742614746094e+00,7.688934803009033203e-01
8.082935214042663574e-01,1.207305908203125000e+00,1.338914155960083008e+00,9.574550390243530273e-01,1.039816021919250488e+00,1.349046707153320312e+00,7.032521963119506836e-01,9.875684380531311035e-01,1.191340446472167969e+00,1.046213030815124512e+00
1.025739073753356934e+00,1.212490916252136230e+00,1.026485562324523926e+00,7.798895239830017090e-01,1.266298294067382812e+00,5.579701662063598633e-01,1.340411424636840820e+00,1.346217393875122070e+00,6.770059466361999512e-01,1.003061175346374512e+00
-1.422887206077575684e+00,-1.090413928031921387e+00,-1.024665594100952148e+00,-7.777563333511352539e-01,-5.924665331840515137e-01,-7.885985970497131348e-01,-1.109827756881713867e+00,-1.281773447990417480e+00,-1.120511531829833984e+00,-4.839521646499633789e-01
-3.587816655635833740e-01,-9.134672284126281738e-01,-6.370438933372497559e-01,-3.812424242496490479e-01,-1.385854125022888184e+00,-4.783688783645629883e-01,-1.353613018989562988e+00,-1.023354530334472656e+00,-1.115078568458557129e+00,-9.501134157180786133e-01
9.449022412300109863e-01,1.569836258888244629e+00,5.148644447326660156e-01,1.238124370574951172e+00,1.199453234672546387e+00,7.253155708312988281e-01,7.755648493766784668e-01,1.232705235481262207e+00,1.167840957641601562e+00,1.277620792388916016e+00
7.235690355300903320e-01,4.418280720710754395e-01,8.421131968498229980e-01,1.163540363311767578e+00,1.396630525588989258e+00,1.011983275413513184e+00,7.998346090316772461e-01,1.363145589828491211e+00,1.338729143142700195e+00,6.146180629730224609e-01
-9.553285837173461914e-01,-8.953942060470581055e-01,-7.023009061813354492e-01,-9.267487525939941406e-01,-9.447911977767944336e-01,-1.204324960708618164e+00,-1.070772171020507812e+00,-1.711186051368713379e+00,-8.683026432991027832e-01,-1.352377772331237793e+00
1.287192225456237793e+00,5.277200341224670410e-01,4.773710370063781738e-01,1.369772672653198242e+00,1.024161458015441895e+00,6.551144719123840332e-01,1.176307559013366699e+00,1.537321925163269043e+00,1.051218628883361816e+00,5.761375427246093750e-01
-8.639773726463317871e-01,-8.190556764602661133e-01,-8.734494447708129883e-01,-1.282630920410156250e+00,-1.141245841979980469e+00,-1.088858246803283691e+00,-6.814443469047546387e-01,-1.060932278633117676e+00,-1.132665157318115234e+00,-1.134606957435607910e+00
1.022786140441894531e+00,1.209011316299438477e+00,8.333662152290344238e-01,1.041951894760131836e+00,1.009832739830017090e+00,1.006828427314758301e+00,1.008793115615844727e+00,1.259047627449035645e+00,1.265659689903259277e+00,1.033461213111877441e+00
-1.105164289474487305e+00,-5.660917758941650391e-01,-5.696133971214294434e-01,-6.578418016433715820e-01,-1.437303185462951660e+00,-1.065579056739807129e+00,-9.924495816230773926e-01,-6.299132108688354492e-01,-1.497368335723876953e+00,-9.297935962677001953e-01
1.115442037582397461e+00,7.428319454193115234e-01,1.101799964904785156e+00,6.242715120315551758e-01,7.223125100135803223e-01,1.140523552894592285e+00,9.912940859794616699e-01,1.149689555168151855e+00,9.032738208770751953e-01,1.137244820594787598e+00
7.047337293624877930e-01,1.371083617210388184e+00,1.411111593246459961e+00,6.979044079780578613e-01,7.842673659324645996e-01,8.903284668922424316e-01,6.187462806701660156e-01,4.611964523792266846e-01,1.598936557769775391e+00,8.613092303276062012e-01
-7.979173660278320312e-01,-5.590611100196838379e-01,-1.136472225189208984e+00,-7.902938723564147949e-01,-7.983387112617492676e-01,-3.676377832889556885e-01,-9.678135514259338379e-01,-1.311461448669433594e+00,-8.728671073913574219e-01,-5.197752118110656738e-01
8.201717138290405273e-01,9.581509828567504883e-01,1.061210155487060547e+00,1.387605071067810059e+00,1.453981995582580566e+00,6.907727718353271484e-01,8.704099059104919434e-01,8.002365231513977051e-01,9.542188048362731934e-01,6.859407424926757812e-01
7.216894626617431641e-01,1.308031082153320312e+00,1.475524544715881348e+00,1.555741429328918457e+00,1.000035166740417480e+00,1.446832537651062012e+00,1.261114120483398438e+00,9.700226187705993652e-01,1.655657887458801270e+00,1.187547206878662109e+00
1.552486538887023926e+00,9.626029133796691895e-01,9.495525360107421875e-01,5.036166906356811523e-01,1.135981202125549316e+00,1.278826832771301270e+00,5.332589745521545410e-01,8.296230435371398926e-01,9.181680679321289062e-01,1.040908217430114746e+00
-1.269214630126953125e+00,-8.432314991950988770e-01,-1.063269138336181641e+00,-8.520138263702392578e-01,-1.262348055839538574e+00,-6.689148545265197754e-01,-1.284274935722351074e+00,-1.482071995735168457e+00,-1.375877618789672852e+00,-9.973212480545043945e-01
-9.561408758163452148e-01,-2.497720271348953247e-01,-7.712785899639129639e-02,-8.220173120498657227e-01,-1.085328221321105957e+00,3.312748670578002930e-02,-4.860586524009704590e-01,-5.385802388191223145e-01,-5.964757204055786133e-01,-1.520737767219543457e+00
7.172153592109680176e-01,1.415066838264465332e+00,1.190188646316528320e+00,1.233446359634399414e+00,9.827837944030761719e-01,1.168819904327392578e+00,1.027923703193664551e+00,3.669239878654479980e-01,1.464071035385131836e+00,9.256824254989624023e-01
1.006471753120422363e+00,8.852499723434448242e-01,8.939357399940490723e-01,1.369957327842712402e+00,1.078288912773132324e+00,6.761419177055358887e-01,9.577942490577697754e-01,6.594855189323425293e-01,8.282954692840576172e-01,1.214788317680358887e+00
-5.642280578613281250e-01,-8.951197266578674316e-01,-6.740448474884033203e-01,-1.293745040893554688e+00,-1.497847795486450195e+00,-1.243655920028686523e+00,-7.671985030174255371e-01,-1.685781359672546387e+00,-6.347360014915466309e-01,-1.497974276542663574e+00
3.082590997219085693e-01,1.139567255973815918e+00,1.250123739242553711e+00,1.754291057586669922e+00,8.773943781852722168e-01,7.683847546577453613e-01,1.044509410858154297e+00,4.494387805461883545e-01,1.380015969276428223e+00,8.255161643028259277e-01
6.451202034950256348e-01,1.274183988571166992e+00,1.251558780670166016e+00,1.172274112701416016e+00,1.107184767723083496e+00,8.530039191246032715e-01,1.106207370758056641e+00,1.208345770835876465e+00,7.410268783569335938e-01,1.208712458610534668e+00
1.018275380134582520e+00,9.590307474136352539e-01,9.915784597396850586e-01,6.450589299201965332e-01,1.139504551887512207e+00,9.679889678955078125e-01,1.192701101303100586e+00,1.515436172485351562e+00,7.946190834045410156e-01,1.172919273376464844e+00
-1.009346485137939453e+00,-1.453481912612915039e+00,-1.392844080924987793e+00,-8.249413371086120605e-01,-1.448181152343750000e+00,-8.871518373489379883e-01,-9.371887445449829102e-01,-1.118708729743957520e+00,-1.156186461448669434e+00,-1.519867300987243652e+00
8.519669771194458008e-01,1.077493309974670410e+00,1.258519053459167480e+00,9.536356925964355469e-01,6.777600049972534180e-01,7.591341733932495117e-01,8.647790551185607910e-01,1.142293691635131836e+00,1.195809841156005859e+00,5.148926377296447754e-01
8.694118261337280273e-01,7.201369404792785645e-01,1.085150361061096191e+00,7.731408476829528809e-01,1.316551923751831055e+00,8.317602276802062988e-01,7.109949588775634766e-01,9.478944540023803711e-01,1.077918291091918945e+00,1.268550515174865723e+00
-1.242827773094177246e+00,-1.398341298103332520e+00,-8.493711352348327637e-01,-1.180856943130493164e+00,-9.434052705764770508e-01,-9.143521785736083984e-01,-1.265450358390808105e+00,-1.145383477210998535e+00,-9.246788024902343750e-01,-7.828127145767211914e-01
-9.773200154304504395e-01,-8.297973871231079102e-01,-1.180984973907470703e+00,-7.334447503089904785e-01,-1.319869756698608398e+00,-1.231242299079895020e+00,-1.149840354919433594e+00,-1.364003658294677734e+00,-9.500890970230102539e-01,-1.003228187561035156e+00
-5.784252882003784180e-01,-5.704222917556762695e-01,-6.743120551109313965e-01,-1.097037076950073242e+00,-1.354844331741333008e+00,-6.446523070335388184e-01,-1.228564977645874023e+00,-1.286730289459228516e+00,-9.703665971755981445e-01,-1.582033157348632812e+00
1.037722110748291016e+00,1.703968882560729980e+00,8.917084932327270508e-01,6.673450469970703125e-01,1.500011682510375977e+00,1.036575198173522949e+00,1.069495797157287598e+00,1.012591838836669922e+00,1.267640709877014160e+00,1.062573790550231934e+00
6.370421051979064941e-01,9.051370620727539062e-01,1.112608790397644043e+00,9.566687941551208496e-01,1.260355353355407715e+00,9.301133155822753906e-01,1.094205617904663086e+00,1.222583174705505371e+00,9.479517936706542969e-01,8.864525556564331055e-01
5.615931749343872070e-01,1.268449306488037109e+00,6.616067290306091309e-01,1.165563225746154785e+00,8.908337354660034180e-01,1.004142880439758301e+00,1.050723910331726074e+00,1.112697720527648926e+00,1.242394924163818359e+00,1.028282284736633301e+00
7.977290749549865723e-01,8.491491675376892090e-01,6.619926691055297852e-01,1.133781075477600098e+00,8.787546753883361816e-01,9.683999419212341309e-01,1.103535652160644531e+00,6.209871768951416016e-01,5.692558884620666504e-01,8.286703228950500488e-01
-5.823141932487487793e-01,-1.093551635742187500e+00,-5.579414963722229004e-01,-4.521027207374572754e-01,-1.148017168045043945e+00,-1.101297378540039062e+00,-1.487932801246643066e+00,-9.506993889808654785e-01,-1.316395401954650879e+00,-1.171493887901306152e+00
1.324952840805053711e+00,1.052980780601501465e+00,8.324432969093322754e-01,1.185904264450073242e+00,7.461777925491333008e-01,8.639053106307983398e-01,1.023764014244079590e+00,1.406304717063903809e+00,1.017417788505554199e+00,7.465584874153137207e-01
6.170238852500915527e-01,1.063931107521057129e+00,1.076137304306030273e+00,1.268693566322326660e+00,1.376440286636352539e+00,1.157940387725830078e+00,1.009720683097839355e+00,7.314947843551635742e-01,1.300396800041198730e+00,7.221608757972717285e-01
1.038540482521057129e+00,1.127204418182373047e+00,1.539630413055419922e+00,8.965023756027221680e-01,7.438674569129943848e-01,8.174804449081420898e-01,9.834944009780883789e-01,1.114034891128540039e+00,9.347667098045349121e-01,1.233192443847656250e+00
-1.007732391357421875e+00,-1.135645270347595215e+00,-9.625607728958129883e-01,-6.700542569160461426e-01,-7.591185569763183594e-01,-1.112742185592651367e+00,-8.731068372726440430e-01,-7.633987069129943848e-01,-9.488595128059387207e-01,-1.127182006835937500e+00
6.732963323593139648e-01,1.177297830581665039e+00,8.013840317726135254e-01,8.395943641662597656e-01,1.211761355400085449e+00,1.437676072120666504e+00,9.338028430938720703e-01,9.839341640472412109e-01,1.100233435630798340e+00,8.838847875595092773e-01
-1.268783807754516602e+00,-8.101236820220947266e-01,-1.491473674774169922e+00,-9.789560437202453613e-01,-9.961178898811340332e-01,-5.481258630752563477e-01,-8.672607541084289551e-01,-9.523208141326904297e-01,-6.046611070632934570e-01,-1.535375833511352539e+00
7.268177270889282227e-01,7.999696135520935059e-01,3.161293566226959229e-01,7.408947348594665527e-01,1.092749714851379395e+00,1.567310094833374023e+00,8.505745530128479004e-01,1.324991345405578613e+00,1.139983415603637695e+00,8.881862759590148926e-01
8.252657055854797363e-01,1.103227019309997559e+00,2.712208032608032227e-01,1.553884744644165039e+00,1.169192075729370117e+00,1.217489719390869141e+00,7.829399704933166504e-01,9.509163498878479004e-01,9.740729928016662598e-01,9.600335955619812012e-01
1.243404507637023926e+00,8.629538416862487793e-01,8.761025071144104004e-01,1.290374517440795898e+00,7.738521695137023926e-01,9.789635539054870605e-01,5.911173224449157715e-01,1.105118513107299805e+00,1.245825290679931641e+00,1.078354239463806152e+00
-1.009633183479309082e+00,-8.982573151588439941e-01,-1.034047365188598633e+00,-7.638790011405944824e-01,-8.452297449111938477e-01,-5.406378507614135742e-01,-7.748563885688781738e-01,-1.174928665161132812e+00,-5.253379419445991516e-02,-1.552401185035705566e+00
-7.987845540046691895e-01,-1.476334691047668457e+00,-8.163900375366210938e-01,-9.934681653976440430e-01,-1.159899353981018066e+00,-9.656143188476562500e-01,-1.213843345642089844e+00,-1.081622600555419922e+00,-9.566391706466674805e-01,-1.085774779319763184e+00
1.173568725585937500e+00,1.303652048110961914e+00,1.171349883079528809e+00,1.179288625717163086e+00,1.061569094657897949e+00,9.074789285659790039e-01,8.556435108184814453e-01,8.293752670288085938e-01,1.486435890197753906e+00,6.280667185783386230e-01
1.090925216674804688e+00,1.114174008369445801e+00,1.025048613548278809e+00,7.937524914741516113e-01,1.022583603858947754e+00,1.499710917472839355e+00,9.508058428764343262e-01,1.113337635993957520e+00,5.085802078247070312e-01,9.604703187942504883e-01
-8.744439482688903809e-01,-4.464869499206542969e-01,-1.352473139762878418e+00,-1.072171926498413086e+00,-1.365079522132873535e+00,-1.277893424034118652e+00,-1.375650525093078613e+00,-1.515123367309570312e+00,-9.624481797218322754e-01,-1.032968401908874512e+00
1.370531082153320312e+00,9.627566933631896973e-01,8.915897607803344727e-01,1.050150394439697266e+00,1.430528998374938965e+00,9.461884498596191406e-01,1.375941395759582520e+00,1.168569087982177734e+00,8.145756721496582031e-01,3.795789778232574463e-01
6.946170330047607422e-01,1.087794303894042969e+00,1.464884519577026367e+00,8.966487646102905273e-01,1.159792065620422363e+00,9.016894698143005371e-01,1.471609950065612793e+00,1.090286850929260254e+00,1.616577625274658203e+00,1.141007661819458008e+00
1.062799692153930664e+00,1.081462979316711426e+00,1.042819738388061523e+00,4.054116308689117432e-01,1.348263263702392578e+00,1.047246456146240234e+00,1.166365504264831543e+00,1.066024541854858398e+00,1.708369106054306030e-01,1.140863895416259766e+00
-1.154834508895874023e+00,-1.179239630699157715e+00,-1.430613636970520020e+00,-8.636536002159118652e-01,-1.045543909072875977e+00,-5.977759361267089844e-01,-1.369061231613159180e+00,-7.597653269767761230e-01,-1.171610236167907715e+00,-9.855347871780395508e-01
5.359191298484802246e-01,1.263319849967956543e+00,9.989464282989501953e-01,8.321205377578735352e-01,9.113777875900268555e-01,1.286382555961608887e+00,7.676928043365478516e-01,9.592035412788391113e-01,7.834317684173583984e-01,1.293556213378906250e+00
-1.145662188529968262e+00,-9.534770250320434570e-01,-1.427214741706848145e+00,-9.373740553855895996e-01,-7.830846309661865234e-01,-5.131391882896423340e-01,-1.306135058403015137e+00,-8.867767453193664551e-01,-1.681761026382446289e+00,-9.016733169555664062e-01
1.023325920104980469e+00,1.318427681922912598e+00,1.264740824699401855e+00,9.347742795944213867e-01,9.973989129066467285e-01,9.989159703254699707e-01,1.196073770523071289e+00,7.043254971504211426e-01,1.186540484428405762e+00,7.775866985321044922e-01
4.484440386295318604e-01,1.660668730735778809e+00,1.245897054672241211e+00,1.167307615280151367e+00,1.081719756126403809e+00,6.994997859001159668e-01,1.147903919219970703e+00,8.667747378349304199e-01,1.202845931053161621e+00,5.937460064888000488e-01
8.784810304641723633e-01,1.231044054031372070e+00,1.132782697677612305e+00,1.174277544021606445e+00,1.314193248748779297e+00,7.218446135520935059e-01,9.358761310577392578e-01,1.113441586494445801e+00,1.484575748443603516e+00,1.040756106376647949e+00
1.389775991439819336e+00,1.179337143898010254e+00,7.254827618598937988e-01,1.090604305267333984e+00,6.949604153633117676e-01,9.080712497234344482e-02,6.228824257850646973e-01,1.184374928474426270e+00,6.835673451423645020e-01,7.652022838592529297e-01
2.693588137626647949e-01,6.161392927169799805e-01,1.127474427223205566e+00,1.328390002250671387e+00,1.353199958801269531e+00,1.020730137825012207e+00,1.861186861991882324e+00,1.075582981109619141e+00,1.674731373786926270e+00,4.338552653789520264e-01
9.159250855445861816e-01,1.210618138313293457e+00,1.586363792419433594e+00,1.075106143951416016e+00,9.453039765357971191e-01,8.619496822357177734e-01,1.021858692169189453e+00,1.336660385131835938e+00,1.326342940330505371e+00,6.463295817375183105e-01
-1.102612257003784180e+00,-9.100736379623413086e-01,-9.280411005020141602e-01,-1.060955643653869629e+00,-1.151311635971069336e+00,-9.494884610176086426e-01,-9.962386488914489746e-01,-8.722407817840576172e-01,-1.319887280464172363e+00,-1.455992460250854492e+00
1.564942598342895508e+00,8.917815089225769043e-01,7.359305620193481445e-01,5.976890921592712402e-01,1.048105716705322266e+00,8.353458046913146973e-01,1.157562017440795898e+00,8.128999471664428711e-01,1.025851964950561523e+00,1.292200207710266113e+00
-1.587822198867797852e+00,-7.494348883628845215e-01,-1.358156323432922363e+00,-1.214300036430358887e+00,-8.353496789932250977e-01,-7.620814442634582520e-01,-5.299426913261413574e-01,-1.239165306091308594e+00,-9.357404708862304688e-01,-1.068543195724487305e+00
-1.141386866569519043e+00,-8.129961490631103516e-01,-1.119803071022033691e+00,-8.059974312782287598e-01,-1.087036490440368652e+00,-5.646566152572631836e-01,-1.708124041557312012e+00,-6.861420869827270508e-01,-1.085841298103332520e+00,-9.724654555320739746e-01
-1.287387251853942871e+00,-1.446023106575012207e+00,-1.289164304733276367e+00,-6.757211089134216309e-01,-9.865973591804504395e-01,-8.209857344627380371e-01,-6.719849705696105957e-01,-8.382544517517089844e-01,-1.053765416145324707e+00,-1.244758963584899902e+00
-9.010492563247680664e-01,-9.184559583663940430e-01,-8.230507969856262207e-01,-6.877377629280090332e-01,-1.485516071319580078e+00,-1.097226977348327637e+00,-1.655165076255798340e+00,-9.164465069770812988e-01,-1.101954579353332520e+00,-1.153718709945678711e+00
-5.428434610366821289e-01,-1.040968060493469238e+00,-6.233729720115661621e-01,-3.844560980796813965e-01,-8.631538748741149902e-01,-7.479460835456848145e-01,-6.274482607841491699e-01,-1.488420367240905762e+00,-1.271638154983520508e+00,-8.489527106285095215e-01
-1.371289014816284180e+00,-9.347804784774780273e-01,-5.334619879722595215e-01,-9.728249311447143555e-01,-9.828668236732482910e-01,-1.178930401802062988e+00,-1.324504733085632324e+00,-1.314522266387939453e+00,-7.546589970588684082e-01,-1.094038367271423340e+00
1.271701574325561523e+00,1.336107492446899414e+00,6.713640093803405762e-01,1.135902047157287598e+00,1.265349268913269043e+00,3.712665140628814697e-01,1.069990515708923340e+00,1.064249396324157715e+00,9.316751956939697266e-01,7.934661507606506348e-01
1.177463293075561523e+00,8.756038546562194824e-01,8.087637424468994141e-01,7.901729345321655273e-01,1.261854171752929688e+00,7.483937740325927734e-01,7.433236837387084961e-01,7.397854924201965332e-01,7.625544667243957520e-01,1.493289113044738770e+00
1.248605251312255859e+00,1.020923852920532227e+00,8.848558664321899414e-01,1.456921100616455078e+00,1.463833451271057129e+00,7.010936141014099121e-01,9.772834181785583496e-01,1.254986763000488281e+00,9.135690927505493164e-01,1.015298485755920410e+00
1.253365159034729004e+00,1.084385156631469727e+00,1.477779507637023926e+00,1.037195324897766113e+00,1.210058927536010742e+00,7.987353205680847168e-01,6.785765886306762695e-01,8.520468473434448242e-01,9.461786150932312012e-01,7.557422518730163574e-01
-9.723654985427856445e-01,-1.082560062408447266e+00,-1.118563294410705566e+00,-1.308482289314270020e+00,-8.297100067138671875e-01,-6.160067319869995117e-01,-1.427437663078308105e+00,-8.689763545989990234e-01,-9.882342219352722168e-01,-9.630266427993774414e-01
-1.204265594482421875e+00,-9.637554287910461426e-01,-6.721863746643066406e-01,-1.138739228248596191e+00,-1.337897896766662598e+00,-5.748944878578186035e-01,-7.435576915740966797e-01,-1.315314173698425293e+00,-1.208433985710144043e+00,-1.206298828125000000e+00
9.648985862731933594e-01,8.475718498229980469e-01,9.854640960693359375e-01,1.111176371574401855e+00,9.035439491271972656e-01,5.068637728691101074e-01,1.313539385795593262e+00,1.429661154747009277e+00,1.372925758361816406e+00,9.292263388633728027e-01
1.013617515563964844e+00,1.218535542488098145e+00,1.225722908973693848e+00,1.110963702201843262e+00,1.179864883422851562e+00,9.182749986648559570e-01,7.626368403434753418e-01,8.529102206230163574e-01,8.270356059074401855e-01,8.123636841773986816e-01
8.612721562385559082e-01,1.192250013351440430e+00,7.780980467796325684e-01,1.035866379737854004e+00,1.272458672523498535e+00,1.026579022407531738e+00,1.171437501907348633e+00,6.414372920989990234e-01,1.100191593170166016e+00,1.315227270126342773e+00
-1.120904326438903809e+00,-8.969224691390991211e-01,-1.097760081291198730e+00,-8.727466464042663574e-01,-1.486173272132873535e+00,-7.929247617721557617e-01,-1.480963468551635742e+00,-6.956252455711364746e-01,-1.279989004135131836e+00,-1.146344661712646484e+00
4.412838518619537354e-01,1.011747002601623535e+00,9.430387616157531738e-01,1.009947180747985840e+00,9.801610112190246582e-01,1.137498974800109863e+00,7.102654576301574707e-01,1.284501910209655762e+00,1.302969694137573242e+00,1.191118597984313965e+00
8.711611032485961914e-01,7.718011140823364258e-01,1.283657908439636230e+00,1.958214879035949707e+00,6.074182391166687012e-01,8.790791630744934082e-01,5.031214952468872070e-01,1.569090485572814941e+00,9.523958563804626465e-01,9.131194353103637695e-01
-9.622607827186584473e-01,-6.460581421852111816e-01,-7.969553470611572266e-01,-7.550039291381835938e-01,-7.182558774948120117e-01,-4.782540798187255859e-01,-1.222802400588989258e+00,-1.248748660087585449e+00,-1.031877994537353516e+00,-1.759936213493347168e+00
-5.342230200767517090e-01,-6.777346730232238770e-01,-9.979637265205383301e-01,-1.036874532699584961e+00,-6.382212042808532715e-01,-8.510126471519470215e-01,-1.031934261322021484e+00,-5.692124962806701660e-01,-6.297459602355957031e-01,-9.405690431594848633e-01
-1.078632712364196777e+00,-1.013421893119812012e+00,-1.194212555885314941e+00,-9.877794981002807617e-01,-1.058774232864379883e+00,-6.617949008941650391e-01,-1.116613030433654785e+00,-1.619277596473693848e+00,-1.000679612159729004e+00,-1.255614876747131348e+00
1.285050392150878906e+00,1.095845937728881836e+00,1.167254328727722168e+00,7.432653307914733887e-01,8.518199324607849121e-01,5.877762436866760254e-01,1.505974650382995605e+00,1.088805437088012695e+00,1.194171786308288574e+00,8.713282346725463867e-01
9.401465058326721191e-01,1.109003782272338867e+00,9.563461542129516602e-01,1.134714841842651367e+00,1.857939124107360840e+00,8.129043579101562500e-01,1.303771138191223145e+00,1.073485970497131348e+00,9.812955260276794434e-01,1.160335063934326172e+00
-1.025451779365539551e+00,-1.511771917343139648e+00,-8.880009651184082031e-01,-7.815704941749572754e-01,-1.355536222457885742e+00,-7.404910922050476074e-01,-6.837328076362609863e-01,-1.147296071052551270e+00,-1.286615252494812012e+00,-1.508383750915527344e+00
1.289411783218383789e+00,1.081128239631652832e+00,1.150740027427673340e+00,8.585001826286315918e-01,1.388070821762084961e+00,9.223766326904296875e-01,1.035444259643554688e+00,1.243123173713684082e+00,1.002050876617431641e+00,9.626833796501159668e-01
9.882889986038208008e-01,1.203082323074340820e+00,7.371485829353332520e-01,6.974777579307556152e-01,1.288326859474182129e+00,1.123095631599426270e+00,1.014755487442016602e+00,1.168692708015441895e+00,3.428327441215515137e-01,1.326546072959899902e+00
-1.061361074447631836e+00,-1.192841291427612305e+00,-1.142756104469299316e+00,-8.429814577102661133e-01,-5.195291638374328613e-01,-7.295531034469604492e-01,-1.202325820922851562e+00,-8.636313080787658691e-01,-1.399822831153869629e+00,-1.389609456062316895e+00
-5.827123522758483887e-01,-1.287609219551086426e+00,-1.150438308715820312e+00,-5.129163265228271484e-01,-1.419021487236022949e+00,-9.647344946861267090e-01,-8.829095959663391113e-01,-1.402726173400878906e+00,-1.071953177452087402e+00,-9.768962264060974121e-01
1.153030157089233398e+00,1.380834460258483887e+00,1.158438563346862793e+00,1.415009379386901855e+00,1.366470694541931152e+00,8.156448006629943848e-01,1.145991086959838867e+00,4.789636433124542236e-01,1.049541234970092773e+00,4.671693444252014160e-01
-9.801320433616638184e-01,-9.179288148880004883e-01,-5.314931869506835938e-01,-1.160540223121643066e+00,-6.591340899467468262e-01,-1.090746521949768066e+00,-1.483641028404235840e+00,-1.034107923507690430e+00,-1.147322416305541992e+00,-1.224290251731872559e+00
7.580672502517700195e-01,1.557300806045532227e+00,1.455974459648132324e+00,1.033654212951660156e+00,1.039929151535034180e+00,7.403092980384826660e-01,7.810372114181518555e-01,1.266081571578979492e+00,1.208401322364807129e+00,9.603222608566284180e-01
4.704128801822662354e-01,1.539869666099548340e+00,1.484895229339599609e+00,1.210035800933837891e+00,9.700208306312561035e-01,9.872925281524658203e-01,7.513906359672546387e-01,1.271554827690124512e+00,1.298691868782043457e+00,3.518368601799011230e-01
-6.765229105949401855e-01,-7.472390532493591309e-01,-3.175581619143486023e-02,-1.075344443321228027e+00,-1.139820337295532227e+00,2.137903124094009399e-01,-1.438962697982788086e+00,-8.630901575088500977e-01,-4.321552217006683350e-01,-8.957329392433166504e-01
9.138681292533874512e-01,1.032889246940612793e+00,6.494249105453491211e-01,1.065010070800781250e+00,1.166169524192810059e+00,1.311985611915588379e+00,5.853492617607116699e-01,7.181341648101806641e-01,1.215656757354736328e+00,8.534771203994750977e-01
1.194633960723876953e+00,1.006770610809326172e+00,6.520931124687194824e-01,8.808332085609436035e-01,1.271075606346130371e+00,7.152533531188964844e-01,1.722802042961120605e+00,1.307955622673034668e+00,1.049971342086791992e+00,1.156756877899169922e+00
8.735001087188720703e-01,1.052956581115722656e+00,1.369201064109802246e+00,8.369240164756774902e-01,8.657759428024291992e-01,1.284226655960083008e+00,1.206027030944824219e+00,8.988465666770935059e-01,1.305323839187622070e+00,1.366228818893432617e+00
6.919021010398864746e-01,1.610364556312561035e+00,1.136954665184020996e+00,1.076357483863830566e+00,9.929178953170776367e-01,8.661726117134094238e-01,1.325209736824035645e+00,8.917810916900634766e-01,8.484743833541870117e-01,1.418734073638916016e+00
1.058322787284851074e+00,1.068106055259704590e+00,1.018586754798889160e+00,9.210154414176940918e-01,1.061305522918701172e+00,8.210838437080383301e-01,1.237487077713012695e+00,9.453533887863159180e-01,1.062241911888122559e+00,1.012479901313781738e+00
-1.362413644790649414e+00,-1.127720355987548828e+00,-4.183256030082702637e-01,-1.804785966873168945e+00,-7.513427734375000000e-01,-2.824746072292327881e-01,-1.018630504608154297e+00,-8.151239156723022461e-01,-5.625647902488708496e-01,-8.075097203254699707e-01
-1.269011974334716797e+00,-1.138255119323730469e+00,-6.600802540779113770e-01,-8.357380032539367676e-01,-8.386214971542358398e-01,-1.657199382781982422e+00,-1.637406826019287109e+00,-8.334968090057373047e-01,-1.240584373474121094e+00,-9.065732359886169434e-01
9.373245239257812500e-01,8.708998560905456543e-01,8.297681212425231934e-01,1.119060993194580078e+00,7.933329939842224121e-01,1.365923523902893066e+00,9.814765453338623047e-01,1.445829629898071289e+00,1.379702806472778320e+00,8.569359779357910156e-01
-9.839662313461303711e-01,-6.570722460746765137e-01,-1.206422448158264160e+00,-1.583357334136962891e+00,-7.906832695007324219e-01,-5.518925189971923828e-01,-1.398252367973327637e+00,-1.453474283218383789e+00,-1.168781995773315430e+00,-8.645846843719482422e-01
-1.465556859970092773e+00,-8.253127336502075195e-01,-1.252778172492980957e+00,-1.030312776565551758e+00,-7.352579832077026367e-01,-7.551130652427673340e-01,-1.243532538414001465e+00,-1.062142014503479004e+00,-7.949553728103637695e-01,-1.525499701499938965e+00
-9.821063280105590820e-01,-9.534936547279357910e-01,-1.166278600692749023e+00,-1.069714069366455078e+00,-8.086969256401062012e-01,-9.679849147796630859e-01,-1.465798377990722656e+00,-8.978509902954101562e-01,-1.116970300674438477e+00,-9.273216724395751953e-01
-9.593513011932373047e-01,-5.831787586212158203e-01,-9.221899509429931641e-01,-1.834584951400756836e+00,-1.537146806716918945e+00,-7.340722680091857910e-01,-1.075807571411132812e+00,-1.389821052551269531e+00,-7.963013648986816406e-01,-1.113034844398498535e+00
7.773681879043579102e-01,1.244372367858886719e+00,8.098284006118774414e-01,1.467856764793395996e+00,1.003276705741882324e+00,6.234218478202819824e-01,1.215217232704162598e+00,9.707949161529541016e-01,1.157945394515991211e+00,1.005418300628662109e+00
8.533372879028320312e-01,1.154692530632019043e+00,8.583211898803710938e-01,8.338798880577087402e-01,9.741384983062744141e-01,8.069353103637695312e-01,8.651647567749023438e-01,1.115828752517700195e+00,1.195767641067504883e+00,1.362670898437500000e+00
1.115159749984741211e+00,1.754693388938903809e+00,1.104740023612976074e+00,9.656377434730529785e-01,8.406382799148559570e-01,6.101242899894714355e-01,9.606483578681945801e-01,8.892839550971984863e-01,9.902072548866271973e-01,1.266553997993469238e+00
1.161338567733764648e+00,1.356404423713684082e+00,1.029768824577331543e+00,9.711979627609252930e-01,9.181943535804748535e-01,6.456372737884521484e-01,7.197527885437011719e-01,1.014474749565124512e+00,7.918551564216613770e-01,9.302130341529846191e-01
1.138554453849792480e+00,1.423929214477539062e+00,9.923377633094787598e-01,1.147131919860839844e+00,7.300881743431091309e-01,7.578191161155700684e-01,8.501220345497131348e-01,1.361865282058715820e+00,1.287485003471374512e+00,8.059461712837219238e-01
1.134232997894287109e+00,1.175583004951477051e+00,8.244498968124389648e-01,1.619589209556579590e+00,1.000630855560302734e+00,6.883213520050048828e-01,8.484338521957397461e-01,1.124188303947448730e+00,1.351120829582214355e+00,7.484318614006042480e-01
1.209196686744689941e+00,7.994530797004699707e-01,1.036578178405761719e+00,1.082847714424133301e+00,9.167543053627014160e-01,5.907558798789978027e-01,1.358394861221313477e+00,7.328773736953735352e-01,7.849127054214477539e-01,9.164181351661682129e-01
-1.131664514541625977e+00,-8.458884358406066895e-01,-8.027436733245849609e-01,-1.273837208747863770e+00,-5.977910757064819336e-01,-5.078700184822082520e-01,-1.210843086242675781e+00,-1.245180130004882812e+00,-1.271356225013732910e+00,-1.124104976654052734e+00
1.276082277297973633e+00,1.356036424636840820e+00,9.915332198143005371e-01,6.240861415863037109e-01,6.066136360168457031e-01,1.156095147132873535e+00,1.140059471130371094e+00,6.159701943397521973e-01,1.102668404579162598e+00,3.879025578498840332e-01
8.720368742942810059e-01,9.074152112007141113e-01,1.192926168441772461e+00,1.038750052452087402e+00,8.606234192848205566e-01,1.017206192016601562e+00,1.076144337654113770e+00,7.836140394210815430e-01,1.574306607246398926e+00,7.114220261573791504e-01
6.957546472549438477e-01,1.139616489410400391e+00,1.057000994682312012e+00,1.388715386390686035e+00,1.133006811141967773e+00,1.217607259750366211e+00,9.608960151672363281e-01,8.202570676803588867e-01,1.117668390274047852e+00,1.282868385314941406e+00
5.850792527198791504e-01,8.095554113388061523e-01,1.041395068168640137e+00,1.263577342033386230e+00,1.201900959014892578e+00,8.579824566841125488e-01,6.898009777069091797e-01,1.065558552742004395e+00,1.008371710777282715e+00,1.206938147544860840e+00
-1.032487750053405762e+00,-1.105388402938842773e+00,-7.765793204307556152e-01,-1.432158231735229492e+00,-1.288080692291259766e+00,-6.947126984596252441e-01,-9.209728837013244629e-01,-1.768390655517578125e+00,-6.146674752235412598e-01,-7.930982708930969238e-01
1.136453032493591309e+00,1.200210809707641602e+00,9.703454375267028809e-01,8.764473199844360352e-01,1.374634027481079102e+00,8.801490664482116699e-01,1.071186423301696777e+00,1.258847355842590332e+00,8.338471651077270508e-01,1.030823588371276855e+00
4.730550050735473633e-01,1.035113930702209473e+00,1.063068389892578125e+00,1.538843512535095215e+00,8.494371175765991211e-01,8.086754083633422852e-01,9.009079933166503906e-01,1.344546079635620117e+00,1.531606793403625488e+00,1.113918066024780273e+00
-8.662769198417663574e-01,-1.186764955520629883e+00,-9.365411400794982910e-01,-9.799537658691406250e-01,-7.116430401802062988e-01,-1.016120672225952148e+00,-9.988174438476562500e-01,-1.666763901710510254e+00,-1.321692943572998047e+00,-8.821255564689636230e-01
7.282658219337463379e-01,1.456294655799865723e+00,5.130925178527832031e-01,1.214230298995971680e+00,1.714349865913391113e+00,1.347001075744628906e+00,6.304703354835510254e-01,3.601239025592803955e-01,1.141261458396911621e+00,1.055154323577880859e+00
-1.345881819725036621e+00,-9.754655361175537109e-01,-5.522491335868835449e-01,-1.933803915977478027e+00,-8.183510899543762207e-01,-9.592134356498718262e-01,-1.283690452575683594e+00,-8.670290112495422363e-01,-1.088441252708435059e+00,-1.292954325675964355e+00
-1.112580299377441406e+00,-9.129629731178283691e-01,-1.142253875732421875e+00,-6.825658082962036133e-01,-1.097997426986694336e+00,-1.145412445068359375e+00,-1.316849470138549805e+00,-9.248437285423278809e-01,-1.680852293968200684e+00,-1.179746627807617188e+00
-8.376891613006591797e-01,-1.326721429824829102e+00,-1.195757269859313965e+00,-1.441589832305908203e+00,-8.655616044998168945e-01,-8.622109889984130859e-01,-1.326578617095947266e+00,-8.042551279067993164e-01,-8.044158220291137695e-01,-1.152261614799499512e+00
-1.006254911422729492e+00,-4.705753028392791748e-01,-8.954221606254577637e-01,-1.055510520935058594e+00,-7.714032530784606934e-01,-8.842228055000305176e-01,-1.343847632408142090e+00,-1.445647239685058594e+00,-1.332364439964294434e+00,-1.152052521705627441e+00
1.199771285057067871e+00,1.011732578277587891e+00,1.254585027694702148e+00,1.323608040809631348e+00,1.034190177917480469e+00,1.103566288948059082e+00,1.082933783531188965e+00,4.219640493392944336e-01,1.113045692443847656e+00,5.509108901023864746e-01
-7.579828500747680664e-01,-1.220368385314941406e+00,-3.105649948120117188e-01,-1.279405593872070312e+00,-1.069317698478698730e+00,-1.239544510841369629e+00,-1.535462379455566406e+00,-1.069244503974914551e+00,-1.038753747940063477e+00,-8.819237351417541504e-01
-1.415677785873413086e+00,-8.688798546791076660e-01,-3.812136948108673096e-01,-8.502234220504760742e-01,-9.830710887908935547e-01,-8.330745100975036621e-01,-1.223411321640014648e+00,-1.025274753570556641e+00,-3.396664857864379883e-01,-1.613157987594604492e+00
-1.223735809326171875e+00,-4.805448651313781738e-01,-6.554783582687377930e-01,-1.429763793945312500e+00,-1.577361345291137695e+00,-8.646827936172485352e-01,-1.382854938507080078e+00,-1.204545140266418457e+00,-8.453928828239440918e-01,-1.426744580268859863e+00
1.320911765098571777e+00,1.480545282363891602e+00,1.121496677398681641e+00,9.632182121276855469e-01,5.631700158119201660e-01,9.278938174247741699e-01,1.352617859840393066e+00,9.853107333183288574e-01,1.045585036277770996e+00,1.320262670516967773e+00
-1.316744089126586914e+00,-9.796832203865051270e-01,-7.276574373245239258e-01,-7.407049536705017090e-01,-9.274309873580932617e-01,-1.221457958221435547e+00,-1.480136871337890625e+00,-6.727303862571716309e-01,-7.916923165321350098e-01,-1.503908395767211914e+00
-1.216582179069519043e+00,-6.735247373580932617e-01,-1.217283248901367188e+00,-1.505656242370605469e+00,-9.516802430152893066e-01,-1.080477595329284668e+00,-1.469576478004455566e+00,-8.711353540420532227e-01,-9.833960533142089844e-01,-1.658184647560119629e+00
-8.302895426750183105e-01,-1.518500566482543945e+00,-1.210221052169799805e+00,-1.651450276374816895e+00,-9.011755585670471191e-01,-8.380976319313049316e-01,-5.437723398208618164e-01,-6.772471666336059570e-01,-9.994321465492248535e-01,-1.005050063133239746e+00
7.822551131248474121e-01,1.498714923858642578e+00,1.102987051010131836e+00,8.410142064094543457e-01,1.273964405059814453e+00,7.192507982254028320e-01,1.600470066070556641e+00,9.669729471206665039e-01,7.213554382324218750e-01,7.748485803604125977e-01
1.010848522186279297e+00,8.356255292892456055e-01,8.877878785133361816e-01,7.449738979339599609e-01,1.116057634353637695e+00,1.043757081031799316e+00,1.335179567337036133e+00,9.739609956741333008e-01,1.027162671089172363e+00,6.445462703704833984e-01
9.606881141662597656e-01,1.257609486579895020e+00,7.203321456909179688e-01,1.005288004875183105e+00,1.080911874771118164e+00,1.222866654396057129e+00,1.048018336296081543e+00,1.154676675796508789e+00,1.000735163688659668e+00,1.004420876502990723e+00
-1.241591572761535645e+00,-9.384670853614807129e-01,-1.149943232536315918e+00,-1.325110673904418945e+00,-1.122131705284118652e+00,-1.186273217201232910e+00,-1.108958363533020020e+00,-1.019921898841857910e+00,-1.309171795845031738e+00,-9.065146446228027344e-01
8.495011925697326660e-01,1.144699931144714355e+00,7.588545680046081543e-01,8.983718156814575195e-01,1.149904489517211914e+00,3.972185254096984863e-01,1.229825496673583984e+00,1.050039529800415039e+00,1.723763704299926758e+00,1.010283827781677246e+00
-9.420366883277893066e-01,-1.094150900840759277e+00,-9.861106276512145996e-01,-3.736131489276885986e-01,-1.255356788635253906e+00,-9.450132250785827637e-01,-5.475907921791076660e-01,-1.217065095901489258e+00,-1.121878266334533691e+00,-6.802188754081726074e-01
-9.282986521720886230e-01,-1.131026744842529297e+00,-1.046267390251159668e+00,-1.086206197738647461e+00,-1.166258811950683594e+00,-9.724580645561218262e-01,-5.322980284690856934e-01,-8.107903003692626953e-01,-6.048141717910766602e-01,-1.453628540039062500e+00
1.168998241424560547e+00,1.318657398223876953e+00,1.151679515838623047e+00,1.364412784576416016e+00,1.305410027503967285e+00,9.225187897682189941e-01,1.528762459754943848e+00,3.157052397727966309e-01,1.324679136276245117e+00,8.188032507896423340e-01
8.807443380355834961e-01,1.095088005065917969e+00,5.922513008117675781e-01,2.865304648876190186e-01,1.077112913131713867e+00,1.639252543449401855e+00,7.936452627182006836e-01,7.378677725791931152e-01,1.132109284400939941e+00,1.210109353065490723e+00
-1.466486006975173950e-01,-1.133619904518127441e+00,-1.264359354972839355e+00,-1.251100540161132812e+00,-9.309470057487487793e-01,-8.589403629302978516e-01,-1.061218857765197754e+00,-1.114557981491088867e+00,-1.146755337715148926e+00,-4.353224635124206543e-01
4.537444710731506348e-01,8.101078271865844727e-01,1.464473605155944824e+00,1.238764643669128418e+00,1.442281961441040039e+00,9.556601643562316895e-01,9.279814362525939941e-01,5.878529548645019531e-01,1.205592393875122070e+00,1.115628123283386230e+00
-1.161262512207031250e+00,-1.169918179512023926e+00,-4.084100723266601562e-01,-9.174225926399230957e-01,-1.214203953742980957e+00,-1.037814497947692871e+00,-1.290108561515808105e+00,-1.549200534820556641e+00,-9.692406654357910156e-01,-9.644793868064880371e-01
8.714467287063598633e-01,1.412068247795104980e+00,6.034954190254211426e-01,1.387860059738159180e+00,9.059907197952270508e-01,6.885901689529418945e-01,9.119044542312622070e-01,1.209702134132385254e+00,1.249059915542602539e+00,1.182729244232177734e+00
-1.356302976608276367e+00,-7.572656869888305664e-01,-7.567330598831176758e-01,-9.126805067062377930e-01,-1.201842904090881348e+00,-1.415562391281127930e+00,-8.235830664634704590e-01,-7.974109649658203125e-01,-1.074608683586120605e+00,-9.613260626792907715e-01
-9.741670489311218262e-01,-9.455471634864807129e-01,-6.394413113594055176e-01,-1.292314410209655762e+00,-3.081581592559814453e-01,-7.629526853561401367e-01,-1.515456795692443848e+00,-1.016830801963806152e+00,-8.804234862327575684e-01,-1.032601475715637207e+00
-1.422091364860534668e+00,-1.289433121681213379e+00,-1.306580662727355957e+00,-6.975587606430053711e-01,-1.031633257865905762e+00,-8.577669262886047363e-01,-1.136070847511291504e+00,-9.811510443687438965e-01,-9.860446453094482422e-01,-1.293312311172485352e+00
-1.072747349739074707e+00,-1.274874806404113770e+00,-1.216701984405517578e+00,-1.195240259170532227e+00,-7.561612725257873535e-01,-6.910858154296875000e-01,-1.017654657363891602e+00,-1.691120862960815430e+00,-1.235679745674133301e+00,-5.228250622749328613e-01
1.162028312683105469e+00,1.073439478874206543e+00,5.761682987213134766e-01,8.064211606979370117e-01,1.145634770393371582e+00,1.220302700996398926e+00,1.095319390296936035e+00,6.462107896804809570e-01,1.259816527366638184e+00,1.258626699447631836e+00
6.206476092338562012e-01,1.235130190849304199e+00,1.183739542961120605e+00,1.267177581787109375e+00,1.157396912574768066e+00,4.555294215679168701e-01,1.487351059913635254e+00,1.058611273765563965e+00,8.320585489273071289e-01,1.285410642623901367e+00
1.181666374206542969e+00,1.257647752761840820e+00,1.049141526222229004e+00,1.197113394737243652e+00,1.349391818046569824e+00,6.385603547096252441e-01,1.319029808044433594e+00,1.025999546051025391e+00,5.170776844024658203e-01,9.709947705268859863e-01
8.892843723297119141e-01,8.497655987739562988e-01,1.372556209564208984e+00,1.888574212789535522e-01,4.065564572811126709e-01,8.248367309570312500e-01,8.084536790847778320e-01,1.772687435150146484e-01,9.131641387939453125e-01,9.809368252754211426e-01
1.159029603004455566e+00,1.461484074592590332e+00,7.307155728340148926e-01,1.256586432456970215e+00,8.485713601112365723e-01,7.048062682151794434e-01,1.268996834754943848e+00,1.058754920959472656e+00,1.147822499275207520e+00,1.053620457649230957e+00
-1.494171142578125000e+00,-1.269159078598022461e+00,-1.143815398216247559e+00,-2.051076650619506836e+00,-1.156519532203674316e+00,-8.807705044746398926e-01,-8.911616206169128418e-01,-1.521639347076416016e+00,-2.658319473266601562e-01,-1.419443130493164062e+00
3.350422382354736328e-01,9.785239696502685547e-01,1.382116079330444336e+00,1.439755916595458984e+00,8.330899477005004883e-01,9.103493690490722656e-01,8.426635265350341797e-01,6.974368095397949219e-01,1.111570477485656738e+00,8.871911764144897461e-01
5.505427122116088867e-01,9.215434789657592773e-01,9.344374537467956543e-01,1.177876353263854980e+00,1.138680100440979004e+00,7.179066538810729980e-01,9.178761839866638184e-01,1.318352937698364258e+00,1.090097188949584961e+00,1.034011363983154297e+00
1.246545672416687012e+00,1.430199861526489258e+00,9.371994137763977051e-01,8.549458980560302734e-01,6.713843345642089844e-01,9.384583234786987305e-01,1.233763217926025391e+00,1.244522571563720703e+00,1.097005963325500488e+00,9.630134105682373047e-01
-1.005673527717590332e+00,-8.224462866783142090e-01,-1.307574152946472168e+00,-1.223289608955383301e+00,-1.042548656463623047e+00,-7.670755386352539062e-01,-9.474934935569763184e-01,-9.721972346305847168e-01,-9.100230336189270020e-01,-1.286138772964477539e+00
7.596438527107238770e-01,1.433576822280883789e+00,9.829457998275756836e-01,1.629212856292724609e+00,9.123593568801879883e-01,9.655811190605163574e-01,1.287126302719116211e+00,9.884557723999023438e-01,9.867624044418334961e-01,7.727487683296203613e-01
1.559165716171264648e+00,1.222900509834289551e+00,8.136183023452758789e-01,8.896000385284423828e-01,1.307108283042907715e+00,6.407974362373352051e-01,1.168278098106384277e+00,1.170268535614013672e+00,1.013330578804016113e+00,5.472514629364013672e-01
5.411278605461120605e-01,1.482762336730957031e+00,1.114641189575195312e+00,9.540408849716186523e-01,1.583035111427307129e+00,8.702409267425537109e-01,6.962654590606689453e-01,1.689731955528259277e+00,8.998795151710510254e-01,1.461733698844909668e+00
1.049990296363830566e+00,1.082543849945068359e+00,1.438255429267883301e+00,1.146239519119262695e+00,1.134363532066345215e+00,1.289108753204345703e+00,1.084962606430053711e+00,1.110530972480773926e+00,9.321212768554687500e-01,7.180336713790893555e-01
4.419196844100952148e-01,1.558212399482727051e+00,1.177126526832580566e+00,1.185839891433715820e+00,1.126850128173828125e+00,7.305257320404052734e-01,1.203680634498596191e+00,8.455042243003845215e-01,9.246581196784973145e-01,1.181061267852783203e+00
-1.584186315536499023e+00,-6.845718026161193848e-01,-8.178202509880065918e-01,-1.373918056488037109e+00,-1.668301820755004883e+00,-7.843607068061828613e-01,-1.197458744049072266e+00,-9.622958898544311523e-01,-6.149108409881591797e-01,-1.188240885734558105e+00
-1.376963257789611816e+00,-4.546163082122802734e-01,-8.829934597015380859e-01,-1.184951305389404297e+00,-1.492542743682861328e+00,-9.252383708953857422e-01,-1.749363899230957031e+00,-9.873910546302795410e-01,-1.304053902626037598e+00,-1.382230401039123535e+00
1.204727441072463989e-01,1.474139332771301270e+00,1.219301104545593262e+00,4.455296099185943604e-01,1.085413217544555664e+00,5.748473405838012695e-01,1.042546987533569336e+00,1.761297941207885742e+00,1.579691171646118164e+00,9.145461320877075195e-01
-1.508550524711608887e+00,-1.456322550773620605e+00,-9.491155147552490234e-01,-1.048539161682128906e+00,-6.498662829399108887e-01,-5.915448665618896484e-01,-6.989917159080505371e-01,-7.892090678215026855e-01,-1.157089829444885254e+00,-1.069476246833801270e+00
1.373297929763793945e+00,1.523537635803222656e+00,7.448523044586181641e-01,9.417229890823364258e-01,1.249562025070190430e+00,1.180653333663940430e+00,6.749597787857055664e-01,2.008810490369796753e-01,1.040099143981933594e+00,8.460155129432678223e-01
9.826515316963195801e-01,1.249990582466125488e+00,1.132958889007568359e+00,1.307657957077026367e+00,7.427201271057128906e-01,8.925817012786865234e-01,9.339866042137145996e-01,1.443992614746093750e+00,1.412275791168212891e+00,5.413175225257873535e-01
-6.117832064628601074e-01,-9.521617293357849121e-01,-1.065961718559265137e+00,-3.873807489871978760e-01,-1.518780350685119629e+00,-8.067289590835571289e-01,-8.453127145767211914e-01,-1.028208255767822266e+00,-6.587659716606140137e-01,-1.029593825340270996e+00
-1.008654713630676270e+00,-8.722701072692871094e-01,-1.087760448455810547e+00,-1.824552059173583984e+00,-9.965630173683166504e-01,-1.195160269737243652e+00,-8.841984272003173828e-01,-9.740377664566040039e-01,-8.666803836822509766e-01,-7.816147208213806152e-01
7.399663925170898438e-01,1.251791596412658691e+00,1.014011025428771973e+00,1.374828338623046875e+00,1.174931645393371582e+00,1.336152672767639160e+00,1.079870462417602539e+00,3.840129375457763672e-01,1.252272725105285645e+00,8.614091277122497559e-01
9.787922501564025879e-01,5.044352412223815918e-01,1.083287715911865234e+00,7.382062673568725586e-01,1.118637800216674805e+00,7.584227919578552246e-01,1.286143183708190918e+00,1.059161543846130371e+00,1.222561478614807129e+00,1.259766221046447754e+00
1.076573491096496582e+00,1.752232789993286133e+00,7.933787703514099121e-01,1.198382616043090820e+00,1.038897991180419922e+00,7.820864915847778320e-01,9.217994213104248047e-01,6.382433772087097168e-01,1.348354578018188477e+00,5.410910248756408691e-01
-7.621833086013793945e-01,-9.718129038810729980e-01,-6.647736430168151855e-01,-1.094737887382507324e+00,-1.279458761215209961e+00,-7.612289786338806152e-01,-9.402432441711425781e-01,-1.638013839721679688e+00,-8.309141993522644043e-01,-1.007810831069946289e+00
6.951813101768493652e-01,9.880995750427246094e-01,1.502016305923461914e+00,8.185188770294189453e-01,1.061268806457519531e+00,1.037322640419006348e+00,1.429204940795898438e+00,8.005822300910949707e-01,9.351904988288879395e-01,9.687573909759521484e-01
-1.419564366340637207e+00,-7.711701393127441406e-01,-7.167029976844787598e-01,-1.053982019424438477e+00,-1.332538008689880371e+00,-6.786468625068664551e-01,-1.038123130798339844e+00,-1.133901476860046387e+00,-1.093132615089416504e+00,-8.710663318634033203e-01
-8.113585114479064941e-01,-1.209671974182128906e+00,-4.257143735885620117e-01,-9.741823673248291016e-01,-1.101293087005615234e+00,-8.489939570426940918e-01,-1.231713056564331055e+00,-1.295685172080993652e+00,-9.977548718452453613e-01,-1.347377538681030273e+00
1.000145196914672852e+00,9.241101145744323730e-01,1.046736359596252441e+00,8.519640564918518066e-01,7.307040095329284668e-01,7.794042229652404785e-01,2.577625960111618042e-02,9.163342118263244629e-01,3.962161540985107422e-01,6.151033639907836914e-01
-8.858581185340881348e-01,-7.480452656745910645e-01,-8.031704425811767578e-01,-1.070546507835388184e+00,-1.142713785171508789e+00,-5.352554321289062500e-01,-1.156933307647705078e+00,-1.577895283699035645e+00,-1.437919735908508301e+00,-1.251734852790832520e+00
5.970380902290344238e-01,1.491338133811950684e+00,9.475262165069580078e-01,1.053656697273254395e+00,1.478171586990356445e+00,1.054407000541687012e+00,6.723439097404479980e-01,8.744401931762695312e-01,1.060085058212280273e+00,8.915333747863769531e-01
-2.242989838123321533e-01,-3.936908245086669922e-01,-3.910557031631469727e-01,-2.757001854479312897e-02,-4.407523572444915771e-01,-7.001399993896484375e-01,-2.978045642375946045e-01,-1.294083595275878906e+00,-5.274521112442016602e-01,-7.160660624504089355e-01
1.534193158149719238e+00,1.001238107681274414e+00,9.892780184745788574e-01,1.107554316520690918e+00,1.003172516822814941e+00,5.203982591629028320e-01,6.858183145523071289e-01,1.321638226509094238e+00,9.639260768890380859e-01,1.185900449752807617e+00
7.293118238449096680e-01,1.063810706138610840e+00,1.046147942543029785e+00,1.112680315971374512e+00,1.010621428489685059e+00,5.929122567176818848e-01,1.127010345458984375e+00,9.930053353309631348e-01,1.633599638938903809e+00,9.053804278373718262e-01
7.447906136512756348e-01,7.400298714637756348e-01,1.427351713180541992e+00,1.092244267463684082e+00,7.907202243804931641e-01,1.576401948928833008e+00,7.683909535408020020e-01,8.302591443061828613e-01,7.458953857421875000e-01,7.095286846160888672e-01
1.297058939933776855e+00,1.527916669845581055e+00,9.886510968208312988e-01,1.196854233741760254e+00,1.025816798210144043e+00,9.184990525245666504e-01,9.304322004318237305e-01,9.806581139564514160e-01,1.325789332389831543e+00,1.024790167808532715e+00
7.278884649276733398e-01,8.274860978126525879e-01,1.448167920112609863e+00,1.316555142402648926e+00,1.105562448501586914e+00,5.120227336883544922e-01,7.188207507133483887e-01,1.121820211410522461e+00,1.563668847084045410e+00,7.072997093200683594e-01
6.931598186492919922e-01,1.222092151641845703e+00,1.447753787040710449e+00,1.118668079376220703e+00,1.208547711372375488e+00,1.016879200935363770e+00,1.169623374938964844e+00,1.035736560821533203e+00,4.934103190898895264e-01,1.071962475776672363e+00
4.519297778606414795e-01,1.455542445182800293e+00,9.948396682739257812e-01,1.007534503936767578e+00,1.228785276412963867e+00,1.166599512100219727e+00,1.474102020263671875e+00,1.275124430656433105e+00,1.029897212982177734e+00,6.054855585098266602e-01
-1.281807661056518555e+00,-9.014159440994262695e-01,-1.315722346305847168e+00,-5.138500928878784180e-01,-1.250443458557128906e+00,-1.120856285095214844e+00,-1.347703337669372559e+00,-1.137521147727966309e+00,-8.432360887527465820e-01,-7.673652768135070801e-01
1.512818574905395508e+00,1.050794363021850586e+00,8.851842284202575684e-01,9.155156612396240234e-01,9.697769284248352051e-01,8.645559549331665039e-01,1.383219599723815918e+00,7.764926552772521973e-01,1.261257171630859375e+00,1.130168318748474121e+00
6.126059293746948242e-01,1.713690996170043945e+00,1.207557678222656250e+00,1.046039581298828125e+00,1.159337282180786133e+00,6.318929791450500488e-01,1.331177711486816406e+00,6.223728656768798828e-01,8.788867592811584473e-01,1.118405103683471680e+00
1.204729318618774414e+00,1.292068839073181152e+00,1.199733734130859375e+00,9.155586361885070801e-01,8.912014961242675781e-01,9.606341123580932617e-01,1.243830084800720215e+00,6.438149213790893555e-01,1.226119995117187500e+00,8.933501243591308594e-01
-1.256543278694152832e+00,-1.269419431686401367e+00,-6.333223581314086914e-01,-1.495755672454833984e+00,-9.125590920448303223e-01,-8.965623974800109863e-01,-9.833943247795104980e-01,-1.165626764297485352e+00,-1.530311584472656250e+00,-9.360869526863098145e-01
8.779557347297668457e-01,1.473774671554565430e+00,8.789614439010620117e-01,7.079010009765625000e-01,9.422190785408020020e-01,1.317754983901977539e+00,5.791594386100769043e-01,1.098227739334106445e+00,1.078538298606872559e+00,8.832256197929382324e-01
9.453495144844055176e-01,9.343063831329345703e-01,1.188208818435668945e+00,1.066864252090454102e+00,1.385485291481018066e+00,4.784033894538879395e-01,9.802322387695312500e-01,9.481470584869384766e-01,1.136504888534545898e+00,1.042390108108520508e+00
-1.125795006752014160e+00,-1.036298513412475586e+00,-6.301765441894531250e-01,-1.274736285209655762e+00,-1.329690337181091309e+00,-1.035263061523437500e+00,-2.716477513313293457e-01,-1.504725813865661621e+00,-8.815089464187622070e-01,-1.024975657463073730e+00
-1.179291129112243652e+00,-1.048156738281250000e+00,-1.423864483833312988e+00,-1.336757540702819824e+00,-6.515108942985534668e-01,-8.962925672531127930e-01,-1.551598429679870605e+00,-8.963949680328369141e-01,-8.921158909797668457e-01,-1.275712251663208008e+00
-1.217236042022705078e+00,-6.831712126731872559e-01,-1.460904955863952637e+00,-1.022453069686889648e+00,-1.216070652008056641e+00,-8.690286278724670410e-01,-9.739768505096435547e-01,-1.388172745704650879e+00,-7.073879241943359375e-01,-1.414952993392944336e+00
1.121932029724121094e+00,1.226591825485229492e+00,1.028231024742126465e+00,7.732277512550354004e-01,9.267326593399047852e-01,8.422593474388122559e-01,1.195837616920471191e+00,1.139514207839965820e+00,1.560035228729248047e+00,1.417552113533020020e+00
8.520609736442565918e-01,1.411275744438171387e+00,8.520849943161010742e-01,8.590313792228698730e-01,1.143293261528015137e+00,4.687581360340118408e-01,1.147258639335632324e+00,1.134211778640747070e+00,9.491066932678222656e-01,1.123684883117675781e+00
9.782940149307250977e-01,1.017300486564636230e+00,6.289407610893249512e-01,8.401921987533569336e-01,1.055695414543151855e+00,1.289440870285034180e+00,6.895012855529785156e-01,7.041259407997131348e-01,8.967158794403076172e-01,1.322176694869995117e+00
-1.274661183357238770e+00,-7.750858664512634277e-01,-1.049471139907836914e+00,-9.766643643379211426e-01,-1.268865942955017090e+00,-5.395827293395996094e-01,-1.681067347526550293e+00,-9.608657956123352051e-01,-9.200883507728576660e-01,-1.206708431243896484e+00
7.815187573432922363e-01,1.379164457321166992e+00,1.139006137847900391e+00,1.137196660041809082e+00,1.266637325286865234e+00,9.001339673995971680e-01,1.192173123359680176e+00,1.113390326499938965e+00,6.570749282836914062e-01,1.009732484817504883e+00
1.479718089103698730e+00,1.196582674980163574e+00,9.777560830116271973e-01,9.541056752204895020e-01,1.444818615913391113e+00,9.127581715583801270e-01,7.731584310531616211e-01,9.704439043998718262e-01,8.411305546760559082e-01,6.205195784568786621e-01
-1.276706099510192871e+00,-6.484507322311401367e-01,-5.595533847808837891e-01,-1.308712363243103027e+00,-1.446744322776794434e+00,-4.310279488563537598e-01,-1.294566869735717773e+00,-1.528943657875061035e+00,-1.047795891761779785e+00,-1.354824423789978027e+00
5.787397623062133789e-01,1.383131146430969238e+00,1.142232537269592285e+00,1.011001706123352051e+00,1.159343719482421875e+00,6.976389288902282715e-01,8.682806491851806641e-01,1.063490033149719238e+00,9.391092658042907715e-01,1.352933526039123535e+00
-1.645909905433654785e+00,-1.227487564086914062e+00,-7.590833902359008789e-01,-1.391101002693176270e+00,-8.240222334861755371e-01,-7.593778371810913086e-01,-1.220453381538391113e+00,-1.109436511993408203e+00,-9.048665761947631836e-01,-1.715397477149963379e+00
1.272479414939880371e+00,1.123797178268432617e+00,7.247846126556396484e-01,7.755247950553894043e-01,9.450564384460449219e-01,1.096609830856323242e+00,9.902473092079162598e-01,6.733964085578918457e-01,1.007739305496215820e+00,1.520836472511291504e+00
1.108446359634399414e+00,1.344862818717956543e+00,1.016312479972839355e+00,8.241537213325500488e-01,1.204043984413146973e+00,7.281309366226196289e-01,1.031572461128234863e+00,1.485075354576110840e+00,8.141361474990844727e-01,8.501703143119812012e-01
9.577919244766235352e-01,1.306805014610290527e+00,1.181819677352905273e+00,1.264260172843933105e+00,1.215246796607971191e+00,9.166155457496643066e-01,7.366601228713989258e-01,4.908357858657836914e-01,1.215062618255615234e+00,1.054101347923278809e+00
1.049891948699951172e+00,6.824242472648620605e-01,1.131189227104187012e+00,1.362022638320922852e+00,1.081782937049865723e+00,6.301288604736328125e-01,7.769769430160522461e-01,1.254674553871154785e+00,1.164267778396606445e+00,1.267955064773559570e+00
5.339813828468322754e-01,1.590990066528320312e+00,1.307543396949768066e+00,1.296191573143005371e+00,1.190038919448852539e+00,4.367821812629699707e-01,7.976247072219848633e-01,5.425758361816406250e-01,1.163646697998046875e+00,1.351624131202697754e+00
1.324958324432373047e+00,1.298809170722961426e+00,7.970976233482360840e-01,1.383842229843139648e+00,9.132450819015502930e-01,9.767493605613708496e-01,8.630082011222839355e-01,9.516643881797790527e-01,1.183742880821228027e+00,5.440977215766906738e-01
1.032909631729125977e+00,1.153160333633422852e+00,1.346798419952392578e+00,1.034433007240295410e+00,1.051066398620605469e+00,1.146616578102111816e+00,8.324029445648193359e-01,8.961979746818542480e-01,1.379427552223205566e+00,4.812182188034057617e-01
9.004889726638793945e-01,1.165795922279357910e+00,6.442940235137939453e-01,5.668984055519104004e-01,7.884101867675781250e-01,8.616958260536193848e-01,9.868404269218444824e-01,1.138868093490600586e+00,1.020814299583435059e+00,1.028568983078002930e+00
1.326316118240356445e+00,1.073738336563110352e+00,8.854573369026184082e-01,1.267491817474365234e+00,2.681337594985961914e-01,1.126162528991699219e+00,3.255609571933746338e-01,9.383195638656616211e-01,1.087118387222290039e+00,6.404476165771484375e-01
5.553179979324340820e-01,1.139583587646484375e+00,9.235523343086242676e-01,1.358515858650207520e+00,1.468201994895935059e+00,1.355633020401000977e+00,1.058007121086120605e+00,1.342406511306762695e+00,1.578213095664978027e+00,1.329028725624084473e+00
7.291093468666076660e-01,1.152058720588684082e+00,1.253405094146728516e+00,1.514382123947143555e+00,5.099141597747802734e-01,1.275613427162170410e+00,3.867056667804718018e-01,1.028944969177246094e+00,9.573613405227661133e-01,9.979363083839416504e-01
8.384056687355041504e-01,7.617163658142089844e-01,6.472693681716918945e-01,1.345079064369201660e+00,1.024219393730163574e+00,1.237985253334045410e+00,1.012754559516906738e+00,7.983343005180358887e-01,1.363136887550354004e+00,8.003736138343811035e-01
1.018220901489257812e+00,1.251188158988952637e+00,1.183524727821350098e+00,8.431980013847351074e-01,9.425552487373352051e-01,1.125840663909912109e+00,6.519334912300109863e-01,7.324303388595581055e-01,9.555345773696899414e-01,1.081742167472839355e+00
-1.277345895767211914e+00,-1.144589066505432129e+00,-1.035813927650451660e+00,-1.345273375511169434e+00,-1.337787270545959473e+00,-6.684961318969726562e-01,-1.585329055786132812e+00,-9.860504269599914551e-01,-1.516748547554016113e+00,-1.020651221275329590e+00
-1.188117623329162598e+00,-2.559633255004882812e-01,-1.051424384117126465e+00,-1.657867431640625000e+00,-1.076686620712280273e+00,-9.993449449539184570e-01,-1.236990332603454590e+00,-1.251261711120605469e+00,-8.641155362129211426e-01,-1.228728294372558594e+00
1.022359728813171387e+00,1.169427275657653809e+00,9.768682718276977539e-01,6.603822708129882812e-01,9.942881464958190918e-01,4.352316558361053467e-01,1.599879264831542969e+00,1.041431427001953125e+00,1.429807066917419434e+00,1.080999970436096191e+00
5.479078888893127441e-01,1.327773213386535645e+00,5.357502102851867676e-01,8.696155548095703125e-01,8.261034488677978516e-01,1.016979336738586426e+00,9.605202078819274902e-01,1.288139343261718750e+00,1.073052883148193359e+00,7.500284910202026367e-01
-7.367410063743591309e-01,-1.264681458473205566e+00,-7.060592770576477051e-01,-1.299281835556030273e+00,-1.425292015075683594e+00,-4.591835737228393555e-01,-9.795023202896118164e-01,-1.434285044670104980e+00,-7.829269766807556152e-01,-1.252635478973388672e+00
9.834470748901367188e-01,1.510625362396240234e+00,1.043182492256164551e+00,9.570764303207397461e-01,9.552641510963439941e-01,9.532806277275085449e-01,1.043152928352355957e+00,1.164771676063537598e+00,1.170002937316894531e+00,6.287642121315002441e-01
-1.345241189002990723e+00,-9.149692058563232422e-01,-1.130111098289489746e+00,-9.941620826721191406e-01,-9.390865564346313477e-01,-9.899299144744873047e-01,-8.320372700691223145e-01,-1.229857325553894043e+00,-1.429307103157043457e+00,-8.630985021591186523e-01
1.026394367218017578e+00,1.265818595886230469e+00,1.045394062995910645e+00,6.710200905799865723e-01,1.340289711952209473e+00,1.207169055938720703e+00,9.207988977432250977e-01,1.082689046859741211e+00,1.126064062118530273e+00,3.526435196399688721e-01
1.198805332183837891e+00,1.671891808509826660e+00,7.159494161605834961e-01,9.875375628471374512e-01,8.138034343719482422e-01,4.041960835456848145e-01,1.061636805534362793e+00,1.057576656341552734e+00,1.635620236396789551e+00,5.287091135978698730e-01
9.858406186103820801e-01,1.241568684577941895e+00,6.440588831901550293e-01,8.780866861343383789e-01,1.374190449714660645e+00,5.058532953262329102e-01,1.013486385345458984e+00,1.065245270729064941e+00,1.126445412635803223e+00,1.227590918540954590e+00
-9.222086668014526367e-01,-1.114942193031311035e+00,-9.334015250205993652e-01,-1.133993506431579590e+00,-4.662256538867950439e-01,-1.139127969741821289e+00,-1.342679262161254883e+00,-1.237298011779785156e+00,-1.310451269149780273e+00,-8.726652264595031738e-01
9.763863086700439453e-01,1.414784073829650879e+00,1.298967242240905762e+00,1.043777942657470703e+00,1.295321702957153320e+00,8.553425073623657227e-01,6.644057035446166992e-01,9.119318723678588867e-01,9.683824777603149414e-01,8.607805967330932617e-01
-1.545562982559204102e+00,-8.686639666557312012e-01,-9.731028079986572266e-01,-9.124293923377990723e-01,-1.194269776344299316e+00,-1.197453022003173828e+00,-1.528406500816345215e+00,-1.108345031738281250e+00,-7.893326878547668457e-01,-1.377397537231445312e+00
1.141298413276672363e+00,7.858056426048278809e-01,9.349183440208435059e-01,6.554939746856689453e-01,6.947100758552551270e-01,1.094907045364379883e+00,8.833169341087341309e-01,1.375593543052673340e+00,1.007921576499938965e+00,1.536340475082397461e+00
-9.596329331398010254e-01,-1.142305493354797363e+00,-1.089249968528747559e+00,-1.009319186210632324e+00,-1.313640594482421875e+00,-1.172311544418334961e+00,-1.099173665046691895e+00,-1.072730064392089844e+00,-2.119291275739669800e-01,-1.359051585197448730e+00
7.290835380554199219e-01,9.087858796119689941e-01,6.382067799568176270e-01,9.808323979377746582e-01,1.357988715171813965e+00,1.263765692710876465e+00,8.940145969390869141e-01,9.111226797103881836e-01,1.176845669746398926e+00,8.873315453529357910e-01
-7.951636314392089844e-01,-1.117801189422607422e+00,-9.550397396087646484e-01,-1.128287672996520996e+00,-1.028199791908264160e+00,-6.561002135276794434e-01,-1.026845216751098633e+00,-1.265791058540344238e+00,-1.150873064994812012e+00,-1.050631999969482422e+00
1.020447015762329102e+00,1.060894012451171875e+00,7.156367301940917969e-01,1.197349548339843750e+00,1.307774662971496582e+00,6.739652156829833984e-01,1.021844148635864258e+00,7.644262313842773438e-01,1.322358131408691406e+00,9.682632088661193848e-01
-1.158024907112121582e+00,-7.912587523460388184e-01,-1.561906933784484863e+00,-9.980610609054565430e-01,-9.789475202560424805e-01,-6.323828697204589844e-01,-8.576600551605224609e-01,-6.197994947433471680e-01,-1.012820601463317871e+00,-1.460458755493164062e+00
1.036739706993103027e+00,1.421076178550720215e+00,5.176643729209899902e-01,1.038587450981140137e+00,7.286369204521179199e-01,1.187415122985839844e+00,1.131840705871582031e+00,1.142359852790832520e+00,1.245474457740783691e+00,1.167908906936645508e+00
-1.008130073547363281e+00,-7.699200510978698730e-01,-1.144322514533996582e+00,-1.324478983879089355e+00,-1.146410465240478516e+00,-4.589987397193908691e-01,-1.221325039863586426e+00,-7.005612850189208984e-01,-6.003223061561584473e-01,-1.158528804779052734e+00
1.175815582275390625e+00,1.251406192779541016e+00,9.194921255111694336e-01,1.075187206268310547e+00,7.823636531829833984e-01,1.089424967765808105e+00,1.212660670280456543e+00,9.608241319656372070e-01,1.038413405418395996e+00,1.188145279884338379e+00
-1.066169857978820801e+00,-9.832750558853149414e-01,-6.671443581581115723e-01,-9.543673396110534668e-01,-1.001795887947082520e+00,-9.304936528205871582e-01,-1.385070681571960449e+00,-1.263693571090698242e+00,-1.519456505775451660e+00,-8.548759818077087402e-01
8.275268077850341797e-01,1.584641933441162109e+00,1.250055432319641113e+00,5.748022198677062988e-01,9.451732635498046875e-01,1.120090126991271973e+00,1.041777133941650391e+00,1.297014474868774414e+00,1.350088238716125488e+00,9.470039606094360352e-01
-8.310886621475219727e-01,-7.713667154312133789e-01,-8.227971196174621582e-01,-1.271006584167480469e+00,-1.372566580772399902e+00,-9.379912614822387695e-01,-1.451192736625671387e+00,-1.059695124626159668e+00,-5.271034836769104004e-01,-1.142937660217285156e+00
1.035633087158203125e+00,8.610924482345581055e-01,1.611966967582702637e+00,1.274777531623840332e+00,9.473433494567871094e-01,8.146688342094421387e-01,7.802477478981018066e-01,7.852265238761901855e-01,9.154137372970581055e-01,1.126074552536010742e+00
7.384004592895507812e-01,1.128526210784912109e+00,1.028178572654724121e+00,1.224613785743713379e+00,1.367851257324218750e+00,1.130268812179565430e+00,1.503747701644897461e+00,7.408537864685058594e-01,5.407853126525878906e-01,7.677217125892639160e-01
-1.320857763290405273e+00,-1.065571069717407227e+00,-1.265369772911071777e+00,-8.081862926483154297e-01,-1.470084786415100098e+00,-8.647965788841247559e-01,-1.111608505249023438e+00,-1.263112783432006836e+00,-7.691943645477294922e-01,-1.758465051651000977e+00
7.860094308853149414e-01,1.911092519760131836e+00,1.420690774917602539e+00,9.278575181961059570e-01,1.576081156730651855e+00,1.123028516769409180e+00,1.294982790946960449e+00,1.588370919227600098e+00,1.175009250640869141e+00,1.421761751174926758e+00
6.721247434616088867e-01,1.340154528617858887e+00,9.376273751258850098e-01,9.315608739852905273e-01,1.343478798866271973e+00,1.091782450675964355e+00,8.292942047119140625e-01,7.929077744483947754e-01,1.195943117141723633e+00,1.228149056434631348e+00
-1.003504514694213867e+00,-1.369472622871398926e+00,-9.829185009002685547e-01,-9.712841510772705078e-01,-1.355240821838378906e+00,-6.958482861518859863e-01,-1.237051844596862793e+00,-8.775029778480529785e-01,-5.088856220245361328e-01,-1.343750953674316406e+00
8.698276877403259277e-01,1.284333229064941406e+00,7.918130159378051758e-01,1.258150219917297363e+00,1.211461067199707031e+00,5.057307481765747070e-01,1.136031150817871094e+00,9.409424066543579102e-01,1.130158782005310059e+00,1.098149776458740234e+00
-9.183968305587768555e-01,-7.126815915107727051e-01,-1.062979340553283691e+00,-7.840539813041687012e-01,-6.756894588470458984e-01,-1.212493062019348145e+00,-1.187260031700134277e+00,-1.853670358657836914e+00,-5.853040218353271484e-01,-1.020699024200439453e+00
8.599397540092468262e-01,1.195557355880737305e+00,1.280521988868713379e+00,1.857845544815063477e+00,1.247366786003112793e+00,6.205006241798400879e-01,9.194650650024414062e-01,1.247183322906494141e+00,1.391274929046630859e+00,9.041264653205871582e-01
1.154033780097961426e+00,5.266818404197692871e-01,9.501322507858276367e-01,8.755502700805664062e-01,1.006303071975708008e+00,8.072708249092102051e-01,1.019520759582519531e+00,1.132555961608886719e+00,1.273296475410461426e+00,1.039883494377136230e+00
-1.186589837074279785e+00,-7.622952461242675781e-01,-4.483903050422668457e-01,-1.149960279464721680e+00,-1.256162285804748535e+00,-1.080684185028076172e+00,-1.182884931564331055e+00,-1.235618233680725098e+00,-1.400716781616210938e+00,-8.200606107711791992e-01
-1.463031023740768433e-01,-1.340536773204803467e-01,-1.037111282348632812e+00,-5.551281571388244629e-01,-8.302708864212036133e-01,-7.269744277000427246e-01,-9.385671019554138184e-01,-1.330237030982971191e+00,-1.178079009056091309e+00,-5.610449910163879395e-01
9.528593420982360840e-01,1.370720505714416504e+00,9.150036573410034180e-01,6.510681509971618652e-01,1.318182110786437988e+00,9.763684272766113281e-01,3.123498558998107910e-01,9.906228780746459961e-01,1.035292625427246094e+00,1.222044587135314941e+00
-1.225580573081970215e+00,-1.281201720237731934e+00,-9.328278899192810059e-01,-6.450153589248657227e-01,-1.283779382705688477e+00,-4.663083255290985107e-01,-8.842037320137023926e-01,-1.115452408790588379e+00,-1.349911451339721680e+00,-9.836683273315429688e-01
-1.131114840507507324e+00,-8.137683868408203125e-01,-1.266279816627502441e+00,-5.064260959625244141e-01,-4.393149912357330322e-01,-1.393441200256347656e+00,-8.581207394599914551e-01,-8.468251228332519531e-01,-7.689710855484008789e-01,-1.014274358749389648e+00
-1.038052558898925781e+00,-1.059951663017272949e+00,-7.306151986122131348e-01,-8.401688337326049805e-01,-1.422231554985046387e+00,-1.019842267036437988e+00,-9.439707398414611816e-01,-1.380143523216247559e+00,-1.076302051544189453e+00,-1.176131129264831543e+00
-1.272656440734863281e+00,-1.227178812026977539e+00,-9.375680685043334961e-01,-5.816324949264526367e-01,-1.200762867927551270e+00,-7.352263927459716797e-01,-9.087237715721130371e-01,-6.768334507942199707e-01,-1.256485104560852051e+00,-1.701218962669372559e+00
8.405279517173767090e-01,1.436958193778991699e+00,1.110442757606506348e+00,1.082002639770507812e+00,1.124414443969726562e+00,1.579879403114318848e+00,5.520978569984436035e-01,1.501207828521728516e+00,5.031798481941223145e-01,1.341105341911315918e+00
8.981445431709289551e-01,1.188543438911437988e+00,1.045047283172607422e+00,1.053184866905212402e+00,1.098512887954711914e+00,1.286312580108642578e+00,9.109929203987121582e-01,1.121920943260192871e+00,9.652463197708129883e-01,5.884841680526733398e-01
6.033823490142822266e-01,1.324572563171386719e+00,1.087416410446166992e+00,1.294781565666198730e+00,1.020039677619934082e+00,8.542659878730773926e-01,1.479880213737487793e+00,1.292077064514160156e+00,1.000083804130554199e+00,8.400426506996154785e-01
-9.971964955329895020e-01,-6.500016450881958008e-01,-9.382756948471069336e-01,-1.458167195320129395e+00,-8.077087998390197754e-01,-8.859983086585998535e-01,-9.283570647239685059e-01,-1.170273900032043457e+00,-1.076272487640380859e+00,-1.623076319694519043e+00
-1.071245551109313965e+00,-6.650596857070922852e-01,-1.023138284683227539e+00,-9.125933647155761719e-01,-1.087514877319335938e+00,-7.757079601287841797e-01,-1.437755823135375977e+00,-7.318600416183471680e-01,-1.566898345947265625e+00,-1.173858880996704102e+00
-1.052315711975097656e+00,-1.191433310508728027e+00,-5.992999076843261719e-01,-1.040818691253662109e+00,-1.005929708480834961e+00,-6.769683957099914551e-01,-7.931873798370361328e-01,-1.287785649299621582e+00,-1.091197133064270020e+00,-1.275175690650939941e+00
-1.218569397926330566e+00,-1.624006748199462891e+00,-1.337166070938110352e+00,-9.946219921112060547e-01,-1.284332513809204102e+00,-3.808734118938446045e-01,-1.063394188880920410e+00,-1.123133897781372070e+00,-1.476045489311218262e+00,-1.102754950523376465e+00
4.361204206943511963e-01,1.468984603881835938e+00,1.297086596488952637e+00,1.214985013008117676e+00,1.194018721580505371e+00,4.490571320056915283e-01,7.374050021171569824e-01,1.160958051681518555e+00,7.227883338928222656e-01,1.139002084732055664e+00
1.483554393053054810e-01,6.784805655479431152e-01,2.269916236400604248e-01,1.079253435134887695e+00,1.293552756309509277e+00,1.307204961776733398e+00,8.212150931358337402e-01,6.439085602760314941e-01,1.058786511421203613e+00,1.156041741371154785e+00
6.815475821495056152e-01,1.046601772308349609e+00,7.269915342330932617e-01,9.600335955619812012e-01,1.256608843803405762e+00,1.011436462402343750e+00,7.219546437263488770e-01,4.165017306804656982e-01,9.331158399581909180e-01,8.107026219367980957e-01
8.283078074455261230e-01,8.004924058914184570e-01,7.570438385009765625e-01,1.109118223190307617e+00,6.978020071983337402e-01,8.842896223068237305e-01,1.253327488899230957e+00,1.183537364006042480e+00,1.463685274124145508e+00,7.101421356201171875e-01
-9.916882514953613281e-01,-1.299992442131042480e+00,-5.134006738662719727e-01,-1.097917675971984863e+00,-1.126534819602966309e+00,-6.740416288375854492e-01,-6.951255798339843750e-01,-1.207863450050354004e+00,-1.064514160156250000e+00,-1.209093570709228516e+00
8.196043968200683594e-01,9.878201484680175781e-01,1.069088816642761230e+00,9.778366684913635254e-01,1.056815028190612793e+00,9.034996032714843750e-01,1.543272018432617188e+00,1.068191766738891602e+00,1.289008378982543945e+00,5.336281657218933105e-01
1.046116948127746582e+00,9.668906927108764648e-01,7.393329143524169922e-01,8.694741129875183105e-01,1.036861300468444824e+00,1.153539538383483887e+00,1.442864775657653809e+00,6.687300801277160645e-01,9.060884118080139160e-01,1.252246618270874023e+00
4.580276608467102051e-01,1.235403776168823242e+00,1.034453392028808594e+00,1.071135163307189941e+00,9.150991439819335938e-01,6.899335384368896484e-01,1.501565575599670410e+00,1.025124549865722656e+00,7.336286306381225586e-01,1.068571925163269043e+00
-5.726042985916137695e-01,-7.286618947982788086e-01,-1.136920809745788574e+00,-1.049071311950683594e+00,-1.011584877967834473e+00,-1.015382766723632812e+00,-1.481384754180908203e+00,-1.099088430404663086e+00,-7.215083837509155273e-01,-1.270584821701049805e+00
-7.649257779121398926e-01,-6.487532258033752441e-01,-1.207916855812072754e+00,-1.184031605720520020e+00,-9.880958795547485352e-01,-1.111042022705078125e+00,-1.587761402130126953e+00,-1.225875616073608398e+00,-5.824964642524719238e-01,-1.579980969429016113e+00
8.208007216453552246e-01,1.178335905075073242e+00,5.220711827278137207e-01,9.431730508804321289e-01,1.574630856513977051e+00,5.937102437019348145e-01,1.570312976837158203e+00,1.207545161247253418e+00,6.424040198326110840e-01,1.187875509262084961e+00
-9.586974382400512695e-01,-1.021237254142761230e+00,-1.037511706352233887e+00,-6.100757718086242676e-01,-1.037752389907836914e+00,-1.322392463684082031e+00,-1.411961793899536133e+00,-9.370958209037780762e-01,-1.319158315658569336e+00,-1.338992476463317871e+00
8.230685591697692871e-01,1.095458745956420898e+00,8.800968527793884277e-01,1.193787097930908203e+00,9.965514540672302246e-01,1.039832353591918945e+00,9.110099077224731445e-01,6.218126416206359863e-01,9.892519116401672363e-01,1.062347650527954102e+00
6.616619229316711426e-01,1.159139990806579590e+00,1.214895009994506836e+00,8.834644556045532227e-01,6.227068901062011719e-01,1.008013010025024414e+00,1.121919751167297363e+00,8.404554128646850586e-01,1.222379207611083984e+00,4.896472096443176270e-01
-1.238257646560668945e+00,-3.041539788246154785e-01,-7.960609793663024902e-01,-1.146430850028991699e+00,-1.336240649223327637e+00,-8.001824021339416504e-01,-1.353523135185241699e+00,-9.641101956367492676e-01,-1.356739401817321777e+00,-1.223865985870361328e+00
6.703252196311950684e-01,1.319459319114685059e+00,5.426416993141174316e-01,7.264080047607421875e-01,1.030159950256347656e+00,1.194923162460327148e+00,8.340027332305908203e-01,1.045670151710510254e+00,1.237320184707641602e+00,8.097247481346130371e-01
1.487225770950317383e+00,5.145031809806823730e-01,4.306431412696838379e-01,9.972096085548400879e-01,7.191224098205566406e-01,9.467519521713256836e-01,1.103102326393127441e+00,9.196355938911437988e-01,1.342164397239685059e+00,1.210643053054809570e+00
1.065083742141723633e+00,1.235001444816589355e+00,5.926166176795959473e-01,1.662500500679016113e+00,1.315377831459045410e+00,1.486465811729431152e+00,6.872178912162780762e-01,7.312648296356201172e-01,6.254040598869323730e-01,6.316521763801574707e-01
8.860657215118408203e-01,8.906668424606323242e-01,1.245362401008605957e+00,1.291907191276550293e+00,1.081733465194702148e+00,8.791053891181945801e-01,1.030797243118286133e+00,1.016226172447204590e+00,1.060863256454467773e+00,1.023255944252014160e+00
8.358579277992248535e-01,1.005136489868164062e+00,2.177000045776367188e-01,7.565036416053771973e-01,1.044774055480957031e+00,6.720072627067565918e-01,1.312537908554077148e+00,1.540788173675537109e+00,1.370057940483093262e+00,1.238362431526184082e+00
-7.278507947921752930e-01,-6.031109094619750977e-01,-1.764224022626876831e-01,-7.281227111816406250e-01,-3.663144111633300781e-01,2.278474569320678711e-01,-7.802056074142456055e-01,-3.255651295185089111e-01,-8.299962282180786133e-01,-2.815009951591491699e-01
1.043715476989746094e+00,1.016792178153991699e+00,1.086463332176208496e+00,7.705309987068176270e-01,8.235366344451904297e-01,1.194617748260498047e+00,1.080459833145141602e+00,1.273917436599731445e+00,1.043428182601928711e+00,7.879766821861267090e-01
-1.679930567741394043e+00,-1.251064538955688477e+00,-1.221087217330932617e+00,-7.125016450881958008e-01,-1.269484400749206543e+00,-8.366636037826538086e-01,-9.377787709236145020e-01,-1.194217085838317871e+00,-1.150763273239135742e+00,-8.251323699951171875e-01
7.735261917114257812e-01,1.347385764122009277e+00,1.111393451690673828e+00,8.447381854057312012e-01,1.060172080993652344e+00,6.572132706642150879e-01,1.213264942169189453e+00,1.095380544662475586e+00,1.391347289085388184e+00,1.200338482856750488e+00
-1.262168407440185547e+00,-9.643310904502868652e-01,-1.317240715026855469e+00,-6.381200551986694336e-01,-1.298519134521484375e+00,-8.471542596817016602e-01,-1.289099693298339844e+00,-6.673433780670166016e-01,-1.075421929359436035e+00,-1.222613692283630371e+00
-1.205826878547668457e+00,-9.673159718513488770e-01,-8.606206774711608887e-01,-1.003784775733947754e+00,-1.404146671295166016e+00,-1.384916543960571289e+00,-1.507356762886047363e+00,-5.976447463035583496e-01,-1.145124435424804688e+00,-1.067160248756408691e+00
9.928140044212341309e-01,1.493465542793273926e+00,1.317137002944946289e+00,1.339235782623291016e+00,8.303191065788269043e-01,9.861254096031188965e-01,8.975566029548645020e-01,1.446028828620910645e+00,1.079977035522460938e+00,1.026265144348144531e+00
9.618026614189147949e-01,1.208246231079101562e+00,6.217555999755859375e-01,1.349807620048522949e+00,8.102841377258300781e-01,1.031295895576477051e+00,1.135936856269836426e+00,7.770395874977111816e-01,8.756466507911682129e-01,1.208835005760192871e+00
6.888805031776428223e-01,8.945893645286560059e-01,1.364589333534240723e+00,1.216343045234680176e+00,8.544670343399047852e-01,1.197084784507751465e+00,8.927404284477233887e-01,1.049621701240539551e+00,1.139263868331909180e+00,1.035460233688354492e+00
-8.433642983436584473e-01,-8.877378702163696289e-01,-1.444865345954895020e+00,-1.366430401802062988e+00,-1.130589723587036133e+00,-1.217878222465515137e+00,-1.322219729423522949e+00,-5.377917885780334473e-01,-6.666324734687805176e-01,-7.306286692619323730e-01
-1.556952834129333496e+00,-1.239729523658752441e+00,-1.311978459358215332e+00,-8.233137726783752441e-01,-1.263908267021179199e+00,-9.193823933601379395e-01,-1.129092931747436523e+00,-7.654281258583068848e-01,-1.278678417205810547e+00,-7.803106307983398438e-01
1.132715582847595215e+00,1.179934263229370117e+00,1.216548800468444824e+00,8.693316578865051270e-01,1.065514326095581055e+00,5.835812687873840332e-01,1.083583116531372070e+00,9.287231564521789551e-01,7.736488580703735352e-01,1.425571680068969727e+00
1.083712220191955566e+00,1.220553517341613770e+00,1.013902783393859863e+00,1.015329718589782715e+00,9.064691662788391113e-01,3.288430571556091309e-01,1.334838032722473145e+00,1.307422518730163574e+00,1.319459438323974609e+00,8.040139675140380859e-01
-1.317576408386230469e+00,-1.154449582099914551e+00,-8.348667621612548828e-01,-1.374524354934692383e+00,-9.729540348052978516e-01,-1.105039834976196289e+00,-1.611800312995910645e+00,-8.002411127090454102e-01,-1.163819551467895508e+00,-9.826986193656921387e-01
1.033369541168212891e+00,1.008091092109680176e+00,9.724465012550354004e-01,1.257578372955322266e+00,5.713953375816345215e-01,8.001909255981445312e-01,8.456088900566101074e-01,1.103817343711853027e+00,1.023213863372802734e+00,5.345445275306701660e-01
1.088792562484741211e+00,1.051422834396362305e+00,1.315246105194091797e+00,7.780157327651977539e-01,1.107107639312744141e+00,8.494299650192260742e-01,4.836682677268981934e-01,1.169216394424438477e+00,6.568127870559692383e-01,1.557580947875976562e+00
-1.058595657348632812e+00,-1.649259328842163086e+00,-8.250426650047302246e-01,-9.102990627288818359e-01,-7.550519108772277832e-01,-9.807682633399963379e-01,-1.001054525375366211e+00,-1.033745884895324707e+00,-9.737371802330017090e-01,-1.423076033592224121e+00
1.148341059684753418e+00,1.215967297554016113e+00,9.689102172851562500e-01,7.435382604598999023e-01,1.100129246711730957e+00,7.601677179336547852e-01,1.574285626411437988e+00,1.137817263603210449e+00,1.229440093040466309e+00,1.212408065795898438e+00
1.026966571807861328e+00,1.146380543708801270e+00,1.031554818153381348e+00,1.248876452445983887e+00,1.051384925842285156e+00,1.060044646263122559e+00,6.320953369140625000e-01,1.092928051948547363e+00,7.334534525871276855e-01,7.700733542442321777e-01
5.884618163108825684e-01,9.251134395599365234e-01,1.034817576408386230e+00,6.775399446487426758e-01,8.217155337333679199e-01,1.154738306999206543e+00,4.681115150451660156e-01,7.490537166595458984e-01,6.809910535812377930e-01,4.369793832302093506e-01
-1.216186881065368652e+00,-4.835527539253234863e-01,-1.273894429206848145e+00,-1.358495473861694336e+00,-1.387489795684814453e+00,-3.670116066932678223e-01,-1.576300978660583496e+00,-9.771658182144165039e-01,-1.089817166328430176e+00,-1.212180495262145996e+00
-1.218811631202697754e+00,-3.932455778121948242e-01,-1.256750702857971191e+00,-9.240593314170837402e-01,-4.469134211540222168e-01,-1.375692605972290039e+00,-6.497195363044738770e-01,-1.434055924415588379e+00,-1.094776630401611328e+00,-1.207627415657043457e+00
8.088778257369995117e-01,1.495631933212280273e+00,1.077325820922851562e+00,1.044353604316711426e+00,5.251719355583190918e-01,1.041671395301818848e+00,4.840035140514373779e-01,1.177261948585510254e+00,7.908946275711059570e-01,1.140648603439331055e+00
8.864767551422119141e-01,8.080440759658813477e-01,6.583378314971923828e-01,8.613514900207519531e-01,8.099434971809387207e-01,8.704885244369506836e-01,1.319308876991271973e+00,8.483861684799194336e-01,9.159839153289794922e-01,6.323279738426208496e-01
1.372313618659973145e+00,1.069421291351318359e+00,1.066103458404541016e+00,1.128258109092712402e+00,1.006091117858886719e+00,1.128694295883178711e+00,4.170059263706207275e-01,9.347112178802490234e-01,6.799648404121398926e-01,5.116935372352600098e-01
5.633860230445861816e-01,1.542069196701049805e+00,9.474741220474243164e-01,1.137628912925720215e+00,1.372701644897460938e+00,7.027133107185363770e-01,1.170819282531738281e+00,7.515965104103088379e-01,9.250559806823730469e-01,1.238685011863708496e+00
-9.377719163894653320e-01,-9.429560899734497070e-01,-8.676449060440063477e-01,-7.812197804450988770e-01,-2.962535917758941650e-01,-4.379890859127044678e-01,-7.974414825439453125e-01,-1.607908964157104492e+00,-1.170604228973388672e+00,-4.346262514591217041e-01
-1.476353168487548828e+00,-1.229936838150024414e+00,-9.579597711563110352e-01,-7.957442998886108398e-01,-1.034559845924377441e+00,-3.071392178535461426e-01,-1.270248293876647949e+00,-1.548854708671569824e+00,-9.691671729087829590e-01,-1.094625592231750488e+00
5.053254961967468262e-01,7.520090341567993164e-01,1.148279547691345215e+00,8.808156847953796387e-01,1.346545934677124023e+00,1.107611417770385742e+00,1.173997759819030762e+00,1.149164676666259766e+00,9.382514357566833496e-01,7.749072313308715820e-01
4.786939024925231934e-01,1.009597539901733398e+00,1.170859336853027344e+00,1.008656501770019531e+00,1.110602498054504395e+00,9.601008296012878418e-01,1.348334550857543945e+00,1.122750163078308105e+00,1.287423372268676758e+00,1.348679184913635254e+00
9.215446114540100098e-01,1.786280035972595215e+00,9.449579715728759766e-01,1.118892788887023926e+00,1.288963913917541504e+00,8.654766082763671875e-01,1.186021566390991211e+00,8.756867051124572754e-01,1.033311367034912109e+00,8.971477150917053223e-01
1.271193504333496094e+00,8.787760138511657715e-01,8.216461539268493652e-01,1.094149351119995117e+00,1.007443547248840332e+00,1.011512279510498047e+00,9.337497949600219727e-01,1.338889598846435547e+00,9.321168661117553711e-01,1.098116874694824219e+00
-1.213330179452896118e-01,5.377812981605529785e-01,9.610894322395324707e-01,1.324546456336975098e+00,1.324241638183593750e+00,1.046871781349182129e+00,1.131273508071899414e+00,1.209703683853149414e+00,1.696166515350341797e+00,6.424383521080017090e-01
1.058564782142639160e+00,9.516158699989318848e-01,9.072735309600830078e-01,9.581714868545532227e-01,1.351553559303283691e+00,6.229590773582458496e-01,1.023828268051147461e+00,1.088829636573791504e+00,1.180139303207397461e+00,7.843994498252868652e-01
6.986631155014038086e-01,1.492966413497924805e+00,1.194068789482116699e+00,6.529014706611633301e-01,5.727183818817138672e-01,7.859306931495666504e-01,1.507763147354125977e+00,1.117954373359680176e+00,8.034569025039672852e-01,1.150934815406799316e+00
-1.382449746131896973e+00,-6.385779380798339844e-01,-1.190962553024291992e+00,-1.003973722457885742e+00,-1.063611984252929688e+00,-9.259447455406188965e-01,-9.987990856170654297e-01,-9.474340081214904785e-01,-8.181649446487426758e-01,-1.198051929473876953e+00
9.255037307739257812e-01,6.477099061012268066e-01,1.449618935585021973e+00,1.091322183609008789e+00,1.113758087158203125e+00,1.211965918540954590e+00,8.195056319236755371e-01,9.067456722259521484e-01,1.152053475379943848e+00,1.260936617851257324e+00
-7.646328806877136230e-01,-1.051755189895629883e+00,-1.248024344444274902e+00,-4.709613621234893799e-01,-7.323223352432250977e-01,-7.519630193710327148e-01,-1.133679270744323730e+00,-1.678053855895996094e+00,-9.069297909736633301e-01,-1.196039557456970215e+00
-1.085691452026367188e+00,-6.548266410827636719e-01,-9.979675412178039551e-01,-1.253194689750671387e+00,-1.048009514808654785e+00,-8.224513530731201172e-01,-1.282744526863098145e+00,-1.305647730827331543e+00,-1.076656699180603027e+00,-9.968346357345581055e-01
4.999246001243591309e-01,1.456937193870544434e+00,8.226420879364013672e-01,1.019077539443969727e+00,1.243905544281005859e+00,1.072617411613464355e+00,8.472548127174377441e-01,9.101377725601196289e-01,1.112122893333435059e+00,1.048406600952148438e+00
-1.506287097930908203e+00,-5.369035005569458008e-01,-4.414107203483581543e-01,-7.620901465415954590e-01,-9.514287710189819336e-01,-1.145556807518005371e+00,-1.335708856582641602e+00,-6.741265654563903809e-01,-1.217892527580261230e+00,-6.193742156028747559e-01
1.466499447822570801e+00,1.050471186637878418e+00,1.108598589897155762e+00,6.470272541046142578e-01,6.647177934646606445e-01,1.217692375183105469e+00,1.161894321441650391e+00,7.727241516113281250e-01,7.352689504623413086e-01,7.688385248184204102e-01
9.094444513320922852e-01,1.213942170143127441e+00,1.219392538070678711e+00,1.362804532051086426e+00,1.299883365631103516e+00,5.730017423629760742e-01,1.043032288551330566e+00,7.954133152961730957e-01,1.172328591346740723e+00,9.581205844879150391e-01
8.989159464836120605e-01,7.292750477790832520e-01,1.583874702453613281e+00,7.701331377029418945e-01,9.938163757324218750e-01,1.571331501007080078e+00,2.688748538494110107e-01,1.030491113662719727e+00,6.925190091133117676e-01,1.068884059786796570e-01
-8.240514993667602539e-01,-1.337679266929626465e+00,-1.025660157203674316e+00,-9.084136486053466797e-01,-8.529067039489746094e-01,-8.096692562103271484e-01,-1.574387311935424805e+00,-1.208689570426940918e+00,-1.211338162422180176e+00,-1.619691252708435059e+00
-1.152724742889404297e+00,-8.664199709892272949e-01,-1.316560745239257812e+00,-3.525609374046325684e-01,-1.012711048126220703e+00,-7.303089499473571777e-01,-1.077000856399536133e+00,-1.222516179084777832e+00,-5.598144531250000000e-01,-9.340479969978332520e-01
1.105200409889221191e+00,1.172833085060119629e+00,1.053209543228149414e+00,6.846567392349243164e-01,8.975162506103515625e-01,1.362840056419372559e+00,5.662400126457214355e-01,9.043323397636413574e-01,9.052331447601318359e-01,8.864235877990722656e-01
1.108799934387207031e+00,1.341612577438354492e+00,1.321326732635498047e+00,1.231784224510192871e+00,1.111559629440307617e+00,1.243516564369201660e+00,9.359270930290222168e-01,9.010828137397766113e-01,6.562672257423400879e-01,7.631362676620483398e-01
-1.578405618667602539e+00,-1.212171554565429688e+00,-8.300557732582092285e-01,-1.557679653167724609e+00,-1.055731773376464844e+00,-1.008524775505065918e+00,-2.935612797737121582e-01,-1.219719052314758301e+00,-9.402641654014587402e-01,-1.482932686805725098e+00
-1.139747023582458496e+00,-8.706378340721130371e-01,-1.369225025177001953e+00,-8.715488910675048828e-01,-1.334390759468078613e+00,-1.199579596519470215e+00,-1.156719207763671875e+00,-1.472175955772399902e+00,-6.403658986091613770e-01,-8.671914935111999512e-01
1.276544690132141113e+00,1.243563771247863770e+00,7.864786386489868164e-01,4.567465186119079590e-01,1.007172942161560059e+00,1.123034834861755371e+00,8.188851475715637207e-01,1.169901251792907715e+00,1.216813445091247559e+00,9.229568839073181152e-01
8.478660583496093750e-01,1.245796322822570801e+00,4.707914292812347412e-01,6.536842584609985352e-01,1.232341885566711426e+00,1.148128271102905273e+00,8.870536684989929199e-01,1.041472196578979492e+00,8.504069447517395020e-01,9.161834120750427246e-01
-8.717991709709167480e-01,-9.240465760231018066e-01,-9.035788178443908691e-01,-1.217405080795288086e+00,-1.136947393417358398e+00,-9.857484698295593262e-01,-7.898733019828796387e-01,-6.174059510231018066e-01,-7.522610425949096680e-01,-1.325698494911193848e+00
7.072823643684387207e-01,1.003930211067199707e+00,9.132888913154602051e-01,1.305356025695800781e+00,1.491718769073486328e+00,7.519591450691223145e-01,1.272424221038818359e+00,8.361045122146606445e-01,9.992217421531677246e-01,6.116806268692016602e-01
1.043581247329711914e+00,4.214975535869598389e-01,9.832134842872619629e-01,1.339454054832458496e+00,7.411015033721923828e-01,9.723764061927795410e-01,1.157111525535583496e+00,1.169078946113586426e+00,1.150185942649841309e+00,1.003163576126098633e+00
5.840876698493957520e-01,1.038346886634826660e+00,4.509618282318115234e-01,5.220959782600402832e-01,6.424136757850646973e-01,1.008900880813598633e+00,9.504842162132263184e-01,1.072708368301391602e+00,7.965599298477172852e-01,5.764136314392089844e-01
-7.710086107254028320e-01,-1.148251175880432129e+00,-5.848456025123596191e-01,-1.204237699508666992e+00,-7.551285028457641602e-01,-1.205844283103942871e+00,-1.213495969772338867e+00,-1.877100110054016113e+00,-9.493388533592224121e-01,-1.295163631439208984e+00
-1.065248966217041016e+00,-1.190396547317504883e+00,-9.063820242881774902e-01,-8.276537060737609863e-01,-1.065225839614868164e+00,-1.372101902961730957e+00,-1.418048620223999023e+00,-6.335213184356689453e-01,-1.281988978385925293e+00,-1.161775112152099609e+00
7.279639244079589844e-01,1.188206195831298828e+00,7.803308963775634766e-01,1.141458630561828613e+00,8.861588835716247559e-01,9.112986326217651367e-01,1.165257453918457031e+00,7.694861292839050293e-01,1.468012452125549316e+00,1.149581313133239746e+00
-1.263199567794799805e+00,-9.871855974197387695e-01,-1.132283091545104980e+00,-9.985327124595642090e-01,-8.424113392829895020e-01,-1.394616127014160156e+00,-1.307857751846313477e+00,-6.368764638900756836e-01,-1.128784537315368652e+00,-1.033541560173034668e+00
3.532870411872863770e-01,5.234472155570983887e-01,9.313214421272277832e-01,8.596799373626708984e-01,9.654697179794311523e-01,1.105988860130310059e+00,5.815402865409851074e-01,9.030764698982238770e-01,5.799548625946044922e-01,1.069462299346923828e+00
6.979396343231201172e-01,1.270208597183227539e+00,1.141842722892761230e+00,1.093387842178344727e+00,1.097805023193359375e+00,1.152090072631835938e+00,1.216699004173278809e+00,8.317530155181884766e-01,9.686727523803710938e-01,1.317803740501403809e+00
8.695058822631835938e-01,1.059085011482238770e+00,5.206958651542663574e-01,7.873570919036865234e-01,1.287956357002258301e+00,1.000952839851379395e+00,1.056666970252990723e+00,5.544149875640869141e-01,1.095741391181945801e+00,1.118766665458679199e+00
-1.179930925369262695e+00,-1.113050818443298340e+00,-1.284733653068542480e+00,-1.228392124176025391e+00,-8.641731142997741699e-01,-9.912385940551757812e-01,-1.583466529846191406e+00,-9.706382751464843750e-01,-1.410359382629394531e+00,-7.035278081893920898e-01
8.776656389236450195e-01,9.927514791488647461e-01,1.058033466339111328e+00,5.718349814414978027e-01,1.190970063209533691e+00,1.230852961540222168e+00,8.992445468902587891e-01,1.190812945365905762e+00,7.594068050384521484e-01,9.231740236282348633e-01
1.095209002494812012e+00,1.573933839797973633e+00,1.164123296737670898e+00,1.053528308868408203e+00,1.058756232261657715e+00,8.020563125610351562e-01,1.048644900321960449e+00,8.502756357192993164e-01,8.105423450469970703e-01,8.853024840354919434e-01
8.718556165695190430e-01,1.315536737442016602e+00,1.251566529273986816e+00,7.313171029090881348e-01,1.021549701690673828e+00,9.372431635856628418e-01,1.033448457717895508e+00,1.038901567459106445e+00,1.539120793342590332e+00,1.061127305030822754e+00
1.357597470283508301e+00,1.245169997215270996e+00,1.457140922546386719e+00,1.044634938240051270e+00,9.202306270599365234e-01,1.181960701942443848e+00,6.596070528030395508e-01,8.162018656730651855e-01,7.662705779075622559e-01,7.981483936309814453e-01
1.243865966796875000e+00,1.694274544715881348e+00,1.251910924911499023e+00,9.520100951194763184e-01,8.661070466041564941e-01,1.154623389244079590e+00,2.852520048618316650e-01,9.928392171859741211e-01,1.133027911186218262e+00,7.609069347381591797e-01
8.851002454757690430e-01,1.401817798614501953e+00,1.488417625427246094e+00,1.656928181648254395e+00,1.257818341255187988e+00,7.869322299957275391e-01,9.045211076736450195e-01,5.309608578681945801e-01,1.068864583969116211e+00,9.395468831062316895e-01
-1.355948925018310547e+00,-7.966780066490173340e-01,-6.102582216262817383e-01,-8.769127130508422852e-01,-1.448884844779968262e+00,-7.093498706817626953e-01,-9.549662470817565918e-01,-1.138865470886230469e+00,-5.022801756858825684e-01,-1.365620017051696777e+00
8.446324467658996582e-01,1.124801516532897949e+00,7.464145421981811523e-01,8.164865970611572266e-01,1.164105892181396484e+00,8.909933567047119141e-01,1.024446010589599609e+00,9.741262197494506836e-01,1.388090133666992188e+00,7.294241786003112793e-01
3.646524250507354736e-01,1.226737856864929199e+00,1.248053789138793945e+00,1.238953351974487305e+00,1.400472879409790039e+00,1.312429428100585938e+00,6.745414137840270996e-01,1.042933940887451172e+00,1.251937508583068848e+00,6.152200698852539062e-01
7.922627925872802734e-01,1.055868744850158691e+00,5.616462826728820801e-01,1.063028454780578613e+00,1.188925623893737793e+00,5.443216562271118164e-01,4.417179524898529053e-01,1.319139957427978516e+00,4.248524606227874756e-01,1.464179158210754395e+00
5.924363136291503906e-01,1.185702681541442871e+00,1.051562309265136719e+00,8.844928741455078125e-01,1.026107668876647949e+00,1.027279853820800781e+00,1.377682328224182129e+00,7.610877156257629395e-01,1.399919271469116211e+00,8.747645616531372070e-01
-1.418522149324417114e-01,1.226925492286682129e+00,6.735529899597167969e-01,8.742568492889404297e-01,7.471452355384826660e-01,1.044040322303771973e+00,6.177102923393249512e-01,5.985022783279418945e-01,1.080953836441040039e+00,7.801268100738525391e-01
-9.645256400108337402e-01,-9.094767570495605469e-01,-6.719899773597717285e-01,-1.042306184768676758e+00,-8.231174945831298828e-01,-7.736884951591491699e-01,-1.561269998550415039e+00,-8.518111109733581543e-01,-1.210209846496582031e+00,-1.384742736816406250e+00
-1.586581349372863770e+00,-1.017543911933898926e+00,-1.282361984252929688e+00,-9.803299903869628906e-01,-1.015520215034484863e+00,-8.028652071952819824e-01,-1.023513555526733398e+00,-9.713952541351318359e-01,-6.502277851104736328e-01,-1.468260884284973145e+00
-1.272125959396362305e+00,-1.056371331214904785e+00,-9.907299280166625977e-01,-1.098571896553039551e+00,-1.263893604278564453e+00,-2.480338215827941895e-01,-1.328733682632446289e+00,-8.072515726089477539e-01,-4.242531657218933105e-01,-1.383739829063415527e+00
-7.461268901824951172e-01,-1.050318479537963867e+00,-1.293253779411315918e+00,-1.140059232711791992e+00,-9.392921328544616699e-01,-3.377581536769866943e-01,-7.992754578590393066e-01,-1.081261754035949707e+00,-9.967530369758605957e-01,-1.043743491172790527e+00
-1.018881797790527344e+00,-1.203522324562072754e+00,-8.753024339675903320e-01,-2.227031230926513672e+00,-5.486451387405395508e-01,-5.644066929817199707e-01,-1.696595311164855957e+00,-1.018077135086059570e+00,-1.228217005729675293e+00,-9.346733093261718750e-01
-1.115128755569458008e+00,-8.830578327178955078e-01,-1.159556984901428223e+00,-1.004796028137207031e+00,-1.008080244064331055e+00,-2.703728973865509033e-01,-1.566388249397277832e+00,-1.034879565238952637e+00,-1.135020971298217773e+00,-1.268482327461242676e+00
1.553248763084411621e+00,6.447765827178955078e-01,6.186873912811279297e-01,1.056430697441101074e+00,8.200615048408508301e-01,8.032764792442321777e-01,9.259353876113891602e-01,1.403265118598937988e+00,1.420474648475646973e+00,1.033017754554748535e+00
8.882817029953002930e-01,5.039779543876647949e-01,1.206425786018371582e+00,8.285150527954101562e-01,9.676842689514160156e-01,9.214790463447570801e-01,1.020012259483337402e+00,1.165082812309265137e+00,1.006615757942199707e+00,1.189345002174377441e+00
1.124242544174194336e+00,8.029871582984924316e-01,1.224301576614379883e+00,7.682068347930908203e-01,7.504067420959472656e-01,1.131771564483642578e+00,1.127398252487182617e+00,6.695832610130310059e-01,1.147171735763549805e+00,1.083480238914489746e+00
8.290046453475952148e-01,1.313538432121276855e+00,9.251205325126647949e-01,1.159492135047912598e+00,7.632347345352172852e-01,7.293282151222229004e-01,1.042371630668640137e+00,8.037469983100891113e-01,1.313441276550292969e+00,1.279897332191467285e+00
8.624544143676757812e-01,7.809950709342956543e-01,6.843966841697692871e-01,8.910554051399230957e-01,1.217362761497497559e+00,1.095806121826171875e+00,8.868827223777770996e-01,1.006656885147094727e+00,1.260875940322875977e+00,1.282593250274658203e+00
5.160121321678161621e-01,9.271658658981323242e-01,4.649043977260589600e-01,1.573889970779418945e+00,7.127366065979003906e-01,1.006808757781982422e+00,4.996472895145416260e-01,1.437172532081604004e+00,1.107528567314147949e+00,7.292494177818298340e-01
1.112367033958435059e+00,9.875454902648925781e-01,1.262046575546264648e+00,1.228733777999877930e+00,1.336484789848327637e+00,9.544714093208312988e-01,1.129191040992736816e+00,1.039392113685607910e+00,7.772136330604553223e-01,4.908532500267028809e-01
1.491703629493713379e+00,1.327190637588500977e+00,1.293795347213745117e+00,9.695376157760620117e-01,9.218112230300903320e-01,1.073326349258422852e+00,7.816087603569030762e-01,7.034836411476135254e-01,1.182120680809020996e+00,6.244198679924011230e-01
7.558864355087280273e-01,1.199409484863281250e+00,8.554590940475463867e-01,1.198663830757141113e+00,1.136890888214111328e+00,1.133022546768188477e+00,7.784926891326904297e-01,5.883722901344299316e-01,1.393212199211120605e+00,7.862372994422912598e-01
-9.030046463012695312e-01,-8.324977159500122070e-01,-8.214828968048095703e-01,-6.366942524909973145e-01,-9.259867668151855469e-01,-1.525097370147705078e+00,-1.591387391090393066e+00,-8.976255059242248535e-01,-7.938417792320251465e-01,-1.226899623870849609e+00
-1.142673730850219727e+00,-1.106297016143798828e+00,-1.145301818847656250e+00,-7.688027024269104004e-01,-1.391973376274108887e+00,-1.324374318122863770e+00,-1.414934992790222168e+00,-5.292844772338867188e-01,-1.366496324539184570e+00,-8.219231367111206055e-01
6.030324101448059082e-01,8.171294927597045898e-01,1.513857007026672363e+00,3.046853840351104736e-01,1.520253181457519531e+00,1.155550599098205566e+00,6.548596024513244629e-01,9.029374718666076660e-01,9.883119463920593262e-01,7.075908184051513672e-01
8.898717761039733887e-01,-6.612176448106765747e-02,-1.699769496917724609e-02,7.085559368133544922e-01,-1.459596604108810425e-01,-1.714586615562438965e-01,-4.876751005649566650e-01,7.083113491535186768e-02,-7.295098155736923218e-03,-2.629278302192687988e-01
4.015199244022369385e-01,1.085552811622619629e+00,1.336441993713378906e+00,4.968683123588562012e-01,1.252607583999633789e+00,9.361813664436340332e-01,1.000163912773132324e+00,7.459157109260559082e-01,1.132878065109252930e+00,1.010169863700866699e+00
-1.172024130821228027e+00,-6.471190452575683594e-01,-1.169579029083251953e+00,-1.159783124923706055e+00,-9.203324913978576660e-01,-6.550143361091613770e-01,-8.900378346443176270e-01,-1.256819725036621094e+00,-9.944290518760681152e-01,-1.638685226440429688e+00
1.148223996162414551e+00,1.060554742813110352e+00,6.427430510520935059e-01,5.141981840133666992e-01,7.353948354721069336e-01,1.469460368156433105e+00,1.047293663024902344e+00,1.131999015808105469e+00,1.390768408775329590e+00,1.150875806808471680e+00
-7.799944877624511719e-01,-9.983682036399841309e-01,-1.164877891540527344e+00,-1.214935660362243652e+00,-8.787941932678222656e-01,-1.120242476463317871e+00,-8.003262281417846680e-01,-8.321387767791748047e-01,-4.261058866977691650e-01,-9.086858034133911133e-01
-1.119830369949340820e+00,-7.718069553375244141e-01,-7.721066474914550781e-01,-8.679722547531127930e-01,-9.140437245368957520e-01,-8.465578556060791016e-01,-1.025637745857238770e+00,-1.431976318359375000e+00,-1.432570576667785645e+00,-8.909532427787780762e-01
-5.723833441734313965e-01,-5.679315924644470215e-01,-8.531178236007690430e-01,-9.359148740768432617e-01,-1.374809741973876953e+00,-4.291945099830627441e-01,-1.558068394660949707e+00,-9.857692122459411621e-01,-1.354254603385925293e+00,-8.333601355552673340e-01
2.445926666259765625e-01,1.124647021293640137e+00,1.350546598434448242e+00,9.487533569335937500e-01,9.052777290344238281e-01,1.079592108726501465e+00,6.089342832565307617e-01,1.259435296058654785e+00,1.182825326919555664e+00,3.306283950805664062e-01
-6.609435081481933594e-01,-9.486620426177978516e-01,-8.255311250686645508e-01,-7.081303596496582031e-01,-7.723788619041442871e-01,-1.140027046203613281e+00,-1.436777949333190918e+00,-1.189127326011657715e+00,-1.443542838096618652e+00,-8.402629494667053223e-01
-1.089221596717834473e+00,-1.011047244071960449e+00,-1.161935091018676758e+00,-8.414483070373535156e-01,-8.934820890426635742e-01,-7.087646722793579102e-01,-1.573362350463867188e+00,-1.044053912162780762e+00,-4.156194925308227539e-01,-1.383036017417907715e+00
8.478496074676513672e-01,1.123218297958374023e+00,1.000111818313598633e+00,9.257519245147705078e-01,1.338611125946044922e+00,1.113497257232666016e+00,9.331578612327575684e-01,8.881006240844726562e-01,8.061650991439819336e-01,1.203531265258789062e+00
1.043493628501892090e+00,9.418125748634338379e-01,9.581515789031982422e-01,7.726790904998779297e-01,9.041894078254699707e-01,8.140250444412231445e-01,1.136470437049865723e+00,1.232063889503479004e+00,1.523239970207214355e+00,1.368345499038696289e+00
1.381751060485839844e+00,1.258348345756530762e+00,8.228600621223449707e-01,1.185419201850891113e+00,5.300261974334716797e-01,4.892108440399169922e-01,8.358040452003479004e-01,8.540663719177246094e-01,1.087173342704772949e+00,1.092850804328918457e+00
-1.091585397720336914e+00,-2.162146270275115967e-01,-1.104824542999267578e+00,-1.192929863929748535e+00,-6.903846263885498047e-01,-9.610307402908802032e-03,-8.851564526557922363e-01,-8.593885302543640137e-01,-7.145039439201354980e-01,-1.555775880813598633e+00
-1.399657487869262695e+00,-1.108854293823242188e+00,-8.568446636199951172e-01,-9.898474216461181641e-01,-9.726555347442626953e-01,-1.200760722160339355e+00,-1.617091894149780273e+00,-6.390802860260009766e-01,-9.689046144485473633e-01,-8.106440901756286621e-01
8.807449936866760254e-01,1.176732182502746582e+00,1.618608117103576660e+00,8.912532329559326172e-01,9.978000521659851074e-01,1.472450137138366699e+00,8.516458868980407715e-01,8.107262253761291504e-01,1.217541813850402832e+00,7.131614089012145996e-01
9.607367515563964844e-01,1.368056654930114746e+00,8.836812376976013184e-01,8.265888690948486328e-01,1.189783334732055664e+00,1.417114019393920898e+00,8.891482353210449219e-01,3.387892842292785645e-01,1.322289824485778809e+00,5.698571801185607910e-01
1.111384630203247070e+00,7.871334552764892578e-01,9.426465630531311035e-01,9.771964550018310547e-01,1.217667222023010254e+00,3.568021655082702637e-01,9.876372218132019043e-01,6.168572306632995605e-01,1.570958971977233887e+00,7.885234951972961426e-01
1.128743410110473633e+00,1.329851627349853516e+00,6.155043840408325195e-01,9.042455554008483887e-01,1.135702371597290039e+00,9.140778183937072754e-01,1.322062015533447266e+00,1.168994426727294922e+00,7.396886944770812988e-01,7.711927890777587891e-01
7.658787369728088379e-01,1.168957591056823730e+00,5.905027389526367188e-01,1.313065886497497559e+00,8.412518501281738281e-01,1.327250838279724121e+00,1.310311675071716309e+00,9.962903261184692383e-01,8.706215023994445801e-01,1.350057482719421387e+00
6.194804906845092773e-01,1.507703304290771484e+00,1.164079427719116211e+00,9.093225598335266113e-01,7.751564979553222656e-01,7.920002937316894531e-01,1.241443753242492676e+00,1.136015295982360840e+00,1.084380269050598145e+00,6.670959591865539551e-01
-1.256727695465087891e+00,-7.933984994888305664e-01,-1.277570724487304688e+00,-8.292307257652282715e-01,-1.419018626213073730e+00,-9.519247412681579590e-01,-1.073840737342834473e+00,-1.168555259704589844e+00,-7.349905371665954590e-01,-9.551615715026855469e-01
-1.072247266769409180e+00,-1.093563795089721680e+00,-6.524059772491455078e-01,-1.186970949172973633e+00,-1.253788471221923828e+00,-1.069294333457946777e+00,-1.023373961448669434e+00,-1.093307375907897949e+00,-1.246105909347534180e+00,-1.047762274742126465e+00
8.335191607475280762e-01,1.333001136779785156e+00,8.484625816345214844e-01,1.376197695732116699e+00,8.462226986885070801e-01,7.444703578948974609e-01,1.340809941291809082e+00,9.351661205291748047e-01,7.606471180915832520e-01,1.118239283561706543e+00
1.007687568664550781e+00,1.216316938400268555e+00,8.043919205665588379e-01,8.934894204139709473e-01,1.155936956405639648e+00,9.497845172882080078e-01,9.700303077697753906e-01,1.510982155799865723e+00,7.448577880859375000e-01,7.983002066612243652e-01
-1.756550073623657227e+00,-6.963592767715454102e-01,-9.675972461700439453e-01,-1.225990772247314453e+00,-1.299078822135925293e+00,-5.858441591262817383e-01,-8.962425589561462402e-01,-1.133740544319152832e+00,-5.038024783134460449e-01,-8.173164725303649902e-01
1.027822852134704590e+00,1.417587876319885254e+00,1.000062465667724609e+00,8.588873147964477539e-01,1.276745796203613281e+00,8.804453611373901367e-01,1.549584031105041504e+00,1.252759218215942383e+00,1.374261975288391113e+00,1.230298876762390137e+00
-1.101261258125305176e+00,-3.892318308353424072e-01,-1.637777566909790039e+00,-1.510812640190124512e+00,-1.213160276412963867e+00,-2.986164391040802002e-01,-1.535338163375854492e+00,-1.259700298309326172e+00,-1.209338426589965820e+00,-1.334842324256896973e+00
5.146483182907104492e-01,1.037729740142822266e+00,1.432969570159912109e+00,1.137144088745117188e+00,8.190360665321350098e-01,5.283193588256835938e-01,1.294176101684570312e+00,1.520702123641967773e+00,8.662581443786621094e-01,1.197076439857482910e+00
-7.250427603721618652e-01,-1.307705640792846680e+00,-5.688147544860839844e-01,-1.009387612342834473e+00,-1.241638302803039551e+00,-8.777042627334594727e-01,-1.670436620712280273e+00,-1.258459448814392090e+00,-1.049824357032775879e+00,-8.969364166259765625e-01
1.054851293563842773e+00,1.053112745285034180e+00,5.794867277145385742e-01,1.253383159637451172e+00,3.115791678428649902e-01,1.371399164199829102e+00,7.817739248275756836e-01,1.187726497650146484e+00,7.544053196907043457e-01,1.049787163734436035e+00
-1.014781355857849121e+00,-1.023084163665771484e+00,-8.321961164474487305e-01,-9.367271065711975098e-01,-9.409000277519226074e-01,-1.070466518402099609e+00,-1.427531003952026367e+00,-1.114954710006713867e+00,-7.508823275566101074e-01,-1.242226839065551758e+00
9.071843028068542480e-01,1.378244638442993164e+00,1.115001082420349121e+00,7.846357822418212891e-01,7.045069932937622070e-01,7.381191849708557129e-01,8.357819318771362305e-01,1.457412600517272949e+00,1.310394525527954102e+00,1.211087584495544434e+00
-1.206733942031860352e+00,-8.759081959724426270e-01,-1.081017374992370605e+00,-1.221209645271301270e+00,-1.248574495315551758e+00,-8.376385569572448730e-01,-1.235680341720581055e+00,-4.203907251358032227e-01,-9.320243000984191895e-01,-1.371848106384277344e+00
-1.094214320182800293e+00,-1.133431553840637207e+00,-1.460935950279235840e+00,-1.157432675361633301e+00,-9.275461435317993164e-01,-1.075850009918212891e+00,-1.348939895629882812e+00,-8.355184793472290039e-01,-7.222704887390136719e-01,-1.353379726409912109e+00
-1.246874690055847168e+00,-8.321891427040100098e-01,-1.294042587280273438e+00,-9.445367455482482910e-01,-1.504282355308532715e+00,-8.857530355453491211e-01,-5.474705100059509277e-01,-1.600241661071777344e+00,-9.955101013183593750e-01,-1.015448927879333496e+00
1.423377037048339844e+00,1.453690052032470703e+00,7.363157868385314941e-01,1.121338129043579102e+00,1.374141573905944824e+00,1.102131962776184082e+00,1.568360924720764160e+00,7.827975153923034668e-01,1.091286897659301758e+00,1.175785899162292480e+00
8.645555973052978516e-01,1.235626697540283203e+00,5.765795707702636719e-01,1.243580102920532227e+00,9.869809150695800781e-01,1.236420392990112305e+00,8.183616399765014648e-01,9.087930917739868164e-01,8.304603695869445801e-01,1.179947495460510254e+00
-1.182062864303588867e+00,-4.750435054302215576e-01,-1.245712518692016602e+00,-1.524772763252258301e+00,-6.552011966705322266e-01,-1.896072328090667725e-01,-1.267206192016601562e+00,-1.178808212280273438e+00,-6.907844543457031250e-01,-9.417217969894409180e-01
8.953905105590820312e-01,1.277962803840637207e+00,1.681822538375854492e+00,1.480530500411987305e+00,8.878106474876403809e-01,1.055168032646179199e+00,1.023828864097595215e+00,6.980705261230468750e-01,9.270713925361633301e-01,9.132315516471862793e-01
9.560245275497436523e-01,1.316172480583190918e+00,1.330582737922668457e+00,8.942400813102722168e-01,6.454899907112121582e-01,8.461502194404602051e-01,7.492571473121643066e-01,1.214630603790283203e+00,1.113840341567993164e+00,7.519066929817199707e-01
-8.179808855056762695e-01,-3.620151579380035400e-01,-7.199035286903381348e-01,-8.238916993141174316e-01,-7.338871359825134277e-01,-7.741369605064392090e-01,-1.503865599632263184e+00,-1.305159807205200195e+00,-1.038522720336914062e+00,-9.072839617729187012e-01
-1.111498951911926270e+00,-8.093435764312744141e-01,-1.086901426315307617e+00,-1.287472963333129883e+00,-1.408528447151184082e+00,-7.899334430694580078e-01,-1.387272477149963379e+00,-1.186774730682373047e+00,-5.952129364013671875e-01,-1.443827152252197266e+00
-8.387650847434997559e-01,-8.677723407745361328e-01,-1.054062128067016602e+00,-7.084170579910278320e-01,-1.231577873229980469e+00,-9.193040132522583008e-01,-8.925234675407409668e-01,-1.065021276473999023e+00,-9.256927967071533203e-01,-1.107528209686279297e+00
-1.021409392356872559e+00,-1.135237693786621094e+00,-9.564140439033508301e-01,-1.115383386611938477e+00,-1.082563281059265137e+00,-8.970649242401123047e-01,-8.965952396392822266e-01,-1.214037418365478516e+00,-7.470067143440246582e-01,-9.328153133392333984e-01
-9.997057914733886719e-01,-3.375557661056518555e-01,-1.073626518249511719e+00,-6.985220909118652344e-01,-1.294534564018249512e+00,-1.193148255348205566e+00,-1.135424971580505371e+00,-1.393756151199340820e+00,-7.607164382934570312e-01,-1.185263752937316895e+00
1.289587974548339844e+00,8.088161349296569824e-01,7.580218911170959473e-01,1.136881470680236816e+00,5.878121256828308105e-01,9.110859632492065430e-01,1.189915299415588379e+00,1.171171069145202637e+00,9.462395906448364258e-01,9.521443843841552734e-01
-9.084585309028625488e-01,-9.261801838874816895e-01,-1.429078340530395508e+00,-6.928442716598510742e-01,-1.167264819145202637e+00,-1.215322494506835938e+00,-1.366459488868713379e+00,-7.980999350547790527e-01,-1.007193684577941895e+00,-1.078849077224731445e+00
7.709879875183105469e-01,9.460275173187255859e-01,6.563143134117126465e-01,6.134425997734069824e-01,1.055932164192199707e+00,1.518864750862121582e+00,7.406755089759826660e-01,7.516330480575561523e-01,1.336195111274719238e+00,9.863145947456359863e-01
-1.196194052696228027e+00,-1.118420839309692383e+00,-1.381629586219787598e+00,-8.486892580986022949e-01,-1.497350692749023438e+00,-1.004647493362426758e+00,-8.913220763206481934e-01,-7.362463474273681641e-01,-8.923101425170898438e-01,-9.570847749710083008e-01
-1.299430012702941895e+00,-1.200695514678955078e+00,-6.498267054557800293e-01,-9.502152800559997559e-01,-1.306068420410156250e+00,-1.289406299591064453e+00,-7.820713520050048828e-01,-1.220777869224548340e+00,-6.276785135269165039e-01,-8.428966403007507324e-01
-1.172518491744995117e+00,-5.842686295509338379e-01,-8.663079142570495605e-01,-6.532136797904968262e-01,-1.462332844734191895e+00,-1.330822110176086426e+00,-1.091825246810913086e+00,-5.112972855567932129e-01,-1.166961193084716797e+00,-7.752563357353210449e-01
-1.316550493240356445e+00,-8.876708745956420898e-01,-8.796483874320983887e-01,-8.200870752334594727e-01,-1.009498000144958496e+00,-8.521581888198852539e-01,-9.900497794151306152e-01,-1.021118760108947754e+00,-1.194968938827514648e+00,-1.191254496574401855e+00
1.239522933959960938e+00,1.267010807991027832e+00,1.049553990364074707e+00,1.348920106887817383e+00,1.124658584594726562e+00,1.004770159721374512e+00,1.489746689796447754e+00,1.152022719383239746e+00,7.652739286422729492e-01,4.189838171005249023e-01
1.005166649818420410e+00,1.007542133331298828e+00,1.234101533889770508e+00,9.982367753982543945e-01,1.320210576057434082e+00,8.999305367469787598e-01,1.229842185974121094e+00,1.059240221977233887e+00,9.332954287528991699e-01,1.210139036178588867e+00
7.717455029487609863e-01,1.378568530082702637e+00,1.388291239738464355e+00,6.274806857109069824e-01,1.461724996566772461e+00,1.037966012954711914e+00,1.147961139678955078e+00,9.417144060134887695e-01,6.157844066619873047e-01,1.213017463684082031e+00
8.176100850105285645e-01,1.487032055854797363e+00,1.153841972351074219e+00,1.190556526184082031e+00,9.533396959304809570e-01,8.936799168586730957e-01,6.317181587219238281e-01,8.275022506713867188e-01,1.378611445426940918e+00,1.079272031784057617e+00
4.179209768772125244e-01,1.228693008422851562e+00,8.294935226440429688e-01,7.403123378753662109e-01,6.182743310928344727e-01,9.088480472564697266e-01,1.034828543663024902e+00,1.140735983848571777e+00,1.034758687019348145e+00,1.154245734214782715e+00
-9.753060936927795410e-01,-7.617881298065185547e-01,-1.150267720222473145e+00,-6.944959759712219238e-01,-9.777207970619201660e-01,-7.031460404396057129e-01,-1.007201790809631348e+00,-9.011570215225219727e-01,-1.299643635749816895e+00,-8.222991824150085449e-01
-1.307767152786254883e+00,-3.742566108703613281e-01,-3.471756875514984131e-01,-9.856463670730590820e-01,-9.076164364814758301e-01,-6.014455556869506836e-01,-2.644627094268798828e-01,-4.806978702545166016e-01,-1.048928380012512207e+00,-7.374537587165832520e-01
1.565792441368103027e+00,9.873948097229003906e-01,1.147332549095153809e+00,9.524853825569152832e-01,1.005003929138183594e+00,9.910182952880859375e-01,9.583790302276611328e-01,1.180895924568176270e+00,4.671146869659423828e-01,4.268750846385955811e-01
-9.091872572898864746e-01,-5.961987972259521484e-01,-1.069816589355468750e+00,-1.161851406097412109e+00,-1.272085547447204590e+00,-8.742612004280090332e-01,-1.080640554428100586e+00,-1.421385884284973145e+00,-1.020608425140380859e+00,-1.140158414840698242e+00
-1.062722682952880859e+00,-1.376543760299682617e+00,-1.009310841560363770e+00,-8.563835620880126953e-01,-1.551613211631774902e+00,-7.941617965698242188e-01,-9.247685670852661133e-01,-1.095101237297058105e+00,-9.114482402801513672e-01,-1.227178215980529785e+00
6.701155304908752441e-01,1.214114904403686523e+00,1.321011781692504883e+00,1.129452705383300781e+00,1.284728407859802246e+00,1.147101759910583496e+00,1.096963047981262207e+00,7.412589192390441895e-01,7.047947049140930176e-01,4.777774512767791748e-01
-8.312667012214660645e-01,-8.650596737861633301e-01,-4.050722420215606689e-01,-1.043416976928710938e+00,-9.466825127601623535e-01,-9.571893215179443359e-01,-1.235847830772399902e+00,-7.336021661758422852e-01,-8.219358921051025391e-01,-8.776347637176513672e-01
-1.092523932456970215e+00,-1.312443614006042480e+00,-1.415225386619567871e+00,-5.603866577148437500e-01,-5.969479680061340332e-01,-5.181481838226318359e-01,-1.117026448249816895e+00,-1.126134753227233887e+00,-1.036101341247558594e+00,-7.149698734283447266e-01
-8.244364261627197266e-01,-1.090080976486206055e+00,-8.756800293922424316e-01,-1.005574464797973633e+00,-1.671834468841552734e+00,-8.482692241668701172e-01,-9.250341653823852539e-01,-1.013370156288146973e+00,-9.357489943504333496e-01,-1.468616127967834473e+00
1.032875895500183105e+00,1.342451333999633789e+00,5.005705356597900391e-01,9.791747331619262695e-01,6.773233413696289062e-01,1.171877145767211914e+00,1.361703038215637207e+00,1.361870169639587402e+00,5.627146959304809570e-01,1.275259852409362793e+00
-1.331068277359008789e+00,-9.432436227798461914e-01,-1.413884878158569336e+00,-8.529033660888671875e-01,-1.031845211982727051e+00,-8.647642135620117188e-01,-8.294182419776916504e-01,-1.115963697433471680e+00,-1.179408788681030273e+00,-1.204322576522827148e+00
-1.417727470397949219e+00,-7.576439976692199707e-01,-1.290158390998840332e+00,-1.184003353118896484e+00,-7.827426195144653320e-01,-1.000239372253417969e+00,-1.042719960212707520e+00,-1.409041643142700195e+00,-9.084047675132751465e-01,-1.603854656219482422e+00
1.027578949928283691e+00,1.045950651168823242e+00,1.045913577079772949e+00,8.129969835281372070e-01,1.488840222358703613e+00,9.791660308837890625e-01,1.140897870063781738e+00,1.400480985641479492e+00,1.000834345817565918e+00,1.105886340141296387e+00
4.851262271404266357e-01,1.060518741607666016e+00,1.195767641067504883e+00,8.373243808746337891e-01,1.474696993827819824e+00,1.021770238876342773e+00,1.126516103744506836e+00,1.313907146453857422e+00,9.304696917533874512e-01,9.098577499389648438e-01
1.114454984664916992e+00,1.335155844688415527e+00,1.159323453903198242e+00,1.271895527839660645e+00,1.131397604942321777e+00,1.015393376350402832e+00,2.541065812110900879e-01,7.130100131034851074e-01,5.467296242713928223e-01,5.502755045890808105e-01
-5.515770912170410156e-01,-5.790824294090270996e-01,-5.734024047851562500e-01,-9.185457229614257812e-01,-9.889150857925415039e-01,-6.043647527694702148e-01,-1.587662696838378906e+00,-1.100802779197692871e+00,-1.134183645248413086e+00,-1.317478299140930176e+00
1.139745593070983887e+00,1.399441480636596680e+00,9.473415017127990723e-01,1.054266452789306641e+00,1.211290478706359863e+00,1.084842801094055176e+00,7.909901142120361328e-01,9.581346511840820312e-01,9.628586173057556152e-01,1.029510974884033203e+00
1.044436693191528320e+00,1.563391447067260742e+00,9.753048419952392578e-01,1.425700664520263672e+00,8.258389830589294434e-01,8.726568222045898438e-01,8.947294354438781738e-01,5.665733218193054199e-01,4.661175906658172607e-01,1.367868185043334961e+00
9.535782337188720703e-01,1.032511115074157715e+00,6.683987379074096680e-01,9.798268079757690430e-01,5.257208347320556641e-01,1.108936667442321777e+00,1.299835205078125000e+00,1.271416544914245605e+00,1.089551329612731934e+00,8.504387736320495605e-01
-8.410980701446533203e-01,-1.261730074882507324e+00,-9.486391544342041016e-01,-8.709293007850646973e-01,-1.445511221885681152e+00,-8.805280327796936035e-01,-5.825234055519104004e-01,-1.304525375366210938e+00,-7.447492480278015137e-01,-1.165369033813476562e+00
1.096529841423034668e+00,1.024149537086486816e+00,1.457207441329956055e+00,1.354020357131958008e+00,1.042735695838928223e+00,1.401248097419738770e+00,5.424166321754455566e-01,5.248064398765563965e-01,2.887940406799316406e-01,6.224279999732971191e-01
7.443190813064575195e-01,1.157377123832702637e+00,1.190564513206481934e+00,7.510486245155334473e-01,1.248756647109985352e+00,1.329060554504394531e+00,6.179491281509399414e-01,8.504241108894348145e-01,9.522019028663635254e-01,9.919805526733398438e-01
-4.734424948692321777e-01,-8.638852238655090332e-01,-1.187849521636962891e+00,-1.359352707862854004e+00,-3.935247659683227539e-01,-3.664801418781280518e-01,-1.636030793190002441e+00,-1.076337456703186035e+00,-1.134268760681152344e+00,-1.185049176216125488e+00
-6.736856698989868164e-01,-1.302219271659851074e+00,-5.980349183082580566e-01,-1.535218477249145508e+00,-1.183073759078979492e+00,-1.091079950332641602e+00,-1.483469486236572266e+00,-1.323957800865173340e+00,-1.160072088241577148e+00,-1.474375247955322266e+00
-8.614357113838195801e-01,-1.506028532981872559e+00,-1.381983995437622070e+00,-7.123310565948486328e-01,-6.882811784744262695e-01,-1.074529409408569336e+00,-1.349152684211730957e+00,-1.625357151031494141e+00,-1.060904860496520996e+00,-1.013111710548400879e+00
6.322603225708007812e-01,1.031694293022155762e+00,8.745201826095581055e-01,7.926886081695556641e-01,1.370883464813232422e+00,1.028823256492614746e+00,6.717422604560852051e-01,9.097226262092590332e-01,1.368289232254028320e+00,1.143510222434997559e+00
1.124548554420471191e+00,1.599329590797424316e+00,8.929345607757568359e-01,1.359784722328186035e+00,8.722090721130371094e-01,7.545737624168395996e-01,1.126493215560913086e+00,7.062024474143981934e-01,1.057268381118774414e+00,1.089081645011901855e+00
-9.664965867996215820e-01,-7.539383769035339355e-01,-9.613514542579650879e-01,-1.026317596435546875e+00,-9.610567688941955566e-01,-7.717016339302062988e-01,-8.584542274475097656e-01,-1.385758399963378906e+00,-1.068335175514221191e+00,-1.046043753623962402e+00
-9.937877058982849121e-01,-1.008865833282470703e+00,-1.524441003799438477e+00,-1.591570615768432617e+00,-6.673026084899902344e-01,-9.030146002769470215e-01,-1.486940741539001465e+00,-1.401215434074401855e+00,-1.202551603317260742e+00,-6.534258127212524414e-01
1.137241601943969727e+00,1.115727901458740234e+00,6.887245774269104004e-01,1.339702367782592773e+00,1.118363618850708008e+00,3.968271911144256592e-01,6.808276772499084473e-01,8.539596199989318848e-01,8.735929727554321289e-01,1.176010727882385254e+00
1.364970356225967407e-01,1.063879132270812988e+00,7.224960327148437500e-01,1.113419294357299805e+00,9.342207908630371094e-01,1.030670404434204102e+00,7.467486262321472168e-01,6.877956390380859375e-01,1.436748385429382324e+00,1.519721746444702148e+00
-1.159334301948547363e+00,-8.442094326019287109e-01,-1.360579371452331543e+00,-1.199247956275939941e+00,-8.169119358062744141e-01,-7.153037786483764648e-01,-1.111918568611145020e+00,-7.899644374847412109e-01,-7.885091304779052734e-01,-1.130529642105102539e+00
6.532078385353088379e-01,1.085525751113891602e+00,1.015311837196350098e+00,1.574211239814758301e+00,1.319666862487792969e+00,1.107409715652465820e+00,8.426161408424377441e-01,9.404583573341369629e-01,1.205743312835693359e+00,1.337993502616882324e+00
1.924576640129089355e+00,7.469078898429870605e-01,6.537647843360900879e-01,1.010997056961059570e+00,5.609365701675415039e-01,1.463854163885116577e-01,6.761650443077087402e-01,6.767825484275817871e-01,1.709827899932861328e+00,2.303573787212371826e-01
6.223337650299072266e-01,1.101712584495544434e+00,1.208268761634826660e+00,1.051676750183105469e+00,1.321679353713989258e+00,1.008539795875549316e+00,6.679834723472595215e-01,9.380887746810913086e-01,1.378015995025634766e+00,7.240242958068847656e-01
-1.165840983390808105e+00,-1.034278869628906250e+00,-1.027497172355651855e+00,-9.522463083267211914e-01,-7.816036343574523926e-01,-9.955788850784301758e-01,-1.519330024719238281e+00,-9.939303398132324219e-01,-1.480462312698364258e+00,-9.560254812240600586e-01
-1.430672883987426758e+00,-1.188798546791076660e+00,-7.919946908950805664e-01,-1.279523372650146484e+00,-1.182579755783081055e+00,-1.206608533859252930e+00,-1.249202132225036621e+00,-4.830258488655090332e-01,-1.069850802421569824e+00,-1.222772955894470215e+00
1.446333885192871094e+00,1.174132704734802246e+00,1.151057124137878418e+00,9.997627735137939453e-01,1.028356075286865234e+00,1.120218157768249512e+00,1.152098894119262695e+00,9.222837090492248535e-01,8.031274080276489258e-01,7.419523596763610840e-01
-1.641837477684020996e+00,-9.632755517959594727e-01,-1.150390863418579102e+00,-1.396557331085205078e+00,-1.326784014701843262e+00,-7.652566432952880859e-01,-9.297549724578857422e-01,-1.374727725982666016e+00,-9.653086066246032715e-01,-4.310771524906158447e-01
1.415304064750671387e+00,1.329383492469787598e+00,1.277464866638183594e+00,1.389601707458496094e+00,1.285291671752929688e+00,9.411680102348327637e-01,1.179963827133178711e+00,8.229573369026184082e-01,9.075493216514587402e-01,8.535312414169311523e-01
8.460264801979064941e-01,1.503002882003784180e+00,8.168293833732604980e-01,8.903175592422485352e-01,9.398053288459777832e-01,8.352720737457275391e-01,1.087522745132446289e+00,1.283528447151184082e+00,1.022784948348999023e+00,1.357984066009521484e+00
-3.614784181118011475e-01,-1.117324471473693848e+00,-5.299375057220458984e-01,-1.152443647384643555e+00,-1.058500632643699646e-01,-1.052213191986083984e+00,-4.668261110782623291e-01,-8.506603240966796875e-01,-8.447493910789489746e-01,-1.097031593322753906e+00
1.090766310691833496e+00,1.306837201118469238e+00,8.381528258323669434e-01,1.230437994003295898e+00,1.546184659004211426e+00,8.028737306594848633e-01,1.187022447586059570e+00,7.802922129631042480e-01,8.766666054725646973e-01,8.322169780731201172e-01
-1.537122130393981934e+00,-1.344226598739624023e+00,-1.197251915931701660e+00,-6.783909201622009277e-01,-1.447938203811645508e+00,-8.655616044998168945e-01,-1.533823370933532715e+00,-5.550031661987304688e-01,-1.114844799041748047e+00,-1.518682956695556641e+00
-1.262724757194519043e+00,-1.268757104873657227e+00,-1.214904189109802246e+00,-9.119255542755126953e-01,-1.293372869491577148e+00,-9.896329045295715332e-01,-8.641123771667480469e-01,-8.151494860649108887e-01,-6.913738846778869629e-01,-1.133602619171142578e+00
8.856042027473449707e-01,1.200162291526794434e+00,8.115797638893127441e-01,8.541898727416992188e-01,9.384576678276062012e-01,1.051273822784423828e+00,6.101934313774108887e-01,1.007117748260498047e+00,1.316267013549804688e+00,9.759898781776428223e-01
9.519547224044799805e-01,9.456906914710998535e-01,1.053663849830627441e+00,1.062305212020874023e+00,1.333704710006713867e+00,1.054391980171203613e+00,1.137973904609680176e+00,1.038379073143005371e+00,9.933907985687255859e-01,7.403321862220764160e-01
-1.413776874542236328e+00,-1.150671005249023438e+00,-1.258936643600463867e+00,-7.268624305725097656e-01,-1.238484144210815430e+00,-6.223893761634826660e-01,-8.824796676635742188e-01,-9.970860481262207031e-01,-1.427801370620727539e+00,-9.786921143531799316e-01
-9.540591835975646973e-01,-1.211542129516601562e+00,-8.447222113609313965e-01,-7.424918413162231445e-01,-1.283655285835266113e+00,-9.379452466964721680e-01,-1.426120758056640625e+00,-8.475767970085144043e-01,-4.198271036148071289e-01,-1.035605430603027344e+00
8.910333514213562012e-01,1.078715920448303223e+00,9.805335998535156250e-01,1.042234539985656738e+00,1.081211209297180176e+00,7.545309662818908691e-01,1.128186583518981934e+00,9.678725600242614746e-01,9.676600098609924316e-01,9.380007982254028320e-01
-1.081429123878479004e+00,-1.143740653991699219e+00,-8.455690741539001465e-01,-1.064553856849670410e+00,-7.602987885475158691e-01,-8.317120671272277832e-01,-1.226171970367431641e+00,-1.038547754287719727e+00,-1.370703935623168945e+00,-8.939239382743835449e-01
8.725270032882690430e-01,1.108557343482971191e+00,5.675354599952697754e-01,1.513385176658630371e+00,3.441421985626220703e-01,6.166215538978576660e-01,8.766030669212341309e-01,1.071805834770202637e+00,1.147134661674499512e+00,1.617013335227966309e+00
-9.342766404151916504e-01,-1.502224802970886230e+00,-7.387079000473022461e-01,-1.199393510818481445e+00,-1.294506192207336426e+00,-7.554162740707397461e-01,-2.131816595792770386e-01,-9.798769950866699219e-01,-1.303262710571289062e+00,-1.516974449157714844e+00
9.111428260803222656e-01,1.019888877868652344e+00,1.158766627311706543e+00,1.403389096260070801e+00,1.553044915199279785e+00,5.397904515266418457e-01,7.245814204216003418e-01,8.765981793403625488e-01,7.869437932968139648e-01,7.518042325973510742e-01
1.000728726387023926e+00,1.045341491699218750e+00,9.765917062759399414e-01,9.913319349288940430e-01,1.194999456405639648e+00,7.490567564964294434e-01,7.283863425254821777e-01,8.244850635528564453e-01,1.446127891540527344e+00,1.109584450721740723e+00
7.879087924957275391e-01,1.234890937805175781e+00,7.622022628784179688e-01,6.651110053062438965e-01,8.866800665855407715e-01,4.874934852123260498e-01,1.498062133789062500e+00,9.460326433181762695e-01,1.187113642692565918e+00,4.866420924663543701e-01
1.118465900421142578e+00,1.027051568031311035e+00,1.095138430595397949e+00,8.002783656120300293e-01,8.205835819244384766e-01,1.214607834815979004e+00,8.833203315734863281e-01,1.115733623504638672e+00,6.599617600440979004e-01,1.511870026588439941e+00
8.721377253532409668e-01,3.942240178585052490e-01,8.999453186988830566e-01,1.027047872543334961e+00,1.367195606231689453e+00,1.140611886978149414e+00,5.893018245697021484e-01,1.196485877037048340e+00,8.748768568038940430e-01,1.141453504562377930e+00
1.342559933662414551e+00,1.750292420387268066e+00,1.149659395217895508e+00,8.356282711029052734e-01,4.489957690238952637e-01,9.180624485015869141e-01,7.627257704734802246e-01,9.078931212425231934e-01,1.305755615234375000e+00,1.201259016990661621e+00
1.362764358520507812e+00,1.128856301307678223e+00,9.641305208206176758e-01,6.954016685485839844e-01,8.935204744338989258e-01,7.715007066726684570e-01,1.291708946228027344e+00,6.035834550857543945e-01,7.703696489334106445e-01,1.319445729255676270e+00
5.600484013557434082e-01,9.362531304359436035e-01,1.194999814033508301e+00,1.371713042259216309e+00,1.003436565399169922e+00,1.187147378921508789e+00,7.259784936904907227e-01,1.069853782653808594e+00,6.201264858245849609e-01,1.413119435310363770e+00
1.005378007888793945e+00,9.421038031578063965e-01,1.457649230957031250e+00,1.071709632873535156e+00,6.548323631286621094e-01,9.685827493667602539e-01,1.311725497245788574e+00,5.830856561660766602e-01,1.413274765014648438e+00,4.380346536636352539e-01
9.552087187767028809e-01,1.224593639373779297e+00,1.176780700683593750e+00,1.177669882774353027e+00,1.254617571830749512e+00,8.496664166450500488e-01,8.086957335472106934e-01,1.039316654205322266e+00,9.319502711296081543e-01,3.361828625202178955e-01
-1.147701382637023926e+00,-1.212498784065246582e+00,-2.584801018238067627e-01,-1.484728813171386719e+00,-9.102056622505187988e-01,-2.341925352811813354e-01,-1.305162787437438965e+00,-9.724072813987731934e-01,-7.392595410346984863e-01,-8.217682838439941406e-01
-1.207781553268432617e+00,-9.763902425765991211e-01,-1.039260745048522949e+00,-1.038551807403564453e+00,-8.090511560440063477e-01,-1.294014811515808105e+00,-1.145986795425415039e+00,-1.221425056457519531e+00,-1.250572085380554199e+00,-7.903060317039489746e-01
-1.336400985717773438e+00,-9.714612960815429688e-01,-1.202897310256958008e+00,-1.507127881050109863e+00,-1.332955002784729004e+00,-8.264231085777282715e-01,-6.995414495468139648e-01,-5.584505200386047363e-01,-7.140843868255615234e-01,-1.313088417053222656e+00
9.766340851783752441e-01,1.176605820655822754e+00,8.314985036849975586e-01,7.277103066444396973e-01,7.822638750076293945e-01,1.128675341606140137e+00,1.016156554222106934e+00,7.111355662345886230e-01,1.036223292350769043e+00,1.318863034248352051e+00
1.257222175598144531e+00,1.191621065139770508e+00,8.886178135871887207e-01,8.341277837753295898e-01,1.119428157806396484e+00,4.598599672317504883e-01,1.266052484512329102e+00,5.329731106758117676e-01,6.287797093391418457e-01,1.165883779525756836e+00
-1.486502528190612793e+00,-1.207618951797485352e+00,-1.265258431434631348e+00,-8.307173252105712891e-01,-1.027647018432617188e+00,-5.498446226119995117e-01,-1.401277661323547363e+00,-9.064652323722839355e-01,-1.044594407081604004e+00,-7.196527719497680664e-01
