-9.214027523994445801e-01,-9.059408307075500488e-01,-8.946722745895385742e-01,-9.777325391769409180e-01,-1.051077842712402344e+00,-4.517291486263275146e-01,-7.668744325637817383e-01,-1.272449135780334473e+00,-2.193513810634613037e-01,-6.576930880546569824e-01,-9.509142041206359863e-01,-6.141017675399780273e-01,-5.405471324920654297e-01,-8.954669237136840820e-01,-9.582117199897766113e-01,-7.853641510009765625e-01,-1.084933280944824219e+00,-8.866916894912719727e-01,-1.181497454643249512e+00,-1.028293490409851074e+00
-1.114825725555419922e+00,-1.097947478294372559e+00,-8.962090611457824707e-01,-1.104732036590576172e+00,-8.615603446960449219e-01,-1.215740442276000977e+00,-1.200544357299804688e+00,-1.070773363113403320e+00,-9.355266690254211426e-01,-1.177824020385742188e+00,-1.242124199867248535e+00,-1.173290848731994629e+00,-1.093664526939392090e+00,-9.099087715148925781e-01,-1.235293745994567871e+00,-9.611047506332397461e-01,-8.419311642646789551e-01,-1.230972886085510254e+00,-1.172880649566650391e+00,-1.077548861503601074e+00
-7.232582569122314453e-01,-9.202263355255126953e-01,-5.186306834220886230e-01,-7.253141403198242188e-01,-7.487224936485290527e-01,-7.156856060028076172e-01,-5.498207211494445801e-01,-6.991608738899230957e-01,-5.231969952583312988e-01,-4.033263027667999268e-01,-3.809440433979034424e-01,-7.804403901100158691e-01,-1.032754898071289062e+00,-6.408030986785888672e-01,-4.176051020622253418e-01,-5.734387040138244629e-01,-7.874270081520080566e-01,-7.612912058830261230e-01,-7.767952680587768555e-01,-9.771235585212707520e-01
-5.383760333061218262e-01,-4.405277371406555176e-01,-5.951831936836242676e-01,-1.093794822692871094e+00,-5.830650925636291504e-01,-5.021000504493713379e-01,-6.225101947784423828e-01,-7.070264816284179688e-01,-6.452857255935668945e-01,-8.419513702392578125e-01,-5.501187443733215332e-01,-7.285984158515930176e-01,-5.392488241195678711e-01,-5.841755270957946777e-01,-5.874887108802795410e-01,-4.532542228698730469e-01,-6.275435686111450195e-01,-9.854331612586975098e-01,-5.745499134063720703e-01,-3.998550176620483398e-01
6.478917002677917480e-01,9.028173089027404785e-01,7.933735847473144531e-01,3.046737313270568848e-01,3.104808032512664795e-01,9.818677902221679688e-01,2.868044376373291016e-01,7.329926490783691406e-01,5.350992679595947266e-01,5.087554454803466797e-01,9.326725602149963379e-01,5.800382494926452637e-01,7.383610010147094727e-01,4.681140780448913574e-01,5.856052041053771973e-01,7.732739448547363281e-01,1.002844691276550293e+00,7.793197035789489746e-01,5.929672718048095703e-01,5.547550320625305176e-01
2.041330188512802124e-01,1.297659277915954590e-01,2.224923819303512573e-01,1.190421879291534424e-01,2.996623218059539795e-01,1.798024773597717285e-02,-6.490881787613034248e-04,4.790166318416595459e-01,2.036191672086715698e-01,2.878931760787963867e-01,2.291393578052520752e-01,2.410827279090881348e-01,4.931251332163810730e-02,5.712117254734039307e-02,2.959056794643402100e-01,3.060253560543060303e-01,1.928211599588394165e-01,-2.004875540733337402e-01,-8.705042302608489990e-03,1.474344879388809204e-01
-7.928567528724670410e-01,-9.871760010719299316e-01,-9.109239578247070312e-01,-1.062330722808837891e+00,-8.016963601112365723e-01,-1.006455898284912109e+00,-1.064910650253295898e+00,-1.024568319320678711e+00,-5.571529865264892578e-01,-7.531980872154235840e-01,-8.732823133468627930e-01,-8.248062133789062500e-01,-4.398921430110931396e-01,-6.533405184745788574e-01,-5.770329236984252930e-01,-9.119113087654113770e-01,-7.087800502777099609e-01,-6.238263249397277832e-01,-1.079951882362365723e+00,-7.579367160797119141e-01
-9.344446063041687012e-01,-9.442461729049682617e-01,-1.227252364158630371e+00,-9.626060724258422852e-01,-9.102062582969665527e-01,-8.434523344039916992e-01,-1.124005317687988281e+00,-9.704012870788574219e-01,-8.698313236236572266e-01,-1.157174348831176758e+00,-1.257955908775329590e+00,-9.680078029632568359e-01,-7.224293351173400879e-01,-1.008682131767272949e+00,-1.193386316299438477e+00,-9.565194845199584961e-01,-7.056320309638977051e-01,-6.763132214546203613e-01,-6.269005537033081055e-01,-9.756751656532287598e-01
7.038502097129821777e-01,9.156082868576049805e-01,7.082408666610717773e-01,6.829017400741577148e-01,1.032707810401916504e+00,7.606419920921325684e-01,1.031468749046325684e+00,1.577192783355712891e+00,8.069649338722229004e-01,7.013049721717834473e-01,2.815337479114532471e-01,8.071699142456054688e-01,9.127338528633117676e-01,7.562974095344543457e-01,8.060295581817626953e-01,5.293114185333251953e-01,6.956349611282348633e-01,7.700266838073730469e-01,7.000038027763366699e-01,7.519624829292297363e-01
7.039903402328491211e-01,9.178645014762878418e-01,7.002767920494079590e-01,6.572303175926208496e-01,6.815961599349975586e-01,1.076463580131530762e+00,8.866362571716308594e-01,7.959138154983520508e-01,5.427733659744262695e-01,7.029674053192138672e-01,1.114322185516357422e+00,7.673802375793457031e-01,7.306762337684631348e-01,5.458551645278930664e-01,4.421446323394775391e-01,1.127389311790466309e+00,9.871465563774108887e-01,1.063040375709533691e+00,4.732681512832641602e-01,6.591005921363830566e-01
4.553354978561401367e-01,8.679893612861633301e-01,4.303761720657348633e-01,7.709937095642089844e-01,4.491427540779113770e-01,3.744093477725982666e-01,5.638812184333801270e-01,9.679427146911621094e-01,1.134000197052955627e-01,2.844431698322296143e-01,7.843251228332519531e-01,2.151731699705123901e-01,3.452212810516357422e-01,3.960927724838256836e-01,7.052022814750671387e-01,6.840016841888427734e-01,9.947665929794311523e-01,4.631365239620208740e-01,3.967968001961708069e-02,4.723366200923919678e-01
4.045271873474121094e-01,-2.913231551647186279e-01,-4.375905692577362061e-01,-2.065359205007553101e-01,-3.949152231216430664e-01,-4.313636422157287598e-01,1.803067028522491455e-01,-1.735286563634872437e-01,-5.154842734336853027e-01,8.476278185844421387e-02,-2.363040596246719360e-01,-4.831498265266418457e-01,-2.200357317924499512e-01,-3.250920027494430542e-02,8.198947459459304810e-02,-8.239860832691192627e-02,-1.617463678121566772e-01,8.999262750148773193e-02,-2.828464806079864502e-01,1.203141361474990845e-02
5.067852735519409180e-01,4.983790218830108643e-01,2.781094610691070557e-01,-1.122754290699958801e-01,1.883035600185394287e-01,3.101590275764465332e-01,6.754849553108215332e-01,5.296099185943603516e-01,3.086360991001129150e-01,3.883444368839263916e-01,2.849124670028686523e-01,5.773777142167091370e-02,2.403823882341384888e-01,5.955075621604919434e-01,3.312474191188812256e-01,3.757416307926177979e-01,6.888593435287475586e-01,6.178851127624511719e-01,-7.717473804950714111e-02,7.233923077583312988e-01
2.669775485992431641e-01,5.448630452156066895e-01,5.290936827659606934e-01,6.925018429756164551e-01,7.862901091575622559e-01,3.273065984249114990e-01,1.756619662046432495e-01,7.293507456779479980e-01,2.732581496238708496e-01,5.986569523811340332e-01,3.573245108127593994e-01,4.739976525306701660e-01,8.270342946052551270e-01,7.958461642265319824e-01,5.434213876724243164e-01,6.472706794738769531e-01,4.842654764652252197e-01,4.410746991634368896e-01,6.626425385475158691e-01,4.567294120788574219e-01
-6.339669823646545410e-01,-5.425114035606384277e-01,-5.532830953598022461e-01,-9.892346262931823730e-01,1.005248650908470154e-01,-5.713413953781127930e-01,-5.753892660140991211e-01,-4.688725471496582031e-01,-3.932482898235321045e-01,-5.290817618370056152e-01,-1.245376110076904297e+00,-5.315706133842468262e-01,-3.098477721214294434e-01,-4.426110386848449707e-01,-4.376342594623565674e-01,-4.642213881015777588e-01,-5.440885424613952637e-01,-4.761971831321716309e-01,-1.791898310184478760e-01,-5.049719810485839844e-01
8.614627122879028320e-01,8.038436174392700195e-01,1.246051311492919922e+00,1.126177668571472168e+00,8.629068136215209961e-01,1.288081288337707520e+00,1.180518746376037598e+00,1.027407288551330566e+00,1.239130735397338867e+00,6.483263373374938965e-01,1.035142183303833008e+00,8.964229226112365723e-01,8.945227265357971191e-01,1.099165320396423340e+00,1.123285055160522461e+00,1.114012598991394043e+00,1.267700195312500000e+00,6.304140686988830566e-01,1.349605083465576172e+00,1.474544882774353027e+00
-3.336443901062011719e-01,-3.707790374755859375e-01,-1.019503176212310791e-01,2.302116602659225464e-01,-1.018075570464134216e-01,-4.541544616222381592e-02,3.029316365718841553e-01,2.942288517951965332e-01,-3.152818381786346436e-01,-9.861470013856887817e-02,-3.634572923183441162e-01,-3.673646748065948486e-01,2.096621394157409668e-01,2.380909621715545654e-01,1.238172352313995361e-01,-1.148805767297744751e-01,8.111358433961868286e-02,3.412825167179107666e-01,2.255438417196273804e-01,5.874546244740486145e-03
7.177463769912719727e-01,1.151879906654357910e+00,8.584361672401428223e-01,8.126718997955322266e-01,1.340183854103088379e+00,6.162035465240478516e-01,7.668413519859313965e-01,1.039359807968139648e+00,4.062800407409667969e-01,7.138537764549255371e-01,1.041876792907714844e+00,7.199978232383728027e-01,4.822557568550109863e-01,8.913829922676086426e-01,1.028963804244995117e+00,8.231416940689086914e-01,7.228519320487976074e-01,8.130744695663452148e-01,4.755292534828186035e-01,8.144463300704956055e-01
5.548344254493713379e-01,6.385185569524765015e-02,4.229427576065063477e-01,4.892030060291290283e-01,5.242345333099365234e-01,-2.105931192636489868e-02,2.786532938480377197e-01,6.743402481079101562e-01,4.634551405906677246e-01,4.885609447956085205e-01,3.704630136489868164e-01,4.297578036785125732e-01,2.160639911890029907e-01,4.322261512279510498e-01,3.738487660884857178e-01,4.602701663970947266e-01,3.097297549247741699e-01,4.402514994144439697e-01,2.008131295442581177e-01,4.794520139694213867e-01
-8.209159374237060547e-01,-1.039240837097167969e+00,-9.198434352874755859e-01,-9.547947645187377930e-01,-1.003731727600097656e+00,-7.167719602584838867e-01,-9.374861121177673340e-01,-1.294337630271911621e+00,-1.137245059013366699e+00,-1.042123436927795410e+00,-8.558196425437927246e-01,-6.344171762466430664e-01,-5.989552736282348633e-01,-1.314483880996704102e+00,-3.881587088108062744e-01,-5.672070384025573730e-01,-7.275664210319519043e-01,-2.072629630565643311e-01,-1.011632204055786133e+00,-9.981660842895507812e-01
-6.006171107292175293e-01,-3.916332423686981201e-01,-5.485644191503524780e-02,-4.075723290443420410e-01,-2.728699445724487305e-01,-3.855549991130828857e-01,-1.621419936418533325e-01,-6.485105156898498535e-01,2.447327673435211182e-01,-1.230763792991638184e-01,-2.755197286605834961e-01,-8.171215653419494629e-03,-6.192685961723327637e-01,-1.994117200374603271e-01,-2.208873629570007324e-01,2.652571797370910645e-01,-5.071105360984802246e-01,-8.007336854934692383e-01,-2.146194428205490112e-01,-4.786824882030487061e-01
-3.395430445671081543e-01,-2.726415097713470459e-01,5.644161254167556763e-02,6.025847792625427246e-02,1.280415207147598267e-01,-9.654760360717773438e-02,2.084843581542372704e-03,-3.670627772808074951e-01,-2.720675170421600342e-01,2.332772016525268555e-01,-1.209056526422500610e-01,1.609282344579696655e-01,8.525329828262329102e-02,4.956775009632110596e-01,-3.757672309875488281e-01,-6.531212478876113892e-02,-1.167691349983215332e-01,-3.433935344219207764e-01,-8.061091601848602295e-02,-3.405923247337341309e-01
2.050779610872268677e-01,1.172452718019485474e-01,2.442499548196792603e-01,3.705945909023284912e-01,1.646701097488403320e-01,3.270753622055053711e-01,4.847322590649127960e-03,-2.719813724979758263e-03,1.771067678928375244e-01,5.450830459594726562e-01,3.607799410820007324e-01,6.770099997520446777e-01,2.142943590879440308e-01,2.901969552040100098e-01,5.211707949638366699e-01,6.234509944915771484e-01,6.461567878723144531e-01,3.618582785129547119e-01,5.411975383758544922e-01,9.373900480568408966e-03
-9.081354141235351562e-01,-1.037700533866882324e+00,-8.743237257003784180e-01,-1.207476019859313965e+00,-7.578679919242858887e-01,-1.166674733161926270e+00,-1.023246288299560547e+00,-1.192962288856506348e+00,-1.058904767036437988e+00,-1.010132670402526855e+00,-1.453787326812744141e+00,-1.243782997131347656e+00,-7.492065429687500000e-01,-8.014757633209228516e-01,-1.112658143043518066e+00,-9.318139553070068359e-01,-9.122228026390075684e-01,-5.275058746337890625e-01,-1.022242903709411621e+00,-1.160004138946533203e+00
2.803458869457244873e-01,2.766074985265731812e-02,-1.621738374233245850e-01,-1.099712215363979340e-02,-2.114191353321075439e-01,-1.398283243179321289e-01,3.033704683184623718e-02,2.610388994216918945e-01,2.253300547599792480e-01,3.757716417312622070e-01,1.752648949623107910e-01,3.185120820999145508e-01,2.864087224006652832e-01,3.271729350090026855e-01,1.813174635171890259e-01,6.738941669464111328e-01,6.710915565490722656e-01,7.954665459692478180e-03,-2.555862814188003540e-02,1.666548699140548706e-01
8.114001154899597168e-01,6.726518869400024414e-01,5.720320940017700195e-01,8.411784172058105469e-01,7.582429051399230957e-01,6.997320652008056641e-01,4.909758567810058594e-01,5.407099127769470215e-01,5.948092937469482422e-01,5.274426341056823730e-01,7.177867889404296875e-01,8.015377521514892578e-01,6.780059337615966797e-01,9.958071708679199219e-01,7.845917940139770508e-01,6.014632582664489746e-01,9.544801115989685059e-01,1.075850367546081543e+00,9.149657487869262695e-01,5.989049673080444336e-01
-8.355898857116699219e-01,-7.400151491165161133e-01,-7.613791823387145996e-01,-6.089389920234680176e-01,-5.047052502632141113e-01,-5.467979907989501953e-01,-4.103980064392089844e-01,-7.758631110191345215e-01,-6.504909396171569824e-01,-5.145953297615051270e-01,-4.196134209632873535e-01,-5.306492447853088379e-01,-4.701806306838989258e-01,-1.538581103086471558e-01,-5.035935640335083008e-01,-7.095714211463928223e-01,-6.362274885177612305e-01,-7.848716974258422852e-01,-5.737856626510620117e-01,-4.888838231563568115e-01
-7.024270892143249512e-01,-4.564807713031768799e-01,-8.070719242095947266e-01,-4.266471266746520996e-01,-9.002684354782104492e-01,-5.201338529586791992e-01,-6.701362133026123047e-01,-9.647400379180908203e-01,-7.151224613189697266e-01,-1.042641639709472656e+00,-9.405045509338378906e-01,-5.539488792419433594e-01,-4.549146890640258789e-01,-6.831070184707641602e-01,-3.853335082530975342e-01,-8.277443647384643555e-01,-2.067845463752746582e-01,-8.539707660675048828e-01,-3.359296321868896484e-01,-6.845057010650634766e-01
2.888117730617523193e-01,7.452353090047836304e-02,2.092131972312927246e-01,5.278134346008300781e-02,3.772725164890289307e-01,2.309395074844360352e-01,-2.092958688735961914e-01,4.747212529182434082e-01,1.042615845799446106e-01,4.946674108505249023e-01,2.595198154449462891e-01,-6.424236297607421875e-02,7.337901592254638672e-01,1.351389735937118530e-01,6.118584889918565750e-03,3.172079920768737793e-01,2.925229668617248535e-01,6.464444398880004883e-01,2.543673217296600342e-01,3.126449286937713623e-01
5.426289439201354980e-01,5.369506478309631348e-01,3.863684535026550293e-01,6.292674541473388672e-01,5.296332240104675293e-01,7.392472028732299805e-01,9.724525809288024902e-01,8.110514283180236816e-01,3.881424367427825928e-01,7.435083985328674316e-01,4.260344207286834717e-01,7.232493162155151367e-01,2.787833511829376221e-01,3.898629844188690186e-01,7.811401486396789551e-01,6.101208180189132690e-02,6.010803580284118652e-01,4.113099873065948486e-01,5.727654099464416504e-01,5.092463493347167969e-01
-1.161780953407287598e+00,-1.062553167343139648e+00,-1.000049710273742676e+00,-7.129052877426147461e-01,-1.003948330879211426e+00,-1.055807709693908691e+00,-9.848108887672424316e-01,-1.268954873085021973e+00,-6.114616990089416504e-01,-9.890160560607910156e-01,-3.929703831672668457e-01,-1.100698471069335938e+00,-8.741964697837829590e-01,-6.181820034980773926e-01,-9.882528185844421387e-01,-8.054943680763244629e-01,-7.600913643836975098e-01,-1.127542495727539062e+00,-1.131708502769470215e+00,-4.563249051570892334e-01
-9.697541594505310059e-01,-6.962375044822692871e-01,-9.373141527175903320e-01,-6.321910619735717773e-01,-8.368887901306152344e-01,-8.298820257186889648e-01,-8.950498700141906738e-01,-1.079258680343627930e+00,-3.950573503971099854e-01,-5.237172842025756836e-01,-8.107895255088806152e-01,-9.286257028579711914e-01,-6.302943229675292969e-01,-1.088052272796630859e+00,-8.600485920906066895e-01,-9.796001911163330078e-01,-5.854336619377136230e-01,-6.730676889419555664e-01,-9.437817335128784180e-01,-7.583559751510620117e-01
-8.388493657112121582e-01,-8.665515184402465820e-01,-8.876484632492065430e-01,-6.214693784713745117e-01,-9.500951766967773438e-01,-6.763041615486145020e-01,-9.457816481590270996e-01,-5.967210531234741211e-01,-2.327512055635452271e-01,-6.967714428901672363e-01,-5.868269205093383789e-01,-7.229209542274475098e-01,-3.944983780384063721e-01,-5.713452100753784180e-01,-5.680891871452331543e-01,-7.664310336112976074e-01,-6.010789871215820312e-01,-1.165355443954467773e+00,-6.951119899749755859e-01,-6.782236695289611816e-01
8.844425082206726074e-01,9.007443785667419434e-01,8.721826672554016113e-01,1.078178286552429199e+00,4.098578989505767822e-01,1.224047660827636719e+00,7.656456232070922852e-01,7.557225227355957031e-01,8.753365278244018555e-01,8.671806454658508301e-01,6.146122813224792480e-01,8.062890172004699707e-01,8.290431499481201172e-01,1.448190808296203613e+00,8.243582844734191895e-01,9.161788225173950195e-01,9.774583578109741211e-01,7.423136234283447266e-01,9.081385731697082520e-01,7.522954940795898438e-01
-3.558289706707000732e-01,-4.953077137470245361e-01,-2.223137617111206055e-01,-6.159161329269409180e-01,-6.673409938812255859e-01,4.057364538311958313e-02,-2.522900402545928955e-01,-5.380628705024719238e-01,-3.665883541107177734e-01,-1.296038925647735596e-01,-2.093648165464401245e-01,-3.350905776023864746e-01,-2.666139006614685059e-01,-5.893253684043884277e-01,-3.990851342678070068e-01,-4.073833823204040527e-01,-2.581202387809753418e-01,-4.062126874923706055e-01,-3.674191534519195557e-01,-3.386237919330596924e-01
5.689928531646728516e-01,6.682915091514587402e-01,8.630810379981994629e-01,9.356504678726196289e-01,6.277233362197875977e-01,1.119483113288879395e+00,9.562618136405944824e-01,6.041090488433837891e-01,6.570994257926940918e-01,8.597875237464904785e-01,9.298458099365234375e-01,8.360873460769653320e-01,9.215716719627380371e-01,8.478425741195678711e-01,8.572765588760375977e-01,1.176377773284912109e+00,7.724905610084533691e-01,9.797250032424926758e-01,1.044479846954345703e+00,5.539410710334777832e-01
3.545612692832946777e-01,6.411465406417846680e-01,9.252876043319702148e-01,8.249678015708923340e-01,5.758845210075378418e-01,4.808822870254516602e-01,5.384993553161621094e-01,5.313103795051574707e-01,4.710109829902648926e-01,5.447998046875000000e-01,8.461710214614868164e-01,6.760994791984558105e-01,3.929288685321807861e-01,6.899070739746093750e-01,6.610391736030578613e-01,9.118227362632751465e-01,4.796644449234008789e-01,7.808060646057128906e-01,7.064250707626342773e-01,5.463879704475402832e-01
2.497528344392776489e-01,6.702967286109924316e-01,2.019181400537490845e-01,3.831781148910522461e-01,3.705867230892181396e-01,1.951776146888732910e-01,3.540588021278381348e-01,7.112100124359130859e-01,8.033909797668457031e-01,2.343577891588211060e-01,6.100817918777465820e-01,6.471101045608520508e-01,4.259319603443145752e-01,5.432565212249755859e-01,3.692222237586975098e-01,3.535787463188171387e-01,3.580464422702789307e-01,2.802589833736419678e-01,3.969519138336181641e-01,5.264027714729309082e-01
-9.397923350334167480e-01,-1.043627619743347168e+00,-1.020793795585632324e+00,-1.102919697761535645e+00,-9.323660135269165039e-01,-6.323050260543823242e-01,-3.860188722610473633e-01,-7.670639157295227051e-01,-5.011551976203918457e-01,-4.867314696311950684e-01,-8.762143254280090332e-01,-5.112951397895812988e-01,-7.896196842193603516e-01,-1.099694967269897461e+00,-5.634608268737792969e-01,-2.644917666912078857e-01,-6.511730551719665527e-01,-9.439964294433593750e-01,-9.197449088096618652e-01,-9.721335172653198242e-01
1.758351475000381470e-01,2.787920832633972168e-01,7.048746943473815918e-02,6.913445591926574707e-01,3.675267696380615234e-01,2.016850858926773071e-01,-9.237314760684967041e-02,2.470134943723678589e-01,4.645464718341827393e-01,9.607380628585815430e-02,2.316714078187942505e-01,5.285051465034484863e-02,4.575376808643341064e-01,-4.059393331408500671e-02,7.347081899642944336e-01,2.677608728408813477e-01,4.320685938000679016e-02,7.869133353233337402e-01,3.126021921634674072e-01,1.918338388204574585e-01
3.673250973224639893e-01,1.905672699213027954e-01,1.139505624771118164e+00,6.465104222297668457e-01,6.154741048812866211e-01,1.042690396308898926e+00,7.697449326515197754e-01,7.296397686004638672e-01,5.123373270034790039e-01,6.122350096702575684e-01,4.232918024063110352e-01,6.733961105346679688e-01,7.982567548751831055e-01,8.484826683998107910e-01,7.719696760177612305e-01,1.049665212631225586e+00,6.359815597534179688e-01,8.731485009193420410e-01,6.978290081024169922e-01,8.115258812904357910e-01
-4.425499737262725830e-01,-5.408024787902832031e-01,-7.140884399414062500e-01,-5.431175827980041504e-01,-8.097379803657531738e-01,-5.975943207740783691e-01,-5.261908173561096191e-01,-7.813065052032470703e-01,-4.030669927597045898e-01,-5.129787325859069824e-01,-7.279965877532958984e-01,-8.945637941360473633e-01,-3.728455901145935059e-01,-2.528416514396667480e-01,-5.870667695999145508e-01,-5.283207297325134277e-01,-5.908445119857788086e-01,-5.766392946243286133e-01,-4.374129474163055420e-01,-6.482223868370056152e-01
4.853043258190155029e-01,8.396611809730529785e-01,5.258311033248901367e-01,9.654209017753601074e-01,2.728260159492492676e-01,8.314893245697021484e-01,4.105136990547180176e-01,5.293896198272705078e-01,6.604748964309692383e-01,4.446873664855957031e-01,8.920983076095581055e-01,7.473337054252624512e-01,6.785450577735900879e-01,3.393036723136901855e-01,3.971596360206604004e-01,5.218755006790161133e-01,9.663213491439819336e-01,7.648503184318542480e-01,4.201426804065704346e-01,4.793047308921813965e-01
-8.344678282737731934e-01,-6.436908245086669922e-01,-7.458374500274658203e-01,-1.219039320945739746e+00,-8.144751191139221191e-01,-9.138156175613403320e-01,-1.204943537712097168e+00,-8.758455514907836914e-01,-6.363840103149414062e-01,-4.624721705913543701e-01,-5.469495654106140137e-01,-8.390006422996520996e-01,-5.817331671714782715e-01,-1.032974600791931152e+00,-9.291058778762817383e-01,-9.615965485572814941e-01,-8.570168018341064453e-01,-9.324858188629150391e-01,-9.525924324989318848e-01,-1.149756550788879395e+00
-3.200125396251678467e-01,-5.486225485801696777e-01,-1.212139502167701721e-01,-2.932891547679901123e-01,-4.027409553527832031e-01,-1.908155381679534912e-01,-5.779671482741832733e-04,-1.635792404413223267e-01,1.587721407413482666e-01,2.896983027458190918e-01,-5.077400207519531250e-01,-2.384136170148849487e-01,-4.375181496143341064e-01,-3.535426259040832520e-01,-5.667765811085700989e-02,-6.191693544387817383e-01,-1.631322205066680908e-01,-3.877976834774017334e-01,-2.079700678586959839e-01,-1.183249801397323608e-01
3.349399864673614502e-01,1.543216556310653687e-01,1.198303252458572388e-01,2.299662381410598755e-01,-5.433417484164237976e-02,2.345966100692749023e-01,-6.399587541818618774e-02,-2.736392319202423096e-01,-1.488747894763946533e-01,4.400291144847869873e-01,2.121592760086059570e-01,-1.212824322283267975e-02,2.143476754426956177e-01,3.528655171394348145e-01,-2.262479253113269806e-02,3.326939940452575684e-01,2.687978148460388184e-01,3.047144412994384766e-01,-2.517620101571083069e-02,-2.746624350547790527e-01
-2.624306678771972656e-01,-1.157807484269142151e-01,3.145023435354232788e-02,-1.699474006891250610e-01,5.221583694219589233e-02,-5.762410908937454224e-02,-6.545560956001281738e-01,-4.670582413673400879e-01,7.866833359003067017e-02,-2.780696153640747070e-01,-7.608507573604583740e-02,-1.565768420696258545e-01,-3.996406123042106628e-02,-2.592881321907043457e-01,-8.193904906511306763e-02,1.674092262983322144e-01,-1.777310073375701904e-01,-3.789539039134979248e-01,-1.741269975900650024e-01,-9.305500984191894531e-02
4.881824553012847900e-01,8.594210743904113770e-01,9.590000510215759277e-01,7.915093898773193359e-01,9.110656380653381348e-01,1.226152896881103516e+00,1.304784893989562988e+00,9.058073759078979492e-01,7.365009784698486328e-01,6.903827786445617676e-01,8.020381331443786621e-01,1.135323405265808105e+00,8.081735968589782715e-01,1.101581931114196777e+00,8.586252331733703613e-01,9.825721383094787598e-01,1.035542845726013184e+00,5.845338702201843262e-01,8.810200095176696777e-01,7.807808518409729004e-01
-3.884348571300506592e-01,-6.351594626903533936e-02,-1.067131161689758301e-01,-9.634894877672195435e-02,-3.801102340221405029e-01,-4.408590793609619141e-01,-3.668677508831024170e-01,-6.927222013473510742e-01,-3.777626454830169678e-01,-2.712992131710052490e-01,-4.093712270259857178e-01,-3.844699859619140625e-01,-2.358401268720626831e-01,-4.606654942035675049e-01,-2.478212565183639526e-01,-5.001633167266845703e-01,-1.653709411621093750e-01,-3.964245021343231201e-01,-5.875503420829772949e-01,-2.359062880277633667e-01
-2.321470379829406738e-01,-6.099177896976470947e-02,-4.829713609069585800e-03,-3.842138350009918213e-01,-4.219420552253723145e-01,-2.915742099285125732e-01,-1.894384920597076416e-01,1.106979399919509888e-01,-3.676670417189598083e-02,-2.202817052602767944e-01,-2.322419136762619019e-01,-3.942631781101226807e-01,-1.994571536779403687e-01,2.090479731559753418e-01,-1.124222055077552795e-01,-5.570789575576782227e-01,-2.379527986049652100e-01,-6.649482250213623047e-02,7.146395742893218994e-03,-4.063627719879150391e-01
-8.333690762519836426e-01,-7.835021018981933594e-01,-8.836329579353332520e-01,-8.064630627632141113e-01,-9.395096302032470703e-01,-8.699179887771606445e-01,-4.442019462585449219e-01,-9.560594558715820312e-01,-6.083045005798339844e-01,-9.397269487380981445e-01,-1.043555259704589844e+00,-7.398249506950378418e-01,-8.360012769699096680e-01,-5.877420902252197266e-01,-3.635856807231903076e-01,-8.201518058776855469e-01,-8.150924444198608398e-01,-7.430011630058288574e-01,-5.984793901443481445e-01,-8.037029504776000977e-01
-7.448768615722656250e-01,-1.115834712982177734e+00,-7.448348999023437500e-01,-8.496762514114379883e-01,-1.194109916687011719e+00,-8.141047358512878418e-01,-9.393877387046813965e-01,-1.065971493721008301e+00,-6.596731543540954590e-01,-6.240422129631042480e-01,-1.227101445198059082e+00,-8.647814989089965820e-01,-5.013312697410583496e-01,-9.777488112449645996e-01,-9.350715875625610352e-01,-9.149358868598937988e-01,-9.540221691131591797e-01,-9.971948862075805664e-01,-8.936500549316406250e-01,-9.502315521240234375e-01
-8.976271152496337891e-01,-7.817524671554565430e-01,-7.396636009216308594e-01,-1.073674082756042480e+00,-7.211071252822875977e-01,-5.701887011528015137e-01,-6.057932376861572266e-01,-1.405368447303771973e+00,-6.886417865753173828e-01,-9.394397735595703125e-01,-1.157673120498657227e+00,-5.576460361480712891e-01,-1.073356509208679199e+00,-7.643726468086242676e-01,-7.291664481163024902e-01,-9.532569050788879395e-01,-6.097990274429321289e-01,-9.859834909439086914e-01,-6.147215366363525391e-01,-7.981861233711242676e-01
-1.143986940383911133e+00,-5.261304378509521484e-01,-6.676862835884094238e-01,-8.712028264999389648e-01,-8.509407043457031250e-01,-9.740312695503234863e-01,-1.163656115531921387e+00,-1.432500600814819336e+00,-1.095830798149108887e+00,-4.735954105854034424e-01,-1.142606019973754883e+00,-8.623638153076171875e-01,-9.121959805488586426e-01,-9.429557919502258301e-01,-1.243209004402160645e+00,-1.252270102500915527e+00,-1.094425320625305176e+00,-8.086354732513427734e-01,-8.982538580894470215e-01,-9.355955719947814941e-01
5.133755803108215332e-01,8.904156684875488281e-01,6.714907288551330566e-01,7.911161780357360840e-01,1.032651424407958984e+00,9.256724119186401367e-01,1.018611550331115723e+00,1.112911701202392578e+00,2.500801384449005127e-01,6.927196383476257324e-01,7.960448861122131348e-01,6.367250084877014160e-01,8.089540004730224609e-01,7.148015499114990234e-01,3.153865933418273926e-01,7.192615866661071777e-01,8.615680932998657227e-01,9.227353930473327637e-01,2.990114092826843262e-01,4.601680934429168701e-01
-7.386885881423950195e-01,-4.231546223163604736e-01,-4.651857614517211914e-01,-7.541955113410949707e-01,-5.838795304298400879e-01,-1.175976157188415527e+00,-2.161037921905517578e-01,-8.160449862480163574e-01,-2.782595157623291016e-01,-5.187174081802368164e-01,-4.030615687370300293e-01,-4.026449024677276611e-01,-1.026952505111694336e+00,-4.087576568126678467e-01,-2.207567691802978516e-01,-7.296280264854431152e-01,-8.015730381011962891e-01,-4.620691239833831787e-01,-2.618882060050964355e-01,-2.870671749114990234e-01
-5.990847349166870117e-01,-6.253647208213806152e-01,-6.694946885108947754e-01,-2.289260923862457275e-02,-7.544071078300476074e-01,-4.822642803192138672e-01,-3.473939597606658936e-01,-5.250084400177001953e-01,-5.595560669898986816e-01,-7.648069858551025391e-01,-6.084345579147338867e-01,-9.780452847480773926e-01,-4.288080632686614990e-01,-8.857607245445251465e-01,-4.016694128513336182e-01,-7.281671166419982910e-01,-4.190710484981536865e-01,-1.919568926095962524e-01,-5.115129426121711731e-02,-4.981745481491088867e-01
6.516090035438537598e-01,5.727281570434570312e-01,5.830463171005249023e-01,5.581775307655334473e-01,2.469156980514526367e-01,4.953414797782897949e-01,4.423058778047561646e-02,1.578508317470550537e-01,4.986469447612762451e-01,5.171115994453430176e-01,4.958447217941284180e-01,6.751725077629089355e-01,7.907935976982116699e-01,6.057589650154113770e-01,3.000191450119018555e-01,4.967467188835144043e-01,6.281889677047729492e-01,7.317051887512207031e-01,2.717073857784271240e-01,4.700551331043243408e-01
-1.055255055427551270e+00,-4.884075820446014404e-01,-9.221288561820983887e-01,-5.902763009071350098e-01,-1.310778975486755371e+00,-8.699669241905212402e-01,-9.846794009208679199e-01,-9.116933941841125488e-01,-7.203531265258789062e-01,-9.588553309440612793e-01,-9.769919514656066895e-01,-1.105934858322143555e+00,-8.428485393524169922e-01,-9.885187149047851562e-01,-1.042171359062194824e+00,-6.614745855331420898e-01,-1.028471112251281738e+00,-1.277780771255493164e+00,-8.147493600845336914e-01,-1.188969492912292480e+00
5.219876170158386230e-01,1.050608992576599121e+00,7.404917478561401367e-01,7.398858070373535156e-01,8.279711008071899414e-01,8.122609853744506836e-01,9.620384573936462402e-01,7.940390110015869141e-01,8.647482395172119141e-01,9.469931125640869141e-01,9.455397129058837891e-01,6.624155640602111816e-01,3.542843461036682129e-01,9.718092679977416992e-01,4.471443891525268555e-01,7.540940642356872559e-01,6.754361987113952637e-01,9.386416673660278320e-01,6.256542205810546875e-01,5.953903198242187500e-01
-9.263563156127929688e-01,-6.470685005187988281e-01,-1.243401408195495605e+00,-9.521214365959167480e-01,-1.021044611930847168e+00,-8.106702566146850586e-01,-6.354609131813049316e-01,-6.562683582305908203e-01,-5.257776379585266113e-01,-1.082392096519470215e+00,-9.339120388031005859e-01,-1.068347096443176270e+00,-9.916999936103820801e-01,-1.234438896179199219e+00,-8.838261365890502930e-01,-9.768384099006652832e-01,-8.658239245414733887e-01,-5.494173169136047363e-01,-9.125542640686035156e-01,-6.662541031837463379e-01
9.031529426574707031e-01,6.839681267738342285e-01,4.371038675308227539e-01,6.024001836776733398e-01,9.006399512290954590e-01,7.730715870857238770e-01,8.718504309654235840e-01,8.727383017539978027e-01,6.841075420379638672e-01,6.048504114151000977e-01,2.573335170745849609e-01,4.003430902957916260e-01,5.236487388610839844e-01,8.308923244476318359e-01,5.968707203865051270e-01,9.599164724349975586e-01,8.637797832489013672e-01,1.206163048744201660e+00,6.535518765449523926e-01,6.481172442436218262e-01
5.854404568672180176e-01,5.974747538566589355e-01,4.564116597175598145e-01,3.713061511516571045e-01,5.325290560722351074e-01,5.219991207122802734e-01,5.464622378349304199e-01,6.394075751304626465e-01,6.676147580146789551e-01,4.272649884223937988e-01,5.106644630432128906e-01,4.196426570415496826e-01,5.867357254028320312e-01,5.202676057815551758e-01,5.842462182044982910e-01,7.202317118644714355e-01,-4.513742402195930481e-03,7.333438992500305176e-01,3.868581950664520264e-01,4.466100335121154785e-01
-7.366687655448913574e-01,-5.953263044357299805e-01,-9.484575986862182617e-01,-8.958863615989685059e-01,-5.985096693038940430e-01,-7.639979124069213867e-01,-1.172529816627502441e+00,-5.776883363723754883e-01,-7.876551747322082520e-01,-9.546114802360534668e-01,-7.172145843505859375e-01,-1.308107733726501465e+00,-6.950537562370300293e-01,-1.086476922035217285e+00,-8.334547281265258789e-01,-9.654780030250549316e-01,-1.095029950141906738e+00,-9.489743113517761230e-01,-6.821761727333068848e-01,-8.680124282836914062e-01
5.436046123504638672e-01,7.120097875595092773e-01,3.814416825771331787e-01,4.540355801582336426e-01,4.224538505077362061e-01,6.938313245773315430e-01,4.313867986202239990e-01,-1.964589953422546387e-01,-9.831319004297256470e-02,6.554995179176330566e-01,1.495436280965805054e-01,6.011017039418220520e-02,2.211699634790420532e-01,4.546167254447937012e-01,3.752453029155731201e-01,4.188127219676971436e-01,3.452568650245666504e-01,5.294353365898132324e-01,4.080040454864501953e-01,2.351515740156173706e-01
-5.998381599783897400e-02,-1.439876854419708252e-01,-7.048675417900085449e-01,-1.713284999132156372e-01,-4.588913321495056152e-01,-3.318952322006225586e-01,-4.992480278015136719e-01,-8.363913893699645996e-01,-3.355802297592163086e-01,-9.704256653785705566e-01,-5.224864482879638672e-01,-3.638703525066375732e-01,-3.452394306659698486e-01,-6.289982795715332031e-01,-3.350140750408172607e-01,-4.888588786125183105e-01,-9.077827632427215576e-02,-5.895310640335083008e-01,-5.376926064491271973e-01,-8.556339889764785767e-02
-4.381681084632873535e-01,-3.747693300247192383e-01,-2.881175279617309570e-01,-5.018237829208374023e-01,-2.932308316230773926e-01,-7.884396314620971680e-01,-3.624947667121887207e-01,-1.071652323007583618e-01,-2.214455753564834595e-01,-4.342802464962005615e-01,-1.508000046014785767e-01,-4.330234229564666748e-01,-6.148933768272399902e-01,-2.667831778526306152e-01,-5.870535373687744141e-01,-1.338307410478591919e-01,-3.358902037143707275e-02,-1.362784951925277710e-01,-3.921795189380645752e-01,-8.862822651863098145e-01
3.252187371253967285e-01,6.655874252319335938e-01,7.710487842559814453e-01,4.753252863883972168e-01,6.469674110412597656e-01,9.348645806312561035e-01,3.208329975605010986e-01,5.740970969200134277e-01,6.858149170875549316e-01,4.171394109725952148e-01,5.287837982177734375e-01,6.210968494415283203e-01,3.860141634941101074e-01,4.432897865772247314e-01,8.948273062705993652e-01,8.927266597747802734e-01,7.290685772895812988e-01,4.768082499504089355e-01,6.407549381256103516e-01,6.196979284286499023e-01
-9.643095135688781738e-01,-5.724574923515319824e-01,-7.737934589385986328e-01,-1.011600375175476074e+00,-4.148841202259063721e-01,-9.379094243049621582e-01,-8.658863306045532227e-01,-8.693094849586486816e-01,-5.202873349189758301e-01,-9.077214598655700684e-01,-7.601723670959472656e-01,-7.087951898574829102e-01,-7.386220097541809082e-01,-8.963273763656616211e-01,-3.477682769298553467e-01,-9.013260006904602051e-01,-4.736872911453247070e-01,-7.876474857330322266e-01,-7.355508804321289062e-01,-7.485594153404235840e-01
-8.351542353630065918e-01,-6.075685024261474609e-01,-1.060489773750305176e+00,-1.126819849014282227e+00,-8.585968017578125000e-01,-7.605700492858886719e-01,-4.070239067077636719e-01,-7.334740757942199707e-01,-9.325402975082397461e-01,-1.013035058975219727e+00,-6.632015109062194824e-01,-7.857198119163513184e-01,-8.545967340469360352e-01,-1.258594512939453125e+00,-1.166175961494445801e+00,-1.095948934555053711e+00,-5.044115781784057617e-01,-7.302598953247070312e-01,-8.956452012062072754e-01,-8.607637882232666016e-01
-7.987349033355712891e-01,-4.601621627807617188e-01,-9.211305975914001465e-01,-8.650572896003723145e-01,-6.152222752571105957e-01,-8.980715274810791016e-01,-9.544169902801513672e-01,-1.079573273658752441e+00,-5.332587957382202148e-01,-5.831531882286071777e-01,-1.056310534477233887e+00,-8.305174112319946289e-01,-4.393615126609802246e-01,-3.765199780464172363e-01,-8.420841693878173828e-01,-4.860371351242065430e-01,-5.226876735687255859e-01,-1.091596126556396484e+00,-6.166779994964599609e-01,-5.725539922714233398e-01
-5.836353898048400879e-01,-3.184520304203033447e-01,-2.090668976306915283e-01,-3.743095099925994873e-01,-1.371879130601882935e-01,-4.531592726707458496e-01,-2.603342533111572266e-01,-4.643157720565795898e-01,-5.586436986923217773e-01,-4.239013195037841797e-01,-2.907877862453460693e-01,-3.285707533359527588e-01,-2.794710397720336914e-01,-4.263107478618621826e-01,-8.731179237365722656e-01,-3.232539296150207520e-01,-3.872325718402862549e-01,-2.444343715906143188e-01,-2.055770717561244965e-02,-4.211282730102539062e-01
-5.640621185302734375e-01,-2.622804939746856689e-01,-1.692865639925003052e-01,2.288251370191574097e-01,-2.451156228780746460e-01,-5.326274633407592773e-01,-2.649881839752197266e-01,-2.636745572090148926e-01,-1.559880375862121582e-01,-3.190374970436096191e-01,-4.184810910373926163e-03,-2.887184619903564453e-01,-1.379411518573760986e-01,-3.551264107227325439e-01,-6.310175657272338867e-01,-3.857744932174682617e-01,-5.234651640057563782e-02,-1.965975165367126465e-01,-4.467272460460662842e-01,-5.438494682312011719e-01
8.215473294258117676e-01,6.671849489212036133e-01,8.930301070213317871e-01,7.244648933410644531e-01,4.997641146183013916e-01,8.661721348762512207e-01,6.129519939422607422e-01,4.644080996513366699e-01,7.076064348220825195e-01,6.489606499671936035e-01,2.916358709335327148e-01,1.079415321350097656e+00,5.321145057678222656e-01,2.050844430923461914e-01,4.940106570720672607e-01,7.779561877250671387e-01,8.785261511802673340e-01,8.342938423156738281e-01,4.596673548221588135e-01,4.551930725574493408e-01
-3.958137929439544678e-01,-9.157319664955139160e-01,-8.853435516357421875e-01,-7.312249541282653809e-01,-6.925004720687866211e-01,-7.213361859321594238e-01,-8.508594632148742676e-01,-8.079477548599243164e-01,-6.646694540977478027e-01,-9.850201606750488281e-01,-8.935825824737548828e-01,-1.037405490875244141e+00,-7.859075665473937988e-01,-1.140075087547302246e+00,-9.761202931404113770e-01,-4.129549562931060791e-01,-5.772200822830200195e-01,-6.681052446365356445e-01,-8.607402443885803223e-01,-7.095552086830139160e-01
-6.730781793594360352e-01,-4.711913466453552246e-01,-7.908074259757995605e-01,-2.738774716854095459e-01,-4.154676198959350586e-01,-4.053406417369842529e-01,-1.917792260646820068e-01,-9.233753085136413574e-01,-6.058758497238159180e-01,-6.080458164215087891e-01,-5.631869435310363770e-01,-9.180041551589965820e-01,-4.634066522121429443e-01,-5.544145703315734863e-01,-4.615417420864105225e-01,-4.304797947406768799e-01,-4.814976751804351807e-01,-4.772413074970245361e-01,-4.271935522556304932e-01,-2.350785732269287109e-01
-8.272364139556884766e-01,-6.030508875846862793e-01,-5.226697921752929688e-01,-9.033234119415283203e-01,-8.345711827278137207e-01,-4.888072013854980469e-01,-3.609147071838378906e-01,-3.696516156196594238e-01,-3.365252912044525146e-01,-3.685988783836364746e-01,-4.407750368118286133e-01,-4.876513183116912842e-01,-3.891809657216072083e-02,-2.277160584926605225e-01,-4.066614806652069092e-01,-3.133141696453094482e-01,-3.578233420848846436e-01,-4.402752220630645752e-01,-3.456162214279174805e-01,-5.752387046813964844e-01
3.146795034408569336e-01,4.094512760639190674e-01,4.275219142436981201e-01,-7.370739430189132690e-02,5.742129087448120117e-01,1.396416872739791870e-01,2.298472225666046143e-01,3.764698505401611328e-01,1.342283189296722412e-02,2.782594859600067139e-01,6.927551627159118652e-01,5.278069972991943359e-01,3.356677889823913574e-01,4.907921552658081055e-01,4.037132859230041504e-01,6.814472675323486328e-01,2.984352707862854004e-01,7.033613920211791992e-01,3.482532799243927002e-01,4.176308214664459229e-01
8.237321376800537109e-01,1.062103033065795898e+00,8.221914768218994141e-01,7.032946348190307617e-01,6.854288578033447266e-01,8.047429323196411133e-01,4.571901857852935791e-01,8.796871304512023926e-01,5.351548194885253906e-01,6.880038380622863770e-01,1.058260560035705566e+00,7.528260946273803711e-01,8.119459748268127441e-01,9.110482931137084961e-01,9.037001729011535645e-01,9.250769019126892090e-01,6.335896253585815430e-01,7.158771157264709473e-01,6.851765513420104980e-01,4.760631918907165527e-01
3.861378431320190430e-01,1.091049432754516602e+00,8.468359112739562988e-01,7.242044806480407715e-01,6.373363137245178223e-01,7.016448974609375000e-01,6.931968927383422852e-01,6.946390867233276367e-01,8.043265938758850098e-01,7.305170297622680664e-01,7.675772905349731445e-01,5.515609383583068848e-01,7.724115848541259766e-01,5.815238356590270996e-01,1.059387445449829102e+00,9.571284651756286621e-01,7.992193698883056641e-01,8.862369060516357422e-01,2.088537514209747314e-01,6.914170980453491211e-01
2.524405419826507568e-01,1.433235704898834229e-01,3.670922219753265381e-01,2.191800028085708618e-01,1.051205173134803772e-01,-2.003965079784393311e-01,1.342825144529342651e-01,-1.655765920877456665e-01,5.657720938324928284e-02,3.601043224334716797e-01,-1.939496211707592010e-02,-1.106807067990303040e-01,1.497856974601745605e-01,3.915360569953918457e-01,9.531931579113006592e-02,1.605045646429061890e-01,-2.845984101295471191e-01,4.270876049995422363e-01,7.639438658952713013e-02,8.346406370401382446e-02
-4.551712870597839355e-01,-3.449738025665283203e-01,-2.876786291599273682e-01,-9.009326100349426270e-01,-6.462766528129577637e-01,-2.416529357433319092e-01,-1.955188214778900146e-01,-9.286858439445495605e-01,-4.065974056720733643e-02,-7.133305817842483521e-02,-6.880477070808410645e-01,-2.481580376625061035e-01,-5.538378953933715820e-01,-5.777418613433837891e-01,-7.707591652870178223e-01,-3.135688602924346924e-01,-2.880263626575469971e-01,-7.142019271850585938e-01,-6.048004031181335449e-01,-4.983225464820861816e-01
-4.332287609577178955e-01,-7.508469223976135254e-01,-6.377293467521667480e-01,-7.128202319145202637e-01,-4.043263792991638184e-01,-3.179377019405364990e-01,-1.033801198005676270e+00,-8.954886794090270996e-01,-7.765738964080810547e-01,-9.563028216361999512e-01,-6.301782131195068359e-01,-9.253190159797668457e-01,-4.740715324878692627e-01,-8.991951942443847656e-01,-5.754382610321044922e-01,-1.031891703605651855e+00,-4.721766710281372070e-01,-6.881663799285888672e-01,-1.052016973495483398e+00,-4.006859958171844482e-01
4.914810657501220703e-01,4.574831426143646240e-01,3.105381429195404053e-01,7.868140935897827148e-01,4.825950562953948975e-01,5.070477128028869629e-01,4.325165748596191406e-01,3.842487633228302002e-01,6.475985646247863770e-01,4.279138743877410889e-01,2.453502453863620758e-02,3.152673840522766113e-01,4.865446388721466064e-01,2.243661135435104370e-01,3.528582155704498291e-01,3.374090790748596191e-01,4.402082562446594238e-01,4.874717295169830322e-01,5.611710995435714722e-02,4.677460193634033203e-01
-2.174185067415237427e-01,3.310415744781494141e-01,5.057253241539001465e-01,2.993117868900299072e-01,1.028016731142997742e-01,-6.726010143756866455e-02,-3.462800756096839905e-02,1.872025430202484131e-01,-3.623806536197662354e-01,3.012540638446807861e-01,2.615391463041305542e-02,-2.553633749485015869e-01,1.724430173635482788e-01,3.437187671661376953e-01,4.593157172203063965e-01,2.570084035396575928e-01,2.708939909934997559e-01,-8.930901437997817993e-02,1.637963056564331055e-01,-2.334320843219757080e-01
5.432835221290588379e-01,4.135766327381134033e-01,4.268512427806854248e-01,3.386482894420623779e-01,5.240239500999450684e-01,5.548462867736816406e-01,5.970057249069213867e-01,4.084701538085937500e-01,-2.169431000947952271e-02,2.040241211652755737e-01,4.570119976997375488e-01,5.949803590774536133e-01,1.900419890880584717e-01,9.777517318725585938e-01,4.900540113449096680e-01,5.486334562301635742e-01,7.809839844703674316e-01,5.772406458854675293e-01,4.054885506629943848e-01,5.451142787933349609e-01
6.182948946952819824e-01,9.660493731498718262e-01,1.065996289253234863e+00,3.942205607891082764e-01,8.191052079200744629e-01,5.850353837013244629e-01,7.585885524749755859e-01,9.525660872459411621e-01,9.079695343971252441e-01,5.984372496604919434e-01,8.568841814994812012e-01,1.189324855804443359e+00,7.928669452667236328e-01,1.238412976264953613e+00,9.156250357627868652e-01,9.223996996879577637e-01,8.954519629478454590e-01,9.496786594390869141e-01,8.614957928657531738e-01,1.020424604415893555e+00
4.140909314155578613e-01,2.675475478172302246e-01,3.117070198059082031e-01,3.712332248687744141e-01,7.467447519302368164e-01,1.940148770809173584e-01,3.472029268741607666e-01,3.675744235515594482e-01,1.240662708878517151e-01,6.297542452812194824e-01,5.997104570269584656e-02,4.050653874874114990e-01,4.595899581909179688e-01,4.964500367641448975e-01,1.888362318277359009e-01,3.005965650081634521e-01,6.390548944473266602e-01,5.061807632446289062e-01,-2.102943360805511475e-01,2.741931974887847900e-01
3.745561242103576660e-01,2.133819162845611572e-01,2.362729907035827637e-01,1.782952696084976196e-01,2.926539815962314606e-02,5.396874547004699707e-01,1.952448487281799316e-01,2.891298532485961914e-01,5.320196151733398438e-01,6.656128168106079102e-02,1.510085612535476685e-01,-1.953049190342426300e-02,1.978462487459182739e-01,2.444492876529693604e-01,1.231605708599090576e-01,1.971893608570098877e-01,7.893862575292587280e-02,3.295191228389739990e-01,9.858991950750350952e-02,1.280594766139984131e-01
-5.499467849731445312e-01,-7.505682110786437988e-01,-9.497282505035400391e-01,-9.873693585395812988e-01,-8.816914558410644531e-01,-6.948484182357788086e-01,-8.018440604209899902e-01,-9.562850594520568848e-01,-9.048762321472167969e-01,-1.014723777770996094e+00,-7.216472625732421875e-01,-4.948227405548095703e-01,-3.220236301422119141e-01,-1.039525151252746582e+00,-1.082618474960327148e+00,-1.233685135841369629e+00,-7.938564419746398926e-01,-6.640468239784240723e-01,-9.100419878959655762e-01,-8.960002660751342773e-01
7.435125708580017090e-01,1.791228055953979492e-01,4.319312274456024170e-01,7.467529177665710449e-01,3.765600621700286865e-01,6.215549707412719727e-01,3.432960510253906250e-01,5.601444244384765625e-01,7.478038668632507324e-01,3.276216983795166016e-01,6.269741654396057129e-01,6.568554639816284180e-01,7.389810681343078613e-01,7.993885278701782227e-01,7.840486168861389160e-01,4.984552264213562012e-01,5.065978169441223145e-01,9.595695734024047852e-01,8.863087743520736694e-02,5.230536460876464844e-01
-6.911559700965881348e-01,-5.573490262031555176e-01,-8.231959342956542969e-01,-7.075231075286865234e-01,-5.892440080642700195e-01,-4.884648025035858154e-01,-9.239640235900878906e-01,-8.360898494720458984e-01,-7.014409899711608887e-01,-9.694099426269531250e-01,-7.438642978668212891e-01,-9.791686534881591797e-01,-4.875989258289337158e-01,-3.451076149940490723e-01,-7.509754300117492676e-01,-1.201831102371215820e+00,-4.771579504013061523e-01,-7.476426362991333008e-01,-6.687911152839660645e-01,-7.326850295066833496e-01
1.428868807852268219e-02,1.852210462093353271e-01,-3.719536960124969482e-01,2.183279097080230713e-01,1.412264555692672729e-01,-7.533431649208068848e-01,-2.083968557417392731e-02,-1.798540055751800537e-01,1.877137124538421631e-01,6.220532208681106567e-02,-1.227578893303871155e-01,2.694755196571350098e-01,5.235976353287696838e-02,2.667849957942962646e-01,6.858639419078826904e-02,-3.564737737178802490e-01,-2.186576128005981445e-01,3.514472842216491699e-01,2.831043899059295654e-01,-1.194773167371749878e-01
-8.984971046447753906e-01,-6.498330235481262207e-01,-1.169352889060974121e+00,-1.139589309692382812e+00,-8.081805109977722168e-01,-9.177961945533752441e-01,-4.577864110469818115e-01,-1.290283918380737305e+00,-5.932322740554809570e-01,-1.179080128669738770e+00,-8.500223755836486816e-01,-7.185684442520141602e-01,-7.620210647583007812e-01,-5.835234522819519043e-01,-9.299986958503723145e-01,-4.582992196083068848e-01,-8.081734180450439453e-01,-5.607243776321411133e-01,-9.316158294677734375e-01,-7.276843190193176270e-01
1.218461990356445312e+00,9.821587204933166504e-01,9.702902436256408691e-01,8.278557658195495605e-01,5.650989413261413574e-01,1.151358246803283691e+00,9.497690200805664062e-01,1.211900472640991211e+00,8.919776678085327148e-01,1.048607826232910156e+00,1.380956411361694336e+00,8.019624352455139160e-01,7.608205676078796387e-01,5.080217719078063965e-01,1.067942738533020020e+00,1.284751653671264648e+00,9.893152713775634766e-01,1.103028416633605957e+00,7.235211133956909180e-01,4.725965261459350586e-01
-5.019297599792480469e-01,-4.383213818073272705e-01,-3.717018961906433105e-01,-8.009217977523803711e-01,-4.478044509887695312e-01,-5.105985999107360840e-01,-7.331277728080749512e-01,-5.737217664718627930e-01,-4.550256729125976562e-01,-3.668396770954132080e-01,-4.885046482086181641e-01,-5.826650261878967285e-01,-1.861563026905059814e-01,-4.474446177482604980e-01,-5.230608582496643066e-01,-4.921942949295043945e-01,-4.034867882728576660e-01,-5.220011472702026367e-01,-4.625087976455688477e-01,-5.150808691978454590e-01
4.304593503475189209e-01,4.001081883907318115e-01,6.991089582443237305e-01,1.040007829666137695e+00,8.831182718276977539e-01,4.723103940486907959e-01,8.715320229530334473e-01,5.403048992156982422e-01,4.821551740169525146e-01,6.325296759605407715e-01,8.644393086433410645e-01,7.900723218917846680e-01,2.646044790744781494e-01,5.577658414840698242e-01,5.036115646362304688e-01,5.942488908767700195e-01,7.281883358955383301e-01,1.125387310981750488e+00,5.814093351364135742e-01,8.988958597183227539e-01
8.624309897422790527e-01,1.010533809661865234e+00,7.969983220100402832e-01,9.180673956871032715e-01,8.917918801307678223e-01,5.746827721595764160e-01,7.157323956489562988e-01,1.019036650657653809e+00,5.763072967529296875e-01,6.668647527694702148e-01,1.475542068481445312e+00,1.226428747177124023e+00,1.119109630584716797e+00,1.245272517204284668e+00,5.384179353713989258e-01,9.453536868095397949e-01,9.092181324958801270e-01,9.553347229957580566e-01,1.137723088264465332e+00,8.341107964515686035e-01
-3.031305968761444092e-01,-4.995236098766326904e-01,-3.157684579491615295e-02,-1.790909022092819214e-01,-2.724222540855407715e-01,-2.406158894300460815e-01,-1.052690371870994568e-01,9.053482115268707275e-02,-8.739742636680603027e-02,-1.809086948633193970e-01,-5.049074888229370117e-01,-3.269520401954650879e-01,9.549246169626712799e-03,-3.126516640186309814e-01,-1.624767631292343140e-01,-6.607896834611892700e-02,-1.697287112474441528e-01,-4.977904632687568665e-02,-1.567511707544326782e-01,-3.590732514858245850e-01
-6.179640293121337891e-01,-3.057004511356353760e-01,-4.086676836013793945e-01,-6.807326078414916992e-01,-6.986682415008544922e-01,-7.950276136398315430e-01,-1.904623955488204956e-01,-5.637808442115783691e-01,-6.715933680534362793e-01,-4.149079918861389160e-01,-3.400832414627075195e-01,-6.898187994956970215e-01,-4.443201720714569092e-01,-8.570044040679931641e-01,-6.562112569808959961e-01,-5.410953164100646973e-01,-6.150972247123718262e-01,-4.056460261344909668e-01,-2.594256103038787842e-01,-2.180494964122772217e-01
-3.827716410160064697e-01,-4.245011210441589355e-01,-4.619999974966049194e-02,-1.720466762781143188e-01,-4.744542837142944336e-01,-8.157949149608612061e-02,-2.168686240911483765e-01,-2.972505092620849609e-01,-4.661084413528442383e-01,-4.496613740921020508e-01,-3.243699669837951660e-01,-1.084793359041213989e-01,2.039283886551856995e-02,-1.775040626525878906e-01,-3.859406709671020508e-01,-5.181178450584411621e-01,-2.443117797374725342e-01,-1.917235553264617920e-01,8.425338566303253174e-02,-5.027494430541992188e-01
-3.729076981544494629e-01,-4.431445300579071045e-01,-7.039793729782104492e-01,-7.088283896446228027e-01,-6.952890753746032715e-01,-6.866009235382080078e-01,-1.036415696144104004e+00,-9.298935532569885254e-01,-3.008993268013000488e-01,-5.843826532363891602e-01,-6.576265692710876465e-01,-7.712423205375671387e-01,-8.334568738937377930e-01,-7.682954519987106323e-02,-7.706270217895507812e-01,-8.238269090652465820e-01,-2.140003442764282227e-01,-6.283418536186218262e-01,-7.311922311782836914e-01,-1.159062743186950684e+00
1.042916297912597656e+00,6.338998675346374512e-01,8.030004501342773438e-01,9.703573584556579590e-01,5.900060534477233887e-01,9.303238987922668457e-01,1.089823722839355469e+00,9.039621949195861816e-01,7.257792353630065918e-01,1.033223152160644531e+00,9.999750256538391113e-01,1.011571526527404785e+00,8.964660763740539551e-01,1.033422708511352539e+00,5.417271256446838379e-01,9.810331463813781738e-01,8.609194159507751465e-01,1.237576007843017578e+00,1.150055408477783203e+00,7.760202288627624512e-01
-3.183301538228988647e-02,-4.471263587474822998e-01,-2.685290873050689697e-01,-1.571673154830932617e-01,-2.212559282779693604e-01,-3.961092829704284668e-01,-4.684190452098846436e-01,-2.038425654172897339e-01,8.426716178655624390e-02,-4.243157207965850830e-01,-2.630912065505981445e-01,-2.017402201890945435e-01,-4.358324110507965088e-01,-2.764390408992767334e-01,-5.970822572708129883e-01,-1.742301434278488159e-01,9.159625321626663208e-02,-2.075339853763580322e-01,-2.408962249755859375e-01,-3.206219077110290527e-01
-7.361099123954772949e-01,-3.401645720005035400e-01,-4.092952907085418701e-01,-1.094125986099243164e+00,-3.380828797817230225e-01,-8.446501493453979492e-01,-5.111150741577148438e-01,-3.659350872039794922e-01,-7.103351950645446777e-01,-2.732108831405639648e-01,-5.602747201919555664e-01,-3.880617022514343262e-01,-6.027387380599975586e-01,-4.299767017364501953e-01,-6.928051710128784180e-01,-6.310323476791381836e-01,-1.464696321636438370e-02,-4.393390119075775146e-01,-3.619864284992218018e-01,-9.768857955932617188e-01
9.055371284484863281e-01,1.046737909317016602e+00,1.174810647964477539e+00,7.426894307136535645e-01,5.222055315971374512e-01,6.239044666290283203e-01,7.230443954467773438e-01,1.031356334686279297e+00,7.884625792503356934e-01,8.089596629142761230e-01,1.021414041519165039e+00,8.305508494377136230e-01,6.115114092826843262e-01,1.123793363571166992e+00,9.459173083305358887e-01,8.438196778297424316e-01,7.944210171699523926e-01,8.161110281944274902e-01,8.471288681030273438e-01,7.087340950965881348e-01
6.863159537315368652e-01,7.526282072067260742e-01,1.134652137756347656e+00,8.691753149032592773e-01,5.820359587669372559e-01,1.008007764816284180e+00,6.244565844535827637e-01,9.831709265708923340e-01,8.582372665405273438e-01,5.002199411392211914e-01,7.935146689414978027e-01,8.584285378456115723e-01,7.928832173347473145e-01,1.108946084976196289e+00,1.073601365089416504e+00,7.200630903244018555e-01,9.552221298217773438e-01,8.333411812782287598e-01,4.367045462131500244e-01,3.089002370834350586e-01
4.464041888713836670e-01,9.146987199783325195e-01,7.039130330085754395e-01,6.933875679969787598e-01,5.292893052101135254e-01,4.975139498710632324e-01,3.364174664020538330e-01,4.745550453662872314e-01,5.401725769042968750e-01,4.201526641845703125e-01,4.043835699558258057e-01,5.530211329460144043e-01,7.477670311927795410e-01,7.632552385330200195e-01,6.810046434402465820e-01,8.642993122339248657e-02,3.802401423454284668e-01,9.464703202247619629e-01,6.882985830307006836e-01,5.758447647094726562e-01
-1.141923189163208008e+00,-9.489414095878601074e-01,-1.044780373573303223e+00,-9.044235944747924805e-01,-7.581958174705505371e-01,-8.354228138923645020e-01,-1.063985228538513184e+00,-9.063152670860290527e-01,-8.780323266983032227e-01,-9.275833368301391602e-01,-6.594575047492980957e-01,-9.076912999153137207e-01,-6.388882398605346680e-01,-1.083142280578613281e+00,-1.075935840606689453e+00,-1.240755200386047363e+00,-1.028333187103271484e+00,-7.919380068778991699e-01,-7.554159760475158691e-01,-9.839278459548950195e-01
-1.040564537048339844e+00,-8.237683176994323730e-01,-9.087202548980712891e-01,-1.213596582412719727e+00,-7.754093408584594727e-01,-1.229708075523376465e+00,-7.629500627517700195e-01,-8.651304841041564941e-01,-5.356611013412475586e-01,-6.387021541595458984e-01,-1.060129761695861816e+00,-9.671201705932617188e-01,-1.098010182380676270e+00,-7.914981245994567871e-01,-1.294948339462280273e+00,-6.879662275314331055e-01,-8.838783502578735352e-01,-1.207387208938598633e+00,-1.076992988586425781e+00,-9.424039721488952637e-01
-5.928641185164451599e-02,-1.478657424449920654e-01,6.307418644428253174e-02,-2.979061305522918701e-01,3.475286439061164856e-02,-3.207405507564544678e-01,-2.004754841327667236e-01,-2.742298543453216553e-01,-3.338709771633148193e-01,1.647923439741134644e-01,-2.218052558600902557e-02,1.631785742938518524e-02,-2.851226031780242920e-01,-2.477345168590545654e-01,-3.122431933879852295e-01,-1.514554172754287720e-01,-8.480963855981826782e-02,-2.600090801715850830e-01,-2.338705956935882568e-01,-1.080027520656585693e-01
-7.665606141090393066e-01,-1.164982244372367859e-01,1.598256677389144897e-01,-4.573554098606109619e-01,-3.900903463363647461e-01,-3.776366710662841797e-01,-6.737405061721801758e-02,4.324021637439727783e-01,-3.101718425750732422e-01,-2.225177288055419922e-01,2.300184816122055054e-01,1.573953628540039062e-01,5.556450486183166504e-01,1.515527814626693726e-01,2.811883687973022461e-01,3.162590861320495605e-01,-9.371925145387649536e-02,-3.309337794780731201e-01,1.216982840560376644e-03,-2.256685048341751099e-01
2.447323054075241089e-01,1.595543175935745239e-01,7.109209895133972168e-01,3.291510641574859619e-01,2.155531346797943115e-01,2.916050553321838379e-01,5.551612973213195801e-01,1.652607917785644531e-01,2.651533484458923340e-01,5.587350130081176758e-01,7.496584206819534302e-02,5.424392223358154297e-01,4.720013439655303955e-01,6.589181423187255859e-01,1.493995487689971924e-01,6.535651683807373047e-01,4.400102198123931885e-01,2.098715901374816895e-01,1.021533738821744919e-02,3.017551898956298828e-01
1.032070517539978027e+00,1.074547886848449707e+00,1.038958907127380371e+00,8.694129586219787598e-01,8.191577792167663574e-01,5.562252998352050781e-01,8.251582980155944824e-01,9.244818091392517090e-01,9.702219367027282715e-01,7.968702912330627441e-01,7.491671442985534668e-01,1.006895065307617188e+00,8.715494871139526367e-01,1.303909659385681152e+00,1.015389561653137207e+00,7.267162203788757324e-01,6.730031967163085938e-01,8.498072624206542969e-01,6.856251955032348633e-01,4.640560746192932129e-01
-5.784642696380615234e-01,-8.941605091094970703e-01,-4.298849105834960938e-01,-1.150385022163391113e+00,-4.130709767341613770e-01,1.206209063529968262e-01,-4.731876850128173828e-01,-6.303918957710266113e-01,-5.561841130256652832e-01,-7.307950854301452637e-01,-5.053251981735229492e-01,-3.850568234920501709e-01,-2.564573884010314941e-01,-8.035377413034439087e-02,-4.182614386081695557e-01,-5.232700705528259277e-01,-4.256176948547363281e-01,-9.601124525070190430e-01,-5.105221867561340332e-01,-3.696489036083221436e-01
-9.313293099403381348e-01,-9.545429348945617676e-01,-7.420635223388671875e-01,-9.866235256195068359e-01,-8.801749348640441895e-01,-7.798066735267639160e-01,-7.865378856658935547e-01,-1.054355502128601074e+00,-8.340926766395568848e-01,-1.051221132278442383e+00,-9.009728431701660156e-01,-7.661579847335815430e-01,-3.957287073135375977e-01,-8.075321912765502930e-01,-8.000594377517700195e-01,-6.232087016105651855e-01,-1.391929030418395996e+00,-6.971668004989624023e-01,-1.031350493431091309e+00,-7.947055697441101074e-01
-2.243839800357818604e-01,-4.773831665515899658e-01,-3.842142522335052490e-01,-6.293007731437683105e-01,-7.286938428878784180e-01,-1.035060763359069824e+00,-4.038581252098083496e-01,-1.143090486526489258e+00,-4.214736819267272949e-01,-4.018882811069488525e-01,-6.233759522438049316e-01,-3.061377108097076416e-01,-6.505549550056457520e-01,-1.608201712369918823e-01,-2.214007824659347534e-01,-3.323424160480499268e-01,-8.954411149024963379e-01,-4.095110297203063965e-01,-4.735810756683349609e-01,-5.546966791152954102e-01
-7.462652325630187988e-01,-3.610633313655853271e-01,-7.131583094596862793e-01,-5.299106240272521973e-01,-1.025440216064453125e+00,-7.018280625343322754e-01,-8.857741355895996094e-01,-1.187246918678283691e+00,-9.213842153549194336e-01,-1.637135893106460571e-01,-9.522310495376586914e-01,-7.662563323974609375e-01,-4.895748794078826904e-01,-1.056046366691589355e+00,-7.547135949134826660e-01,-9.053813219070434570e-01,-5.958765745162963867e-01,-1.264812231063842773e+00,-6.506402492523193359e-01,-8.724881410598754883e-01
1.035892486572265625e+00,9.702613949775695801e-01,9.486142396926879883e-01,1.109021544456481934e+00,2.688178718090057373e-01,1.125900387763977051e+00,7.695132493972778320e-01,8.551174402236938477e-01,9.864746332168579102e-01,4.921334087848663330e-01,1.096885204315185547e+00,9.669048786163330078e-01,6.626824736595153809e-01,6.828705072402954102e-01,9.531508088111877441e-01,8.829930424690246582e-01,7.381759881973266602e-01,8.233071565628051758e-01,9.924843907356262207e-01,8.391310572624206543e-01
-3.766723871231079102e-01,-7.723442912101745605e-01,-2.669579982757568359e-01,-6.950390934944152832e-01,-1.063502550125122070e+00,-5.492986440658569336e-01,-8.315718173980712891e-01,-7.542557120323181152e-01,-1.932471096515655518e-01,-6.220785900950431824e-02,-1.218945309519767761e-01,-2.271165102720260620e-01,-5.471377968788146973e-01,-5.329403281211853027e-01,-6.446148753166198730e-01,-8.584174513816833496e-01,-5.805829167366027832e-01,-7.856253385543823242e-01,5.790200084447860718e-02,-3.825969994068145752e-01
-3.810497522354125977e-01,-1.351113319396972656e-01,-7.636971473693847656e-01,-4.030316770076751709e-01,-6.122766733169555664e-01,-2.164719700813293457e-01,-2.622421383857727051e-01,-6.729182600975036621e-01,1.578840911388397217e-01,-4.215972125530242920e-01,-2.673043906688690186e-01,-3.978274762630462646e-01,-3.915082216262817383e-01,-3.226023018360137939e-01,-1.316265016794204712e-01,-3.645349442958831787e-01,-1.671294867992401123e-01,-1.504040211439132690e-01,-2.970955371856689453e-01,-2.636089026927947998e-01
-5.759346485137939453e-01,-9.269333481788635254e-01,-9.536370635032653809e-01,-8.910402059555053711e-01,-8.921538591384887695e-01,-5.368666052818298340e-01,-4.872629046440124512e-01,-8.766672015190124512e-01,-4.689278602600097656e-01,-6.307245492935180664e-01,-1.562534868717193604e-01,-2.248095870018005371e-01,-7.182844877243041992e-01,-9.910950064659118652e-01,-8.689076304435729980e-01,-8.154591917991638184e-01,-1.020444869995117188e+00,-8.916517496109008789e-01,-7.749029994010925293e-01,-9.318163394927978516e-01
-2.373755276203155518e-01,-5.542960762977600098e-01,-3.432772755622863770e-01,-4.906885921955108643e-01,-3.996107280254364014e-01,-9.885101914405822754e-01,-5.914679169654846191e-01,-3.015910685062408447e-01,-5.067656040191650391e-01,-4.661955237388610840e-01,-5.814504027366638184e-01,-4.758466482162475586e-01,-2.624797821044921875e-01,-2.285533547401428223e-01,-6.933469176292419434e-01,-7.141726613044738770e-01,-4.908510744571685791e-01,-5.334833264350891113e-01,-5.704516768455505371e-01,-5.096241831779479980e-01
-2.936680801212787628e-02,1.385061889886856079e-01,-2.382362633943557739e-01,-8.659265190362930298e-02,3.285917937755584717e-01,-4.856532812118530273e-01,2.917679026722908020e-02,-6.940615922212600708e-02,4.847837686538696289e-01,7.678920775651931763e-02,-2.642484903335571289e-01,1.042737588286399841e-01,-4.434023797512054443e-01,-1.211123615503311157e-01,-4.169298335909843445e-02,4.041374325752258301e-01,-3.796771541237831116e-02,-5.075576156377792358e-02,-2.234899103641510010e-01,-4.332712292671203613e-01
-6.504917740821838379e-01,-6.706143021583557129e-01,-8.495767712593078613e-01,-1.155697345733642578e+00,-6.836439371109008789e-01,-5.873152613639831543e-01,-7.643924355506896973e-01,-6.650841236114501953e-01,-4.043090939521789551e-01,-4.581121802330017090e-01,-6.080065965652465820e-01,-5.988731384277343750e-01,-4.985121190547943115e-01,-1.058475017547607422e+00,-3.795643448829650879e-01,-6.244925856590270996e-01,-5.649685263633728027e-01,-7.632428407669067383e-01,-6.107331514358520508e-01,-8.324961662292480469e-01
-9.689944386482238770e-01,-1.069815516471862793e+00,-7.853101491928100586e-01,-7.434517741203308105e-01,-1.109899282455444336e+00,-1.153400421142578125e+00,-1.130034327507019043e+00,-1.095879793167114258e+00,-9.335446953773498535e-01,-9.559511542320251465e-01,-1.116381883621215820e+00,-8.492075204849243164e-01,-8.524206876754760742e-01,-8.010429143905639648e-01,-7.991291880607604980e-01,-8.893952369689941406e-01,-8.216034770011901855e-01,-7.780792713165283203e-01,-7.150419354438781738e-01,-1.294220924377441406e+00
-4.668623805046081543e-01,-8.472124338150024414e-01,-5.689828395843505859e-01,-8.792226314544677734e-01,-6.092393994331359863e-01,-4.282760322093963623e-01,-4.912973344326019287e-01,-8.777525424957275391e-01,-3.677156865596771240e-01,-4.989867806434631348e-01,-7.114276289939880371e-01,-5.662888288497924805e-01,-8.306314349174499512e-01,-7.986651062965393066e-01,-7.097111940383911133e-01,-4.894490540027618408e-01,-7.891569137573242188e-01,-9.313184022903442383e-01,-4.736656248569488525e-01,-4.905218183994293213e-01
9.253435730934143066e-01,4.527122676372528076e-01,8.669480085372924805e-01,7.377426624298095703e-01,5.537034869194030762e-01,7.388869524002075195e-01,4.259366393089294434e-01,6.244124770164489746e-01,5.265658497810363770e-01,7.425372600555419922e-01,9.514266252517700195e-01,5.272187590599060059e-01,1.028077974915504456e-01,6.970642805099487305e-01,9.883870482444763184e-01,9.788843989372253418e-01,4.519664943218231201e-01,3.898569643497467041e-01,5.989692211151123047e-01,5.380628705024719238e-01
1.870168000459671021e-01,4.672664701938629150e-01,3.885486721992492676e-01,4.884569942951202393e-01,8.032791316509246826e-02,6.751794219017028809e-01,4.441647529602050781e-01,9.859374165534973145e-02,5.210399627685546875e-01,3.975757956504821777e-01,5.560570955276489258e-01,6.813787221908569336e-01,3.825548589229583740e-01,1.000128015875816345e-01,6.257350444793701172e-01,5.454334020614624023e-01,3.837569355964660645e-01,6.929398179054260254e-01,5.025928616523742676e-01,3.466658592224121094e-01
9.440566301345825195e-01,8.092823624610900879e-01,2.737543582916259766e+00,7.506400346755981445e-01,6.639325022697448730e-01,9.174548387527465820e-01,1.273497462272644043e+00,1.021786451339721680e+00,7.662103772163391113e-01,7.727157473564147949e-01,8.222963213920593262e-01,8.953400850296020508e-01,6.422014832496643066e-01,1.107794165611267090e+00,9.147641062736511230e-01,3.638211488723754883e-01,5.706664919853210449e-01,1.303175330162048340e+00,8.750788569450378418e-01,5.018708109855651855e-01
2.733639180660247803e-01,7.985736131668090820e-01,7.656363248825073242e-01,4.022392332553863525e-01,3.792162239551544189e-01,5.469722151756286621e-01,6.538030505180358887e-01,6.799432635307312012e-01,8.549482226371765137e-01,7.513136863708496094e-01,5.089562535285949707e-01,1.000596642494201660e+00,7.182317376136779785e-01,5.351564884185791016e-01,9.026386588811874390e-02,5.695031285285949707e-01,4.401812553405761719e-01,5.894210934638977051e-01,3.032701909542083740e-01,1.424451023340225220e-01
-8.032777905464172363e-01,-7.764321565628051758e-01,-6.500424146652221680e-01,-4.224413633346557617e-01,-7.832057476043701172e-01,-7.801111340522766113e-01,-5.389499664306640625e-01,-9.956669211387634277e-01,-6.832094192504882812e-01,-5.743353962898254395e-01,-9.879106879234313965e-01,-5.392854809761047363e-01,-3.303500115871429443e-01,-6.965112686157226562e-01,-9.309242963790893555e-01,-8.218140006065368652e-01,-7.155157923698425293e-01,-1.036064505577087402e+00,-8.595764636993408203e-01,-6.744159460067749023e-01
-1.030923604965209961e+00,-1.235329031944274902e+00,-5.464023947715759277e-01,-7.767038345336914062e-01,-1.060667157173156738e+00,-1.135908842086791992e+00,-1.031137585639953613e+00,-8.944963216781616211e-01,-5.871435403823852539e-01,-1.034938931465148926e+00,-1.116465687751770020e+00,-7.809007763862609863e-01,-8.387751579284667969e-01,-9.483528137207031250e-01,-1.149206876754760742e+00,-9.618861675262451172e-01,-8.709077835083007812e-01,-1.295830368995666504e+00,-8.925058841705322266e-01,-1.015341997146606445e+00
-4.250274896621704102e-01,-9.938844442367553711e-01,-4.366382956504821777e-01,-5.903516411781311035e-01,-8.149812221527099609e-01,-8.393840193748474121e-01,-5.150747895240783691e-01,-2.990327179431915283e-01,-3.976388275623321533e-01,-8.910428881645202637e-01,-6.314810514450073242e-01,-1.771713048219680786e-01,-2.693333327770233154e-01,-5.493076443672180176e-01,-6.155734062194824219e-01,-6.470968723297119141e-01,-4.140447378158569336e-01,-6.975716948509216309e-01,-8.892545104026794434e-01,-8.928480148315429688e-01
-8.720082044601440430e-01,-3.991989195346832275e-01,-7.451249361038208008e-01,-1.179991841316223145e+00,-7.639890909194946289e-01,-1.011946082115173340e+00,-5.722426176071166992e-01,-2.286252379417419434e-01,-3.897006511688232422e-01,-5.085435509681701660e-01,-9.459001421928405762e-01,-9.406809210777282715e-01,-5.568190813064575195e-01,-5.234179496765136719e-01,-1.063817858695983887e+00,-8.388914465904235840e-01,-3.186496794223785400e-01,-6.731175780296325684e-01,-3.276437819004058838e-01,-7.193951606750488281e-01
7.166576688177883625e-04,-3.189307749271392822e-01,1.956476271152496338e-02,-2.925493717193603516e-01,-5.674118995666503906e-01,-2.617188990116119385e-01,-2.545349001884460449e-01,-6.500625014305114746e-01,-3.035247325897216797e-01,-3.534286022186279297e-01,-4.965949654579162598e-01,-3.432565033435821533e-01,-1.735259443521499634e-01,-2.266174256801605225e-01,-3.372455835342407227e-01,-3.865282237529754639e-01,-1.823866814374923706e-01,1.045154705643653870e-01,-3.025254309177398682e-01,-9.486117213964462280e-02
8.053324818611145020e-01,3.491177856922149658e-01,7.466638684272766113e-01,7.445896863937377930e-01,5.568085312843322754e-01,5.717588663101196289e-01,3.102943599224090576e-01,-4.534685015678405762e-01,4.618643224239349365e-01,5.932608842849731445e-01,1.668531075119972229e-02,5.831841230392456055e-01,1.093106791377067566e-01,4.454097449779510498e-01,4.512481987476348877e-01,6.254737973213195801e-01,2.878704369068145752e-01,9.369387030601501465e-01,8.204922676086425781e-01,6.770119071006774902e-01
-1.201212629675865173e-01,-4.865851104259490967e-01,-4.132630527019500732e-01,-4.802638888359069824e-01,-1.116309762001037598e-01,-5.263380408287048340e-01,-5.952171087265014648e-01,-3.637744784355163574e-01,-9.201138466596603394e-02,-3.869043290615081787e-02,-5.601457357406616211e-01,-6.441334486007690430e-01,-3.339879810810089111e-01,-1.166510358452796936e-01,-3.857611119747161865e-01,-1.883968710899353027e-01,-4.324634969234466553e-01,-4.933466017246246338e-01,-5.361091494560241699e-01,-4.723489582538604736e-01
-1.086863636970520020e+00,-4.928391575813293457e-01,-7.673167586326599121e-01,-7.667632699012756348e-01,-1.011806488037109375e+00,-6.932882666587829590e-01,-8.022453784942626953e-01,-1.022342085838317871e+00,-2.967276275157928467e-01,-9.617985486984252930e-01,-9.188978075981140137e-01,-9.392009377479553223e-01,-5.265473723411560059e-01,-1.302823305130004883e+00,-8.114022612571716309e-01,-4.949326217174530029e-01,-5.318489670753479004e-01,-1.040705323219299316e+00,-1.172692775726318359e+00,-1.020750045776367188e+00
7.399118542671203613e-01,7.480515837669372559e-01,6.097551584243774414e-01,3.266904950141906738e-01,1.002331018447875977e+00,1.004259824752807617e+00,7.264304757118225098e-01,1.082907199859619141e+00,5.894241333007812500e-01,8.239713907241821289e-01,8.062316179275512695e-01,5.804418921470642090e-01,3.376227021217346191e-01,7.436537742614746094e-01,4.571111500263214111e-01,7.568929195404052734e-01,7.692829966545104980e-01,5.198180675506591797e-01,8.643546104431152344e-01,7.452377676963806152e-01
-7.320387363433837891e-01,-9.507396817207336426e-01,-5.033457279205322266e-01,-6.405163407325744629e-01,-5.863004326820373535e-01,-7.168581485748291016e-01,-3.432688713073730469e-01,-8.058338761329650879e-01,-4.096756577491760254e-01,-3.007501661777496338e-01,-6.072083711624145508e-01,-5.193288326263427734e-01,-5.549040436744689941e-01,-7.169361114501953125e-01,-4.027356207370758057e-01,-8.123884797096252441e-01,-1.017689585685729980e+00,-3.841694891452789307e-01,-5.284774899482727051e-01,-6.658281087875366211e-01
-4.895263314247131348e-01,-1.191027998924255371e+00,-1.111580133438110352e+00,-5.843906998634338379e-01,-8.247681856155395508e-01,-1.221968293190002441e+00,-1.131059765815734863e+00,-1.273001313209533691e+00,-1.405052185058593750e+00,-4.042172729969024658e-01,-6.827194094657897949e-01,-9.772391915321350098e-01,-8.479418158531188965e-01,-6.312465667724609375e-01,-9.525272250175476074e-01,-7.126421332359313965e-01,-1.017560005187988281e+00,-6.547833681106567383e-01,-1.151861190795898438e+00,-1.181226015090942383e+00
-3.180461525917053223e-01,3.665374517440795898e-01,9.202554076910018921e-02,1.645403057336807251e-01,8.463384211063385010e-02,-4.507394134998321533e-02,-1.444609612226486206e-01,-7.680201530456542969e-02,3.361469134688377380e-02,-1.855862140655517578e-01,-1.777711659669876099e-01,-1.900130659341812134e-01,6.310173869132995605e-02,-2.634356021881103516e-01,-3.362115025520324707e-01,-1.290079951286315918e-01,1.755651533603668213e-01,-9.197741001844406128e-02,1.194945648312568665e-01,-1.474367082118988037e-01
-5.840056538581848145e-01,-9.885151386260986328e-01,-8.387752771377563477e-01,-6.720190048217773438e-01,-6.838051080703735352e-01,-7.471381425857543945e-01,-5.690112709999084473e-01,-7.995741367340087891e-01,-6.121954321861267090e-01,-5.205821990966796875e-01,-9.152911901473999023e-01,-9.962111115455627441e-01,-6.370360255241394043e-01,-6.496484279632568359e-01,-1.052878260612487793e+00,-6.371368169784545898e-01,-3.747540712356567383e-01,-7.961821556091308594e-01,-6.730228066444396973e-01,-4.208311438560485840e-01
-1.665819287300109863e-01,-4.451700448989868164e-01,-5.314562320709228516e-01,-4.959640800952911377e-01,-2.148912400007247925e-01,-2.494246214628219604e-01,-4.693818390369415283e-01,-3.873257040977478027e-01,1.839475184679031372e-01,-1.118702068924903870e-01,-2.857425212860107422e-01,-4.662806987762451172e-01,-2.075884677469730377e-02,1.378331482410430908e-01,-3.452687859535217285e-01,-2.045768946409225464e-01,-1.422397196292877197e-01,9.027477353811264038e-02,-1.481227129697799683e-01,2.670150995254516602e-02
-7.919519543647766113e-01,-1.272773742675781250e+00,-6.201518177986145020e-01,-8.831012845039367676e-01,-1.007644653320312500e+00,-7.882534265518188477e-01,-1.070032715797424316e+00,-7.823637723922729492e-01,-5.662229061126708984e-01,-5.687642097473144531e-01,-1.277511000633239746e+00,-7.308217883110046387e-01,-6.805588603019714355e-01,-9.953016638755798340e-01,-1.048007249832153320e+00,-9.136456847190856934e-01,-9.414068460464477539e-01,-1.177779674530029297e+00,-9.462934136390686035e-01,-1.155146241188049316e+00
3.703300356864929199e-01,8.774473667144775391e-01,7.158909440040588379e-01,5.664328336715698242e-01,5.718026757240295410e-01,6.849613189697265625e-01,4.962895810604095459e-01,9.656654596328735352e-01,9.303775429725646973e-01,5.371719598770141602e-01,6.957851648330688477e-01,5.405755043029785156e-01,8.533936142921447754e-01,5.467777252197265625e-01,2.864039242267608643e-01,6.165129542350769043e-01,1.046077370643615723e+00,7.328277230262756348e-01,-1.454412937164306641e-02,7.773325443267822266e-01
8.801835179328918457e-01,1.002884387969970703e+00,5.686137080192565918e-01,6.860943436622619629e-01,3.353031873703002930e-01,7.336570024490356445e-01,5.188008546829223633e-01,4.808076024055480957e-01,3.847479075193405151e-02,3.994508683681488037e-01,1.045417904853820801e+00,3.741993606090545654e-01,9.380528330802917480e-02,3.999471366405487061e-01,3.814625442028045654e-01,4.974308907985687256e-01,6.792479157447814941e-01,7.016069889068603516e-01,6.308048367500305176e-01,4.386403262615203857e-01
-8.332933783531188965e-01,-8.269724845886230469e-01,-5.795158147811889648e-01,-6.322581171989440918e-01,-6.134353280067443848e-01,-9.284512400627136230e-01,-5.336130857467651367e-01,-6.795969605445861816e-01,-3.898703455924987793e-01,-4.128908216953277588e-01,-8.137642145156860352e-01,-6.458804011344909668e-01,-5.639272332191467285e-01,-6.514088511466979980e-01,-6.169257760047912598e-01,-8.217029571533203125e-01,-1.058535695075988770e+00,-9.646756052970886230e-01,-7.992554903030395508e-01,-7.817294001579284668e-01
-4.793413579463958740e-01,-1.131657481193542480e+00,-6.728250980377197266e-01,-1.255126953125000000e+00,-2.482833266258239746e-01,-8.117082715034484863e-01,-7.018275856971740723e-01,-9.538440108299255371e-01,-4.195705354213714600e-01,-8.191190361976623535e-01,-1.207844495773315430e+00,-3.871666491031646729e-01,-7.605447173118591309e-01,-1.032658100128173828e+00,-8.604045510292053223e-01,-5.614427328109741211e-01,-6.694378852844238281e-01,-3.471304476261138916e-01,-8.296535015106201172e-01,-7.601495385169982910e-01
1.003578424453735352e+00,1.178891777992248535e+00,1.015118837356567383e+00,8.114754557609558105e-01,7.833456397056579590e-01,9.795646071434020996e-01,8.233196735382080078e-01,6.938639283180236816e-01,1.256002187728881836e+00,7.567517757415771484e-01,6.929637789726257324e-01,9.522814154624938965e-01,9.102668166160583496e-01,7.422407269477844238e-01,1.005906581878662109e+00,6.993119120597839355e-01,8.470371365547180176e-01,1.108207345008850098e+00,1.193038225173950195e+00,1.063020467758178711e+00
-7.972160577774047852e-01,-5.487143397331237793e-01,-1.293740868568420410e+00,-8.907806277275085449e-01,-9.042534828186035156e-01,-8.566789627075195312e-01,-1.026700615882873535e+00,-8.818858265876770020e-01,-8.486029505729675293e-01,-1.515951395034790039e+00,-9.074471592903137207e-01,-7.923043370246887207e-01,-1.012024879455566406e+00,-1.010741710662841797e+00,-8.627492785453796387e-01,-1.176367878913879395e+00,-1.015762329101562500e+00,-1.139809608459472656e+00,-1.211383819580078125e+00,-8.204171061515808105e-01
-3.341850042343139648e-01,-9.914085865020751953e-01,-5.641064047813415527e-01,-7.469732165336608887e-01,-6.834443807601928711e-01,-4.172522723674774170e-01,-8.897179365158081055e-01,-9.020346999168395996e-01,-5.785953402519226074e-01,-9.671715497970581055e-01,-3.631958365440368652e-01,-5.107024908065795898e-01,-6.556726694107055664e-01,-8.241258859634399414e-01,-4.311439394950866699e-01,-5.279058814048767090e-01,-4.031754136085510254e-01,-6.580383181571960449e-01,-9.618402123451232910e-01,-7.469072341918945312e-01
-7.388167977333068848e-01,-1.101570248603820801e+00,-6.969981193542480469e-01,-4.067258536815643311e-01,-3.656998872756958008e-01,-2.554222345352172852e-01,-6.994181871414184570e-01,-1.031446814537048340e+00,-1.143314599990844727e+00,-9.128622412681579590e-01,-4.005817472934722900e-01,-5.399812459945678711e-01,-2.233494371175765991e-01,-5.005612969398498535e-01,-8.250829577445983887e-01,-4.491148293018341064e-01,-7.096440196037292480e-01,-4.900873601436614990e-01,-6.941484212875366211e-01,-1.054710626602172852e+00
-4.815355837345123291e-01,-3.121725618839263916e-01,-4.035372734069824219e-01,-4.161595702171325684e-01,-9.253081083297729492e-01,-9.419907331466674805e-01,-7.066882848739624023e-01,-6.798045039176940918e-01,-3.769227564334869385e-01,-8.330073952674865723e-01,-5.489924550056457520e-01,-3.417021036148071289e-01,9.576508775353431702e-03,-8.758600354194641113e-01,-2.850340604782104492e-01,-8.103675246238708496e-01,-7.248102426528930664e-01,-6.976751685142517090e-01,-8.886457085609436035e-01,-6.374868154525756836e-01
-1.079527020454406738e+00,-6.046574711799621582e-01,-7.342202663421630859e-01,-6.817751526832580566e-01,-7.319023609161376953e-01,-9.874297976493835449e-01,-1.198255300521850586e+00,-1.046674132347106934e+00,-7.355130910873413086e-01,-1.104696154594421387e+00,-1.018840193748474121e+00,-1.221366882324218750e+00,-9.334210157394409180e-01,-1.153329372406005859e+00,-1.250151395797729492e+00,-1.177311062812805176e+00,-4.201840162277221680e-01,-7.375640273094177246e-01,-4.371600449085235596e-01,-7.834422588348388672e-01
-2.986027002334594727e-01,-8.409031629562377930e-01,-2.593142092227935791e-01,-6.388078331947326660e-01,-4.728155434131622314e-01,-4.427851438522338867e-01,-7.271984219551086426e-01,-7.386664748191833496e-01,-7.311699390411376953e-01,-6.211242675781250000e-01,-3.288586735725402832e-01,-5.544570684432983398e-01,-5.518656969070434570e-01,-6.235903501510620117e-01,-5.614321827888488770e-01,-2.187155485153198242e-01,-4.948061406612396240e-01,-7.019191980361938477e-01,-4.227484166622161865e-01,-4.995303153991699219e-01
-1.072804331779479980e+00,-7.339276671409606934e-01,-4.873796999454498291e-01,-1.171231985092163086e+00,-1.067488074302673340e+00,-8.974497914314270020e-01,-7.109141945838928223e-01,-1.009960532188415527e+00,-6.216029524803161621e-01,-1.018155932426452637e+00,-8.580922484397888184e-01,-3.108339011669158936e-01,-2.600603997707366943e-01,-7.525736093521118164e-01,-1.058511018753051758e+00,-8.292126655578613281e-01,-7.258712649345397949e-01,-8.724764585494995117e-01,-8.314447402954101562e-01,-7.720531821250915527e-01
-8.380787074565887451e-02,7.493551075458526611e-02,2.699551696423441172e-04,-4.271230474114418030e-02,2.184322476387023926e-01,-4.594002291560173035e-02,1.170224696397781372e-01,-6.424573808908462524e-02,-1.954395174980163574e-01,-1.357351336628198624e-02,-3.558943048119544983e-02,-3.081054612994194031e-02,-2.803752571344375610e-02,1.941142380237579346e-01,-1.149438694119453430e-01,-2.856020033359527588e-01,-9.540067613124847412e-02,-1.521857380867004395e-01,-1.492923796176910400e-01,6.514070928096771240e-02
-3.454924747347831726e-02,-8.290129899978637695e-02,-7.119971513748168945e-02,-3.589336946606636047e-02,-1.485326886177062988e-01,-5.243874192237854004e-01,-4.237079322338104248e-01,-4.203721880912780762e-01,1.376349329948425293e-01,-1.264180243015289307e-01,-3.414211571216583252e-01,-2.313132435083389282e-01,-6.535716354846954346e-02,-9.630147367715835571e-02,-2.526614069938659668e-02,-4.757725894451141357e-01,-1.997239738702774048e-01,1.534242928028106689e-01,-3.717695772647857666e-01,-8.506814390420913696e-02
-4.418963193893432617e-01,-8.949962854385375977e-01,-4.565116167068481445e-01,-1.194336712360382080e-01,-6.066550612449645996e-01,-6.474676728248596191e-01,-7.433703541755676270e-01,-8.497362732887268066e-01,1.560811977833509445e-02,-7.386116385459899902e-01,-5.028958320617675781e-01,-2.709048986434936523e-01,-3.170723319053649902e-01,-4.392933547496795654e-01,-6.830294132232666016e-01,-3.954417705535888672e-01,-5.548684597015380859e-01,-5.298259854316711426e-01,-2.525557875633239746e-01,-4.555097818374633789e-01
3.361223042011260986e-01,2.457609474658966064e-01,1.595357358455657959e-01,4.840273857116699219e-01,3.407850861549377441e-01,1.725366264581680298e-01,5.132713317871093750e-01,4.671520590782165527e-01,1.091780513525009155e-01,6.904625296592712402e-01,4.440202713012695312e-01,4.284235835075378418e-01,1.235722377896308899e-01,1.958624273538589478e-01,5.314915776252746582e-01,3.681353330612182617e-01,4.555643200874328613e-01,3.825062513351440430e-01,2.878580391407012939e-01,1.005497574806213379e-01
4.161369204521179199e-01,3.067530095577239990e-01,7.769264578819274902e-01,7.718158960342407227e-01,1.136137962341308594e+00,7.528919577598571777e-01,5.196173787117004395e-01,7.216872572898864746e-01,1.772993505001068115e-01,5.307489037513732910e-01,5.384225249290466309e-01,6.813990473747253418e-01,3.727644681930541992e-01,3.359753191471099854e-01,1.036013960838317871e+00,5.240679979324340820e-01,9.522128701210021973e-01,8.390290141105651855e-01,5.315062999725341797e-01,7.516244053840637207e-01
-3.287594020366668701e-01,-1.611008048057556152e-01,-1.689336635172367096e-02,-1.356800943613052368e-01,-4.924999177455902100e-01,-3.343316912651062012e-01,-3.311999738216400146e-01,-4.250822663307189941e-01,-2.217133156955242157e-02,-7.060748934745788574e-01,-2.719424068927764893e-01,-2.335018813610076904e-01,-4.106357321143150330e-02,-6.425274610519409180e-01,2.016968131065368652e-01,-7.310462743043899536e-02,-6.211045980453491211e-01,-6.431002020835876465e-01,-7.127818465232849121e-01,-4.789575934410095215e-01
6.705750226974487305e-01,1.039077162742614746e+00,9.609844684600830078e-01,9.265148043632507324e-01,8.371774554252624512e-01,7.698897719383239746e-01,1.200070738792419434e+00,9.232048988342285156e-01,4.633287489414215088e-01,4.496971070766448975e-01,8.540909886360168457e-01,8.968130350112915039e-01,1.098192572593688965e+00,1.172895312309265137e+00,7.554563879966735840e-01,9.261481761932373047e-01,5.603544712066650391e-01,1.257810354232788086e+00,1.072747826576232910e+00,9.184859991073608398e-01
4.660093486309051514e-01,2.016664743423461914e-01,1.601360142230987549e-01,2.472039759159088135e-01,-1.599923074245452881e-01,3.259049355983734131e-01,2.516631186008453369e-01,-1.233070623129606247e-02,-3.190987929701805115e-02,2.595370113849639893e-01,-5.164584144949913025e-02,2.942786514759063721e-01,3.237041234970092773e-01,1.659587919712066650e-01,3.326293453574180603e-02,7.275242209434509277e-01,4.954129159450531006e-01,2.705866098403930664e-01,2.299243807792663574e-01,-5.893928930163383484e-02
-1.298707723617553711e-01,8.830807358026504517e-02,3.647109866142272949e-01,-1.991720348596572876e-01,-3.488792181015014648e-01,1.353594660758972168e-01,-2.774326801300048828e-01,-2.048562467098236084e-01,-1.342150270938873291e-01,-8.799189701676368713e-03,-3.202876150608062744e-01,1.119180582463741302e-02,-1.077181249856948853e-01,-1.858783513307571411e-01,-7.252609729766845703e-01,-3.290769755840301514e-01,1.873203217983245850e-01,-4.878984391689300537e-01,1.712908744812011719e-01,-3.462042808532714844e-01
4.148345589637756348e-01,7.264389395713806152e-01,8.124822974205017090e-01,4.958209097385406494e-01,7.876617312431335449e-01,8.809734582901000977e-01,5.405421853065490723e-01,7.416412234306335449e-01,6.587994694709777832e-01,3.577262163162231445e-01,9.422308802604675293e-01,8.548276424407958984e-01,5.198520421981811523e-01,7.745603919029235840e-01,2.207538783550262451e-01,7.192952036857604980e-01,6.722729802131652832e-01,6.326320171356201172e-01,5.532251596450805664e-01,6.644834876060485840e-01
-8.005747199058532715e-01,-8.563960194587707520e-01,-1.183055877685546875e+00,-9.670726656913757324e-01,-8.004702329635620117e-01,-1.018078923225402832e+00,-8.873696327209472656e-01,-9.562854766845703125e-01,-5.050833821296691895e-01,-8.859383463859558105e-01,-9.077021479606628418e-01,-1.040418505668640137e+00,-9.499078989028930664e-01,-7.525340914726257324e-01,-8.191664814949035645e-01,-1.263302922248840332e+00,-1.123929262161254883e+00,-7.279469370841979980e-01,-7.666242718696594238e-01,-9.345447421073913574e-01
1.407937407493591309e-01,7.108946889638900757e-02,4.554072916507720947e-01,6.610555052757263184e-01,4.493349194526672363e-01,3.386441171169281006e-01,4.682948589324951172e-01,4.799357354640960693e-01,1.851610541343688965e-01,2.693515419960021973e-01,5.871310234069824219e-01,1.704863607883453369e-01,6.884064525365829468e-02,4.087444245815277100e-01,4.120115935802459717e-01,4.302274286746978760e-01,1.367682516574859619e-01,3.946194946765899658e-01,3.112902343273162842e-01,2.264299392700195312e-01
-6.183974742889404297e-01,-9.250259995460510254e-01,-9.530124664306640625e-01,-7.094993591308593750e-01,-7.761440277099609375e-01,-9.993568062782287598e-01,-9.927464723587036133e-01,-8.068612217903137207e-01,-6.913083195686340332e-01,-6.494194269180297852e-01,-8.985562324523925781e-01,-1.090353846549987793e+00,-6.008238196372985840e-01,-5.287985801696777344e-01,-9.717206954956054688e-01,-6.724600791931152344e-01,-8.104652762413024902e-01,-8.636797070503234863e-01,-8.016409277915954590e-01,-8.193182945251464844e-01
-1.004674553871154785e+00,-1.128441333770751953e+00,-7.240534424781799316e-01,-1.202683210372924805e+00,-1.268666863441467285e+00,-1.198424935340881348e+00,-1.200653076171875000e+00,-1.055655956268310547e+00,-5.644823312759399414e-01,-1.157143235206604004e+00,-8.030871748924255371e-01,-7.419130802154541016e-01,-9.279297590255737305e-01,-1.247609615325927734e+00,-1.031070232391357422e+00,-1.011277079582214355e+00,-1.036898612976074219e+00,-6.472817659378051758e-01,-1.059885025024414062e+00,-1.268452048301696777e+00
-1.316068410873413086e+00,-4.356195926666259766e-01,-8.509516119956970215e-01,-5.317573547363281250e-01,-5.876914858818054199e-01,-1.312057256698608398e+00,-9.822906255722045898e-01,-1.069522023200988770e+00,-9.600993990898132324e-01,-1.139477014541625977e+00,-9.736847281455993652e-01,-1.144357204437255859e+00,-5.498529076576232910e-01,-9.097080826759338379e-01,-8.443564176559448242e-01,-6.288696527481079102e-01,-8.594337701797485352e-01,-9.049194455146789551e-01,-5.447180271148681641e-01,-7.716779112815856934e-01
-2.717675566673278809e-01,-3.384003043174743652e-01,-2.915464341640472412e-01,-4.897083938121795654e-01,-3.870435953140258789e-01,-2.301522344350814819e-01,-2.273509800434112549e-01,-6.041854619979858398e-01,-2.982030510902404785e-01,1.573071815073490143e-03,-3.510394990444183350e-01,-1.714564412832260132e-01,-2.766273021697998047e-01,-6.175733804702758789e-01,-6.677627563476562500e-01,-5.491425395011901855e-01,-8.390808105468750000e-01,-7.968390583992004395e-01,-4.004746079444885254e-01,-5.135659575462341309e-01
2.156590968370437622e-01,5.809422731399536133e-01,5.902373194694519043e-01,6.385827660560607910e-01,6.806276440620422363e-01,7.279844880104064941e-01,5.792418718338012695e-01,8.132815361022949219e-01,6.737058758735656738e-01,4.898660182952880859e-01,4.920766949653625488e-01,4.939402639865875244e-01,5.062490105628967285e-01,6.860367655754089355e-01,8.637114167213439941e-01,6.526024937629699707e-01,8.343603610992431641e-01,6.407479047775268555e-01,6.537537574768066406e-01,6.713287830352783203e-01
-7.662225365638732910e-01,-5.094903707504272461e-01,-5.660817027091979980e-01,-8.539019227027893066e-01,-2.096758484840393066e-01,-7.267716526985168457e-01,-3.748362958431243896e-01,-6.995735168457031250e-01,-6.595164537429809570e-01,-5.303676128387451172e-01,-8.060669898986816406e-01,-4.911321401596069336e-01,-7.885500192642211914e-01,-5.916745066642761230e-01,-1.059989809989929199e+00,-6.683194041252136230e-01,-5.630820989608764648e-01,-1.088436365127563477e+00,-4.605559110641479492e-01,-4.575831890106201172e-01
-7.035961747169494629e-02,1.540969014167785645e-01,1.142013892531394958e-01,2.561860084533691406e-01,2.031069993972778320e-01,-1.947485096752643585e-02,2.264336198568344116e-01,-4.605808854103088379e-02,-2.397724390029907227e-01,-1.331389248371124268e-01,8.765552192926406860e-02,1.900802999734878540e-01,-1.719195544719696045e-01,-1.382609009742736816e-01,1.167118549346923828e-01,-8.047842979431152344e-02,2.482715398073196411e-01,-2.099587619304656982e-01,-1.747665405273437500e-01,1.514409780502319336e-01
-1.801850795745849609e-01,-3.414394557476043701e-01,-3.900022804737091064e-01,-3.838269412517547607e-01,-4.607706069946289062e-01,-3.638955354690551758e-01,-3.464636504650115967e-01,-3.351034522056579590e-01,7.451228052377700806e-02,-2.435268461704254150e-01,-2.884660363197326660e-01,-1.282220035791397095e-01,-4.214293360710144043e-01,1.304308772087097168e-01,-7.333703637123107910e-01,-6.325061917304992676e-01,-6.679317355155944824e-01,-1.015264034271240234e+00,-3.100905567407608032e-03,-4.202632308006286621e-01
8.133028149604797363e-01,7.372363805770874023e-01,5.939761400222778320e-01,4.767700135707855225e-01,5.924221873283386230e-01,8.933782577514648438e-01,9.106929600238800049e-02,1.969468444585800171e-01,5.147746205329895020e-01,6.542759537696838379e-01,6.338686347007751465e-01,5.965077280998229980e-01,6.013283729553222656e-01,7.010911107063293457e-01,5.058636069297790527e-01,4.045235216617584229e-01,5.325773954391479492e-01,9.910612702369689941e-01,5.611371397972106934e-01,3.884009122848510742e-01
1.299186646938323975e-01,-2.898578904569149017e-02,-4.675221815705299377e-02,-7.788596302270889282e-02,-1.736273467540740967e-01,8.086397498846054077e-02,4.976643621921539307e-02,-6.467275321483612061e-02,-2.146651297807693481e-01,6.173507496714591980e-02,-3.711397051811218262e-01,-2.645917534828186035e-01,2.482493370771408081e-01,7.127767056226730347e-02,-2.963111698627471924e-01,4.829415306448936462e-02,-2.129595875740051270e-01,-1.948569267988204956e-01,-1.018001958727836609e-01,-2.847489714622497559e-01
-8.873442411422729492e-01,-5.085554718971252441e-01,-7.618926167488098145e-01,-7.712497115135192871e-01,-5.146815180778503418e-01,-7.794808149337768555e-01,-9.285998940467834473e-01,-9.332605004310607910e-01,-8.106051087379455566e-01,-9.154142737388610840e-01,-2.209547460079193115e-01,-1.161493301391601562e+00,-1.006053447723388672e+00,-5.542069077491760254e-01,-9.627003669738769531e-01,-5.553779602050781250e-01,-8.637617230415344238e-01,-1.096521377563476562e+00,-7.474429011344909668e-01,-6.718062758445739746e-01
-5.626143217086791992e-01,-7.268944978713989258e-01,-3.024182915687561035e-01,-4.856817126274108887e-01,-2.300442308187484741e-01,-2.933648824691772461e-01,-2.105110883712768555e-01,-4.045902788639068604e-01,2.659335732460021973e-02,-3.235771358013153076e-01,-1.045860648155212402e+00,-6.332387924194335938e-01,-5.535711050033569336e-01,-3.679143190383911133e-01,-5.043946504592895508e-01,-4.904450178146362305e-01,-9.225013256072998047e-01,-4.813878536224365234e-01,-4.264077246189117432e-01,-8.917686343193054199e-01
2.405538260936737061e-01,2.881815135478973389e-01,6.904729008674621582e-01,2.505936920642852783e-01,5.462226867675781250e-01,4.987494945526123047e-01,1.862169057130813599e-01,2.050043642520904541e-01,1.850252039730548859e-02,3.533180356025695801e-01,3.805962502956390381e-01,8.462458252906799316e-01,4.158041179180145264e-01,6.425631791353225708e-02,5.991657376289367676e-01,2.134923785924911499e-01,5.743917226791381836e-01,6.329423189163208008e-01,4.873064458370208740e-01,6.314893960952758789e-01
-7.588147521018981934e-01,-1.073543429374694824e+00,-9.387992620468139648e-01,-1.139977931976318359e+00,-5.884902477264404297e-01,-4.843239486217498779e-01,-8.130807876586914062e-01,-5.617020130157470703e-01,-7.105365991592407227e-01,-1.057921051979064941e+00,-7.013972401618957520e-01,-7.809060215950012207e-01,-6.538044214248657227e-01,-1.168223261833190918e+00,-1.102876424789428711e+00,-7.911362051963806152e-01,-1.037641882896423340e+00,-8.848342299461364746e-01,-8.385629057884216309e-01,-8.030694723129272461e-01
2.838118970394134521e-01,5.120761990547180176e-01,4.678709506988525391e-01,6.453188061714172363e-01,5.537010431289672852e-01,3.106627166271209717e-01,2.146565020084381104e-01,-9.905677288770675659e-03,5.051560997962951660e-01,6.869693994522094727e-01,6.417928636074066162e-02,6.293954849243164062e-01,7.426327466964721680e-01,6.126102209091186523e-01,3.622887134552001953e-01,6.582231521606445312e-01,5.860853195190429688e-01,7.942167520523071289e-01,5.539795756340026855e-01,7.409054636955261230e-01
-1.211510062217712402e+00,-4.796336591243743896e-01,-1.051490187644958496e+00,-5.315774679183959961e-01,-7.957531809806823730e-01,-1.440558671951293945e+00,-9.693957567214965820e-01,-9.363200664520263672e-01,-6.744212508201599121e-01,-1.040900468826293945e+00,-1.199060320854187012e+00,-8.736299276351928711e-01,-4.004331231117248535e-01,-7.745229005813598633e-01,-1.328651428222656250e+00,-9.600092768669128418e-01,-9.210593104362487793e-01,-1.312340736389160156e+00,-9.147910475730895996e-01,-9.152379631996154785e-01
-4.841094315052032471e-01,-3.931926786899566650e-01,-6.530910730361938477e-01,-8.046664595603942871e-01,-1.025012135505676270e+00,-2.423590607941150665e-02,-9.395493268966674805e-01,-6.411535739898681641e-01,-5.099313855171203613e-01,-8.411969542503356934e-01,-5.712047815322875977e-01,-6.455155611038208008e-01,-2.290690988302230835e-01,-1.023008465766906738e+00,-2.294610440731048584e-02,-8.041834235191345215e-01,-3.276909291744232178e-01,-6.762036085128784180e-01,-3.624381721019744873e-01,-1.020099639892578125e+00
3.531779050827026367e-01,1.084054470062255859e+00,4.122507274150848389e-01,6.574072837829589844e-01,9.430777430534362793e-01,1.118542194366455078e+00,8.652122616767883301e-01,7.630412578582763672e-01,5.402646660804748535e-01,4.764451980590820312e-01,9.396899938583374023e-01,8.084585666656494141e-01,9.510155320167541504e-01,2.465810626745223999e-01,7.294403910636901855e-01,9.592462182044982910e-01,4.839545488357543945e-01,6.614098548889160156e-01,1.589290946722030640e-01,4.973175823688507080e-01
5.057063698768615723e-01,9.056214988231658936e-02,-3.053384721279144287e-01,1.558082997798919678e-01,-1.208339259028434753e-01,1.365530490875244141e-01,-7.588360458612442017e-02,2.860807441174983978e-02,-4.395239651203155518e-01,-1.686296761035919189e-01,5.727463364601135254e-01,-3.131386637687683105e-02,-1.593617647886276245e-01,2.388026714324951172e-01,3.269352614879608154e-01,4.867675155401229858e-02,4.423074722290039062e-01,1.764150410890579224e-01,2.197533249855041504e-01,2.010675072669982910e-01
-7.730657458305358887e-01,-1.013566032052040100e-01,-2.187779843807220459e-01,9.692850708961486816e-02,9.761442989110946655e-02,-4.079967737197875977e-01,1.006926447153091431e-01,-6.987723112106323242e-01,-3.768862187862396240e-01,-3.055886328220367432e-01,-1.267903894186019897e-01,-3.105766773223876953e-01,-6.415763497352600098e-01,-1.190532520413398743e-01,-2.837153971195220947e-01,-4.387551844120025635e-01,-2.774402797222137451e-01,-2.566009759902954102e-01,-3.928051292896270752e-01,-4.612255394458770752e-01
-7.533748447895050049e-02,4.305310249328613281e-01,3.515681922435760498e-01,3.949911594390869141e-01,6.204332709312438965e-01,2.453108131885528564e-01,3.833401501178741455e-01,3.634629249572753906e-01,9.358069300651550293e-02,3.190259039402008057e-01,4.673541486263275146e-01,4.764705002307891846e-01,8.610633015632629395e-01,8.285336494445800781e-01,4.599257111549377441e-01,2.277622669935226440e-01,-8.490081131458282471e-02,7.199180722236633301e-01,2.001928687095642090e-01,1.539873033761978149e-01
2.958081960678100586e-01,8.607550859451293945e-01,7.388796210289001465e-01,4.404706060886383057e-01,6.794105768203735352e-01,9.413317441940307617e-01,5.191493034362792969e-01,5.590686202049255371e-01,7.419602870941162109e-01,4.818708300590515137e-01,5.693664550781250000e-01,7.765406966209411621e-01,7.444933652877807617e-01,9.130385518074035645e-01,6.229160428047180176e-01,9.503335356712341309e-01,7.770932316780090332e-01,8.230953216552734375e-01,6.614531874656677246e-01,6.919550299644470215e-01
-6.950908303260803223e-01,-1.044977307319641113e+00,-5.923324823379516602e-01,-6.528559327125549316e-01,-9.148834347724914551e-01,-9.829053878784179688e-01,-8.814166784286499023e-01,-1.243200540542602539e+00,-2.612557709217071533e-01,-5.190777778625488281e-01,-7.105910181999206543e-01,-8.454331159591674805e-01,-1.019877076148986816e+00,-9.310386180877685547e-01,-5.405685901641845703e-01,-9.522907137870788574e-01,-1.027854681015014648e+00,-9.305586814880371094e-01,-1.029666662216186523e+00,-5.013571977615356445e-01
7.538992762565612793e-01,8.022066354751586914e-01,8.430448174476623535e-01,7.922222614288330078e-01,5.735883712768554688e-01,4.831277430057525635e-01,4.551454782485961914e-01,5.015032887458801270e-01,5.390576124191284180e-01,8.130251765251159668e-01,1.064663529396057129e+00,5.707573890686035156e-01,6.916257143020629883e-01,8.317000269889831543e-01,1.168020367622375488e+00,8.356097936630249023e-01,4.245721697807312012e-01,7.056281566619873047e-01,5.618506669998168945e-01,1.484631538391113281e+00
-1.879017949104309082e-01,-5.164265036582946777e-01,-6.113115549087524414e-01,-1.329913437366485596e-01,-4.042363762855529785e-01,-5.767979621887207031e-01,-4.147209823131561279e-01,-4.380396008491516113e-01,-1.755829900503158569e-01,-2.987258434295654297e-01,-2.619185447692871094e-01,-1.643401831388473511e-01,-4.321732223033905029e-01,-3.431835472583770752e-01,9.099189937114715576e-02,-8.346784710884094238e-01,-6.388064622879028320e-01,-2.773201465606689453e-01,-2.371101975440979004e-01,-5.127499699592590332e-01
1.619206666946411133e-01,5.716206431388854980e-01,2.349445819854736328e-01,4.083264470100402832e-01,4.885306656360626221e-01,9.975321888923645020e-01,6.594067811965942383e-01,4.151799678802490234e-01,7.631056308746337891e-01,3.104738295078277588e-01,5.563799738883972168e-01,3.018933534622192383e-01,1.471379250288009644e-01,4.404301047325134277e-01,5.397270321846008301e-01,8.920777440071105957e-01,2.598154842853546143e-01,3.978395164012908936e-01,7.871752381324768066e-01,4.986328184604644775e-01
-1.059354066848754883e+00,-8.008756041526794434e-01,-8.332670927047729492e-01,-7.309820055961608887e-01,-9.758155345916748047e-01,-7.428963184356689453e-01,-9.445395469665527344e-01,-9.002404212951660156e-01,-8.375619649887084961e-01,-9.565917253494262695e-01,-7.369105815887451172e-01,-7.951448559761047363e-01,-4.284645617008209229e-01,-6.128934621810913086e-01,-1.145526409149169922e+00,-6.863710284233093262e-01,-8.604509234428405762e-01,-9.030410051345825195e-01,-6.129691600799560547e-01,-1.117843627929687500e+00
1.035129547119140625e+00,5.920142531394958496e-01,6.202794909477233887e-01,1.116664290428161621e+00,2.940861284732818604e-01,6.213302612304687500e-01,3.961729109287261963e-01,7.304146289825439453e-01,6.826081275939941406e-01,8.440074920654296875e-01,7.030631303787231445e-01,5.710108280181884766e-01,5.932962894439697266e-01,8.885107636451721191e-01,5.580699443817138672e-01,7.234010696411132812e-01,8.447683453559875488e-01,9.389691352844238281e-01,6.719163060188293457e-01,3.315764367580413818e-01
6.429040431976318359e-01,5.204663276672363281e-01,4.166613817214965820e-01,9.940673708915710449e-01,1.220799207687377930e+00,6.117875576019287109e-01,8.040874004364013672e-01,1.017573118209838867e+00,6.387458443641662598e-01,5.346708297729492188e-01,9.507515430450439453e-01,9.512785077095031738e-01,5.239619612693786621e-01,5.180595517158508301e-01,4.909360110759735107e-01,5.301475524902343750e-01,6.737751960754394531e-01,1.173046112060546875e+00,8.713437914848327637e-01,9.730353951454162598e-01
9.292912483215332031e-01,5.083207488059997559e-01,5.965445637702941895e-01,6.796028017997741699e-01,7.280882000923156738e-01,1.206626653671264648e+00,1.003985881805419922e+00,8.239787220954895020e-01,7.387566566467285156e-01,5.670669674873352051e-01,5.763962268829345703e-01,6.878828406333923340e-01,7.882913947105407715e-01,9.924698472023010254e-01,7.885868549346923828e-01,8.455047607421875000e-01,8.937925100326538086e-01,9.619013667106628418e-01,5.994686484336853027e-01,1.140692830085754395e+00
8.892226219177246094e-01,7.565413713455200195e-01,8.857608437538146973e-01,8.431375026702880859e-01,6.684734821319580078e-01,9.163005352020263672e-01,5.161842107772827148e-01,6.871562004089355469e-01,5.753393173217773438e-01,6.643308997154235840e-01,7.446727752685546875e-01,8.994380831718444824e-01,7.411341667175292969e-01,9.247275590896606445e-01,1.049307823181152344e+00,9.162499308586120605e-01,8.033947348594665527e-01,6.409598588943481445e-01,6.553011536598205566e-01,2.561810314655303955e-01
4.099097549915313721e-01,6.915916204452514648e-01,1.027186512947082520e+00,9.432791471481323242e-01,5.899246931076049805e-01,8.872693777084350586e-01,1.070493459701538086e+00,8.568480014801025391e-01,6.913608312606811523e-01,7.524700760841369629e-01,3.652544319629669189e-01,5.644789338111877441e-01,7.391335964202880859e-01,9.434476494789123535e-01,8.090374469757080078e-01,1.025647878646850586e+00,1.006810784339904785e+00,1.109940648078918457e+00,5.773785710334777832e-01,7.110069394111633301e-01
-3.874338269233703613e-01,-5.937958359718322754e-01,-6.309673786163330078e-01,-5.015506744384765625e-01,-4.342644214630126953e-01,-6.320258378982543945e-01,-5.778269171714782715e-01,-7.919740676879882812e-01,-6.159175038337707520e-01,-3.331643342971801758e-01,-6.197438836097717285e-01,-2.998060882091522217e-01,-6.290914416313171387e-01,-4.229525923728942871e-01,-7.065646648406982422e-01,-2.065474390983581543e-01,-6.183058395981788635e-02,-9.085785150527954102e-01,-4.788358807563781738e-01,-7.899199724197387695e-01
3.576881289482116699e-01,5.258889794349670410e-01,7.353438735008239746e-01,3.918095231056213379e-01,2.464015483856201172e-01,3.614205420017242432e-01,4.529053270816802979e-01,8.535179495811462402e-01,4.783014655113220215e-01,6.796574592590332031e-01,3.213651478290557861e-01,3.562889397144317627e-01,3.920329511165618896e-01,7.066311836242675781e-01,5.883179605007171631e-02,5.621365904808044434e-01,5.659155845642089844e-01,3.140139281749725342e-01,5.108976364135742188e-01,1.025329753756523132e-01
-1.190030932426452637e+00,-8.213191032409667969e-01,-8.051638603210449219e-01,-5.893492102622985840e-01,-6.856297850608825684e-01,-8.380215764045715332e-01,-8.142974972724914551e-01,-9.008538126945495605e-01,-5.135700702667236328e-01,-1.045653700828552246e+00,-1.151858329772949219e+00,-9.381572008132934570e-01,-9.412138462066650391e-01,-8.199296593666076660e-01,-1.028658151626586914e+00,-5.901888012886047363e-01,-9.876081347465515137e-01,-1.087046265602111816e+00,-9.203230738639831543e-01,-7.409566044807434082e-01
9.457920789718627930e-01,7.118573188781738281e-01,9.961060285568237305e-01,8.892347812652587891e-01,7.710598707199096680e-01,7.818792462348937988e-01,4.788416326045989990e-01,8.651406764984130859e-01,5.086833238601684570e-01,3.980961441993713379e-01,8.855700492858886719e-01,7.387601137161254883e-01,7.879834175109863281e-01,1.130126118659973145e+00,6.233055591583251953e-01,1.092837452888488770e+00,9.411244392395019531e-01,8.173211216926574707e-01,5.647536516189575195e-01,7.534926533699035645e-01
-8.556984066963195801e-01,-7.541065216064453125e-01,-1.951831430196762085e-01,-1.843302547931671143e-01,-6.662445664405822754e-01,-4.291670024394989014e-01,-2.116029262542724609e-01,-9.611965417861938477e-01,-6.562331914901733398e-01,-4.391788244247436523e-01,-4.688203036785125732e-01,-7.441849112510681152e-01,-5.259596109390258789e-01,-4.589632749557495117e-01,-5.706500411033630371e-01,-2.692784965038299561e-01,-5.663282871246337891e-01,-5.131605267524719238e-01,-5.318338871002197266e-01,-5.366936922073364258e-01
-2.595199644565582275e-01,-2.764569520950317383e-01,-7.434159517288208008e-01,-9.297579526901245117e-01,-6.688188910484313965e-01,-5.379961133003234863e-01,-4.834554791450500488e-01,-6.839498281478881836e-01,-2.030604183673858643e-01,-1.830801814794540405e-01,-2.900327146053314209e-01,-4.317967295646667480e-01,-2.976131439208984375e-01,-8.848160505294799805e-01,-5.759980082511901855e-01,-8.602036237716674805e-01,-3.851251900196075439e-01,-6.258074641227722168e-01,-3.921877741813659668e-01,3.813564181327819824e-01
-4.790832996368408203e-01,-7.120249867439270020e-01,-5.441747903823852539e-01,-5.815103054046630859e-01,-4.908517003059387207e-01,-5.481106042861938477e-01,-2.843086421489715576e-01,-5.042434334754943848e-01,-8.597105145454406738e-01,-8.475722670555114746e-01,-1.049054622650146484e+00,-8.854174613952636719e-01,-4.242981970310211182e-01,-5.984555482864379883e-01,-2.527218759059906006e-01,-6.112986803054809570e-01,-5.942398905754089355e-01,-6.121560335159301758e-01,-5.151472091674804688e-01,-3.688826262950897217e-01
-4.677729606628417969e-01,-6.990703344345092773e-01,-4.241345226764678955e-01,-5.628213882446289062e-01,-4.880447089672088623e-01,-5.452275872230529785e-01,-6.813192963600158691e-01,-4.962777793407440186e-01,-2.225734591484069824e-01,-6.726331114768981934e-01,-5.283791422843933105e-01,-6.281484961509704590e-01,-6.389337778091430664e-01,-9.473286867141723633e-01,-7.815425395965576172e-01,-5.471143126487731934e-01,-5.943231582641601562e-01,-6.862531304359436035e-01,-7.417450547218322754e-01,-9.003871083259582520e-01
2.387691438198089600e-01,5.740309357643127441e-01,3.721832931041717529e-01,4.463552832603454590e-01,7.732489109039306641e-01,6.648922562599182129e-01,2.847689092159271240e-01,6.454807519912719727e-01,7.421890497207641602e-01,6.678807139396667480e-01,3.936282694339752197e-01,2.878749370574951172e-01,5.248863697052001953e-01,5.620973110198974609e-01,5.097253918647766113e-01,3.414866924285888672e-01,3.892624080181121826e-01,7.181535363197326660e-01,9.971712827682495117e-01,8.275756239891052246e-01
-8.315492272377014160e-01,-2.720962762832641602e-01,-3.511708974838256836e-01,-5.349465012550354004e-01,-9.768590331077575684e-01,-3.790379166603088379e-01,-6.528345346450805664e-01,-1.659685730934143066e+00,-4.721157550811767578e-01,-4.007664620876312256e-01,-5.077371001243591309e-01,-2.682122886180877686e-01,-1.010332703590393066e-01,-3.838014006614685059e-01,-5.486699342727661133e-01,-6.541103124618530273e-01,-2.605443000793457031e-01,-6.513931155204772949e-01,-4.374172687530517578e-01,-3.764669597148895264e-01
4.012550413608551025e-01,1.798588633537292480e-01,-1.400076448917388916e-01,2.399299442768096924e-01,3.363498300313949585e-02,1.330673042684793472e-02,2.063877135515213013e-01,7.195767164230346680e-01,-6.061375513672828674e-02,1.637115925550460815e-01,2.060402333736419678e-01,2.563859820365905762e-01,6.202479600906372070e-01,4.179887771606445312e-01,3.074967563152313232e-01,1.318716853857040405e-01,8.066183328628540039e-01,4.627860486507415771e-01,1.079339981079101562e-01,3.558157086372375488e-01
4.881329834461212158e-01,6.343680024147033691e-01,6.563329100608825684e-01,7.557703852653503418e-01,7.221531867980957031e-01,8.866896629333496094e-01,6.132084131240844727e-01,8.213359713554382324e-01,5.047999620437622070e-01,5.652164220809936523e-01,3.102769553661346436e-01,7.058187723159790039e-01,6.495023369789123535e-01,6.756631135940551758e-01,8.777387738227844238e-01,7.144486308097839355e-01,6.451853513717651367e-01,7.271580696105957031e-01,1.170463681221008301e+00,4.629773199558258057e-01
-2.311007082462310791e-01,-4.112713038921356201e-01,-9.982410073280334473e-02,-2.478938698768615723e-01,-1.681849062442779541e-01,-4.747259616851806641e-01,-4.640482738614082336e-02,-2.212339788675308228e-01,-2.152067273855209351e-01,-1.933676004409790039e-01,-3.379475176334381104e-01,-1.469158828258514404e-01,-2.380962818861007690e-01,-4.736493527889251709e-01,-2.303971536457538605e-02,3.888804614543914795e-01,-3.911632895469665527e-01,-1.908748745918273926e-01,-3.709776699542999268e-01,-4.578283131122589111e-01
-6.226818561553955078e-01,-8.404737710952758789e-01,-8.112967610359191895e-01,-6.981831789016723633e-01,-5.297320485115051270e-01,-4.017450213432312012e-01,-5.837259888648986816e-01,-5.741800069808959961e-01,-7.280806303024291992e-01,-9.882785081863403320e-01,-5.084518790245056152e-01,-7.094368934631347656e-01,-5.013259053230285645e-01,-3.673952519893646240e-01,-6.340535283088684082e-01,-8.119709491729736328e-01,-4.971491694450378418e-01,-8.830420374870300293e-01,-1.007655143737792969e+00,-7.316553592681884766e-01
3.818361163139343262e-01,5.856750607490539551e-01,5.703858733177185059e-01,9.397720694541931152e-01,6.462680101394653320e-01,7.696906328201293945e-01,7.475205063819885254e-01,7.795621156692504883e-01,6.852710843086242676e-01,7.291221022605895996e-01,1.039452195167541504e+00,6.944963932037353516e-01,9.146137237548828125e-01,8.475022912025451660e-01,8.130564689636230469e-01,9.563947319984436035e-01,8.248264193534851074e-01,1.266310214996337891e+00,1.003215074539184570e+00,9.870434999465942383e-01
-3.455748260021209717e-01,-3.892892301082611084e-01,7.204778492450714111e-02,-5.883840471506118774e-02,-7.480064779520034790e-02,7.999373972415924072e-02,-2.012681066989898682e-01,1.085406988859176636e-01,-4.477914795279502869e-02,-5.324473381042480469e-01,3.982771933078765869e-01,4.339822754263877869e-02,-1.898128092288970947e-01,-1.825355887413024902e-01,-7.745841890573501587e-02,-3.734747692942619324e-02,9.606986492872238159e-02,-6.142760068178176880e-02,-4.344394207000732422e-01,-4.308650195598602295e-01
4.662289321422576904e-01,9.342067241668701172e-01,6.557049751281738281e-01,5.391700267791748047e-01,8.719282746315002441e-01,9.999395012855529785e-01,4.998975098133087158e-01,8.274046182632446289e-01,8.093171715736389160e-01,8.965650796890258789e-01,7.411621212959289551e-01,6.247534751892089844e-01,8.348343968391418457e-01,5.130449533462524414e-01,5.498914122581481934e-01,7.703991532325744629e-01,8.987460136413574219e-01,1.049113631248474121e+00,1.107540011405944824e+00,6.785543560981750488e-01
8.010888099670410156e-01,9.258589744567871094e-01,1.108562469482421875e+00,9.363095164299011230e-01,2.709692120552062988e-01,9.887276291847229004e-01,7.209241390228271484e-01,6.813368797302246094e-01,6.604760289192199707e-01,4.691787362098693848e-01,6.548173427581787109e-01,8.906275033950805664e-01,7.966253161430358887e-01,9.246048331260681152e-01,1.156862974166870117e+00,8.582246303558349609e-01,9.594047069549560547e-01,1.213266968727111816e+00,7.980728745460510254e-01,3.334375619888305664e-01
-6.729319691658020020e-01,-4.161905050277709961e-01,-1.023528218269348145e+00,-5.021445155143737793e-01,-4.822958409786224365e-01,-7.623189091682434082e-01,-7.492976188659667969e-01,-7.002763748168945312e-01,-4.508870542049407959e-01,-9.274330139160156250e-01,-5.004693865776062012e-01,-7.222646474838256836e-01,-5.177193880081176758e-01,-6.413282752037048340e-01,-8.340273499488830566e-01,-9.785673618316650391e-01,-4.725148081779479980e-01,-6.132203936576843262e-01,-7.899197340011596680e-01,-7.864996790885925293e-01
-2.698005437850952148e-01,-3.146455883979797363e-01,-4.146903008222579956e-02,-7.870888710021972656e-01,-3.767860308289527893e-02,-2.276769578456878662e-01,2.814471162855625153e-02,4.130307957530021667e-02,-3.259412944316864014e-01,-2.145759314298629761e-01,7.220871001482009888e-02,-2.817602455615997314e-01,-5.240493416786193848e-01,-1.202124133706092834e-01,-3.568987846374511719e-01,-5.797126516699790955e-02,-3.646233677864074707e-01,-2.992162406444549561e-01,-2.521049678325653076e-01,-3.601510524749755859e-01
-2.602254390716552734e+00,-5.840992927551269531e-01,-7.849814295768737793e-01,-9.637526869773864746e-01,-5.472519397735595703e-01,-9.712677597999572754e-01,-9.655576944351196289e-01,-7.334972620010375977e-01,-6.281252503395080566e-01,-6.215445995330810547e-01,-7.841351628303527832e-01,-5.688623189926147461e-01,-7.961050271987915039e-01,-6.666427254676818848e-01,-8.069567084312438965e-01,-6.577600240707397461e-01,-5.960780382156372070e-01,-9.159324169158935547e-01,-6.254844069480895996e-01,-9.199728965759277344e-01
3.206293284893035889e-01,1.072183728218078613e+00,7.599388360977172852e-01,6.063689589500427246e-01,5.583164691925048828e-01,5.922412872314453125e-01,4.955227375030517578e-01,5.896608233451843262e-01,6.499103307723999023e-01,5.697191357612609863e-01,8.472741842269897461e-01,3.877767324447631836e-01,7.123426795005798340e-01,8.400449156761169434e-01,2.988938093185424805e-01,6.987548470497131348e-01,2.403045892715454102e-01,5.497847199440002441e-01,4.586284160614013672e-01,6.489375233650207520e-01
-7.639947533607482910e-01,-1.638921260833740234e+00,-4.945164620876312256e-01,-5.315845012664794922e-01,-5.043659210205078125e-01,-4.725919067859649658e-01,-4.394463002681732178e-01,-3.687509000301361084e-01,-3.459786251187324524e-02,-5.387592315673828125e-01,-9.562104344367980957e-01,-2.877896428108215332e-01,-2.422979027032852173e-01,-2.506627701222896576e-02,-2.388375252485275269e-01,-3.637409210205078125e-01,-5.659523010253906250e-01,-9.138154387474060059e-01,-5.481090545654296875e-01,-6.120901703834533691e-01
6.587962508201599121e-01,5.616077184677124023e-01,5.735157728195190430e-01,4.719107747077941895e-01,4.503527581691741943e-01,4.705938696861267090e-01,1.652321815490722656e-01,2.810591757297515869e-01,6.498395204544067383e-01,1.487177610397338867e-01,3.484770655632019043e-01,7.933544516563415527e-01,2.848007678985595703e-01,7.643923163414001465e-01,7.451539635658264160e-01,-1.634301617741584778e-02,6.596999168395996094e-01,7.544378638267517090e-01,2.127589285373687744e-01,5.677770376205444336e-01
1.024512648582458496e+00,8.386213183403015137e-01,8.172219395637512207e-01,1.204801201820373535e+00,5.334253311157226562e-01,8.036563992500305176e-01,1.240396618843078613e+00,8.310365676879882812e-01,5.760309696197509766e-01,8.635516166687011719e-01,4.401767253875732422e-01,9.077582955360412598e-01,8.106768727302551270e-01,8.498864173889160156e-01,1.055510282516479492e+00,8.329318761825561523e-01,1.053231835365295410e+00,8.039019107818603516e-01,1.020017385482788086e+00,3.619765341281890869e-01
-6.987311840057373047e-01,-3.268865942955017090e-01,-5.276911258697509766e-01,-9.773340821266174316e-01,-1.054174900054931641e+00,-8.089218139648437500e-01,-9.077724218368530273e-01,-1.205718159675598145e+00,-4.785746037960052490e-01,-1.260790109634399414e+00,-9.515168666839599609e-01,-9.832550883293151855e-01,-7.066442370414733887e-01,-4.422714412212371826e-01,-5.602192878723144531e-01,-9.315818548202514648e-01,-9.133034348487854004e-01,-7.616924643516540527e-01,-6.056456565856933594e-01,-5.475991964340209961e-01
4.972508549690246582e-01,-1.515643954277038574e+00,8.171224594116210938e-01,6.659482121467590332e-01,5.661768913269042969e-01,9.615810513496398926e-01,5.246530771255493164e-01,1.004254579544067383e+00,7.228852510452270508e-01,6.767581701278686523e-01,4.664234220981597900e-01,6.790692210197448730e-01,8.225995898246765137e-01,1.111165523529052734e+00,5.432533621788024902e-01,7.654498815536499023e-01,4.900666475296020508e-01,9.972122311592102051e-01,6.711591482162475586e-01,8.343976140022277832e-01
2.788490056991577148e-01,3.882713019847869873e-01,5.058136582374572754e-01,4.906768500804901123e-01,8.411325216293334961e-01,4.020159244537353516e-01,-3.885460644960403442e-02,6.841927170753479004e-01,8.188190311193466187e-02,6.700525879859924316e-01,6.422998309135437012e-01,3.576664030551910400e-01,4.299563467502593994e-01,3.512833714485168457e-01,6.975545883178710938e-01,3.956331312656402588e-01,2.840571403503417969e-01,1.430259644985198975e-01,4.736570715904235840e-01,3.072555959224700928e-01
8.757462352514266968e-02,8.205459266901016235e-02,-1.477089226245880127e-01,-3.252010643482208252e-01,4.200370013713836670e-01,-9.656228125095367432e-02,-9.146134555339813232e-02,-1.770222373306751251e-02,1.509698480367660522e-01,1.629480719566345215e-01,-1.969944536685943604e-01,-5.254952237010002136e-02,-2.532212138175964355e-01,-4.424280300736427307e-02,-1.360846161842346191e-01,-1.870774179697036743e-01,3.477058112621307373e-01,-1.222017779946327209e-01,-4.722773134708404541e-01,6.778994202613830566e-02
1.213575482368469238e+00,8.397342562675476074e-01,5.300410389900207520e-01,9.795063138008117676e-01,6.366094946861267090e-01,9.541480541229248047e-01,9.241978526115417480e-01,8.751962184906005859e-01,8.562972545623779297e-01,5.015575289726257324e-01,8.715159893035888672e-01,1.005746006965637207e+00,7.720792293548583984e-01,4.107277393341064453e-01,1.196075439453125000e+00,3.908349275588989258e-01,8.327825069427490234e-01,1.017400741577148438e+00,8.309783935546875000e-01,1.053599238395690918e+00
-6.665011048316955566e-01,-6.480052471160888672e-01,-2.078659385442733765e-01,-6.332530379295349121e-01,-6.223781108856201172e-01,-7.399113178253173828e-01,-8.433742523193359375e-01,-7.679173350334167480e-01,-8.591388165950775146e-02,-8.993604183197021484e-01,-1.115413904190063477e+00,-6.504140496253967285e-01,-7.008024454116821289e-01,-8.667217493057250977e-01,-4.114937782287597656e-01,-5.570088624954223633e-01,-9.328922629356384277e-01,-9.393020272254943848e-01,-1.138390541076660156e+00,-1.466040849685668945e+00
7.930808663368225098e-01,8.390516042709350586e-01,5.020334124565124512e-01,8.820635080337524414e-01,8.679139614105224609e-01,6.865063905715942383e-01,5.645267963409423828e-01,1.051251053810119629e+00,6.925042271614074707e-01,1.147786021232604980e+00,1.038995385169982910e+00,8.600537776947021484e-01,5.483800768852233887e-01,4.945045709609985352e-01,1.247939229011535645e+00,6.725881099700927734e-01,8.956788182258605957e-01,3.981067836284637451e-01,4.520300924777984619e-01,7.428745031356811523e-01
-3.828234970569610596e-01,-8.708539605140686035e-01,-1.089387774467468262e+00,-7.616220116615295410e-01,-6.458293795585632324e-01,-6.703269481658935547e-01,-5.998076796531677246e-01,-5.615428090095520020e-01,-3.642664253711700439e-01,-4.592923820018768311e-01,-9.612686038017272949e-01,-7.552816271781921387e-01,-6.394293904304504395e-01,-5.192341208457946777e-01,-6.924710273742675781e-01,-5.371886491775512695e-01,-6.490387916564941406e-01,-1.100471973419189453e+00,-5.208119750022888184e-01,-6.489768624305725098e-01
7.655296921730041504e-01,1.106945991516113281e+00,6.218944787979125977e-01,1.101513385772705078e+00,7.716596722602844238e-01,6.345313191413879395e-01,1.004295587539672852e+00,8.132228255271911621e-01,1.094514846801757812e+00,8.493209481239318848e-01,4.234748780727386475e-01,8.105416893959045410e-01,3.963035941123962402e-01,7.505774497985839844e-01,1.104448199272155762e+00,8.252500295639038086e-01,6.163640022277832031e-01,6.290394663810729980e-01,5.019596219062805176e-01,8.545131683349609375e-01
-6.341457366943359375e-01,-4.219241440296173096e-01,-4.983052611351013184e-01,-5.492065548896789551e-01,1.354271471500396729e-01,-9.448655247688293457e-01,-3.747604489326477051e-01,-6.871339082717895508e-01,-1.597789973020553589e-01,-4.455820620059967041e-01,-7.057403922080993652e-01,3.974303901195526123e-01,-3.956655859947204590e-01,-4.148118495941162109e-01,-2.503561377525329590e-01,-3.439072668552398682e-01,-2.239918708801269531e-01,-3.151499330997467041e-01,-2.897252440452575684e-01,-4.184741675853729248e-01
-6.578269004821777344e-01,-3.863342106342315674e-01,-2.218817025423049927e-01,-3.845436871051788330e-01,-3.785651624202728271e-01,-2.954441010951995850e-01,-4.408449530601501465e-01,-6.264253854751586914e-01,-7.553496956825256348e-01,-3.240025639533996582e-01,1.324437260627746582e-01,-8.000327348709106445e-01,-3.379332125186920166e-01,-9.404657483100891113e-01,-5.543410778045654297e-01,-3.051527440547943115e-01,-9.752953648567199707e-01,-5.956590771675109863e-01,-4.114818572998046875e-01,-8.122225999832153320e-01
1.145446300506591797e+00,1.383831501007080078e+00,1.615992665290832520e+00,1.147978425025939941e+00,1.478076934814453125e+00,1.217181444168090820e+00,1.286467909812927246e+00,8.143960237503051758e-01,2.708109378814697266e+00,9.811559319496154785e-01,9.425927996635437012e-01,1.237691640853881836e+00,1.042696356773376465e+00,1.206505894660949707e+00,1.258000493049621582e+00,1.005305886268615723e+00,1.288960576057434082e+00,9.939418435096740723e-01,8.514825105667114258e-01,1.009315133094787598e+00
-2.121406793594360352e-01,-1.052885293960571289e+00,-6.115355491638183594e-01,-6.893090009689331055e-01,-5.763558149337768555e-01,-8.683832287788391113e-01,-5.695171356201171875e-01,-3.230803906917572021e-01,-5.051400512456893921e-03,-2.243226170539855957e-01,-6.774644851684570312e-01,-4.690553843975067139e-01,-5.853483080863952637e-01,-5.344646573066711426e-01,-2.413805276155471802e-01,-7.143859863281250000e-01,-5.737264752388000488e-01,-4.873558878898620605e-01,-6.272195577621459961e-01,-3.098542988300323486e-01
-1.049423575401306152e+00,-1.633906006813049316e+00,-8.147868514060974121e-01,-7.131430506706237793e-01,-8.346409201622009277e-01,-8.803219199180603027e-01,-9.593145251274108887e-01,-1.031831622123718262e+00,-9.563066363334655762e-01,-7.924534082412719727e-01,-9.072211384773254395e-01,-1.106035470962524414e+00,-1.109768271446228027e+00,-1.000210165977478027e+00,-1.138362407684326172e+00,-6.625932455062866211e-01,-9.742869734764099121e-01,-8.774693608283996582e-01,-9.241881966590881348e-01,-1.157154321670532227e+00
7.243520617485046387e-01,6.335289031267166138e-02,3.768604695796966553e-01,7.112597227096557617e-01,-1.310820430517196655e-01,5.758240222930908203e-01,4.442120790481567383e-01,4.023737311363220215e-01,1.679446175694465637e-02,5.334158539772033691e-01,1.091004163026809692e-01,3.978601396083831787e-01,4.893370270729064941e-01,4.320315718650817871e-01,4.644235968589782715e-01,5.379019975662231445e-01,7.499840855598449707e-01,3.799532055854797363e-01,4.436978399753570557e-01,3.022363185882568359e-01
-2.048263549804687500e-01,-1.407064944505691528e-01,9.395232051610946655e-02,-1.146787479519844055e-01,3.565251231193542480e-01,-8.160110563039779663e-02,1.241572871804237366e-01,-1.388813853263854980e-01,-2.002094238996505737e-01,-2.291753189638257027e-03,-1.604338139295578003e-01,-2.811186909675598145e-01,-3.902781009674072266e-01,2.802008986473083496e-01,-3.117930293083190918e-01,-6.678934395313262939e-02,7.069320231676101685e-02,2.641155123710632324e-01,1.108417380601167679e-02,-1.669121086597442627e-01
6.627831459045410156e-01,5.137488245964050293e-01,1.238310813903808594e+00,1.645066261291503906e+00,1.152208447456359863e+00,9.411556720733642578e-01,9.064757227897644043e-01,1.005226492881774902e+00,6.244294047355651855e-01,8.084751963615417480e-01,8.416091799736022949e-01,9.775862693786621094e-01,1.043804883956909180e+00,1.076561570167541504e+00,1.019074797630310059e+00,9.743199348449707031e-01,7.655925154685974121e-01,6.346637606620788574e-01,6.326115727424621582e-01,8.023860454559326172e-01
-3.389146924018859863e-01,-5.485612750053405762e-01,-1.808118820190429688e-01,-4.898872971534729004e-01,-5.008920431137084961e-01,-5.687765479087829590e-01,-1.292520314455032349e-01,-9.534244984388351440e-02,-2.032247632741928101e-01,-7.597349286079406738e-01,-2.991368770599365234e-01,-5.661362409591674805e-01,-4.082342982292175293e-01,-3.437208831310272217e-01,-4.810272157192230225e-01,-2.738820910453796387e-01,-5.554877519607543945e-01,-4.569412171840667725e-01,-4.782937467098236084e-01,-2.174541801214218140e-01
7.152338027954101562e-01,9.172791242599487305e-01,7.313027977943420410e-01,8.653245568275451660e-01,1.075608015060424805e+00,1.001423478126525879e+00,5.993214249610900879e-01,9.892729520797729492e-01,8.140236735343933105e-01,7.878916859626770020e-01,1.059011101722717285e+00,7.572396993637084961e-01,1.092708230018615723e+00,8.996062874794006348e-01,1.036931872367858887e+00,9.123682379722595215e-01,9.998382329940795898e-01,9.718949198722839355e-01,2.165307700634002686e-01,9.122736454010009766e-01
4.688851237297058105e-01,7.038090825080871582e-01,6.211868524551391602e-01,4.942616820335388184e-01,3.939420878887176514e-01,6.509286165237426758e-01,5.354318618774414062e-01,7.137010693550109863e-01,2.351285070180892944e-01,4.561643302440643311e-01,8.781384825706481934e-01,9.010689854621887207e-01,6.120195984840393066e-01,6.303477287292480469e-01,4.532544612884521484e-01,6.499583721160888672e-01,7.035648822784423828e-01,6.981914043426513672e-01,5.955476164817810059e-01,2.215274125337600708e-01
-8.302109241485595703e-01,-3.015837967395782471e-01,-6.693277955055236816e-01,-4.166585803031921387e-01,-5.697026252746582031e-01,-8.505223989486694336e-01,-5.202260017395019531e-01,-8.584243655204772949e-01,-3.240064084529876709e-01,-3.763857781887054443e-01,-5.374521613121032715e-01,-6.924634575843811035e-01,-4.467218518257141113e-01,-8.775950074195861816e-01,-7.573576569557189941e-01,-4.794538617134094238e-01,-4.648360908031463623e-01,-4.211184680461883545e-01,-4.853454828262329102e-01,-8.082832098007202148e-01
2.770004987716674805e+00,1.001973509788513184e+00,8.694652915000915527e-01,1.395832300186157227e+00,1.063681483268737793e+00,8.889353275299072266e-01,5.033393502235412598e-01,8.668922781944274902e-01,9.242985248565673828e-01,1.055115222930908203e+00,3.597514927387237549e-01,6.097660064697265625e-01,1.253190875053405762e+00,1.271100163459777832e+00,9.392310380935668945e-01,8.120193481445312500e-01,8.551108241081237793e-01,9.064617156982421875e-01,8.930826187133789062e-01,6.825601458549499512e-01
4.474338591098785400e-01,8.741361498832702637e-01,4.300235211849212646e-01,6.395946741104125977e-01,4.969812929630279541e-01,6.074325442314147949e-01,4.366509318351745605e-01,6.656695008277893066e-01,7.021400332450866699e-01,7.318897247314453125e-01,4.854821860790252686e-01,6.849329173564910889e-02,6.266903877258300781e-01,6.679733991622924805e-01,1.932078897953033447e-01,7.183383703231811523e-01,6.810281872749328613e-01,6.671068668365478516e-01,4.034065902233123779e-01,5.806689858436584473e-01
-1.060139656066894531e+00,-1.340209484100341797e+00,-8.451710939407348633e-01,-8.736703395843505859e-01,-7.785859704017639160e-01,-7.572748064994812012e-01,-9.034903645515441895e-01,-1.168718934059143066e+00,-1.029003024101257324e+00,-8.155627250671386719e-01,-1.217469573020935059e+00,-8.949984908103942871e-01,-4.922420382499694824e-01,-7.653949856758117676e-01,-9.968868494033813477e-01,-7.402654886245727539e-01,-8.290992975234985352e-01,-1.200917482376098633e+00,-1.060282230377197266e+00,-6.099868416786193848e-01
8.616891503334045410e-01,5.924369692802429199e-01,1.090244412422180176e+00,9.211885333061218262e-01,6.976479291915893555e-01,8.436576128005981445e-01,7.021098732948303223e-01,8.395454287528991699e-01,6.916471719741821289e-01,6.778718233108520508e-01,7.797023057937622070e-01,5.608583092689514160e-01,4.844443500041961670e-01,4.965153634548187256e-01,7.544950842857360840e-01,1.184716701507568359e+00,7.183496952056884766e-01,9.111452698707580566e-01,6.544584035873413086e-01,8.144059181213378906e-01
6.710728406906127930e-01,7.725797295570373535e-01,8.901143670082092285e-01,3.030984997749328613e-01,6.608338952064514160e-01,6.314452886581420898e-01,5.203021168708801270e-01,7.586685419082641602e-01,4.204484820365905762e-01,6.036185622215270996e-01,4.425140917301177979e-01,7.427769899368286133e-01,2.009053677320480347e-01,3.611660897731781006e-01,6.779149770736694336e-01,6.440942287445068359e-01,9.404070377349853516e-01,9.726976752281188965e-01,9.999302029609680176e-01,5.180253386497497559e-01
4.482168257236480713e-01,7.421657443046569824e-02,-2.693551182746887207e-01,8.707581460475921631e-02,1.635997183620929718e-02,1.651659309864044189e-01,1.701609641313552856e-01,-2.732913382351398468e-02,2.351074814796447754e-01,2.241555899381637573e-01,-1.124834641814231873e-01,-7.611057907342910767e-02,7.752666715532541275e-03,3.387805074453353882e-02,1.921793222427368164e-01,2.218371629714965820e-01,-1.981379091739654541e-01,2.430290430784225464e-01,2.633159458637237549e-01,1.251595001667737961e-02
8.549860715866088867e-01,6.355937123298645020e-01,4.753324687480926514e-01,6.572223305702209473e-01,3.640159368515014648e-01,9.183087944984436035e-01,9.743033647537231445e-01,1.169189095497131348e+00,5.530172586441040039e-01,9.548711180686950684e-01,1.091520786285400391e+00,6.070606708526611328e-01,6.303608417510986328e-01,7.572189569473266602e-01,7.376202940940856934e-01,4.775570034980773926e-01,1.258540749549865723e+00,1.046121597290039062e+00,9.589901566505432129e-01,1.149739742279052734e+00
2.661248445510864258e-01,2.704511582851409912e-01,2.409764081239700317e-01,1.533645987510681152e-01,-4.711350798606872559e-02,7.829016447067260742e-02,2.688962221145629883e-02,-8.675674907863140106e-03,2.934891283512115479e-01,2.812505960464477539e-01,2.007316797971725464e-01,3.582389652729034424e-01,3.595720529556274414e-01,-1.410930156707763672e-01,1.353138834238052368e-01,4.839418530464172363e-01,1.214998811483383179e-01,-2.240819036960601807e-01,-1.370004266500473022e-01,4.133356213569641113e-01
8.367323875427246094e-01,1.183734297752380371e+00,1.226778984069824219e+00,1.102304458618164062e+00,7.667061686515808105e-01,1.177229762077331543e+00,7.353425621986389160e-01,1.041331410408020020e+00,1.289690613746643066e+00,1.318459033966064453e+00,7.241297364234924316e-01,7.114475369453430176e-01,1.105084538459777832e+00,1.340441584587097168e+00,1.016983985900878906e+00,7.050379514694213867e-01,8.063801527023315430e-01,8.457874059677124023e-01,8.942850828170776367e-01,9.417909979820251465e-01
-7.641035318374633789e-01,-1.079603672027587891e+00,-1.117610096931457520e+00,-1.324440389871597290e-01,-6.234626173973083496e-01,-9.721186757087707520e-01,-8.689125776290893555e-01,-8.452017903327941895e-01,-5.751316547393798828e-01,-5.887111425399780273e-01,-1.013041257858276367e+00,-7.819669842720031738e-01,-6.165390610694885254e-01,-5.123491883277893066e-01,-5.677445530891418457e-01,-9.894469976425170898e-01,-8.507314324378967285e-01,-9.358214735984802246e-01,-9.109359383583068848e-01,-1.185256004333496094e+00
9.042652249336242676e-01,1.188281297683715820e+00,7.325943112373352051e-01,5.932254791259765625e-01,7.067050933837890625e-01,1.110681772232055664e+00,1.140498995780944824e+00,7.504194974899291992e-01,1.051150560379028320e+00,8.652535080909729004e-01,1.176570653915405273e+00,1.260701537132263184e+00,1.226497769355773926e+00,1.049798965454101562e+00,9.043616652488708496e-01,4.438948333263397217e-01,8.232252597808837891e-01,8.646132946014404297e-01,9.635277390480041504e-01,1.391640424728393555e+00
9.085648655891418457e-01,1.079864978790283203e+00,5.467051267623901367e-01,6.412704586982727051e-01,7.113475799560546875e-01,7.023620605468750000e-01,9.756894111633300781e-01,7.495515942573547363e-01,4.725917577743530273e-01,6.247907876968383789e-01,7.856432199478149414e-01,9.654523134231567383e-01,8.845269083976745605e-01,1.077073335647583008e+00,8.350454568862915039e-01,8.446427583694458008e-01,6.117554903030395508e-01,9.431023001670837402e-01,9.027727246284484863e-01,8.025581836700439453e-01
-9.719563275575637817e-02,3.922050595283508301e-01,2.438200712203979492e-01,2.280600816011428833e-01,7.755124568939208984e-02,2.021646946668624878e-01,1.702632606029510498e-01,-6.039458140730857849e-02,2.843182086944580078e-01,2.264464497566223145e-01,3.646258413791656494e-01,-1.366162449121475220e-01,8.794758468866348267e-02,6.676437258720397949e-01,-2.912121417466551065e-04,4.372428357601165771e-01,2.656686007976531982e-01,-7.716301828622817993e-02,-7.033260166645050049e-02,7.682703435420989990e-02
1.043083816766738892e-01,-2.139463573694229126e-01,-1.646637469530105591e-01,-2.434568107128143311e-01,-3.550257384777069092e-01,-1.180730536580085754e-01,-5.292294025421142578e-01,-2.243225276470184326e-01,-2.410379201173782349e-01,1.870788037776947021e-01,-1.069752424955368042e-01,-7.638466954231262207e-01,-4.579787850379943848e-01,-2.042530924081802368e-01,-4.780040085315704346e-01,-3.131863474845886230e-02,1.357874155044555664e+00,4.721327871084213257e-02,-1.056837216019630432e-01,2.263385653495788574e-01
5.405747890472412109e-01,7.240420579910278320e-01,1.557539552450180054e-01,5.768068432807922363e-01,5.388579964637756348e-01,2.359677553176879883e-01,5.731071829795837402e-01,4.085409641265869141e-01,-8.404229581356048584e-02,4.255381822586059570e-01,2.608503401279449463e-01,4.796279668807983398e-01,3.558251261711120605e-01,5.748777389526367188e-01,4.180584549903869629e-01,4.507243037223815918e-01,4.007812440395355225e-01,4.861908555030822754e-01,7.774705886840820312e-01,6.199547052383422852e-01
4.099570512771606445e-01,8.993892073631286621e-01,1.153431296348571777e+00,8.734753131866455078e-01,7.910227179527282715e-01,5.026964545249938965e-01,4.591097831726074219e-01,7.508423924446105957e-01,1.007803320884704590e+00,1.271015882492065430e+00,8.156290650367736816e-01,6.259052157402038574e-01,7.005210518836975098e-01,3.810648024082183838e-01,7.477432489395141602e-01,8.839908242225646973e-01,6.620719432830810547e-01,8.111553192138671875e-01,2.752545773983001709e-01,6.787173748016357422e-01
-4.348449409008026123e-01,-4.855219125747680664e-01,-6.951098442077636719e-01,-4.522458314895629883e-01,-6.348832845687866211e-01,-7.795596718788146973e-01,3.805599734187126160e-02,-4.653618931770324707e-01,-6.436444520950317383e-01,-6.129305362701416016e-01,-8.149044513702392578e-01,-4.768132567405700684e-01,-7.590935230255126953e-01,-6.876841187477111816e-01,-6.807281970977783203e-01,-8.389822244644165039e-01,-1.577342152595520020e-01,-7.194058895111083984e-01,-8.525630235671997070e-01,-4.987137615680694580e-01
-1.263089895248413086e+00,-8.228036761283874512e-01,-1.022195219993591309e+00,-1.154720902442932129e+00,-6.094005703926086426e-01,-1.044736027717590332e+00,-9.242672920227050781e-01,-6.071299314498901367e-01,-7.450089454650878906e-01,-7.369573712348937988e-01,-1.213035345077514648e+00,-1.038188934326171875e+00,-4.569604396820068359e-01,-8.775168061256408691e-01,-9.259653091430664062e-01,-1.172229766845703125e+00,-9.717871546745300293e-01,-9.569222331047058105e-01,-7.755702733993530273e-01,-9.763798713684082031e-01
-6.195864677429199219e-01,-8.557569384574890137e-01,-7.748315334320068359e-01,-8.932951688766479492e-01,-8.353196978569030762e-01,-7.704635262489318848e-01,-6.078723073005676270e-01,-7.435297966003417969e-01,-1.177635341882705688e-01,-8.501828908920288086e-01,-5.416298508644104004e-01,-4.239686727523803711e-01,-7.553195953369140625e-01,-8.234766721725463867e-01,-9.633419513702392578e-01,-8.503891825675964355e-01,-1.134742617607116699e+00,-8.478369712829589844e-01,-9.496936202049255371e-01,-1.155125975608825684e+00
-7.935099601745605469e-01,-8.707126975059509277e-01,-5.936478376388549805e-01,-7.073183655738830566e-01,-5.480666756629943848e-01,-8.810402154922485352e-01,-7.237156629562377930e-01,-6.387321352958679199e-01,-5.801146626472473145e-01,-6.016729474067687988e-01,-9.619572758674621582e-01,-7.774497866630554199e-01,-7.536312937736511230e-01,-6.082571744918823242e-01,-7.517309188842773438e-01,-7.635927796363830566e-01,-6.736652851104736328e-01,-1.047334313392639160e+00,-8.308237195014953613e-01,-8.849905133247375488e-01
-8.950184583663940430e-01,-9.497185349464416504e-01,-6.875542402267456055e-01,-7.142120003700256348e-01,-8.805410861968994141e-01,-9.971718788146972656e-01,-6.031675934791564941e-01,-4.777679145336151123e-01,-7.403584718704223633e-01,-1.101597785949707031e+00,-5.129941105842590332e-01,-1.129575014114379883e+00,-8.855329155921936035e-01,-8.202371597290039062e-01,-7.285158038139343262e-01,-6.710743904113769531e-01,-6.690424084663391113e-01,-9.747937321662902832e-01,-1.087622046470642090e+00,-8.685352206230163574e-01
-1.749216392636299133e-02,-3.549193218350410461e-02,-9.278416633605957031e-02,-9.185451082885265350e-03,-3.417424857616424561e-02,-1.872540861368179321e-01,1.746751070022583008e-01,1.288131624460220337e-01,-5.171743407845497131e-02,2.737184613943099976e-02,5.807441845536231995e-02,-3.258254826068878174e-01,-3.161871433258056641e-02,-3.596363365650177002e-01,7.949883490800857544e-02,-4.069833457469940186e-01,-2.684663534164428711e-01,1.848612725734710693e-01,-4.766207933425903320e-01,5.250389501452445984e-02
-8.622241020202636719e-01,-1.033201813697814941e+00,-7.179600000381469727e-01,-9.424983859062194824e-01,-7.244562506675720215e-01,-1.086857676506042480e+00,-6.733365654945373535e-01,-8.728318214416503906e-01,-8.019710183143615723e-01,-6.947823166847229004e-01,-7.773272395133972168e-01,-9.022261500358581543e-01,-8.138027787208557129e-01,-9.385359287261962891e-01,-1.161048769950866699e+00,-8.979343771934509277e-01,-9.661577939987182617e-01,-8.884107470512390137e-01,-1.076437115669250488e+00,-6.610035896301269531e-01
-6.406289935111999512e-01,-6.232352256774902344e-01,-4.868319630622863770e-01,-8.070970177650451660e-01,-4.724902510643005371e-01,-3.243512213230133057e-01,-6.364651322364807129e-01,-3.281760215759277344e-01,-6.172853708267211914e-01,-8.388741016387939453e-01,7.993047684431076050e-02,-4.439120292663574219e-01,-8.854784071445465088e-02,-5.592814087867736816e-01,-6.017114520072937012e-01,-2.978832423686981201e-01,-3.081341087818145752e-01,-1.421472579240798950e-01,2.231215126812458038e-03,-3.591102659702301025e-01
4.495818614959716797e-01,7.573525309562683105e-01,4.041274785995483398e-01,1.123455643653869629e+00,8.881264925003051758e-01,5.806534886360168457e-01,5.869400501251220703e-01,9.305780529975891113e-01,6.991621851921081543e-01,7.073327302932739258e-01,8.735753893852233887e-01,7.570601105690002441e-01,5.926306843757629395e-01,4.871232509613037109e-01,2.698920369148254395e-01,9.830465912818908691e-01,1.036708593368530273e+00,4.849551022052764893e-01,9.070719480514526367e-01,1.004843592643737793e+00
5.915853977203369141e-01,8.378615975379943848e-01,8.350612521171569824e-01,8.600819110870361328e-01,8.965076208114624023e-01,7.917612195014953613e-01,9.249170422554016113e-01,7.783044576644897461e-01,8.051016330718994141e-01,8.814089298248291016e-01,1.136338591575622559e+00,9.346858263015747070e-01,6.223438978195190430e-01,1.015424728393554688e+00,6.845160126686096191e-01,9.849996566772460938e-01,1.051838397979736328e+00,8.671352267265319824e-01,3.338386416435241699e-01,1.024570345878601074e+00
8.035449385643005371e-01,9.623773097991943359e-01,1.031248807907104492e+00,5.618480443954467773e-01,8.416895270347595215e-01,9.105550050735473633e-01,3.694911599159240723e-01,9.053651690483093262e-01,6.818647384643554688e-01,7.887635827064514160e-01,1.028228521347045898e+00,1.085826992988586426e+00,9.164037704467773438e-01,8.468107581138610840e-01,6.789844036102294922e-01,8.684852123260498047e-01,8.541546463966369629e-01,7.375005483627319336e-01,6.645353436470031738e-01,6.343627572059631348e-01
-2.227998822927474976e-01,1.263589560985565186e-01,-1.304508838802576065e-02,-2.658775448799133301e-01,2.563361451029777527e-02,-3.919046521186828613e-01,-1.722348928451538086e-01,-4.223533272743225098e-01,-3.608082830905914307e-01,-1.064884290099143982e-01,1.277107279747724533e-03,2.046430408954620361e-01,-5.759061500430107117e-02,-1.632982492446899414e-01,2.048739939928054810e-01,1.853785216808319092e-01,1.697893738746643066e-01,-3.155242502689361572e-01,-2.073663026094436646e-01,1.483241617679595947e-01
-7.314209938049316406e-01,-7.352760434150695801e-01,-4.092751741409301758e-01,-9.050919413566589355e-01,-6.895334124565124512e-01,-4.863236844539642334e-01,-4.528042376041412354e-01,-5.331793427467346191e-01,-6.975263357162475586e-01,-1.059465110301971436e-01,-6.998665928840637207e-01,-7.169227600097656250e-01,-3.810334801673889160e-01,-4.459501504898071289e-01,-7.616307735443115234e-01,-8.152644038200378418e-01,-3.339949846267700195e-01,-7.105998396873474121e-01,-3.879025876522064209e-01,-3.216804862022399902e-01
6.406998038291931152e-01,5.583984851837158203e-01,7.347767353057861328e-01,8.066934943199157715e-01,7.023286223411560059e-01,7.120854258537292480e-01,4.135156869888305664e-01,5.814601182937622070e-01,4.549689292907714844e-01,6.883510351181030273e-01,7.254254817962646484e-01,9.367716312408447266e-01,7.826990485191345215e-01,8.336266279220581055e-01,5.788639187812805176e-01,5.954263806343078613e-01,1.132257938385009766e+00,9.184185862541198730e-01,3.186450600624084473e-01,6.601221561431884766e-01
3.436556458473205566e-01,-1.153674325905740261e-03,2.149403095245361328e-01,-1.136417910456657410e-01,-4.003378748893737793e-02,2.962317466735839844e-01,8.030054718255996704e-02,2.068482041358947754e-01,9.111393243074417114e-02,1.106184944510459900e-01,4.017630219459533691e-01,4.681482911109924316e-01,1.908864676952362061e-01,4.809674322605133057e-01,1.637974381446838379e-01,2.480194270610809326e-01,1.328162699937820435e-01,1.915213614702224731e-01,2.164007723331451416e-01,-8.907895535230636597e-03
-8.839447498321533203e-01,-5.832557082176208496e-01,-9.712345600128173828e-01,-1.015036463737487793e+00,-6.642606854438781738e-01,-6.778410673141479492e-01,-5.091057419776916504e-01,-6.519821286201477051e-01,-7.529712915420532227e-01,-7.656112313270568848e-01,-7.088056802749633789e-01,-7.144224643707275391e-01,-4.691963493824005127e-01,-6.000817418098449707e-01,-8.694032430648803711e-01,-3.368477523326873779e-01,-2.460743784904479980e-01,-8.167451620101928711e-01,-4.911233484745025635e-01,-6.550436615943908691e-01
3.101052939891815186e-01,-2.882492244243621826e-01,-5.348199047148227692e-03,-1.292375177145004272e-01,-4.551183804869651794e-02,1.545169949531555176e-01,-4.343662559986114502e-01,-3.655470311641693115e-01,-3.279519975185394287e-01,-4.675473868846893311e-01,2.002840638160705566e-01,2.612397968769073486e-01,-1.271739155054092407e-01,-3.293077051639556885e-01,-6.113113369792699814e-03,-3.691442608833312988e-01,-2.986893355846405029e-01,1.087822020053863525e-01,4.578511230647563934e-03,-2.049920856952667236e-01
-9.033895730972290039e-01,-4.750241935253143311e-01,-5.361526012420654297e-01,-1.086697459220886230e+00,-7.479573488235473633e-01,-1.091978907585144043e+00,-7.207994461059570312e-01,-9.436604380607604980e-01,-7.770003080368041992e-01,-1.123816490173339844e+00,-9.917764067649841309e-01,-8.807936310768127441e-01,-8.036527633666992188e-01,-3.794034123420715332e-01,-8.614569306373596191e-01,-9.143724441528320312e-01,-1.538607120513916016e+00,-1.114940762519836426e+00,-9.320024847984313965e-01,-9.111227393150329590e-01
-2.136779129505157471e-01,-4.981054961681365967e-01,-2.135976254940032959e-01,-1.453374475240707397e-01,-7.377134561538696289e-01,-5.987120270729064941e-01,-3.028148412704467773e-01,-4.850142896175384521e-01,-9.683349169790744781e-03,-1.453301757574081421e-01,-1.887241899967193604e-01,-3.924814462661743164e-01,-5.625434517860412598e-01,-4.135992228984832764e-01,-1.695263534784317017e-01,-6.543117761611938477e-01,-5.084272027015686035e-01,-3.932738900184631348e-01,-6.086284518241882324e-01,-4.499421119689941406e-01
-6.898733228445053101e-02,-4.380828738212585449e-01,-5.727035403251647949e-01,-3.502937257289886475e-01,-5.157256722450256348e-01,-5.634616613388061523e-01,-2.102453410625457764e-01,-5.548926591873168945e-01,-6.554583907127380371e-01,-2.752940356731414795e-01,-3.539890944957733154e-01,-2.790678739547729492e-01,-4.360720515251159668e-02,-1.683748066425323486e-01,-4.270989298820495605e-01,-4.496462047100067139e-01,-5.557432174682617188e-01,-4.330982565879821777e-01,-2.673055231571197510e-01,-1.171234920620918274e-01
7.460287809371948242e-01,9.746920466423034668e-01,5.368441939353942871e-01,8.608895540237426758e-01,7.247848510742187500e-01,9.765256643295288086e-01,6.117685437202453613e-01,6.789628863334655762e-01,7.613829374313354492e-01,9.726034998893737793e-01,1.259860515594482422e+00,9.678298234939575195e-01,1.138796210289001465e+00,8.462508320808410645e-01,1.121316075325012207e+00,9.511376619338989258e-01,6.755195260047912598e-01,9.077097773551940918e-01,8.677959442138671875e-01,9.015306234359741211e-01
-3.897104263305664062e-01,-1.039645820856094360e-01,-3.595830202102661133e-01,-4.854198545217514038e-02,2.875287272036075592e-02,-2.761798799037933350e-01,-2.687308490276336670e-01,-3.681648373603820801e-01,9.976401180028915405e-02,8.012720197439193726e-02,-2.483973503112792969e-01,-3.959572613239288330e-01,-1.786669641733169556e-01,-3.403156995773315430e-01,-1.866168677806854248e-01,6.356566399335861206e-02,-4.610018059611320496e-02,-2.997883558273315430e-01,-3.513039648532867432e-01,-7.548355311155319214e-02
-1.021247267723083496e+00,-5.430502891540527344e-01,-9.048283696174621582e-01,-1.216544747352600098e+00,-1.096349954605102539e+00,-1.185415506362915039e+00,-6.644080281257629395e-01,-8.979902863502502441e-01,-7.252989411354064941e-01,-1.050670742988586426e+00,-7.703729271888732910e-01,-9.994759559631347656e-01,-7.525932788848876953e-01,-8.843524456024169922e-01,-1.107333064079284668e+00,-9.715825915336608887e-01,-9.072762131690979004e-01,-8.945135474205017090e-01,-1.273446679115295410e+00,-1.153909325599670410e+00
-7.908815145492553711e-01,-7.766017317771911621e-01,-9.139733910560607910e-01,-6.132034063339233398e-01,-9.049839973449707031e-01,-1.260228872299194336e+00,-7.301609516143798828e-01,-9.552631974220275879e-01,-3.936511930078268051e-03,-5.785358548164367676e-01,-8.300794363021850586e-01,-5.460985302925109863e-01,-7.425956726074218750e-01,-7.322164177894592285e-01,-1.066971302032470703e+00,-1.337348222732543945e+00,-8.890458345413208008e-01,-6.031224131584167480e-01,-6.306931376457214355e-01,-2.914200425148010254e-01
-1.041152477264404297e+00,-8.858953118324279785e-01,-4.675260782241821289e-01,-1.149086833000183105e+00,-1.091055035591125488e+00,-8.237351775169372559e-01,-7.199479937553405762e-01,-1.189168453216552734e+00,-4.796435534954071045e-01,-4.955618977546691895e-01,-1.042236447334289551e+00,-1.054730415344238281e+00,-6.316903829574584961e-01,-1.081520915031433105e+00,-9.446539878845214844e-01,-3.369834423065185547e-01,-8.488124608993530273e-01,-7.325681447982788086e-01,-8.954518437385559082e-01,-6.993032693862915039e-01
5.695646405220031738e-01,5.962109565734863281e-01,5.710879564285278320e-01,8.910672664642333984e-01,4.254042804241180420e-01,3.575100004673004150e-01,6.910882592201232910e-01,2.196623086929321289e-01,1.502579897642135620e-01,3.981155753135681152e-01,5.139548182487487793e-01,7.374088764190673828e-01,1.475945860147476196e-02,7.961798310279846191e-01,5.275341868400573730e-01,8.519819378852844238e-01,8.256978392601013184e-01,7.566574215888977051e-01,8.705046772956848145e-01,6.516641974449157715e-01
-2.625251114368438721e-01,-5.668023228645324707e-01,-3.236755430698394775e-01,-3.411589562892913818e-01,1.267703175544738770e-01,-5.338596105575561523e-01,-3.877633810043334961e-02,8.747545070946216583e-03,1.820573359727859497e-01,-3.045968711376190186e-01,-4.729211926460266113e-01,-9.915485233068466187e-02,-4.002082347869873047e-01,-2.793712913990020752e-01,-4.538910388946533203e-01,1.562151759862899780e-01,-3.900908529758453369e-01,1.722483634948730469e-01,2.744282186031341553e-01,-2.839161753654479980e-01
6.857805848121643066e-01,6.129265427589416504e-01,1.882013827562332153e-01,6.045923233032226562e-01,4.958906173706054688e-01,6.440440416336059570e-01,4.761506021022796631e-01,6.967966556549072266e-01,5.815850496292114258e-01,7.190425992012023926e-01,8.127053976058959961e-01,6.741023659706115723e-01,2.120482623577117920e-01,3.681275546550750732e-01,3.696129918098449707e-01,5.956273674964904785e-01,6.415466666221618652e-01,4.125792980194091797e-01,2.559749186038970947e-01,2.302130870521068573e-02
-9.041110873222351074e-01,-5.702734589576721191e-01,-6.056809425354003906e-01,-4.712814688682556152e-01,-4.058583080768585205e-01,-1.019618988037109375e+00,-9.085407257080078125e-01,-8.155783414840698242e-01,-4.315598011016845703e-01,-1.098440647125244141e+00,-9.815851449966430664e-01,-7.308346629142761230e-01,-5.042225718498229980e-01,-5.597800612449645996e-01,-5.050582289695739746e-01,-9.526224136352539062e-01,-7.639735937118530273e-01,-6.000274419784545898e-01,-4.922882616519927979e-01,-6.550713181495666504e-01
-1.617556661367416382e-01,-6.011916399002075195e-01,-4.518721699714660645e-01,-5.831202864646911621e-01,-7.805156111717224121e-01,-5.792579054832458496e-01,-6.404983997344970703e-01,-6.622753143310546875e-01,-4.840047061443328857e-01,-5.018823742866516113e-01,-2.398191243410110474e-01,-4.311628937721252441e-01,-5.325351357460021973e-01,-1.505014896392822266e+00,-8.261131048202514648e-01,-9.932506084442138672e-01,-7.741744518280029297e-01,-8.506131172180175781e-01,-5.810862183570861816e-01,-3.903857171535491943e-01
1.506200283765792847e-01,-7.623068243265151978e-02,2.071901708841323853e-01,3.574105501174926758e-01,3.409747779369354248e-01,5.008600354194641113e-01,4.846107661724090576e-01,4.683147072792053223e-01,2.439462989568710327e-01,-2.199150621891021729e-01,3.976198136806488037e-01,2.523083388805389404e-01,2.674712240695953369e-02,3.420083820819854736e-01,7.135654687881469727e-01,2.222073636949062347e-02,2.715290188789367676e-01,5.223973393440246582e-01,-1.044335123151540756e-02,4.026057422161102295e-01
8.685130476951599121e-01,7.198291420936584473e-01,4.911267161369323730e-01,9.783509373664855957e-01,7.757787108421325684e-01,8.470697999000549316e-01,5.906946659088134766e-01,9.107922315597534180e-01,6.933667063713073730e-01,7.318218946456909180e-01,6.679078936576843262e-01,5.773820281028747559e-01,1.030273318290710449e+00,6.009491682052612305e-01,4.993306696414947510e-01,5.643991827964782715e-01,7.433204054832458496e-01,1.067875385284423828e+00,5.317900776863098145e-01,1.002212643623352051e+00
-4.495398998260498047e-01,-6.079543828964233398e-01,-4.367755353450775146e-01,-4.641368687152862549e-01,-3.448112607002258301e-01,-6.137789487838745117e-01,-6.512911915779113770e-01,-4.432537257671356201e-01,-5.316213965415954590e-01,-6.526157259941101074e-01,-4.933432936668395996e-01,-6.229670047760009766e-01,-3.565681576728820801e-01,-3.487408161163330078e-01,-4.551564753055572510e-01,-3.505411446094512939e-01,-4.692927300930023193e-01,-1.935866624116897583e-01,1.107118576765060425e-01,-4.816699624061584473e-01
-7.125750780105590820e-01,-6.565242409706115723e-01,-7.038150429725646973e-01,-5.540608167648315430e-01,-7.791009545326232910e-01,-7.435405254364013672e-01,-6.699190139770507812e-01,-7.166302204132080078e-01,-4.582412540912628174e-01,-1.655919998884201050e-01,-6.846165657043457031e-01,-6.259998679161071777e-01,-2.154363840818405151e-01,-6.191561222076416016e-01,-3.991603553295135498e-01,-4.406861364841461182e-01,-6.444194912910461426e-01,-7.566510438919067383e-01,-8.733287453651428223e-01,-9.673461318016052246e-01
8.504525423049926758e-01,6.949501037597656250e-01,6.613843441009521484e-01,8.160167336463928223e-01,9.762161970138549805e-01,9.477759599685668945e-01,1.204903364181518555e+00,1.002942919731140137e+00,6.011226773262023926e-01,1.212935328483581543e+00,7.782934904098510742e-01,7.896087169647216797e-01,6.940805912017822266e-01,1.139493107795715332e+00,7.381937503814697266e-01,1.244821429252624512e+00,6.649662256240844727e-01,8.450372815132141113e-01,5.952969193458557129e-01,7.542647123336791992e-01
4.821504354476928711e-01,4.698597788810729980e-01,3.185984194278717041e-01,6.910265684127807617e-01,2.389190196990966797e-01,8.166096806526184082e-01,1.935128420591354370e-01,6.114526987075805664e-01,5.001404881477355957e-01,7.366765141487121582e-01,7.185732722282409668e-01,5.540094971656799316e-01,4.768063127994537354e-01,1.343980729579925537e-01,4.949429035186767578e-01,4.016323685646057129e-01,8.984019756317138672e-01,6.570911407470703125e-02,2.491255551576614380e-01,3.582254350185394287e-01
6.991383433341979980e-01,4.461804628372192383e-01,3.872495293617248535e-01,6.675721406936645508e-01,5.896579027175903320e-01,5.059390068054199219e-01,7.416569590568542480e-01,6.975920796394348145e-01,5.592056512832641602e-01,8.654484152793884277e-01,1.465799957513809204e-01,7.958526015281677246e-01,7.170112133026123047e-01,7.151821255683898926e-01,4.837402403354644775e-01,5.625915527343750000e-01,5.866901278495788574e-01,7.976611256599426270e-01,6.165536642074584961e-01,7.045516967773437500e-01
3.413996994495391846e-01,3.810134232044219971e-01,7.954036593437194824e-01,6.915906071662902832e-01,9.516146779060363770e-01,8.533664941787719727e-01,1.153313040733337402e+00,1.079329729080200195e+00,6.336021423339843750e-01,9.583633542060852051e-01,8.624144792556762695e-01,9.291436672210693359e-01,6.079371571540832520e-01,1.085757017135620117e+00,8.518083691596984863e-01,5.979016423225402832e-01,5.998967289924621582e-01,7.296799421310424805e-01,7.636258006095886230e-01,8.338283300399780273e-01
-2.345604896545410156e-01,-5.155103206634521484e-01,-5.367012619972229004e-01,-8.108016252517700195e-01,-2.520372569561004639e-01,-4.223169684410095215e-01,-4.575739800930023193e-01,-6.476653814315795898e-01,-1.276895254850387573e-01,-5.429393649101257324e-01,-7.053778767585754395e-01,-3.802368044853210449e-01,-6.557077169418334961e-01,-4.879364371299743652e-01,-7.894508838653564453e-01,-4.862237572669982910e-01,-1.649018675088882446e-01,-2.561656534671783447e-01,-4.350996017456054688e-01,-4.876933991909027100e-01
-7.669569253921508789e-01,-7.064114809036254883e-01,-7.295123934745788574e-01,-5.685532689094543457e-01,-8.972467184066772461e-01,-8.106509447097778320e-01,-9.252704977989196777e-01,-1.181920647621154785e+00,-7.630749344825744629e-01,-8.984211087226867676e-01,-5.035394430160522461e-01,-6.522921323776245117e-01,-6.075098514556884766e-01,-9.225779771804809570e-01,-6.760864257812500000e-01,-5.179396271705627441e-01,-6.644916534423828125e-01,-7.049773335456848145e-01,-5.543344020843505859e-01,-7.241229414939880371e-01
8.938228487968444824e-01,7.210658192634582520e-01,4.375404119491577148e-01,6.303001046180725098e-01,6.646146178245544434e-01,8.219063878059387207e-01,5.917311906814575195e-01,7.917265892028808594e-01,5.685455799102783203e-01,5.518146157264709473e-01,5.803483724594116211e-01,5.256158709526062012e-01,4.476536214351654053e-01,8.690212368965148926e-01,6.861424446105957031e-01,7.651467919349670410e-01,4.711407423019409180e-01,2.546003460884094238e-01,6.897346377372741699e-01,7.844852805137634277e-01
-1.001452803611755371e+00,-7.888316512107849121e-01,-9.745438098907470703e-01,-7.859635949134826660e-01,-1.000123381614685059e+00,-5.866553783416748047e-01,-1.526568293571472168e+00,-1.141470074653625488e+00,-4.820887744426727295e-02,-1.053948640823364258e+00,-7.039610743522644043e-01,-1.151166200637817383e+00,-6.293079853057861328e-01,-8.045862913131713867e-01,-1.077089309692382812e+00,-9.785735011100769043e-01,-7.006245255470275879e-01,-9.618914723396301270e-01,-6.106517314910888672e-01,-8.741106986999511719e-01
-7.061986327171325684e-01,-5.854591131210327148e-01,-7.344790101051330566e-01,-5.511759519577026367e-01,-2.785580158233642578e-01,-1.172249197959899902e+00,-7.543933391571044922e-01,-4.950041174888610840e-01,-5.804872512817382812e-02,-7.357667684555053711e-01,-9.142985939979553223e-01,-8.206262588500976562e-01,-1.039228320121765137e+00,-6.727640032768249512e-01,-3.771013021469116211e-01,-6.565972566604614258e-01,-7.684099078178405762e-01,-1.192162752151489258e+00,-2.639594078063964844e-01,-5.587421059608459473e-01
-9.571123123168945312e-01,-7.130270600318908691e-01,-7.329059243202209473e-01,-6.771762967109680176e-01,-2.752658128738403320e-01,-7.821062207221984863e-01,-7.443756461143493652e-01,-4.974912106990814209e-01,-1.698403209447860718e-01,-8.259444236755371094e-01,-5.072762966156005859e-01,-8.642578125000000000e-01,-3.715941011905670166e-01,-3.928255736827850342e-01,-7.364770174026489258e-01,-7.359302639961242676e-01,-6.691372394561767578e-01,-3.465090990066528320e-01,-6.542149782180786133e-01,-7.820432782173156738e-01
-6.473245024681091309e-01,-4.266926050186157227e-01,-6.151980757713317871e-01,-7.433754801750183105e-01,-6.715760231018066406e-01,-6.827447414398193359e-01,-5.055403709411621094e-01,-7.403200864791870117e-01,-2.496541887521743774e-01,-8.617276549339294434e-01,-9.798859953880310059e-01,-8.968178033828735352e-01,-4.006076157093048096e-01,-7.798028737306594849e-02,-5.215612649917602539e-01,-5.041602253913879395e-01,-1.121181368827819824e+00,-6.140885949134826660e-01,-2.547580897808074951e-01,-6.811646223068237305e-01
8.217335343360900879e-01,7.443470954895019531e-01,5.509567856788635254e-01,1.058251023292541504e+00,6.951854228973388672e-01,3.732617199420928955e-01,6.156510710716247559e-01,5.423933863639831543e-01,2.803692221641540527e-01,8.197522759437561035e-01,4.255917370319366455e-01,5.493328571319580078e-01,7.113106250762939453e-01,6.858212351799011230e-01,5.027455091476440430e-01,8.318760991096496582e-01,6.957260966300964355e-01,6.372096538543701172e-01,4.517898261547088623e-01,8.355097174644470215e-01
-8.502560853958129883e-01,-8.231564164161682129e-01,-3.155143558979034424e-01,-6.207120418548583984e-01,-9.985696673393249512e-01,-8.758332729339599609e-01,-7.061578631401062012e-01,-1.044927597045898438e+00,-9.663959145545959473e-01,-1.081084847450256348e+00,-9.818139672279357910e-01,-7.204514145851135254e-01,-9.242129921913146973e-01,-6.127336025238037109e-01,-8.290771842002868652e-01,-1.348482728004455566e+00,-5.682013630867004395e-01,-6.364688873291015625e-01,-9.887578487396240234e-01,-1.157422065734863281e+00
-1.274017810821533203e+00,-8.325145840644836426e-01,-8.008496761322021484e-01,-1.123079419136047363e+00,-8.373237848281860352e-01,-1.000780940055847168e+00,-1.057263612747192383e+00,-1.012364983558654785e+00,-7.251322865486145020e-01,-8.109601140022277832e-01,-4.405902624130249023e-01,-9.605229496955871582e-01,-1.426847934722900391e+00,-8.764980435371398926e-01,-8.995920419692993164e-01,-1.023256659507751465e+00,-5.288426876068115234e-01,-9.522371292114257812e-01,-8.874117732048034668e-01,-7.307648658752441406e-01
-1.936526149511337280e-01,-3.466946780681610107e-01,-4.344919025897979736e-01,-3.918886184692382812e-01,-2.469624429941177368e-01,-2.627205252647399902e-01,-3.191605508327484131e-01,-5.157410502433776855e-01,-3.076983988285064697e-01,-1.728143393993377686e-01,-2.666513323783874512e-01,-4.435453116893768311e-01,-4.411450028419494629e-01,-5.977116152644157410e-02,-4.368692338466644287e-01,-3.051668107509613037e-01,-2.355053871870040894e-01,-2.990382015705108643e-01,-3.670529127120971680e-01,-5.547181963920593262e-01
-7.411146163940429688e-01,-9.063603281974792480e-01,-9.915199279785156250e-01,-1.064931988716125488e+00,-7.057437896728515625e-01,-8.663750290870666504e-01,-9.358006715774536133e-01,-1.101095795631408691e+00,-8.621632456779479980e-01,-4.490296542644500732e-01,-8.278772234916687012e-01,-1.168460369110107422e+00,-9.405764341354370117e-01,-1.038255095481872559e+00,-8.681708574295043945e-01,-7.804014086723327637e-01,-1.001854777336120605e+00,-1.096479058265686035e+00,-6.765853762626647949e-01,-7.642014622688293457e-01
-6.170646548271179199e-01,-9.302617311477661133e-01,-7.667958140373229980e-01,-6.462250947952270508e-01,-4.069952070713043213e-01,-6.398118138313293457e-01,-6.554851531982421875e-01,-9.354526996612548828e-01,-4.535634219646453857e-01,-8.447974324226379395e-01,-7.473846077919006348e-01,-7.904998064041137695e-01,-7.421445846557617188e-01,-6.284855008125305176e-01,-7.377234101295471191e-01,-4.826341867446899414e-01,-6.426644325256347656e-01,-4.549197256565093994e-01,-7.117978334426879883e-01,-7.502471208572387695e-01
5.965719223022460938e-01,1.037431597709655762e+00,6.137909293174743652e-01,5.273751020431518555e-01,7.514964342117309570e-01,5.106448531150817871e-01,4.924448728561401367e-01,4.012311100959777832e-01,4.658814370632171631e-01,4.790717661380767822e-01,4.108039140701293945e-01,8.537897467613220215e-01,6.092696785926818848e-01,9.837174415588378906e-01,6.963869333267211914e-01,9.185311794281005859e-01,9.096071720123291016e-01,9.123250842094421387e-01,1.071442484855651855e+00,5.628802180290222168e-01
3.220394849777221680e-01,1.725103408098220825e-01,1.128492876887321472e-01,4.930234253406524658e-01,2.568296492099761963e-01,8.972848206758499146e-02,2.439199574291706085e-02,3.699424862861633301e-02,3.572811484336853027e-01,4.093523323535919189e-01,2.184662967920303345e-01,2.274131774902343750e-01,2.401670217514038086e-01,6.281262636184692383e-01,4.206739664077758789e-01,-9.356845915317535400e-02,3.307363688945770264e-01,3.796305656433105469e-01,5.091274976730346680e-01,7.573793530464172363e-01
2.857557535171508789e-01,3.163203969597816467e-02,1.601763069629669189e-01,7.362565398216247559e-02,5.330342799425125122e-02,-3.188418745994567871e-01,-2.554843015968799591e-02,-1.414737403392791748e-01,-2.814473509788513184e-01,4.365262389183044434e-02,-1.232745945453643799e-01,-2.047302387654781342e-02,-2.960117757320404053e-01,1.026940122246742249e-01,3.963140845298767090e-01,-1.034656763076782227e-01,1.754432171583175659e-01,-3.768434375524520874e-02,-2.438908666372299194e-01,4.653922747820615768e-03
-7.041201591491699219e-01,-9.027712345123291016e-01,-4.429847002029418945e-01,-8.675189018249511719e-01,-7.007126808166503906e-01,-9.073709249496459961e-01,-6.401424407958984375e-01,-7.686248421669006348e-01,-6.525234580039978027e-01,-4.983644783496856689e-01,-5.832865238189697266e-01,-2.163939625024795532e-01,-6.335396170616149902e-01,-2.816075980663299561e-01,-2.514783740043640137e-01,-7.712720632553100586e-01,-8.575354218482971191e-01,-8.777535557746887207e-01,-5.459684729576110840e-01,-9.974547028541564941e-01
-1.108590483665466309e+00,-5.949446558952331543e-01,-1.071632742881774902e+00,-9.384931921958923340e-01,-6.606832742691040039e-01,-7.042098641395568848e-01,-8.939889669418334961e-01,-1.006569385528564453e+00,-8.136997222900390625e-01,-1.035614490509033203e+00,-7.668358683586120605e-01,-1.066885113716125488e+00,-6.838271021842956543e-01,-8.055416941642761230e-01,-1.003191471099853516e+00,-6.651365756988525391e-01,-1.052954673767089844e+00,-8.375319242477416992e-01,-1.288524270057678223e+00,-8.341067433357238770e-01
-3.846751153469085693e-01,-3.489616215229034424e-01,-5.028977990150451660e-01,-4.509339928627014160e-01,-6.784835457801818848e-01,-5.715095400810241699e-01,-5.413643121719360352e-01,-5.923388600349426270e-01,-6.809255480766296387e-01,-8.407551050186157227e-01,-3.512798547744750977e-01,-6.314178109169006348e-01,-5.961111783981323242e-01,-8.386862277984619141e-01,-5.846912264823913574e-01,-8.823419213294982910e-01,-5.887194275856018066e-01,-4.948662221431732178e-01,-2.848418056964874268e-01,-6.425328850746154785e-01
-4.470138251781463623e-01,-2.839399278163909912e-01,4.552350565791130066e-02,-3.071418404579162598e-01,-5.830333828926086426e-01,-6.650239825248718262e-01,-3.963361680507659912e-01,-1.760631203651428223e-01,1.070437580347061157e-01,-2.679140269756317139e-01,-8.669518828392028809e-01,-9.170007891952991486e-03,6.060206145048141479e-02,-6.218913793563842773e-01,-2.673995867371559143e-02,-5.015442967414855957e-01,-3.271022140979766846e-01,-5.978356599807739258e-01,-3.164983987808227539e-01,-3.185139894485473633e-01
-6.612382829189300537e-02,-4.879674687981605530e-02,-2.182766795158386230e-01,-2.552514374256134033e-01,-1.547877788543701172e-01,-1.250342875719070435e-01,-2.409432232379913330e-01,3.468503654003143311e-01,9.683585166931152344e-02,-1.211857199668884277e-01,2.202961891889572144e-01,-9.022706747055053711e-02,3.557772561907768250e-02,-1.463242769241333008e-01,-8.532675355672836304e-02,-4.871208071708679199e-01,-1.005178224295377731e-02,2.347575873136520386e-01,2.275314033031463623e-01,5.793525651097297668e-02
-4.208595454692840576e-01,-5.453634262084960938e-01,-2.209087312221527100e-01,-1.301393210887908936e-01,-8.237900733947753906e-01,-9.174523949623107910e-01,-5.090343952178955078e-01,-7.597993016242980957e-01,9.931503236293792725e-02,-3.460017144680023193e-01,-1.217728257179260254e+00,-2.341867387294769287e-01,-4.894782006740570068e-01,-6.456056833267211914e-01,-2.967674434185028076e-01,-5.318141579627990723e-01,-4.676005244255065918e-01,-9.032183289527893066e-01,-8.218769431114196777e-01,-8.855255842208862305e-01
9.988163411617279053e-02,5.476596951484680176e-01,3.498872518539428711e-01,2.372197061777114868e-01,2.570132911205291748e-01,6.455609947443008423e-02,2.397841215133666992e-01,7.517171502113342285e-01,1.794924139976501465e-01,8.729294687509536743e-02,-2.099628299474716187e-01,3.782875835895538330e-01,3.180963397026062012e-01,1.911530941724777222e-01,2.076640725135803223e-02,1.724327206611633301e-01,6.663404107093811035e-01,-1.792994439601898193e-01,4.405495226383209229e-01,2.151526808738708496e-01
-1.199752688407897949e+00,-1.138090491294860840e+00,-8.257800936698913574e-01,-1.377392411231994629e+00,-1.076063036918640137e+00,-8.782941102981567383e-01,-1.080654501914978027e+00,-1.621264457702636719e+00,-9.704178571701049805e-01,-1.001234054565429688e+00,-1.194567680358886719e+00,-8.136444091796875000e-01,-8.386135697364807129e-01,-8.976398706436157227e-01,-1.307242989540100098e+00,-9.024267196655273438e-01,-1.023957848548889160e+00,-7.440593242645263672e-01,-1.300108790397644043e+00,-8.831867575645446777e-01
5.402464270591735840e-01,7.341951727867126465e-01,1.051045060157775879e+00,1.184129595756530762e+00,5.281201004981994629e-01,9.081213474273681641e-01,1.263300418853759766e+00,6.602652072906494141e-01,4.955457150936126709e-01,4.113815426826477051e-01,9.615094065666198730e-01,8.481077551841735840e-01,7.969794869422912598e-01,9.707210063934326172e-01,7.583112120628356934e-01,1.000660061836242676e+00,9.359613656997680664e-01,4.862256050109863281e-01,5.325878262519836426e-01,1.104142904281616211e+00
7.742057442665100098e-01,4.321507513523101807e-01,1.135905608534812927e-01,4.532498121261596680e-01,1.781967729330062866e-01,1.972796618938446045e-01,5.516346693038940430e-01,8.737776875495910645e-01,3.630327582359313965e-01,9.537292718887329102e-01,8.888464421033859253e-03,9.303045272827148438e-01,6.378204226493835449e-01,2.097268998622894287e-01,3.824949860572814941e-01,4.114107787609100342e-01,3.798675537109375000e-01,-2.461929023265838623e-01,5.413099527359008789e-01,2.037309706211090088e-01
-9.940696358680725098e-01,-5.976024866104125977e-01,-5.737090706825256348e-01,-5.287323594093322754e-01,-8.157216310501098633e-01,-5.910603404045104980e-01,-7.112486362457275391e-01,-1.325504064559936523e+00,-6.021705269813537598e-01,-7.472171783447265625e-01,-1.277410387992858887e+00,-8.328585028648376465e-01,-7.650498151779174805e-01,-8.544349074363708496e-01,-3.905985653400421143e-01,-6.292801499366760254e-01,-8.073188066482543945e-01,-3.228468894958496094e-01,-8.922197818756103516e-01,-6.840046644210815430e-01
7.116876840591430664e-01,6.808714866638183594e-01,7.939568161964416504e-01,7.183219790458679199e-01,8.114407062530517578e-01,1.106165289878845215e+00,6.800817251205444336e-01,6.853988170623779297e-01,6.278029680252075195e-01,1.196774601936340332e+00,9.730995297431945801e-01,1.038936376571655273e+00,6.582056879997253418e-01,1.004235744476318359e+00,1.308119654655456543e+00,9.770045280456542969e-01,9.845621585845947266e-01,8.960126042366027832e-01,6.471143364906311035e-01,7.162203788757324219e-01
-6.406224966049194336e-01,-5.164865851402282715e-01,-1.948463916778564453e-01,-2.920916676521301270e-01,-3.079578280448913574e-01,-4.892611205577850342e-01,-2.552072703838348389e-01,-6.182131171226501465e-01,-3.421115279197692871e-01,-3.830706775188446045e-01,-3.171135187149047852e-01,-5.698345303535461426e-01,-2.344548404216766357e-01,-3.617428541183471680e-01,-1.893906742334365845e-01,-4.076815247535705566e-01,-7.318612337112426758e-01,-2.382727116346359253e-01,-7.756628394126892090e-01,-5.816566944122314453e-01
3.301526606082916260e-01,4.941429495811462402e-01,2.271283119916915894e-01,6.275722384452819824e-01,5.790088176727294922e-01,8.904452323913574219e-01,4.557376205921173096e-01,3.196376860141754150e-01,5.188099741935729980e-01,-8.707209490239620209e-03,9.509425759315490723e-01,6.358039379119873047e-01,5.945369601249694824e-01,5.374283790588378906e-01,4.319484233856201172e-01,5.952152609825134277e-01,2.776838839054107666e-01,9.069669246673583984e-01,5.037460923194885254e-01,5.355838537216186523e-01
1.126856282353401184e-01,-1.266867071390151978e-01,-2.722319960594177246e-01,-1.662719547748565674e-01,-2.181132882833480835e-01,1.191794034093618393e-02,-3.193030655384063721e-01,-4.863170981407165527e-01,1.197718009352684021e-01,1.784178800880908966e-02,-5.780021473765373230e-02,-2.838593423366546631e-01,1.414310932159423828e-01,-5.585674569010734558e-02,-1.416225284337997437e-01,2.562253177165985107e-01,-1.529938727617263794e-01,-9.605123847723007202e-02,-1.662467867136001587e-01,1.989413797855377197e-01
-6.788552403450012207e-01,-6.322258114814758301e-01,-7.366135120391845703e-01,-2.065629363059997559e-01,-6.074347496032714844e-01,-7.358998656272888184e-01,-4.165450930595397949e-01,-9.598482251167297363e-01,-5.891712307929992676e-01,-6.848368048667907715e-01,-4.616750776767730713e-01,-4.029340744018554688e-01,-4.759021401405334473e-01,-7.797400355339050293e-01,-8.611060380935668945e-01,-8.834500908851623535e-01,-4.523094892501831055e-01,-5.676540732383728027e-01,-4.894591569900512695e-01,-4.723252952098846436e-01
-6.147130131721496582e-01,-7.608799934387207031e-01,-8.928701877593994141e-01,-6.590155959129333496e-01,-4.719024300575256348e-01,-6.241074800491333008e-01,-6.513382792472839355e-01,-7.428183555603027344e-01,-1.071879193186759949e-01,-5.343677997589111328e-01,-5.724729895591735840e-01,-8.521186113357543945e-01,-7.371467947959899902e-01,-2.674130797386169434e-01,-8.678154945373535156e-01,-6.430798172950744629e-01,-7.558456063270568848e-01,-7.093133926391601562e-01,-6.019578576087951660e-01,-7.534205317497253418e-01
-5.713900327682495117e-01,-5.724279880523681641e-01,-5.801528692245483398e-01,-6.520940661430358887e-01,-7.326297760009765625e-01,-5.619027614593505859e-01,-8.061877489089965820e-01,-9.685807824134826660e-01,-4.705574810504913330e-01,-5.844407081604003906e-01,-6.387857198715209961e-01,-9.200371503829956055e-01,-3.719694018363952637e-01,-5.372992753982543945e-01,-1.139493465423583984e+00,-7.032552957534790039e-01,-8.410313129425048828e-01,-7.361698150634765625e-01,-6.917866468429565430e-01,-6.467047929763793945e-01
8.951688408851623535e-01,7.276086807250976562e-01,4.805533587932586670e-01,1.009389519691467285e+00,5.228214263916015625e-01,8.724861145019531250e-01,1.159891843795776367e+00,7.129254937171936035e-01,8.473762869834899902e-01,1.048894405364990234e+00,7.933252453804016113e-01,1.136625289916992188e+00,8.391866683959960938e-01,7.949288487434387207e-01,8.956277370452880859e-01,1.067431092262268066e+00,1.033388614654541016e+00,5.926602482795715332e-01,5.441882014274597168e-01,7.779563665390014648e-01
-1.350815057754516602e+00,-7.765250205993652344e-01,-6.159624457359313965e-01,-1.219487786293029785e+00,-1.024041056632995605e+00,-8.686671853065490723e-01,-7.159142494201660156e-01,-5.850558280944824219e-01,-4.786982238292694092e-01,-7.829287648200988770e-01,-9.394876956939697266e-01,-8.715698719024658203e-01,-8.305942416191101074e-01,-9.545883536338806152e-01,-9.115096926689147949e-01,-9.315835833549499512e-01,-8.588420748710632324e-01,-4.664430320262908936e-01,-8.689422011375427246e-01,-1.169946312904357910e+00
-6.818941235542297363e-01,-1.037117958068847656e+00,-8.459779620170593262e-01,-7.807896733283996582e-01,-7.237004637718200684e-01,-8.989577293395996094e-01,-7.741181850433349609e-01,-9.966065883636474609e-01,-6.418386697769165039e-01,-1.418192744255065918e+00,-9.842121601104736328e-01,-4.229048788547515869e-01,-8.274882435798645020e-01,-4.101801514625549316e-01,-1.219711303710937500e+00,-1.256429314613342285e+00,-1.062725424766540527e+00,-5.930603146553039551e-01,-3.640567362308502197e-01,-8.860369324684143066e-01
-4.465520679950714111e-01,-7.532190084457397461e-01,-8.661028742790222168e-01,-3.708392679691314697e-01,-7.068603634834289551e-01,-5.678281784057617188e-01,-5.534346699714660645e-01,-8.340669870376586914e-01,-6.414852738380432129e-01,-5.271072387695312500e-01,-4.928597807884216309e-01,-5.477932691574096680e-01,-3.506571352481842041e-01,-5.429989695549011230e-01,-6.139683127403259277e-01,-9.045477509498596191e-01,-5.254563093185424805e-01,-5.213454365730285645e-01,-9.090273976325988770e-01,-6.383420228958129883e-01
7.132780551910400391e-01,6.030885577201843262e-01,1.009263038635253906e+00,5.846005082130432129e-01,9.198535680770874023e-01,7.960250377655029297e-01,4.566816389560699463e-01,6.964769959449768066e-01,4.877308607101440430e-01,9.025672674179077148e-01,5.863168835639953613e-01,5.189076662063598633e-01,9.327206611633300781e-01,3.817513883113861084e-01,5.811397433280944824e-01,5.357972383499145508e-01,3.674065768718719482e-01,1.094085097312927246e+00,2.268467098474502563e-01,7.351368665695190430e-01
4.652146697044372559e-01,-1.547906547784805298e-01,9.753697365522384644e-02,1.470341905951499939e-02,1.232847124338150024e-01,-1.308071911334991455e-01,-4.677027463912963867e-02,7.629810273647308350e-02,-3.236618340015411377e-01,-1.066274195909500122e-01,-4.418369233608245850e-01,9.360823780298233032e-02,7.500946521759033203e-02,-1.482014805078506470e-01,4.932725336402654648e-03,-4.031744599342346191e-02,-3.949128091335296631e-01,-1.406313031911849976e-01,7.366586476564407349e-02,-1.023829281330108643e-01
9.450578689575195312e-01,9.148371219635009766e-01,4.315412342548370361e-01,9.829964041709899902e-01,8.233861327171325684e-01,8.541352748870849609e-01,5.121836662292480469e-01,6.720728874206542969e-01,9.298672676086425781e-01,1.007987618446350098e+00,8.920741677284240723e-01,8.510850667953491211e-01,8.349147439002990723e-01,8.476319909095764160e-01,7.062494754791259766e-01,8.106143474578857422e-01,6.418740153312683105e-01,1.134547829627990723e+00,1.149768352508544922e+00,5.588734149932861328e-01
-5.725038647651672363e-01,-4.556610882282257080e-01,-8.201535344123840332e-01,-6.617455482482910156e-01,-7.921968102455139160e-01,-6.324895024299621582e-01,-7.406982183456420898e-01,-8.674136996269226074e-01,-5.665770173072814941e-01,-9.105202555656433105e-01,-8.876918554306030273e-01,-9.448574185371398926e-01,-4.967393577098846436e-01,-7.652420401573181152e-01,-6.116099357604980469e-01,-8.920815587043762207e-01,-6.128171086311340332e-01,-7.877689003944396973e-01,-7.729858160018920898e-01,-7.082557082176208496e-01
5.458419919013977051e-01,7.802310585975646973e-01,5.930121541023254395e-01,8.915511965751647949e-01,9.437988400459289551e-01,8.117854595184326172e-01,5.375168919563293457e-01,6.214284300804138184e-01,7.702524662017822266e-01,6.432997584342956543e-01,5.796001553535461426e-01,4.736989736557006836e-01,7.399300336837768555e-01,6.174919605255126953e-01,5.967133641242980957e-01,1.109859466552734375e+00,6.991152167320251465e-01,9.338123202323913574e-01,5.038527846336364746e-01,6.627561450004577637e-01
7.312663197517395020e-01,4.086089730262756348e-01,6.183909177780151367e-01,5.337951779365539551e-01,3.981219232082366943e-01,1.116103291511535645e+00,9.982641339302062988e-01,7.908153533935546875e-01,6.415659189224243164e-01,3.264174461364746094e-01,7.351945638656616211e-01,8.489258885383605957e-01,6.900702118873596191e-01,5.659656524658203125e-01,8.829003572463989258e-01,6.075606346130371094e-01,7.106267809867858887e-01,9.315744638442993164e-01,7.232486605644226074e-01,8.388505578041076660e-01
7.316905856132507324e-01,6.193502545356750488e-01,9.317528009414672852e-01,3.872344493865966797e-01,6.609925031661987305e-01,8.347142934799194336e-01,5.202081799507141113e-01,5.508604645729064941e-01,2.579492032527923584e-01,8.704153299331665039e-01,2.378976047039031982e-01,6.377425193786621094e-01,8.292408585548400879e-01,3.082076013088226318e-01,6.006696224212646484e-01,9.155348539352416992e-01,8.534038066864013672e-01,1.086459755897521973e+00,5.275653600692749023e-01,5.033868551254272461e-01
5.607788562774658203e-01,9.200811386108398438e-01,5.762415528297424316e-01,3.406876325607299805e-01,8.198581933975219727e-01,8.934677839279174805e-01,8.165340423583984375e-01,8.830293416976928711e-01,9.709655642509460449e-01,7.613196969032287598e-01,7.980868220329284668e-01,1.072750687599182129e+00,5.115597844123840332e-01,1.022532343864440918e+00,9.695647954940795898e-01,4.738527238368988037e-01,1.044526815414428711e+00,5.855707526206970215e-01,2.521133422851562500e-01,9.617033004760742188e-01
8.904085159301757812e-01,7.642384171485900879e-01,3.902276158332824707e-01,7.091900706291198730e-01,4.911072254180908203e-01,8.892039656639099121e-01,1.064804434776306152e+00,5.623832941055297852e-01,6.978062391281127930e-01,1.022483825683593750e+00,4.272975921630859375e-01,7.859569191932678223e-01,6.629438996315002441e-01,6.623660922050476074e-01,1.171162247657775879e+00,9.718673229217529297e-01,4.411005377769470215e-01,8.579364418983459473e-01,8.301192522048950195e-01,7.950218915939331055e-01
5.668193101882934570e-01,7.987329363822937012e-01,5.971732735633850098e-01,3.706754446029663086e-01,4.929182529449462891e-01,9.462090134620666504e-01,1.073280096054077148e+00,9.163637161254882812e-01,4.296979308128356934e-01,7.140290737152099609e-01,8.021725416183471680e-01,4.905802607536315918e-01,4.804022908210754395e-01,9.286726713180541992e-01,7.058074474334716797e-01,2.270062118768692017e-01,7.209184765815734863e-01,9.794456362724304199e-01,2.479315251111984253e-01,4.991730749607086182e-01
3.790445625782012939e-01,7.112202048301696777e-01,9.363090991973876953e-01,1.060737729072570801e+00,7.706085443496704102e-01,7.832613587379455566e-01,5.694433450698852539e-01,8.684408664703369141e-01,8.646583557128906250e-01,1.200943589210510254e+00,1.068773865699768066e+00,1.076340794563293457e+00,7.926599979400634766e-01,1.002235889434814453e+00,6.189131736755371094e-01,6.108808517456054688e-01,8.863194584846496582e-01,7.919664382934570312e-01,5.184645056724548340e-01,7.218508124351501465e-01
8.475091457366943359e-01,8.555175065994262695e-01,4.542486071586608887e-01,6.139142513275146484e-01,8.233225941658020020e-01,4.217214286327362061e-01,2.182850688695907593e-01,3.664663434028625488e-01,4.033268690109252930e-01,2.728009521961212158e-01,7.316253185272216797e-01,3.949699997901916504e-01,2.975473701953887939e-01,8.246337175369262695e-01,4.909211397171020508e-01,3.677771687507629395e-01,5.028735995292663574e-01,6.983858346939086914e-01,5.407082438468933105e-01,8.969334363937377930e-01
9.348497390747070312e-01,7.240625619888305664e-01,1.160969972610473633e+00,7.349220514297485352e-01,7.216201424598693848e-01,1.000726938247680664e+00,8.441082835197448730e-01,1.155197501182556152e+00,8.232987523078918457e-01,9.082657694816589355e-01,8.261409997940063477e-01,9.880983233451843262e-01,7.056881785392761230e-01,1.105710268020629883e+00,7.396028041839599609e-01,9.978758096694946289e-01,1.064250349998474121e+00,1.083342909812927246e+00,8.689488172531127930e-01,7.360782027244567871e-01
-8.462874293327331543e-01,-5.598738789558410645e-01,-7.044848203659057617e-01,-7.382848262786865234e-01,-6.847919225692749023e-01,-9.550680518150329590e-01,-5.052472352981567383e-01,-8.032002449035644531e-01,-6.901812553405761719e-01,-8.320104479789733887e-01,-1.015982508659362793e+00,-6.955929398536682129e-01,-2.870609164237976074e-01,-1.201180219650268555e+00,-7.740968465805053711e-01,-8.103829622268676758e-01,-6.808626055717468262e-01,-4.946783185005187988e-01,-8.466833233833312988e-01,-6.839537620544433594e-01
-4.078475832939147949e-01,-3.010364770889282227e-01,-2.092227190732955933e-01,-5.636968612670898438e-01,1.270681768655776978e-01,-8.446235954761505127e-02,2.674604356288909912e-01,-4.468238055706024170e-01,-3.738331794738769531e-01,-4.070653617382049561e-01,-5.729558467864990234e-01,-4.262038469314575195e-01,-4.127266108989715576e-01,-3.422116339206695557e-01,-3.548676669597625732e-01,-2.461031526327133179e-01,-2.958079613745212555e-02,3.165988922119140625e-01,-4.738364219665527344e-01,-6.032240390777587891e-02
9.335936307907104492e-01,8.131934404373168945e-01,3.649009168148040771e-01,2.310546487569808960e-01,7.697818279266357422e-01,9.065535068511962891e-01,9.724093079566955566e-01,8.714748620986938477e-01,5.968253612518310547e-01,8.095161914825439453e-01,8.114116787910461426e-01,9.380125403404235840e-01,6.606795191764831543e-01,9.633936882019042969e-01,5.090802907943725586e-01,7.910875082015991211e-01,5.457419753074645996e-01,1.116993427276611328e+00,9.428390860557556152e-01,8.240371942520141602e-01
-5.938023328781127930e-01,-6.900020241737365723e-01,-4.192131757736206055e-01,-3.636517226696014404e-01,-7.780675292015075684e-01,-1.026885628700256348e+00,-1.200521811842918396e-01,-8.591101169586181641e-01,-1.014074683189392090e+00,-6.849792599678039551e-01,-7.279415130615234375e-01,-3.971890509128570557e-01,-5.371246933937072754e-01,-9.378736019134521484e-01,-5.912454724311828613e-01,-4.681530594825744629e-01,-8.395146131515502930e-01,-6.965870857238769531e-01,-4.494254887104034424e-01,-3.329955935478210449e-01
1.100859284400939941e+00,7.155656218528747559e-01,7.890506982803344727e-01,9.397935867309570312e-01,1.018584251403808594e+00,9.704754948616027832e-01,9.412705898284912109e-01,1.129501342773437500e+00,9.455279111862182617e-01,6.759896278381347656e-01,1.100238084793090820e+00,1.100342392921447754e+00,7.212673425674438477e-01,1.127663731575012207e+00,1.309004306793212891e+00,8.896844387054443359e-01,1.119237780570983887e+00,8.564500212669372559e-01,7.870917916297912598e-01,1.040566086769104004e+00
-5.241956934332847595e-02,6.838021278381347656e-01,1.355092883110046387e+00,2.736278474330902100e-01,6.516059041023254395e-01,6.324515938758850098e-01,9.649741053581237793e-01,7.518786191940307617e-01,5.906012654304504395e-01,7.439362406730651855e-01,5.900481939315795898e-01,1.047920703887939453e+00,4.470911324024200439e-01,6.662679314613342285e-01,9.339770674705505371e-01,7.441611289978027344e-01,6.197992563247680664e-01,7.531343102455139160e-01,4.856195449829101562e-01,4.338745176792144775e-01
3.779666125774383545e-01,4.128303825855255127e-01,1.475660353899002075e-01,3.021695315837860107e-01,5.096312165260314941e-01,7.403285503387451172e-01,7.977825403213500977e-01,3.146428763866424561e-01,1.858612895011901855e-01,3.689666688442230225e-01,2.455577254295349121e-02,5.945025682449340820e-01,4.258490502834320068e-01,5.992748141288757324e-01,4.797523915767669678e-01,3.869732618331909180e-01,5.758074522018432617e-01,4.178588986396789551e-01,3.213286101818084717e-01,2.493582963943481445e-01
-5.147096142172813416e-02,-6.341942399740219116e-02,-2.952446341514587402e-01,-4.863357543945312500e-02,-1.543059647083282471e-01,1.573364064097404480e-02,2.207181453704833984e-01,-2.178781479597091675e-01,-3.617902696132659912e-01,-3.243782520294189453e-01,3.214723467826843262e-01,3.730731830000877380e-02,1.585910171270370483e-01,8.474822342395782471e-02,-2.382370531558990479e-01,-1.239317730069160461e-01,2.465013265609741211e-01,-1.495266705751419067e-01,-5.209895372390747070e-01,4.041721522808074951e-01
9.954205751419067383e-01,1.101786613464355469e+00,5.620012879371643066e-01,7.240208983421325684e-01,4.940548837184906006e-01,9.512202143669128418e-01,1.044972777366638184e+00,7.477171421051025391e-01,5.715477466583251953e-01,6.989365816116333008e-01,8.161154985427856445e-01,7.420401573181152344e-01,5.744343996047973633e-01,8.578928112983703613e-01,9.472138285636901855e-01,4.703490138053894043e-01,9.612372517585754395e-01,7.229807972908020020e-01,3.462695777416229248e-01,7.763447165489196777e-01
8.726805448532104492e-01,9.747318029403686523e-01,9.185756444931030273e-01,1.006677865982055664e+00,1.147767424583435059e+00,8.831106424331665039e-01,1.111418604850769043e+00,8.927277326583862305e-01,1.088304281234741211e+00,8.217470049858093262e-01,8.364272117614746094e-01,1.169510364532470703e+00,4.188745617866516113e-01,8.893012404441833496e-01,8.180968761444091797e-01,9.045415520668029785e-01,5.976125001907348633e-01,8.124843835830688477e-01,6.845465302467346191e-01,5.967238545417785645e-01
7.764081954956054688e-01,1.095906496047973633e+00,5.137256383895874023e-01,8.008956313133239746e-01,9.215897917747497559e-01,9.138712882995605469e-01,1.008529186248779297e+00,1.114435791969299316e+00,5.875923633575439453e-01,9.933188557624816895e-01,9.383566379547119141e-01,3.518396317958831787e-01,4.673481583595275879e-01,8.980456590652465820e-01,7.630881667137145996e-01,9.890344738960266113e-01,1.207836151123046875e+00,9.283577799797058105e-01,5.232208967208862305e-01,1.005207419395446777e+00
-2.658498100936412811e-02,4.058103859424591064e-01,5.832275748252868652e-01,5.001048445701599121e-01,4.263756275177001953e-01,2.587541043758392334e-01,3.191202282905578613e-01,5.358541607856750488e-01,4.619874656200408936e-01,1.668086647987365723e-01,5.306175351142883301e-01,4.445607662200927734e-01,3.278113305568695068e-01,4.514613449573516846e-01,-2.027394622564315796e-01,4.431473910808563232e-01,3.953697681427001953e-01,5.550423860549926758e-01,5.458006858825683594e-01,2.099098116159439087e-01
6.749044656753540039e-01,9.428181052207946777e-01,8.386860489845275879e-01,8.073875904083251953e-01,6.549578905105590820e-01,8.574582338333129883e-01,6.486887931823730469e-01,1.169344544410705566e+00,9.170916676521301270e-01,7.243279814720153809e-01,7.826110720634460449e-01,4.642110168933868408e-01,8.679608702659606934e-01,9.064825773239135742e-01,9.718198180198669434e-01,6.294385194778442383e-01,1.269514918327331543e+00,1.022286772727966309e+00,3.530589938163757324e-01,4.773015677928924561e-01
8.334643840789794922e-01,6.197393536567687988e-01,8.642804622650146484e-01,9.429485797882080078e-01,5.041086077690124512e-01,8.956007361412048340e-01,8.793090581893920898e-01,8.832064270973205566e-01,4.273129701614379883e-01,7.886089086532592773e-01,1.009869217872619629e+00,7.785640358924865723e-01,1.233361840248107910e+00,9.218218922615051270e-01,1.041822671890258789e+00,6.265449523925781250e-01,1.123095631599426270e+00,1.215641021728515625e+00,7.873779535293579102e-01,8.769589066505432129e-01
6.580149382352828979e-02,1.937340795993804932e-01,1.467086821794509888e-01,1.889919191598892212e-01,-1.228628233075141907e-01,2.474675886332988739e-02,1.564671695232391357e-01,2.445586621761322021e-01,-3.756082803010940552e-02,-5.922513827681541443e-02,-5.414103344082832336e-02,-7.863067835569381714e-02,6.420277804136276245e-02,1.412880271673202515e-01,-6.233986094594001770e-02,-2.229743003845214844e-01,2.561033070087432861e-01,2.620657980442047119e-01,1.203460916876792908e-01,-1.002773046493530273e-01
-5.623613595962524414e-01,-3.659843206405639648e-01,-8.144968748092651367e-01,-8.055849075317382812e-01,-5.964034795761108398e-01,-7.449160218238830566e-01,-7.452533245086669922e-01,-8.296402692794799805e-01,-3.443374633789062500e-01,-5.543735027313232422e-01,-5.867925286293029785e-01,-8.675889968872070312e-01,-3.249164223670959473e-01,-4.881434738636016846e-01,-6.313436627388000488e-01,-8.226551413536071777e-01,-8.094722032546997070e-01,-8.162401914596557617e-01,-4.763081967830657959e-01,-2.943801283836364746e-01
8.878693580627441406e-01,1.043519377708435059e+00,3.430193662643432617e-01,5.951784253120422363e-01,1.995863020420074463e-01,7.869452834129333496e-01,3.761481642723083496e-01,5.007184147834777832e-01,9.387459754943847656e-01,4.850265681743621826e-01,1.048885703086853027e+00,1.003454327583312988e+00,1.035921812057495117e+00,1.019587993621826172e+00,6.675824522972106934e-01,7.634714841842651367e-01,8.084734082221984863e-01,1.197160243988037109e+00,8.570360541343688965e-01,5.766496658325195312e-01
5.323042869567871094e-01,1.025398015975952148e+00,8.128645420074462891e-01,1.115885615348815918e+00,7.621058225631713867e-01,8.894428610801696777e-01,7.603748440742492676e-01,6.245071887969970703e-01,3.935754001140594482e-01,7.585730552673339844e-01,6.362540125846862793e-01,6.527853012084960938e-01,1.118256926536560059e+00,6.982772946357727051e-01,1.215382695198059082e+00,1.088169574737548828e+00,8.025221228599548340e-01,9.070997834205627441e-01,7.589376568794250488e-01,6.921878457069396973e-01
-2.746556401252746582e-01,-3.427078425884246826e-01,-1.163679733872413635e-01,-3.384871780872344971e-01,-2.036582082509994507e-01,-4.667724668979644775e-01,-1.839568018913269043e-01,1.821622848510742188e-01,-1.351108103990554810e-01,-1.751074045896530151e-01,-1.940827071666717529e-02,-4.214471280574798584e-01,-2.469205707311630249e-01,-5.586183667182922363e-01,-6.213905811309814453e-01,-3.038989603519439697e-01,-3.995562493801116943e-01,-3.917904794216156006e-01,-3.315729200839996338e-01,-2.395989894866943359e-01
-3.657922744750976562e-01,2.645389437675476074e-01,1.038244292140007019e-01,8.960215002298355103e-02,-1.719826757907867432e-01,1.185520812869071960e-01,-5.741665884852409363e-02,-3.548411130905151367e-01,-2.384898513555526733e-01,-2.240144088864326477e-02,1.851030737161636353e-01,-5.114530026912689209e-02,4.343397915363311768e-02,2.644368819892406464e-02,-5.323119461536407471e-02,-2.637096680700778961e-02,4.937050640583038330e-01,6.030657887458801270e-02,1.723273890092968941e-03,-3.328096866607666016e-02
-4.489110410213470459e-01,-7.041281461715698242e-01,-9.436699151992797852e-01,-7.638145089149475098e-01,-8.958349227905273438e-01,-1.274716734886169434e+00,-9.132101535797119141e-01,-1.000684142112731934e+00,-5.416250824928283691e-01,-6.399983763694763184e-01,-6.712498068809509277e-01,-4.335890710353851318e-01,-7.072075009346008301e-01,-1.190657615661621094e+00,-5.009761452674865723e-01,-8.181956410408020020e-01,-8.417476415634155273e-01,-7.112656235694885254e-01,-4.584660232067108154e-01,-7.066707015037536621e-01
-7.533590197563171387e-01,-8.312017321586608887e-01,-8.174022436141967773e-01,-9.658653140068054199e-01,-9.975767135620117188e-01,-1.221459150314331055e+00,-9.502186775207519531e-01,-1.048781037330627441e+00,-5.629323720932006836e-01,-8.718422651290893555e-01,-7.135535478591918945e-01,-1.093824863433837891e+00,-9.788732528686523438e-01,-8.066024780273437500e-01,-8.107708692550659180e-01,-6.031168699264526367e-01,-1.038790822029113770e+00,-8.541859984397888184e-01,-8.058868646621704102e-01,-9.240412116050720215e-01
8.181203007698059082e-01,1.019526720046997070e+00,1.307587146759033203e+00,6.145603060722351074e-01,8.224471807479858398e-01,7.323923707008361816e-01,8.663125634193420410e-01,8.516954183578491211e-01,8.923271894454956055e-01,1.063816428184509277e+00,7.971892356872558594e-01,1.149839758872985840e+00,8.712004423141479492e-01,1.109850168228149414e+00,1.220810294151306152e+00,1.104993104934692383e+00,6.022474765777587891e-01,1.010209560394287109e+00,1.057165265083312988e+00,7.028223872184753418e-01
7.177488207817077637e-01,1.057441949844360352e+00,8.099632859230041504e-01,7.369830012321472168e-01,9.453889131546020508e-01,9.702675938606262207e-01,6.579474806785583496e-01,8.666090369224548340e-01,7.340140342712402344e-01,1.059954643249511719e+00,9.075040221214294434e-01,5.433025956153869629e-01,4.268688857555389404e-01,1.330842971801757812e+00,7.875873446464538574e-01,3.600000739097595215e-01,9.076649546623229980e-01,9.987417459487915039e-01,1.000980973243713379e+00,9.249257445335388184e-01
7.940000295639038086e-01,2.762295901775360107e-01,5.060653686523437500e-01,5.314053893089294434e-01,4.636284112930297852e-01,8.170561194419860840e-01,2.772997021675109863e-01,2.176822870969772339e-01,5.870375037193298340e-01,4.857062995433807373e-01,5.229647755622863770e-01,9.635800123214721680e-01,4.204449951648712158e-01,6.092901229858398438e-01,5.710797309875488281e-01,7.059670686721801758e-01,5.328324437141418457e-01,4.536992907524108887e-01,6.192920804023742676e-01,5.619217753410339355e-01
1.030196785926818848e+00,9.284701943397521973e-01,2.583359479904174805e-01,6.577763557434082031e-01,6.156935691833496094e-01,1.012568473815917969e+00,1.087661623954772949e+00,1.146283388137817383e+00,9.237846136093139648e-01,8.227927088737487793e-01,6.637151241302490234e-01,4.823362529277801514e-01,1.196592211723327637e+00,1.264913201332092285e+00,8.213565349578857422e-01,1.237569093704223633e+00,7.868833541870117188e-01,1.132478594779968262e+00,8.564619421958923340e-01,8.742716312408447266e-01
9.246833324432373047e-01,9.170342683792114258e-01,6.185791492462158203e-01,6.473978161811828613e-01,5.504390597343444824e-01,8.096318244934082031e-01,7.580361962318420410e-01,1.480705440044403076e-01,2.200786471366882324e-01,6.202075481414794922e-01,6.236937046051025391e-01,6.848834156990051270e-01,3.163497149944305420e-01,8.523536920547485352e-01,7.809252142906188965e-01,5.049054026603698730e-01,9.089875221252441406e-02,6.515886187553405762e-01,6.356912255287170410e-01,4.905610680580139160e-01
3.092341721057891846e-01,3.167276978492736816e-01,2.294020652770996094e-01,8.004141449928283691e-01,6.010469794273376465e-01,-3.409401280805468559e-03,-2.245047092437744141e-01,3.052183985710144043e-01,4.413156807422637939e-01,1.629664301872253418e-01,1.173465847969055176e-01,3.632838726043701172e-01,3.961161971092224121e-01,3.175161182880401611e-01,8.708192408084869385e-02,4.996376037597656250e-01,6.377897858619689941e-01,2.956552803516387939e-01,2.222728431224822998e-01,2.185022681951522827e-01
3.181102871894836426e-01,1.417939364910125732e-01,-1.556919068098068237e-01,2.567100571468472481e-03,6.683955341577529907e-02,1.932909786701202393e-01,1.306670065969228745e-02,-1.988813132047653198e-01,3.364382982254028320e-01,-2.153149992227554321e-02,2.124257087707519531e-01,7.548061013221740723e-02,1.933294981718063354e-01,4.180842638015747070e-02,6.157464813441038132e-03,-5.955240875482559204e-02,1.296424418687820435e-01,3.447149321436882019e-02,-5.447538495063781738e-01,3.525980710983276367e-01
-8.042265176773071289e-01,-6.940411329269409180e-01,-1.113975048065185547e+00,-6.551349163055419922e-01,-6.529803872108459473e-01,-1.134152770042419434e+00,-5.376724004745483398e-01,-9.281249642372131348e-01,-1.116369009017944336e+00,-7.056331038475036621e-01,-5.589058995246887207e-01,-9.543966054916381836e-01,-4.738769829273223877e-01,-6.859376430511474609e-01,-1.051988124847412109e+00,-4.384688735008239746e-01,-9.230521917343139648e-01,-5.831129550933837891e-01,-7.337926030158996582e-01,-8.069300651550292969e-01
-1.106591343879699707e+00,-4.941049218177795410e-01,-8.538981676101684570e-01,-6.280163526535034180e-01,-9.861140847206115723e-01,-6.368933320045471191e-01,-1.312483549118041992e+00,-9.320049285888671875e-01,-5.693032145500183105e-01,-1.016175508499145508e+00,-8.215805888175964355e-01,-8.884465694427490234e-01,-1.048489212989807129e+00,-7.957304120063781738e-01,-1.128992959856987000e-01,-8.921620845794677734e-01,-8.082026839256286621e-01,-9.138415455818176270e-01,-8.588159680366516113e-01,-8.358106613159179688e-01
7.110815048217773438e-01,6.179771423339843750e-01,6.047292351722717285e-01,7.085468173027038574e-01,7.085268497467041016e-01,7.692984938621520996e-01,7.950157523155212402e-01,7.473902702331542969e-01,5.588659644126892090e-01,5.833659172058105469e-01,1.098346471786499023e+00,9.545913934707641602e-01,8.698903918266296387e-01,6.137932538986206055e-01,1.111274600028991699e+00,1.010530471801757812e+00,1.000093936920166016e+00,1.207777738571166992e+00,7.427769303321838379e-01,1.130856513977050781e+00
-1.339042633771896362e-01,-4.993410706520080566e-01,-2.813202701508998871e-02,-2.985283434391021729e-01,-4.833457767963409424e-01,-3.838200271129608154e-01,-1.135244220495223999e-01,-4.070844352245330811e-01,-2.103444188833236694e-01,-7.367258667945861816e-01,-3.611991107463836670e-01,-3.267674148082733154e-01,-4.690969288349151611e-01,7.555677741765975952e-02,-6.721919775009155273e-02,-6.260826587677001953e-01,-2.726008296012878418e-01,2.146400809288024902e-01,-5.407235026359558105e-01,-4.457524418830871582e-01
-1.155316643416881561e-02,4.885297119617462158e-01,3.067720532417297363e-01,2.482638210058212280e-01,5.640472173690795898e-01,4.168411195278167725e-01,6.584417819976806641e-01,2.718406319618225098e-01,2.488615065813064575e-01,9.168069958686828613e-01,5.711929202079772949e-01,8.186252117156982422e-01,4.166750907897949219e-01,5.165592432022094727e-01,6.982465386390686035e-01,6.863263845443725586e-01,3.273606300354003906e-01,3.067871630191802979e-01,4.688955545425415039e-01,4.742299914360046387e-01
-1.867655217647552490e-01,-3.604370355606079102e-01,-2.935602962970733643e-01,1.354221552610397339e-01,-5.126955732703208923e-02,-3.622712790966033936e-01,6.673099845647811890e-02,-2.482230663299560547e-01,-1.687649786472320557e-01,-1.587871164083480835e-01,-2.350566983222961426e-01,-3.776994943618774414e-01,-3.566642999649047852e-01,-4.227722585201263428e-01,-1.113065108656883240e-01,1.451284140348434448e-01,-3.499269485473632812e-02,-2.110994011163711548e-01,-2.956575155258178711e-02,3.902840614318847656e-01
3.560430407524108887e-01,6.968804597854614258e-01,2.623406350612640381e-01,6.838545203208923340e-01,6.900291442871093750e-01,5.992295742034912109e-01,7.548760771751403809e-01,9.781886339187622070e-01,5.709339976310729980e-01,5.205092430114746094e-01,6.082609295845031738e-01,7.083899974822998047e-01,8.223606348037719727e-01,1.039689898490905762e+00,6.115304231643676758e-01,3.145093917846679688e-01,6.197656393051147461e-01,7.995612025260925293e-01,6.528585553169250488e-01,6.481821537017822266e-01
-1.219514846801757812e+00,-1.144414663314819336e+00,-1.056851029396057129e+00,-1.197850465774536133e+00,-6.467577815055847168e-01,-8.825979828834533691e-01,-7.053648233413696289e-01,-1.006440997123718262e+00,-7.823522686958312988e-01,-1.197367429733276367e+00,-1.025014638900756836e+00,-3.916118741035461426e-01,-5.213785171508789062e-01,-8.695487976074218750e-01,-1.092854619026184082e+00,-8.537913560867309570e-01,-9.420836567878723145e-01,-7.012869715690612793e-01,-9.145990014076232910e-01,-9.099161624908447266e-01
-4.540068209171295166e-01,-3.883403837680816650e-01,-3.257055878639221191e-01,-2.406528294086456299e-01,-3.986401855945587158e-01,-6.074805259704589844e-01,1.785511374473571777e-01,-8.006711304187774658e-02,-2.285319417715072632e-01,-3.090284168720245361e-01,4.363112896680831909e-02,-3.781165480613708496e-01,-3.516781330108642578e-01,-3.542298674583435059e-01,-2.398409098386764526e-01,1.584607362747192383e-01,-1.959935426712036133e-01,1.228593066334724426e-01,-3.433140814304351807e-01,-3.280144631862640381e-01
-1.521201878786087036e-01,-3.586844801902770996e-01,-4.884327054023742676e-01,-3.184024244546890259e-02,-5.738663077354431152e-01,-5.095559358596801758e-01,-1.022430285811424255e-01,-2.385112643241882324e-01,-7.591859996318817139e-02,-1.979898363351821899e-01,-9.491077065467834473e-02,-4.254990220069885254e-01,-4.429629445075988770e-01,-3.733534365892410278e-02,-4.201024174690246582e-01,-1.496119350194931030e-01,-3.531924486160278320e-01,-6.405344009399414062e-01,-3.728654980659484863e-01,-5.584267973899841309e-01
-5.212335586547851562e-01,-5.961145162582397461e-01,-5.878412127494812012e-01,-6.767454147338867188e-01,-5.628084540367126465e-01,-4.675422608852386475e-01,-7.197401523590087891e-01,-6.957362294197082520e-01,-4.809314012527465820e-02,-6.449639797210693359e-01,-4.465276896953582764e-01,-5.531218051910400391e-01,-8.324406743049621582e-01,-4.352802634239196777e-01,-5.865166783332824707e-01,-1.252445101737976074e+00,-6.745646595954895020e-01,-5.783864855766296387e-01,-4.952315688133239746e-01,-8.361945152282714844e-01
4.539834558963775635e-01,6.319888234138488770e-01,3.234278261661529541e-01,2.493277788162231445e-01,4.308864474296569824e-01,2.473921924829483032e-01,2.815340161323547363e-01,-1.554312258958816528e-01,3.723466023802757263e-02,1.289928853511810303e-01,1.897461712360382080e-01,2.489729523658752441e-01,-6.348042190074920654e-02,6.722621917724609375e-01,1.199038326740264893e-01,4.336259961128234863e-01,4.009845554828643799e-01,1.064548730850219727e+00,1.024564623832702637e+00,3.468124270439147949e-01
-1.652704477310180664e-01,-3.553188741207122803e-01,-5.878243446350097656e-01,-4.690397083759307861e-01,-5.456035733222961426e-01,-2.504633069038391113e-01,-5.310708284378051758e-01,-4.174575209617614746e-01,-8.245479464530944824e-01,-8.330873847007751465e-01,-8.439071774482727051e-01,-8.669511675834655762e-01,-4.512742757797241211e-01,-5.023034214973449707e-01,-3.182731270790100098e-01,-4.343997836112976074e-01,-1.324634850025177002e-01,-9.314842820167541504e-01,-5.395247936248779297e-01,-8.113276958465576172e-01
3.577748835086822510e-01,4.217057824134826660e-01,6.004447937011718750e-01,3.219012022018432617e-01,-1.089226827025413513e-01,2.586925625801086426e-01,1.927433907985687256e-02,2.571956217288970947e-01,4.384762346744537354e-01,-1.891852617263793945e-01,3.565559387207031250e-01,2.668791413307189941e-01,5.735068768262863159e-02,2.822821140289306641e-01,1.271220594644546509e-01,9.012799710035324097e-02,1.596347987651824951e-01,-2.670056819915771484e-01,-3.343195095658302307e-02,2.111262679100036621e-01
-4.561028182506561279e-01,-2.663731575012207031e-01,-8.010655045509338379e-01,-5.170248746871948242e-01,-5.124098658561706543e-01,-5.592259764671325684e-01,-3.869285881519317627e-01,-1.000282526016235352e+00,-5.166317820549011230e-01,-8.219103813171386719e-01,3.550324589014053345e-02,-9.158676862716674805e-01,-7.935863137245178223e-01,-7.610248923301696777e-01,-4.809874296188354492e-01,-3.981226384639739990e-01,-6.814278364181518555e-01,-5.056824088096618652e-01,-5.811015963554382324e-01,-2.176227867603302002e-01
6.190770864486694336e-01,5.437434315681457520e-01,9.072602987289428711e-01,6.573993563652038574e-01,5.583005547523498535e-01,1.032502293586730957e+00,5.337873101234436035e-01,8.229848146438598633e-01,7.213571667671203613e-01,4.510234594345092773e-01,6.954376101493835449e-01,6.741268038749694824e-01,6.312652826309204102e-01,4.484296739101409912e-01,4.990093708038330078e-01,1.020611166954040527e+00,9.312143921852111816e-01,9.729347825050354004e-01,6.377186775207519531e-01,5.799576640129089355e-01
7.730986475944519043e-01,8.576831817626953125e-01,9.059457778930664062e-01,1.236140966415405273e+00,6.890680193901062012e-01,1.112539768218994141e+00,1.089340806007385254e+00,9.263585805892944336e-01,1.117398619651794434e+00,9.181264638900756836e-01,1.140512108802795410e+00,1.149115681648254395e+00,8.417302966117858887e-01,1.198224067687988281e+00,7.775918245315551758e-01,1.052935719490051270e+00,6.673948168754577637e-01,9.408306479454040527e-01,8.690231442451477051e-01,7.769883871078491211e-01
-2.947466075420379639e-01,-5.724419355392456055e-01,-1.122053146362304688e+00,-8.919634222984313965e-01,-4.517911374568939209e-01,-6.281598806381225586e-01,-4.358718097209930420e-01,-7.757097482681274414e-01,-5.639271736145019531e-01,-5.494774580001831055e-01,-4.386281967163085938e-01,-6.933300495147705078e-01,-8.409310579299926758e-01,-7.053244113922119141e-01,-4.030769765377044678e-01,-8.414439558982849121e-01,-9.624190926551818848e-01,-9.052454829216003418e-01,-6.907104253768920898e-01,-6.338925957679748535e-01
1.044615581631660461e-01,2.221786379814147949e-01,-3.480116128921508789e-01,-2.389996051788330078e-01,-2.146698385477066040e-01,-5.364408344030380249e-02,-9.964998811483383179e-02,-4.429775774478912354e-01,2.826886773109436035e-01,-5.407174304127693176e-02,-3.576526790857315063e-02,-1.479395776987075806e-01,6.396937370300292969e-02,-1.200525686144828796e-01,-2.013504505157470703e-01,4.135840833187103271e-01,1.654497087001800537e-01,2.029936462640762329e-01,-1.712518632411956787e-01,-4.996769130229949951e-03
1.125583350658416748e-01,1.082130968570709229e-01,1.428539007902145386e-01,-1.766786724328994751e-01,2.403350174427032471e-01,-1.788614504039287567e-02,-6.215986236929893494e-02,1.008075773715972900e-01,2.164203226566314697e-01,-5.674531683325767517e-02,6.787978857755661011e-02,1.303838938474655151e-01,-4.268535971641540527e-02,-1.632102727890014648e-01,1.398674696683883667e-01,-3.064058907330036163e-02,1.598730683326721191e-01,2.916778922080993652e-01,-2.407553344964981079e-01,9.755879640579223633e-02
9.675538539886474609e-01,1.009554743766784668e+00,6.855750083923339844e-01,8.091030120849609375e-01,7.616738677024841309e-01,8.657832741737365723e-01,9.171793460845947266e-01,9.265356659889221191e-01,6.852060556411743164e-01,6.656339764595031738e-01,9.048993587493896484e-01,7.706228494644165039e-01,7.552903294563293457e-01,9.032571911811828613e-01,6.891286969184875488e-01,8.560822010040283203e-01,8.490071296691894531e-01,8.814749717712402344e-01,8.408382534980773926e-01,1.055406808853149414e+00
-9.073747396469116211e-01,-9.739516973495483398e-01,-9.298364520072937012e-01,-1.027631402015686035e+00,-1.070393443107604980e+00,-1.015293002128601074e+00,-9.665797352790832520e-01,-1.304932832717895508e+00,-7.464233040809631348e-01,-1.115860223770141602e+00,-9.098423123359680176e-01,-8.995512723922729492e-01,-1.127161860466003418e+00,-7.776559591293334961e-01,-9.881173372268676758e-01,-1.048054099082946777e+00,-1.091652512550354004e+00,-1.185522794723510742e+00,-1.101920485496520996e+00,-1.006062388420104980e+00
4.033151268959045410e-01,3.796640932559967041e-01,-2.017769496887922287e-03,4.813895821571350098e-01,4.480612874031066895e-01,4.126801788806915283e-01,4.316143989562988281e-01,6.414023637771606445e-01,5.244242548942565918e-01,3.342330455780029297e-01,3.223069608211517334e-01,3.945336043834686279e-01,3.269192874431610107e-01,3.529317975044250488e-01,4.013368189334869385e-01,8.994148373603820801e-01,5.745996832847595215e-01,1.606348603963851929e-01,1.343256235122680664e-01,9.904828667640686035e-02
9.565648436546325684e-01,1.039961695671081543e+00,8.311507701873779297e-01,1.372437715530395508e+00,6.160361766815185547e-01,6.138007044792175293e-01,7.222084999084472656e-01,6.348276734352111816e-01,6.072902679443359375e-01,7.909021377563476562e-01,7.155829668045043945e-01,8.044899702072143555e-01,5.320216417312622070e-01,9.083246588706970215e-01,4.927623271942138672e-01,7.794600129127502441e-01,9.663835167884826660e-01,8.451156020164489746e-01,7.805223464965820312e-01,6.875926852226257324e-01
-5.221915841102600098e-01,-3.505365848541259766e-01,-6.567997932434082031e-01,-7.013854980468750000e-01,-7.123399376869201660e-01,-4.655675888061523438e-01,-3.040348589420318604e-01,-5.315021276473999023e-01,-9.273333847522735596e-02,-3.953879773616790771e-01,-4.906283020973205566e-01,-4.140883088111877441e-01,-5.400601029396057129e-01,-7.324625849723815918e-01,-7.189365625381469727e-01,-6.309955120086669922e-01,-2.973920106887817383e-01,-9.194575548171997070e-01,-5.783829092979431152e-01,-5.506175756454467773e-01
9.425801038742065430e-01,4.562080204486846924e-01,6.508970856666564941e-01,8.363733887672424316e-01,1.013223171234130859e+00,1.106409788131713867e+00,6.905766725540161133e-01,8.642818927764892578e-01,7.167428135871887207e-01,9.970016479492187500e-01,6.352492570877075195e-01,8.827410936355590820e-01,7.020947933197021484e-01,5.817693471908569336e-01,8.913798332214355469e-01,8.099377155303955078e-01,9.846946001052856445e-01,1.006051182746887207e+00,4.640491008758544922e-01,8.686736822128295898e-01
2.725135385990142822e-01,5.865956842899322510e-02,-7.108883559703826904e-02,4.023151695728302002e-01,-7.215098477900028229e-03,-9.815181046724319458e-02,2.989239394664764404e-01,3.554652631282806396e-01,6.066708564758300781e-01,3.385252654552459717e-01,3.617091802880167961e-03,3.214404881000518799e-01,1.527223438024520874e-01,1.285863965749740601e-01,5.225763320922851562e-01,2.904681675136089325e-02,4.521559774875640869e-01,4.362944066524505615e-01,8.602561801671981812e-02,4.880377054214477539e-01
1.105629280209541321e-01,4.436599090695381165e-02,2.505170926451683044e-02,-2.049641869962215424e-02,1.712511479854583740e-01,-6.709934026002883911e-02,6.408816576004028320e-02,-8.114717155694961548e-02,-4.342615604400634766e-01,-1.011798828840255737e-01,1.648683249950408936e-01,5.571907013654708862e-02,2.683140337467193604e-01,5.140315890312194824e-01,-1.607870459556579590e-01,4.521862417459487915e-02,1.425319015979766846e-01,4.631093740463256836e-01,2.722550332546234131e-01,2.098280638456344604e-01
9.597660899162292480e-01,1.054840803146362305e+00,9.876698255538940430e-01,6.274527907371520996e-01,1.043106555938720703e+00,5.431739091873168945e-01,8.642400503158569336e-01,9.773495793342590332e-01,7.987776398658752441e-01,7.885241508483886719e-01,6.800686717033386230e-01,1.197293043136596680e+00,4.481085538864135742e-01,1.095551371574401855e+00,1.089179635047912598e+00,7.204675078392028809e-01,1.175805211067199707e+00,1.181680321693420410e+00,7.880922555923461914e-01,1.066185593605041504e+00
-1.018113732337951660e+00,-8.852099776268005371e-01,-8.420938253402709961e-01,-8.120016455650329590e-01,-9.214553236961364746e-01,-8.265144228935241699e-01,-9.337067604064941406e-01,-7.849405407905578613e-01,-6.932386755943298340e-01,-9.338020086288452148e-01,-7.905664443969726562e-01,-6.040327548980712891e-01,-5.105268359184265137e-01,-7.798019647598266602e-01,-6.408845186233520508e-01,-8.677451610565185547e-01,-9.428586959838867188e-01,-1.050670862197875977e+00,-6.763712167739868164e-01,-1.254727125167846680e+00
-7.692328691482543945e-01,-9.603923559188842773e-01,-1.001311659812927246e+00,-1.023545265197753906e+00,-7.629491090774536133e-01,-6.900754570960998535e-01,-8.380220532417297363e-01,-8.673995137214660645e-01,-8.620660901069641113e-01,-8.758646845817565918e-01,-4.900981485843658447e-01,-9.619525671005249023e-01,-7.212697267532348633e-01,-7.080767750740051270e-01,-7.344608306884765625e-01,-7.825825810432434082e-01,-6.021234989166259766e-01,-9.022946953773498535e-01,-5.997555255889892578e-01,-4.854719936847686768e-01
3.773500621318817139e-01,9.315909445285797119e-02,-6.005661562085151672e-02,1.993742436170578003e-01,-2.620691061019897461e-01,-9.058783762156963348e-03,-2.194329947233200073e-01,-5.082070082426071167e-02,7.952927798032760620e-02,-5.861362442374229431e-03,-2.360887527465820312e-01,-2.710187137126922607e-01,-6.283457577228546143e-02,-5.969521775841712952e-02,-2.155727520585060120e-02,-2.070692032575607300e-01,1.664981395006179810e-01,-3.492906093597412109e-01,-3.783336877822875977e-01,-1.018069386482238770e-01
-1.219010949134826660e-01,5.948124080896377563e-02,-4.022597074508666992e-01,-1.055985968559980392e-02,1.459894627332687378e-01,-1.474952846765518188e-01,-2.197903841733932495e-01,-4.647341072559356689e-01,3.381318226456642151e-02,-1.573391854763031006e-01,-3.296386003494262695e-01,-2.384445220232009888e-01,-3.703024685382843018e-01,-1.568522602319717407e-01,-2.655193805694580078e-01,-1.533323973417282104e-01,-3.229811787605285645e-01,-2.643633186817169189e-01,1.222067847847938538e-01,-3.389377295970916748e-01
-1.877836436033248901e-01,-1.211334317922592163e-01,-4.139945805072784424e-01,-1.921557337045669556e-01,7.162552326917648315e-02,-1.098031923174858093e-01,-3.824645876884460449e-01,-4.818719327449798584e-01,-4.647097885608673096e-01,1.330630481243133545e-01,-3.919858336448669434e-01,-2.299139797687530518e-01,7.072037458419799805e-02,-1.064096987247467041e-01,-7.113602161407470703e-01,-2.314601242542266846e-01,-9.601919353008270264e-02,-4.074079990386962891e-01,-1.704120337963104248e-01,-4.855338335037231445e-01
5.207419395446777344e-01,7.515308260917663574e-01,3.583634793758392334e-01,1.090795278549194336e+00,8.969054222106933594e-01,4.691596031188964844e-01,1.133958458900451660e+00,6.235415339469909668e-01,6.554114818572998047e-01,4.270406067371368408e-01,1.078581690788269043e+00,6.660064458847045898e-01,2.412057518959045410e-01,7.559059858322143555e-01,1.238570690155029297e+00,5.812812447547912598e-01,6.978206038475036621e-01,6.173077821731567383e-01,9.090291857719421387e-01,7.963038086891174316e-01
-7.127102613449096680e-01,-4.416664838790893555e-01,-2.968398630619049072e-01,-1.746539026498794556e-01,-1.872753910720348358e-02,-5.587909817695617676e-01,-4.591413140296936035e-01,-5.750594735145568848e-01,-5.926046371459960938e-01,-4.810635447502136230e-01,-3.034075200557708740e-01,-9.940471500158309937e-02,-8.818708360195159912e-02,-6.167975068092346191e-01,-1.074223756790161133e+00,-4.142553210258483887e-01,-4.038295149803161621e-01,-7.403466701507568359e-01,-2.248935401439666748e-01,-2.899842262268066406e-01
-2.474443912506103516e-01,-3.449859470129013062e-02,-3.407396078109741211e-01,-1.253908574581146240e-01,1.346085071563720703e-01,-6.205453537404537201e-03,-1.665636152029037476e-01,-2.972224261611700058e-03,-6.559193134307861328e-02,-4.851174354553222656e-01,-3.577207028865814209e-01,-4.030324220657348633e-01,-2.895693108439445496e-02,2.466974854469299316e-01,-4.826464951038360596e-01,-2.794500291347503662e-01,2.507265470921993256e-02,-3.305795490741729736e-01,6.720983982086181641e-02,-9.840325266122817993e-02
-2.758841514587402344e-01,-4.487045705318450928e-01,-5.228078961372375488e-01,-8.260929584503173828e-02,-6.157115101814270020e-01,-7.327122092247009277e-01,-3.322428166866302490e-01,-3.734962642192840576e-01,-4.138031303882598877e-01,-3.128025233745574951e-01,-2.639290094375610352e-01,2.001958200708031654e-03,-2.616494297981262207e-01,-5.371545553207397461e-01,-5.029571652412414551e-01,-4.383800029754638672e-01,1.044954732060432434e-01,6.277583539485931396e-02,-2.642003595829010010e-01,-8.000760078430175781e-01
4.471025168895721436e-01,6.514353752136230469e-01,6.342750787734985352e-01,9.602477550506591797e-01,9.267419576644897461e-01,4.291723668575286865e-01,1.028387546539306641e+00,6.185631155967712402e-01,5.787692666053771973e-01,6.633091568946838379e-01,4.237501025199890137e-01,8.488211631774902344e-01,5.000666975975036621e-01,8.293504118919372559e-01,6.234209537506103516e-01,9.973306059837341309e-01,5.131343007087707520e-01,6.614274978637695312e-01,1.014916971325874329e-01,3.871487677097320557e-01
-7.320530414581298828e-01,-7.396596670150756836e-01,-1.063064336776733398e+00,-9.397725462913513184e-01,-5.464793443679809570e-01,-6.835609078407287598e-01,-3.073929846286773682e-01,-7.977772355079650879e-01,-7.253262996673583984e-01,-7.714286446571350098e-01,-4.745731651782989502e-01,-1.305822879076004028e-01,-7.999600768089294434e-01,-7.757133245468139648e-01,-4.035514593124389648e-01,-2.811452746391296387e-01,-2.748558223247528076e-01,-1.030305147171020508e+00,-5.092766284942626953e-01,-7.299656271934509277e-01
-5.548746585845947266e-01,-4.280256330966949463e-01,-3.725186884403228760e-01,-5.259363055229187012e-01,-5.976221561431884766e-01,-4.243444800376892090e-01,-3.368674516677856445e-01,-3.732058107852935791e-01,-4.885416924953460693e-01,-4.432667791843414307e-01,-3.522761464118957520e-01,-4.024116992950439453e-01,-2.895489707589149475e-02,-3.727102279663085938e-01,-5.871897935867309570e-02,-1.467688381671905518e-01,-3.794284760951995850e-01,-7.371391057968139648e-01,-5.245968103408813477e-01,-3.411149680614471436e-01
7.384477257728576660e-01,5.318233966827392578e-01,2.405528128147125244e-01,8.436627984046936035e-01,5.771526098251342773e-01,5.567375421524047852e-01,7.147061228752136230e-01,7.382642030715942383e-01,4.011075794696807861e-01,6.525738835334777832e-01,5.085341930389404297e-01,5.938174128532409668e-01,7.027994394302368164e-01,5.907915830612182617e-01,6.093760728836059570e-01,4.578565359115600586e-01,6.825720667839050293e-01,6.034895181655883789e-01,3.873925209045410156e-01,7.930827736854553223e-01
3.762237727642059326e-01,4.565296769142150879e-01,2.541238963603973389e-01,-3.154019415378570557e-01,-6.832176446914672852e-02,1.282698363065719604e-01,3.316248655319213867e-01,5.920233670622110367e-03,-1.091502383351325989e-01,4.825349524617195129e-02,7.564620673656463623e-02,4.141054153442382812e-01,1.249236315488815308e-01,6.751507520675659180e-01,7.978904247283935547e-02,2.717679832130670547e-03,4.272160232067108154e-01,3.885278105735778809e-01,8.220350742340087891e-02,1.206200011074542999e-02
-1.115264177322387695e+00,-6.909803748130798340e-01,-9.072529077529907227e-01,-1.242654800415039062e+00,-5.792450904846191406e-01,-1.188134908676147461e+00,-9.877956509590148926e-01,-1.022037625312805176e+00,-1.050771951675415039e+00,-8.609045743942260742e-01,-5.928813815116882324e-01,-8.564764261245727539e-01,-8.190183639526367188e-01,-7.338757514953613281e-01,-8.331565260887145996e-01,-1.221845984458923340e+00,-9.118000268936157227e-01,-6.985087990760803223e-01,-5.868378877639770508e-01,-7.358835935592651367e-01
-3.781654238700866699e-01,-5.130710005760192871e-01,-5.578874349594116211e-01,-5.773493647575378418e-01,-4.583415091037750244e-01,-5.594530701637268066e-01,-4.881320595741271973e-01,-5.849035978317260742e-01,-3.865077495574951172e-01,-4.383985400199890137e-01,-4.108395576477050781e-01,-4.074819684028625488e-01,-1.725581288337707520e-01,-8.078393340110778809e-01,-4.999161958694458008e-01,-4.058827757835388184e-01,-6.142017245292663574e-01,-3.368556499481201172e-01,-6.422116160392761230e-01,-6.426220536231994629e-01
-7.275160551071166992e-01,-6.788568496704101562e-01,-7.104846239089965820e-01,-6.905930638313293457e-01,-6.215551495552062988e-01,-9.066217541694641113e-01,-7.294942736625671387e-01,-3.488610684871673584e-01,-9.862051010131835938e-01,-5.489850640296936035e-01,-5.993198752403259277e-01,-1.116615056991577148e+00,-6.834451556205749512e-01,-8.177826404571533203e-01,-6.594108343124389648e-01,-1.020584583282470703e+00,-4.080471992492675781e-01,-6.087966561317443848e-01,-4.563130736351013184e-01,-8.768004179000854492e-01
7.651749253273010254e-01,8.100900053977966309e-01,8.690076470375061035e-01,7.256791591644287109e-01,6.820043325424194336e-01,8.214278221130371094e-01,7.835049033164978027e-01,7.483385205268859863e-01,9.277704954147338867e-01,7.073251605033874512e-01,1.082133293151855469e+00,8.269745111465454102e-01,1.163995504379272461e+00,9.549319148063659668e-01,8.928295969963073730e-01,1.030984401702880859e+00,4.811715185642242432e-01,1.239450812339782715e+00,6.030594706535339355e-01,1.092916727066040039e+00
-5.097880214452743530e-02,-2.388906925916671753e-01,-5.525460094213485718e-02,-2.628602087497711182e-01,5.871946737170219421e-02,-2.376684844493865967e-01,3.215206041932106018e-02,-1.794485598802566528e-01,1.266563683748245239e-01,-4.153907299041748047e-01,2.252497971057891846e-01,-2.131465226411819458e-01,-4.270640909671783447e-01,-2.591369152069091797e-01,1.632311791181564331e-01,1.203176304697990417e-01,-6.131898164749145508e-01,-1.688469015061855316e-02,-3.788331449031829834e-01,-2.045858837664127350e-02
-1.027413606643676758e+00,-6.228816509246826172e-01,-1.091394543647766113e+00,-1.047105669975280762e+00,-9.317904710769653320e-01,-9.008589386940002441e-01,-1.132543444633483887e+00,-1.125904083251953125e+00,-1.181190133094787598e+00,-9.653844237327575684e-01,-1.275919079780578613e+00,-9.887868165969848633e-01,-7.995362281799316406e-01,-8.591176867485046387e-01,-9.107712507247924805e-01,-8.983794450759887695e-01,-7.938868403434753418e-01,-1.151886940002441406e+00,-9.950603246688842773e-01,-1.229400634765625000e+00
1.061113238334655762e+00,1.040881276130676270e+00,4.093033969402313232e-01,7.133499383926391602e-01,4.210835397243499756e-01,8.278056383132934570e-01,7.865933179855346680e-01,5.305450558662414551e-01,6.264117956161499023e-01,7.940003871917724609e-01,7.495511174201965332e-01,6.406449079513549805e-01,5.532066822052001953e-01,7.719680666923522949e-01,9.670487046241760254e-01,8.612396717071533203e-01,6.276665329933166504e-01,1.072811484336853027e+00,6.964852809906005859e-01,7.036736011505126953e-01
-1.238189786672592163e-01,-6.347469091415405273e-01,-3.226360976696014404e-01,-2.760632038116455078e-01,-5.563740134239196777e-01,-5.316712260246276855e-01,-7.207823991775512695e-01,-5.846720933914184570e-01,-6.499325633049011230e-01,-6.776232719421386719e-01,-2.442872226238250732e-01,-5.775461196899414062e-01,-1.554172784090042114e-01,-4.478287398815155029e-01,-8.395792245864868164e-01,-7.662532329559326172e-01,-8.450937867164611816e-01,-7.229829430580139160e-01,-8.471847176551818848e-01,-7.007833123207092285e-01
-2.550585567951202393e-01,-3.178004026412963867e-01,-2.165731340646743774e-01,-5.350523814558982849e-02,-2.408206164836883545e-01,-4.584732055664062500e-01,-9.902747720479965210e-02,-2.436594665050506592e-01,6.417775154113769531e-02,-1.312153637409210205e-01,-3.143010139465332031e-01,-2.288741320371627808e-01,-3.416493237018585205e-01,-3.275737538933753967e-02,-8.671346306800842285e-02,-4.963793158531188965e-01,-3.500568866729736328e-01,1.221477799117565155e-02,-2.814994752407073975e-01,-5.357328057289123535e-01
-8.175550103187561035e-01,-2.850473821163177490e-01,-1.323960348963737488e-02,-3.007434010505676270e-01,-3.635020852088928223e-01,-1.455150395631790161e-01,-3.995305895805358887e-01,-2.172225415706634521e-01,4.772908613085746765e-02,-3.783161044120788574e-01,-9.210358560085296631e-02,-4.347410500049591064e-01,-3.960907086730003357e-02,-4.093408286571502686e-01,-1.270781904458999634e-01,2.110730856657028198e-01,-1.183947697281837463e-01,4.966478049755096436e-02,-2.742525637149810791e-01,-8.517627716064453125e-01
-6.191205978393554688e-01,2.350390553474426270e-01,-4.545182585716247559e-01,-6.756393909454345703e-01,-1.090031042695045471e-01,-4.647211432456970215e-01,-3.466923236846923828e-01,-2.373223155736923218e-01,-3.066390752792358398e-01,3.537001088261604309e-02,-3.976236581802368164e-01,-2.832015752792358398e-01,3.004197180271148682e-01,-4.072174131870269775e-01,3.863278776407241821e-02,-1.901684403419494629e-01,-1.338805854320526123e-01,-1.650077104568481445e-01,-2.577443420886993408e-01,-3.753055036067962646e-01
-9.535363316535949707e-01,-6.368623375892639160e-01,-7.467208504676818848e-01,-9.039047956466674805e-01,-7.169293761253356934e-01,-9.858695268630981445e-01,-1.117948532104492188e+00,-9.765990376472473145e-01,-6.332023143768310547e-01,-9.091480970382690430e-01,-6.167815327644348145e-01,-7.940769195556640625e-01,-6.646867990493774414e-01,-8.338042497634887695e-01,-8.461984395980834961e-01,-7.062466144561767578e-01,-6.450111269950866699e-01,-6.854924559593200684e-01,-2.503566741943359375e-01,-7.880383729934692383e-01
-6.884413212537765503e-02,-3.892481029033660889e-01,-9.329326748847961426e-01,-3.285264670848846436e-01,-3.988234400749206543e-01,-7.754306793212890625e-01,-6.384653449058532715e-01,-6.369720697402954102e-01,-3.803092241287231445e-01,-3.804015815258026123e-01,-7.364953756332397461e-01,-6.592973470687866211e-01,-2.320150882005691528e-01,-3.297831118106842041e-01,-3.865429461002349854e-01,-2.994979619979858398e-01,-2.885922193527221680e-01,-2.242003530263900757e-01,-1.037305369973182678e-01,-3.153335452079772949e-01
-8.913568854331970215e-01,-8.310074210166931152e-01,-6.712645888328552246e-01,-5.690147280693054199e-01,-8.483610749244689941e-01,-5.559164881706237793e-01,-6.171830296516418457e-01,-9.981711506843566895e-01,-4.645950496196746826e-01,-8.825142383575439453e-01,-8.138595223426818848e-01,-1.060580134391784668e+00,-4.905504882335662842e-01,-1.082124590873718262e+00,-3.821494579315185547e-01,-6.780599355697631836e-01,-6.563228964805603027e-01,-5.235785245895385742e-01,-8.937612175941467285e-01,-6.233798861503601074e-01
2.812870740890502930e-01,-5.530263110995292664e-02,5.307781696319580078e-01,-2.529546022415161133e-01,-1.944964975118637085e-01,5.163916349411010742e-01,5.633724331855773926e-01,2.985045909881591797e-01,4.141607880592346191e-01,-2.322520874440670013e-02,7.811401784420013428e-02,3.481857478618621826e-01,-3.089568912982940674e-01,-3.043079078197479248e-01,1.095696240663528442e-01,2.132088690996170044e-01,1.959153637290000916e-02,1.525200456380844116e-01,1.441589444875717163e-01,1.782465577125549316e-01
8.406562209129333496e-01,9.359745383262634277e-01,7.711666822433471680e-01,7.257965803146362305e-01,7.266875505447387695e-01,1.287734389305114746e+00,9.500345587730407715e-01,8.388844132423400879e-01,1.654020547866821289e-01,8.106978535652160645e-01,8.018655776977539062e-01,9.958732128143310547e-01,1.020985126495361328e+00,1.019490242004394531e+00,7.768782973289489746e-01,9.311336874961853027e-01,3.160954713821411133e-01,4.908700883388519287e-01,1.220919966697692871e+00,4.515549540519714355e-01
6.929112672805786133e-01,1.050936579704284668e+00,8.987219333648681641e-01,8.662326335906982422e-01,9.521054625511169434e-01,6.531446576118469238e-01,5.633245110511779785e-01,6.227685213088989258e-01,5.966292619705200195e-01,-2.863234996795654297e+00,8.878678679466247559e-01,7.947724461555480957e-01,5.452197194099426270e-01,9.735808372497558594e-01,1.055997967720031738e+00,1.077895402908325195e+00,1.137401580810546875e+00,9.011245369911193848e-01,4.445555210113525391e-01,9.113712310791015625e-01
-8.347244858741760254e-01,-6.113033890724182129e-01,-1.055533528327941895e+00,-9.184261560440063477e-01,-9.065946936607360840e-01,-1.193670272827148438e+00,-1.042413234710693359e+00,-9.422426223754882812e-01,-7.397311329841613770e-01,-9.310197234153747559e-01,-9.316890239715576172e-01,-1.052782297134399414e+00,-7.197306752204895020e-01,-7.149834632873535156e-01,-1.030190348625183105e+00,-9.076238274574279785e-01,-8.592975139617919922e-01,-1.032341837882995605e+00,-1.151761293411254883e+00,-9.174519181251525879e-01
7.592186331748962402e-01,9.945458173751831055e-01,1.048795104026794434e+00,6.974711418151855469e-01,8.337523937225341797e-01,9.908807277679443359e-01,7.006413340568542480e-01,6.949474215507507324e-01,6.167797446250915527e-01,8.108096718788146973e-01,9.193193316459655762e-01,9.124004244804382324e-01,5.577912926673889160e-01,9.499113559722900391e-01,6.686897873878479004e-01,5.730142593383789062e-01,9.797415137290954590e-01,1.201351523399353027e+00,8.028916120529174805e-01,8.007602691650390625e-01
4.246730804443359375e-01,3.217698633670806885e-01,2.114600837230682373e-01,1.224346533417701721e-01,1.834992617368698120e-01,-1.225485373288393021e-02,2.035889029502868652e-01,4.172293543815612793e-01,3.013447821140289307e-01,1.839650720357894897e-01,2.033271640539169312e-01,-2.731803059577941895e-01,-1.532487943768501282e-02,1.950116902589797974e-01,-2.124483883380889893e-01,9.197137504816055298e-02,3.314881026744842529e-01,4.898328781127929688e-01,-4.947608103975653648e-04,3.457113504409790039e-01
4.369552433490753174e-01,3.749430775642395020e-01,1.107478737831115723e-01,1.921470016241073608e-01,1.468044668436050415e-01,1.590947657823562622e-01,4.007676988840103149e-02,2.117612659931182861e-01,4.214916527271270752e-01,2.596498131752014160e-01,3.931477069854736328e-01,4.148861467838287354e-01,-8.595094829797744751e-02,4.650460556149482727e-03,4.640723168849945068e-01,9.438460320234298706e-02,2.879229784011840820e-01,2.009606808423995972e-01,5.655268430709838867e-01,5.906508564949035645e-01
1.109688803553581238e-01,6.070895195007324219e-01,-1.753237657248973846e-02,4.802305400371551514e-01,3.986987769603729248e-01,5.451969504356384277e-01,8.850638270378112793e-01,3.179194331169128418e-01,5.011146664619445801e-01,4.264060556888580322e-01,6.352922916412353516e-01,4.403848350048065186e-01,4.061267077922821045e-01,5.617532730102539062e-01,6.698476076126098633e-01,-1.903583705425262451e-01,-1.091473083943128586e-02,4.582151770591735840e-01,-4.514490440487861633e-02,4.635093212127685547e-01
-8.493120074272155762e-01,-8.381817936897277832e-01,-1.346117019653320312e+00,-8.536432981491088867e-01,-1.094196081161499023e+00,-1.075244188308715820e+00,-5.503287911415100098e-01,-1.036500096321105957e+00,-5.613719820976257324e-01,-8.107976913452148438e-01,-9.106311798095703125e-01,-1.117075562477111816e+00,-8.058550953865051270e-01,-8.759402036666870117e-01,-1.059028267860412598e+00,-8.258213996887207031e-01,-8.755682706832885742e-01,-6.803278326988220215e-01,-1.396192908287048340e+00,-8.852805495262145996e-01
-6.791141033172607422e-01,-9.493051171302795410e-01,-6.950989365577697754e-01,-7.510025501251220703e-01,-7.678708434104919434e-01,-7.154549360275268555e-01,-7.852122783660888672e-01,-1.113480210304260254e+00,-7.127457261085510254e-01,-8.798247575759887695e-01,-1.046238780021667480e+00,-8.709334731101989746e-01,-9.738307595252990723e-01,-9.892718195915222168e-01,-6.163528561592102051e-01,-9.110137224197387695e-01,-6.021954417228698730e-01,-5.371968746185302734e-01,-7.473055124282836914e-01,-8.602726459503173828e-01
-3.254114687442779541e-01,-4.501305818557739258e-01,-3.618549108505249023e-01,-6.639830768108367920e-02,-2.512413859367370605e-01,-4.538630843162536621e-01,-3.775375187397003174e-01,-4.461019933223724365e-01,-6.931793093681335449e-01,-2.803637385368347168e-01,-4.152773320674896240e-01,-4.601283669471740723e-01,-2.260530740022659302e-01,-7.502239346504211426e-01,-6.136355996131896973e-01,-4.012499451637268066e-01,-3.413064777851104736e-01,-3.396057188510894775e-01,-1.082083359360694885e-01,-3.200878798961639404e-01
-1.136588826775550842e-01,-1.733302772045135498e-01,-2.300985157489776611e-01,-3.356623351573944092e-01,-1.392799764871597290e-01,-3.124892711639404297e-01,-1.661911904811859131e-01,-3.640396893024444580e-02,-2.857146263122558594e-01,-7.541014254093170166e-02,-5.711455941200256348e-01,-3.918168246746063232e-01,8.088912814855575562e-02,-2.494409978389739990e-01,1.156365275382995605e-01,3.315124660730361938e-02,-3.087262213230133057e-01,-2.537681162357330322e-01,-3.344680666923522949e-01,-4.180696010589599609e-01
-1.142215356230735779e-01,6.127093359827995300e-02,1.338215917348861694e-01,-2.464530766010284424e-01,-2.374127209186553955e-01,-2.639697492122650146e-01,-5.885938182473182678e-02,-3.098210096359252930e-01,-2.418636530637741089e-01,-2.855549454689025879e-01,-2.226357012987136841e-01,-9.704668819904327393e-02,-2.527523934841156006e-01,1.307162642478942871e-01,-3.202171921730041504e-01,-3.097186386585235596e-01,-1.614025980234146118e-01,-1.682088822126388550e-01,-3.582160770893096924e-01,-5.668860673904418945e-01
-1.206374391913414001e-01,-6.205589771270751953e-01,-4.269608855247497559e-01,-3.095922470092773438e-01,-2.559574842453002930e-01,1.357641518115997314e-01,-9.279542416334152222e-02,-4.620781838893890381e-01,-2.611529827117919922e-01,-2.132207453250885010e-01,-3.381846547126770020e-01,-2.439258694648742676e-01,-2.640531659126281738e-01,-2.476679235696792603e-01,-5.460060834884643555e-01,-1.994422078132629395e-01,-4.625336229801177979e-01,-2.373495846986770630e-01,-3.873308002948760986e-01,-7.226126194000244141e-01
-6.124503016471862793e-01,-9.739767909049987793e-01,-4.187026023864746094e-01,-2.335668653249740601e-01,-3.736987709999084473e-01,-3.669910132884979248e-01,-4.243450462818145752e-01,-7.614520192146301270e-01,-4.277106523513793945e-01,-7.698445320129394531e-01,-4.214943647384643555e-01,-5.053423643112182617e-01,-4.552425444126129150e-01,-5.647746920585632324e-01,-6.936601996421813965e-01,-3.026697635650634766e-01,-6.093954443931579590e-01,-4.001179635524749756e-01,-3.316580653190612793e-01,-3.573349714279174805e-01
-2.906558215618133545e-01,-1.844417154788970947e-01,-3.889282643795013428e-01,-4.127528071403503418e-01,-1.245563328266143799e-01,-5.481671690940856934e-01,-5.456396937370300293e-02,-1.885182708501815796e-01,-4.677011072635650635e-01,-1.724902689456939697e-01,-1.716647297143936157e-01,-3.107349872589111328e-01,-5.146322250366210938e-01,-2.184856235980987549e-01,-5.862109661102294922e-01,-1.156840920448303223e-01,-7.271977514028549194e-02,-5.727229714393615723e-01,-5.352722480893135071e-02,-1.690823435783386230e-01
-4.110545516014099121e-01,-4.448876976966857910e-01,-5.183332562446594238e-01,-4.659530818462371826e-01,-3.456845283508300781e-01,-1.411782205104827881e-01,1.742741763591766357e-01,-6.183595061302185059e-01,-5.729376338422298431e-03,-2.020541876554489136e-01,-5.626139640808105469e-01,-5.907903909683227539e-01,-3.609087765216827393e-01,-4.296808317303657532e-02,-8.289413452148437500e-01,-3.581359684467315674e-01,-4.630663394927978516e-01,-9.104280918836593628e-02,-4.309237301349639893e-01,-2.774905562400817871e-01
3.116049170494079590e-01,3.967608809471130371e-01,1.500676423311233521e-01,5.820537805557250977e-01,1.241654306650161743e-01,1.215488165616989136e-01,-7.895296066999435425e-02,2.218328565359115601e-01,3.432702720165252686e-01,5.956225842237472534e-02,5.429301261901855469e-01,2.665107846260070801e-01,4.823397099971771240e-01,7.912495732307434082e-02,1.969198137521743774e-01,8.987110257148742676e-01,3.574226498603820801e-01,1.436812132596969604e-01,5.013396963477134705e-03,8.519854396581649780e-02
1.173336505889892578e+00,6.427372694015502930e-01,1.002895951271057129e+00,9.164735674858093262e-01,7.470617890357971191e-01,8.936973214149475098e-01,1.028924942016601562e+00,1.093074202537536621e+00,9.737610816955566406e-01,9.656314849853515625e-01,1.040282487869262695e+00,1.023914456367492676e+00,7.255067229270935059e-01,1.119165420532226562e+00,1.208441615104675293e+00,8.641402125358581543e-01,9.412031173706054688e-01,8.713384866714477539e-01,7.812566757202148438e-01,7.649055719375610352e-01
-1.103149130940437317e-01,-4.853205382823944092e-01,-3.821854293346405029e-01,-3.476783037185668945e-01,-1.103792190551757812e-01,-4.896226227283477783e-01,-1.150018125772476196e-01,-3.203895092010498047e-01,-8.779153823852539062e-01,-4.793442487716674805e-01,-2.322470247745513916e-01,-4.430196583271026611e-01,-4.593225717544555664e-01,-2.307107299566268921e-01,-3.430490791797637939e-01,-1.963128596544265747e-01,-4.342997372150421143e-01,-4.373101890087127686e-01,-4.484866559505462646e-01,-3.484963476657867432e-01
-9.881111979484558105e-01,-5.267027020454406738e-01,-2.765535414218902588e-01,-5.325147509574890137e-01,-5.408626794815063477e-01,-1.027378559112548828e+00,-5.718411207199096680e-01,-7.683073282241821289e-01,-4.208121001720428467e-01,-4.926951527595520020e-01,-4.109509885311126709e-01,-2.545151114463806152e-01,-4.493069052696228027e-01,-5.238239765167236328e-01,-6.467250585556030273e-01,-6.474472284317016602e-01,-5.052641630172729492e-01,-7.186043262481689453e-01,-5.854709744453430176e-01,-5.489769577980041504e-01
-7.757147550582885742e-01,-4.563426971435546875e-01,-1.019527316093444824e+00,-5.965535640716552734e-01,-5.810260772705078125e-01,-5.829970240592956543e-01,-8.680395483970642090e-01,-8.146963119506835938e-01,-6.834322810173034668e-01,-8.654086589813232422e-01,-4.169452190399169922e-01,-9.551302194595336914e-01,-5.266811251640319824e-01,-8.363534212112426758e-01,-9.010219573974609375e-01,1.639757677912712097e-02,-2.286372333765029907e-01,-7.417118549346923828e-01,-3.018181324005126953e-01,-7.881604433059692383e-01
4.286500513553619385e-01,6.493892073631286621e-01,6.131229996681213379e-01,1.180101633071899414e+00,9.731490015983581543e-01,7.035910487174987793e-01,7.834004759788513184e-01,7.277669906616210938e-01,6.274737715721130371e-01,5.503619313240051270e-01,5.816922783851623535e-01,6.284165978431701660e-01,5.997801423072814941e-01,8.591948151588439941e-01,8.500287532806396484e-01,9.179697632789611816e-01,9.080546498298645020e-01,7.838600873947143555e-01,8.610932230949401855e-01,8.781327009201049805e-01
6.792055964469909668e-01,7.631446123123168945e-01,3.307703733444213867e-01,7.360595464706420898e-01,1.027680635452270508e+00,8.713963031768798828e-01,7.232344746589660645e-01,8.644637465476989746e-01,9.132613539695739746e-01,6.631034016609191895e-01,4.022613763809204102e-01,8.312221169471740723e-01,5.314717888832092285e-01,9.464952945709228516e-01,6.049378514289855957e-01,8.753188252449035645e-01,6.916761994361877441e-01,7.087330222129821777e-01,8.150548338890075684e-01,5.807060599327087402e-01
1.088157296180725098e+00,6.913517713546752930e-01,8.713560104370117188e-01,6.465318799018859863e-01,7.547996044158935547e-01,4.840126037597656250e-01,7.304264307022094727e-01,7.975789308547973633e-01,9.098727703094482422e-01,9.186611175537109375e-01,1.188624024391174316e+00,1.124404907226562500e+00,7.794863581657409668e-01,1.176784515380859375e+00,1.072709679603576660e+00,1.027388453483581543e+00,3.246382176876068115e-01,8.558220267295837402e-01,1.134843468666076660e+00,1.250576853752136230e+00
5.711420774459838867e-01,8.103842735290527344e-01,6.816608905792236328e-01,5.165945887565612793e-01,6.089074611663818359e-01,3.938283324241638184e-01,1.147427856922149658e-01,6.379227638244628906e-01,7.112360000610351562e-01,5.624170303344726562e-01,5.642167925834655762e-01,1.019302487373352051e+00,6.622229218482971191e-01,6.775937676429748535e-01,2.569184303283691406e-01,7.565628886222839355e-01,8.263325691223144531e-01,6.983914375305175781e-01,6.147242188453674316e-01,4.114699959754943848e-01
4.520970582962036133e-01,7.398579716682434082e-01,5.700878500938415527e-01,8.456844091415405273e-01,3.803522884845733643e-01,7.459253072738647461e-01,7.468628883361816406e-01,2.110666483640670776e-01,1.683168858289718628e-01,6.549538373947143555e-01,8.354025483131408691e-01,9.641373753547668457e-01,5.730042457580566406e-01,9.883986711502075195e-01,8.617482185363769531e-01,4.412798285484313965e-01,8.866400122642517090e-01,9.023488163948059082e-01,6.378857493400573730e-01,8.215065598487854004e-01
6.543148756027221680e-01,9.862428903579711914e-01,8.810735940933227539e-01,1.107239961624145508e+00,1.200118422508239746e+00,6.648530364036560059e-01,7.472856044769287109e-01,8.424016833305358887e-01,1.176026701927185059e+00,5.358878970146179199e-01,6.730409264564514160e-01,1.047020673751831055e+00,7.878491878509521484e-01,1.289699673652648926e+00,9.563422799110412598e-01,1.340990185737609863e+00,7.149085402488708496e-01,1.194606184959411621e+00,1.001517295837402344e+00,7.986125946044921875e-01
9.336860775947570801e-01,1.131929755210876465e+00,9.546796679496765137e-01,1.173231124877929688e+00,1.093971252441406250e+00,1.142659306526184082e+00,1.187970638275146484e+00,6.728723645210266113e-01,1.096116185188293457e+00,9.817477464675903320e-01,1.189779400825500488e+00,8.573333621025085449e-01,5.773696303367614746e-01,7.687101960182189941e-01,1.173833370208740234e+00,8.972584605216979980e-01,8.949443101882934570e-01,1.456359744071960449e+00,1.187788963317871094e+00,1.168174266815185547e+00
-2.464690804481506348e-01,1.137276925146579742e-02,-3.102794885635375977e-01,9.852284565567970276e-03,5.565002560615539551e-02,-1.347903758287429810e-01,9.909386187791824341e-02,3.367023169994354248e-01,3.517999649047851562e-01,-1.717873811721801758e-01,-2.287129685282707214e-02,-2.570189833641052246e-01,-9.232435375452041626e-02,-4.571841284632682800e-02,-7.728958129882812500e-02,-2.230574190616607666e-02,-4.209092259407043457e-02,-1.382441669702529907e-01,-3.014030456542968750e-01,-2.173884361982345581e-01
5.311313867568969727e-01,8.070746660232543945e-01,9.441146850585937500e-01,7.283603549003601074e-01,7.865175008773803711e-01,1.006219983100891113e+00,8.588502407073974609e-01,1.247190117835998535e+00,6.434652805328369141e-01,6.122399568557739258e-01,1.019441485404968262e+00,7.490826249122619629e-01,5.283088684082031250e-01,1.210828781127929688e+00,5.960120558738708496e-01,1.146955490112304688e+00,8.595308661460876465e-01,6.420223116874694824e-01,1.081826090812683105e+00,5.991681814193725586e-01
6.234264373779296875e-01,4.888640940189361572e-01,2.621616721153259277e-01,7.757509946823120117e-01,1.076615974307060242e-01,-1.198926344513893127e-01,4.208316802978515625e-01,4.463194608688354492e-01,5.402202606201171875e-01,4.283627867698669434e-01,1.923255622386932373e-01,4.120587110519409180e-01,1.785010546445846558e-01,1.083722412586212158e-01,1.275128573179244995e-01,1.226198747754096985e-01,2.971391081809997559e-01,4.246103167533874512e-01,4.907784238457679749e-02,1.677661091089248657e-01
-6.624760031700134277e-01,-8.022853732109069824e-01,-6.304139494895935059e-01,-8.011979460716247559e-01,-7.630488276481628418e-01,-6.165200471878051758e-01,-8.054073452949523926e-01,-1.096839427947998047e+00,-1.030217885971069336e+00,-7.105655670166015625e-01,-1.154653429985046387e+00,-9.373565316200256348e-01,-8.146197199821472168e-01,-8.095712661743164062e-01,-8.290163278579711914e-01,-8.288795351982116699e-01,-5.287615656852722168e-01,-1.099035024642944336e+00,-9.221735596656799316e-01,-9.181966781616210938e-01
-3.250866234302520752e-01,-5.632366612553596497e-02,-5.364204645156860352e-01,-3.523285388946533203e-01,-6.381598114967346191e-01,-1.788607388734817505e-01,-3.542492985725402832e-01,-1.040780186653137207e+00,-4.684546291828155518e-01,-1.540524512529373169e-01,-3.902236223220825195e-01,-5.460472702980041504e-01,-9.642463922500610352e-02,-8.331142067909240723e-01,-2.682393789291381836e-01,-4.495229423046112061e-01,-4.474716186523437500e-01,-2.128102332353591919e-01,-2.770051956176757812e-01,-2.065465599298477173e-01
-5.464127659797668457e-01,-2.720922827720642090e-01,-5.757385492324829102e-01,-7.349697947502136230e-01,-6.911112666130065918e-01,-3.905702531337738037e-01,-4.323716759681701660e-01,-5.318461060523986816e-01,2.658913135528564453e-01,-2.975678443908691406e-01,2.220962643623352051e-01,-3.023401796817779541e-01,-8.286786675453186035e-01,-4.944369792938232422e-01,-4.751749634742736816e-01,-2.620534002780914307e-01,-9.108355641365051270e-02,-6.703785061836242676e-01,-6.054562330245971680e-01,-5.415851473808288574e-01
-9.840513467788696289e-01,-1.051076412200927734e+00,-5.243881344795227051e-01,-1.125938177108764648e+00,-5.003524422645568848e-01,-7.956240177154541016e-01,-3.832143247127532959e-01,-6.859114170074462891e-01,-6.767112016677856445e-01,-4.181991517543792725e-01,-1.032850027084350586e+00,-6.960574984550476074e-01,-9.494851827621459961e-01,-7.951464653015136719e-01,-9.515274763107299805e-01,-7.249768972396850586e-01,-5.038703680038452148e-01,-7.506425976753234863e-01,-5.987992882728576660e-01,-6.404049992561340332e-01
3.716065287590026855e-01,6.445883512496948242e-01,3.398130536079406738e-01,8.399428725242614746e-01,6.432687044143676758e-01,8.282380104064941406e-01,6.931230425834655762e-01,5.784872770309448242e-01,2.522264719009399414e-01,4.336615204811096191e-01,5.156731009483337402e-01,6.111366748809814453e-01,5.359300971031188965e-01,4.217302799224853516e-01,6.249179840087890625e-01,3.935573995113372803e-01,7.573713064193725586e-01,6.823599934577941895e-01,6.740900278091430664e-01,7.052527666091918945e-01
3.234559595584869385e-01,5.010551810264587402e-01,5.171082019805908203e-01,2.577496170997619629e-01,3.566808104515075684e-01,2.903941273689270020e-01,4.424611330032348633e-01,5.012357234954833984e-01,-7.497237063944339752e-03,5.358289480209350586e-01,5.214236974716186523e-01,4.765314757823944092e-01,2.569392025470733643e-01,9.385749697685241699e-01,2.023018151521682739e-01,4.916804432868957520e-01,4.906419813632965088e-01,2.657795250415802002e-01,5.719459652900695801e-01,3.241586983203887939e-01
1.363232016563415527e+00,7.989485263824462891e-01,8.648709654808044434e-01,7.946622967720031738e-01,6.131885051727294922e-01,1.058313131332397461e+00,1.191468358039855957e+00,1.122164011001586914e+00,8.470604419708251953e-01,6.447308659553527832e-01,1.379327893257141113e+00,1.104192495346069336e+00,7.421556115150451660e-01,7.424221634864807129e-01,1.058458447456359863e+00,1.368714094161987305e+00,1.173105120658874512e+00,9.810272455215454102e-01,7.276376485824584961e-01,7.585391402244567871e-01
4.123713672161102295e-01,7.408053278923034668e-01,2.710330188274383545e-01,3.980372846126556396e-01,3.881899416446685791e-01,7.788700461387634277e-01,4.694506525993347168e-01,4.930304288864135742e-01,5.033693313598632812e-01,7.325729131698608398e-01,3.448719084262847900e-01,2.613452672958374023e-01,4.264288246631622314e-01,6.098521947860717773e-01,6.009403467178344727e-01,2.142820954322814941e-01,4.077473580837249756e-01,6.231138706207275391e-01,5.849386453628540039e-01,2.789834439754486084e-01
3.900127410888671875e-01,3.922556936740875244e-01,5.338659286499023438e-01,5.648815035820007324e-01,8.911468088626861572e-02,-7.017719000577926636e-02,4.171128571033477783e-01,6.013646125793457031e-01,2.131089121103286743e-01,8.743891119956970215e-02,4.358790814876556396e-01,3.829126656055450439e-01,1.612920314073562622e-01,5.494355782866477966e-02,3.471158146858215332e-01,1.905229836702346802e-01,3.436983227729797363e-01,5.810223817825317383e-01,8.493334800004959106e-02,1.361959576606750488e-01
-7.504317164421081543e-01,-3.747464418411254883e-01,-3.369078934192657471e-01,-5.172894001007080078e-01,-5.894895792007446289e-01,-6.047768592834472656e-01,-5.927470326423645020e-01,-6.973565220832824707e-01,-5.123938322067260742e-01,-3.929956853389739990e-01,-3.202880024909973145e-01,-6.736781001091003418e-01,-1.847376376390457153e-01,-6.084678173065185547e-01,-6.660088300704956055e-01,-6.178747415542602539e-01,-5.836733579635620117e-01,-8.063325285911560059e-01,-4.893936514854431152e-01,-3.071790039539337158e-01
-7.229157090187072754e-01,-9.289295077323913574e-01,-8.429701328277587891e-01,-9.142073988914489746e-01,-8.947054743766784668e-01,-7.233622670173645020e-01,-1.017451047897338867e+00,-1.235629558563232422e+00,-3.026362657546997070e-01,-6.868844032287597656e-01,-8.019455075263977051e-01,-3.625291585922241211e-01,-5.567457675933837891e-01,-1.083258867263793945e+00,-5.923038721084594727e-01,-9.507832527160644531e-01,-7.757126092910766602e-01,-7.216813564300537109e-01,-2.786344289779663086e-01,-7.097883820533752441e-01
1.648338288068771362e-01,6.471614539623260498e-02,2.097918242216110229e-01,1.515787933021783829e-02,-2.021314799785614014e-01,3.983444869518280029e-01,7.099016755819320679e-02,-8.309207111597061157e-02,-6.515440344810485840e-02,4.524291679263114929e-02,1.001292988657951355e-01,3.458477184176445007e-02,-6.950514018535614014e-02,1.810207217931747437e-01,6.498157232999801636e-02,1.150607466697692871e-01,6.044117361307144165e-02,-3.329135477542877197e-01,2.778263390064239502e-01,9.813651442527770996e-02
-5.682720541954040527e-01,-1.473875641822814941e-01,-1.649555563926696777e-01,-5.279307961463928223e-01,-2.307390570640563965e-01,-1.315332949161529541e-01,2.030922286212444305e-02,-3.072021901607513428e-01,-2.761367857456207275e-01,-2.733648717403411865e-01,-4.938577711582183838e-01,-4.166225492954254150e-01,-4.702011048793792725e-01,-1.804731488227844238e-01,-8.639080822467803955e-02,-2.751268446445465088e-01,-3.935005515813827515e-02,-2.778064608573913574e-01,-1.833663135766983032e-01,-4.397647082805633545e-01
-1.084672927856445312e+00,-1.008766055107116699e+00,-8.274785876274108887e-01,-7.633845806121826172e-01,-7.603357434272766113e-01,-6.236382126808166504e-01,-6.349160671234130859e-01,-1.250542163848876953e+00,-6.910060644149780273e-01,-8.958715796470642090e-01,-8.529688119888305664e-01,-8.606200218200683594e-01,-7.966792583465576172e-01,-8.814282417297363281e-01,-8.039069771766662598e-01,-7.053778767585754395e-01,-1.040650963783264160e+00,-9.582927227020263672e-01,-7.277379035949707031e-01,-9.152560234069824219e-01
3.352293074131011963e-01,7.334077954292297363e-01,5.674464106559753418e-01,5.372014045715332031e-01,5.197139978408813477e-01,6.220747232437133789e-01,4.731931388378143311e-01,7.207812070846557617e-01,5.401045680046081543e-01,6.231063008308410645e-01,4.142856597900390625e-01,4.005513191223144531e-01,7.784725427627563477e-01,8.838114142417907715e-01,7.187843322753906250e-01,3.853344321250915527e-01,5.138965249061584473e-01,6.013699769973754883e-01,1.830385774374008179e-01,3.137398362159729004e-01
-5.453056097030639648e-01,-4.473622739315032959e-01,-3.622056245803833008e-01,-5.217297673225402832e-01,-9.163268208503723145e-01,-1.032300472259521484e+00,-4.650037884712219238e-01,-6.487965583801269531e-01,-1.353704929351806641e-01,-3.737247884273529053e-01,-4.099661409854888916e-01,-6.700515151023864746e-01,-9.239794015884399414e-01,-6.302244663238525391e-01,-4.161856472492218018e-01,-1.083344459533691406e+00,-5.493183135986328125e-01,-3.773327767848968506e-01,-5.878087282180786133e-01,-6.964574456214904785e-01
-8.527347445487976074e-01,-5.698894858360290527e-01,-6.391406059265136719e-01,-7.175567150115966797e-01,-3.669337630271911621e-01,-6.428746581077575684e-01,-9.781385660171508789e-01,-7.726894617080688477e-01,-1.830302029848098755e-01,-4.271960854530334473e-01,-6.019849181175231934e-01,-6.796334385871887207e-01,-5.103779956698417664e-02,-2.907945811748504639e-01,-6.857839226722717285e-01,-4.176571667194366455e-01,-3.414549827575683594e-01,-4.793451130390167236e-01,-5.229164361953735352e-01,-5.327798724174499512e-01
-1.054354071617126465e+00,-8.902266621589660645e-01,-8.500235080718994141e-01,-1.215926289558410645e+00,-6.373335719108581543e-01,-8.323196768760681152e-01,-8.950724005699157715e-01,-7.620207667350769043e-01,-6.987166404724121094e-01,-7.768709063529968262e-01,-1.088007569313049316e+00,-1.126813769340515137e+00,-9.022032618522644043e-01,-7.899347543716430664e-01,-1.088970065116882324e+00,-1.080442190170288086e+00,-8.664469718933105469e-01,-7.340493202209472656e-01,-1.042383074760437012e+00,-1.368659734725952148e+00
1.805905401706695557e-01,5.190022587776184082e-01,2.308888882398605347e-01,2.680578529834747314e-01,4.365614950656890869e-01,3.255784213542938232e-01,-1.236567869782447815e-01,5.875355005264282227e-01,8.168394565582275391e-01,4.265086948871612549e-01,2.989051938056945801e-01,5.013484954833984375e-01,4.002206623554229736e-01,8.925606310367584229e-02,2.820225954055786133e-01,6.180055737495422363e-01,5.564327836036682129e-01,3.785074055194854736e-01,7.081414461135864258e-01,1.675987541675567627e-01
9.640560150146484375e-01,9.858680367469787598e-01,6.320372223854064941e-01,1.178042650222778320e+00,1.095039725303649902e+00,1.082730770111083984e+00,8.115900158882141113e-01,1.055141806602478027e+00,1.247030735015869141e+00,6.499125957489013672e-01,1.050320744514465332e+00,4.583163559436798096e-01,1.001480340957641602e+00,7.730447649955749512e-01,8.178246617317199707e-01,8.922568559646606445e-01,7.412341833114624023e-01,1.049306154251098633e+00,1.438273906707763672e+00,9.931889176368713379e-01
1.086754441261291504e+00,9.797943234443664551e-01,1.109263062477111816e+00,1.024265170097351074e+00,8.906795978546142578e-01,8.622035384178161621e-01,1.126923799514770508e+00,6.564753055572509766e-01,1.295234560966491699e+00,5.674698352813720703e-01,8.086032867431640625e-01,1.023897886276245117e+00,5.207483768463134766e-01,1.377301096916198730e+00,1.055645108222961426e+00,8.012894392013549805e-01,1.002047419548034668e+00,1.223470091819763184e+00,1.004332900047302246e+00,9.815392494201660156e-01
5.294702649116516113e-01,1.026271939277648926e+00,4.873167574405670166e-01,7.326808571815490723e-01,8.676602244377136230e-01,3.389126956462860107e-01,8.163214921951293945e-01,1.035121202468872070e+00,6.801070570945739746e-01,5.855804085731506348e-01,9.352972507476806641e-01,9.322113990783691406e-01,7.407556772232055664e-01,1.096787929534912109e+00,8.589865565299987793e-01,6.005672216415405273e-01,5.622670054435729980e-01,7.745921015739440918e-01,9.715866446495056152e-01,1.252021908760070801e+00
-7.958346605300903320e-01,-8.214581012725830078e-01,-1.069234251976013184e+00,-1.086487650871276855e+00,-9.412306547164916992e-01,-9.016616940498352051e-01,-1.115800619125366211e+00,-1.118410229682922363e+00,-4.197281002998352051e-01,-8.759160041809082031e-01,-7.790039181709289551e-01,-9.859892129898071289e-01,-8.973105549812316895e-01,-9.025439620018005371e-01,-1.005504965782165527e+00,-7.993285655975341797e-01,-1.124952316284179688e+00,-9.864085316658020020e-01,-9.185382127761840820e-01,-9.107113480567932129e-01
-3.515525460243225098e-01,-3.511154055595397949e-01,-5.848230719566345215e-01,-1.530083119869232178e-01,-6.819809675216674805e-01,-9.069961905479431152e-01,-6.910447478294372559e-01,-8.734208345413208008e-01,-2.796244919300079346e-01,-3.313750028610229492e-01,-3.901378810405731201e-01,-5.339021086692810059e-01,-2.596058547496795654e-01,-3.986012935638427734e-01,-4.101200103759765625e-01,-4.944759011268615723e-01,-4.732160270214080811e-01,-5.155618786811828613e-01,-8.317602276802062988e-01,-4.372213184833526611e-01
-1.165357470512390137e+00,-6.900687217712402344e-01,-1.092652440071105957e+00,-7.083016037940979004e-01,-1.245857834815979004e+00,-1.222033858299255371e+00,-1.043755054473876953e+00,-1.243024468421936035e+00,-1.310649037361145020e+00,-8.086777329444885254e-01,-1.205376267433166504e+00,-1.295805573463439941e+00,-6.897091865539550781e-01,-9.570639133453369141e-01,-1.344100832939147949e+00,-1.127546787261962891e+00,-8.206416368484497070e-01,-1.181234598159790039e+00,-1.212903499603271484e+00,-1.017333626747131348e+00
5.217005014419555664e-01,9.739464521408081055e-01,1.035974740982055664e+00,7.012320756912231445e-01,9.212322235107421875e-01,9.367376565933227539e-01,9.715067744255065918e-01,5.903248786926269531e-01,6.127934455871582031e-01,1.000921726226806641e+00,6.061385273933410645e-01,6.500229239463806152e-01,9.097048044204711914e-01,9.934500455856323242e-01,8.785262703895568848e-01,1.484918475151062012e+00,8.178092837333679199e-01,9.095124602317810059e-01,7.526175975799560547e-01,8.894956111907958984e-01
-1.048898816108703613e+00,-3.130951523780822754e-01,-1.226842761039733887e+00,-8.014275431632995605e-01,-7.177099585533142090e-01,-1.534106612205505371e+00,-7.638110518455505371e-01,-1.280775547027587891e+00,-3.061478137969970703e-01,-9.638335704803466797e-01,-8.337805271148681641e-01,-1.068097233772277832e+00,-4.837296307086944580e-01,-6.164861917495727539e-01,-5.686599612236022949e-01,-8.444290757179260254e-01,-1.030323982238769531e+00,-7.053324021399021149e-03,-3.954534530639648438e-01,-4.471269845962524414e-01
2.105671614408493042e-01,1.886180043220520020e-01,7.821278572082519531e-01,4.679171144962310791e-01,5.508705973625183105e-01,8.626401424407958984e-01,3.684157133102416992e-01,2.858764529228210449e-01,4.392122030258178711e-01,4.452391862869262695e-01,4.517471790313720703e-01,7.300722599029541016e-02,6.008923649787902832e-01,9.016832709312438965e-02,7.184046506881713867e-01,8.868209719657897949e-01,1.786663979291915894e-01,8.440149426460266113e-01,-1.415762156248092651e-01,3.486662507057189941e-01
5.276176929473876953e-01,7.699339389801025391e-01,6.935596466064453125e-01,6.826133728027343750e-01,8.474399447441101074e-01,4.407829046249389648e-01,5.856547355651855469e-01,7.658658623695373535e-01,5.132927894592285156e-01,1.039059042930603027e+00,6.955567598342895508e-01,7.154071331024169922e-01,6.516506075859069824e-01,7.431053519248962402e-01,4.856080114841461182e-01,7.998680472373962402e-01,8.940804004669189453e-01,1.001789331436157227e+00,9.209030270576477051e-01,9.257514476776123047e-01
4.447839036583900452e-02,-7.497002184391021729e-02,-7.298585176467895508e-01,-3.464026749134063721e-01,-7.413417100906372070e-01,-8.151853680610656738e-01,-2.808640301227569580e-01,-1.226687431335449219e-01,4.606487601995468140e-02,-3.200460076332092285e-01,-1.510028541088104248e-01,-3.454547226428985596e-01,-4.456626772880554199e-01,-5.404658913612365723e-01,-1.025355830788612366e-01,-1.449136286973953247e-01,1.109112203121185303e-01,-3.669066131114959717e-01,-5.455343723297119141e-01,-2.258652150630950928e-01
-4.915510416030883789e-01,-7.401321530342102051e-01,-6.188451647758483887e-01,-5.132496953010559082e-01,-7.073516249656677246e-01,-6.490437984466552734e-01,-5.346723794937133789e-01,-6.129507422447204590e-01,-1.011434122920036316e-01,-8.555848598480224609e-01,-7.660579681396484375e-01,-8.748390674591064453e-01,-9.412009716033935547e-01,-9.013039469718933105e-01,-6.564111709594726562e-01,-3.637271821498870850e-01,-6.027572751045227051e-01,-8.517587184906005859e-01,-7.571798563003540039e-01,-5.893462896347045898e-01
-1.114509940147399902e+00,-1.138157725334167480e+00,-1.017036080360412598e+00,-9.237883090972900391e-01,-4.716819822788238525e-01,-9.676641821861267090e-01,-1.025612950325012207e+00,-1.022297024726867676e+00,-1.056996703147888184e+00,-7.173318862915039062e-01,-8.101701736450195312e-01,-9.449874758720397949e-01,-1.101406693458557129e+00,-1.006641268730163574e+00,-1.194010138511657715e+00,-1.067543268203735352e+00,-6.584837436676025391e-01,-8.300581574440002441e-01,-1.306967020034790039e+00,-6.336279511451721191e-01
7.795544862747192383e-01,8.385668992996215820e-01,3.094516992568969727e-01,5.029878616333007812e-01,5.843716859817504883e-01,4.773680865764617920e-01,4.737301170825958252e-01,8.620713949203491211e-01,4.823294878005981445e-01,5.039080977439880371e-01,8.815517425537109375e-01,5.263814926147460938e-01,6.670138239860534668e-01,8.086835741996765137e-01,6.272753477096557617e-01,4.363853335380554199e-01,4.835319519042968750e-01,7.557625770568847656e-01,5.256396532058715820e-01,6.734276413917541504e-01
9.021344184875488281e-01,7.685483098030090332e-01,6.908807158470153809e-01,7.010077834129333496e-01,7.909798026084899902e-01,1.039245963096618652e+00,8.748053908348083496e-01,6.015288829803466797e-01,8.861533999443054199e-01,8.786533474922180176e-01,6.886744499206542969e-01,9.341709613800048828e-01,7.134493589401245117e-01,7.563664317131042480e-01,7.286614179611206055e-01,8.664185404777526855e-01,6.910036206245422363e-01,6.826463341712951660e-01,9.960364699363708496e-01,6.865335702896118164e-01
4.598832130432128906e-01,3.517241179943084717e-01,1.339084506034851074e-01,4.201287925243377686e-01,4.933606386184692383e-01,5.089541673660278320e-01,3.992073833942413330e-01,1.835788935422897339e-01,-4.800658300518989563e-02,4.650814831256866455e-01,2.118327170610427856e-01,2.897517383098602295e-01,1.604203134775161743e-01,1.126657128334045410e-01,1.682044118642807007e-01,3.969852030277252197e-01,5.135081410408020020e-01,1.420407295227050781e-01,1.373781543225049973e-02,2.467292100191116333e-01
-4.984239637851715088e-01,-2.052302658557891846e-01,-5.596549510955810547e-01,-5.352004170417785645e-01,1.234194412827491760e-01,1.162836849689483643e-01,-2.073483765125274658e-01,-1.842207461595535278e-01,-2.328655123710632324e-01,-3.448327779769897461e-01,-6.260870955884456635e-03,-9.971630573272705078e-02,-5.741730332374572754e-03,-1.974726170301437378e-01,-3.693445026874542236e-01,-8.583366125822067261e-02,-1.405526101589202881e-01,-6.434620022773742676e-01,-2.653578519821166992e-01,-2.401112318038940430e-01
6.294929385185241699e-01,3.633500039577484131e-01,6.669580936431884766e-01,9.786271452903747559e-01,3.410229980945587158e-01,4.253836572170257568e-01,5.212851166725158691e-01,9.215205311775207520e-01,8.424228429794311523e-01,3.194883763790130615e-01,6.988611221313476562e-01,8.339378833770751953e-01,7.335392236709594727e-01,7.058491110801696777e-01,2.640471160411834717e-01,8.107213973999023438e-01,4.517598152160644531e-01,7.203104496002197266e-01,7.870064973831176758e-01,6.620306968688964844e-01
1.019826680421829224e-01,-4.259831272065639496e-03,-4.497472047805786133e-01,7.084608078002929688e-02,2.891940474510192871e-01,-3.380300104618072510e-02,-5.718026310205459595e-02,-4.731509685516357422e-01,-2.125019729137420654e-01,-1.275336444377899170e-01,3.721399307250976562e-01,1.160135567188262939e-01,1.467151492834091187e-01,1.085228919982910156e-01,-2.353139221668243408e-01,-1.567671597003936768e-01,-2.745301127433776855e-01,2.516226172447204590e-01,-1.010972186923027039e-01,2.308808863162994385e-01
-1.144102215766906738e+00,-1.002457618713378906e+00,-1.196157455444335938e+00,-1.128637671470642090e+00,-9.958397746086120605e-01,-9.539262652397155762e-01,-1.191511988639831543e+00,-1.360377192497253418e+00,-7.935653924942016602e-01,-8.876725435256958008e-01,-5.800960063934326172e-01,-8.563110828399658203e-01,-7.439565658569335938e-01,-8.838796019554138184e-01,-1.243644714355468750e+00,-8.639219403266906738e-01,-1.050993204116821289e+00,-1.010807156562805176e+00,-1.216532826423645020e+00,-9.161801934242248535e-01
-2.508321404457092285e-01,4.865371286869049072e-01,-2.653591632843017578e-01,8.363027125597000122e-02,3.961139321327209473e-01,2.963868379592895508e-01,5.128082260489463806e-02,6.302524358034133911e-02,4.643184691667556763e-02,5.740882754325866699e-01,5.828083753585815430e-01,3.169090449810028076e-01,3.955331742763519287e-01,4.188593104481697083e-02,3.821682035923004150e-01,4.795515537261962891e-01,2.281412482261657715e-01,1.053046807646751404e-01,7.676966190338134766e-01,2.493638843297958374e-01
-7.207562327384948730e-01,-4.503965675830841064e-01,-1.221954703330993652e+00,-4.713380932807922363e-01,-5.143513679504394531e-01,-7.318603992462158203e-01,-4.410969913005828857e-01,-7.934509515762329102e-01,-1.950789988040924072e-01,-3.845794796943664551e-01,-6.196712255477905273e-01,-9.017372727394104004e-01,-6.254127025604248047e-01,-8.047375082969665527e-01,-1.028922915458679199e+00,-6.447411775588989258e-01,-3.749237954616546631e-01,-5.304989218711853027e-01,-3.667969703674316406e-01,-2.862334847450256348e-01
4.369078874588012695e-01,3.560871183872222900e-01,2.719554603099822998e-01,3.590545654296875000e-01,4.972674548625946045e-01,2.184275984764099121e-01,5.767929553985595703e-01,8.581566214561462402e-01,4.307807087898254395e-01,2.443818002939224243e-01,2.942334413528442383e-01,4.518786966800689697e-01,3.908076584339141846e-01,2.725528478622436523e-01,8.151493221521377563e-02,7.065865397453308105e-01,5.385107994079589844e-01,2.521320581436157227e-01,2.363793998956680298e-01,7.544791698455810547e-01
3.251916766166687012e-01,5.956947430968284607e-02,5.333713814616203308e-02,4.342551827430725098e-01,-4.059794545173645020e-01,9.905491769313812256e-02,-7.090881466865539551e-02,1.040083169937133789e-01,7.724133133888244629e-02,-1.389951854944229126e-01,2.909892797470092773e-01,-1.308988332748413086e-01,-1.342872381210327148e-01,2.284194082021713257e-01,8.754810690879821777e-02,3.214264810085296631e-01,7.377502918243408203e-01,1.192581206560134888e-01,3.185411915183067322e-02,1.657781563699245453e-02
6.723964810371398926e-01,3.714000880718231201e-01,4.559935629367828369e-01,1.018188357353210449e+00,6.153640151023864746e-01,6.975150704383850098e-01,9.650449156761169434e-01,8.302048444747924805e-01,5.904240012168884277e-01,4.850839972496032715e-01,7.495416402816772461e-01,8.712257742881774902e-01,5.297145843505859375e-01,8.045964241027832031e-01,4.455504715442657471e-01,6.678887009620666504e-01,5.155728459358215332e-01,6.698395013809204102e-01,7.496824264526367188e-01,8.509088754653930664e-01
-5.107712000608444214e-02,-2.148829400539398193e-01,-2.448155432939529419e-01,2.881673574447631836e-01,-1.273802071809768677e-01,-1.618373543024063110e-01,1.712568802759051323e-03,-5.451342090964317322e-02,2.968866229057312012e-01,-2.521052770316600800e-02,-2.108126580715179443e-01,-2.543898820877075195e-01,-2.757754325866699219e-01,-1.424326449632644653e-01,-2.137566208839416504e-01,4.487699270248413086e-02,2.022534012794494629e-01,-6.377352029085159302e-02,9.089942276477813721e-02,8.496967703104019165e-02
3.126029074192047119e-01,8.057883977890014648e-01,1.275721788406372070e-01,3.773392140865325928e-01,1.810916364192962646e-01,5.509283542633056641e-01,2.461871206760406494e-01,-5.031238868832588196e-02,1.691309511661529541e-01,8.524881303310394287e-02,1.168072819709777832e-01,2.984443902969360352e-01,3.186750411987304688e-01,3.140437602996826172e-01,-3.232470527291297913e-02,1.889768987894058228e-01,5.978420376777648926e-01,2.528608143329620361e-01,3.889989256858825684e-01,2.151627540588378906e-01
-5.871159955859184265e-02,5.717241764068603516e-01,2.564626336097717285e-01,-3.606927022337913513e-02,2.078064382076263428e-01,9.444025158882141113e-02,2.159411758184432983e-01,-9.774006158113479614e-02,-1.148076280951499939e-01,-1.922687632031738758e-03,2.822026908397674561e-01,3.340794742107391357e-01,5.883350595831871033e-02,-6.784972548484802246e-02,2.380754332989454269e-03,1.238845884799957275e-01,1.938575506210327148e-01,9.537432342767715454e-02,4.955119267106056213e-02,1.550645679235458374e-01
-1.444418542087078094e-02,1.964347995817661285e-02,-4.732104763388633728e-02,2.690124139189720154e-02,-2.860426902770996094e-01,-4.711825847625732422e-01,-1.088863536715507507e-01,-3.176204487681388855e-02,-2.930428385734558105e-01,-2.100844681262969971e-02,-1.360523700714111328e-01,-1.242227703332901001e-01,-1.110311523079872131e-01,-1.799839586019515991e-01,2.817329391837120056e-02,-5.045891180634498596e-02,-2.495287209749221802e-01,-8.493969440460205078e-01,8.568826317787170410e-02,1.552751958370208740e-01
1.090185642242431641e+00,7.409370541572570801e-01,1.008417606353759766e+00,7.900466322898864746e-01,7.514922022819519043e-01,8.886377811431884766e-01,8.160430192947387695e-01,1.456733107566833496e+00,7.622313499450683594e-01,6.938593387603759766e-01,8.020130991935729980e-01,8.950256109237670898e-01,8.616443276405334473e-01,1.109138250350952148e+00,9.268009662628173828e-01,6.384431719779968262e-01,9.091497659683227539e-01,7.168118953704833984e-01,8.247333168983459473e-01,8.856827020645141602e-01
-2.959941029548645020e-01,-4.098509624600410461e-02,-1.287888139486312866e-01,1.285463720560073853e-01,3.002464771270751953e-01,2.042240649461746216e-02,-3.357800245285034180e-01,-2.586746811866760254e-01,-1.481391787528991699e-01,7.625378668308258057e-02,-3.550893366336822510e-01,-4.978868961334228516e-01,-2.506759762763977051e-01,-1.043685898184776306e-01,2.647755481302738190e-02,8.619339764118194580e-02,8.317451179027557373e-02,-1.240160912275314331e-01,2.421991378068923950e-01,-2.864656746387481689e-01
-1.904483437538146973e-01,1.449984312057495117e-01,2.790272533893585205e-01,-1.124612316489219666e-01,-3.702411428093910217e-02,-3.058164119720458984e-01,-2.846320569515228271e-01,1.472185552120208740e-01,2.378355115652084351e-01,3.190599977970123291e-01,3.378712534904479980e-01,-1.095804125070571899e-01,-1.588175743818283081e-01,-1.568234711885452271e-01,1.144600138068199158e-01,-1.654893159866333008e-01,-2.400570511817932129e-01,-1.730421483516693115e-01,-1.277021169662475586e-01,-1.651767939329147339e-01
-1.145055532455444336e+00,-5.717695355415344238e-01,-6.940619945526123047e-01,-5.518926382064819336e-01,-8.508988618850708008e-01,-7.833543419837951660e-01,-9.015388488769531250e-01,-1.192436695098876953e+00,-1.182001352310180664e+00,-5.644301176071166992e-01,-9.143354892730712891e-01,-1.097796797752380371e+00,-5.614494085311889648e-01,-1.188290953636169434e+00,-8.942025303840637207e-01,-8.839104175567626953e-01,-9.156653881072998047e-01,-8.455179333686828613e-01,-5.457367300987243652e-01,-6.985589861869812012e-01
-7.446401715278625488e-01,-5.977922081947326660e-01,-3.472890257835388184e-01,-6.395301818847656250e-01,-5.744652152061462402e-01,-6.181440949440002441e-01,-6.779578328132629395e-01,-5.778268575668334961e-01,-7.785218954086303711e-01,-3.358790874481201172e-01,-4.344991743564605713e-01,-5.397765040397644043e-01,-4.990135133266448975e-02,-7.968996167182922363e-01,-2.346643209457397461e-01,-6.714000701904296875e-01,-5.341793894767761230e-01,-1.363976746797561646e-01,-3.009662330150604248e-01,-7.438169121742248535e-01
-8.089014291763305664e-01,-6.541793942451477051e-01,-7.571504712104797363e-01,-6.167929172515869141e-01,-1.053086519241333008e+00,-5.896735191345214844e-01,-2.791404426097869873e-01,-8.277778625488281250e-01,-4.417317211627960205e-01,-5.565926432609558105e-01,-3.049401938915252686e-01,-7.090396881103515625e-01,-4.131311476230621338e-01,-2.061429321765899658e-01,-5.991213917732238770e-01,-4.533586204051971436e-01,-6.230040192604064941e-01,-2.792343795299530029e-01,-4.000975191593170166e-01,-9.174528717994689941e-01
1.621109247207641602e-01,8.344884961843490601e-03,-3.137321211397647858e-03,1.335118561983108521e-01,7.252187281847000122e-02,2.247901558876037598e-01,2.016695290803909302e-01,2.116776406764984131e-01,1.353950500488281250e-01,6.636893749237060547e-02,1.953049451112747192e-01,-2.210540771484375000e-01,2.957321517169475555e-02,1.575916856527328491e-01,1.515177041292190552e-01,-4.270879551768302917e-02,3.704603612422943115e-01,6.362732052803039551e-01,-2.227776646614074707e-01,4.407636076211929321e-02
3.145942986011505127e-01,6.690092682838439941e-01,6.083830595016479492e-01,9.758448600769042969e-01,4.831618666648864746e-01,6.541479229927062988e-01,4.958730638027191162e-01,5.945873260498046875e-01,5.702595710754394531e-01,7.731080651283264160e-01,6.160864233970642090e-01,6.548371315002441406e-01,1.020268321037292480e+00,7.891975045204162598e-01,4.750050306320190430e-01,5.841373801231384277e-01,3.607567548751831055e-01,5.247994065284729004e-01,4.200741052627563477e-01,5.434558391571044922e-01
-3.425151109695434570e-01,-7.208853028714656830e-03,-6.528592705726623535e-01,-1.140114903450012207e+00,-2.036926746368408203e-01,-3.732172846794128418e-01,-2.751477956771850586e-01,-2.464025318622589111e-01,-1.915235370397567749e-01,-2.817488312721252441e-01,-4.358351230621337891e-01,-5.277041792869567871e-01,-4.934603273868560791e-01,-8.474286198616027832e-01,-4.127056002616882324e-01,-2.598145604133605957e-01,-5.306739807128906250e-01,-4.521745443344116211e-01,-1.283778548240661621e-01,-6.048990488052368164e-01
7.450273633003234863e-01,7.928150892257690430e-01,1.060559511184692383e+00,9.161981940269470215e-01,8.311199545860290527e-01,9.981563091278076172e-01,8.625000715255737305e-01,9.072244167327880859e-01,5.229354500770568848e-01,9.029064774513244629e-01,1.001924514770507812e+00,7.979680895805358887e-01,8.087713122367858887e-01,8.611852526664733887e-01,8.955346941947937012e-01,7.898288369178771973e-01,8.299818634986877441e-01,1.132838726043701172e+00,7.915168404579162598e-01,7.424672842025756836e-01
4.695435166358947754e-01,9.438622593879699707e-01,5.279117226600646973e-01,3.219285309314727783e-01,8.419544100761413574e-01,8.350350260734558105e-01,6.656937003135681152e-01,5.964514017105102539e-01,4.372431039810180664e-01,8.102910518646240234e-01,2.466374188661575317e-01,2.243453711271286011e-01,6.696428060531616211e-01,7.814154028892517090e-01,5.981768369674682617e-01,7.049477100372314453e-01,4.538790285587310791e-01,1.063719272613525391e+00,6.857640147209167480e-01,4.497113823890686035e-01
-8.782839179039001465e-01,-9.281798601150512695e-01,-9.156396985054016113e-01,-1.263240694999694824e+00,-9.261281490325927734e-01,-1.052001595497131348e+00,-1.173365116119384766e+00,-1.371442198753356934e+00,-7.705932259559631348e-01,-1.118323326110839844e+00,-1.088089823722839355e+00,-7.347807884216308594e-01,-1.228516340255737305e+00,-1.056269049644470215e+00,-1.347200751304626465e+00,-1.191536903381347656e+00,-8.456159830093383789e-01,-1.138445138931274414e+00,-1.086189508438110352e+00,-6.363207697868347168e-01
-1.077680706977844238e+00,-9.316172003746032715e-01,-1.148974418640136719e+00,-7.234433293342590332e-01,-8.985112309455871582e-01,-8.345545530319213867e-01,-1.094775080680847168e+00,-8.605581521987915039e-01,-8.816202282905578613e-01,-4.844323694705963135e-01,-7.024171948432922363e-01,-1.037334203720092773e+00,-7.529372572898864746e-01,-4.727460443973541260e-01,-7.066055536270141602e-01,-9.838904142379760742e-01,-5.954531431198120117e-01,-1.251706719398498535e+00,-5.629702210426330566e-01,-5.174669027328491211e-01
9.774401187896728516e-01,1.170547485351562500e+00,1.214615106582641602e+00,8.781109452247619629e-01,1.119084477424621582e+00,7.594734430313110352e-01,1.220412969589233398e+00,9.024974703788757324e-01,9.444662928581237793e-01,8.949431180953979492e-01,5.535261034965515137e-01,1.143313169479370117e+00,1.316763997077941895e+00,9.620820283889770508e-01,1.203828930854797363e+00,1.465257525444030762e+00,8.414819240570068359e-01,1.053412437438964844e+00,1.017368674278259277e+00,9.105352163314819336e-01
-4.424066543579101562e-01,-8.454734086990356445e-01,-5.948615074157714844e-01,-1.201489686965942383e+00,-7.347778081893920898e-01,-1.166691541671752930e+00,-1.149888634681701660e+00,-8.372336626052856445e-01,-7.491211891174316406e-01,-5.527077317237854004e-01,-1.096072077751159668e+00,-1.061074137687683105e+00,-3.407038450241088867e-01,-8.541451096534729004e-01,-7.653967738151550293e-01,-1.016671538352966309e+00,-7.273191213607788086e-01,-6.607712507247924805e-01,-8.878300786018371582e-01,-2.718092501163482666e-01
-1.271294355392456055e+00,-4.603160023689270020e-01,-1.212380766868591309e+00,-1.119680047035217285e+00,-5.168167352676391602e-01,-7.038447856903076172e-01,-8.888098001480102539e-01,-1.014874458312988281e+00,-6.159228086471557617e-01,-6.722072362899780273e-01,-8.911967277526855469e-01,-1.060705661773681641e+00,-9.449666738510131836e-01,-1.090538859367370605e+00,-9.575993418693542480e-01,-1.039026260375976562e+00,-1.093101501464843750e+00,-1.064763188362121582e+00,-5.669857263565063477e-01,-6.555958390235900879e-01
1.134398698806762695e+00,8.649609684944152832e-01,8.666052818298339844e-01,7.249878644943237305e-01,7.883981466293334961e-01,6.410062313079833984e-01,3.163028657436370850e-01,1.083836555480957031e+00,9.349276423454284668e-01,6.051377058029174805e-01,9.627576470375061035e-01,1.307129383087158203e+00,1.287889719009399414e+00,9.176969528198242188e-01,7.809714078903198242e-01,8.406875133514404297e-01,1.023984313011169434e+00,8.790577650070190430e-01,7.393784523010253906e-01,9.058604836463928223e-01
-1.009460449218750000e+00,-7.219694852828979492e-01,-3.241268396377563477e-01,-2.507030963897705078e-01,-1.935115456581115723e-01,-6.928351521492004395e-01,-5.815488100051879883e-01,-7.377679347991943359e-01,-2.262994945049285889e-01,-5.888653993606567383e-01,-3.372471630573272705e-01,-7.967801690101623535e-01,-1.026741385459899902e+00,-5.575686097145080566e-01,-2.990054488182067871e-01,-6.017263531684875488e-01,-5.256740450859069824e-01,-4.902475476264953613e-01,-7.331907153129577637e-01,-9.292445182800292969e-01
-8.900166153907775879e-01,-9.528465867042541504e-01,-1.057901501655578613e+00,-7.619466185569763184e-01,-6.501094698905944824e-01,-5.695846080780029297e-01,-4.030047357082366943e-01,-5.443054437637329102e-01,-7.910005450248718262e-01,-5.653626322746276855e-01,-7.343310713768005371e-01,-8.368664383888244629e-01,-2.919238209724426270e-01,-5.791867971420288086e-01,-8.622149229049682617e-01,-3.469222784042358398e-01,-3.115396201610565186e-01,-6.034197807312011719e-01,-8.500728011131286621e-01,-1.048340201377868652e+00
-3.030867576599121094e-01,-2.503076195716857910e-01,-3.187338113784790039e-01,-3.046572208404541016e-02,-4.922614991664886475e-01,-1.286045759916305542e-01,-2.190905623137950897e-02,-5.157411098480224609e-01,-3.678797781467437744e-01,-3.498932719230651855e-01,-7.016196101903915405e-02,-5.067033767700195312e-01,-3.129622638225555420e-01,-2.999400794506072998e-01,-7.244075834751129150e-02,-3.059313632547855377e-03,-1.610726714134216309e-01,1.735923066735267639e-02,-3.600788414478302002e-01,-3.863133490085601807e-01
-1.456963658332824707e+00,-6.242484450340270996e-01,-1.168368577957153320e+00,-1.298312544822692871e+00,-1.382349610328674316e+00,-9.681394696235656738e-01,-1.052312254905700684e+00,-9.161905646324157715e-01,-1.134738683700561523e+00,-1.175791382789611816e+00,-8.145985603332519531e-01,-1.091674923896789551e+00,-9.136060476303100586e-01,-9.265691637992858887e-01,-1.189065337181091309e+00,-1.641192317008972168e+00,-7.609682679176330566e-01,-6.148575544357299805e-01,-7.452278733253479004e-01,-8.956558108329772949e-01
6.073140501976013184e-01,4.507608711719512939e-01,7.059257626533508301e-01,9.978827238082885742e-01,8.803458213806152344e-01,1.157232284545898438e+00,6.411034464836120605e-01,7.114037275314331055e-01,5.711322426795959473e-01,8.492007255554199219e-01,9.195909500122070312e-01,1.022691965103149414e+00,8.969770669937133789e-01,9.312188625335693359e-01,5.658969879150390625e-01,6.675451397895812988e-01,6.863476634025573730e-01,8.428987264633178711e-01,7.152683138847351074e-01,8.428559303283691406e-01
7.543923258781433105e-01,1.055196642875671387e+00,6.142072081565856934e-01,7.337188124656677246e-01,1.165704011917114258e+00,1.200361371040344238e+00,7.946329116821289062e-01,7.460244894027709961e-01,8.348630666732788086e-01,8.671698570251464844e-01,1.119889497756958008e+00,9.110900759696960449e-01,4.825712144374847412e-01,7.684939503669738770e-01,7.374020814895629883e-01,9.365880489349365234e-01,9.502102136611938477e-01,6.101743578910827637e-01,4.670132696628570557e-01,1.000654339790344238e+00
-7.516538500785827637e-01,-7.362268567085266113e-01,-4.524817168712615967e-01,-6.895002722740173340e-01,-9.610128998756408691e-01,-7.483297586441040039e-01,-1.037706494331359863e+00,-8.463692069053649902e-01,-3.961859345436096191e-01,-4.092186391353607178e-01,-1.030885934829711914e+00,-1.119193911552429199e+00,-8.261842131614685059e-01,-1.114170551300048828e-01,-8.054050803184509277e-01,-1.065638065338134766e+00,-1.048846006393432617e+00,-1.212089419364929199e+00,-5.397341847419738770e-01,-9.461413025856018066e-01
4.947159886360168457e-01,1.759296208620071411e-01,4.973071217536926270e-01,3.766625523567199707e-01,4.491240382194519043e-01,2.759455144405364990e-01,2.158939540386199951e-01,2.371066957712173462e-01,5.770309567451477051e-01,6.847716867923736572e-02,2.556504309177398682e-01,4.683941602706909180e-01,2.320634126663208008e-01,6.308568716049194336e-01,4.854728579521179199e-01,5.107648372650146484e-01,3.422070741653442383e-01,6.543659567832946777e-01,8.084774017333984375e-02,4.382835030555725098e-01
-2.091194689273834229e-01,-2.153756767511367798e-01,-9.466360509395599365e-02,-1.535760890692472458e-02,-1.818356215953826904e-01,-3.439451754093170166e-01,1.683379858732223511e-01,-2.264627628028392792e-02,-2.139781117439270020e-01,-4.164463281631469727e-01,-3.108988404273986816e-01,2.421645075082778931e-01,3.845727443695068359e-01,2.344630844891071320e-02,3.755704760551452637e-01,-3.040786981582641602e-01,-4.173234403133392334e-01,-2.381872087717056274e-01,-1.948611289262771606e-01,4.243584573268890381e-01
-6.350216865539550781e-01,-5.356304049491882324e-01,-7.169492840766906738e-01,-9.817185997962951660e-01,-7.130626440048217773e-01,-9.055715799331665039e-01,-1.146446824073791504e+00,-8.334561586380004883e-01,-8.104590773582458496e-01,-6.577668190002441406e-01,-9.933921098709106445e-01,-9.351497888565063477e-01,-8.273516297340393066e-01,-9.551868438720703125e-01,-9.081282019615173340e-01,-6.159300208091735840e-01,-8.101087212562561035e-01,-1.102324247360229492e+00,-7.466405034065246582e-01,-8.592592477798461914e-01
7.013198137283325195e-01,7.527897357940673828e-01,1.012569546699523926e+00,5.400178432464599609e-01,4.670000374317169189e-01,4.707596004009246826e-01,7.042408585548400879e-01,5.094230771064758301e-01,6.302761435508728027e-01,6.225255727767944336e-01,7.688801288604736328e-01,8.798632621765136719e-01,7.566865086555480957e-01,1.277059316635131836e+00,9.404418468475341797e-01,6.352205276489257812e-01,8.029573559761047363e-01,9.506385326385498047e-01,7.815538644790649414e-01,1.071430444717407227e+00
-6.293802261352539062e-01,-1.140577077865600586e+00,-9.247299432754516602e-01,-6.711756587028503418e-01,-6.207250356674194336e-01,-7.562444806098937988e-01,-9.337918758392333984e-01,-5.741979479789733887e-01,-4.985204339027404785e-01,-9.276635646820068359e-01,-9.922164082527160645e-01,-1.052773475646972656e+00,-1.142666101455688477e+00,-1.116930365562438965e+00,-8.868384957313537598e-01,-1.210062503814697266e+00,-1.014053106307983398e+00,-1.010905146598815918e+00,-7.560412883758544922e-01,-5.958530306816101074e-01
-4.145126640796661377e-01,-7.060504555702209473e-01,-6.444531679153442383e-01,-4.459229707717895508e-01,-3.927191495895385742e-01,-4.646577835083007812e-01,-3.941042721271514893e-01,-7.271197438240051270e-02,-5.074167251586914062e-01,-7.856475114822387695e-01,-7.500807046890258789e-01,-8.764843940734863281e-01,-3.544828593730926514e-01,-7.348500490188598633e-01,-4.330118596553802490e-01,-6.246405839920043945e-01,-3.320251405239105225e-01,-4.195769429206848145e-01,-5.365966558456420898e-01,-7.315541505813598633e-01
-4.764927327632904053e-01,-6.010740399360656738e-01,-3.085283637046813965e-01,-3.805653154850006104e-01,-4.952038228511810303e-01,-1.876303851604461670e-01,5.284085404127836227e-03,-4.273870885372161865e-01,-1.077574789524078369e-01,-2.881458699703216553e-01,-3.049922883510589600e-01,-3.886963725090026855e-01,-5.078323483467102051e-01,-4.653074741363525391e-01,-6.221340298652648926e-01,-4.634161293506622314e-01,-6.504353284835815430e-01,-4.618149101734161377e-01,-2.120484113693237305e-01,-5.174660086631774902e-01
1.578256487846374512e-01,-3.037092983722686768e-01,-8.385933190584182739e-02,-1.250028908252716064e-01,-1.319124698638916016e-01,-8.678560703992843628e-02,-2.439689040184020996e-01,-8.983534574508666992e-02,-1.127215325832366943e-01,2.886447310447692871e-01,-1.160566434264183044e-01,-5.653040111064910889e-02,-3.042307794094085693e-01,-1.660871878266334534e-02,-4.272543489933013916e-01,-3.184328079223632812e-01,2.917134463787078857e-01,-1.488347798585891724e-01,6.331838667392730713e-02,-1.501262784004211426e-01
6.573399901390075684e-01,5.345082879066467285e-01,8.147770166397094727e-01,7.952140569686889648e-01,6.105032563209533691e-01,1.008983969688415527e+00,7.686631679534912109e-01,6.282439231872558594e-01,7.636818289756774902e-01,8.444501757621765137e-01,1.047513723373413086e+00,1.088538289070129395e+00,4.650772511959075928e-01,1.062386751174926758e+00,8.868307471275329590e-01,8.515440821647644043e-01,1.078972816467285156e+00,6.139155030250549316e-01,7.733006477355957031e-01,1.095847606658935547e+00
5.303749442100524902e-01,9.460754394531250000e-01,6.968150734901428223e-01,9.853922128677368164e-01,6.584131121635437012e-01,8.228225708007812500e-01,7.854063510894775391e-01,7.952300906181335449e-01,5.945384502410888672e-01,6.148363947868347168e-01,7.128615975379943848e-01,8.606706857681274414e-01,8.525655269622802734e-01,6.806850433349609375e-01,7.866010069847106934e-01,1.071573972702026367e+00,6.209260225296020508e-01,6.220656633377075195e-01,8.848050236701965332e-01,5.996917486190795898e-01
-7.734337449073791504e-01,-4.505865275859832764e-01,-1.767029315233230591e-01,-8.040574789047241211e-01,-1.670697033405303955e-01,-7.841941118240356445e-01,-3.334038555622100830e-01,-3.651238977909088135e-01,-4.585837423801422119e-01,-8.810470104217529297e-01,-3.981500566005706787e-01,-5.912660956382751465e-01,-7.608864307403564453e-01,-7.554387450218200684e-01,-6.023424267768859863e-01,-3.446929454803466797e-01,-8.418039083480834961e-01,-5.059019923210144043e-01,-9.448525309562683105e-01,-1.000122189521789551e+00
-7.274367213249206543e-01,-4.838111698627471924e-01,-2.994180917739868164e-01,-5.306278467178344727e-01,-1.370364278554916382e-01,-3.128813207149505615e-01,-7.280168533325195312e-01,-7.911884188652038574e-01,6.638076156377792358e-02,-1.281650066375732422e-01,-5.511969923973083496e-01,-3.204990029335021973e-01,-1.074227169156074524e-01,-5.089240670204162598e-01,-5.403562784194946289e-01,-1.932014524936676025e-01,-8.761931210756301880e-02,-2.830510139465332031e-01,-5.480520129203796387e-01,-4.939135313034057617e-01
-8.108485341072082520e-01,-9.769813418388366699e-01,-6.831808686256408691e-01,-8.256691098213195801e-01,-1.143338799476623535e+00,-8.754456639289855957e-01,-7.390492558479309082e-01,-1.132329463958740234e+00,-1.046471118927001953e+00,-9.723892807960510254e-01,-9.962229728698730469e-01,-4.927013814449310303e-01,-5.435773134231567383e-01,-9.584285616874694824e-01,-8.953524231910705566e-01,-9.353999495506286621e-01,-9.170823097229003906e-01,-6.463786959648132324e-01,-6.098684668540954590e-01,-9.420879483222961426e-01
7.145816683769226074e-01,4.910491108894348145e-01,7.011601924896240234e-01,6.996682882308959961e-01,7.627735137939453125e-01,1.019904613494873047e+00,8.569046854972839355e-01,1.014096021652221680e+00,8.986220359802246094e-01,7.544912099838256836e-01,1.017773270606994629e+00,7.383255362510681152e-01,8.686735630035400391e-01,1.885587811470031738e+00,9.516724348068237305e-01,7.129980325698852539e-01,4.806555509567260742e-01,6.695051789283752441e-01,8.312504291534423828e-01,1.176524996757507324e+00
-4.049355164170265198e-02,-3.552575409412384033e-01,-3.462581634521484375e-01,-3.178622126579284668e-01,-5.112673044204711914e-01,-3.401078879833221436e-01,-2.403647303581237793e-01,-2.012015432119369507e-01,5.186364054679870605e-02,-4.110834598541259766e-01,-2.142149060964584351e-01,-4.041366279125213623e-01,-4.512392580509185791e-01,1.382998824119567871e-01,-1.408993601799011230e-01,-6.076873540878295898e-01,-4.002944529056549072e-01,-3.042622208595275879e-01,-7.480778731405735016e-03,-5.021924525499343872e-02
1.149566173553466797e+00,8.931968212127685547e-01,7.502838969230651855e-01,8.918788433074951172e-01,9.726208448410034180e-01,4.853360056877136230e-01,9.394841790199279785e-01,8.803250789642333984e-01,6.808401942253112793e-01,1.076661586761474609e+00,6.047902107238769531e-01,9.799036383628845215e-01,9.762597680091857910e-01,8.578013181686401367e-01,1.261729359626770020e+00,9.903753399848937988e-01,1.021182894706726074e+00,6.992759704589843750e-01,6.147215962409973145e-01,1.495366454124450684e+00
-7.275591492652893066e-01,-5.300214290618896484e-01,-5.557937026023864746e-01,-6.849744915962219238e-01,-7.167165875434875488e-01,-7.638200521469116211e-01,-4.030881822109222412e-01,-3.332518935203552246e-01,-2.847799062728881836e-01,-1.074008464813232422e+00,-6.601029038429260254e-01,-6.744716763496398926e-01,-1.612860411405563354e-01,-3.394152522087097168e-01,-8.535174131393432617e-01,-4.519588053226470947e-01,-5.329679846763610840e-01,-1.833323091268539429e-01,-6.058066487312316895e-01,-9.655133485794067383e-01
-1.159704923629760742e+00,-1.029474258422851562e+00,-8.826581239700317383e-01,-8.153085112571716309e-01,-9.694193005561828613e-01,-1.235335946083068848e+00,-9.663164615631103516e-01,-1.039479970932006836e+00,-8.692367076873779297e-01,-1.031489133834838867e+00,-1.252583026885986328e+00,-1.062751889228820801e+00,-9.540558457374572754e-01,-1.316371202468872070e+00,-8.702179789543151855e-01,-1.045673489570617676e+00,-8.997778892517089844e-01,-8.872651457786560059e-01,-8.573068380355834961e-01,-9.299898743629455566e-01
-9.690032005310058594e-01,-5.736293792724609375e-01,-7.688246965408325195e-01,-9.582495093345642090e-01,-1.041527986526489258e+00,-9.828396439552307129e-01,-6.617013812065124512e-01,-5.436486601829528809e-01,-3.383130133152008057e-01,-7.967720627784729004e-01,-1.262452006340026855e+00,-4.658518433570861816e-01,-6.411494612693786621e-01,-8.595789074897766113e-01,-8.580590486526489258e-01,-8.229056000709533691e-01,-4.643561542034149170e-01,-7.837650179862976074e-01,-6.310955286026000977e-01,-8.881540894508361816e-01
3.224050402641296387e-01,2.593700587749481201e-01,5.119528174400329590e-01,5.229347348213195801e-01,5.304811596870422363e-01,4.251738488674163818e-01,6.897884607315063477e-01,4.934648871421813965e-01,4.352594316005706787e-01,5.239287614822387695e-01,4.707164168357849121e-01,4.836787879467010498e-01,1.824223548173904419e-01,7.236611247062683105e-01,7.093471884727478027e-01,5.370013713836669922e-01,4.562964737415313721e-01,5.170003771781921387e-01,3.361576423048973083e-02,4.856175780296325684e-01
1.866660416126251221e-01,3.314693272113800049e-02,-6.855507194995880127e-02,-3.274832367897033691e-01,-4.097318351268768311e-01,-1.957848817110061646e-01,-2.961668744683265686e-02,-3.322301506996154785e-01,2.492766529321670532e-01,3.157071471214294434e-01,-4.272643104195594788e-02,-7.648967951536178589e-02,-4.024402797222137451e-01,-7.197105139493942261e-02,-4.508723020553588867e-01,-3.238881230354309082e-01,1.642899513244628906e-01,-1.200442165136337280e-01,-2.994061708450317383e-01,-6.820467859506607056e-02
-9.216013550758361816e-01,-8.598633408546447754e-01,-1.157735705375671387e+00,-8.111594319343566895e-01,-7.095411419868469238e-01,-1.118415594100952148e+00,-1.273928165435791016e+00,-6.966720819473266602e-01,-1.204157948493957520e+00,-1.100545048713684082e+00,-6.177900433540344238e-01,-1.028406620025634766e+00,-5.667403936386108398e-01,-6.905158162117004395e-01,-9.117215871810913086e-01,-8.468920588493347168e-01,-7.825862169265747070e-01,-1.050585627555847168e+00,-9.148951172828674316e-01,-1.251204252243041992e+00
-1.003915071487426758e+00,-1.022683739662170410e+00,-1.131786704063415527e+00,-7.407536506652832031e-01,-1.039225220680236816e+00,-9.350886344909667969e-01,-1.038499355316162109e+00,-9.830377697944641113e-01,-6.389948725700378418e-01,-1.037887930870056152e+00,-7.047627568244934082e-01,-8.909268379211425781e-01,-1.036728978157043457e+00,-1.249498367309570312e+00,-1.174492359161376953e+00,-1.142988801002502441e+00,-1.145690083503723145e+00,-1.092140674591064453e+00,-8.194633722305297852e-01,-8.403300046920776367e-01
-6.342419385910034180e-01,-7.409414052963256836e-01,-1.123394012451171875e+00,-1.236828923225402832e+00,-8.738015294075012207e-01,-8.186436295509338379e-01,-5.487230420112609863e-01,-6.368758678436279297e-01,-5.023797750473022461e-01,-8.436734080314636230e-01,-1.010222911834716797e+00,-9.900046586990356445e-01,-5.597374439239501953e-01,-7.518811225891113281e-01,-1.032644152641296387e+00,-6.647287011146545410e-01,-8.060213327407836914e-01,-3.630329966545104980e-01,-7.167036533355712891e-01,-1.024863243103027344e+00
-2.087223529815673828e-01,-3.125538527965545654e-01,-6.213163733482360840e-01,-5.073143243789672852e-01,-2.636825144290924072e-01,-5.494086146354675293e-01,-3.863732516765594482e-01,-4.896280765533447266e-01,-2.821180224418640137e-01,-2.824547588825225830e-01,-1.941595673561096191e-01,-7.503113150596618652e-02,-6.297231316566467285e-01,-8.333158493041992188e-01,-3.509118854999542236e-01,-1.079736948013305664e+00,-4.910271465778350830e-01,-7.026079893112182617e-01,-5.596581697463989258e-01,-4.137561917304992676e-01
-2.760157883167266846e-01,-2.772671282291412354e-01,7.678715884685516357e-02,1.745331436395645142e-01,-4.673713818192481995e-02,2.877566032111644745e-02,-4.230428338050842285e-01,-6.615805625915527344e-01,-5.398891568183898926e-01,2.306655794382095337e-01,-4.082918167114257812e-01,4.938167706131935120e-02,-2.348768711090087891e-02,-4.592078626155853271e-01,-2.220750153064727783e-01,-3.060189783573150635e-01,-7.682727184146642685e-03,1.197707578539848328e-01,3.452692031860351562e-01,-5.327081084251403809e-01
-4.610490500926971436e-01,-3.003849983215332031e-01,1.083722151815891266e-02,-4.295293092727661133e-01,-7.923801988363265991e-02,-6.352525353431701660e-01,-4.904198348522186279e-01,-4.208628833293914795e-01,-2.538982927799224854e-01,-2.271812111139297485e-01,-4.349182546138763428e-01,-1.759441047906875610e-01,-4.133965969085693359e-01,-3.034830987453460693e-01,-4.719017744064331055e-01,-2.578749358654022217e-01,-2.672540545463562012e-01,-2.466745972633361816e-01,1.195917427539825439e-01,-3.798179030418395996e-01
4.620274007320404053e-01,2.789404802024364471e-02,2.125323563814163208e-01,2.574638277292251587e-02,1.127512007951736450e-01,1.541465371847152710e-01,5.662120580673217773e-01,5.854851007461547852e-01,3.225635588169097900e-01,2.024926096200942993e-01,-8.039681613445281982e-02,3.266151249408721924e-01,5.332080125808715820e-01,5.161221027374267578e-01,4.182803034782409668e-01,6.659591794013977051e-01,2.328943610191345215e-01,5.338888764381408691e-01,1.454307287931442261e-01,3.552814424037933350e-01
-1.094954133033752441e+00,-5.438125133514404297e-01,-5.289912819862365723e-01,-6.455426216125488281e-01,-6.045011878013610840e-01,-1.288334131240844727e+00,-5.860530138015747070e-01,-5.621612071990966797e-01,-6.684662103652954102e-01,-6.375274658203125000e-01,-5.709013938903808594e-01,-6.605164408683776855e-01,-3.432456851005554199e-01,-7.506179213523864746e-01,-6.172254085540771484e-01,-6.696206331253051758e-01,-4.906367063522338867e-01,-2.729030251502990723e-01,-6.582631468772888184e-01,-9.348616003990173340e-01
-6.390813589096069336e-01,-9.320361167192459106e-02,-3.082983493804931641e-01,-1.476921588182449341e-01,-7.195724248886108398e-01,-7.798280119895935059e-01,-3.222844600677490234e-01,-2.559046745300292969e-01,1.487095504999160767e-01,-4.940311610698699951e-01,3.632814157754182816e-03,-2.798933684825897217e-01,-4.876779019832611084e-01,-3.513070940971374512e-01,-1.479367613792419434e-01,-3.326963484287261963e-01,-7.711737602949142456e-02,-6.025351285934448242e-01,-4.553968012332916260e-01,-4.073289334774017334e-01
9.878215380012989044e-03,1.003648340702056885e-01,4.836005568504333496e-01,1.751120388507843018e-01,-3.609958291053771973e-01,3.860526531934738159e-02,2.864799201488494873e-01,-3.609935939311981201e-01,-5.249308347702026367e-01,1.078017503023147583e-01,6.985419243574142456e-02,4.392304420471191406e-01,2.311143130064010620e-01,-2.002850025892257690e-01,6.036137789487838745e-02,-1.430434584617614746e-01,1.482000946998596191e-01,-9.029860794544219971e-02,-1.553043276071548462e-01,1.921244561672210693e-01
5.252572298049926758e-01,6.694948673248291016e-01,5.064705610275268555e-01,3.844324350357055664e-01,7.052144408226013184e-01,3.039588332176208496e-01,5.539331436157226562e-01,8.934479951858520508e-01,4.547566175460815430e-01,7.435093522071838379e-01,9.582471251487731934e-01,4.660656154155731201e-01,4.713705480098724365e-01,1.207163572311401367e+00,9.380697011947631836e-01,7.572631835937500000e-01,9.192038774490356445e-01,5.842223167419433594e-01,9.909133315086364746e-01,7.964257597923278809e-01
6.839432716369628906e-01,6.890783905982971191e-01,9.829351902008056641e-01,3.987287282943725586e-01,1.018015623092651367e+00,7.571449279785156250e-01,5.548326373100280762e-01,7.763329148292541504e-01,4.613482058048248291e-01,7.352806925773620605e-01,7.332311272621154785e-01,1.106708884239196777e+00,8.804086446762084961e-01,1.056179404258728027e+00,8.461394906044006348e-01,1.245343804359436035e+00,1.219202399253845215e+00,6.998839378356933594e-01,9.307602047920227051e-01,1.065555930137634277e+00
9.866995811462402344e-01,9.859516620635986328e-01,8.632663488388061523e-01,6.296015977859497070e-01,8.194762468338012695e-01,9.424008131027221680e-01,8.606109023094177246e-01,9.202790856361389160e-01,2.974770069122314453e-01,6.328381299972534180e-01,1.093893408775329590e+00,7.567839622497558594e-01,7.134858965873718262e-01,5.683583021163940430e-01,1.021325349807739258e+00,8.525916934013366699e-01,1.214813232421875000e+00,1.264668583869934082e+00,7.634896636009216309e-01,8.365465998649597168e-01
6.543683409690856934e-01,7.436884641647338867e-01,4.357945024967193604e-01,8.539059758186340332e-01,7.596231102943420410e-01,5.113509893417358398e-01,7.294413447380065918e-01,7.910749912261962891e-01,6.148388981819152832e-01,8.328059315681457520e-01,4.766519069671630859e-01,3.674764633178710938e-01,6.622589230537414551e-01,1.119124293327331543e+00,5.310355424880981445e-01,1.019209504127502441e+00,3.295123577117919922e-01,4.453599452972412109e-01,7.151359915733337402e-01,1.035231232643127441e+00
-6.787086725234985352e-01,-4.979156851768493652e-01,-3.004027009010314941e-01,-5.057359933853149414e-01,-1.216464638710021973e-01,-4.253986179828643799e-01,-3.887463826686143875e-03,-4.508936107158660889e-01,-4.533611834049224854e-01,-4.673279523849487305e-01,-5.482258200645446777e-01,-2.954847812652587891e-01,-7.138358950614929199e-01,-2.774432897567749023e-01,-3.619637489318847656e-01,-6.813828945159912109e-01,-4.532596170902252197e-01,-9.795262813568115234e-01,-5.664547085762023926e-01,-4.741504490375518799e-01
2.147468030452728271e-01,-5.587862730026245117e-01,-1.965185254812240601e-01,-3.447715193033218384e-02,-4.315764605998992920e-01,9.917216747999191284e-02,1.636731438338756561e-02,-3.049625456333160400e-01,-8.356009609997272491e-03,3.342209383845329285e-02,-8.223015815019607544e-02,7.415025681257247925e-02,-1.962201446294784546e-01,-2.652869522571563721e-01,-5.879452228546142578e-01,-1.682572811841964722e-01,-2.455228269100189209e-01,-3.044143319129943848e-01,6.175993010401725769e-02,-1.160514820367097855e-02
-1.415736228227615356e-01,-8.994778990745544434e-02,-2.837059795856475830e-01,-3.661914169788360596e-01,-2.300361394882202148e-01,-2.493567019701004028e-01,3.519909828901290894e-02,3.476722538471221924e-02,-1.515917927026748657e-01,-1.945719420909881592e-01,7.852594554424285889e-02,-2.538061738014221191e-01,-2.440854161977767944e-01,1.704597920179367065e-01,-4.155119359493255615e-01,-1.299440115690231323e-01,1.669783890247344971e-01,-1.794766187667846680e-01,-3.088511228561401367e-01,-6.674144417047500610e-02
4.402498006820678711e-01,3.962763845920562744e-01,8.161438703536987305e-01,7.342796325683593750e-01,8.411592245101928711e-01,4.568678140640258789e-01,7.637382149696350098e-01,4.678853452205657959e-01,3.236019313335418701e-01,9.372935295104980469e-01,7.805898785591125488e-01,7.665956020355224609e-01,2.113334089517593384e-01,5.801771283149719238e-01,4.979194402694702148e-01,9.443433284759521484e-01,1.066784039139747620e-01,4.944663047790527344e-01,5.176340937614440918e-01,4.220419228076934814e-01
-2.728172540664672852e-01,-5.061024427413940430e-01,-1.131805106997489929e-01,1.111666411161422729e-01,-1.419450044631958008e-01,-4.441490471363067627e-01,-6.943189352750778198e-02,1.053099613636732101e-02,-4.657281637191772461e-01,-2.664203941822052002e-01,9.184475988149642944e-03,-9.986414015293121338e-02,5.991601571440696716e-02,1.363064199686050415e-01,-1.457213908433914185e-01,-3.013677597045898438e-01,-2.044809907674789429e-01,-2.970312535762786865e-01,-3.190162777900695801e-01,-1.333245784044265747e-01
5.250863432884216309e-01,9.229521751403808594e-01,6.575658321380615234e-01,7.429516911506652832e-01,1.005984306335449219e+00,9.813899397850036621e-01,1.293600916862487793e+00,9.049886465072631836e-01,7.661406397819519043e-01,6.109851598739624023e-01,5.147513747215270996e-01,1.097346425056457520e+00,9.573451876640319824e-01,6.736232638359069824e-01,7.658998966217041016e-01,9.365843534469604492e-01,5.969692468643188477e-01,7.155361771583557129e-01,6.084123849868774414e-01,1.246046543121337891e+00
2.527410387992858887e-01,7.703881245106458664e-03,2.683786451816558838e-01,4.470872282981872559e-01,5.571359992027282715e-01,3.783892989158630371e-01,8.875905536115169525e-03,1.467882096767425537e-01,3.527372777462005615e-01,2.486356496810913086e-01,5.637993812561035156e-01,3.177048861980438232e-01,3.705843910574913025e-02,4.560473263263702393e-01,3.532641530036926270e-01,1.883316636085510254e-01,3.001685738563537598e-01,6.187137365341186523e-01,2.900868058204650879e-01,2.772035896778106689e-01
1.966571360826492310e-01,-2.041445076465606689e-01,-1.223082691431045532e-01,3.336451649665832520e-01,1.721635907888412476e-01,-1.949748247861862183e-01,1.590080261230468750e-01,3.650196790695190430e-01,-7.368469983339309692e-02,-3.599613308906555176e-01,6.714970618486404419e-02,4.321775734424591064e-01,5.215591788291931152e-01,1.537068188190460205e-02,2.773410677909851074e-01,-2.524920105934143066e-01,-1.426444351673126221e-01,2.045303434133529663e-01,-7.674476504325866699e-02,4.794510304927825928e-01
6.647647023200988770e-01,8.112758994102478027e-01,7.169176936149597168e-01,9.885099530220031738e-01,1.114691138267517090e+00,1.033448576927185059e+00,7.827103137969970703e-01,7.071921825408935547e-01,6.263871788978576660e-01,9.756650924682617188e-01,7.034983038902282715e-01,1.308756470680236816e+00,8.825355768203735352e-01,1.055554032325744629e+00,1.193919539451599121e+00,7.807605266571044922e-01,6.548423171043395996e-01,4.696434736251831055e-01,7.195706963539123535e-01,5.079625844955444336e-01
-9.115281701087951660e-01,-8.883976936340332031e-01,-1.099048733711242676e+00,-1.186389923095703125e+00,-9.082139730453491211e-01,-5.957757234573364258e-01,-7.779585719108581543e-01,-1.270046949386596680e+00,-5.352547764778137207e-01,-9.158126711845397949e-01,-7.659106254577636719e-01,-8.214219212532043457e-01,-1.290644884109497070e+00,-8.208414316177368164e-01,-6.636961102485656738e-01,-7.515331506729125977e-01,-5.276440978050231934e-01,-7.581590414047241211e-01,-3.913960754871368408e-01,-1.089927673339843750e+00
-1.830721944570541382e-01,4.269727766513824463e-01,1.355505883693695068e-01,-9.312144480645656586e-03,8.964395523071289062e-02,3.846438825130462646e-01,2.773527801036834717e-01,-2.804714255034923553e-02,-2.284516543149948120e-01,-1.557981129735708237e-03,-7.173056900501251221e-02,-1.362618505954742432e-01,-1.123194918036460876e-01,2.665629982948303223e-01,5.502393245697021484e-01,1.475477218627929688e-01,3.653888404369354248e-01,-2.755932509899139404e-02,1.395909637212753296e-01,-1.871599406003952026e-01
-2.981491982936859131e-01,-1.918630450963973999e-01,-7.751539349555969238e-01,-2.263291478157043457e-01,-1.711840927600860596e-01,-8.683665096759796143e-02,-4.909278750419616699e-01,-3.761040568351745605e-01,-4.571850895881652832e-01,-7.629048228263854980e-01,-2.143107168376445770e-02,-9.812334775924682617e-01,-2.129110693931579590e-01,-4.713873267173767090e-01,-7.629755139350891113e-01,-4.139675796031951904e-01,-4.350718259811401367e-01,-4.860767126083374023e-01,-2.612892687320709229e-01,-3.071235418319702148e-01
4.845920801162719727e-01,5.310607552528381348e-01,8.756363391876220703e-01,3.728021383285522461e-01,8.581230789422988892e-02,2.217479646205902100e-01,4.880855679512023926e-01,7.923192977905273438e-01,3.631054162979125977e-01,6.363961696624755859e-01,5.356451272964477539e-01,1.451539993286132812e-01,3.820218145847320557e-01,6.726632714271545410e-01,5.391448140144348145e-01,4.185205101966857910e-01,5.076090097427368164e-01,7.578577399253845215e-01,2.381338477134704590e-01,5.225501060485839844e-01
-9.921155571937561035e-01,-9.611659049987792969e-01,-3.711865246295928955e-01,-6.723524332046508789e-01,-9.416785240173339844e-01,-5.106559991836547852e-01,-5.398266911506652832e-01,-5.865371823310852051e-01,-1.666220724582672119e-01,-5.552782416343688965e-01,-6.943238973617553711e-01,-5.453423857688903809e-01,-4.272447228431701660e-01,-3.742257058620452881e-01,-7.077689170837402344e-01,-9.145078063011169434e-01,-2.744425535202026367e-01,-4.147405922412872314e-01,-1.649106144905090332e-01,-5.582252144813537598e-01
2.841474413871765137e-01,2.042262703180313110e-01,-9.021047502756118774e-02,4.226870834827423096e-01,2.551567256450653076e-01,2.482523620128631592e-01,-2.763289809226989746e-01,1.690486520528793335e-01,4.285562336444854736e-01,3.280096352100372314e-01,2.684900760650634766e-01,2.520206570625305176e-01,4.607691168785095215e-01,4.988515973091125488e-01,8.256508968770503998e-03,2.293174117803573608e-01,2.971406579017639160e-01,-3.744077682495117188e-02,3.212418556213378906e-01,1.421861201524734497e-01
5.913645625114440918e-01,9.166744351387023926e-01,2.086894512176513672e-01,7.730536460876464844e-01,6.296252608299255371e-01,8.420281410217285156e-01,2.510794699192047119e-01,2.610813975334167480e-01,8.574480414390563965e-01,3.767077326774597168e-01,2.584716975688934326e-01,9.083945751190185547e-01,3.744692206382751465e-01,3.975677490234375000e-01,5.448725223541259766e-01,5.431988835334777832e-01,9.558185935020446777e-01,3.513127267360687256e-01,7.899683117866516113e-01,5.833587050437927246e-01
-1.095161199569702148e+00,-1.122267007827758789e+00,-1.001354098320007324e+00,-1.112788796424865723e+00,-1.130953550338745117e+00,-1.249500393867492676e+00,-6.371933817863464355e-01,-1.187613606452941895e+00,-6.858992576599121094e-01,-1.218113541603088379e+00,-1.152220010757446289e+00,-9.566581845283508301e-01,-2.507732152938842773e+00,-9.822957515716552734e-01,-1.159819364547729492e+00,-7.875134944915771484e-01,-8.512334227561950684e-01,-8.629180788993835449e-01,-7.979516386985778809e-01,-8.976654410362243652e-01
-9.004743099212646484e-01,-8.303707242012023926e-01,-7.411097884178161621e-01,-5.881287455558776855e-01,-5.957468152046203613e-01,-1.044071197509765625e+00,-8.022038936614990234e-01,-6.514717340469360352e-01,-5.802596807479858398e-01,-8.434636592864990234e-01,-4.179297387599945068e-01,-7.072094678878784180e-01,-5.352063179016113281e-01,-8.724238276481628418e-01,-9.667233228683471680e-01,-8.828327059745788574e-01,-4.490897357463836670e-01,-4.574773907661437988e-01,-7.524979710578918457e-01,-6.756001710891723633e-01
1.216488361358642578e+00,7.330805659294128418e-01,1.089362382888793945e+00,7.864909172058105469e-01,5.554036498069763184e-01,1.106718540191650391e+00,1.089328169822692871e+00,1.197021126747131348e+00,6.021753549575805664e-01,9.659553766250610352e-01,1.140701413154602051e+00,1.216096401214599609e+00,1.239161133766174316e+00,1.186051249504089355e+00,9.901249408721923828e-01,9.076047539710998535e-01,1.132089138031005859e+00,9.672460556030273438e-01,1.076300501823425293e+00,8.526793122291564941e-01
-4.320867359638214111e-01,-7.533752918243408203e-01,-7.764435410499572754e-01,-8.710384368896484375e-01,-8.141714930534362793e-01,-8.676717877388000488e-01,-5.554131865501403809e-01,-7.467173337936401367e-01,-8.258041143417358398e-01,-8.133112788200378418e-01,-6.434135437011718750e-01,-3.089802265167236328e-01,-6.238226294517517090e-01,-8.828365206718444824e-01,-1.996645182371139526e-01,-8.846470713615417480e-01,-5.882230997085571289e-01,-7.680763006210327148e-01,-6.679433584213256836e-01,-8.485690355300903320e-01
5.254070758819580078e-01,2.469301372766494751e-01,6.763401031494140625e-01,5.635449290275573730e-01,2.310939282178878784e-01,6.540557742118835449e-01,5.034818053245544434e-01,7.597646117210388184e-01,5.797584652900695801e-01,3.636023104190826416e-01,3.522434532642364502e-01,4.254482090473175049e-01,5.912523865699768066e-01,6.293092370033264160e-01,2.578240633010864258e-01,9.571335315704345703e-01,8.910009264945983887e-01,5.694530010223388672e-01,2.266372889280319214e-01,6.892205476760864258e-01
-1.619977504014968872e-01,-7.606332749128341675e-02,-5.785403773188591003e-02,-6.258390098810195923e-02,3.940886259078979492e-01,-1.106876507401466370e-01,-1.465782672166824341e-01,-1.033514365553855896e-01,3.368632793426513672e-01,2.339403480291366577e-01,2.823094651103019714e-02,3.496807217597961426e-01,4.734655618667602539e-01,8.512055873870849609e-02,1.419284939765930176e-01,3.185905814170837402e-01,3.893837034702301025e-01,3.301783800125122070e-01,-5.428078174591064453e-01,7.183417677879333496e-02
7.232760787010192871e-01,9.708682298660278320e-01,8.210352063179016113e-01,4.476076066493988037e-01,6.438908576965332031e-01,8.713737130165100098e-01,3.423821628093719482e-01,6.270340085029602051e-01,4.538877606391906738e-01,4.605790376663208008e-01,4.790360629558563232e-01,4.623637795448303223e-01,6.719664931297302246e-01,5.686599016189575195e-01,6.131129264831542969e-01,5.442685484886169434e-01,8.174017667770385742e-01,8.152131438255310059e-01,6.620848774909973145e-01,8.405171036720275879e-01
5.096141695976257324e-01,1.045673489570617676e+00,9.039196372032165527e-01,6.300792098045349121e-01,5.997722744941711426e-01,8.262034058570861816e-01,1.003231406211853027e+00,1.219521522521972656e+00,8.101853728294372559e-01,8.020182847976684570e-01,8.536120653152465820e-01,9.008662700653076172e-01,4.060458540916442871e-01,8.445650339126586914e-01,7.657647132873535156e-01,4.967553615570068359e-01,9.779776930809020996e-01,1.108731865882873535e+00,8.893215656280517578e-01,3.805103600025177002e-01
-4.162459373474121094e-01,-4.596326351165771484e-01,-3.666052818298339844e-01,-1.739274412393569946e-01,-3.201534450054168701e-01,-4.728278219699859619e-01,-6.708375811576843262e-01,-3.216430842876434326e-01,3.425744595006108284e-03,-6.680007576942443848e-01,-4.300912618637084961e-01,-5.255816578865051270e-01,-2.528435885906219482e-01,-8.154523968696594238e-01,-3.910734057426452637e-01,-3.497636020183563232e-01,-5.251944065093994141e-01,-5.695084333419799805e-01,-4.995404779911041260e-01,-5.717912316322326660e-01
-6.409500539302825928e-02,-6.284492462873458862e-02,-3.942433744668960571e-02,-2.092065513134002686e-01,-3.166731446981430054e-02,5.496166646480560303e-03,3.192893564701080322e-01,3.448255956172943115e-01,-2.512851655483245850e-01,5.018503665924072266e-01,-8.668962866067886353e-02,-1.507355421781539917e-01,1.620260626077651978e-01,-1.648929715156555176e-01,1.233367342501878738e-02,-7.885033637285232544e-02,-1.065201405435800552e-02,-5.728839039802551270e-01,-3.083369433879852295e-01,2.815800309181213379e-01
-6.681334972381591797e-01,-6.231892108917236328e-01,-1.239478588104248047e+00,-6.570634841918945312e-01,1.536153815686702728e-02,-8.197442293167114258e-01,-7.330605983734130859e-01,-1.131803154945373535e+00,-1.202707529067993164e+00,-1.046171426773071289e+00,-1.363437533378601074e+00,-1.118759512901306152e+00,-9.415214061737060547e-01,-7.068447470664978027e-01,-9.392188191413879395e-01,-9.157809615135192871e-01,-6.021822094917297363e-01,-1.246608972549438477e+00,-1.095974445343017578e+00,-6.086030602455139160e-01
5.188853740692138672e-01,5.348771214485168457e-01,6.126597523689270020e-01,7.129086852073669434e-01,3.240488171577453613e-01,8.041219115257263184e-01,3.315414488315582275e-01,5.150465369224548340e-01,6.445817351341247559e-01,6.000636816024780273e-01,6.854242086410522461e-01,6.357576251029968262e-01,6.311050653457641602e-01,2.163290679454803467e-01,5.735554695129394531e-01,7.803569436073303223e-01,4.887732565402984619e-01,5.166890025138854980e-01,6.452831625938415527e-01,6.151021718978881836e-01
-3.839028775691986084e-01,-2.986398339271545410e-01,-6.635403633117675781e-01,-8.159475922584533691e-01,-6.799982786178588867e-01,-7.898058295249938965e-01,-5.663620829582214355e-01,-8.852009773254394531e-01,-5.215125679969787598e-01,-5.028057098388671875e-01,-1.331146717071533203e+00,-6.112660765647888184e-01,-5.060656666755676270e-01,-4.616400301456451416e-01,-5.901883840560913086e-01,-5.261089801788330078e-01,-1.131430491805076599e-01,-5.630120038986206055e-01,-3.803312182426452637e-01,-5.479874610900878906e-01
-1.002403646707534790e-01,4.450757503509521484e-01,-9.218665212392807007e-02,-2.217784672975540161e-01,1.480058431625366211e-01,1.086908206343650818e-02,-1.712759286165237427e-01,-2.675442099571228027e-01,-3.349135816097259521e-01,-3.292793408036231995e-02,2.575396373867988586e-02,-2.758960723876953125e-01,1.120051927864551544e-02,-2.079268395900726318e-01,2.812107205390930176e-01,-4.109918326139450073e-02,2.689878344535827637e-01,2.875541448593139648e-01,-3.999279066920280457e-02,1.002298370003700256e-01
-9.133438467979431152e-01,-9.813979268074035645e-01,-7.003340125083923340e-01,-1.139793038368225098e+00,-6.146797537803649902e-01,-8.203282356262207031e-01,-7.622836828231811523e-01,-7.203156948089599609e-01,-5.692669153213500977e-01,-8.406169414520263672e-01,-5.867652893066406250e-01,-7.066783905029296875e-01,-9.812943935394287109e-01,-4.443019628524780273e-01,-5.374007821083068848e-01,-1.004588127136230469e+00,-1.009928941726684570e+00,-6.916562318801879883e-01,-5.800566077232360840e-01,-9.621444344520568848e-01
5.201739668846130371e-01,5.280063152313232422e-01,1.148250699043273926e+00,9.083713889122009277e-01,8.181737065315246582e-01,1.200567483901977539e+00,1.027042746543884277e+00,1.005712747573852539e+00,8.151992559432983398e-01,8.953542113304138184e-01,8.554041385650634766e-01,7.285542488098144531e-01,6.376007199287414551e-01,1.213079333305358887e+00,1.219434022903442383e+00,9.009247422218322754e-01,9.306572675704956055e-01,9.292507767677307129e-01,7.166184782981872559e-01,5.128355026245117188e-01
-8.967168629169464111e-02,-4.521526396274566650e-01,-1.510096937417984009e-01,-6.891019344329833984e-01,-5.735176205635070801e-01,-1.990509331226348877e-01,-2.987376749515533447e-01,-2.325906008481979370e-01,2.596558332443237305e-01,-5.699144303798675537e-02,-3.006567656993865967e-01,-4.986909329891204834e-01,-2.989704608917236328e-01,-6.764260530471801758e-01,-4.596848487854003906e-01,-5.011759400367736816e-01,-7.694770097732543945e-01,-3.738940060138702393e-01,-7.024986743927001953e-01,-4.554914236068725586e-01
-7.607516050338745117e-01,-4.340528845787048340e-01,-7.888219356536865234e-01,-4.182075858116149902e-01,-2.342544943094253540e-01,-4.314557313919067383e-01,-5.407302379608154297e-01,-8.613185882568359375e-01,-4.159839749336242676e-01,-7.769312262535095215e-01,-4.494462907314300537e-01,-4.799044728279113770e-01,-7.044712901115417480e-01,-5.197122097015380859e-01,-2.577621042728424072e-01,-8.841384649276733398e-01,-4.056074321269989014e-01,-1.035518765449523926e+00,-8.103844523429870605e-01,-6.337976455688476562e-01
6.958308219909667969e-01,6.901557445526123047e-01,7.376316189765930176e-01,5.489353537559509277e-01,8.036739826202392578e-01,8.388924002647399902e-01,6.152315735816955566e-01,1.082071900367736816e+00,1.102508306503295898e+00,6.307909488677978516e-01,9.477438330650329590e-01,9.173818826675415039e-01,5.700367093086242676e-01,8.082979321479797363e-01,7.916709780693054199e-01,1.141578555107116699e+00,9.557704925537109375e-01,9.308348894119262695e-01,6.946067810058593750e-01,6.162470579147338867e-01
8.906547427177429199e-01,6.667888760566711426e-01,8.414831757545471191e-01,8.730299472808837891e-01,7.260017991065979004e-01,1.124524950981140137e+00,1.074117183685302734e+00,1.048968553543090820e+00,5.985617637634277344e-01,7.002360224723815918e-01,9.743021130561828613e-01,9.767548441886901855e-01,7.913986444473266602e-01,7.297866344451904297e-01,8.005914688110351562e-01,1.039147734642028809e+00,6.350515484809875488e-01,1.066875338554382324e+00,1.246685743331909180e+00,1.085278034210205078e+00
4.557578861713409424e-01,7.943204641342163086e-01,7.129848003387451172e-01,6.021274328231811523e-01,7.804532051086425781e-01,6.223709583282470703e-01,1.030152797698974609e+00,1.035966515541076660e+00,6.400391459465026855e-01,4.351691901683807373e-01,5.768132805824279785e-01,6.625821590423583984e-01,8.229403495788574219e-01,1.147772431373596191e+00,1.161551356315612793e+00,1.100360274314880371e+00,5.415113568305969238e-01,9.571012854576110840e-01,7.738885283470153809e-01,6.364964842796325684e-01
7.534828037023544312e-02,-6.806342005729675293e-01,-1.911862194538116455e-01,-3.512828350067138672e-01,1.074025128036737442e-02,-2.399141639471054077e-01,-3.005222678184509277e-01,-4.532283842563629150e-01,2.132740020751953125e-01,-2.773261666297912598e-01,-7.037138342857360840e-01,-2.031355649232864380e-01,-2.685265839099884033e-01,4.677107036113739014e-01,-5.098804086446762085e-02,-2.506920695304870605e-01,2.441082382574677467e-03,9.040975570678710938e-02,-5.749260187149047852e-01,-1.167573966085910797e-03
5.001105070114135742e-01,4.058810770511627197e-01,2.487635314464569092e-01,5.690319538116455078e-01,3.799683153629302979e-01,9.092983603477478027e-01,4.801915884017944336e-01,2.568920552730560303e-01,8.735596537590026855e-01,4.997989535331726074e-01,5.316455364227294922e-01,4.590381979942321777e-01,4.203912913799285889e-01,3.589686751365661621e-01,3.850703537464141846e-01,4.407335519790649414e-01,2.825889289379119873e-01,3.563752472400665283e-01,2.807450294494628906e-02,4.676842093467712402e-01
2.380796968936920166e-01,5.794988274574279785e-01,3.841796219348907471e-01,7.464330792427062988e-01,5.958205461502075195e-01,8.595446944236755371e-01,5.306440591812133789e-01,7.807484865188598633e-01,8.007169365882873535e-01,7.992956638336181641e-01,1.034553885459899902e+00,1.205224394798278809e+00,9.128347635269165039e-01,8.843079805374145508e-01,5.420908927917480469e-01,4.570488333702087402e-01,1.010710120201110840e+00,8.762210011482238770e-01,7.765444517135620117e-01,6.223834753036499023e-01
-9.080868959426879883e-01,-5.873276591300964355e-01,-6.318947672843933105e-01,-1.283381700515747070e+00,-1.149974703788757324e+00,-1.075221300125122070e+00,-6.802703142166137695e-01,-6.749225854873657227e-01,-7.217614650726318359e-01,-5.674626827239990234e-01,-5.869432687759399414e-01,-1.164015769958496094e+00,-8.263230919837951660e-01,-1.164328694343566895e+00,-1.262018084526062012e+00,-8.546285033226013184e-01,-6.750113368034362793e-01,-7.082824110984802246e-01,-1.108178496360778809e+00,-9.203161597251892090e-01
6.380325555801391602e-01,4.056895971298217773e-01,9.340367913246154785e-01,8.117069005966186523e-01,5.370752811431884766e-01,8.566267490386962891e-01,6.092116832733154297e-01,8.904941678047180176e-01,6.806229948997497559e-01,7.783555984497070312e-01,1.152892947196960449e+00,1.278646349906921387e+00,6.493640542030334473e-01,8.999552130699157715e-01,7.472923398017883301e-01,8.769910335540771484e-01,1.214709997177124023e+00,8.036652803421020508e-01,8.199617862701416016e-01,6.997162699699401855e-01
9.428365230560302734e-01,8.675348758697509766e-01,8.415799736976623535e-01,7.380300760269165039e-01,7.363044619560241699e-01,9.784780144691467285e-01,8.938794732093811035e-01,7.668734788894653320e-01,7.092754244804382324e-01,9.806312322616577148e-01,1.258312582969665527e+00,9.737955331802368164e-01,7.561550140380859375e-01,8.792326450347900391e-01,8.869681954383850098e-01,9.402533769607543945e-01,6.517544388771057129e-01,7.990766763687133789e-01,8.582815527915954590e-01,1.043823599815368652e+00
1.049633771181106567e-01,-2.160434126853942871e-01,7.291461224667727947e-04,-6.936321407556533813e-02,-1.042420789599418640e-01,1.534137316048145294e-02,-2.746347188949584961e-01,-3.253755271434783936e-01,2.515882253646850586e-01,-1.697192937135696411e-01,4.485459625720977783e-02,-2.420402020215988159e-01,5.656835436820983887e-02,1.739651262760162354e-01,1.470368355512619019e-01,2.319904044270515442e-02,-1.142393276095390320e-01,8.696966618299484253e-02,-4.505839645862579346e-01,2.221559435129165649e-01
-6.177229881286621094e-01,-5.548455119132995605e-01,-6.552761197090148926e-01,-1.029906034469604492e+00,-1.022316336631774902e+00,-6.300159096717834473e-01,-7.556619644165039062e-01,-8.745443820953369141e-01,-6.809387803077697754e-01,-5.826672911643981934e-01,-8.617231249809265137e-01,-1.171884059906005859e+00,-5.912196040153503418e-01,-7.247979044914245605e-01,-8.135251402854919434e-01,-1.205698728561401367e+00,-8.968436717987060547e-01,-7.698999643325805664e-01,-9.074595570564270020e-01,-7.785064578056335449e-01
-1.540447771549224854e-01,-2.246086746454238892e-01,-6.912992596626281738e-01,-6.961015462875366211e-01,-5.442098379135131836e-01,-2.279808223247528076e-01,-5.238493084907531738e-01,-5.920932292938232422e-01,-6.825318336486816406e-01,-3.333505988121032715e-01,-3.082443028688430786e-03,-5.227528810501098633e-01,8.903517387807369232e-03,-1.870027780532836914e-01,-5.667589902877807617e-01,-3.065304458141326904e-01,-2.981970086693763733e-02,-4.254743158817291260e-01,-6.718733310699462891e-01,-3.228566944599151611e-01
-1.076465010643005371e+00,-8.301745653152465820e-01,-8.591667413711547852e-01,-1.410474658012390137e+00,-8.624334335327148438e-01,-8.752989768981933594e-01,-1.103719353675842285e+00,-9.382173418998718262e-01,-8.319722414016723633e-01,-1.071147322654724121e+00,-8.135879039764404297e-01,-9.034287929534912109e-01,-1.023502826690673828e+00,-1.005114316940307617e+00,-9.967491626739501953e-01,-8.256720304489135742e-01,-1.203422665596008301e+00,-1.148308157920837402e+00,-7.338989377021789551e-01,-1.076207399368286133e+00
-1.007990598678588867e+00,-3.716004788875579834e-01,-7.000809907913208008e-01,-8.031385540962219238e-01,-5.744161605834960938e-01,-6.718753576278686523e-01,-7.333659529685974121e-01,-7.970791459083557129e-01,-5.064916014671325684e-01,-7.784747481346130371e-01,-7.050254940986633301e-01,-6.169086694717407227e-01,-5.176843404769897461e-01,-5.455852746963500977e-01,-7.763189673423767090e-01,-8.817328214645385742e-01,-1.087173540145158768e-02,-6.815374493598937988e-01,-6.718581318855285645e-01,-8.398319482803344727e-01
-3.516141325235366821e-03,1.744623184204101562e-01,4.044169485569000244e-01,3.928391933441162109e-01,1.603880673646926880e-01,-3.647821545600891113e-01,2.831346988677978516e-01,3.513547033071517944e-02,1.666067093610763550e-01,1.493536382913589478e-01,-7.460883259773254395e-02,1.431727707386016846e-01,-2.124554216861724854e-01,-6.740928627550601959e-03,2.064436823129653931e-01,-4.837338626384735107e-02,-4.788511991500854492e-02,2.017836570739746094e-01,-1.031790673732757568e-01,-5.805676430463790894e-02
-5.991000533103942871e-01,-9.519433379173278809e-01,-4.217117726802825928e-01,-3.555792570114135742e-01,-1.963264644145965576e-01,-4.825854003429412842e-01,-6.472297906875610352e-01,-2.787930965423583984e-01,-3.529869914054870605e-01,-9.065421819686889648e-01,-6.222835183143615723e-01,-6.524096131324768066e-01,-5.669822096824645996e-01,-7.446511983871459961e-01,-6.894963383674621582e-01,-6.924558281898498535e-01,-3.392633199691772461e-01,-6.331236958503723145e-01,-6.552633643150329590e-01,-6.166505217552185059e-01
-4.457226097583770752e-01,-4.824054241180419922e-01,-2.705876827239990234e-01,-4.900343716144561768e-01,-1.223980188369750977e-01,-3.450739383697509766e-01,-8.429729342460632324e-01,-4.404743015766143799e-01,-2.756482362747192383e-01,-6.450147032737731934e-01,-3.175081014633178711e-01,-9.927049875259399414e-01,-3.864548504352569580e-01,-3.961895704269409180e-01,-2.500834763050079346e-01,-5.259382128715515137e-01,-4.536743164062500000e-01,-5.500184744596481323e-02,-5.268960595130920410e-01,-6.453305482864379883e-01
2.578373551368713379e-01,1.518865972757339478e-01,-1.282669901847839355e-01,2.556544542312622070e-01,4.886002838611602783e-02,-5.514866858720779419e-02,3.859780728816986084e-02,1.437653899192810059e-01,5.185588598251342773e-01,3.006207942962646484e-01,1.127763390541076660e-01,-2.847270965576171875e-01,-3.412259221076965332e-01,-1.596916317939758301e-01,-6.639818102121353149e-02,-2.060720473527908325e-01,-3.278569579124450684e-01,-5.711121484637260437e-02,-3.113960623741149902e-01,-3.564198613166809082e-01
-6.168449521064758301e-01,-5.361474156379699707e-01,-5.067558288574218750e-01,-5.727729797363281250e-01,-2.099312245845794678e-01,-9.624363183975219727e-01,-3.883416652679443359e-01,-4.029145538806915283e-01,-3.755932748317718506e-01,-1.570922732353210449e-01,-5.598869323730468750e-01,-3.806327283382415771e-01,-6.004077792167663574e-01,-7.796742916107177734e-01,-6.314581036567687988e-01,-2.931987047195434570e-01,-4.150387346744537354e-01,-7.958169579505920410e-01,-2.381223291158676147e-01,-5.270920395851135254e-01
1.152462363243103027e+00,1.214515089988708496e+00,7.323637008666992188e-01,5.841676592826843262e-01,5.730166435241699219e-01,9.031786918640136719e-01,9.906073212623596191e-01,9.844034314155578613e-01,8.558802604675292969e-01,5.484070181846618652e-01,9.778381586074829102e-01,7.524551749229431152e-01,8.277409672737121582e-01,9.726613759994506836e-01,1.012319684028625488e+00,9.005275964736938477e-01,7.131354808807373047e-01,1.825567364692687988e+00,6.043515205383300781e-01,6.676828861236572266e-01
4.384682476520538330e-01,2.677293717861175537e-01,2.018202841281890869e-01,4.949999749660491943e-01,-1.812721788883209229e-02,4.010642468929290771e-01,5.209555029869079590e-01,7.045841217041015625e-01,7.186062335968017578e-01,3.377943933010101318e-01,1.257272958755493164e-01,6.378821134567260742e-01,5.903620719909667969e-01,3.468008637428283691e-01,4.420972466468811035e-01,5.022073388099670410e-01,4.098163843154907227e-01,3.706515431404113770e-01,5.971481204032897949e-01,5.139691233634948730e-01
5.073115825653076172e-01,4.583636522293090820e-01,2.695603072643280029e-01,-8.286347240209579468e-02,3.212392330169677734e-01,4.705845378339290619e-03,1.932232826948165894e-01,4.503381550312042236e-01,4.830207526683807373e-01,2.652896344661712646e-01,1.129466593265533447e-01,1.151554659008979797e-01,-2.397832721471786499e-01,-1.079589687287807465e-02,3.786797821521759033e-01,1.199291795492172241e-01,2.281315028667449951e-01,2.374289929866790771e-01,-5.330104846507310867e-03,3.081587255001068115e-01
7.621819972991943359e-01,1.019162774085998535e+00,1.138957977294921875e+00,9.516391754150390625e-01,9.111660122871398926e-01,9.196384549140930176e-01,7.627155184745788574e-01,1.168053388595581055e+00,8.373426795005798340e-01,7.063915133476257324e-01,1.104849219322204590e+00,7.676324844360351562e-01,8.011052608489990234e-01,7.929587960243225098e-01,1.103117823600769043e+00,1.066940069198608398e+00,1.713111996650695801e+00,8.497523665428161621e-01,5.479148626327514648e-01,8.069303035736083984e-01
-1.302408576011657715e-01,-2.822125144302845001e-02,7.340935617685317993e-02,2.191401459276676178e-02,6.420048475265502930e-01,3.027570545673370361e-01,3.030186295509338379e-01,2.576717734336853027e-01,5.519178882241249084e-02,1.694599390029907227e-01,1.702435165643692017e-01,2.299919575452804565e-01,-1.613458245992660522e-01,2.304805964231491089e-01,-6.538084894418716431e-02,4.986892640590667725e-01,1.730412840843200684e-01,-6.420722603797912598e-02,3.049850463867187500e-01,-9.229980409145355225e-03
-7.785502076148986816e-01,-8.786363005638122559e-01,-9.795066118240356445e-01,-8.803738951683044434e-01,-8.394161462783813477e-01,-1.027207136154174805e+00,-9.591028094291687012e-01,-1.122353792190551758e+00,-8.388257622718811035e-01,-3.857886493206024170e-01,-5.745662450790405273e-01,-9.768410921096801758e-01,-5.535781383514404297e-01,-7.454263567924499512e-01,-1.135416030883789062e+00,-7.114979028701782227e-01,-8.124142885208129883e-01,-1.185943722724914551e+00,-1.055623173713684082e+00,-4.725826382637023926e-01
-4.503346979618072510e-01,-6.960014104843139648e-01,-9.699561595916748047e-01,-1.902576982975006104e-01,-5.085606575012207031e-01,-8.705773353576660156e-01,4.207977280020713806e-02,-7.070204615592956543e-01,-4.629426002502441406e-01,-1.851164251565933228e-01,-5.670794248580932617e-01,-4.047510921955108643e-01,-7.713291049003601074e-01,-6.172021627426147461e-01,-5.064111948013305664e-01,-4.448058903217315674e-01,-6.860046386718750000e-01,-6.224804520606994629e-01,-5.710896849632263184e-02,-3.038350343704223633e-01
8.032262921333312988e-01,7.111822962760925293e-01,6.647276282310485840e-01,9.527302980422973633e-01,7.907165884971618652e-01,-8.689528703689575195e-02,4.176113009452819824e-01,8.385432958602905273e-01,3.655596077442169189e-01,6.570988893508911133e-01,6.372118592262268066e-01,1.064137339591979980e+00,7.439719438552856445e-01,7.165012359619140625e-01,9.735015034675598145e-01,5.677598714828491211e-01,7.064231634140014648e-01,1.054256200790405273e+00,8.296928405761718750e-01,4.734159708023071289e-01
-3.659792542457580566e-01,-5.952810645103454590e-01,-7.564429044723510742e-01,-4.647429287433624268e-01,-3.355448246002197266e-01,-7.059888839721679688e-01,-9.218465685844421387e-01,-8.628717660903930664e-01,-4.756095707416534424e-01,-9.707908034324645996e-01,-8.592618703842163086e-01,-1.435916572809219360e-01,-5.455256700515747070e-01,-1.048914790153503418e+00,-4.959799945354461670e-01,-5.537086129188537598e-01,-6.306359171867370605e-01,-9.075414538383483887e-01,-5.096236467361450195e-01,-1.065399289131164551e+00
3.741275370121002197e-01,3.878387212753295898e-01,5.991338193416595459e-02,2.247115522623062134e-01,1.644433438777923584e-01,3.117048144340515137e-01,8.812127709388732910e-01,7.282791137695312500e-01,2.302580177783966064e-01,2.544815540313720703e-01,5.532627701759338379e-01,8.000877499580383301e-01,9.547916054725646973e-01,2.664120495319366455e-01,3.404788374900817871e-01,4.821664690971374512e-01,4.231894314289093018e-01,8.706411719322204590e-01,2.349844127893447876e-01,6.406847238540649414e-01
1.200730577111244202e-01,5.464119911193847656e-01,3.522828519344329834e-01,9.238190054893493652e-01,2.902027666568756104e-01,6.071058511734008789e-01,9.136317372322082520e-01,5.378572940826416016e-01,4.223779737949371338e-01,-1.063580632209777832e+00,7.079719305038452148e-01,2.280766367912292480e-01,-7.501867413520812988e-02,7.291442155838012695e-01,7.846940755844116211e-01,7.006762623786926270e-01,4.603855311870574951e-01,6.545763015747070312e-01,4.856818020343780518e-01,5.002602338790893555e-01
7.711251080036163330e-02,6.061565279960632324e-01,1.995361894369125366e-01,2.846355736255645752e-01,4.895751178264617920e-01,6.438797116279602051e-01,8.608549237251281738e-01,4.718750715255737305e-01,3.316246569156646729e-01,9.161999821662902832e-01,5.240228772163391113e-01,9.251512289047241211e-01,4.354754686355590820e-01,3.221022188663482666e-01,4.808279871940612793e-01,7.319597005844116211e-01,8.181443214416503906e-01,6.596737504005432129e-01,7.288901805877685547e-01,4.957219064235687256e-01
-6.630058884620666504e-01,-6.855050921440124512e-01,-9.451954960823059082e-01,-8.334233164787292480e-01,-7.231943011283874512e-01,-4.903363287448883057e-01,-7.820246219635009766e-01,-1.050718426704406738e+00,-5.544024705886840820e-01,-8.537512421607971191e-01,-7.733904719352722168e-01,-7.273896932601928711e-01,-2.505818307399749756e-01,-8.828307390213012695e-01,-6.937310695648193359e-01,-7.174420952796936035e-01,-6.029585599899291992e-01,-3.089872300624847412e-01,-4.214301705360412598e-01,-6.695216298103332520e-01
-4.420121014118194580e-02,2.911526858806610107e-01,9.465652704238891602e-02,-8.226485550403594971e-02,9.434747695922851562e-02,-7.266688346862792969e-02,-5.955715849995613098e-02,-1.398161500692367554e-01,-1.026976667344570160e-02,-1.261081695556640625e-01,1.209713518619537354e-01,-8.879157155752182007e-02,-1.051350012421607971e-01,1.330965757369995117e-01,-1.857320219278335571e-01,-1.465586870908737183e-01,-7.259605824947357178e-02,-6.452000141143798828e-02,7.864148914813995361e-02,7.705097645521163940e-02
3.558891713619232178e-01,8.052054643630981445e-01,6.196091175079345703e-01,6.468104124069213867e-01,5.178899168968200684e-01,2.760013937950134277e-01,2.023630142211914062e-01,7.731084227561950684e-01,8.757845759391784668e-01,1.542000174522399902e-01,8.198334574699401855e-01,6.367762088775634766e-01,5.862902402877807617e-01,9.424739480018615723e-01,6.330095529556274414e-01,3.150787651538848877e-01,3.005878031253814697e-01,4.027380943298339844e-01,2.186825275421142578e-01,3.816092312335968018e-01
-2.803522050380706787e-01,-8.258257806301116943e-02,1.785064674913883209e-02,-2.582114636898040771e-01,-2.522167861461639404e-01,-1.620468646287918091e-01,-3.681797385215759277e-01,-3.992280662059783936e-01,-1.515456587076187134e-01,-1.640406399965286255e-01,-3.588272333145141602e-01,-3.039627969264984131e-01,-9.190814569592475891e-03,-1.400067806243896484e-01,-3.323169648647308350e-01,-1.974873095750808716e-01,-2.742303907871246338e-01,-4.328780770301818848e-01,-2.462026178836822510e-01,-2.496354728937149048e-01
7.059984207153320312e-01,7.489145994186401367e-01,9.775161743164062500e-01,7.918424010276794434e-01,6.992229223251342773e-01,1.028548002243041992e+00,1.051648974418640137e+00,4.149042069911956787e-01,5.908971428871154785e-01,1.124719738960266113e+00,5.340498089790344238e-01,6.306751370429992676e-01,4.738508462905883789e-01,5.268511176109313965e-01,8.254908919334411621e-01,7.236337065696716309e-01,7.760248184204101562e-01,1.131175160408020020e+00,5.755311250686645508e-01,1.013430595397949219e+00
-2.734235525131225586e-01,-7.351267933845520020e-01,-5.495055317878723145e-01,-3.084552288055419922e-01,-7.217171192169189453e-01,-4.472904801368713379e-01,-3.043929040431976318e-01,-6.855084300041198730e-01,-5.337464213371276855e-01,-9.100419878959655762e-01,-7.889123558998107910e-01,-5.114837884902954102e-01,-5.352404713630676270e-01,-4.717611968517303467e-01,-8.836124539375305176e-01,-3.044260442256927490e-01,-2.724394798278808594e-01,-5.402256250381469727e-01,-5.626471638679504395e-01,-6.073084473609924316e-01
-4.213401377201080322e-01,-3.679672181606292725e-01,-2.881303429603576660e-01,-2.181410938501358032e-01,-4.878844916820526123e-01,-7.020133137702941895e-01,-6.419734954833984375e-01,-8.506489396095275879e-01,-2.652810215950012207e-01,-3.498616516590118408e-01,-5.510936379432678223e-01,-6.437237858772277832e-01,-4.593216478824615479e-01,-4.481974542140960693e-01,-5.226593613624572754e-01,-5.934167504310607910e-01,-6.139871478080749512e-01,-9.683537483215332031e-01,-6.943933963775634766e-01,-3.081325888633728027e-01
-1.128258347511291504e+00,-8.730866909027099609e-01,-8.147564530372619629e-01,-1.331660866737365723e+00,-8.743256330490112305e-01,-1.384654760360717773e+00,-9.924296736717224121e-01,-9.973220825195312500e-01,-5.625222325325012207e-01,-9.243104457855224609e-01,-9.770495891571044922e-01,-5.381415486335754395e-01,-7.213265895843505859e-01,-8.890575170516967773e-01,-9.419831633567810059e-01,-9.302917122840881348e-01,-1.154814362525939941e+00,-5.198422670364379883e-01,-7.086471319198608398e-01,-8.336205482482910156e-01
2.713676691055297852e-01,5.807568430900573730e-01,6.777899265289306641e-01,7.440571188926696777e-01,5.211273431777954102e-01,8.310580849647521973e-01,5.726361870765686035e-01,4.729439020156860352e-01,5.078598260879516602e-01,4.275289773941040039e-01,7.040369510650634766e-01,5.715535879135131836e-01,4.467965960502624512e-01,5.983045697212219238e-01,8.688681721687316895e-01,8.010097146034240723e-01,7.752496600151062012e-01,7.396878004074096680e-01,8.531522750854492188e-01,7.126989364624023438e-01
-4.827078878879547119e-01,-6.281466484069824219e-01,-2.138767540454864502e-01,-4.461534321308135986e-01,-1.604241877794265747e-01,-1.090271919965744019e-01,-3.263711333274841309e-01,-2.593066096305847168e-01,-4.067066311836242676e-01,-4.523221254348754883e-01,-1.031017452478408813e-01,-3.644051551818847656e-01,-3.794231712818145752e-01,-4.370300769805908203e-01,-3.265123069286346436e-01,-1.585842519998550415e-01,-3.154452145099639893e-01,-3.961168527603149414e-01,-2.384345233440399170e-01,-2.975063025951385498e-01
1.101213097572326660e+00,1.165885686874389648e+00,1.160252451896667480e+00,6.888315081596374512e-01,8.425297737121582031e-01,1.153264522552490234e+00,8.085570931434631348e-01,4.678218662738800049e-01,7.417434453964233398e-01,1.243863224983215332e+00,5.692228674888610840e-01,6.654372215270996094e-01,7.774101495742797852e-01,8.565374612808227539e-01,3.720766007900238037e-01,7.975425124168395996e-01,8.198957443237304688e-01,1.140268921852111816e+00,7.361737489700317383e-01,7.781453728675842285e-01
-4.324776828289031982e-01,-4.452286064624786377e-01,-2.555763125419616699e-01,-8.540611267089843750e-01,-6.603136062622070312e-01,-3.654872477054595947e-01,-4.760181009769439697e-01,-6.595262885093688965e-01,-1.289534568786621094e-01,-5.318885445594787598e-01,-5.355116128921508789e-01,-2.885825932025909424e-01,-9.931101202964782715e-01,-1.607023477554321289e-01,-3.807616829872131348e-01,-9.242332577705383301e-01,-7.207863032817840576e-02,-5.651786923408508301e-01,-7.542976178228855133e-03,-4.208159148693084717e-01
-7.027211785316467285e-01,-6.792473793029785156e-01,-4.392948448657989502e-01,-3.801553845405578613e-01,-1.879545599222183228e-01,-8.249890208244323730e-01,-9.091207385063171387e-01,-4.754722118377685547e-01,-3.952280580997467041e-01,-6.154941320419311523e-01,-3.868192434310913086e-01,-5.033659934997558594e-01,-5.340692996978759766e-01,-3.048494756221771240e-01,-4.962558150291442871e-01,-6.815717816352844238e-01,-4.378785789012908936e-01,-9.848975539207458496e-01,-4.431728720664978027e-01,-5.654133558273315430e-01
5.582243204116821289e-01,6.011608242988586426e-01,4.471780955791473389e-01,9.356058239936828613e-01,4.984598457813262939e-01,7.125023007392883301e-01,6.365944147109985352e-01,6.198755502700805664e-01,-8.487934246659278870e-03,6.675128936767578125e-01,9.527803659439086914e-01,6.714957952499389648e-01,5.191368460655212402e-01,6.672384142875671387e-01,8.997812271118164062e-01,2.660886049270629883e-01,4.936507642269134521e-01,6.098433136940002441e-01,5.683881640434265137e-01,2.391950190067291260e-01
-5.619753003120422363e-01,-3.698494434356689453e-01,-7.945705652236938477e-01,-6.350130438804626465e-01,-5.851327180862426758e-01,-7.471979260444641113e-01,-1.049112081527709961e+00,-8.905200958251953125e-01,-4.495537281036376953e-01,-2.540736198425292969e-01,-4.452490210533142090e-01,-8.454182744026184082e-01,-5.864676833152770996e-01,-5.163168907165527344e-01,-5.902568697929382324e-01,-5.727071166038513184e-01,-3.293051123619079590e-01,-6.164081096649169922e-01,-7.568261027336120605e-01,-1.005239009857177734e+00
-2.036345750093460083e-01,-1.326288729906082153e-01,-7.856550812721252441e-01,-1.568523198366165161e-01,-3.515731990337371826e-01,-8.077514171600341797e-02,-7.934560999274253845e-03,-4.908139109611511230e-01,-2.981765866279602051e-01,-1.726357042789459229e-01,-2.676831185817718506e-01,1.329171061515808105e-01,1.502629965543746948e-01,-1.029066517949104309e-01,-3.602410256862640381e-01,-4.762484133243560791e-01,-1.256258487701416016e-01,-1.124056950211524963e-01,-2.361875027418136597e-01,-5.563486814498901367e-01
2.079516947269439697e-01,4.987756311893463135e-01,3.258400559425354004e-01,4.963738918304443359e-01,1.977628916501998901e-01,5.315842032432556152e-01,1.016788091510534286e-02,1.143922284245491028e-01,1.352882385253906250e-01,5.065781474113464355e-01,1.375160813331604004e-01,-1.324380785226821899e-01,3.125092387199401855e-01,4.947137236595153809e-01,6.303434967994689941e-01,3.971840441226959229e-01,6.761119961738586426e-01,4.224929958581924438e-02,4.601783454418182373e-01,4.821339845657348633e-01
7.105385661125183105e-01,6.560577750205993652e-01,3.666602373123168945e-01,4.069578647613525391e-01,6.794998049736022949e-01,5.814029574394226074e-01,7.073369622230529785e-01,7.749940156936645508e-01,4.257828891277313232e-01,4.675765037536621094e-01,9.032133221626281738e-01,9.905636310577392578e-01,3.635978996753692627e-01,6.934716105461120605e-01,5.592814683914184570e-01,7.794734239578247070e-01,5.493186116218566895e-01,8.062461614608764648e-01,7.558290958404541016e-01,4.388248920440673828e-01
-3.892668485641479492e-01,-6.171461343765258789e-01,-8.355894684791564941e-02,-2.862103283405303955e-01,-2.716075479984283447e-01,-5.288540720939636230e-01,-3.990670144557952881e-01,-4.749596416950225830e-01,-6.595839262008666992e-01,-5.934127569198608398e-01,-1.639383882284164429e-01,-3.709457218647003174e-01,-3.220362663269042969e-01,-4.456603825092315674e-01,-5.600578188896179199e-01,-2.507139444351196289e-01,-8.455337882041931152e-01,-8.450269699096679688e-01,-4.537762403488159180e-01,-5.316616296768188477e-01
4.349695444107055664e-01,4.265699684619903564e-01,3.708413243293762207e-01,3.582064509391784668e-01,-5.092166736721992493e-02,2.589389979839324951e-01,3.294094502925872803e-01,2.009805142879486084e-01,2.773633003234863281e-01,2.650539577007293701e-01,2.427427172660827637e-01,6.407309770584106445e-01,5.704263448715209961e-01,2.332958281040191650e-01,1.180176958441734314e-01,2.423588186502456665e-01,1.992309689521789551e-01,2.120860368013381958e-01,1.757703721523284912e-01,2.074717283248901367e-01
3.029820322990417480e-01,3.884918391704559326e-01,3.857356905937194824e-01,6.332558393478393555e-01,7.267306447029113770e-01,5.947891473770141602e-01,2.813765406608581543e-01,3.724372982978820801e-01,3.528766036033630371e-01,4.678681194782257080e-01,2.323424369096755981e-01,4.595348834991455078e-01,1.695281565189361572e-01,6.335102915763854980e-01,6.087973117828369141e-01,1.783489584922790527e-01,3.474760651588439941e-01,1.323492377996444702e-01,6.008068919181823730e-01,3.960666656494140625e-01
-1.030092477798461914e+00,-9.918379783630371094e-01,-1.169365167617797852e+00,-1.024137377738952637e+00,-3.766330778598785400e-01,-8.527005314826965332e-01,-8.318232893943786621e-01,-7.836964130401611328e-01,-1.152202010154724121e+00,-7.606978416442871094e-01,-7.268078923225402832e-01,-1.190419554710388184e+00,-8.757466673851013184e-01,-7.405359745025634766e-01,-6.371812224388122559e-01,-1.156559467315673828e+00,-9.086734652519226074e-01,-1.081820487976074219e+00,-1.083524942398071289e+00,-8.119567632675170898e-01
4.188160002231597900e-01,6.732709407806396484e-01,8.449884653091430664e-01,8.664346337318420410e-01,4.030355513095855713e-01,9.863728880882263184e-01,6.567843556404113770e-01,6.209685802459716797e-01,5.803682804107666016e-01,5.412680506706237793e-01,6.986745595932006836e-01,5.463749170303344727e-01,6.957895755767822266e-01,6.137810349464416504e-01,5.877946615219116211e-01,5.692664384841918945e-01,5.673211812973022461e-01,4.920464158058166504e-01,5.889272689819335938e-01,8.858098387718200684e-01
5.490180850028991699e-01,4.652170538902282715e-01,1.481971263885498047e+00,7.050510048866271973e-01,1.069268822669982910e+00,7.480493187904357910e-01,5.261048674583435059e-01,1.083462715148925781e+00,7.367836833000183105e-01,2.652611732482910156e-01,5.523256063461303711e-01,8.419490456581115723e-01,4.693711400032043457e-01,5.856035351753234863e-01,4.266676902770996094e-01,9.147595763206481934e-01,5.943289995193481445e-01,7.388628721237182617e-01,9.455397129058837891e-01,1.063189864158630371e+00
2.966826260089874268e-01,9.613177739083766937e-03,3.066048584878444672e-02,1.017797067761421204e-01,3.994301557540893555e-01,-1.644814908504486084e-01,-2.169328331947326660e-01,-2.046959549188613892e-01,-1.044388413429260254e-01,1.307463198900222778e-01,1.123704463243484497e-01,-1.154574528336524963e-01,1.983145065605640411e-02,2.711043059825897217e-01,2.286245524883270264e-01,9.025529026985168457e-02,-3.619395494461059570e-01,1.980282664299011230e-01,5.764720216393470764e-02,1.043207198381423950e-01
-9.804062843322753906e-01,-6.243481636047363281e-01,-8.723301291465759277e-01,-3.384951055049896240e-01,-7.384968400001525879e-01,-8.318142890930175781e-01,-6.027743816375732422e-01,-8.756989240646362305e-01,-7.682507038116455078e-01,-8.867337107658386230e-01,-8.726049065589904785e-01,-1.007493257522583008e+00,-6.378968954086303711e-01,-1.179824233055114746e+00,-6.350343823432922363e-01,-6.168958544731140137e-01,-4.889859557151794434e-01,-8.329493999481201172e-01,-9.573127627372741699e-01,-7.957375049591064453e-01
6.276704072952270508e-01,1.172302842140197754e+00,9.357548952102661133e-01,6.324787735939025879e-01,6.626411080360412598e-01,9.788705110549926758e-01,6.329312324523925781e-01,8.256273865699768066e-01,8.709166198968887329e-02,8.055744171142578125e-01,5.950518846511840820e-01,7.148625254631042480e-01,1.136884450912475586e+00,7.445090413093566895e-01,5.337017774581909180e-01,7.753548026084899902e-01,9.261708855628967285e-01,9.097929000854492188e-01,8.381674885749816895e-01,3.904923796653747559e-01
4.751273095607757568e-01,4.220402836799621582e-01,3.776757717132568359e-01,4.575045108795166016e-01,4.246431887149810791e-01,3.112879693508148193e-01,5.325360298156738281e-01,5.880966782569885254e-01,4.073924720287322998e-01,5.463092327117919922e-01,2.312994152307510376e-01,4.158127307891845703e-01,1.810217052698135376e-01,5.235583186149597168e-01,6.383653879165649414e-01,2.532719075679779053e-01,3.465618491172790527e-01,6.647419929504394531e-01,7.504578232765197754e-01,4.029327929019927979e-01
-9.578362703323364258e-01,-5.297521948814392090e-01,-6.827926635742187500e-01,-1.020589828491210938e+00,-5.700143575668334961e-01,-6.967996358871459961e-01,-1.227340459823608398e+00,-1.534976482391357422e+00,-6.883965730667114258e-01,-9.705380201339721680e-01,-1.475535750389099121e+00,-8.882637023925781250e-01,-4.190228283405303955e-01,-8.819799423217773438e-01,-8.930806517601013184e-01,-4.078198969364166260e-01,-7.462555766105651855e-01,-1.100192427635192871e+00,-8.246670365333557129e-01,-8.899794220924377441e-01
6.778701543807983398e-01,8.037403225898742676e-01,9.853811860084533691e-01,1.052983522415161133e+00,5.603186488151550293e-01,7.392249703407287598e-01,4.094414114952087402e-01,6.375559568405151367e-01,8.664227724075317383e-01,4.349844455718994141e-01,7.488558292388916016e-01,8.657612204551696777e-01,6.350453495979309082e-01,5.372816324234008789e-01,6.447913050651550293e-01,6.687001585960388184e-01,1.201529264450073242e+00,8.248316645622253418e-01,6.722165346145629883e-01,6.384680271148681641e-01
-1.156852841377258301e-01,-1.334921717643737793e-01,-7.380353212356567383e-01,-3.768769800662994385e-01,-3.790843188762664795e-01,-4.377697408199310303e-01,-8.159445971250534058e-02,-4.486244916915893555e-02,-3.712989687919616699e-01,-1.623750329017639160e-01,-3.172720670700073242e-01,-1.242340132594108582e-01,3.100418746471405029e-01,-2.066068053245544434e-01,-3.362188339233398438e-01,-3.834838867187500000e-01,-2.678283452987670898e-01,-3.490310311317443848e-01,-3.194342181086540222e-02,-7.872402667999267578e-02
-1.330805182456970215e+00,-3.913838267326354980e-01,-7.871804833412170410e-01,-1.051592469215393066e+00,-7.586888670921325684e-01,-1.097944378852844238e+00,-1.129236936569213867e+00,-1.026913046836853027e+00,-1.089167952537536621e+00,-8.740594983100891113e-01,-9.336727857589721680e-01,-1.077358007431030273e+00,-5.867948532104492188e-01,-9.571414589881896973e-01,-1.046355605125427246e+00,-1.543228507041931152e+00,-9.306291341781616211e-01,-9.020878076553344727e-01,-1.009916782379150391e+00,-9.281469583511352539e-01
-2.647737860679626465e-01,-2.925741076469421387e-01,-1.642102748155593872e-01,2.515323162078857422e-01,-3.116530179977416992e-01,1.291025280952453613e-01,-4.528844654560089111e-01,-6.946886181831359863e-01,-1.456700861454010010e-01,-2.245228886604309082e-01,-1.143372058868408203e-01,-2.804020345211029053e-01,-2.427366822957992554e-01,-2.646949887275695801e-01,-1.446331590414047241e-01,-8.963292837142944336e-01,-1.458704471588134766e-01,-1.949503123760223389e-01,4.752549901604652405e-02,2.559146285057067871e-02
6.756263375282287598e-01,8.044755458831787109e-01,1.117236375808715820e+00,5.473557114601135254e-01,7.999219894409179688e-01,6.649883985519409180e-01,7.738863825798034668e-01,9.104844927787780762e-01,1.907172799110412598e-01,7.929939031600952148e-01,7.343912124633789062e-01,7.286326885223388672e-01,5.098806619644165039e-01,6.151189804077148438e-01,5.060955286026000977e-01,1.213671565055847168e+00,1.137551784515380859e+00,1.076804757118225098e+00,5.217670798301696777e-01,5.141311287879943848e-01
2.059808820486068726e-01,2.623267173767089844e-01,-7.338670641183853149e-02,2.689920365810394287e-01,4.311245866119861603e-03,-2.073313742876052856e-01,-4.621077477931976318e-01,-1.097077950835227966e-01,2.799114286899566650e-01,2.249385714530944824e-01,-2.051232196390628815e-02,1.364820897579193115e-01,1.867315173149108887e-01,4.168537855148315430e-01,-5.678826477378606796e-03,-1.455089896917343140e-01,3.239328861236572266e-01,-5.898108705878257751e-02,3.967788815498352051e-02,-1.080744937062263489e-01
-7.470273971557617188e-01,-6.855081319808959961e-01,-6.238583922386169434e-01,-1.180043101310729980e+00,-8.942237496376037598e-01,-9.389231204986572266e-01,-7.710852026939392090e-01,-3.929790854454040527e-01,-4.315077662467956543e-01,-8.529558777809143066e-01,-6.807917356491088867e-01,-9.553145766258239746e-01,-1.083728313446044922e+00,-8.594783544540405273e-01,-7.132071852684020996e-01,-6.212401986122131348e-01,-1.111825823783874512e+00,-1.276979684829711914e+00,-7.354077100753784180e-01,-8.542366027832031250e-01
-8.771224021911621094e-01,-1.024556159973144531e+00,-8.148108124732971191e-01,-4.504404664039611816e-01,-3.663689792156219482e-01,-5.927781462669372559e-01,-8.256954550743103027e-01,-8.071293830871582031e-01,-4.788880348205566406e-01,-3.902481496334075928e-01,-5.776379108428955078e-01,-1.000319719314575195e+00,-7.229891419410705566e-01,-6.460765004158020020e-01,-7.841308116912841797e-01,-8.714433908462524414e-01,-7.206061482429504395e-01,-8.290979266166687012e-01,-6.395437121391296387e-01,-7.771217226982116699e-01
5.080963969230651855e-01,9.270149469375610352e-01,4.491914212703704834e-01,8.548598289489746094e-01,8.960704803466796875e-01,9.318347573280334473e-01,1.285531520843505859e+00,4.076088964939117432e-01,8.080113530158996582e-01,6.563327908515930176e-01,5.476190447807312012e-01,1.153630971908569336e+00,9.022471904754638672e-01,7.384045720100402832e-01,5.146508216857910156e-01,5.411762595176696777e-01,8.740845322608947754e-01,7.796300649642944336e-01,6.199494600296020508e-01,1.146906375885009766e+00
-6.173100471496582031e-01,-2.408113479614257812e-01,-2.130379825830459595e-01,-3.884680569171905518e-01,-6.346031278371810913e-02,-6.056926399469375610e-02,-5.830821990966796875e-01,-2.301372289657592773e-01,8.727194368839263916e-02,-2.305594086647033691e-01,1.093723066151142120e-02,-1.539929360151290894e-01,-1.308604702353477478e-02,-2.214450240135192871e-01,-3.509671092033386230e-01,-1.472460180521011353e-01,-2.542845606803894043e-01,-3.359166383743286133e-01,1.102246940135955811e-01,-4.376244544982910156e-01
7.804179191589355469e-01,9.945655465126037598e-01,8.871783614158630371e-01,8.129009604454040527e-01,8.991250395774841309e-01,9.760321974754333496e-01,8.279879689216613770e-01,1.010414719581604004e+00,5.131726861000061035e-01,1.044858813285827637e+00,1.036435246467590332e+00,9.915050268173217773e-01,8.631160855293273926e-01,4.056083261966705322e-01,1.865005791187286377e-01,1.116624832153320312e+00,8.681501150131225586e-01,8.948395848274230957e-01,1.287704706192016602e+00,8.758947253227233887e-01
8.399919271469116211e-01,9.013236761093139648e-01,7.753097414970397949e-01,1.096737265586853027e+00,4.543274939060211182e-01,9.180482625961303711e-01,8.197678923606872559e-01,7.425078749656677246e-01,7.816246747970581055e-01,4.825613200664520264e-01,4.949090480804443359e-01,9.499890804290771484e-01,8.403447866439819336e-01,6.023999452590942383e-01,1.142028212547302246e+00,7.229626178741455078e-01,9.826205372810363770e-01,1.094173908233642578e+00,8.779424428939819336e-01,8.342779874801635742e-01
-9.810742139816284180e-01,-1.071718335151672363e+00,-1.011725783348083496e+00,-7.508420944213867188e-01,-8.501998186111450195e-01,-1.245462059974670410e+00,-1.105500578880310059e+00,-1.162351608276367188e+00,-8.093153238296508789e-01,-1.232452392578125000e+00,-1.159795403480529785e+00,-1.075526237487792969e+00,-1.148228168487548828e+00,-8.336932659149169922e-01,-9.247602224349975586e-01,-1.084830164909362793e+00,-8.156085610389709473e-01,-1.028019547462463379e+00,-1.170528411865234375e+00,-9.418438673019409180e-01
-7.411683201789855957e-01,-9.717902541160583496e-01,-4.806576371192932129e-01,1.435617566108703613e+00,-4.708978235721588135e-01,-6.532601714134216309e-01,-7.417804598808288574e-01,-1.110493779182434082e+00,-1.099431157112121582e+00,-6.370716094970703125e-01,-7.353300452232360840e-01,-9.732794165611267090e-01,-8.839418888092041016e-01,-7.315691709518432617e-01,-6.168295741081237793e-01,-7.316744327545166016e-01,-8.118937611579895020e-01,-6.995785832405090332e-01,-6.926516294479370117e-01,-7.735513448715209961e-01
-1.081688642501831055e+00,-1.255377411842346191e+00,-9.314662218093872070e-01,-1.006810307502746582e+00,-7.448316216468811035e-01,-1.000197052955627441e+00,-7.818766832351684570e-01,-1.059835076332092285e+00,-8.307507038116455078e-01,-1.005599498748779297e+00,-9.050412178039550781e-01,-1.028256058692932129e+00,-1.138206243515014648e+00,-5.516509413719177246e-01,-1.337741971015930176e+00,-8.670362234115600586e-01,-7.624828219413757324e-01,-9.865680932998657227e-01,-6.851545572280883789e-01,-4.759296476840972900e-01
5.043960213661193848e-01,-1.057133153080940247e-01,2.474199384450912476e-01,4.556245207786560059e-01,6.015483140945434570e-01,2.119887322187423706e-01,3.830251991748809814e-01,4.001856446266174316e-01,-1.529447585344314575e-01,3.625856339931488037e-01,2.078055441379547119e-01,7.305055856704711914e-01,4.911111295223236084e-01,4.303417503833770752e-01,2.845137119293212891e-01,2.903057336807250977e-01,-2.013479024171829224e-01,2.624322175979614258e-01,4.518333971500396729e-01,1.997036635875701904e-01
-9.647008776664733887e-01,-1.301693916320800781e+00,-3.434027433395385742e-01,-7.989325523376464844e-01,-1.147498488426208496e+00,-8.531000614166259766e-01,-8.082299232482910156e-01,-9.751611948013305664e-01,-7.337980866432189941e-01,-1.346634030342102051e+00,-7.243989109992980957e-01,-1.081632018089294434e+00,-9.832909703254699707e-01,-8.270729780197143555e-01,-6.879828572273254395e-01,-6.825199127197265625e-01,-8.159987926483154297e-01,-7.620741724967956543e-01,-7.491202950477600098e-01,-5.969917774200439453e-01
9.770160913467407227e-02,-3.215324878692626953e-01,-3.367184475064277649e-02,1.050778776407241821e-01,-5.261818766593933105e-01,4.812569618225097656e-01,-2.569783329963684082e-01,-2.846554219722747803e-01,-1.563460826873779297e-01,-3.159771263599395752e-01,-5.035353824496269226e-02,-2.632129192352294922e-01,5.879108794033527374e-03,-1.043857038021087646e-01,-1.590342819690704346e-01,-1.810789108276367188e-01,-1.974433474242687225e-02,-8.758392184972763062e-02,4.156672954559326172e-02,-3.089486658573150635e-01
-7.635353803634643555e-01,-1.106692671775817871e+00,-8.039576411247253418e-01,-1.364325284957885742e+00,-7.859488725662231445e-01,-7.433157563209533691e-01,-5.230761170387268066e-01,-7.309201359748840332e-01,-1.475912332534790039e+00,-1.156068325042724609e+00,-1.407516956329345703e+00,-1.186081647872924805e+00,-1.085919857025146484e+00,-1.026263117790222168e+00,-1.178693413734436035e+00,-9.091747403144836426e-01,-9.812330007553100586e-01,-1.199280619621276855e+00,-9.122710227966308594e-01,-1.138712048530578613e+00
-1.217856884002685547e+00,-1.394374728202819824e+00,-7.496948838233947754e-01,-7.401244044303894043e-01,-1.181170582771301270e+00,-8.467825055122375488e-01,-9.922462701797485352e-01,-9.967744946479797363e-01,-7.317590117454528809e-01,-9.850750565528869629e-01,-9.677916765213012695e-01,-9.765962958335876465e-01,-8.899326920509338379e-01,-8.389039635658264160e-01,-9.829421639442443848e-01,-9.008731842041015625e-01,-7.143697738647460938e-01,-9.692660570144653320e-01,-1.250211000442504883e+00,-1.231896400451660156e+00
-1.240500807762145996e+00,-8.123465180397033691e-01,-8.942258358001708984e-01,-9.714403748512268066e-01,-7.084022760391235352e-01,-1.395770907402038574e+00,-1.192642807960510254e+00,-8.747602105140686035e-01,-4.159016907215118408e-01,-1.002895355224609375e+00,-1.198801279067993164e+00,-9.392319917678833008e-01,-1.108138561248779297e+00,-6.171044111251831055e-01,-8.819303512573242188e-01,-1.026346206665039062e+00,-8.693747520446777344e-01,-5.810812711715698242e-01,-4.063735902309417725e-01,-4.807770550251007080e-01
5.710608959197998047e-01,1.101935625076293945e+00,7.475246787071228027e-01,9.488628506660461426e-01,9.254108667373657227e-01,6.182492375373840332e-01,8.346843719482421875e-01,7.016138434410095215e-01,6.106804013252258301e-01,9.499061107635498047e-01,6.849418878555297852e-01,8.964213728904724121e-01,1.100827932357788086e+00,1.198176741600036621e+00,7.077832221984863281e-01,4.618354737758636475e-01,7.222415208816528320e-01,9.326416850090026855e-01,4.635081291198730469e-01,6.393242478370666504e-01
-7.738915085792541504e-01,-8.380156755447387695e-01,-6.381766200065612793e-01,-3.918585181236267090e-01,-1.023947954177856445e+00,-2.461238950490951538e-01,-6.581600308418273926e-01,-1.080243945121765137e+00,-7.397019863128662109e-02,-4.936703145503997803e-01,-4.598658084869384766e-01,-3.899624645709991455e-01,-4.232894778251647949e-01,-3.684047758579254150e-01,-8.160840868949890137e-01,-3.523519933223724365e-01,-3.972518146038055420e-01,-5.818676948547363281e-01,-5.161870121955871582e-01,-1.119279384613037109e+00
-4.707969725131988525e-01,-8.329968452453613281e-01,-6.191909909248352051e-01,-1.177303552627563477e+00,-1.061793923377990723e+00,-7.063202857971191406e-01,-1.084771871566772461e+00,-5.637809038162231445e-01,-7.824659347534179688e-01,-5.311730504035949707e-01,-5.735285878181457520e-01,-8.169504404067993164e-01,-4.992277622222900391e-01,-7.585783600807189941e-01,-5.202146768569946289e-01,-9.080668091773986816e-01,-7.312213778495788574e-01,-9.948616623878479004e-01,-2.902773916721343994e-01,-9.246162176132202148e-01
-1.415764987468719482e-01,-4.463979005813598633e-01,-2.935872972011566162e-01,-2.988270223140716553e-01,-6.067414283752441406e-01,-6.244351267814636230e-01,-7.926105260848999023e-01,-5.551079511642456055e-01,-6.250566244125366211e-01,-6.033560633659362793e-01,-4.659758806228637695e-01,-4.787230193614959717e-01,4.435509070754051208e-02,-2.825886309146881104e-01,-5.745581984519958496e-01,-3.858399391174316406e-01,-2.203056663274765015e-01,-3.220228254795074463e-01,-4.822913110256195068e-01,-5.530543923377990723e-01
-3.531324565410614014e-01,-2.620547413825988770e-01,7.652247697114944458e-02,-3.274514973163604736e-01,-3.499442338943481445e-01,-3.097859025001525879e-01,-2.988690733909606934e-01,-9.820125252008438110e-02,1.827993541955947876e-01,-1.989355236291885376e-01,-3.083136677742004395e-01,-3.048096597194671631e-01,-2.640420570969581604e-02,-3.459774255752563477e-01,-4.080827534198760986e-01,-2.791114151477813721e-01,-4.074897170066833496e-01,-2.947914898395538330e-01,-8.478157967329025269e-02,-1.734932661056518555e-01
-9.343083500862121582e-01,-8.029244542121887207e-01,-1.121028661727905273e+00,-1.117304205894470215e+00,-6.878398060798645020e-01,-6.439273953437805176e-01,-1.129555463790893555e+00,-1.340881347656250000e+00,-7.288270592689514160e-01,-7.904091477394104004e-01,-8.578104972839355469e-01,-1.113564729690551758e+00,-6.753514409065246582e-01,-5.835407376289367676e-01,-8.958692550659179688e-01,-8.009187579154968262e-01,-9.281190037727355957e-01,-4.901293814182281494e-01,-5.257650017738342285e-01,-7.043408751487731934e-01
3.115304931998252869e-02,4.635808244347572327e-02,-4.247523099184036255e-02,-2.542157173156738281e-01,-2.944815754890441895e-01,-3.402615487575531006e-01,-1.116007287055253983e-02,2.765991389751434326e-01,-1.428303271532058716e-01,-2.793657183647155762e-01,6.404535770416259766e-01,3.305920213460922241e-02,1.133546605706214905e-02,7.373693585395812988e-02,3.379996865987777710e-02,-1.305625289678573608e-01,1.578688621520996094e-01,3.568230867385864258e-01,-2.037387639284133911e-01,-5.434309691190719604e-02
3.424494266510009766e-01,7.006941437721252441e-01,5.830774307250976562e-01,5.466470718383789062e-01,5.555852055549621582e-01,3.533639907836914062e-01,5.452156066894531250e-01,6.450393199920654297e-01,1.153891608119010925e-01,6.681713461875915527e-01,8.210105299949645996e-01,5.702075362205505371e-01,5.857700109481811523e-01,6.956121921539306641e-01,3.915682435035705566e-01,7.591224312782287598e-01,2.374913394451141357e-01,4.297908246517181396e-01,8.367219567298889160e-01,5.706622004508972168e-01
6.747222542762756348e-01,5.537213683128356934e-01,6.947827935218811035e-01,4.277128577232360840e-01,6.414394378662109375e-01,7.024692893028259277e-01,2.589951455593109131e-01,5.569554567337036133e-01,6.391634941101074219e-01,6.391338109970092773e-01,1.778524070978164673e-01,6.493920683860778809e-01,4.326061904430389404e-01,2.785693407058715820e-01,7.118104696273803711e-01,7.974332571029663086e-01,3.725163638591766357e-01,3.069661259651184082e-01,2.882719635963439941e-01,1.204374581575393677e-01
-9.969361424446105957e-01,-5.641710758209228516e-01,-8.199942708015441895e-01,-5.304070711135864258e-01,-7.780895233154296875e-01,-7.544023394584655762e-01,-9.257564544677734375e-01,-1.307633399963378906e+00,-5.355200171470642090e-01,-5.803430080413818359e-01,-9.024519324302673340e-01,-7.228842973709106445e-01,-5.453891158103942871e-01,-7.275942564010620117e-01,-1.087865114212036133e+00,-1.003480076789855957e+00,-5.112653970718383789e-01,-7.175992727279663086e-01,-7.571932673454284668e-01,-1.156407594680786133e+00
5.626276880502700806e-02,-1.921950131654739380e-01,-6.916213780641555786e-02,-1.519020553678274155e-02,-1.954697817564010620e-01,-3.268109261989593506e-01,-3.607133328914642334e-01,-8.274009823799133301e-02,-1.594969630241394043e-01,-8.262550085783004761e-02,-2.718200087547302246e-01,-1.055786237120628357e-01,-1.645594686269760132e-01,-1.837015450000762939e-01,-8.216566592454910278e-02,1.135600078850984573e-02,2.406850755214691162e-01,1.183173898607492447e-02,1.132120415568351746e-01,-1.852928698062896729e-01
8.257542252540588379e-01,7.033914923667907715e-01,1.093686103820800781e+00,6.644820570945739746e-01,3.187440037727355957e-01,7.726985216140747070e-01,9.619579911231994629e-01,2.878819108009338379e-01,-4.313047975301742554e-02,7.921837568283081055e-01,7.122061848640441895e-01,4.882471561431884766e-01,6.207832098007202148e-01,1.281436324119567871e+00,9.762151837348937988e-01,9.692714214324951172e-01,1.015290379524230957e+00,1.088680148124694824e+00,8.863220214843750000e-01,1.362707138061523438e+00
8.081130385398864746e-01,8.059953451156616211e-01,7.224141359329223633e-01,5.667400956153869629e-01,1.254281699657440186e-01,7.361459732055664062e-01,5.341101884841918945e-01,1.299617737531661987e-01,5.348647236824035645e-01,5.201533436775207520e-01,7.171669006347656250e-01,9.171376824378967285e-01,5.708602666854858398e-01,6.859439015388488770e-01,3.097025454044342041e-01,4.391413331031799316e-01,2.875324189662933350e-01,7.044954895973205566e-01,8.787847310304641724e-02,1.041212454438209534e-01
6.590281128883361816e-01,5.076665878295898438e-01,5.451799035072326660e-01,5.866570472717285156e-01,3.128318786621093750e-01,5.110670924186706543e-01,6.610345244407653809e-01,7.102617621421813965e-01,1.459814310073852539e-01,6.640862822532653809e-01,3.761186301708221436e-01,1.430898755788803101e-01,3.315790295600891113e-01,3.379635810852050781e-01,5.402150750160217285e-01,7.275353074073791504e-01,4.434496164321899414e-01,3.211470842361450195e-01,7.759420871734619141e-01,9.468079209327697754e-01
-8.464824557304382324e-01,-1.001473903656005859e+00,-1.164500236511230469e+00,-9.148863554000854492e-01,-6.003243327140808105e-01,-1.222950220108032227e+00,-7.096114754676818848e-01,-8.358080983161926270e-01,-6.839125752449035645e-01,-6.403195858001708984e-01,-1.013614416122436523e+00,-9.719967246055603027e-01,-1.234433293342590332e+00,-8.858660459518432617e-01,-9.954262375831604004e-01,-1.019997119903564453e+00,-8.611910939216613770e-01,-9.441670775413513184e-01,-9.716257452964782715e-01,-1.090985774993896484e+00
-2.302072048187255859e-01,2.102604210376739502e-01,-1.204544231295585632e-01,2.700971364974975586e-01,2.077429294586181641e-01,-1.684862077236175537e-01,-1.278619468212127686e-01,-5.176713466644287109e-01,2.872963845729827881e-01,-3.155839145183563232e-01,-1.569658070802688599e-01,2.418406903743743896e-01,1.197785362601280212e-01,-6.809559464454650879e-02,1.053161472082138062e-01,3.209201395511627197e-01,2.145211910828948021e-03,5.536255612969398499e-02,8.797606080770492554e-02,2.207595705986022949e-01
2.145240455865859985e-01,5.874594449996948242e-01,8.053385019302368164e-01,6.922157406806945801e-01,1.085377216339111328e+00,8.996425271034240723e-01,6.043221950531005859e-01,4.920929074287414551e-01,4.127027392387390137e-01,1.273588657379150391e+00,7.643778920173645020e-01,9.043912291526794434e-01,7.817957997322082520e-01,9.286131262779235840e-01,7.805225253105163574e-01,6.685431003570556641e-01,9.436029195785522461e-01,7.506123185157775879e-01,6.314320564270019531e-01,1.189143776893615723e+00
-7.896186709403991699e-01,-6.170841455459594727e-01,-8.785177469253540039e-01,-5.836476683616638184e-01,-1.089429259300231934e+00,-1.269981741905212402e+00,-8.188018202781677246e-01,-6.218510270118713379e-01,-3.421892225742340088e-01,-9.520061016082763672e-01,-6.120991706848144531e-01,-8.791109919548034668e-01,-6.364925503730773926e-01,-8.494071364402770996e-01,-6.754530668258666992e-01,-7.118478417396545410e-01,-5.231404304504394531e-01,-7.863922715187072754e-01,-9.159313440322875977e-01,-1.050305604934692383e+00
6.797140836715698242e-01,1.014506459236145020e+00,9.484751224517822266e-01,7.564622759819030762e-01,8.101692199707031250e-01,8.849360942840576172e-01,7.666189074516296387e-01,9.533755779266357422e-01,7.095038890838623047e-01,9.630398154258728027e-01,1.112232685089111328e+00,1.340062499046325684e+00,6.889872550964355469e-01,7.588807940483093262e-01,6.431351304054260254e-01,8.904383182525634766e-01,1.032541394233703613e+00,6.626700758934020996e-01,1.189249157905578613e+00,1.004629969596862793e+00
-8.383230566978454590e-01,-4.735912680625915527e-01,-1.116614818572998047e+00,-3.863134086132049561e-01,-5.471795201301574707e-01,-5.034961104393005371e-01,-3.670470118522644043e-01,-8.082450628280639648e-01,-5.065733194351196289e-01,-7.684789299964904785e-01,-3.423916995525360107e-01,-3.576696515083312988e-01,-3.750365078449249268e-01,-8.268353343009948730e-01,-7.493008971214294434e-01,-8.527780175209045410e-01,-3.146698772907257080e-01,-3.313020169734954834e-01,-4.335465729236602783e-01,-8.349915742874145508e-01
2.333528548479080200e-01,1.109305143356323242e+00,6.140680313110351562e-01,7.835950851440429688e-01,4.278298914432525635e-01,8.491658568382263184e-01,7.348654866218566895e-01,7.043512463569641113e-01,7.500976324081420898e-01,7.017762064933776855e-01,9.545010924339294434e-01,6.597779393196105957e-01,7.918560504913330078e-01,4.966824650764465332e-01,5.849549770355224609e-01,6.376482248306274414e-01,9.535536766052246094e-01,8.387063741683959961e-01,4.986013174057006836e-01,7.352211475372314453e-01
5.265293121337890625e-01,5.501724481582641602e-01,5.102292299270629883e-01,2.990796566009521484e-01,1.581023186445236206e-01,2.815991044044494629e-01,4.519478380680084229e-01,2.320756167173385620e-01,4.187908470630645752e-01,3.996261656284332275e-01,5.663095116615295410e-01,5.116717219352722168e-01,2.349791526794433594e-01,6.647308468818664551e-01,5.682722926139831543e-01,7.084946632385253906e-01,6.961460113525390625e-01,6.427594423294067383e-01,1.195767521858215332e-01,5.156481862068176270e-01
2.436279803514480591e-01,2.549110352993011475e-02,1.763182133436203003e-01,-4.679871499538421631e-01,-2.418610900640487671e-01,-6.768667697906494141e-02,2.837435305118560791e-01,2.163373827934265137e-01,-2.961263358592987061e-01,-4.107916951179504395e-01,-4.376639723777770996e-01,1.942528784275054932e-01,-1.525029540061950684e-01,-1.099038869142532349e-01,-4.143396317958831787e-01,-3.148841261863708496e-01,-2.887696921825408936e-01,-9.955514967441558838e-02,1.452271044254302979e-01,-2.982364296913146973e-01
8.764647245407104492e-01,7.268612384796142578e-01,7.401673197746276855e-01,8.770338892936706543e-01,1.099645495414733887e+00,9.041519761085510254e-01,9.415777325630187988e-01,9.719807505607604980e-01,7.829579710960388184e-01,8.427522182464599609e-01,5.858159065246582031e-01,1.037946462631225586e+00,9.199653863906860352e-01,9.355555772781372070e-01,8.911556601524353027e-01,8.772785663604736328e-01,9.679240584373474121e-01,1.050314545631408691e+00,6.751420497894287109e-01,1.017534375190734863e+00
8.807421922683715820e-01,1.194096684455871582e+00,7.689254879951477051e-01,6.034584641456604004e-01,8.631452322006225586e-01,9.190669059753417969e-01,5.467997789382934570e-01,5.364518761634826660e-01,5.966765284538269043e-01,4.617514908313751221e-01,6.493663787841796875e-01,8.367246985435485840e-01,3.742037117481231689e-01,5.245596766471862793e-01,8.830895423889160156e-01,7.063561677932739258e-01,1.114792346954345703e+00,7.421924471855163574e-01,6.996899247169494629e-01,8.206301331520080566e-01
8.061072826385498047e-01,1.312805891036987305e+00,9.937077164649963379e-01,7.957988977432250977e-01,9.721872210502624512e-01,9.825859069824218750e-01,7.115358710289001465e-01,1.323971033096313477e+00,6.825703382492065430e-01,7.473735213279724121e-01,1.203838825225830078e+00,7.558978796005249023e-01,1.553067564964294434e+00,8.369498252868652344e-01,9.228387475013732910e-01,1.105654716491699219e+00,1.148142933845520020e+00,1.128838539123535156e+00,8.713610172271728516e-01,4.695911407470703125e-01
-7.535566687583923340e-01,-6.904471516609191895e-01,-5.951961874961853027e-01,-7.065445780754089355e-01,-4.431783258914947510e-01,-5.500616431236267090e-01,-8.270887136459350586e-01,-5.040192008018493652e-01,-9.251067638397216797e-01,-8.703969717025756836e-01,-4.830238223075866699e-01,-9.137248992919921875e-01,-2.903402447700500488e-01,-2.293741889297962189e-02,-3.383363783359527588e-01,-5.043169856071472168e-01,-6.145884990692138672e-01,-1.049436092376708984e+00,-5.943817496299743652e-01,-6.505847573280334473e-01
-1.107261300086975098e+00,-8.798829913139343262e-01,-9.896034002304077148e-01,-3.916606307029724121e-01,-8.780854344367980957e-01,-9.236918091773986816e-01,-8.523049354553222656e-01,-8.845157623291015625e-01,-8.286535143852233887e-01,-9.980554580688476562e-01,-1.281339645385742188e+00,-1.001373648643493652e+00,-8.867060542106628418e-01,-7.306317090988159180e-01,-9.355248808860778809e-01,-8.691291809082031250e-01,-9.888238310813903809e-01,-8.399729132652282715e-01,-8.689005374908447266e-01,-1.259803533554077148e+00
5.512138009071350098e-01,7.059020400047302246e-01,6.348711848258972168e-01,4.935135543346405029e-01,5.262260437011718750e-01,7.701659202575683594e-01,8.484492897987365723e-01,9.131572842597961426e-01,2.910412549972534180e-01,6.132162809371948242e-01,7.264238595962524414e-01,5.289239883422851562e-01,8.965007662773132324e-01,4.129089117050170898e-01,6.217278838157653809e-01,5.811752080917358398e-01,4.642124474048614502e-01,5.127598643302917480e-01,6.454765796661376953e-02,8.401741385459899902e-01
7.883108258247375488e-01,5.596290230751037598e-01,7.876904606819152832e-01,8.481540083885192871e-01,7.585874199867248535e-01,1.379248499870300293e+00,8.922835588455200195e-01,6.608255505561828613e-01,9.657710790634155273e-01,1.005278825759887695e+00,8.143570423126220703e-01,1.140907406806945801e+00,6.731563210487365723e-01,9.167686700820922852e-01,9.802828431129455566e-01,8.888258337974548340e-01,6.999857425689697266e-01,1.005892276763916016e+00,1.010574698448181152e+00,9.795143008232116699e-01
-2.451736032962799072e-01,-2.313556969165802002e-01,-3.543540090322494507e-02,-1.188715323805809021e-01,9.349498152732849121e-02,-2.016604393720626831e-01,-2.592743635177612305e-01,-6.623073667287826538e-02,-3.413243293762207031e-01,-5.039643123745918274e-02,5.833198875188827515e-02,-1.219534799456596375e-01,7.627537101507186890e-02,-1.399519443511962891e-01,-6.238847374916076660e-01,-2.514260411262512207e-01,2.907913178205490112e-02,-2.946139276027679443e-01,-4.134413897991180420e-01,-1.515442132949829102e-01
4.713203012943267822e-01,-5.098794586956501007e-03,6.852904707193374634e-02,4.551533758640289307e-01,-4.777802526950836182e-02,-5.030996724963188171e-02,2.624613940715789795e-01,4.449067115783691406e-01,4.750407934188842773e-01,7.393042743206024170e-02,1.864804476499557495e-01,3.097787126898765564e-02,5.040736794471740723e-01,2.654196619987487793e-01,1.601387113332748413e-01,5.540235042572021484e-01,3.201171159744262695e-01,6.719000339508056641e-01,-1.289962083101272583e-01,3.941818773746490479e-01
-8.501333594322204590e-01,-8.993220925331115723e-01,-8.519335389137268066e-01,-6.852921247482299805e-01,-5.217745304107666016e-01,-9.523634314537048340e-01,-1.104341387748718262e+00,-1.107127785682678223e+00,-7.045354843139648438e-01,-7.018021941184997559e-01,-1.115263104438781738e+00,-1.251054048538208008e+00,-9.533355236053466797e-01,-1.233753204345703125e+00,-5.608488917350769043e-01,-4.344921112060546875e-01,-5.938335061073303223e-01,-6.461483240127563477e-01,-8.658453226089477539e-01,-1.021970987319946289e+00
-7.441180348396301270e-01,-9.704313874244689941e-01,-9.464461207389831543e-01,-9.846192002296447754e-01,-5.921899676322937012e-01,-7.206555604934692383e-01,-6.533602476119995117e-01,-6.390762329101562500e-01,-3.121217787265777588e-01,-6.807702183723449707e-01,-9.004561901092529297e-01,-6.577910780906677246e-01,-7.541710734367370605e-01,-1.061727762222290039e+00,-6.487855315208435059e-01,-8.637811541557312012e-01,-8.360095024108886719e-01,-9.419056773185729980e-01,-1.073577046394348145e+00,-8.599267601966857910e-01
-1.071036934852600098e+00,1.365462392568588257e-01,-4.927876889705657959e-01,-1.005847811698913574e+00,-5.984004139900207520e-01,-1.153296470642089844e+00,-3.470393121242523193e-01,-9.151213765144348145e-01,-7.065302729606628418e-01,-4.054170250892639160e-01,-6.692456007003784180e-01,-5.065427422523498535e-01,-4.162349104881286621e-01,-7.402737140655517578e-01,-5.858662724494934082e-01,-5.901313424110412598e-01,-3.738479018211364746e-01,-2.145624905824661255e-01,-5.688149929046630859e-01,-7.630771398544311523e-01
-1.981803625822067261e-01,-1.564074456691741943e-01,-2.858664691448211670e-01,1.226835325360298157e-01,-8.725877106189727783e-02,3.536435961723327637e-02,3.068332001566886902e-02,-9.385522454977035522e-02,-7.068049162626266479e-02,1.375388801097869873e-01,4.076902568340301514e-01,1.988262832164764404e-01,-1.013119742274284363e-01,-2.732692658901214600e-01,2.792109251022338867e-01,-9.788060933351516724e-02,-8.970554918050765991e-02,2.406084537506103516e-01,1.413328051567077637e-01,-3.696617484092712402e-01
-3.596744239330291748e-01,-8.565972447395324707e-01,-5.253100395202636719e-01,-3.424863517284393311e-01,-4.555112719535827637e-01,-5.216948986053466797e-01,-3.110471367835998535e-01,-8.415435552597045898e-01,-2.949664890766143799e-01,-8.376333117485046387e-01,-5.926014184951782227e-01,-2.398536652326583862e-01,-4.873151779174804688e-01,1.005890667438507080e-01,-4.411899447441101074e-01,-5.571613311767578125e-01,-6.970427632331848145e-01,-7.576668858528137207e-01,-3.690183758735656738e-01,-2.576349973678588867e-01
-8.657594323158264160e-01,-6.595504283905029297e-01,-5.403395891189575195e-01,-9.050964117050170898e-01,-7.108008861541748047e-01,-8.135248422622680664e-01,-2.948873341083526611e-01,-7.640897631645202637e-01,-3.167005777359008789e-01,-4.884079396724700928e-01,-4.296910166740417480e-01,-5.384572148323059082e-01,-8.699052333831787109e-01,-2.120875418186187744e-01,-3.835520744323730469e-01,-5.818108320236206055e-01,-1.279563754796981812e-01,-4.310472309589385986e-01,-9.216229915618896484e-01,-5.433866381645202637e-01
-7.586041688919067383e-01,-8.292462825775146484e-01,-4.800640046596527100e-01,-1.059282064437866211e+00,-5.380405783653259277e-01,-8.034729361534118652e-01,-6.165614128112792969e-01,-6.110259294509887695e-01,-6.139348745346069336e-01,-9.961997866630554199e-01,-1.107102036476135254e+00,-6.227030158042907715e-01,-9.305717349052429199e-01,-8.380938768386840820e-01,-3.301208615303039551e-01,-1.102896690368652344e+00,-8.323482275009155273e-01,-1.104241609573364258e+00,-8.434456586837768555e-01,-6.799255609512329102e-01
3.248867765069007874e-02,1.940839290618896484e-01,3.714572405442595482e-03,-5.048539042472839355e-01,1.125330626964569092e-01,-3.897135555744171143e-01,-9.961196035146713257e-02,6.780199706554412842e-02,7.528139743953943253e-03,6.706000864505767822e-02,-5.395993217825889587e-02,-2.121801525354385376e-01,-5.533251911401748657e-02,-2.446444630622863770e-01,2.033577412366867065e-01,8.805467188358306885e-02,-3.095373511314392090e-01,-6.115406006574630737e-02,-2.774984836578369141e-01,1.421502977609634399e-02
-4.851743578910827637e-01,-2.933211922645568848e-01,-2.081590890884399414e-01,-7.701570540666580200e-02,-2.237988114356994629e-01,-2.170165032148361206e-01,-5.890410542488098145e-01,-3.156068325042724609e-01,2.174480408430099487e-01,2.609403245151042938e-02,-2.891258597373962402e-01,-5.081993937492370605e-01,-2.935199737548828125e-01,-4.468165040016174316e-01,-5.588706731796264648e-01,-4.615082740783691406e-01,-2.355057001113891602e-01,-5.586848855018615723e-01,-1.943659186363220215e-01,-4.202089011669158936e-01
-8.721508383750915527e-01,-6.087191700935363770e-01,-5.577044486999511719e-01,-9.865361452102661133e-01,-6.184743046760559082e-01,-7.576513290405273438e-01,-7.721750736236572266e-01,-8.417495489120483398e-01,-5.392053127288818359e-01,-5.402917265892028809e-01,-4.813734889030456543e-01,-8.826300501823425293e-01,-5.084245800971984863e-01,-1.023339152336120605e+00,-6.433577537536621094e-01,-7.166511416435241699e-01,-5.355652570724487305e-01,-5.790050029754638672e-01,-1.133136630058288574e+00,-7.504007816314697266e-01
6.752207875251770020e-01,6.815645098686218262e-01,6.963472366333007812e-01,6.302278637886047363e-01,3.821685612201690674e-01,6.536631584167480469e-01,3.244073390960693359e-01,2.696729898452758789e-01,8.553809523582458496e-01,1.000353336334228516e+00,7.107235193252563477e-01,7.830070257186889648e-01,2.869838476181030273e-01,8.373593091964721680e-01,3.623161911964416504e-01,2.806327939033508301e-01,5.321480035781860352e-01,7.402797937393188477e-01,9.500715732574462891e-01,5.854298472404479980e-01
-3.304035067558288574e-01,-4.510903656482696533e-01,-6.806219816207885742e-01,-9.219887852668762207e-01,-6.133518218994140625e-01,-6.971122324466705322e-02,-1.284285634756088257e-01,-2.256085276603698730e-01,-6.380750536918640137e-01,-3.788234591484069824e-01,-3.621549308300018311e-01,-3.144752085208892822e-01,-2.520208954811096191e-01,-3.308843076229095459e-01,-6.418936885893344879e-03,-4.881887733936309814e-01,1.227141320705413818e-01,-2.502170503139495850e-01,-3.617651760578155518e-01,-4.381051957607269287e-01
-5.737037062644958496e-01,-7.281470298767089844e-01,-1.014870405197143555e+00,-6.575121283531188965e-01,-5.444171428680419922e-01,-8.571032285690307617e-01,-7.948435544967651367e-01,-6.135440468788146973e-01,-4.932295083999633789e-01,-3.665487766265869141e-01,-3.447903394699096680e-01,-8.416694402694702148e-01,-1.554319858551025391e-01,-1.964081674814224243e-01,-7.967824935913085938e-01,-8.802516758441925049e-02,-3.072088658809661865e-01,-4.056644141674041748e-01,-8.935432136058807373e-02,-2.556408941745758057e-01
-2.336851507425308228e-01,-2.266001254320144653e-01,-1.264414638280868530e-01,1.739910393953323364e-01,1.293378472328186035e-01,-3.846380114555358887e-01,-1.677697300910949707e-01,-4.348803311586380005e-02,-6.365954875946044922e-03,3.781341910362243652e-01,-3.828486204147338867e-01,-1.864013969898223877e-01,3.325653672218322754e-01,1.755128353834152222e-01,-1.236454024910926819e-01,1.290047466754913330e-01,1.896732896566390991e-01,-1.738741099834442139e-01,-2.214637100696563721e-01,1.389481276273727417e-01
-8.623284101486206055e-01,-1.003553748130798340e+00,-1.121550440788269043e+00,-1.157255530357360840e+00,-7.992634177207946777e-01,-1.044251203536987305e+00,-8.805724382400512695e-01,-1.064201116561889648e+00,-8.560000061988830566e-01,-9.705642461776733398e-01,-7.438528537750244141e-01,-9.556366205215454102e-01,-9.724797606468200684e-01,-1.051817059516906738e+00,-8.731443285942077637e-01,-6.298369169235229492e-01,-8.402020931243896484e-01,-6.192513704299926758e-01,-7.085841894149780273e-01,-9.431418180465698242e-01
-1.230618596076965332e+00,-8.859509229660034180e-01,-1.153708457946777344e+00,-1.090517044067382812e+00,-8.955469131469726562e-01,-8.327661156654357910e-01,-8.664839267730712891e-01,-1.209944605827331543e+00,-6.721326112747192383e-01,-1.015842676162719727e+00,-9.522191882133483887e-01,-9.571170806884765625e-01,-1.210715293884277344e+00,-7.389734983444213867e-01,-1.020264744758605957e+00,-1.097759008407592773e+00,-7.563723325729370117e-01,-7.766585350036621094e-01,-1.007403850555419922e+00,-8.969931006431579590e-01
-6.922397613525390625e-01,-8.108978271484375000e-01,-5.925791859626770020e-01,-1.093184471130371094e+00,-9.428599476814270020e-01,-8.119691610336303711e-01,-1.077839136123657227e+00,-9.029667377471923828e-01,-8.330426216125488281e-01,-6.530313491821289062e-01,-1.013282299041748047e+00,-9.362135529518127441e-01,-1.057457447052001953e+00,-1.289032340049743652e+00,-9.387395977973937988e-01,-8.910197019577026367e-01,-8.737503290176391602e-01,-1.036338090896606445e+00,-7.782310843467712402e-01,-1.313684463500976562e+00
8.890206217765808105e-01,4.616024792194366455e-01,7.426886558532714844e-01,3.526428043842315674e-01,7.548992037773132324e-01,4.844813644886016846e-01,3.722556233406066895e-01,7.996858358383178711e-01,4.790537357330322266e-01,8.029774427413940430e-01,7.450948953628540039e-01,6.528134942054748535e-01,4.689673185348510742e-01,9.147788882255554199e-01,6.384422779083251953e-01,9.093849658966064453e-01,7.262927889823913574e-01,7.328049540519714355e-01,6.297145485877990723e-01,7.361098527908325195e-01
3.145469352602958679e-02,-1.104424893856048584e-01,-3.930529057979583740e-01,2.119799330830574036e-02,-2.527315914630889893e-01,2.703060768544673920e-02,3.938935324549674988e-02,-5.161204338073730469e-01,-3.052355945110321045e-01,1.067255735397338867e-01,-3.841718891635537148e-03,2.667204849421977997e-02,-1.582583189010620117e-01,-1.831861734390258789e-01,-2.921380996704101562e-01,-2.498309165239334106e-01,-3.417204320430755615e-01,-6.268107295036315918e-01,-2.504282891750335693e-01,-1.615581363439559937e-01
-8.991654515266418457e-01,-9.713758230209350586e-01,-7.764359712600708008e-01,-1.318569779396057129e+00,-6.948215365409851074e-01,-1.024192214012145996e+00,-1.205062031745910645e+00,-1.296211838722229004e+00,-5.838976502418518066e-01,-1.235895752906799316e+00,-7.427731156349182129e-01,-1.083611845970153809e+00,-9.020016789436340332e-01,-5.453444719314575195e-01,-9.642070531845092773e-01,-1.068340301513671875e+00,-1.094287753105163574e+00,-5.156180858612060547e-01,-7.398952841758728027e-01,-7.534548640251159668e-01
4.205935001373291016e-01,8.181594014167785645e-01,4.039650559425354004e-01,6.009070277214050293e-01,8.682733774185180664e-01,6.956236958503723145e-01,5.616998672485351562e-01,5.354332327842712402e-01,7.682670354843139648e-01,5.401307940483093262e-01,6.966044306755065918e-01,8.747041225433349609e-01,5.693892836570739746e-01,1.317211240530014038e-02,5.086338520050048828e-01,1.041261315345764160e+00,6.895657181739807129e-01,7.550087571144104004e-01,6.847043037414550781e-01,8.225733637809753418e-01
-4.221476912498474121e-01,-4.389945864677429199e-01,-5.126929283142089844e-01,-4.771397635340690613e-02,-6.981029361486434937e-02,-5.369970798492431641e-01,-6.449407935142517090e-01,-4.185869395732879639e-01,-5.364527106285095215e-01,-2.609893977642059326e-01,1.639131605625152588e-01,-6.211429238319396973e-01,-4.111526310443878174e-01,-4.000582918524742126e-02,-7.225152105093002319e-02,-4.387527108192443848e-01,-1.765297204256057739e-01,-3.038725443184375763e-02,-1.473821401596069336e-01,-4.949924349784851074e-01
-4.504738003015518188e-02,-1.861146092414855957e-01,-9.240118414163589478e-02,-3.965991735458374023e-02,-3.433244824409484863e-01,5.117416754364967346e-02,1.826386153697967529e-01,-2.009716778993606567e-01,1.397384107112884521e-01,3.820892572402954102e-01,-2.357073873281478882e-01,2.020940035581588745e-01,1.367468833923339844e-01,-3.276525763794779778e-03,4.646456241607666016e-02,-1.662650555372238159e-01,3.938243091106414795e-01,-3.692550584673881531e-02,-1.811856627464294434e-01,2.449108511209487915e-01
-7.349437475204467773e-01,-1.198045372962951660e+00,-7.283958196640014648e-01,-6.841749548912048340e-01,-9.341366291046142578e-01,-1.002683162689208984e+00,-1.045886874198913574e+00,-1.151364326477050781e+00,-8.206909894943237305e-01,-8.695237040519714355e-01,-1.154817938804626465e+00,-1.164559245109558105e+00,-6.070815324783325195e-01,-8.701874613761901855e-01,-8.501428961753845215e-01,-6.363630294799804688e-01,-8.202643990516662598e-01,-6.379929780960083008e-01,-7.199326157569885254e-01,-5.450256466865539551e-01
3.989986777305603027e-01,5.364189147949218750e-01,9.117595553398132324e-01,3.863341510295867920e-01,7.533919811248779297e-01,5.721302628517150879e-01,3.268198072910308838e-01,1.124386906623840332e+00,3.969956934452056885e-01,8.949912190437316895e-01,4.434875547885894775e-01,5.065419077873229980e-01,6.552130579948425293e-01,1.214583069086074829e-01,4.618045091629028320e-01,7.808240056037902832e-01,7.562375068664550781e-01,5.238238573074340820e-01,5.791804194450378418e-01,5.674256682395935059e-01
-9.345217943191528320e-01,-1.261261343955993652e+00,-7.552236914634704590e-01,-6.637430191040039062e-01,-9.385886192321777344e-01,-7.333501577377319336e-01,-9.061128497123718262e-01,-1.012236714363098145e+00,-7.137360572814941406e-01,-1.250451803207397461e+00,-5.124691128730773926e-01,-1.132761597633361816e+00,-8.731333613395690918e-01,-8.179979920387268066e-01,-6.304736137390136719e-01,-8.848927617073059082e-01,-8.335190415382385254e-01,-7.253339290618896484e-01,-1.291948676109313965e+00,-7.827370762825012207e-01
-4.954347312450408936e-01,-8.369954228401184082e-01,-7.272294759750366211e-01,-7.866029739379882812e-01,-6.256322860717773438e-01,-9.452745914459228516e-01,-1.198900938034057617e+00,-1.084643006324768066e+00,-7.117323875427246094e-01,-6.951190829277038574e-01,-4.209337830543518066e-01,-6.635859012603759766e-01,-8.750516772270202637e-01,-8.857789635658264160e-01,-1.071480631828308105e+00,-9.650568366050720215e-01,-7.040773630142211914e-01,-1.007457733154296875e+00,-6.759232282638549805e-01,-5.888015627861022949e-01
-3.782137930393218994e-01,-5.026894807815551758e-01,-2.669794261455535889e-01,-2.865692973136901855e-01,-5.559067726135253906e-01,-2.394888252019882202e-01,-4.290079176425933838e-01,-4.275974631309509277e-01,-6.910833716392517090e-01,-6.458852291107177734e-01,-3.297002241015434265e-02,-5.635492205619812012e-01,-1.180881038308143616e-01,-2.802100479602813721e-01,-3.503586947917938232e-01,-4.253213703632354736e-01,-1.097283959388732910e-01,-1.703341901302337646e-01,-3.425596654415130615e-01,-2.634144127368927002e-01
-1.009308099746704102e+00,-7.566728591918945312e-01,-9.514624476432800293e-01,-9.098978042602539062e-01,-1.053985238075256348e+00,-5.319302082061767578e-01,-8.709692358970642090e-01,-9.067727327346801758e-01,-4.442080855369567871e-01,-5.018004179000854492e-01,-8.200823068618774414e-01,-6.960102319717407227e-01,-5.308207869529724121e-01,-1.187969207763671875e+00,-8.988417983055114746e-01,-1.042975306510925293e+00,-8.837843537330627441e-01,-1.073038935661315918e+00,-8.448620438575744629e-01,-8.805269598960876465e-01
1.183560132980346680e+00,9.181953668594360352e-01,8.885620832443237305e-01,1.058733105659484863e+00,7.988765835762023926e-01,5.568158030509948730e-01,1.043283104896545410e+00,9.512391686439514160e-01,5.231814384460449219e-01,9.588580131530761719e-01,1.108225345611572266e+00,8.999190926551818848e-01,6.915186047554016113e-01,1.015523314476013184e+00,6.497137546539306641e-01,1.032263875007629395e+00,7.855993509292602539e-01,9.544326663017272949e-01,8.119488954544067383e-01,1.163289308547973633e+00
-1.053078770637512207e+00,-1.238864779472351074e+00,-7.666122913360595703e-01,-9.389372467994689941e-01,-8.189537525177001953e-01,-1.005235314369201660e+00,-6.535740494728088379e-01,-1.039379715919494629e+00,-8.153475522994995117e-01,-6.323716640472412109e-01,-6.198751926422119141e-01,-8.637949824333190918e-01,-5.750705599784851074e-01,-8.092333674430847168e-01,-4.494126439094543457e-01,-6.350853443145751953e-01,-8.355648517608642578e-01,-8.014905452728271484e-01,-8.153164982795715332e-01,-2.393576055765151978e-01
-1.028920531272888184e+00,-9.456899166107177734e-01,-1.160797119140625000e+00,-7.533121705055236816e-01,-5.551415085792541504e-01,-8.331755399703979492e-01,-4.407274723052978516e-01,-8.682001233100891113e-01,-4.673759639263153076e-01,-1.202960252761840820e+00,-6.693146228790283203e-01,-9.974305629730224609e-01,-1.182318210601806641e+00,-9.478727579116821289e-01,-7.648396492004394531e-01,-8.283151984214782715e-01,-8.331623673439025879e-01,-1.203527808189392090e+00,-1.272786855697631836e+00,-6.516730189323425293e-01
-1.664650999009609222e-02,8.329541236162185669e-02,7.666043192148208618e-02,8.776694536209106445e-02,-2.637276053428649902e-01,-1.376450210809707642e-01,-5.175555497407913208e-02,-1.104497089982032776e-01,-1.559938192367553711e-01,1.276126056909561157e-01,-3.107842504978179932e-01,-2.323835194110870361e-01,-2.739958167076110840e-01,-3.773176297545433044e-02,3.197373151779174805e-01,-3.728347122669219971e-01,1.842346042394638062e-02,-2.349382489919662476e-01,-1.748907119035720825e-01,-2.174634784460067749e-01
6.586747169494628906e-01,7.875429391860961914e-01,8.285719752311706543e-01,7.934860587120056152e-01,8.820576071739196777e-01,1.055669665336608887e+00,8.593810796737670898e-01,6.517108082771301270e-01,1.156753778457641602e+00,8.351677656173706055e-01,1.288672327995300293e+00,1.054235100746154785e+00,9.940399527549743652e-01,6.325222253799438477e-01,1.108535289764404297e+00,1.199965357780456543e+00,9.117951989173889160e-01,1.181682586669921875e+00,5.172957181930541992e-01,7.827542424201965332e-01
2.215511165559291840e-02,-5.472535640001296997e-02,-5.098226070404052734e-01,-4.262778759002685547e-01,-2.638305425643920898e-01,-7.208627462387084961e-01,-4.027136564254760742e-01,-6.870586872100830078e-01,-5.424743890762329102e-01,-1.228286027908325195e-01,-1.879635155200958252e-01,-3.112343549728393555e-01,-2.436058372259140015e-01,1.560801416635513306e-01,-3.002623021602630615e-01,-6.040833592414855957e-01,-3.536982834339141846e-02,-2.314545810222625732e-01,-7.390909641981124878e-02,3.165142238140106201e-01
-3.101886510848999023e-01,-4.920427501201629639e-01,-3.841931521892547607e-01,-3.566281795501708984e-01,-1.986524015665054321e-01,-1.766856908798217773e-01,-3.468273878097534180e-01,-1.152059882879257202e-01,9.937039762735366821e-02,-4.533163905143737793e-01,-3.354431688785552979e-01,-2.388097345829010010e-01,-6.198513135313987732e-02,-3.140690922737121582e-01,-4.063003957271575928e-01,-3.761425614356994629e-01,-1.366761028766632080e-01,-1.689165979623794556e-01,-2.690198421478271484e-01,-2.105397731065750122e-01
6.411139965057373047e-01,9.283831119537353516e-01,7.247665524482727051e-01,1.119970440864562988e+00,3.419645428657531738e-01,6.163211464881896973e-01,3.140624761581420898e-01,6.210500597953796387e-01,6.909177303314208984e-01,8.761337995529174805e-01,8.921240568161010742e-01,4.641677737236022949e-01,7.644385695457458496e-01,5.105479955673217773e-01,1.212182998657226562e+00,5.552627444267272949e-01,1.074503779411315918e+00,1.058481574058532715e+00,4.906560778617858887e-01,6.547060608863830566e-01
-8.413131833076477051e-01,-7.661145329475402832e-01,-9.250237345695495605e-01,-6.823780536651611328e-01,-6.501924395561218262e-01,-8.183440566062927246e-01,-5.732133984565734863e-01,-7.320768833160400391e-01,-4.562242925167083740e-01,-8.368759155273437500e-01,-6.108207106590270996e-01,-5.278861522674560547e-01,-7.078413963317871094e-01,-4.799109399318695068e-01,-8.550040125846862793e-01,-3.174518942832946777e-01,-4.235378503799438477e-01,-1.092746496200561523e+00,-5.510715842247009277e-01,-6.712958812713623047e-01
-1.159994006156921387e+00,-5.816622972488403320e-01,-4.994451403617858887e-01,-2.606914043426513672e-01,-6.117684245109558105e-01,-8.170166015625000000e-01,-6.379663944244384766e-01,-6.962362527847290039e-01,-6.664823293685913086e-01,-7.885023355484008789e-01,-4.020611047744750977e-01,-1.092610836029052734e+00,-4.134639799594879150e-01,-7.520788311958312988e-01,-5.680840015411376953e-01,-5.499687790870666504e-01,-9.339197874069213867e-01,-7.747084498405456543e-01,-7.322637438774108887e-01,-7.801026105880737305e-01
-4.287288486957550049e-01,-8.941409587860107422e-01,-8.865153789520263672e-01,-7.154974937438964844e-01,-7.423068881034851074e-01,-1.104381918907165527e+00,-8.973253965377807617e-01,-7.200825810432434082e-01,-6.059355735778808594e-01,-9.403058290481567383e-01,-1.122927784919738770e+00,-9.382077455520629883e-01,-9.674105048179626465e-01,-8.851775527000427246e-01,-7.299237847328186035e-01,-4.664113521575927734e-01,-4.312361776828765869e-01,-6.500135064125061035e-01,-7.188493609428405762e-01,-7.224757075309753418e-01
5.156267881393432617e-01,3.277746140956878662e-01,6.259641051292419434e-01,5.588350296020507812e-01,6.919599175453186035e-01,7.682364583015441895e-01,7.834559679031372070e-01,9.995902776718139648e-01,4.048951566219329834e-01,1.047312498092651367e+00,8.920289874076843262e-01,7.297264337539672852e-01,9.695530533790588379e-01,9.199066758155822754e-01,9.063902497291564941e-01,6.122955679893493652e-01,1.417187750339508057e-01,8.913595676422119141e-01,7.680191397666931152e-01,5.219690799713134766e-01
-1.111462116241455078e+00,-8.470638990402221680e-01,-8.348446488380432129e-01,-1.067026019096374512e+00,-1.104349255561828613e+00,-1.018648743629455566e+00,-6.212497353553771973e-01,-9.100531339645385742e-01,-4.196051061153411865e-01,-8.853841423988342285e-01,-8.336694240570068359e-01,-9.317974448204040527e-01,-8.561970591545104980e-01,-9.113370180130004883e-01,-8.704817295074462891e-01,-8.371928334236145020e-01,-6.133000254631042480e-01,-9.614836573600769043e-01,-1.019809126853942871e+00,-8.449970483779907227e-01
1.294832974672317505e-01,3.618919253349304199e-01,2.694801688194274902e-01,2.681664824485778809e-01,-1.478168517351150513e-01,5.181217193603515625e-01,4.060068428516387939e-01,3.697845339775085449e-01,2.935376167297363281e-01,2.893951833248138428e-01,9.856880456209182739e-02,-2.669440396130084991e-02,-4.823361337184906006e-02,-1.602994799613952637e-01,4.126219749450683594e-01,4.312678873538970947e-01,1.893174946308135986e-01,-1.983853429555892944e-01,3.611564934253692627e-01,5.474125221371650696e-02
-8.113822340965270996e-01,-8.567070364952087402e-01,-3.629240691661834717e-01,-7.289140224456787109e-01,-5.015493035316467285e-01,-8.424302935600280762e-01,-6.155131459236145020e-01,-9.472510218620300293e-01,-7.146104574203491211e-01,-8.592186570167541504e-01,-7.964639663696289062e-01,-5.866772532463073730e-01,-9.301154017448425293e-01,-8.249126076698303223e-01,-7.493895888328552246e-01,-7.869025468826293945e-01,-9.245887994766235352e-01,-8.578581213951110840e-01,-5.706535577774047852e-01,-7.619767189025878906e-01
7.292206287384033203e-01,3.629022538661956787e-01,1.462589055299758911e-01,2.413825839757919312e-01,3.124296963214874268e-01,3.285047709941864014e-01,1.658005565404891968e-01,-3.244811296463012695e-01,3.184788301587104797e-02,3.473307192325592041e-01,3.396921753883361816e-01,3.169909417629241943e-01,9.163039922714233398e-02,3.240327835083007812e-01,5.226421952247619629e-01,2.925856709480285645e-01,7.802346348762512207e-02,8.004378080368041992e-01,3.150700926780700684e-01,3.179392218589782715e-01
-6.633632816374301910e-03,2.364470660686492920e-01,2.653661072254180908e-01,1.111705526709556580e-01,2.120294719934463501e-01,4.443795084953308105e-01,2.928982377052307129e-01,2.974424362182617188e-01,-6.975118815898895264e-02,2.611362934112548828e-01,4.364021867513656616e-02,2.888341844081878662e-01,6.787069141864776611e-02,-1.426450461149215698e-01,2.046305686235427856e-01,4.083467721939086914e-01,3.655265569686889648e-01,-9.673283994197845459e-02,2.012022286653518677e-01,-2.121222615242004395e-01
8.188122510910034180e-01,1.550065040588378906e+00,3.134537339210510254e-01,7.501325011253356934e-01,6.067289710044860840e-01,9.587803483009338379e-02,4.983491301536560059e-01,1.058637976646423340e+00,6.495388746261596680e-01,6.889430284500122070e-01,4.893721640110015869e-01,7.588638663291931152e-01,1.226507902145385742e+00,4.999513626098632812e-01,5.283280014991760254e-01,5.701109170913696289e-01,8.917210102081298828e-01,5.209473371505737305e-01,2.594455778598785400e-01,7.667240500450134277e-01
-1.052845358848571777e+00,-6.922212243080139160e-01,-9.426195621490478516e-01,-9.223268032073974609e-01,-9.219893217086791992e-01,-6.146726608276367188e-01,-1.039102792739868164e+00,-1.266707062721252441e+00,-1.561213582754135132e-01,-4.745471775531768799e-01,-4.722586572170257568e-01,-4.218518435955047607e-01,-4.258187711238861084e-01,-2.961204648017883301e-01,-4.867374897003173828e-01,-6.295756101608276367e-01,-2.809700071811676025e-01,-9.872805476188659668e-01,-1.010208606719970703e+00,-7.526576519012451172e-01
-6.192278265953063965e-01,-9.636842012405395508e-01,-1.531540602445602417e-01,-2.298628091812133789e-01,-5.092921108007431030e-02,-5.050969719886779785e-01,4.500892478972673416e-03,1.376836895942687988e-01,-4.432140886783599854e-01,-3.237318694591522217e-01,-3.622851669788360596e-01,-2.634636461734771729e-01,-1.619967669248580933e-01,-1.397542208433151245e-01,-5.958868861198425293e-01,-4.230333864688873291e-01,-3.756219744682312012e-01,-5.858772993087768555e-01,-4.133444428443908691e-01,-2.106869071722030640e-01
4.080199599266052246e-01,4.031490683555603027e-01,-1.151647344231605530e-01,2.336327135562896729e-01,7.235823869705200195e-01,2.714557945728302002e-01,1.498974114656448364e-01,1.562169790267944336e-01,5.876820683479309082e-01,4.632850289344787598e-01,-1.710518822073936462e-02,1.999839395284652710e-01,2.066237181425094604e-01,3.342826366424560547e-01,5.217825770378112793e-01,3.072447776794433594e-01,4.413818717002868652e-01,4.435945749282836914e-01,1.477139294147491455e-01,4.427131712436676025e-01
9.519562125205993652e-01,6.763326525688171387e-01,9.802782535552978516e-01,8.143560886383056641e-01,8.977008461952209473e-01,7.993181347846984863e-01,7.702109217643737793e-01,1.033733963966369629e+00,1.189120650291442871e+00,8.681716918945312500e-01,5.720305442810058594e-01,8.758092522621154785e-01,6.944587826728820801e-01,1.342652678489685059e+00,1.083256959915161133e+00,9.921443462371826172e-01,1.066477417945861816e+00,9.083470106124877930e-01,5.346719622611999512e-01,4.523113667964935303e-01
4.575658142566680908e-01,7.860926538705825806e-02,1.387070864439010620e-01,2.311932444572448730e-01,-7.890625298023223877e-02,2.549604773521423340e-01,8.836502581834793091e-02,-2.708184719085693359e-01,1.295306682586669922e-01,1.199529245495796204e-01,2.152980417013168335e-01,4.006215929985046387e-01,1.233410649001598358e-02,1.842973381280899048e-01,2.533544600009918213e-01,4.207750856876373291e-01,-1.058999225497245789e-01,-2.649320065975189209e-01,2.334141731262207031e-02,5.415453761816024780e-02
7.495625019073486328e-01,1.015310525894165039e+00,9.369887113571166992e-01,1.105848789215087891e+00,7.804461121559143066e-01,1.074787378311157227e+00,1.350193858146667480e+00,1.179605722427368164e+00,9.977010488510131836e-01,1.115839242935180664e+00,1.107190012931823730e+00,9.337909221649169922e-01,1.048314571380615234e+00,1.084602475166320801e+00,7.029534578323364258e-01,6.888488531112670898e-01,1.043480992317199707e+00,1.052088737487792969e+00,5.982488989830017090e-01,6.924967169761657715e-01
4.638933241367340088e-01,5.430857539176940918e-01,5.904842019081115723e-01,6.190384626388549805e-01,5.932501554489135742e-01,6.804853677749633789e-01,2.384490966796875000e-01,4.814862012863159180e-01,8.321284651756286621e-01,4.712218940258026123e-01,8.587352633476257324e-01,8.163814544677734375e-01,7.870905399322509766e-01,6.401406526565551758e-01,3.934011161327362061e-01,7.071564197540283203e-01,5.426710844039916992e-01,7.302887439727783203e-01,3.425121009349822998e-01,5.320407152175903320e-01
3.917615413665771484e-01,3.553883135318756104e-01,5.653458237648010254e-01,5.412760972976684570e-01,1.024684429168701172e+00,7.492048144340515137e-01,2.798887491226196289e-01,6.814367771148681641e-01,5.410031080245971680e-01,5.181386470794677734e-01,4.359863102436065674e-01,6.046798825263977051e-01,4.175716638565063477e-01,7.879480123519897461e-01,9.067215323448181152e-01,6.314181089401245117e-01,5.670112967491149902e-01,9.182684421539306641e-01,1.118150711059570312e+00,6.429991126060485840e-01
-4.999118447303771973e-01,-6.222701668739318848e-01,-6.777157783508300781e-01,-7.781184315681457520e-01,-6.298090219497680664e-01,-8.418781757354736328e-01,-3.046098649501800537e-01,-7.721744179725646973e-01,-6.175279021263122559e-01,-4.547146856784820557e-01,-8.138539791107177734e-01,-4.463610351085662842e-01,-4.614905118942260742e-01,-6.400783658027648926e-01,-2.882449030876159668e-01,-5.376477837562561035e-01,-5.441263318061828613e-01,-5.052281618118286133e-01,-2.883611619472503662e-01,-2.799314856529235840e-01
-7.269524782896041870e-02,-3.235028088092803955e-01,4.393055140972137451e-01,2.721174955368041992e-01,4.640839695930480957e-01,1.521018892526626587e-01,-2.481503486633300781e-01,-1.344894915819168091e-01,4.373220801353454590e-01,3.095564544200897217e-01,4.934534057974815369e-02,-2.787595242261886597e-02,-4.926286637783050537e-01,-1.699734330177307129e-01,2.589693963527679443e-01,5.337633490562438965e-01,-2.411486767232418060e-02,-9.442305564880371094e-02,3.543040156364440918e-01,2.417821139097213745e-01
5.639871954917907715e-01,9.572875499725341797e-01,3.841162323951721191e-01,7.985519170761108398e-01,1.188082098960876465e+00,7.006585597991943359e-01,1.035475134849548340e+00,5.519262552261352539e-01,3.920385241508483887e-01,8.478221893310546875e-01,4.493655264377593994e-01,9.053769707679748535e-01,7.198729515075683594e-01,9.612207412719726562e-01,6.754034161567687988e-01,3.354082703590393066e-01,7.504880428314208984e-01,9.595996141433715820e-01,6.461905837059020996e-01,8.665251135826110840e-01
-1.958060823380947113e-02,2.033815383911132812e-01,2.988474369049072266e-01,4.011203944683074951e-01,1.029115468263626099e-01,1.973372548818588257e-01,3.565827757120132446e-02,-6.591435521841049194e-02,3.967438340187072754e-01,2.418121695518493652e-02,2.307955771684646606e-01,2.170419394969940186e-01,3.455866277217864990e-01,3.713706433773040771e-01,1.124616935849189758e-01,2.895603477954864502e-01,2.617046535015106201e-01,1.432784199714660645e-01,-3.083004988729953766e-02,3.135739564895629883e-01
-4.081323742866516113e-01,3.662144839763641357e-01,3.053708374500274658e-01,3.503071367740631104e-01,5.971076488494873047e-01,-1.700294464826583862e-01,2.002002596855163574e-01,7.052852958440780640e-02,9.774231165647506714e-02,-1.634797640144824982e-02,3.154922425746917725e-01,4.180551469326019287e-01,3.499681130051612854e-02,8.537973463535308838e-02,4.946310818195343018e-02,4.977080505341291428e-03,3.279864788055419922e-02,-1.104246005415916443e-01,8.105742931365966797e-02,3.259575068950653076e-01
-2.455026507377624512e-01,4.963850602507591248e-02,-1.501780897378921509e-01,-4.271503388881683350e-01,-2.700873315334320068e-01,2.336815148591995239e-01,-1.255966871976852417e-01,-3.788482844829559326e-01,-1.444995496422052383e-02,-4.921559691429138184e-01,-3.136393725872039795e-01,-2.175157815217971802e-01,-3.580695986747741699e-01,-3.076975345611572266e-01,-1.065284833312034607e-01,-7.959294915199279785e-01,-5.107377767562866211e-01,-1.537431329488754272e-01,1.029737144708633423e-01,-3.855757713317871094e-01
2.503261566162109375e-01,-1.151091977953910828e-01,-2.528171539306640625e-01,1.279930770397186279e-01,-1.998070478439331055e-01,-2.029144577682018280e-02,4.456588253378868103e-02,-5.130388736724853516e-01,-1.608697623014450073e-01,-1.443870812654495239e-01,-3.367790579795837402e-01,-3.238902688026428223e-01,1.770346164703369141e-01,2.091145813465118408e-01,-2.050302922725677490e-02,4.740051329135894775e-01,-3.551883995532989502e-01,-1.500663161277770996e-01,-1.650742292404174805e-01,-1.156617980450391769e-02
9.478324055671691895e-01,9.238612651824951172e-01,7.148943543434143066e-01,6.423867940902709961e-01,9.952717423439025879e-01,8.495188355445861816e-01,8.899867534637451172e-01,9.215900897979736328e-01,5.804201588034629822e-02,6.028230786323547363e-01,8.954247236251831055e-01,1.128934383392333984e+00,8.555912375450134277e-01,5.545730590820312500e-01,9.113924503326416016e-01,9.728339314460754395e-01,1.089932322502136230e+00,9.269471168518066406e-01,6.777135133743286133e-01,9.050744771957397461e-01
-1.077439665794372559e+00,-5.745801329612731934e-01,-6.610504388809204102e-01,-1.223521351814270020e+00,-9.540397524833679199e-01,-1.296389102935791016e+00,-1.268436312675476074e+00,-1.550117731094360352e+00,-6.833145022392272949e-01,-4.779038727283477783e-01,-6.662048697471618652e-01,-1.046624302864074707e+00,-9.016101360321044922e-01,-5.454546213150024414e-01,-6.542105674743652344e-01,-1.379371881484985352e+00,-1.155323863029479980e+00,-8.334604501724243164e-01,-9.068799018859863281e-01,-8.942897915840148926e-01
6.422882080078125000e-01,1.130993962287902832e+00,6.873624324798583984e-01,6.837694644927978516e-01,9.917320609092712402e-01,8.525060415267944336e-01,5.723257064819335938e-01,1.104848623275756836e+00,8.478714823722839355e-01,4.919545352458953857e-01,5.827440023422241211e-01,2.689685821533203125e-01,7.697501778602600098e-01,7.921683788299560547e-01,8.806299567222595215e-01,9.836444854736328125e-01,6.340586543083190918e-01,7.158082127571105957e-01,4.867458939552307129e-01,6.457701921463012695e-01
4.809616506099700928e-01,6.414645910263061523e-01,3.779534101486206055e-01,1.125386238098144531e+00,1.036090254783630371e+00,4.602051973342895508e-01,3.627732396125793457e-01,7.162533402442932129e-01,7.537603378295898438e-01,5.197988748550415039e-01,5.928961634635925293e-01,7.226743102073669434e-01,8.155933022499084473e-01,1.244681358337402344e+00,7.869781851768493652e-01,1.020625829696655273e+00,5.939412713050842285e-01,4.921740293502807617e-01,8.519520759582519531e-01,8.662900328636169434e-01
-1.041760802268981934e+00,-8.125983476638793945e-01,-8.541731834411621094e-01,-9.896243810653686523e-01,-7.895970344543457031e-01,-8.378637433052062988e-01,-8.793678283691406250e-01,-9.113942384719848633e-01,-7.575054764747619629e-01,-1.150246739387512207e+00,-8.940830230712890625e-01,-1.004163146018981934e+00,-6.249446868896484375e-01,-1.014972329139709473e+00,-1.028048276901245117e+00,-9.272577166557312012e-01,-8.299597501754760742e-01,-6.035760045051574707e-01,-8.419553637504577637e-01,-8.230340480804443359e-01
-5.343049764633178711e-01,-7.989696860313415527e-01,-6.912153959274291992e-01,-8.985581398010253906e-01,-8.946434259414672852e-01,-8.400167226791381836e-01,-5.981560945510864258e-01,-9.791796803474426270e-01,-4.950030446052551270e-01,-6.580998897552490234e-01,-8.512088656425476074e-01,-8.003129959106445312e-01,-7.867167592048645020e-01,-1.192419409751892090e+00,-9.692537784576416016e-01,-6.635782122611999512e-01,-1.058028221130371094e+00,-9.964511394500732422e-01,-7.963799238204956055e-01,-6.154575347900390625e-01
8.870935440063476562e-01,8.239397406578063965e-01,4.430147707462310791e-01,7.898761034011840820e-01,5.609123706817626953e-01,7.665290236473083496e-01,3.787294030189514160e-01,8.100328445434570312e-01,4.190901219844818115e-01,7.016296386718750000e-01,1.274162888526916504e+00,9.146070480346679688e-01,1.100946545600891113e+00,7.697345614433288574e-01,9.933536648750305176e-01,6.317194700241088867e-01,1.104120492935180664e+00,1.028319239616394043e+00,3.507349193096160889e-01,9.159679412841796875e-01
-9.175329804420471191e-01,-1.017126679420471191e+00,-4.992290139198303223e-01,-7.577185034751892090e-01,-7.898705005645751953e-01,-7.675157785415649414e-01,-6.460281610488891602e-01,-7.196866869926452637e-01,-7.908244729042053223e-01,-3.058597147464752197e-01,-6.791366934776306152e-01,-1.005128979682922363e+00,-8.307775259017944336e-01,-8.112746477127075195e-01,-7.748079299926757812e-01,-5.367857217788696289e-01,-5.150207877159118652e-01,-7.839031219482421875e-01,-2.519571781158447266e-01,-5.963507294654846191e-01
-5.545783042907714844e-01,-5.723533630371093750e-01,-4.270482063293457031e-01,-7.742385864257812500e-01,-4.245206117630004883e-01,-6.798710823059082031e-01,-5.544715523719787598e-01,-9.119998216629028320e-01,-3.610246777534484863e-01,-3.957971036434173584e-01,-1.146652221679687500e+00,-7.288148999214172363e-01,-5.346150994300842285e-01,-1.143596172332763672e+00,-7.168138623237609863e-01,-4.319324195384979248e-01,-4.542379677295684814e-01,-1.861183941364288330e-01,-1.574294418096542358e-01,-2.359341084957122803e-01
-8.455279469490051270e-01,-8.079032897949218750e-01,-1.133338212966918945e+00,-1.111893296241760254e+00,-3.388627171516418457e-01,-1.160273551940917969e+00,-8.629940748214721680e-01,-7.588970065116882324e-01,-5.977691411972045898e-01,-6.044747233390808105e-01,-8.015541434288024902e-01,-4.266540110111236572e-01,-5.932284593582153320e-01,-1.102165579795837402e+00,-6.057683825492858887e-01,-5.949010848999023438e-01,-8.897169232368469238e-01,-8.502525687217712402e-01,-6.000906229019165039e-01,-8.818495869636535645e-01
9.762901663780212402e-01,1.020474672317504883e+00,8.507804870605468750e-01,1.230094909667968750e+00,1.154164671897888184e+00,1.082234144210815430e+00,1.118497967720031738e+00,9.937020540237426758e-01,7.089147567749023438e-01,7.884170413017272949e-01,1.097797870635986328e+00,1.170394062995910645e+00,1.013625383377075195e+00,1.117795228958129883e+00,9.266935586929321289e-01,1.202981352806091309e+00,1.032762646675109863e+00,9.857060909271240234e-01,8.582969307899475098e-01,1.212688803672790527e+00
7.360513806343078613e-01,1.328930020332336426e+00,5.758699178695678711e-01,8.408418893814086914e-01,6.597077250480651855e-01,8.770973682403564453e-01,1.081471800804138184e+00,7.026473283767700195e-01,9.033991694450378418e-01,8.278782963752746582e-01,8.547552824020385742e-01,1.007238268852233887e+00,8.746522068977355957e-01,1.043647885322570801e+00,1.037914991378784180e+00,8.832942843437194824e-01,7.618572711944580078e-01,7.800896167755126953e-01,9.599573016166687012e-01,6.922063231468200684e-01
-1.480437368154525757e-01,3.302665650844573975e-01,-2.407076507806777954e-01,1.747214198112487793e-01,-1.505737304687500000e-01,-3.236736059188842773e-01,2.473276108503341675e-01,-1.091474145650863647e-01,1.996075361967086792e-02,-2.913182675838470459e-01,9.465427137911319733e-03,2.084233611822128296e-01,1.946577429771423340e-01,-1.338390912860631943e-02,2.122928500175476074e-01,-2.008996903896331787e-01,5.431333556771278381e-02,1.927069574594497681e-01,2.187410742044448853e-01,5.374676585197448730e-01
3.540588617324829102e-01,9.111644029617309570e-01,7.027075290679931641e-01,5.518245100975036621e-01,8.000735640525817871e-01,5.745056271553039551e-01,8.985064625740051270e-01,8.497381806373596191e-01,8.922781348228454590e-01,7.242694497108459473e-01,9.601069092750549316e-01,8.569248318672180176e-01,4.372424483299255371e-01,1.023954868316650391e+00,9.251105785369873047e-01,1.019614934921264648e+00,5.529590845108032227e-01,4.087505638599395752e-01,3.297747969627380371e-01,5.532441139221191406e-01
5.392405986785888672e-01,2.982811629772186279e-01,5.916485190391540527e-02,-1.253234744071960449e-01,9.820095449686050415e-02,9.061319380998611450e-02,2.071650028228759766e-01,-3.085593283176422119e-01,-5.544859170913696289e-02,-1.389270722866058350e-01,-2.959959208965301514e-01,-3.276418149471282959e-01,-3.839914798736572266e-01,1.726710498332977295e-01,6.397275626659393311e-02,4.875870645046234131e-01,2.699118852615356445e-01,3.649464845657348633e-01,-2.652014493942260742e-01,-2.109464257955551147e-01
1.043113231658935547e+00,6.086834669113159180e-01,7.246352434158325195e-01,1.008375287055969238e+00,9.715437293052673340e-01,7.304800152778625488e-01,1.018784165382385254e+00,8.111834526062011719e-01,7.229915857315063477e-01,8.835778832435607910e-01,7.622050046920776367e-01,9.334476590156555176e-01,5.879939794540405273e-01,1.046923995018005371e+00,6.082838177680969238e-01,8.158970475196838379e-01,6.262465119361877441e-01,5.633173584938049316e-01,9.849830865859985352e-01,8.401038646697998047e-01
-6.314273923635482788e-02,-3.266218304634094238e-01,-6.815007328987121582e-01,-2.551843822002410889e-01,1.468358188867568970e-02,-3.258498013019561768e-01,-3.683007955551147461e-01,-4.884694218635559082e-01,-4.187982976436614990e-01,-4.180417358875274658e-01,-6.987281441688537598e-01,-5.440177917480468750e-01,-2.437583953142166138e-01,-2.081227600574493408e-01,-6.017237305641174316e-01,-3.855956792831420898e-01,-2.843340337276458740e-01,-5.267248153686523438e-01,-3.065849542617797852e-01,-1.569021679461002350e-02
3.489167392253875732e-01,-5.385554954409599304e-02,-1.168973371386528015e-01,1.362189948558807373e-01,1.347374469041824341e-01,3.607504442334175110e-02,3.439134657382965088e-01,1.102420911192893982e-01,-2.151905447244644165e-01,-1.108891367912292480e-01,1.481457948684692383e-01,2.548500001430511475e-01,2.525192201137542725e-01,2.607286870479583740e-01,1.179344132542610168e-01,1.006605386734008789e+00,-9.804324060678482056e-02,1.464417278766632080e-01,3.957919180393218994e-01,1.526772379875183105e-01
-6.183811426162719727e-01,-2.252298295497894287e-01,-4.705449342727661133e-01,-7.963671088218688965e-01,-4.569211900234222412e-01,-8.255273699760437012e-01,-4.499868750572204590e-01,-3.759900033473968506e-01,-5.693476647138595581e-02,-5.650506019592285156e-01,-5.850696563720703125e-01,-9.318058937788009644e-02,-1.355094611644744873e-01,-4.630053639411926270e-01,-5.286915302276611328e-01,-3.074056804180145264e-01,-3.196028172969818115e-01,-7.745106220245361328e-01,-6.582337021827697754e-01,-4.873732328414916992e-01
-1.170732259750366211e+00,-8.085750937461853027e-01,-9.942742586135864258e-01,-8.339272737503051758e-01,-1.078534126281738281e+00,-5.216095447540283203e-01,-8.720545172691345215e-01,-1.133994221687316895e+00,-4.265465438365936279e-01,-1.091991424560546875e+00,-7.093282341957092285e-01,-1.189446210861206055e+00,-7.294380068778991699e-01,-9.312739968299865723e-01,-1.382052540779113770e+00,-1.180227398872375488e+00,-9.903879165649414062e-01,-6.478055715560913086e-01,-7.613199949264526367e-01,-9.796270728111267090e-01
1.110003948211669922e+00,7.783165574073791504e-01,9.175322055816650391e-01,7.256875038146972656e-01,4.662790298461914062e-01,1.060085773468017578e+00,9.860321879386901855e-01,6.959785223007202148e-01,8.915159702301025391e-01,8.505452275276184082e-01,6.332626342773437500e-01,9.902739524841308594e-01,4.181123673915863037e-01,6.628484129905700684e-01,9.347070455551147461e-01,3.629036247730255127e-01,7.065877318382263184e-01,9.316072463989257812e-01,1.026958823204040527e+00,8.485611081123352051e-01
-2.037317007780075073e-01,-1.266519784927368164e+00,-9.084806442260742188e-01,-8.493891954421997070e-01,-9.447203278541564941e-01,-7.158625721931457520e-01,-9.675213098526000977e-01,-5.240332484245300293e-01,-3.020038604736328125e-01,-5.196793079376220703e-01,-5.216097831726074219e-01,-5.101231932640075684e-01,-2.742078900337219238e-01,-3.773747384548187256e-01,-9.498833417892456055e-01,-5.309326648712158203e-01,-8.278617858886718750e-01,-1.009477376937866211e+00,-5.838311314582824707e-01,-6.751548647880554199e-01
4.354924261569976807e-01,5.098232626914978027e-01,6.204322576522827148e-01,3.544571697711944580e-01,3.045541644096374512e-01,7.928702831268310547e-01,6.839526295661926270e-01,9.088916778564453125e-01,5.582575798034667969e-01,2.321476340293884277e-01,4.430455863475799561e-01,7.828531861305236816e-01,3.999168574810028076e-01,1.603552401065826416e-01,8.026685714721679688e-01,6.752877831459045410e-01,8.644081354141235352e-01,6.392810344696044922e-01,5.613052248954772949e-01,5.375701785087585449e-01
6.833643317222595215e-01,7.475625276565551758e-01,9.075573682785034180e-01,7.618566751480102539e-01,2.998622655868530273e-01,1.059890151023864746e+00,6.428629755973815918e-01,7.282694578170776367e-01,8.173762559890747070e-01,6.313408613204956055e-01,7.528383135795593262e-01,9.651220440864562988e-01,7.320005297660827637e-01,4.872214794158935547e-01,9.218375682830810547e-01,1.119490981101989746e+00,1.414601087570190430e+00,8.685539960861206055e-01,8.067316412925720215e-01,1.145054936408996582e+00
-3.883504867553710938e-01,-2.979919910430908203e-01,-6.389854550361633301e-01,-8.206688761711120605e-01,-4.539146721363067627e-01,-8.206923007965087891e-01,-9.071220755577087402e-01,-1.064764738082885742e+00,-7.787027955055236816e-01,-4.873194694519042969e-01,-7.665032744407653809e-01,-9.591560959815979004e-01,-1.004005193710327148e+00,-8.004842400550842285e-01,-7.340041995048522949e-01,-8.638539910316467285e-01,-7.148004770278930664e-01,-1.157862186431884766e+00,-8.109943866729736328e-01,-5.225623846054077148e-01
4.868828654289245605e-01,8.329572677612304688e-01,6.668603420257568359e-01,1.082741260528564453e+00,5.492188930511474609e-01,4.364962279796600342e-01,9.044661521911621094e-01,6.956040859222412109e-01,5.713360309600830078e-01,8.569290041923522949e-01,9.033613801002502441e-01,8.639517426490783691e-01,6.249513030052185059e-01,7.018679976463317871e-01,9.331906437873840332e-01,7.529584765434265137e-01,5.319261550903320312e-01,5.422439575195312500e-01,6.879118084907531738e-01,1.063694238662719727e+00
-1.493133157491683960e-01,-1.853168308734893799e-01,1.118846461176872253e-01,-5.508956909179687500e-01,-1.432723850011825562e-01,-5.503945350646972656e-01,-3.982358276844024658e-01,-3.276867568492889404e-01,-3.952016234397888184e-01,-3.040181696414947510e-01,3.272303566336631775e-02,1.806814670562744141e-01,4.677114263176918030e-02,-2.751222550868988037e-01,-3.490324914455413818e-01,-1.303102523088455200e-01,-4.256650209426879883e-01,-2.259010523557662964e-01,-2.744708359241485596e-01,-5.126696825027465820e-02
-5.039556026458740234e-01,-4.146967828273773193e-01,-1.319140046834945679e-01,-4.050074815750122070e-01,-3.739117085933685303e-01,-1.851586997509002686e-01,-2.084286063909530640e-01,-3.959091305732727051e-01,-1.874042898416519165e-01,-7.663694024085998535e-01,-1.819647699594497681e-01,-3.192941844463348389e-01,-4.370498657226562500e-01,-2.049678117036819458e-01,-1.183332726359367371e-01,-3.712077140808105469e-01,-3.906010985374450684e-01,-7.344687581062316895e-01,-2.372257113456726074e-01,9.873979538679122925e-02
-8.476172685623168945e-01,-8.720157146453857422e-01,-1.095917105674743652e+00,-9.890167713165283203e-01,-8.279878497123718262e-01,-8.648029565811157227e-01,-9.917371273040771484e-01,-8.001308441162109375e-01,-4.603548943996429443e-01,-1.109322071075439453e+00,-1.035158634185791016e+00,-7.074074745178222656e-01,-7.583971023559570312e-01,-8.439438343048095703e-01,-8.337674140930175781e-01,-5.742496252059936523e-01,-6.712065935134887695e-01,-1.188974976539611816e+00,-6.769365668296813965e-01,-1.166834831237792969e+00
-5.074226260185241699e-01,-4.104576110839843750e-01,-2.328214198350906372e-01,-2.296411097049713135e-01,-1.763850599527359009e-01,-2.825956940650939941e-01,-4.111944437026977539e-01,-3.175451457500457764e-01,-1.599092334508895874e-01,-4.192383885383605957e-01,-4.847995936870574951e-01,-4.785262644290924072e-01,-1.445319354534149170e-01,-6.103059053421020508e-01,-4.837890267372131348e-01,-4.636887311935424805e-01,-4.455673694610595703e-01,-3.731951713562011719e-01,-4.075443148612976074e-01,-5.734509229660034180e-01
-7.895032167434692383e-01,-7.810249328613281250e-01,-9.585458040237426758e-01,-6.036698818206787109e-01,-8.302568197250366211e-01,-7.977052927017211914e-01,-1.041985750198364258e+00,-9.265184998512268066e-01,-4.996602237224578857e-01,-9.518816471099853516e-01,-9.533343911170959473e-01,-1.046910881996154785e+00,-4.021640717983245850e-01,-3.771630525588989258e-01,-7.932307124137878418e-01,-1.081671357154846191e+00,-5.946534872055053711e-01,-6.687874197959899902e-01,-9.728347063064575195e-01,-9.018154740333557129e-01
-1.199422359466552734e+00,-1.043555259704589844e+00,-7.225020527839660645e-01,-8.018023371696472168e-01,-7.659770846366882324e-01,-8.718500137329101562e-01,-1.045158386230468750e+00,-9.715501666069030762e-01,-7.981352806091308594e-01,-8.710026741027832031e-01,-7.389621734619140625e-01,-8.032888174057006836e-01,-8.325147032737731934e-01,-8.674195408821105957e-01,-9.219614863395690918e-01,-7.877033352851867676e-01,-1.133951067924499512e+00,-6.786515712738037109e-01,-7.149320840835571289e-01,-1.104037880897521973e+00
-1.223581075668334961e+00,-6.189059019088745117e-01,-5.436539649963378906e-01,-4.518400430679321289e-01,-6.084681749343872070e-01,-6.877176165580749512e-01,-1.039023518562316895e+00,-8.121067881584167480e-01,-7.584739327430725098e-01,-1.013957262039184570e+00,-1.226036429405212402e+00,-1.011510252952575684e+00,-3.334841132164001465e-01,-7.837467193603515625e-01,-1.086108446121215820e+00,-6.223774552345275879e-01,-6.021124124526977539e-01,-7.961894869804382324e-01,-3.584485352039337158e-01,-6.961859464645385742e-01
8.189607858657836914e-01,4.977433681488037109e-01,2.128688395023345947e-01,4.940197169780731201e-01,3.840768933296203613e-01,6.607760190963745117e-01,3.774969279766082764e-01,9.210491180419921875e-01,4.770739972591400146e-01,3.900197744369506836e-01,7.580901980400085449e-01,4.218832850456237793e-01,7.041663527488708496e-01,6.497440338134765625e-01,9.886719584465026855e-01,6.956414580345153809e-01,4.798758029937744141e-01,6.778527498245239258e-01,4.437214136123657227e-01,2.663987278938293457e-01
-1.390827726572751999e-02,-2.572949826717376709e-01,-9.391683936119079590e-01,-3.770336508750915527e-01,-2.061308175325393677e-01,-3.916650712490081787e-01,-4.901375174522399902e-01,-4.887371957302093506e-01,-5.601404309272766113e-01,-4.641865193843841553e-01,-3.592233061790466309e-01,-3.037600517272949219e-01,1.249051988124847412e-01,-4.438857138156890869e-01,-1.208309829235076904e-01,-2.457276582717895508e-01,-5.166843906044960022e-02,1.177341565489768982e-01,-4.248327612876892090e-01,-3.756780028343200684e-01
-9.527395963668823242e-01,-6.084706187248229980e-01,-7.666692137718200684e-01,-1.032991528511047363e+00,-4.974701106548309326e-01,-7.217456102371215820e-01,-8.964303731918334961e-01,-1.034098029136657715e+00,-5.642128586769104004e-01,-6.935359835624694824e-01,-7.523437142372131348e-01,-1.084695219993591309e+00,-8.971217870712280273e-01,-8.136799335479736328e-01,-9.069427251815795898e-01,-1.167706012725830078e+00,-9.292610883712768555e-01,-5.769765377044677734e-01,-7.045555710792541504e-01,-9.763982295989990234e-01
4.270140230655670166e-01,7.170735001564025879e-01,3.016139566898345947e-01,4.192103445529937744e-01,4.127385318279266357e-01,1.666905879974365234e-01,2.160393595695495605e-01,4.192918837070465088e-01,6.642491221427917480e-01,3.981315195560455322e-01,8.331009149551391602e-01,7.916348576545715332e-01,1.526196748018264771e-01,5.695822834968566895e-01,7.741073369979858398e-01,6.088514328002929688e-01,6.437681913375854492e-01,2.129137367010116577e-01,6.804345250129699707e-01,8.902456164360046387e-01
-2.654366195201873779e-01,1.347040757536888123e-02,-4.976372718811035156e-01,-2.322124242782592773e-01,-7.472533732652664185e-02,-6.208345890045166016e-01,-1.440886408090591431e-01,-2.850008010864257812e-01,8.895377069711685181e-02,-6.888248771429061890e-02,-3.032546341419219971e-01,-2.048960179090499878e-01,-2.657406628131866455e-01,3.325463086366653442e-02,-2.403295934200286865e-01,-2.990768551826477051e-01,-3.248111605644226074e-01,-3.436052799224853516e-01,-1.339413672685623169e-01,-1.542608588933944702e-01
-1.722709536552429199e-01,-4.394046962261199951e-01,-3.992959558963775635e-01,-4.753310680389404297e-01,-1.932633966207504272e-01,-5.784468054771423340e-01,-2.704460918903350830e-01,-6.702212989330291748e-02,-3.745404072105884552e-03,-5.309365987777709961e-01,-6.670969724655151367e-01,-6.689573079347610474e-02,-3.012790977954864502e-01,-1.923119872808456421e-01,-1.974560618400573730e-01,-6.968200802803039551e-01,-3.240589499473571777e-01,-5.475625395774841309e-01,-4.246578216552734375e-01,-2.395711541175842285e-01
-7.006656378507614136e-02,-3.845501840114593506e-01,-4.473952949047088623e-01,-4.047443270683288574e-01,-3.104299008846282959e-01,-6.142346858978271484e-01,-2.399907708168029785e-01,-8.920799195766448975e-02,-7.696992158889770508e-02,-3.718927502632141113e-01,-3.601929843425750732e-01,-6.875492632389068604e-02,-2.906733453273773193e-01,-5.900937318801879883e-01,-4.378423094749450684e-02,-4.843111634254455566e-01,-3.795557618141174316e-01,-7.157179713249206543e-02,-3.476344943046569824e-01,-3.726509809494018555e-01
-2.926214635372161865e-01,-9.367307424545288086e-01,-1.046306014060974121e+00,-8.441382646560668945e-01,-9.052463173866271973e-01,-9.498441815376281738e-01,-8.376809358596801758e-01,-7.899072766304016113e-01,-7.636414766311645508e-01,-8.372553586959838867e-01,-9.585111737251281738e-01,-9.872202873229980469e-01,-7.061886787414550781e-01,-7.661510109901428223e-01,-6.107268333435058594e-01,-4.882813096046447754e-01,-7.720599174499511719e-01,-1.000670552253723145e+00,-5.241391062736511230e-01,-6.959053874015808105e-01
-7.952146530151367188e-01,-7.373069524765014648e-01,-6.107646822929382324e-01,-6.595489978790283203e-01,-6.856653690338134766e-01,-9.154976606369018555e-01,-2.439952492713928223e-01,-6.873677372932434082e-01,-7.234812974929809570e-01,-6.014977097511291504e-01,-9.026604294776916504e-01,-4.924265444278717041e-01,-5.344654321670532227e-01,-3.988223671913146973e-01,-8.021472096443176270e-01,-1.120918631553649902e+00,-6.221222281455993652e-01,-5.981888771057128906e-01,-6.480227708816528320e-01,-6.600751876831054688e-01
-8.078251779079437256e-02,-7.434111833572387695e-02,-2.758950926363468170e-02,-1.272559762001037598e-01,-3.125207722187042236e-01,1.059414912015199661e-02,-2.179127335548400879e-01,-3.943572342395782471e-01,-7.194926589727401733e-02,-3.263772130012512207e-01,-2.707817554473876953e-01,4.093182832002639771e-02,9.461386501789093018e-02,-4.776652455329895020e-01,-3.897472023963928223e-01,-1.074302718043327332e-01,5.873531475663185120e-02,-1.171879693865776062e-01,-2.848136425018310547e-01,-1.572005450725555420e-01
-4.384927749633789062e-01,-9.703477621078491211e-01,-1.001980423927307129e+00,-6.093589663505554199e-01,-6.568136215209960938e-01,-8.300390243530273438e-01,-5.855681896209716797e-01,-6.533429026603698730e-01,-9.443364739418029785e-01,-9.497398138046264648e-01,-5.031294226646423340e-01,-1.078207850456237793e+00,-9.518522620201110840e-01,-9.024674296379089355e-01,-6.796807646751403809e-01,-5.729264020919799805e-01,-3.539949655532836914e-01,-3.658930957317352295e-01,-6.591903567314147949e-01,-7.779560089111328125e-01
7.156821489334106445e-01,8.598724603652954102e-01,7.816088199615478516e-01,3.724057674407958984e-01,7.869403958320617676e-01,4.006177484989166260e-01,5.447261333465576172e-01,8.751430511474609375e-01,6.420326232910156250e-01,5.928823351860046387e-01,9.240598082542419434e-01,6.765344142913818359e-01,4.240553975105285645e-01,9.094923138618469238e-01,4.991276562213897705e-01,9.122295975685119629e-01,7.694283127784729004e-01,1.014388084411621094e+00,6.839280724525451660e-01,1.014953613281250000e+00
-4.218474328517913818e-01,-2.240230292081832886e-01,-5.107522606849670410e-01,-9.210563302040100098e-01,-3.661095201969146729e-01,-8.055439591407775879e-01,-4.772636294364929199e-01,-7.837973237037658691e-01,-7.758156061172485352e-01,-9.504532814025878906e-01,-8.003979325294494629e-01,-5.640525221824645996e-01,-7.097482085227966309e-01,-8.546435832977294922e-01,-7.110054492950439453e-01,-5.721452236175537109e-01,-5.300534963607788086e-01,-6.770842075347900391e-01,-4.593527913093566895e-01,-4.943920373916625977e-01
-9.034725427627563477e-01,-1.005398988723754883e+00,-1.067299127578735352e+00,-1.030900716781616211e+00,-8.594991564750671387e-01,-8.478635549545288086e-01,-9.604720473289489746e-01,-8.114858865737915039e-01,-4.330810904502868652e-01,-8.725746870040893555e-01,-8.671084046363830566e-01,-1.054936647415161133e+00,-6.011228561401367188e-01,-7.297616004943847656e-01,-1.120934605598449707e+00,-8.158364892005920410e-01,-9.666442871093750000e-01,-1.054435849189758301e+00,-6.104575991630554199e-01,-8.584482073783874512e-01
-2.258890718221664429e-01,-3.597798049449920654e-01,-5.657775402069091797e-01,-1.865002512931823730e-01,7.797692716121673584e-02,-4.834515452384948730e-01,-4.413498640060424805e-01,2.782686054706573486e-02,-6.719097495079040527e-01,-3.278884589672088623e-01,-2.602078914642333984e-01,-3.928605318069458008e-01,3.038738369941711426e-01,3.131541982293128967e-02,-2.378478497266769409e-01,7.906864583492279053e-02,-1.901866942644119263e-01,-3.441329896450042725e-01,-3.841902017593383789e-01,-7.898206114768981934e-01
3.650981187820434570e-01,6.589768528938293457e-01,4.779258072376251221e-01,2.771970629692077637e-01,5.757691860198974609e-01,4.849230647087097168e-01,3.533494770526885986e-01,4.742438197135925293e-01,-8.070508018136024475e-03,5.410012006759643555e-01,8.426602482795715332e-01,7.406762242317199707e-01,7.837027311325073242e-01,5.391194224357604980e-01,6.367529034614562988e-01,4.787698686122894287e-01,6.987996101379394531e-01,8.965508937835693359e-01,4.049724340438842773e-01,6.750568151473999023e-01
-9.931285381317138672e-01,-1.143044233322143555e+00,-6.255833506584167480e-01,-7.625992298126220703e-01,-7.685634493827819824e-01,-7.448426485061645508e-01,-5.919854044914245605e-01,-6.481421589851379395e-01,-4.819749593734741211e-01,-8.780527114868164062e-01,-6.993304491043090820e-01,-8.104172945022583008e-01,-8.176966309547424316e-01,-1.257062911987304688e+00,-7.273818254470825195e-01,-7.707419395446777344e-01,-9.120242595672607422e-01,-8.363455533981323242e-01,-7.112321257591247559e-01,-6.637910604476928711e-01
-1.114483833312988281e+00,-7.135067582130432129e-01,-6.237666010856628418e-01,-7.393211126327514648e-01,-5.149386525154113770e-01,-1.130709528923034668e+00,-8.116220831871032715e-01,-8.819581866264343262e-01,-1.025213837623596191e+00,-8.018004298210144043e-01,-5.753790736198425293e-01,-7.287550568580627441e-01,-4.721416831016540527e-01,-8.851218819618225098e-01,-9.288284778594970703e-01,-7.192533612251281738e-01,-7.281558513641357422e-01,-4.735075235366821289e-01,-6.058489680290222168e-01,-9.119634032249450684e-01
3.999130129814147949e-01,2.793418169021606445e-01,5.946916937828063965e-01,3.328462839126586914e-01,8.354219198226928711e-01,4.879566133022308350e-01,3.652204275131225586e-01,5.066676139831542969e-01,6.172842979431152344e-01,2.903254032135009766e-01,2.941581904888153076e-01,1.218548178672790527e+00,3.607749938964843750e-01,4.496535658836364746e-01,7.598074674606323242e-01,1.074994087219238281e+00,3.374886214733123779e-01,1.722068637609481812e-01,6.860544681549072266e-01,5.267276763916015625e-01
-9.899018406867980957e-01,-8.233767151832580566e-01,-9.767556190490722656e-01,-5.797591209411621094e-01,-7.689437270164489746e-01,-1.052972674369812012e+00,-6.558787226676940918e-01,-9.592039585113525391e-01,-9.825311899185180664e-01,-6.273038387298583984e-01,-1.125028371810913086e+00,-9.231244325637817383e-01,-5.220245122909545898e-01,-1.012541294097900391e+00,-1.052416086196899414e+00,-9.445787072181701660e-01,-8.908319473266601562e-01,-9.685981273651123047e-01,-9.061753153800964355e-01,-6.023957133293151855e-01
-1.729271858930587769e-01,1.784593462944030762e-01,1.249262690544128418e-01,2.357712090015411377e-01,5.689109489321708679e-02,-1.373704671859741211e-01,-1.422673612833023071e-01,-1.925319284200668335e-01,-2.336593270301818848e-01,1.767132580280303955e-01,-2.863376736640930176e-01,-6.674647331237792969e-02,9.693501144647598267e-02,-2.599602639675140381e-01,-2.456580102443695068e-01,-1.117082405835390091e-02,4.572700336575508118e-02,-7.590889185667037964e-02,1.955898553133010864e-01,-2.813251316547393799e-01
-9.361695051193237305e-01,-8.775478005409240723e-01,-6.440392136573791504e-01,-5.575127005577087402e-01,-1.155574798583984375e+00,-1.023203372955322266e+00,-8.307108879089355469e-01,-8.772420287132263184e-01,-1.198146343231201172e+00,-6.166714429855346680e-01,-4.879103302955627441e-01,-8.303667306900024414e-01,-6.816407442092895508e-01,-1.018863201141357422e+00,-9.773811697959899902e-01,-1.036206126213073730e+00,-8.243834376335144043e-01,-1.047552824020385742e+00,-1.206675410270690918e+00,-1.053707480430603027e+00
-7.164288163185119629e-01,-3.948342204093933105e-01,-6.064252257347106934e-01,-5.695765614509582520e-01,-6.291800141334533691e-01,-7.354816794395446777e-01,-5.120059251785278320e-01,-7.441989779472351074e-01,-6.402440667152404785e-01,-7.052049040794372559e-01,-7.908492684364318848e-01,-4.934781789779663086e-01,-5.843726396560668945e-01,-8.073573112487792969e-01,-8.106429576873779297e-01,-9.359267950057983398e-01,-2.523057758808135986e-01,-6.743457913398742676e-01,-5.828480720520019531e-01,-7.564879059791564941e-01
-1.285742163658142090e+00,-8.479496240615844727e-01,-9.045181870460510254e-01,-1.194085955619812012e+00,-1.118131279945373535e+00,-6.708753108978271484e-01,-9.464268088340759277e-01,-9.435626268386840820e-01,-7.825779318809509277e-01,-8.773911595344543457e-01,-1.171301960945129395e+00,-9.318640232086181641e-01,-7.690752148628234863e-01,-8.224211335182189941e-01,-1.345224142074584961e+00,-1.080134391784667969e+00,-1.216332793235778809e+00,-1.089527606964111328e+00,-1.711820960044860840e+00,-1.079375743865966797e+00
1.064596176147460938e-01,-5.121250152587890625e-01,-4.546128809452056885e-01,4.020473361015319824e-02,-2.175934463739395142e-01,5.548974126577377319e-02,-1.751350015401840210e-01,-2.618274390697479248e-01,-5.011309385299682617e-01,-2.081237882375717163e-01,1.165435984730720520e-01,-1.746114194393157959e-01,-3.011129423975944519e-02,-1.763226836919784546e-01,-5.106700658798217773e-01,-9.610196575522422791e-03,3.201762214303016663e-02,-1.517233103513717651e-01,1.484179794788360596e-01,-4.359358921647071838e-02
7.416075468063354492e-01,7.950541973114013672e-01,7.862908840179443359e-01,8.278009295463562012e-01,3.724887669086456299e-01,1.061458706855773926e+00,8.136180639266967773e-01,8.533125519752502441e-01,6.459509134292602539e-01,8.964013457298278809e-01,1.163145542144775391e+00,9.494805335998535156e-01,9.129689335823059082e-01,1.066924333572387695e+00,9.663780331611633301e-01,9.588975906372070312e-01,1.000817179679870605e+00,9.072909951210021973e-01,9.605617523193359375e-01,1.092549443244934082e+00
-1.312024235725402832e+00,-8.298063278198242188e-01,-1.262643337249755859e+00,-8.987472653388977051e-01,-6.096858978271484375e-01,-9.995638132095336914e-01,-5.495156049728393555e-01,-9.117840528488159180e-01,-2.506002187728881836e-01,-6.373557448387145996e-01,-6.701503396034240723e-01,-9.116303920745849609e-01,-1.252213239669799805e+00,-8.153226375579833984e-01,-1.033166527748107910e+00,-1.122771501541137695e+00,-9.817273616790771484e-01,-9.527577757835388184e-01,-9.928024411201477051e-01,-8.883344531059265137e-01
7.844083011150360107e-03,6.790593862533569336e-01,3.324863016605377197e-01,1.802466064691543579e-01,3.536370396614074707e-01,4.260926842689514160e-01,1.749559193849563599e-01,5.792853832244873047e-01,5.904353857040405273e-01,4.995813965797424316e-01,4.577326774597167969e-01,3.909997344017028809e-01,4.280438721179962158e-01,-2.237569540739059448e-01,4.292633533477783203e-01,3.091313540935516357e-01,2.625260353088378906e-01,5.601621866226196289e-01,5.366800427436828613e-01,1.358578652143478394e-01
-2.669165730476379395e-01,1.576083153486251831e-01,1.318182498216629028e-01,1.413137316703796387e-01,9.940332174301147461e-02,-2.344903498888015747e-01,1.342621594667434692e-01,7.208957523107528687e-02,-2.167240828275680542e-01,2.584943175315856934e-01,1.368347834795713425e-02,-1.942127645015716553e-01,4.141459465026855469e-01,4.043940901756286621e-01,-4.454566538333892822e-02,-3.109579719603061676e-02,2.427200973033905029e-01,1.486867368221282959e-01,1.747152805328369141e-01,5.037631988525390625e-01
-5.988118648529052734e-01,-6.950181722640991211e-01,-3.457543551921844482e-01,-6.637284159660339355e-01,-4.751849472522735596e-01,-2.689535915851593018e-01,-8.273903131484985352e-01,-1.216278553009033203e+00,-5.342193245887756348e-01,-4.187070727348327637e-01,-7.600342035293579102e-01,-6.900178194046020508e-01,-7.735839486122131348e-01,-1.035040497779846191e+00,-8.044221401214599609e-01,-7.048061490058898926e-01,-2.779715955257415771e-01,-6.342988014221191406e-01,-4.940224885940551758e-01,-3.797608017921447754e-01
-9.334700107574462891e-01,-9.720143675804138184e-01,-7.939394116401672363e-01,-1.120952248573303223e+00,-7.627668380737304688e-01,-9.413644671440124512e-01,-9.395240545272827148e-01,-7.235177159309387207e-01,-8.408420681953430176e-01,-8.787428736686706543e-01,-1.013641834259033203e+00,-8.362938165664672852e-01,-9.190454483032226562e-01,-1.365100502967834473e+00,-1.110806822776794434e+00,-8.155039548873901367e-01,-8.948758840560913086e-01,-1.250932693481445312e+00,-1.513248682022094727e+00,-1.081247687339782715e+00
-6.220154166221618652e-01,-3.437076210975646973e-01,-5.705932378768920898e-01,-3.792454302310943604e-01,-2.980419099330902100e-01,-2.657979130744934082e-01,-4.859053194522857666e-01,-1.248703479766845703e+00,-6.513487100601196289e-01,-6.300874352455139160e-01,-5.155780315399169922e-01,-5.712770223617553711e-01,-3.680625259876251221e-01,-4.417194426059722900e-01,-9.059309959411621094e-01,-4.762111902236938477e-01,-8.995596766471862793e-01,-8.442062139511108398e-01,-5.573405027389526367e-01,-5.234864950180053711e-01
8.893022537231445312e-01,1.186758399009704590e+00,4.443525671958923340e-01,9.671283364295959473e-01,5.737064480781555176e-01,8.958847522735595703e-01,1.106215953826904297e+00,9.924646615982055664e-01,5.851286649703979492e-01,7.515596151351928711e-01,6.700176596641540527e-01,7.338066697120666504e-01,9.546631574630737305e-01,1.058301925659179688e+00,8.935757279396057129e-01,8.544700741767883301e-01,8.268916606903076172e-01,6.357965469360351562e-01,6.865227818489074707e-01,7.101458311080932617e-01
-2.727615237236022949e-01,-4.698561131954193115e-01,-8.074190616607666016e-01,-4.536493122577667236e-01,-7.959372401237487793e-01,-4.360305368900299072e-01,-8.659598827362060547e-01,-9.963701367378234863e-01,-7.958033084869384766e-01,-4.934225380420684814e-01,-9.463965296745300293e-01,-1.130077838897705078e+00,-3.400837481021881104e-01,-7.562821507453918457e-01,-7.401085495948791504e-01,-5.779408812522888184e-01,-8.536767363548278809e-01,-9.908988475799560547e-01,-2.099902927875518799e-01,-6.170735955238342285e-01
-6.615807414054870605e-01,-1.846137791872024536e-01,-7.667482495307922363e-01,-4.110499620437622070e-01,-5.750752091407775879e-01,-5.356900095939636230e-01,-5.327290892601013184e-01,-9.961760044097900391e-01,-5.359400510787963867e-01,-4.232616424560546875e-01,-2.912060618400573730e-01,-7.623633146286010742e-01,-2.537681758403778076e-01,-4.842748343944549561e-01,-6.961067914962768555e-01,-6.486899256706237793e-01,-6.512535214424133301e-01,-5.565283894538879395e-01,-6.943910121917724609e-01,-6.290165781974792480e-01
-8.722406029701232910e-01,-1.052484631538391113e+00,-1.017003536224365234e+00,-9.546924233436584473e-01,-1.074780106544494629e+00,-6.677800416946411133e-01,-1.060340523719787598e+00,-1.240005612373352051e+00,-5.750525593757629395e-01,-9.992774724960327148e-01,-8.698973655700683594e-01,-1.035719513893127441e+00,-9.019002914428710938e-01,-1.145026922225952148e+00,-1.036353230476379395e+00,-7.174373865127563477e-01,-8.196994662284851074e-01,-9.838292598724365234e-01,-6.668614149093627930e-01,-8.990118503570556641e-01
6.128142476081848145e-01,3.974153101444244385e-01,4.887482523918151855e-01,4.585503935813903809e-01,6.505559682846069336e-01,7.356561422348022461e-01,5.333759188652038574e-01,2.885148525238037109e-01,6.694788932800292969e-01,5.045001506805419922e-01,2.884416580200195312e-01,7.471079826354980469e-01,6.356283426284790039e-01,1.586832851171493530e-01,4.375815391540527344e-02,7.252409458160400391e-01,1.653460040688514709e-02,8.416110277175903320e-01,7.714594900608062744e-02,5.940102413296699524e-02
8.995097875595092773e-01,9.134723544120788574e-01,6.946704387664794922e-01,5.127279758453369141e-01,5.893762707710266113e-01,3.255026936531066895e-01,5.057803392410278320e-01,6.769425272941589355e-01,6.722321510314941406e-01,7.139874100685119629e-01,4.336973428726196289e-01,1.055935025215148926e+00,6.969127655029296875e-01,9.437102079391479492e-01,6.114512681961059570e-01,3.401635587215423584e-01,8.205197453498840332e-01,7.195366621017456055e-01,2.616509795188903809e-01,7.967817187309265137e-01
-1.836938410997390747e-01,-6.953920423984527588e-02,-7.659413665533065796e-02,2.705198228359222412e-01,-2.326821535825729370e-01,-4.830814898014068604e-01,-1.555782258510589600e-01,-7.614765167236328125e-01,-1.660882383584976196e-01,-2.052274793386459351e-01,-5.655500292778015137e-01,-4.914778750389814377e-03,-3.075676560401916504e-01,-7.612372636795043945e-01,-1.522324383258819580e-01,-2.003858387470245361e-01,-6.885623931884765625e-02,-9.035271406173706055e-02,-1.979733109474182129e-01,-2.196642458438873291e-01
-8.994922637939453125e-01,-7.243286967277526855e-01,-1.084237813949584961e+00,-5.281858444213867188e-01,-9.938898086547851562e-01,-1.178674936294555664e+00,-5.367821455001831055e-01,-5.469771027565002441e-01,-5.846082568168640137e-01,-9.195522665977478027e-01,-1.103832840919494629e+00,-8.711681365966796875e-01,-8.871552944183349609e-01,-7.430217266082763672e-01,-9.444489479064941406e-01,-8.775340914726257324e-01,-7.051555514335632324e-01,-8.570683598518371582e-01,-6.253916025161743164e-01,-1.091179847717285156e+00
-4.970632195472717285e-01,-5.912240147590637207e-01,-6.619673371315002441e-01,-8.355916142463684082e-01,-1.011568665504455566e+00,-8.751845955848693848e-01,-5.390077829360961914e-01,-8.798192143440246582e-01,-2.831510901451110840e-01,-7.484197616577148438e-01,-6.685656905174255371e-01,-5.941083431243896484e-01,-1.118376135826110840e+00,-1.241928219795227051e+00,-2.977011203765869141e-01,-9.054723978042602539e-01,-6.732483506202697754e-01,-4.245518147945404053e-01,-4.105090796947479248e-01,-2.917482852935791016e-01
4.658812582492828369e-01,4.962584376335144043e-01,8.750239014625549316e-01,6.567043662071228027e-01,3.436080515384674072e-01,6.445741057395935059e-01,5.954771041870117188e-01,8.441961407661437988e-01,3.511579632759094238e-01,4.429451823234558105e-01,7.107789516448974609e-01,3.955188691616058350e-01,5.806049108505249023e-01,7.885552644729614258e-01,3.946862816810607910e-01,9.428627490997314453e-01,1.130683779716491699e+00,3.709244728088378906e-01,7.364458870142698288e-03,8.528146147727966309e-01
7.267792224884033203e-01,1.019183754920959473e+00,7.992662191390991211e-01,7.570248842239379883e-01,7.758484482765197754e-01,7.977639436721801758e-01,4.175201952457427979e-01,8.786611557006835938e-01,5.762274265289306641e-01,7.940440177917480469e-01,6.760140657424926758e-01,7.445452809333801270e-01,7.406169772148132324e-01,5.483385920524597168e-01,9.350431561470031738e-01,9.335516095161437988e-01,7.306397557258605957e-01,6.800186634063720703e-01,7.974833250045776367e-01,5.599884986877441406e-01
-5.085473656654357910e-01,-4.666837304830551147e-02,9.626510739326477051e-02,2.325683645904064178e-02,-2.136905640363693237e-01,-1.293989717960357666e-01,3.180725872516632080e-01,1.372155398130416870e-01,-4.425588622689247131e-02,4.159521684050559998e-02,-1.987042464315891266e-02,2.202715724706649780e-01,9.410132467746734619e-02,-3.544041216373443604e-01,-2.549130618572235107e-01,-1.201571989804506302e-02,-1.458482258021831512e-02,-4.758909940719604492e-01,8.382357656955718994e-03,-1.311711408197879791e-02
-4.535725116729736328e-01,-5.344924926757812500e-01,-4.512498378753662109e-01,-2.674894034862518311e-01,-3.631140887737274170e-01,-4.465213119983673096e-01,-2.936346530914306641e-01,-7.428255081176757812e-01,-1.681803613901138306e-01,-3.656248152256011963e-01,-1.656206883490085602e-02,-4.079997539520263672e-01,-1.810787171125411987e-01,-7.861664146184921265e-02,-2.932157218456268311e-01,-3.029097318649291992e-01,-7.293078899383544922e-01,-2.612652778625488281e-01,-4.835999011993408203e-01,-1.597464829683303833e-01
-4.059154689311981201e-01,-3.871997892856597900e-01,-1.987510174512863159e-01,-2.193646728992462158e-01,-2.487522512674331665e-01,-6.971719264984130859e-01,-3.991794288158416748e-01,-4.922428727149963379e-01,-4.402537047863006592e-01,-3.495585024356842041e-01,-5.025480985641479492e-01,-2.927761673927307129e-01,-5.143011808395385742e-01,-6.212304830551147461e-01,6.124814599752426147e-02,-7.989422231912612915e-02,-1.566599458456039429e-01,-7.432591319084167480e-01,-2.427093535661697388e-01,-1.697206199169158936e-01
-4.368456304073333740e-01,-4.795272946357727051e-01,-4.383538663387298584e-01,-5.833644270896911621e-01,-3.028965294361114502e-01,-4.440842568874359131e-01,1.084531098604202271e-02,-4.063171148300170898e-01,-7.326745986938476562e-01,-4.118402600288391113e-01,-5.383687019348144531e-01,-1.060184359550476074e+00,-6.201722025871276855e-01,-1.187494918704032898e-01,-6.363487839698791504e-01,-9.627269506454467773e-01,-5.354543924331665039e-01,-2.417196184396743774e-01,-5.019869804382324219e-01,-2.304918318986892700e-01
3.750954270362854004e-01,1.955800503492355347e-01,-1.572366952896118164e-01,4.296820983290672302e-02,-1.515663415193557739e-01,2.916479110717773438e-01,1.705660223960876465e-01,8.566617965698242188e-02,3.077695369720458984e-01,2.689173817634582520e-01,4.058260470628738403e-02,3.243231028318405151e-02,-3.225393965840339661e-02,-1.005312502384185791e-01,6.929206103086471558e-02,-1.049050018191337585e-01,-2.677627801895141602e-01,7.743765413761138916e-02,1.307503581047058105e-01,-3.447083830833435059e-01
5.646270513534545898e-01,1.008227348327636719e+00,8.717647790908813477e-01,1.082458853721618652e+00,6.116781830787658691e-01,6.643276810646057129e-01,6.303246617317199707e-01,5.377222299575805664e-01,1.261228919029235840e+00,5.918411016464233398e-01,9.055556654930114746e-01,7.287092804908752441e-01,3.489909470081329346e-01,6.886926293373107910e-01,7.285054922103881836e-01,8.280859589576721191e-01,6.386938691139221191e-01,5.116422772407531738e-01,5.863714218139648438e-01,9.157713651657104492e-01
-4.027184247970581055e-01,-2.560443282127380371e-01,-2.194636762142181396e-01,-4.725354313850402832e-01,2.411287128925323486e-01,-1.321500390768051147e-01,-2.794588804244995117e-01,-2.735395133495330811e-01,-2.002113759517669678e-01,-1.492923945188522339e-01,2.150033265352249146e-01,1.899978667497634888e-01,-3.252050578594207764e-01,-3.658880293369293213e-01,-3.419323563575744629e-01,-2.096812278032302856e-01,-1.444541662931442261e-01,-2.769218683242797852e-01,-2.143310159444808960e-01,-3.238902986049652100e-01
-1.058064222335815430e+00,-8.577046394348144531e-01,-6.379466652870178223e-01,-7.825051546096801758e-01,-9.589397311210632324e-01,-1.244770765304565430e+00,-1.114322066307067871e+00,-1.279722690582275391e+00,-9.083856940269470215e-01,-8.356567621231079102e-01,-1.382787466049194336e+00,-7.770135402679443359e-01,-9.596260190010070801e-01,-9.648938775062561035e-01,-6.269661188125610352e-01,-8.400259613990783691e-01,-9.442441463470458984e-01,-7.557127475738525391e-01,-3.725229203701019287e-01,-9.978477358818054199e-01
7.440947294235229492e-01,1.000249147415161133e+00,1.294333577156066895e+00,1.187320828437805176e+00,1.025723695755004883e+00,1.069175004959106445e+00,1.074852943420410156e+00,1.144864201545715332e+00,1.116123199462890625e+00,9.166794419288635254e-01,9.213142395019531250e-01,1.054557800292968750e+00,1.161654353141784668e+00,6.979311108589172363e-01,9.402102828025817871e-01,8.182779550552368164e-01,8.073972463607788086e-01,1.275021910667419434e+00,8.237733840942382812e-01,9.364903569221496582e-01
7.757892012596130371e-01,7.878397703170776367e-01,2.990766465663909912e-01,7.239539623260498047e-01,6.010833382606506348e-01,7.470698952674865723e-01,3.711268603801727295e-01,5.070937275886535645e-01,7.753024697303771973e-01,7.068253755569458008e-01,5.058766603469848633e-01,6.512989401817321777e-01,6.968162655830383301e-01,5.482239127159118652e-01,6.009607911109924316e-01,9.485048055648803711e-01,4.127484560012817383e-01,4.308387935161590576e-01,1.025422215461730957e+00,8.719351887702941895e-01
3.824520707130432129e-01,2.306379079818725586e-01,3.119612336158752441e-01,1.323118060827255249e-01,3.963269591331481934e-01,3.955938816070556641e-01,3.950427174568176270e-01,2.946058213710784912e-01,5.300871729850769043e-01,3.480967879295349121e-01,4.134180843830108643e-01,3.271136879920959473e-01,6.044096872210502625e-02,2.964891493320465088e-01,1.654995083808898926e-01,3.275694549083709717e-01,1.702587455511093140e-01,4.772728979587554932e-01,2.818315029144287109e-01,5.850346088409423828e-01
-6.577091813087463379e-01,-4.472753703594207764e-01,-1.041098356246948242e+00,-8.657381534576416016e-01,-6.638903617858886719e-01,-4.447256624698638916e-01,-9.225928783416748047e-01,-9.715965986251831055e-01,-7.526817917823791504e-01,-1.234773159027099609e+00,-9.219964146614074707e-01,-6.552282571792602539e-01,-8.247907757759094238e-01,-7.436646819114685059e-01,-1.093376755714416504e+00,-8.447474837303161621e-01,-8.788321614265441895e-01,-6.171435713768005371e-01,-4.734201133251190186e-01,-1.012668728828430176e+00
1.206587702035903931e-01,-1.050515100359916687e-02,-4.493158161640167236e-01,-4.106786847114562988e-01,-7.771333679556846619e-03,-3.969444930553436279e-01,-3.221810460090637207e-01,-2.388692051172256470e-01,1.342910528182983398e-01,-9.059885889291763306e-02,8.042223751544952393e-03,-9.747713804244995117e-02,-2.138949185609817505e-01,-2.786835730075836182e-01,-1.911013126373291016e-01,-1.015350595116615295e-01,-1.926647871732711792e-01,-1.891550123691558838e-01,-5.269059538841247559e-01,-2.124302238225936890e-01
1.647748053073883057e-01,1.403671056032180786e-01,-3.206420689821243286e-02,4.250982403755187988e-01,2.036379128694534302e-01,1.930670887231826782e-01,2.801158726215362549e-01,3.865726590156555176e-01,1.068204939365386963e-01,2.066779583692550659e-01,1.987412869930267334e-01,2.006732821464538574e-01,1.336837261915206909e-01,1.677024662494659424e-01,1.840503513813018799e-01,3.121537268161773682e-01,7.094156146049499512e-01,9.346774965524673462e-02,1.332716792821884155e-01,2.929749786853790283e-01
7.816753387451171875e-01,6.016185283660888672e-01,4.944601356983184814e-01,6.805972456932067871e-01,5.440257787704467773e-01,4.802133738994598389e-01,3.177202343940734863e-01,9.389973878860473633e-01,4.971426129341125488e-01,2.617019116878509521e-01,9.469577074050903320e-01,6.103876829147338867e-01,5.101305991411209106e-02,7.926241755485534668e-01,3.691488504409790039e-01,2.629766762256622314e-01,8.795236945152282715e-01,3.846892416477203369e-01,4.426141381263732910e-01,6.137666851282119751e-02
5.699216723442077637e-01,4.604362547397613525e-01,5.168395638465881348e-01,3.330550789833068848e-01,3.294445108622312546e-03,-2.117665251716971397e-03,-2.194759696722030640e-01,5.744086503982543945e-01,3.658005297183990479e-01,2.157014459371566772e-01,4.702572524547576904e-01,1.068523824214935303e-01,1.209007874131202698e-01,2.294737547636032104e-01,5.803034901618957520e-01,3.158964216709136963e-01,3.207503259181976318e-01,3.549565672874450684e-01,4.166826903820037842e-01,2.216858416795730591e-01
3.692733943462371826e-01,5.004720091819763184e-01,2.213941365480422974e-01,4.652657508850097656e-01,4.964706897735595703e-01,4.443976581096649170e-01,3.320544362068176270e-01,4.631920754909515381e-01,5.859353542327880859e-01,2.462122738361358643e-01,4.410477280616760254e-01,2.222219556570053101e-01,3.575517833232879639e-01,7.684767842292785645e-01,4.675086736679077148e-01,5.248732566833496094e-01,2.929533421993255615e-01,6.318531036376953125e-01,7.496906518936157227e-01,7.129627466201782227e-01
-1.570950150489807129e-01,-2.801358401775360107e-01,-2.030155211687088013e-01,-7.015013694763183594e-02,-2.836372852325439453e-01,-1.984117478132247925e-01,-1.948023885488510132e-01,-3.387936651706695557e-01,8.271369338035583496e-02,-1.838805079460144043e-01,-1.418905109167098999e-01,1.591885983943939209e-01,-2.473078109323978424e-02,-2.785642445087432861e-02,-2.682686448097229004e-01,-9.788880497217178345e-02,1.552614718675613403e-01,-1.012395620346069336e-01,-1.144518256187438965e-01,2.567450329661369324e-02
-9.191293716430664062e-01,-5.790792107582092285e-01,-7.960302233695983887e-01,-8.668679594993591309e-01,-6.017505526542663574e-01,-9.650762677192687988e-01,-6.642712354660034180e-01,-9.017254114151000977e-01,-9.633576869964599609e-01,-4.369596540927886963e-01,-9.010404944419860840e-01,-8.181706070899963379e-01,-6.955877542495727539e-01,-8.820638656616210938e-01,-6.735804677009582520e-01,-7.515698075294494629e-01,-6.932916641235351562e-01,-1.361864686012268066e+00,-7.786428928375244141e-01,-4.780988693237304688e-01
2.851379513740539551e-01,-1.397675368934869766e-02,4.858337640762329102e-01,3.605683147907257080e-01,3.846353888511657715e-01,8.715154975652694702e-02,3.558224141597747803e-01,6.480330824851989746e-01,3.351043164730072021e-01,2.746933996677398682e-01,2.679566740989685059e-01,6.484296917915344238e-01,1.551017165184020996e-01,6.467463821172714233e-02,-2.098495364189147949e-01,2.692950703203678131e-02,3.786148130893707275e-01,2.802872657775878906e-01,2.937547862529754639e-02,1.721835434436798096e-01
1.595900654792785645e-01,5.516912341117858887e-01,5.025013089179992676e-01,9.159784317016601562e-01,4.156487286090850830e-01,8.361966013908386230e-01,9.787140488624572754e-01,4.467268586158752441e-01,5.058576464653015137e-01,7.588101029396057129e-01,5.051776170730590820e-01,7.757176160812377930e-01,3.719652295112609863e-01,7.241331338882446289e-01,3.073305487632751465e-01,2.784855365753173828e-01,8.882251381874084473e-01,5.733281373977661133e-01,5.624229907989501953e-01,5.838149785995483398e-01
-7.198559641838073730e-01,-3.744379580020904541e-01,-6.156727671623229980e-01,-8.857825398445129395e-01,-6.580757498741149902e-01,-5.131564140319824219e-01,-2.683403789997100830e-01,-8.545234203338623047e-01,-8.202508687973022461e-01,-3.665408790111541748e-01,-5.767486095428466797e-01,-5.107827782630920410e-01,-4.167299568653106689e-01,-5.511432290077209473e-01,-5.531026124954223633e-01,-2.774100303649902344e-01,-4.064590930938720703e-01,-3.953011929988861084e-01,-5.516662001609802246e-01,-9.057447314262390137e-01
2.010819911956787109e-01,7.369866371154785156e-01,2.013668864965438843e-01,4.765840470790863037e-01,1.573019027709960938e-01,1.745471209287643433e-01,3.261611163616180420e-01,-1.563426689244806767e-03,4.318238794803619385e-01,4.409423470497131348e-01,3.393175601959228516e-01,3.523412942886352539e-01,3.558998703956604004e-01,4.286918640136718750e-01,1.453804820775985718e-01,2.157088667154312134e-01,2.712442576885223389e-01,5.263097882270812988e-01,4.925903975963592529e-01,3.516931831836700439e-01
8.354942202568054199e-01,1.302754521369934082e+00,4.904984831809997559e-01,8.534686565399169922e-01,7.787603735923767090e-01,5.093252062797546387e-01,8.527224659919738770e-01,7.678075432777404785e-01,5.825594663619995117e-01,9.806299209594726562e-01,5.669865012168884277e-01,9.929766654968261719e-01,1.086501717567443848e+00,9.762781858444213867e-01,1.094200611114501953e+00,7.565677165985107422e-01,8.203012943267822266e-01,4.328964054584503174e-01,3.893460333347320557e-01,8.638592958450317383e-01
-2.710899114608764648e-01,-4.095175564289093018e-01,-2.235745191574096680e-01,-3.361893892288208008e-01,-2.032981067895889282e-01,-1.720501482486724854e-01,-3.682672977447509766e-03,-3.353834152221679688e-01,-3.631958961486816406e-01,-3.046205341815948486e-01,-5.129227638244628906e-01,-2.197714596986770630e-01,-1.101481243968009949e-01,-8.130047470331192017e-02,-3.699143230915069580e-01,-3.655730783939361572e-01,-2.801276743412017822e-01,-8.473383784294128418e-01,-8.717340826988220215e-01,-1.847705990076065063e-01
-3.657318949699401855e-01,-2.991979718208312988e-01,-6.565134525299072266e-01,-7.934406995773315430e-01,-9.158744215965270996e-01,-9.735606312751770020e-01,-5.088124871253967285e-01,-6.431251764297485352e-01,-6.216873526573181152e-01,-4.322329759597778320e-01,-7.440656423568725586e-01,-8.173657059669494629e-01,-4.193698763847351074e-01,-8.185613751411437988e-01,-3.643311262130737305e-01,-6.883884668350219727e-01,-6.799473166465759277e-01,-3.075808584690093994e-01,-6.283462047576904297e-01,-1.026549339294433594e+00
6.289846897125244141e-01,6.825129389762878418e-01,1.132067084312438965e+00,1.026617646217346191e+00,7.040829658508300781e-01,1.122083425521850586e+00,1.017095923423767090e+00,1.051608204841613770e+00,6.785228848457336426e-01,6.884485483169555664e-01,7.177535891532897949e-01,1.358790993690490723e+00,1.110234618186950684e+00,7.613720893859863281e-01,8.789026141166687012e-01,6.860610842704772949e-01,9.178249835968017578e-01,5.284851193428039551e-01,1.018424868583679199e+00,9.830569028854370117e-01
-8.261728882789611816e-01,-7.089085578918457031e-01,-1.167874097824096680e+00,-1.127039432525634766e+00,-1.146263241767883301e+00,-4.471616446971893311e-01,-9.121606349945068359e-01,-1.123402357101440430e+00,-1.194642305374145508e+00,-1.341008901596069336e+00,-9.320788383483886719e-01,-6.260284185409545898e-01,-8.416302800178527832e-01,-8.206369280815124512e-01,-1.124673962593078613e+00,-9.697261452674865723e-01,-9.382253289222717285e-01,-1.215321421623229980e+00,-8.393418788909912109e-01,-8.242116570472717285e-01
3.376531600952148438e-01,5.886044502258300781e-01,8.489479422569274902e-01,7.040001749992370605e-01,9.206403493881225586e-01,6.742499470710754395e-01,6.900817751884460449e-01,6.577817201614379883e-01,6.329752206802368164e-01,7.361800670623779297e-01,5.652727484703063965e-01,1.094071865081787109e+00,8.027416467666625977e-01,6.357142329216003418e-01,6.621816158294677734e-01,9.384088516235351562e-01,4.679703116416931152e-01,7.419410347938537598e-01,2.158086001873016357e-01,1.834152340888977051e-01
3.560087680816650391e-01,6.932880729436874390e-02,4.716982841491699219e-01,2.954800054430961609e-02,2.751887738704681396e-01,3.798566758632659912e-02,-1.005192771553993225e-01,2.837501466274261475e-01,-3.581904470920562744e-01,1.330877095460891724e-01,6.817353367805480957e-01,2.236425178125500679e-03,3.125704228878021240e-01,4.062563180923461914e-01,8.828626573085784912e-02,1.802301526069641113e+00,5.053906440734863281e-01,5.080593824386596680e-01,1.167572736740112305e-01,1.455591917037963867e-01
7.933454513549804688e-01,6.879758238792419434e-01,4.969078898429870605e-01,8.625088930130004883e-01,8.799473047256469727e-01,8.304998874664306641e-01,7.794535756111145020e-01,8.155977725982666016e-01,7.739132046699523926e-01,8.060842752456665039e-01,5.223223567008972168e-01,1.050773859024047852e+00,4.939057528972625732e-01,6.722924709320068359e-01,6.640063524246215820e-01,1.088932305574417114e-01,8.305140733718872070e-01,5.098928809165954590e-01,7.748063206672668457e-01,7.956421375274658203e-01
-5.889154225587844849e-02,-1.774024516344070435e-01,-3.985058665275573730e-01,-2.784283161163330078e-01,6.083377078175544739e-02,-1.622923016548156738e-01,9.808208793401718140e-02,-3.345177769660949707e-01,-2.875275909900665283e-01,-2.911624312400817871e-01,-3.815162181854248047e-01,-2.331642061471939087e-01,-2.596702575683593750e-01,-1.239787191152572632e-01,-2.296078056097030640e-01,-1.903900206089019775e-01,-2.180465757846832275e-01,-1.951042115688323975e-01,-2.887232005596160889e-01,-5.043880641460418701e-02
6.518562436103820801e-01,8.774590492248535156e-01,9.891946315765380859e-01,5.232605338096618652e-01,7.086110115051269531e-01,7.695153951644897461e-01,1.043476462364196777e+00,9.098249673843383789e-01,5.393822193145751953e-01,6.652488112449645996e-01,6.763734817504882812e-01,9.433689713478088379e-01,1.019194841384887695e+00,1.284024596214294434e+00,1.037373185157775879e+00,8.294953107833862305e-01,3.677861094474792480e-01,7.273826599121093750e-01,7.288213372230529785e-01,8.961926102638244629e-01
4.679059088230133057e-01,1.930034756660461426e-01,3.085854947566986084e-01,9.962619841098785400e-02,6.994087696075439453e-01,5.762907266616821289e-01,2.803424000740051270e-01,1.271272897720336914e-01,3.216572403907775879e-01,6.565556526184082031e-01,4.506900012493133545e-01,3.762215673923492432e-01,-4.635267332196235657e-02,5.541971325874328613e-01,4.635791182518005371e-01,4.684180319309234619e-01,4.071480631828308105e-01,4.752696752548217773e-01,3.206291794776916504e-01,4.804368019104003906e-01
8.335837721824645996e-01,8.625594377517700195e-01,5.819572210311889648e-01,1.037980914115905762e+00,7.571309208869934082e-01,3.807763159275054932e-01,9.010553359985351562e-01,7.335417270660400391e-01,4.022759199142456055e-01,5.093700885772705078e-01,1.852780729532241821e-01,3.204357922077178955e-01,4.190979599952697754e-01,7.085663080215454102e-01,3.709807395935058594e-01,4.546444416046142578e-01,4.632266163825988770e-01,7.231753468513488770e-01,6.492781639099121094e-01,9.668492078781127930e-01
-9.880691170692443848e-01,-9.994489550590515137e-01,-7.915976643562316895e-01,-6.603510975837707520e-01,-8.204992413520812988e-01,-1.126339793205261230e+00,-1.053291916847229004e+00,-1.029852271080017090e+00,-7.212759256362915039e-01,-8.800215721130371094e-01,-9.605144262313842773e-01,-1.020608544349670410e+00,-8.603866100311279297e-01,-5.799131989479064941e-01,-7.913817167282104492e-01,-9.948209524154663086e-01,-1.004320025444030762e+00,-6.527933478355407715e-01,-7.257978320121765137e-01,-1.060894846916198730e+00
-3.284851089119911194e-02,5.382820367813110352e-01,4.013915359973907471e-01,8.010876178741455078e-01,7.837218642234802246e-01,3.510102927684783936e-01,4.782312810420989990e-01,1.596212238073348999e-01,4.124966263771057129e-01,4.510354101657867432e-01,1.027180925011634827e-01,5.203964114189147949e-01,5.271691679954528809e-01,3.631406128406524658e-01,5.173501968383789062e-01,3.269940614700317383e-01,1.655479073524475098e-01,1.011110320687294006e-01,3.057166635990142822e-01,7.225203514099121094e-01
5.822062492370605469e-01,4.022066295146942139e-01,7.343830466270446777e-01,8.352600336074829102e-01,7.009014487266540527e-01,7.430711388587951660e-01,3.554014563560485840e-01,8.651088476181030273e-01,6.055155992507934570e-01,6.759934425354003906e-01,5.849988460540771484e-01,6.307295560836791992e-01,6.969640254974365234e-01,6.798413991928100586e-01,4.884410798549652100e-01,8.454546928405761719e-01,8.328270316123962402e-01,7.964587807655334473e-01,9.675013422966003418e-01,6.772187948226928711e-01
5.907295346260070801e-01,2.940588593482971191e-01,2.551940679550170898e-01,4.093162715435028076e-01,6.087847948074340820e-01,5.351830124855041504e-01,1.746680289506912231e-01,3.434659242630004883e-01,8.766923099756240845e-02,4.554004967212677002e-01,6.968746781349182129e-01,3.735282123088836670e-01,5.497199296951293945e-01,9.860458374023437500e-01,4.407755434513092041e-01,5.693534612655639648e-01,1.204992830753326416e-01,3.959503769874572754e-01,3.944678306579589844e-01,4.769479930400848389e-01
-1.019740223884582520e+00,-8.116809129714965820e-01,-8.967492580413818359e-01,-9.424099922180175781e-01,-7.402259707450866699e-01,-1.103496074676513672e+00,-1.177533030509948730e+00,-1.180336952209472656e+00,-9.864516258239746094e-01,-8.321380019187927246e-01,-7.120235562324523926e-01,-1.029547214508056641e+00,-9.508801102638244629e-01,-1.003920316696166992e+00,-8.709108829498291016e-01,-7.998849153518676758e-01,-9.035106897354125977e-01,-1.007873892784118652e+00,-6.152166128158569336e-01,-7.459697723388671875e-01
7.394396066665649414e-01,1.063960194587707520e+00,8.334516882896423340e-01,7.301437258720397949e-01,4.024598002433776855e-02,1.131691813468933105e+00,6.110197305679321289e-01,5.321320891380310059e-01,5.420348048210144043e-01,2.997026443481445312e-01,9.186416268348693848e-01,5.928825736045837402e-01,7.610978484153747559e-01,3.664382994174957275e-01,6.151744723320007324e-01,7.892844080924987793e-01,8.814039826393127441e-01,8.042325377464294434e-01,4.713630676269531250e-01,4.992878437042236328e-01
-9.876702725887298584e-02,-2.024118602275848389e-02,-2.006382495164871216e-01,2.877098321914672852e-01,2.102785930037498474e-02,7.410880923271179199e-02,-3.845346868038177490e-01,9.366631507873535156e-02,-2.787527441978454590e-01,2.291702181100845337e-01,3.361429572105407715e-01,8.258087188005447388e-02,5.286025404930114746e-01,-2.279728204011917114e-01,-1.982162520289421082e-02,-8.720523864030838013e-02,1.017037630081176758e-01,1.006131768226623535e-01,3.283158838748931885e-01,1.889959909021854401e-03
8.707019090652465820e-01,9.590264558792114258e-01,1.067762136459350586e+00,7.261012792587280273e-01,5.969904661178588867e-01,1.232617616653442383e+00,9.295115470886230469e-01,9.280493259429931641e-01,6.578078269958496094e-01,1.230127215385437012e+00,1.282304167747497559e+00,6.391626000404357910e-01,6.535785198211669922e-01,1.106861829757690430e+00,8.240540623664855957e-01,6.206613779067993164e-01,8.798983097076416016e-01,7.870192527770996094e-01,1.052330374717712402e+00,8.126628994941711426e-01
3.007102012634277344e-01,5.011174678802490234e-01,4.419799447059631348e-01,7.382243871688842773e-01,4.580603837966918945e-01,4.806287884712219238e-01,5.379263758659362793e-01,2.874779105186462402e-01,4.039195775985717773e-01,3.550930619239807129e-01,2.763760983943939209e-01,5.474236011505126953e-01,1.349143385887145996e-01,9.744252264499664307e-02,4.309249520301818848e-01,-7.732809986919164658e-03,3.719254732131958008e-01,4.153817594051361084e-01,4.305391311645507812e-01,4.631738066673278809e-01
-8.600318431854248047e-01,-1.160793423652648926e+00,-1.026518344879150391e+00,-1.042250633239746094e+00,-7.350249886512756348e-01,-1.332037925720214844e+00,-9.661806821823120117e-01,-8.764425516128540039e-01,-6.589608788490295410e-01,-7.701863646507263184e-01,-1.084748148918151855e+00,-1.048256516456604004e+00,-1.079771637916564941e+00,-1.267976641654968262e+00,-1.008747577667236328e+00,-1.392756938934326172e+00,-8.438475728034973145e-01,-9.351336359977722168e-01,-8.237240314483642578e-01,-7.597681283950805664e-01
4.299755692481994629e-01,9.018145203590393066e-01,4.526526033878326416e-01,5.368552803993225098e-01,6.710257530212402344e-01,4.167002737522125244e-01,7.741366028785705566e-01,8.944231271743774414e-01,7.216411828994750977e-01,8.649006485939025879e-01,7.216953635215759277e-01,7.404836416244506836e-01,3.631367981433868408e-01,6.472049951553344727e-01,5.267695188522338867e-01,7.977392673492431641e-01,4.607198536396026611e-01,4.510631561279296875e-01,5.361215472221374512e-01,4.708192348480224609e-01
6.425130963325500488e-01,4.142599999904632568e-01,3.366616666316986084e-01,2.578093409538269043e-01,1.154268607497215271e-01,1.263467669486999512e-01,9.962724149227142334e-02,2.607991695404052734e-01,3.016743063926696777e-01,4.177911281585693359e-01,2.442403733730316162e-01,-8.117686957120895386e-05,2.553116679191589355e-01,8.810448646545410156e-01,6.576675176620483398e-02,2.888017296791076660e-01,1.251470297574996948e-01,1.830590069293975830e-01,2.572121024131774902e-01,3.336393833160400391e-01
-8.367813825607299805e-01,-7.229268550872802734e-01,-4.643714725971221924e-01,-4.411820769309997559e-01,-4.974608719348907471e-01,-3.732633590698242188e-01,-5.729778409004211426e-01,-7.650291323661804199e-01,-6.368408799171447754e-01,-7.227159738540649414e-01,-1.164564609527587891e+00,-9.294602870941162109e-01,-6.971332430839538574e-01,-5.175471305847167969e-01,-5.036048889160156250e-01,-9.784252643585205078e-01,-6.536405682563781738e-01,-1.003245472908020020e+00,-5.742806196212768555e-01,-8.897383809089660645e-01
-1.613775938749313354e-01,-1.934313923120498657e-01,-9.937192499637603760e-02,-3.657853305339813232e-01,-2.873624563217163086e-01,-1.081054508686065674e-01,2.007404267787933350e-01,-7.481601089239120483e-02,-6.413365155458450317e-02,-4.163052737712860107e-01,-4.588776528835296631e-01,-2.089826911687850952e-01,-2.763676941394805908e-01,2.391984499990940094e-02,-1.617847830057144165e-01,2.041438408195972443e-02,-2.103374749422073364e-01,-2.109156548976898193e-01,2.542735934257507324e-01,2.115807496011257172e-02
-4.991540312767028809e-01,-5.921783447265625000e-01,-3.569219410419464111e-01,-1.993192732334136963e-01,-6.573914885520935059e-01,-4.343864619731903076e-01,-3.518232405185699463e-01,-6.171835064888000488e-01,-5.719708800315856934e-01,-4.500885307788848877e-01,-9.867709875106811523e-01,-6.956986188888549805e-01,-4.453946352005004883e-01,-7.135372161865234375e-01,-6.777005195617675781e-01,-8.626456856727600098e-01,-4.556038975715637207e-01,-8.160266280174255371e-01,-4.590238928794860840e-01,-6.223736405372619629e-01
5.999689698219299316e-01,6.578733325004577637e-01,4.447222948074340820e-01,8.230924010276794434e-01,3.590043783187866211e-01,8.399058580398559570e-01,6.915995478630065918e-01,3.161316812038421631e-01,2.810787856578826904e-01,5.322779417037963867e-01,4.920828342437744141e-01,3.973993360996246338e-01,4.051474928855895996e-01,3.944777846336364746e-01,1.796732097864151001e-01,7.017941474914550781e-01,4.926444292068481445e-01,4.501835405826568604e-01,5.471072793006896973e-01,4.787854850292205811e-01
-3.975284099578857422e-01,-1.836141496896743774e-01,1.379718184471130371e-01,1.961731463670730591e-01,3.877641558647155762e-01,1.463772207498550415e-01,7.769880443811416626e-02,3.966728746891021729e-01,-1.722990721464157104e-02,9.103100746870040894e-02,-1.816278845071792603e-01,3.017098009586334229e-01,2.145365923643112183e-01,-3.283011540770530701e-02,7.520122826099395752e-02,4.750341176986694336e-03,4.411859214305877686e-01,-2.460746765136718750e-01,-8.273046463727951050e-02,-1.787323653697967529e-01
2.595116198062896729e-01,6.808127164840698242e-01,7.522811889648437500e-01,6.594022512435913086e-01,4.832012057304382324e-01,1.094533205032348633e-01,3.590002357959747314e-01,1.720618009567260742e-01,3.124252855777740479e-01,5.317575931549072266e-01,3.701906204223632812e-01,6.829817295074462891e-01,4.192413985729217529e-01,4.034664854407310486e-02,2.495921552181243896e-01,5.671711564064025879e-01,3.704603612422943115e-01,4.160495698451995850e-01,9.975526481866836548e-02,3.069752156734466553e-01
6.177031993865966797e-01,4.777778685092926025e-01,5.705376267433166504e-01,8.108301162719726562e-01,3.637088835239410400e-01,7.695308923721313477e-01,5.786532163619995117e-01,9.821419715881347656e-01,8.084976673126220703e-01,5.648548007011413574e-01,9.672541022300720215e-01,9.366622567176818848e-01,5.834512710571289062e-01,7.590272426605224609e-01,9.317887425422668457e-01,6.610595583915710449e-01,1.040924549102783203e+00,5.650756955146789551e-01,7.367969155311584473e-01,9.392682909965515137e-01
3.451698720455169678e-01,4.145013093948364258e-01,4.605973958969116211e-01,1.042731180787086487e-01,3.273331373929977417e-02,-2.110009640455245972e-01,-1.242860630154609680e-01,3.200079873204231262e-02,3.148008882999420166e-02,3.733294010162353516e-01,-8.427444845438003540e-02,1.011369526386260986e-01,1.941011548042297363e-01,1.326144188642501831e-01,6.191527843475341797e-02,1.260155737400054932e-01,-4.197423532605171204e-02,2.070995420217514038e-02,-8.570680394768714905e-03,-1.090640723705291748e-01
5.902982950210571289e-01,8.192309737205505371e-01,8.358497023582458496e-01,5.727345943450927734e-01,9.927509427070617676e-01,1.180331587791442871e+00,5.047037005424499512e-01,6.218224763870239258e-01,1.973349452018737793e-01,9.921279549598693848e-01,1.060003757476806641e+00,8.488695621490478516e-01,7.674249410629272461e-01,8.722112178802490234e-01,1.073219537734985352e+00,1.015816569328308105e+00,1.038076162338256836e+00,7.578022480010986328e-01,1.030457735061645508e+00,3.640036582946777344e-01
6.448197364807128906e-01,6.363896131515502930e-01,2.091755270957946777e-01,3.897761404514312744e-01,5.436346530914306641e-01,6.117468476295471191e-01,8.538903594017028809e-01,8.251253366470336914e-01,4.787177145481109619e-01,5.707309842109680176e-01,1.159398928284645081e-01,5.011959671974182129e-01,5.442180037498474121e-01,7.366278171539306641e-01,8.326583504676818848e-01,8.246089816093444824e-01,3.904486000537872314e-01,5.227737426757812500e-01,4.876228570938110352e-01,5.538991689682006836e-01
-1.068086147308349609e+00,-6.703542470932006836e-01,-9.568604826927185059e-01,-7.880022525787353516e-01,-6.564877629280090332e-01,-1.102429509162902832e+00,-4.435537159442901611e-01,-8.036892414093017578e-01,-1.504932522773742676e+00,-7.992027401924133301e-01,-1.169422507286071777e+00,-7.499378323554992676e-01,-5.026271343231201172e-01,-1.126502513885498047e+00,-6.369346380233764648e-01,-9.125438332557678223e-01,-6.922270059585571289e-01,-6.456128358840942383e-01,-7.070435285568237305e-01,-8.835307955741882324e-01
9.555433988571166992e-01,1.101444602012634277e+00,3.932019770145416260e-01,4.558866918087005615e-01,6.035244464874267578e-01,9.422824978828430176e-01,6.311957240104675293e-01,7.718998789787292480e-01,5.878226161003112793e-01,6.879042387008666992e-01,8.530773520469665527e-01,6.504203677177429199e-01,7.799650430679321289e-01,7.248694300651550293e-01,5.409078001976013184e-01,4.460482597351074219e-01,8.935567140579223633e-01,1.021642684936523438e+00,4.806311130523681641e-01,7.288444638252258301e-01
4.552392363548278809e-01,2.282687127590179443e-01,1.377860903739929199e-01,-1.503862738609313965e-01,3.537596464157104492e-01,3.633253872394561768e-01,2.428978234529495239e-01,1.875212639570236206e-01,4.263212978839874268e-01,2.890240848064422607e-01,3.092412352561950684e-01,7.363489270210266113e-01,1.052895635366439819e-01,1.010895222425460815e-01,4.808005094528198242e-01,-4.577725380659103394e-02,5.574855208396911621e-01,5.919461846351623535e-01,-2.287214845418930054e-01,2.412619441747665405e-01
7.087211608886718750e-01,6.575861573219299316e-01,4.083129763603210449e-01,7.795211076736450195e-01,1.999983340501785278e-01,3.564185202121734619e-01,7.373062372207641602e-01,7.389438748359680176e-01,3.993277847766876221e-01,4.754285216331481934e-01,8.134450912475585938e-01,9.288244247436523438e-01,3.037499487400054932e-01,4.329014718532562256e-01,5.430426001548767090e-01,1.065211176872253418e+00,1.199908494949340820e+00,9.494242668151855469e-01,6.251322627067565918e-01,4.182151257991790771e-01
5.587577223777770996e-01,7.451637983322143555e-01,6.413568258285522461e-01,5.166989564895629883e-01,2.565548717975616455e-01,3.559560477733612061e-01,2.733085751533508301e-01,5.012872219085693359e-01,5.150323510169982910e-01,7.937093973159790039e-01,9.675357937812805176e-01,8.256914615631103516e-01,3.163064420223236084e-01,6.159397959709167480e-01,3.747087717056274414e-01,5.027646422386169434e-01,8.826930522918701172e-01,5.852043628692626953e-01,5.278093814849853516e-01,3.700500130653381348e-01
-1.586939841508865356e-01,-5.399618744850158691e-01,-4.203079342842102051e-01,-1.433773487806320190e-01,-5.602179169654846191e-01,-4.651529788970947266e-01,-3.656153976917266846e-01,-6.783656477928161621e-01,-7.476573586463928223e-01,-8.637840151786804199e-01,-5.384886860847473145e-01,-4.682602882385253906e-01,-4.190030097961425781e-01,-5.074129104614257812e-01,-6.099463701248168945e-01,-5.754321813583374023e-01,-5.922662019729614258e-01,-1.452822983264923096e-01,-2.371907532215118408e-01,-7.524455785751342773e-01
-5.595609545707702637e-01,-7.484045624732971191e-01,-2.013430893421173096e-01,-5.958905816078186035e-01,-6.532771587371826172e-01,-5.723953843116760254e-01,-2.863668799400329590e-01,-6.279598474502563477e-01,-8.893268555402755737e-02,-3.830342590808868408e-01,-5.668339729309082031e-01,-3.777608871459960938e-01,-4.758818447589874268e-01,-4.445648491382598877e-01,-5.124673843383789062e-01,-9.035667032003402710e-02,-5.706757903099060059e-01,-4.492014646530151367e-01,-3.349888026714324951e-01,-5.272274017333984375e-01
-3.937494382262229919e-02,-1.917714625597000122e-01,2.561961114406585693e-02,-2.084930688142776489e-01,-2.984948456287384033e-01,-2.077473551034927368e-01,8.829825371503829956e-02,-1.419036537408828735e-01,1.489696502685546875e-01,-2.933944761753082275e-01,-4.130534529685974121e-01,-2.706619799137115479e-01,-2.092064023017883301e-01,-2.785279750823974609e-01,-5.144125223159790039e-01,-3.273693025112152100e-01,-9.767101705074310303e-02,2.489552050828933716e-01,-2.170212864875793457e-01,-1.407741606235504150e-01
-2.575875446200370789e-02,-1.613991111516952515e-01,-1.610191017389297485e-01,3.843937516212463379e-01,6.895358860492706299e-02,8.834274113178253174e-02,-2.920931279659271240e-01,-2.378532588481903076e-01,1.301185786724090576e-01,-1.811669617891311646e-01,1.709611266851425171e-01,2.204761207103729248e-01,-2.588879466056823730e-01,6.468230485916137695e-02,-1.061431914567947388e-01,-1.711719334125518799e-01,6.201105937361717224e-02,-3.150196373462677002e-01,1.210498139262199402e-01,-1.272781789302825928e-01
4.644108414649963379e-01,9.949964880943298340e-01,4.328310191631317139e-01,4.207311570644378662e-01,6.739583611488342285e-01,4.408428817987442017e-02,4.449366629123687744e-01,7.993255257606506348e-01,7.160593271255493164e-01,1.326347291469573975e-01,4.943051934242248535e-01,6.089558601379394531e-01,3.014787733554840088e-01,3.809024393558502197e-01,4.691945612430572510e-01,5.529017448425292969e-01,5.394479036331176758e-01,7.979599833488464355e-01,5.639476776123046875e-01,5.105138421058654785e-01
4.060896039009094238e-01,1.635787338018417358e-01,3.557590544223785400e-01,3.568365275859832764e-01,3.083892464637756348e-01,1.701103299856185913e-01,2.272921651601791382e-01,2.686257362365722656e-01,-1.175336092710494995e-01,3.137333095073699951e-01,5.832939743995666504e-01,-8.935334533452987671e-02,-7.712825387716293335e-02,2.186557054519653320e-01,2.828492820262908936e-01,2.346595935523509979e-02,1.966953724622726440e-01,5.273659229278564453e-01,-1.909171640872955322e-01,1.567527502775192261e-01
-8.377571105957031250e-01,-1.133924603462219238e+00,-5.964292287826538086e-01,-5.369782447814941406e-01,-7.921209931373596191e-01,-4.312137067317962646e-01,-6.758677959442138672e-01,-1.158966779708862305e+00,-6.177966594696044922e-01,-8.985087275505065918e-01,-8.948851227760314941e-01,-4.723549783229827881e-01,-9.556125402450561523e-01,-1.052940249443054199e+00,-5.043540596961975098e-01,-9.297977685928344727e-01,-8.191646933555603027e-01,-5.844838023185729980e-01,-5.601422190666198730e-01,-9.282568097114562988e-01
-3.691291064023971558e-02,1.535894572734832764e-01,1.798755973577499390e-01,-1.047431901097297668e-01,2.458431273698806763e-01,-1.227123662829399109e-01,-1.763020157814025879e-01,-8.408091217279434204e-02,-1.927908211946487427e-01,-1.959040462970733643e-01,-8.847110718488693237e-02,-1.957277208566665649e-01,-6.840527653694152832e-01,1.591471489518880844e-03,2.411104142665863037e-01,3.619211316108703613e-01,1.654183715581893921e-01,-3.324512541294097900e-01,4.343644678592681885e-01,-6.072982028126716614e-02
3.789165616035461426e-01,4.814376831054687500e-01,5.218588113784790039e-01,4.705939292907714844e-01,3.013939857482910156e-01,5.658266544342041016e-01,4.131805300712585449e-01,8.085334897041320801e-01,2.126381248235702515e-01,3.338539898395538330e-01,7.670207023620605469e-01,3.140974938869476318e-01,4.928033947944641113e-01,4.415777921676635742e-01,7.742959260940551758e-01,4.975847899913787842e-01,6.637560129165649414e-01,5.350396037101745605e-01,1.761939227581024170e-01,3.234250843524932861e-01
8.279264569282531738e-01,7.875813245773315430e-01,1.220206737518310547e+00,1.359079480171203613e+00,7.555319666862487793e-01,9.330692887306213379e-01,8.974781632423400879e-01,9.683442711830139160e-01,8.898958563804626465e-01,1.031836271286010742e+00,7.152460813522338867e-01,9.213730096817016602e-01,5.766780972480773926e-01,1.313570618629455566e+00,7.789023518562316895e-01,9.526576995849609375e-01,9.263854622840881348e-01,8.281632661819458008e-01,7.702308893203735352e-01,7.294930815696716309e-01
-9.890423417091369629e-01,-8.667153120040893555e-01,-7.191011905670166016e-01,-6.398242115974426270e-01,-1.063726544380187988e+00,-9.577953219413757324e-01,-1.216230154037475586e+00,-9.069616198539733887e-01,-7.873581051826477051e-01,-6.167923808097839355e-01,-4.532803297042846680e-01,-9.314507842063903809e-01,-7.213859558105468750e-01,-7.408550381660461426e-01,-4.772341549396514893e-01,1.552149057388305664e+00,-8.930807113647460938e-01,-1.095828294754028320e+00,-1.128927171230316162e-01,-7.803869247436523438e-01
-8.645263314247131348e-02,-2.607355713844299316e-01,-4.342105984687805176e-01,-2.637118697166442871e-01,-1.838913857936859131e-01,-1.503132432699203491e-01,1.212611570954322815e-01,-8.782136440277099609e-02,-1.754552870988845825e-01,-1.689419746398925781e-01,-3.177156746387481689e-01,-1.592211127281188965e-01,-3.786221444606781006e-01,-2.893291786313056946e-02,1.982741504907608032e-01,-3.421386471018195152e-03,4.624100774526596069e-02,-2.087016850709915161e-01,1.511436849832534790e-01,-1.639053523540496826e-01
-3.804714679718017578e-01,-4.460833370685577393e-01,-1.531789898872375488e-01,-1.939619779586791992e-01,-5.092896223068237305e-01,-6.736499071121215820e-01,-5.409628897905349731e-02,-4.305479228496551514e-01,-2.562066614627838135e-01,-1.390477418899536133e-01,-1.165737137198448181e-01,-2.287146002054214478e-01,-1.763811558485031128e-01,-1.711035706102848053e-02,-1.428497582674026489e-01,-4.294392168521881104e-01,-7.009549140930175781e-01,-1.638282984495162964e-01,-5.560510158538818359e-01,-5.558231472969055176e-01
9.172223806381225586e-01,6.647452712059020996e-01,6.422795057296752930e-01,6.095491647720336914e-01,7.215262651443481445e-01,9.910998940467834473e-01,6.496489048004150391e-01,6.101948022842407227e-01,6.745417118072509766e-01,8.330564498901367188e-01,1.113838553428649902e+00,5.463488698005676270e-01,4.144951701164245605e-01,5.047979950904846191e-01,4.617135226726531982e-01,6.864854097366333008e-01,6.266610026359558105e-01,9.102592468261718750e-01,7.356295585632324219e-01,1.142700910568237305e+00
-1.425674080848693848e+00,-7.548609375953674316e-01,-5.508795976638793945e-01,-1.131716609001159668e+00,-6.484926939010620117e-01,-7.952391505241394043e-01,-8.398727178573608398e-01,-9.442269802093505859e-01,-8.226921558380126953e-01,-9.586668014526367188e-01,-1.001122117042541504e+00,-6.877639293670654297e-01,-7.537868022918701172e-01,-7.550982236862182617e-01,-9.907215237617492676e-01,-9.129812717437744141e-01,-7.193146347999572754e-01,-5.787214040756225586e-01,-7.313030958175659180e-01,-1.224716067314147949e+00
8.429182767868041992e-01,3.344577252864837646e-01,1.191460192203521729e-01,4.523182809352874756e-01,6.444735527038574219e-01,4.610832929611206055e-01,5.695744752883911133e-01,9.785741567611694336e-01,5.913901925086975098e-01,5.491839051246643066e-01,2.974235117435455322e-01,8.752630352973937988e-01,7.172341346740722656e-01,6.203427314758300781e-01,5.447779297828674316e-01,7.676183581352233887e-01,9.329860806465148926e-01,6.452867388725280762e-01,4.627005457878112793e-01,6.251222491264343262e-01
-1.599535644054412842e-01,-5.265707969665527344e-01,-9.156056642532348633e-01,-8.147204518318176270e-01,-2.803204059600830078e-01,-7.396411299705505371e-01,-6.708315610885620117e-01,-7.083021998405456543e-01,-5.040447786450386047e-02,-4.350088238716125488e-01,-5.152818560600280762e-01,-5.103691816329956055e-01,-6.258224844932556152e-01,-5.972644686698913574e-01,-7.504121065139770508e-01,-6.421002745628356934e-01,-2.990274131298065186e-01,-1.277836561203002930e-01,-7.805769443511962891e-01,-5.689505338668823242e-01
1.410417407751083374e-01,2.944070659577846527e-02,1.035192683339118958e-01,-1.718488871119916439e-03,1.235762834548950195e-01,8.528890460729598999e-02,1.075259298086166382e-01,9.976607561111450195e-02,4.460266232490539551e-01,-1.255658566951751709e-01,-3.656627237796783447e-02,7.462033629417419434e-01,9.427692741155624390e-02,1.632048338651657104e-01,2.209002524614334106e-01,-2.121614515781402588e-01,4.395410716533660889e-01,5.492539405822753906e-01,6.338272243738174438e-02,7.927883416414260864e-03
-1.724756807088851929e-01,-1.784488111734390259e-01,-2.573500573635101318e-01,-1.784332096576690674e-01,-2.022156715393066406e-01,-2.668052315711975098e-01,-3.325762748718261719e-01,1.247032284736633301e-01,-1.608805358409881592e-01,-1.279910355806350708e-01,-2.781851887702941895e-01,-2.960970699787139893e-01,2.263786345720291138e-01,2.489132434129714966e-02,2.706157788634300232e-02,5.119339097291231155e-03,2.812243998050689697e-01,-4.372036084532737732e-02,-1.201481744647026062e-01,-1.443128883838653564e-01
-5.506640672683715820e-01,-9.336706399917602539e-01,-2.762960493564605713e-01,-7.508387565612792969e-01,-7.855300903320312500e-01,-5.396584868431091309e-01,-6.102164387702941895e-01,-7.998168468475341797e-01,-2.931559681892395020e-01,-5.600532293319702148e-01,-9.148890972137451172e-01,-5.641208291053771973e-01,-4.642535448074340820e-01,-1.029382348060607910e+00,-4.976350069046020508e-01,-2.048336118459701538e-01,-8.974521756172180176e-01,-5.538209676742553711e-01,-3.359073102474212646e-01,-7.906498312950134277e-01
8.407033681869506836e-01,7.428228259086608887e-01,9.342806339263916016e-01,1.050060987472534180e+00,9.130895733833312988e-01,5.249933600425720215e-01,4.449188709259033203e-01,6.740266084671020508e-01,1.000004053115844727e+00,6.116874217987060547e-01,6.553420424461364746e-01,9.530261158943176270e-01,6.955085396766662598e-01,5.211264491081237793e-01,1.107764720916748047e+00,9.295707345008850098e-01,8.303842544555664062e-01,9.735846519470214844e-01,5.179188847541809082e-01,4.823692739009857178e-01
-8.697498589754104614e-02,-3.299324512481689453e-01,2.342840433120727539e-01,-1.530608087778091431e-01,-1.724334992468357086e-02,1.399804651737213135e-01,2.181842029094696045e-01,1.358132660388946533e-01,-1.574414595961570740e-02,-3.914644122123718262e-01,1.399066895246505737e-01,2.254535853862762451e-01,-4.577272236347198486e-01,3.788398206233978271e-01,1.954337507486343384e-01,8.758430927991867065e-02,8.490715175867080688e-02,-2.567051351070404053e-01,-2.526266276836395264e-01,-3.053684830665588379e-01
-1.588698476552963257e-01,-1.877384781837463379e-01,1.917341649532318115e-01,-1.689912676811218262e-01,5.428930744528770447e-02,-1.323316693305969238e-01,-1.373491287231445312e-01,-2.827206552028656006e-01,-1.089305132627487183e-01,-1.382004767656326294e-01,-1.084161736071109772e-02,-2.066248655319213867e-01,-1.229801028966903687e-02,2.975383698940277100e-01,2.918086387217044830e-02,-1.207545921206474304e-01,8.512254804372787476e-02,2.987842559814453125e-01,-3.409723937511444092e-01,2.597263753414154053e-01
5.889458656311035156e-01,6.085348129272460938e-01,5.621747970581054688e-01,5.819236040115356445e-01,7.137164473533630371e-01,2.317844480276107788e-01,6.090611219406127930e-01,3.585453331470489502e-01,4.219934344291687012e-01,7.447224259376525879e-01,1.274085640907287598e-01,8.270916342735290527e-01,4.825775027275085449e-01,4.103934764862060547e-01,6.893239021301269531e-01,7.398605346679687500e-01,4.275832474231719971e-01,9.887766838073730469e-01,6.922751665115356445e-01,6.077545881271362305e-01
4.322689771652221680e-01,8.377038836479187012e-01,1.003435254096984863e+00,8.514795899391174316e-01,1.174110770225524902e+00,7.503105998039245605e-01,1.273822903633117676e+00,6.938493847846984863e-01,6.220100522041320801e-01,8.725489974021911621e-01,1.117981314659118652e+00,9.015546441078186035e-01,7.749461531639099121e-01,1.093842267990112305e+00,6.315920352935791016e-01,1.240720033645629883e+00,1.214441418647766113e+00,1.086350321769714355e+00,7.218679785728454590e-01,1.057147026062011719e+00
3.263616263866424561e-01,3.383458778262138367e-02,-1.878459304571151733e-01,-1.687884703278541565e-02,-6.536325812339782715e-02,-1.606776118278503418e-01,-1.191635727882385254e-01,1.771435141563415527e-01,1.044869869947433472e-01,1.036840453743934631e-01,2.298175916075706482e-02,-1.850716918706893921e-01,-7.496137917041778564e-02,-2.072576284408569336e-01,-3.293453454971313477e-01,-1.402105242013931274e-01,-2.735112607479095459e-01,-2.088227868080139160e-01,-2.211587876081466675e-01,-3.637590408325195312e-01
-1.211282491683959961e+00,-1.079045534133911133e+00,-1.142252802848815918e+00,-9.360242486000061035e-01,-6.547355055809020996e-01,-7.522116303443908691e-01,-7.394997477531433105e-01,-9.096307158470153809e-01,-1.048700928688049316e+00,-1.232042431831359863e+00,-6.802067756652832031e-01,-8.544085025787353516e-01,-7.189545631408691406e-01,-1.048886418342590332e+00,-1.116303086280822754e+00,-1.192980527877807617e+00,-8.811153173446655273e-01,-1.013550400733947754e+00,-7.586211562156677246e-01,-9.297192692756652832e-01
-5.470744371414184570e-01,-4.122774600982666016e-01,-4.044112563133239746e-01,-3.973334729671478271e-01,-1.397619843482971191e-01,-6.202790737152099609e-01,-3.762465119361877441e-01,-7.460498809814453125e-01,-6.733778119087219238e-02,-7.087885141372680664e-01,-1.646730303764343262e-01,-5.997185111045837402e-01,-5.937963128089904785e-01,-3.010587990283966064e-01,-5.007165074348449707e-01,-1.307547539472579956e-01,-2.743921875953674316e-01,8.526659011840820312e-02,-5.983189940452575684e-01,-2.660014927387237549e-01
1.094092130661010742e+00,7.458301782608032227e-01,8.547132015228271484e-01,1.106482148170471191e+00,5.496235489845275879e-01,5.689703226089477539e-01,4.506615698337554932e-01,5.571788549423217773e-01,5.297254920005798340e-01,6.132785081863403320e-01,6.543976664543151855e-01,9.232578277587890625e-01,6.908904910087585449e-01,1.775731444358825684e-01,5.298517942428588867e-01,8.634983301162719727e-01,9.126393198966979980e-01,5.454086661338806152e-01,6.120706200599670410e-01,9.687055349349975586e-01
-5.700259804725646973e-01,-9.998958706855773926e-01,-5.548312067985534668e-01,-1.064195156097412109e+00,-6.691231727600097656e-01,-9.433853626251220703e-01,-7.769073843955993652e-01,-4.081128537654876709e-01,-5.526214241981506348e-01,-9.107835888862609863e-01,-7.994973659515380859e-01,-6.947383880615234375e-01,-3.331332206726074219e-01,-6.049736738204956055e-01,-6.665687561035156250e-01,-8.284975886344909668e-01,-8.488816022872924805e-01,-6.749264001846313477e-01,-1.031016707420349121e+00,-8.249698281288146973e-01
-1.132812976837158203e+00,-8.778581023216247559e-01,-1.153059363365173340e+00,-7.643022537231445312e-01,-7.143056988716125488e-01,-7.165476679801940918e-01,-8.902347087860107422e-01,-1.080433249473571777e+00,-8.904527425765991211e-01,-5.669353604316711426e-01,-9.735267162322998047e-01,-7.367779612541198730e-01,-4.267142117023468018e-01,-1.017924308776855469e+00,-1.593627691268920898e+00,-7.080541253089904785e-01,-6.264927983283996582e-01,-8.368986248970031738e-01,-7.194809317588806152e-01,-9.373664259910583496e-01
-1.665335446596145630e-01,-4.911787211894989014e-01,-2.751003205776214600e-01,-7.698863744735717773e-01,-8.943559527397155762e-01,-6.510018110275268555e-01,-3.886994123458862305e-01,-5.858133435249328613e-01,-5.626116394996643066e-01,-4.961228370666503906e-01,-3.632680177688598633e-01,-4.573487639427185059e-01,-2.177192419767379761e-01,-6.054502725601196289e-01,-5.764520168304443359e-01,-1.674231886863708496e-01,-2.305225580930709839e-01,-4.558083117008209229e-01,-5.549335479736328125e-01,1.104961112141609192e-01
3.172680139541625977e-01,6.221735477447509766e-01,2.260549366474151611e-01,4.511841535568237305e-01,1.695673316717147827e-01,2.957302331924438477e-01,2.108674198389053345e-01,1.274821907281875610e-01,3.678959310054779053e-01,1.194668933749198914e-01,1.306929886341094971e-01,4.250142872333526611e-01,3.927009105682373047e-01,3.358760178089141846e-01,3.850544691085815430e-01,4.001733064651489258e-01,1.644195616245269775e-01,1.349028348922729492e-01,8.417761325836181641e-02,-1.694422066211700439e-01
2.447435166686773300e-03,-2.654483169317245483e-02,1.129281744360923767e-01,-1.443319618701934814e-01,-1.878995150327682495e-01,-1.620803624391555786e-01,6.208355724811553955e-02,-5.457858368754386902e-02,-3.532614707946777344e-01,6.177334859967231750e-02,1.940625905990600586e-01,-2.318164110183715820e-01,-1.860426813364028931e-01,-2.557654082775115967e-01,-1.294006407260894775e-01,-2.440390437841415405e-01,-3.226037919521331787e-01,4.893707111477851868e-02,-1.653133630752563477e-01,-2.491732537746429443e-01
-1.025593519210815430e+00,-1.218834042549133301e+00,-8.277236223220825195e-01,-8.932121396064758301e-01,-9.081974625587463379e-01,-8.486413359642028809e-01,-5.274599194526672363e-01,-7.022688984870910645e-01,-8.640410304069519043e-01,-6.500737667083740234e-01,-7.150771617889404297e-01,-1.022991180419921875e+00,-1.164458513259887695e+00,-7.970079183578491211e-01,-9.798070788383483887e-01,-7.357063293457031250e-01,-8.598075509071350098e-01,-1.035944938659667969e+00,-6.106640696525573730e-01,-1.118535995483398438e+00
-1.222592353820800781e+00,-1.064677357673645020e+00,-1.092239260673522949e+00,-1.271525263786315918e+00,-1.591108083724975586e+00,-7.872880101203918457e-01,-1.018330693244934082e+00,-1.023957967758178711e+00,-8.938249349594116211e-01,-1.033377051353454590e+00,-8.213441967964172363e-01,-8.226190209388732910e-01,-1.161409020423889160e+00,-1.282546997070312500e+00,-1.549418210983276367e+00,-1.290785074234008789e+00,-1.289878964424133301e+00,-9.999027252197265625e-01,-8.857403397560119629e-01,-8.629947304725646973e-01
9.195513129234313965e-01,1.025237202644348145e+00,1.012417197227478027e+00,1.029706835746765137e+00,6.299467086791992188e-01,1.029772162437438965e+00,7.823885679244995117e-01,1.079833745956420898e+00,7.551387548446655273e-01,8.643696308135986328e-01,8.516151905059814453e-01,7.218651175498962402e-01,7.093993425369262695e-01,9.314357042312622070e-01,8.301370143890380859e-01,7.054497003555297852e-01,9.886860847473144531e-01,7.155434489250183105e-01,7.056837677955627441e-01,7.088050842285156250e-01
-8.168518543243408203e-01,-6.872656941413879395e-01,-7.518044114112854004e-01,-7.439741492271423340e-01,-8.682557344436645508e-01,-5.413100123405456543e-01,-6.750098466873168945e-01,-6.033684611320495605e-01,-5.012050271034240723e-01,-1.073868989944458008e+00,-4.528332054615020752e-01,-1.071405053138732910e+00,-8.682866692543029785e-01,-6.353045105934143066e-01,-8.231036663055419922e-01,-9.722502827644348145e-01,-6.643749475479125977e-01,-7.985092401504516602e-01,-3.188107907772064209e-01,-7.455964684486389160e-01
-1.081673651933670044e-01,-4.394298195838928223e-01,-2.591096162796020508e-01,-7.442998886108398438e-01,-1.027522534132003784e-01,-5.431743264198303223e-01,-4.737087190151214600e-01,-6.065014600753784180e-01,-5.615969896316528320e-01,1.579262614250183105e-01,-3.553099632263183594e-01,-3.136017620563507080e-01,-6.052945852279663086e-01,-4.231010973453521729e-01,-4.123052358627319336e-01,-5.341410040855407715e-01,-5.116178989410400391e-01,-3.395445048809051514e-01,-2.747306823730468750e-01,-4.978144168853759766e-01
5.169841051101684570e-01,4.149932563304901123e-01,3.472574055194854736e-01,4.471319913864135742e-01,8.692017197608947754e-02,1.854861974716186523e-01,3.684523105621337891e-01,4.198769330978393555e-01,-2.122237831354141235e-01,4.267725721001625061e-02,6.808217763900756836e-01,2.397230416536331177e-01,3.769029974937438965e-01,4.191148877143859863e-01,-1.466499865055084229e-01,1.248054578900337219e-01,-3.749021515250205994e-02,5.969366431236267090e-01,3.855367004871368408e-01,9.116872400045394897e-02
-2.024466842412948608e-01,-3.017268776893615723e-01,3.695003688335418701e-02,-1.703004688024520874e-01,-1.966661363840103149e-01,-1.882753372192382812e-01,-2.257676720619201660e-01,-2.795961797237396240e-01,1.834849566221237183e-01,-1.805918514728546143e-01,-1.770977377891540527e-01,1.111958920955657959e-01,1.799689680337905884e-01,-2.520048916339874268e-01,1.176642924547195435e-01,-4.177786037325859070e-02,-1.855690926313400269e-01,2.566289007663726807e-01,1.988113075494766235e-01,4.177969098091125488e-01
6.116923689842224121e-01,4.220495522022247314e-01,3.360939621925354004e-01,5.338384509086608887e-01,7.014516592025756836e-01,8.057731389999389648e-01,9.464881420135498047e-01,7.322143912315368652e-01,4.969688355922698975e-01,3.232899606227874756e-01,5.451784133911132812e-01,7.483187317848205566e-01,3.335857987403869629e-01,8.681365847587585449e-01,6.198684573173522949e-01,6.013977527618408203e-01,3.583633899688720703e-01,7.718048691749572754e-01,1.069195747375488281e+00,6.897972822189331055e-01
9.965437054634094238e-01,1.158889651298522949e+00,8.557716608047485352e-01,8.887634277343750000e-01,6.086928248405456543e-01,9.650498032569885254e-01,8.889653086662292480e-01,5.253835320472717285e-01,6.773263216018676758e-01,4.817529022693634033e-01,8.000425696372985840e-01,6.714388132095336914e-01,8.147149682044982910e-01,9.712348580360412598e-01,8.128031492233276367e-01,1.155574440956115723e+00,1.067515492439270020e+00,1.190106034278869629e+00,2.899448573589324951e-01,7.751400470733642578e-01
7.576578855514526367e-01,8.456930518150329590e-01,7.822555899620056152e-01,1.129385113716125488e+00,7.436484694480895996e-01,6.374636888504028320e-01,7.463576197624206543e-01,8.561653494834899902e-01,4.240123331546783447e-01,7.519130110740661621e-01,5.579122304916381836e-01,7.773687243461608887e-01,1.037415504455566406e+00,7.570860981941223145e-01,1.019404053688049316e+00,9.195502400398254395e-01,7.039857506752014160e-01,8.116940855979919434e-01,1.868737190961837769e-01,3.738027811050415039e-01
-7.404482364654541016e-01,-6.759151220321655273e-01,-1.194152355194091797e+00,-1.199968338012695312e+00,-1.121970891952514648e+00,-1.280200362205505371e+00,-9.220613837242126465e-01,-6.899269819259643555e-01,-6.600305438041687012e-01,-1.072255015373229980e+00,-1.168045282363891602e+00,-1.159457921981811523e+00,-6.757973432540893555e-01,-1.434175610542297363e+00,-7.780894637107849121e-01,-9.742767214775085449e-01,-7.225849032402038574e-01,-7.784935832023620605e-01,-1.011165857315063477e+00,-9.349514245986938477e-01
4.866293966770172119e-01,6.081656813621520996e-01,4.548417627811431885e-01,6.951261162757873535e-01,7.295742630958557129e-01,4.522874355316162109e-01,8.235529065132141113e-02,3.096464276313781738e-01,5.418775081634521484e-01,4.970498383045196533e-01,3.787932395935058594e-01,6.064336299896240234e-01,7.043412923812866211e-01,9.619973301887512207e-01,6.808855533599853516e-01,9.290440678596496582e-01,5.675413608551025391e-01,3.439657688140869141e-01,1.011822938919067383e+00,9.580974578857421875e-01
-6.960563063621520996e-01,-7.494484186172485352e-01,-7.352250218391418457e-01,-7.762756943702697754e-01,-8.476454019546508789e-01,-1.010009646415710449e+00,-1.183966398239135742e+00,-6.867737174034118652e-01,-9.091286659240722656e-01,-9.520701169967651367e-01,-8.793563842773437500e-01,-1.008394002914428711e+00,-7.276377677917480469e-01,-8.807197809219360352e-01,-5.639116764068603516e-01,-1.094411373138427734e+00,-8.781790137290954590e-01,-1.134022235870361328e+00,-9.111719131469726562e-01,-5.566113591194152832e-01
1.436132341623306274e-01,8.226907253265380859e-01,4.653543531894683838e-01,6.805288195610046387e-01,3.809172809123992920e-01,6.914303302764892578e-01,6.114704012870788574e-01,8.835167884826660156e-01,6.112512350082397461e-01,7.085077762603759766e-01,6.940149664878845215e-01,7.690439820289611816e-01,1.018929600715637207e+00,7.760834693908691406e-01,6.583131551742553711e-01,6.614561676979064941e-01,9.061786532402038574e-01,5.156819820404052734e-01,5.047028064727783203e-01,6.653619408607482910e-01
7.265827655792236328e-01,8.226521611213684082e-01,8.124184608459472656e-01,8.694461584091186523e-01,7.873229980468750000e-01,4.958334863185882568e-01,6.299746632575988770e-01,3.962883949279785156e-01,4.981772899627685547e-01,7.682993412017822266e-01,5.861552357673645020e-01,7.227452993392944336e-01,9.619848728179931641e-01,7.542610764503479004e-01,8.460558652877807617e-01,1.018820047378540039e+00,8.108233213424682617e-01,1.339121580123901367e+00,4.816815257072448730e-01,7.934957742691040039e-01
-1.010118246078491211e+00,-1.040974736213684082e+00,-1.082011103630065918e+00,-7.566596865653991699e-01,-9.897161126136779785e-01,-1.183945178985595703e+00,-1.223978519439697266e+00,-1.044514536857604980e+00,-1.034337043762207031e+00,-8.654513955116271973e-01,-9.902720451354980469e-01,-9.277448654174804688e-01,-1.172170281410217285e+00,-1.193493843078613281e+00,-8.575661778450012207e-01,-8.700305223464965820e-01,-6.981805562973022461e-01,-7.596665620803833008e-01,-8.753687739372253418e-01,-1.233258485794067383e+00
8.711878657341003418e-01,1.552605628967285156e-01,8.937652111053466797e-01,3.336471021175384521e-01,8.418068289756774902e-01,8.668366670608520508e-01,8.855454325675964355e-01,1.075077414512634277e+00,9.619009494781494141e-01,1.320711970329284668e+00,8.781123161315917969e-01,1.154658198356628418e+00,7.779481410980224609e-01,8.877359032630920410e-01,9.434037208557128906e-01,1.005675196647644043e+00,6.344108581542968750e-01,8.075996637344360352e-01,1.179447889328002930e+00,1.015370368957519531e+00
3.273701965808868408e-01,7.508580386638641357e-02,4.927658140659332275e-01,8.589093089103698730e-01,4.833519756793975830e-01,1.164407953619956970e-01,4.347377642989158630e-02,1.416626423597335815e-01,3.170550167560577393e-01,2.181590199470520020e-01,3.518032729625701904e-01,8.382739424705505371e-01,6.039456725120544434e-01,4.949336946010589600e-01,5.136221051216125488e-01,3.810032606124877930e-01,1.426324434578418732e-02,1.409249305725097656e-01,-2.497615665197372437e-02,2.514576315879821777e-01
-1.102705836296081543e+00,-1.162531018257141113e+00,-7.707435488700866699e-01,-8.314341306686401367e-01,-1.161596775054931641e+00,-9.705247879028320312e-01,-1.192591309547424316e+00,-8.957154154777526855e-01,-1.063798546791076660e+00,-6.366392374038696289e-01,-7.651885747909545898e-01,-9.356745481491088867e-01,-6.897767186164855957e-01,-9.453255534172058105e-01,-1.006320476531982422e+00,-8.503835797309875488e-01,-6.893619298934936523e-01,-8.803036808967590332e-01,-8.863715529441833496e-01,-7.860651612281799316e-01
1.149427652359008789e+00,1.090888142585754395e+00,1.207576990127563477e+00,1.136867523193359375e+00,1.089025735855102539e+00,7.575763463973999023e-01,7.066828012466430664e-01,9.281128644943237305e-01,1.035524487495422363e+00,8.076364994049072266e-01,8.749637603759765625e-01,1.164770960807800293e+00,7.635774016380310059e-01,1.037840366363525391e+00,1.041182994842529297e+00,1.000357985496520996e+00,8.025701045989990234e-01,9.760357141494750977e-01,7.820914387702941895e-01,9.937027096748352051e-01
5.590969324111938477e-01,9.593640565872192383e-01,6.864679455757141113e-01,7.615817189216613770e-01,7.337015867233276367e-01,7.435530424118041992e-01,7.354097962379455566e-01,8.537769317626953125e-01,5.892885923385620117e-01,1.053745746612548828e+00,1.003775954246520996e+00,6.833418011665344238e-01,1.090658068656921387e+00,9.289608001708984375e-01,8.628921508789062500e-01,8.372794985771179199e-01,8.033660650253295898e-01,1.092897295951843262e+00,8.903051614761352539e-01,9.289904236793518066e-01
3.140901923179626465e-01,8.744516372680664062e-01,1.086037993431091309e+00,7.833687663078308105e-01,6.629524827003479004e-01,8.671291470527648926e-01,3.832774758338928223e-01,6.906327009201049805e-01,5.292013883590698242e-01,8.525798320770263672e-01,5.502852797508239746e-01,5.009813308715820312e-01,8.449492454528808594e-01,9.569917321205139160e-01,4.639135003089904785e-01,5.350796580314636230e-01,1.031017661094665527e+00,7.778962254524230957e-01,4.346166849136352539e-01,7.994607090950012207e-01
7.777668237686157227e-01,1.069788217544555664e+00,4.844070672988891602e-01,8.094464540481567383e-01,8.814780116081237793e-01,8.325648903846740723e-01,5.673088431358337402e-01,4.426959156990051270e-01,6.783795356750488281e-01,6.560608744621276855e-01,8.371761441230773926e-01,5.105068087577819824e-01,7.148734331130981445e-01,1.400085687637329102e+00,5.975863337516784668e-01,7.835645079612731934e-01,5.060056447982788086e-01,7.669840455055236816e-01,6.101194620132446289e-01,8.024749159812927246e-01
8.528054952621459961e-01,8.836569190025329590e-01,3.805976808071136475e-01,4.713166356086730957e-01,6.319097876548767090e-01,9.127612709999084473e-01,7.320090532302856445e-01,8.722369074821472168e-01,1.095939993858337402e+00,9.656299352645874023e-01,8.207487463951110840e-01,8.136329054832458496e-01,6.037957072257995605e-01,7.835319638252258301e-01,5.090481042861938477e-01,6.820973157882690430e-01,6.977042555809020996e-01,9.353693723678588867e-01,9.610604047775268555e-01,6.750116944313049316e-01
6.909893155097961426e-01,9.227242469787597656e-01,8.426136374473571777e-01,5.197340250015258789e-01,9.319413900375366211e-01,9.198751449584960938e-01,7.750484347343444824e-01,1.058961749076843262e+00,5.153856873512268066e-01,5.547634363174438477e-01,7.950145602226257324e-01,8.364203572273254395e-01,6.432135105133056641e-01,7.120862007141113281e-01,5.245770215988159180e-01,9.300301671028137207e-01,8.593847751617431641e-01,4.950789809226989746e-01,7.573676705360412598e-01,9.880360364913940430e-01
-1.228173971176147461e-01,1.278929039835929871e-02,1.745021343231201172e-01,-7.557356357574462891e-02,-1.784527748823165894e-01,4.795506596565246582e-01,3.326976597309112549e-01,-1.728717833757400513e-01,4.716782867908477783e-01,-1.621948368847370148e-02,1.990016251802444458e-01,1.334349811077117920e-01,1.630579493939876556e-02,2.448617070913314819e-01,4.866179227828979492e-01,3.388642072677612305e-01,-1.068763583898544312e-01,-2.930862642824649811e-02,-5.328095052391290665e-03,4.322441220283508301e-01
-1.145903587341308594e+00,-7.146207690238952637e-01,-6.644805669784545898e-01,-7.931448221206665039e-01,-9.157626032829284668e-01,-7.584698200225830078e-01,-5.555542111396789551e-01,-1.068105340003967285e+00,-6.225137114524841309e-01,-9.137069582939147949e-01,-1.023492455482482910e+00,-8.977344036102294922e-01,-6.682924032211303711e-01,-7.556266784667968750e-01,-9.057623147964477539e-01,-9.027287960052490234e-01,-7.445837259292602539e-01,-6.494857668876647949e-01,-1.024600148200988770e+00,-1.209646105766296387e+00
4.510289132595062256e-01,8.841907382011413574e-01,1.881091892719268799e-01,1.191223561763763428e-01,2.186781726777553558e-03,5.494387149810791016e-01,3.215721845626831055e-01,2.987922132015228271e-01,4.959686398506164551e-01,4.191147983074188232e-01,5.989651679992675781e-01,4.934573471546173096e-01,6.247947812080383301e-01,6.269266009330749512e-01,5.747938752174377441e-01,6.860219836235046387e-01,4.374971985816955566e-01,3.846520781517028809e-01,2.558228373527526855e-01,1.175659298896789551e-01
-6.286127567291259766e-01,-9.412448406219482422e-01,-6.472243070602416992e-01,-3.462297916412353516e-01,-6.018319129943847656e-01,-7.224908471107482910e-01,-3.900132477283477783e-01,-6.741837859153747559e-01,-6.014034152030944824e-01,-4.528464376926422119e-01,-3.511134684085845947e-01,-5.711835622787475586e-01,-3.827191293239593506e-01,-5.564264655113220215e-01,-6.768451333045959473e-01,-4.568267166614532471e-01,-7.562857866287231445e-01,-5.983350872993469238e-01,-1.050983309745788574e+00,-7.323690056800842285e-01
2.462640553712844849e-01,-2.751513719558715820e-01,2.332014590501785278e-01,8.608133345842361450e-02,2.533669769763946533e-01,-5.803357958793640137e-01,-3.282018303871154785e-01,-1.762343347072601318e-01,6.772422231733798981e-03,-1.105648279190063477e-01,-1.212730184197425842e-01,-1.963583976030349731e-01,-3.188807666301727295e-01,7.907954603433609009e-02,3.084517419338226318e-01,3.078572452068328857e-01,-3.604841977357864380e-02,-7.132819853723049164e-03,-4.918528199195861816e-01,1.026327461004257202e-01
-7.784149050712585449e-01,-2.868416607379913330e-01,-7.081350088119506836e-01,-2.698956727981567383e-01,-5.998927354812622070e-01,-1.106245398521423340e+00,-6.263468265533447266e-01,-1.061075925827026367e+00,-6.807294487953186035e-01,-4.841282665729522705e-01,-8.488431572914123535e-01,-6.177331805229187012e-01,-5.147145390510559082e-01,-7.155426144599914551e-01,-5.081200003623962402e-01,-3.084903955459594727e-01,-6.504004597663879395e-01,-6.388081312179565430e-01,-4.296222031116485596e-01,-1.165127515792846680e+00
-5.150937438011169434e-01,-4.679338335990905762e-01,-8.899434804916381836e-01,-1.012195467948913574e+00,-7.239389419555664062e-01,-8.639697432518005371e-01,-7.558113336563110352e-01,-8.600543141365051270e-01,-4.416242837905883789e-01,-4.722126126289367676e-01,-6.566086411476135254e-01,-9.289761185646057129e-01,-5.520309805870056152e-01,-7.738682031631469727e-01,-9.902788996696472168e-01,-7.583213448524475098e-01,-1.150041818618774414e+00,-9.015116691589355469e-01,-7.594876289367675781e-01,-7.156709432601928711e-01
-1.657836288213729858e-01,1.364015489816665649e-01,1.327159851789474487e-01,3.238918781280517578e-01,-1.159069910645484924e-01,-4.634583368897438049e-02,-5.641863122582435608e-02,-2.263383567333221436e-01,2.825742065906524658e-01,-4.718162491917610168e-02,2.201341539621353149e-01,3.960742056369781494e-02,3.382219672203063965e-01,7.879979908466339111e-02,4.341159462928771973e-01,7.111274003982543945e-01,1.737770885229110718e-01,5.939434170722961426e-01,-4.286482557654380798e-02,-8.336642384529113770e-02
8.587280660867691040e-02,2.335400283336639404e-01,4.976442456245422363e-01,6.119155883789062500e-01,2.654560208320617676e-01,7.591223716735839844e-01,4.130822122097015381e-01,8.748975992202758789e-01,-2.201606184244155884e-01,2.826783359050750732e-01,1.628748923540115356e-01,9.669709019362926483e-03,7.080696821212768555e-01,3.666021525859832764e-01,7.827687263488769531e-01,3.770815581083297729e-02,5.870960950851440430e-01,1.723469048738479614e-01,2.491125166416168213e-01,4.116947650909423828e-01
-2.987946569919586182e-01,-4.556597471237182617e-01,-4.011975526809692383e-01,-6.842496395111083984e-01,-5.895237326622009277e-01,-3.745872676372528076e-01,-3.820703923702239990e-01,-4.361144602298736572e-01,-4.533168077468872070e-01,-7.121416926383972168e-01,-4.210188388824462891e-01,-3.300835564732551575e-02,-3.605570197105407715e-01,1.563918031752109528e-02,-3.206453919410705566e-01,-5.381494760513305664e-01,-3.352456688880920410e-01,-5.951874256134033203e-01,4.289595410227775574e-03,-6.044614315032958984e-01
-1.125629901885986328e+00,-4.706366062164306641e-01,-5.163393616676330566e-01,-6.959025263786315918e-01,-7.599378228187561035e-01,-5.642564892768859863e-01,-5.754380226135253906e-01,-8.636509776115417480e-01,-1.133953332901000977e-01,-7.037531733512878418e-01,-8.347505331039428711e-01,-5.336324572563171387e-01,-5.112966895103454590e-01,-8.112502694129943848e-01,-8.379108905792236328e-01,-9.652550220489501953e-01,-9.530536830425262451e-02,-8.085385560989379883e-01,-8.144568204879760742e-01,-7.195370197296142578e-01
-5.563938021659851074e-01,-5.297088623046875000e-01,-4.262788593769073486e-01,-6.404645442962646484e-01,-5.428984761238098145e-01,-5.792361497879028320e-01,-4.299240112304687500e-01,-6.457910537719726562e-01,-4.957054257392883301e-01,-2.591896057128906250e-01,-1.455740779638290405e-01,-1.593218892812728882e-01,-3.498969078063964844e-01,-6.072070598602294922e-01,-2.411096394062042236e-01,-6.152051091194152832e-01,-5.903375744819641113e-01,-6.383501887321472168e-01,-3.897219598293304443e-01,-2.207463979721069336e-01
3.990099132061004639e-01,9.636099934577941895e-01,7.751550674438476562e-01,8.609134554862976074e-01,7.560273408889770508e-01,1.331646680831909180e+00,5.000404715538024902e-01,9.317706227302551270e-01,7.057897448539733887e-01,4.846651554107666016e-01,1.018427968025207520e+00,8.112523555755615234e-01,1.056741118431091309e+00,8.930255174636840820e-01,9.436525702476501465e-01,9.035772681236267090e-01,1.196511626243591309e+00,6.888570785522460938e-01,4.410199224948883057e-01,7.648693323135375977e-01
-6.843957901000976562e-01,-7.424752712249755859e-01,-7.346830964088439941e-01,-8.540949821472167969e-01,-8.323401212692260742e-01,-7.203682661056518555e-01,-8.428750038146972656e-01,-9.261811971664428711e-01,-1.111499309539794922e+00,-5.149557590484619141e-01,-5.391329526901245117e-01,-8.957443833351135254e-01,-5.466721057891845703e-01,-8.494294881820678711e-01,-8.441004753112792969e-01,-6.234425306320190430e-01,-9.253814220428466797e-01,-1.124518275260925293e+00,-4.861520528793334961e-01,-7.206907868385314941e-01
-3.705667555332183838e-01,-9.561941027641296387e-01,-1.104627728462219238e+00,-7.607702612876892090e-01,-6.718567013740539551e-01,-7.111442089080810547e-01,-5.428400039672851562e-01,-6.306201815605163574e-01,-7.112210392951965332e-01,-8.959532976150512695e-01,-5.478315353393554688e-01,-1.042255878448486328e+00,-1.076406836509704590e+00,-8.209289908409118652e-01,-6.384143233299255371e-01,-5.083047747611999512e-01,-9.336797595024108887e-01,-6.560746431350708008e-01,-9.781314730644226074e-01,-1.394831299781799316e+00
-6.567624211311340332e-01,-5.947088003158569336e-01,-5.829178094863891602e-01,-5.678444504737854004e-01,-6.312175989151000977e-01,-4.171613752841949463e-01,-2.025449424982070923e-01,-7.033538818359375000e-01,-3.615510165691375732e-01,-5.549712181091308594e-01,-6.869093775749206543e-01,-8.121792674064636230e-01,-3.016619384288787842e-01,-5.848604440689086914e-01,-3.940550386905670166e-01,-6.109048724174499512e-01,-4.855733811855316162e-01,-1.347533762454986572e-01,-6.166804432868957520e-01,-2.603527307510375977e-01
