-1.242223262786865234e+00,-1.007095813751220703e+00,-6.931261420249938965e-01,-5.626769661903381348e-01,-9.293074607849121094e-01,-8.989253640174865723e-01,-8.476717472076416016e-01,-1.186857819557189941e+00,-1.222099542617797852e+00,-1.066262006759643555e+00,-6.959975361824035645e-01,-1.127478480339050293e+00,-7.500355839729309082e-01,-5.725244283676147461e-01,-8.026539087295532227e-01,-9.471771121025085449e-01,-7.260023355484008789e-01,-7.050790190696716309e-01,-1.107471704483032227e+00,-9.921201467514038086e-01
-8.690377473831176758e-01,-1.418208241462707520e+00,-9.272089004516601562e-01,-8.215094804763793945e-01,-8.899866342544555664e-01,-9.654066562652587891e-01,-1.326434373855590820e+00,-9.127099514007568359e-01,-5.943601727485656738e-01,-1.362915277481079102e+00,-6.467645764350891113e-01,-9.168938994407653809e-01,-1.021820068359375000e+00,-8.361884951591491699e-01,-8.139412999153137207e-01,-1.272541642189025879e+00,-9.152857661247253418e-01,-1.186662912368774414e+00,-9.372045993804931641e-01,-1.173402667045593262e+00
-1.674358248710632324e+00,-1.141759753227233887e+00,-1.156742691993713379e+00,-1.342397689819335938e+00,-1.411613345146179199e+00,-4.102311134338378906e-01,-6.704511642456054688e-01,-1.101664900779724121e+00,-8.578453660011291504e-01,-1.343347907066345215e+00,-1.184051156044006348e+00,-9.989781379699707031e-01,-6.018859744071960449e-01,-1.009564042091369629e+00,-9.117584824562072754e-01,-1.214091420173645020e+00,-1.233507156372070312e+00,-1.092288970947265625e+00,-6.773467659950256348e-01,-9.206055998802185059e-01
-8.093628883361816406e-01,-1.203422784805297852e+00,-1.039813280105590820e+00,-7.215496897697448730e-01,-8.490970134735107422e-01,-9.361939430236816406e-01,-7.740541696548461914e-01,-7.635210156440734863e-01,-9.298268556594848633e-01,-1.480219960212707520e+00,-9.026097059249877930e-01,-6.925058960914611816e-01,-1.259372234344482422e+00,-8.170900940895080566e-01,-6.506561040878295898e-01,-1.251592040061950684e+00,-1.058246374130249023e+00,-9.218327999114990234e-01,-1.025044560432434082e+00,-1.128903150558471680e+00
-6.602834463119506836e-01,-6.829785704612731934e-01,-1.489768505096435547e+00,-1.092243671417236328e+00,-1.425864577293395996e+00,-9.268177151679992676e-01,-1.301138281822204590e+00,-1.042839527130126953e+00,-1.193923115730285645e+00,-1.291124105453491211e+00,-1.172189474105834961e+00,-6.626107096672058105e-01,-8.809367418289184570e-01,-8.750627636909484863e-01,-5.984348654747009277e-01,-8.645011782646179199e-01,-9.058918952941894531e-01,-1.553181409835815430e+00,-8.504711389541625977e-01,-1.191639900207519531e+00
-8.992108702659606934e-01,-6.979988813400268555e-01,-9.105850458145141602e-01,-1.068711638450622559e+00,-1.173322319984436035e+00,-6.805918812751770020e-01,-9.051733016967773438e-01,-1.233004689216613770e+00,-1.072922229766845703e+00,-1.018482327461242676e+00,-8.644409179687500000e-01,-1.177170276641845703e+00,-1.249342918395996094e+00,-1.272072911262512207e+00,-9.095996022224426270e-01,-1.064616680145263672e+00,-1.193182468414306641e+00,-8.471033573150634766e-01,-1.038002014160156250e+00,-8.866659998893737793e-01
-8.876933455467224121e-01,-7.671667933464050293e-01,-9.944912195205688477e-01,-1.136348366737365723e+00,-6.575339436531066895e-01,-8.842909932136535645e-01,-7.100372314453125000e-01,-6.465212702751159668e-01,-8.505560159683227539e-01,-1.381113529205322266e+00,-9.258767366409301758e-01,-4.497277736663818359e-01,-1.029411315917968750e+00,-1.033484578132629395e+00,-7.298552393913269043e-01,-1.243400573730468750e+00,-1.186375260353088379e+00,-1.208215951919555664e+00,-7.783223986625671387e-01,-8.631230592727661133e-01
-7.700020074844360352e-01,-8.229253292083740234e-01,-8.419889211654663086e-01,-8.608000874519348145e-01,-7.417839765548706055e-01,-9.118133187294006348e-01,-8.176666498184204102e-01,-9.693265557289123535e-01,-7.137944102287292480e-01,-1.231238245964050293e+00,-1.001533269882202148e+00,-6.194838881492614746e-01,-7.497691512107849121e-01,-1.025640845298767090e+00,-7.571961879730224609e-01,-8.920822739601135254e-01,-9.173941016197204590e-01,-9.425702095031738281e-01,-9.255241751670837402e-01,-9.392570257186889648e-01
-1.003532528877258301e+00,-9.062067866325378418e-01,-9.443650841712951660e-01,-8.975049853324890137e-01,-6.345089077949523926e-01,-1.020465254783630371e+00,-1.375234127044677734e+00,-7.604851722717285156e-01,-1.097287178039550781e+00,-1.306345224380493164e+00,-1.053297519683837891e+00,-5.895216464996337891e-01,-1.135971307754516602e+00,-1.136242270469665527e+00,-1.200514078140258789e+00,-1.037065625190734863e+00,-6.559683680534362793e-01,-9.323093295097351074e-01,-8.467501997947692871e-01,-8.360541462898254395e-01
-1.051370859146118164e+00,-1.558692455291748047e+00,-1.187524437904357910e+00,-6.593272089958190918e-01,-6.915313601493835449e-01,-6.662073731422424316e-01,-9.537637233734130859e-01,-1.252725601196289062e+00,-9.295001626014709473e-01,-1.268463134765625000e+00,-5.287559628486633301e-01,-5.247935652732849121e-01,-6.530381441116333008e-01,-4.894270598888397217e-01,-1.060348510742187500e+00,-7.146877050399780273e-01,-6.615307927131652832e-01,-9.878882765769958496e-01,-1.149486303329467773e+00,-9.375027418136596680e-01
-9.217051267623901367e-01,-1.094877958297729492e+00,-7.281726598739624023e-01,-1.147957086563110352e+00,-9.905006885528564453e-01,-5.024182200431823730e-01,-1.166890144348144531e+00,-1.278543353080749512e+00,-9.514532685279846191e-01,-1.152397274971008301e+00,-8.365860581398010254e-01,-4.711868166923522949e-01,-9.190870523452758789e-01,-6.737628579139709473e-01,-1.006596565246582031e+00,-8.251653313636779785e-01,-9.778175354003906250e-01,-1.070453763008117676e+00,-6.561780571937561035e-01,-1.019259929656982422e+00
-9.321753382682800293e-01,-8.636967539787292480e-01,-1.075795650482177734e+00,-7.132174372673034668e-01,-9.211142063140869141e-01,-7.443613409996032715e-01,-6.332563757896423340e-01,-9.398506879806518555e-01,-1.120064258575439453e+00,-1.256986618041992188e+00,-9.301434755325317383e-01,-9.033767580986022949e-01,-1.183858990669250488e+00,-1.319978237152099609e+00,-1.212734937667846680e+00,-1.191244721412658691e+00,-1.397345542907714844e+00,-1.110080957412719727e+00,-1.193108558654785156e+00,-8.982565999031066895e-01
-1.480177640914916992e+00,-9.984756708145141602e-01,-7.439383864402770996e-01,-4.673337042331695557e-01,-1.417908310890197754e+00,-6.211145520210266113e-01,-8.519480824470520020e-01,-1.279588103294372559e+00,-7.040166854858398438e-01,-1.076052188873291016e+00,-3.987077176570892334e-01,-4.758515655994415283e-01,-6.626175642013549805e-01,-7.321043014526367188e-01,-7.341324687004089355e-01,-9.179185628890991211e-01,-1.408240914344787598e+00,-9.244439005851745605e-01,-8.744560480117797852e-01,-5.420559048652648926e-01
-9.054643511772155762e-01,-1.046729683876037598e+00,-9.483528733253479004e-01,-1.084334969520568848e+00,-8.825877308845520020e-01,-1.256858348846435547e+00,-7.692244648933410645e-01,-1.215100288391113281e+00,-1.007417201995849609e+00,-8.855357170104980469e-01,-9.138068556785583496e-01,-5.660433769226074219e-01,-6.994041204452514648e-01,-1.112854361534118652e+00,-8.187046647071838379e-01,-1.084337115287780762e+00,-1.530100464820861816e+00,-1.238545179367065430e+00,-6.884856820106506348e-01,-8.494807481765747070e-01
-1.048506975173950195e+00,-8.846051096916198730e-01,-8.776782155036926270e-01,-7.478831410408020020e-01,-9.860249161720275879e-01,-8.524325489997863770e-01,-1.026154160499572754e+00,-1.072586894035339355e+00,-1.032209277153015137e+00,-1.494625687599182129e+00,-9.296954870223999023e-01,-8.536133766174316406e-01,-8.630325198173522949e-01,-9.672511219978332520e-01,-7.979115843772888184e-01,-1.228188157081604004e+00,-8.076125383377075195e-01,-1.401866912841796875e+00,-8.987141251564025879e-01,-1.157815933227539062e+00
-1.076718568801879883e+00,-8.014346361160278320e-01,-8.067219853401184082e-01,-1.397833466529846191e+00,-1.106716990470886230e+00,-5.449405908584594727e-01,-7.252539396286010742e-01,-9.741922616958618164e-01,-9.062679409980773926e-01,-1.007933616638183594e+00,-1.301754951477050781e+00,-7.166979312896728516e-01,-9.002088904380798340e-01,-8.752809166908264160e-01,-9.060856103897094727e-01,-9.220880270004272461e-01,-7.889728546142578125e-01,-1.299664378166198730e+00,-1.008413672447204590e+00,-8.515107631683349609e-01
-5.736818909645080566e-01,-9.202094078063964844e-01,-1.290269136428833008e+00,-7.114883065223693848e-01,-9.445292353630065918e-01,-9.626561999320983887e-01,-1.112537026405334473e+00,-7.348418831825256348e-01,-1.004488945007324219e+00,-1.370083451271057129e+00,-1.218987822532653809e+00,-1.098418951034545898e+00,-9.427140355110168457e-01,-1.021144032478332520e+00,-1.226720333099365234e+00,-1.224252104759216309e+00,-1.261902689933776855e+00,-1.301536202430725098e+00,-5.950300693511962891e-01,-1.189935684204101562e+00
-1.015023708343505859e+00,-9.645099639892578125e-01,-7.501667737960815430e-01,-1.146209478378295898e+00,-6.293486952781677246e-01,-7.080171108245849609e-01,-9.863595366477966309e-01,-1.016893744468688965e+00,-8.560355901718139648e-01,-1.561527848243713379e+00,-1.205838084220886230e+00,-9.512168765068054199e-01,-9.019345045089721680e-01,-1.114051818847656250e+00,-6.120271086692810059e-01,-1.066556811332702637e+00,-1.224427342414855957e+00,-9.428725838661193848e-01,-1.019660711288452148e+00,-1.157141566276550293e+00
-5.665536522865295410e-01,-7.594273686408996582e-01,-1.008579015731811523e+00,-1.223131537437438965e+00,-1.225082516670227051e+00,-8.953759074211120605e-01,-1.122577548027038574e+00,-9.076716899871826172e-01,-8.295723795890808105e-01,-1.166885375976562500e+00,-1.199419021606445312e+00,-5.986784100532531738e-01,-8.509672284126281738e-01,-1.318706750869750977e+00,-3.944113552570343018e-01,-9.523153901100158691e-01,-8.932864665985107422e-01,-1.001115083694458008e+00,-1.103714704513549805e+00,-1.212500214576721191e+00
-1.106280207633972168e+00,-1.097441673278808594e+00,-1.347331285476684570e+00,-8.825700283050537109e-01,-1.123188018798828125e+00,-1.152800202369689941e+00,-7.210694551467895508e-01,-8.530195355415344238e-01,-1.080891370773315430e+00,-1.048792958259582520e+00,-1.111543536186218262e+00,-4.733961224555969238e-01,-8.076897859573364258e-01,-1.340600490570068359e+00,-7.444300055503845215e-01,-8.630131483078002930e-01,-1.122607231140136719e+00,-9.417358040809631348e-01,-6.236347556114196777e-01,-9.474726915359497070e-01
-9.615797996520996094e-01,-7.494809031486511230e-01,-1.240074276924133301e+00,-9.851665496826171875e-01,-6.691687703132629395e-01,-8.100779056549072266e-01,-8.007536530494689941e-01,-1.007877707481384277e+00,-8.646129369735717773e-01,-1.734054088592529297e+00,-1.145707964897155762e+00,-1.074976086616516113e+00,-7.513211965560913086e-01,-9.849709272384643555e-01,-1.176143527030944824e+00,-5.559291243553161621e-01,-7.211621999740600586e-01,-1.166502833366394043e+00,-1.298693060874938965e+00,-7.837517261505126953e-01
-1.143155813217163086e+00,-1.363217234611511230e+00,-6.549978852272033691e-01,-7.005333304405212402e-01,-1.270609974861145020e+00,-9.044125080108642578e-01,-9.506862163543701172e-01,-1.140988349914550781e+00,-8.593255281448364258e-01,-8.909981250762939453e-01,-1.209579586982727051e+00,-1.010710954666137695e+00,-7.007094025611877441e-01,-1.349196434020996094e+00,-4.667989909648895264e-01,-1.143922328948974609e+00,-1.203472375869750977e+00,-1.381039023399353027e+00,-5.872004032135009766e-01,-8.763469457626342773e-01
-9.656524658203125000e-01,-7.094336152076721191e-01,-9.921121597290039062e-01,-9.330710172653198242e-01,-9.729600548744201660e-01,-9.855599403381347656e-01,-8.852357864379882812e-01,-9.877775907516479492e-01,-1.058969616889953613e+00,-1.124128222465515137e+00,-9.508110880851745605e-01,-8.581953644752502441e-01,-6.665150523185729980e-01,-1.348694205284118652e+00,-8.884714245796203613e-01,-5.614740848541259766e-01,-1.053224682807922363e+00,-1.088160753250122070e+00,-9.226181507110595703e-01,-6.135142445564270020e-01
-9.306226372718811035e-01,-1.041099786758422852e+00,-6.484012007713317871e-01,-9.173226952552795410e-01,-9.272418618202209473e-01,-7.785964012145996094e-01,-5.060500502586364746e-01,-1.134506702423095703e+00,-9.353854656219482422e-01,-1.087567687034606934e+00,-6.789772510528564453e-01,-7.812071442604064941e-01,-1.214926838874816895e+00,-1.078085660934448242e+00,-7.065836787223815918e-01,-7.358230352401733398e-01,-7.449383139610290527e-01,-1.158604979515075684e+00,-8.544780015945434570e-01,-1.177480936050415039e+00
-9.422027468681335449e-01,-6.636594533920288086e-01,-1.434828996658325195e+00,-9.665355086326599121e-01,-9.210139513015747070e-01,-6.723693609237670898e-01,-8.412783145904541016e-01,-1.149242043495178223e+00,-1.100425720214843750e+00,-1.341989636421203613e+00,-1.262457847595214844e+00,-1.015987873077392578e+00,-1.121223568916320801e+00,-1.121415615081787109e+00,-5.403819680213928223e-01,-7.717596292495727539e-01,-9.614051580429077148e-01,-1.041780829429626465e+00,-1.205117464065551758e+00,-8.444092273712158203e-01
-9.475073814392089844e-01,-8.381616473197937012e-01,-1.021508812904357910e+00,-6.820943355560302734e-01,-1.267416954040527344e+00,-1.139395236968994141e+00,-9.710587859153747559e-01,-1.366499781608581543e+00,-1.233180642127990723e+00,-1.469446897506713867e+00,-8.537798523902893066e-01,-7.477350831031799316e-01,-1.065908432006835938e+00,-1.161983609199523926e+00,-1.176055312156677246e+00,-9.304509758949279785e-01,-8.920978903770446777e-01,-9.652835130691528320e-01,-9.545885324478149414e-01,-6.829518675804138184e-01
-7.812532186508178711e-01,-1.180131435394287109e+00,-1.112334847450256348e+00,-7.355868816375732422e-01,-5.270470380783081055e-01,-1.116745471954345703e+00,-8.927999138832092285e-01,-1.027643561363220215e+00,-8.485612273216247559e-01,-1.237070798873901367e+00,-6.932372450828552246e-01,-7.601787447929382324e-01,-1.065961122512817383e+00,-7.994500994682312012e-01,-1.119754314422607422e+00,-8.575933575630187988e-01,-7.090341448783874512e-01,-7.343675494194030762e-01,-1.175041079521179199e+00,-8.790068626403808594e-01
-1.150951385498046875e+00,-9.543207883834838867e-01,-9.404944181442260742e-01,-1.062827229499816895e+00,-7.895605564117431641e-01,-1.158317327499389648e+00,-1.057170271873474121e+00,-8.369569182395935059e-01,-1.647568464279174805e+00,-1.516669988632202148e+00,-1.165599465370178223e+00,-1.258828401565551758e+00,-1.025640010833740234e+00,-1.141924381256103516e+00,-6.134960651397705078e-01,-8.291429281234741211e-01,-1.159773588180541992e+00,-1.413188815116882324e+00,-7.974966764450073242e-01,-8.658519387245178223e-01
-1.158217549324035645e+00,-1.161189079284667969e+00,-1.050329089164733887e+00,-1.081698775291442871e+00,-9.107283949851989746e-01,-9.897537827491760254e-01,-5.416175723075866699e-01,-1.204396247863769531e+00,-6.247867345809936523e-01,-8.698045015335083008e-01,-8.984977006912231445e-01,-7.988476753234863281e-01,-6.517555117607116699e-01,-1.247294425964355469e+00,-8.531897664070129395e-01,-9.082632064819335938e-01,-1.276442766189575195e+00,-1.151780486106872559e+00,-9.035382270812988281e-01,-7.960640788078308105e-01
-1.113165736198425293e+00,-1.053375482559204102e+00,-1.335918545722961426e+00,-7.682999372482299805e-01,-1.005399703979492188e+00,-1.386639475822448730e+00,-6.667320132255554199e-01,-8.400856852531433105e-01,-9.642080068588256836e-01,-1.197328329086303711e+00,-1.098349690437316895e+00,-1.028266310691833496e+00,-9.047902822494506836e-01,-9.825096130371093750e-01,-6.946619153022766113e-01,-7.362445592880249023e-01,-8.129143714904785156e-01,-1.036387801170349121e+00,-1.018580436706542969e+00,-1.001294493675231934e+00
-1.033043146133422852e+00,-1.199607133865356445e+00,-7.641426324844360352e-01,-5.387939214706420898e-01,-1.208607435226440430e+00,-8.618254661560058594e-01,-1.139541625976562500e+00,-1.197820186614990234e+00,-1.040711402893066406e+00,-1.251314997673034668e+00,-1.055832386016845703e+00,-1.117532730102539062e+00,-9.400879144668579102e-01,-7.949175238609313965e-01,-9.238156080245971680e-01,-6.548125147819519043e-01,-1.294667720794677734e+00,-1.127555012702941895e+00,-1.173109531402587891e+00,-6.464979648590087891e-01
-9.354338049888610840e-01,-1.120763778686523438e+00,-5.942736268043518066e-01,-1.067443847656250000e+00,-5.463502407073974609e-01,-7.440531253814697266e-01,-7.528229355812072754e-01,-9.365742206573486328e-01,-8.815438747406005859e-01,-8.899844288825988770e-01,-9.666071534156799316e-01,-9.446927905082702637e-01,-9.751720428466796875e-01,-9.099692106246948242e-01,-8.202031254768371582e-01,-9.137521982192993164e-01,-1.139306783676147461e+00,-8.710743784904479980e-01,-4.667009711265563965e-01,-8.368132710456848145e-01
-6.458035111427307129e-01,-1.156873226165771484e+00,-1.193518161773681641e+00,-8.045582175254821777e-01,-4.702030718326568604e-01,-1.293376922607421875e+00,-7.358760833740234375e-01,-1.176705360412597656e+00,-9.520771503448486328e-01,-1.144536972045898438e+00,-7.053567171096801758e-01,-7.496734261512756348e-01,-1.196480751037597656e+00,-7.774255871772766113e-01,-9.533154964447021484e-01,-1.101293683052062988e+00,-1.419547915458679199e+00,-1.136196613311767578e+00,-1.224857687950134277e+00,-9.252461194992065430e-01
-6.297121644020080566e-01,-1.051836133003234863e+00,-9.250045418739318848e-01,-8.371084332466125488e-01,-9.532681703567504883e-01,-1.165567517280578613e+00,-1.046151638031005859e+00,-1.093819022178649902e+00,-6.556763648986816406e-01,-8.364119529724121094e-01,-7.910885214805603027e-01,-8.534228801727294922e-01,-1.251917004585266113e+00,-1.041996240615844727e+00,-1.166916608810424805e+00,-9.674962162971496582e-01,-1.171933054924011230e+00,-9.331455826759338379e-01,-8.580088019371032715e-01,-1.078840494155883789e+00
-7.104836702346801758e-01,-1.072653889656066895e+00,-8.270574808120727539e-01,-7.776544094085693359e-01,-1.076278924942016602e+00,-8.090401291847229004e-01,-9.962799549102783203e-01,-1.019531846046447754e+00,-6.342938542366027832e-01,-1.115314722061157227e+00,-5.416013002395629883e-01,-9.348512887954711914e-01,-7.635062932968139648e-01,-1.165870189666748047e+00,-9.127637743949890137e-01,-9.102345705032348633e-01,-1.022703886032104492e+00,-1.116497516632080078e+00,-1.002316355705261230e+00,-9.816414713859558105e-01
-1.304542064666748047e+00,-7.772497534751892090e-01,-9.154739975929260254e-01,-9.946211576461791992e-01,-8.811602592468261719e-01,-8.066787719726562500e-01,-8.156075477600097656e-01,-1.345602154731750488e+00,-1.058458924293518066e+00,-1.675232768058776855e+00,-1.052277565002441406e+00,-7.849911451339721680e-01,-8.098322749137878418e-01,-1.240616917610168457e+00,-6.039711236953735352e-01,-5.590455532073974609e-01,-1.184016466140747070e+00,-8.407468795776367188e-01,-1.239226102828979492e+00,-9.058107733726501465e-01
-9.083199501037597656e-01,-1.214637398719787598e+00,-9.979489445686340332e-01,-1.064756274223327637e+00,-8.362396955490112305e-01,-7.023916244506835938e-01,-6.421334743499755859e-01,-9.575251340866088867e-01,-1.048094868659973145e+00,-1.221396565437316895e+00,-1.027007937431335449e+00,-6.212369203567504883e-01,-9.437695145606994629e-01,-8.047208189964294434e-01,-7.505163550376892090e-01,-8.081660270690917969e-01,-8.537416458129882812e-01,-1.112685084342956543e+00,-8.959186673164367676e-01,-9.138057231903076172e-01
-9.249067902565002441e-01,-1.242532730102539062e+00,-8.825961947441101074e-01,-1.125283837318420410e+00,-8.436994552612304688e-01,-7.918541431427001953e-01,-8.375495076179504395e-01,-9.817997813224792480e-01,-1.443118453025817871e+00,-1.412526130676269531e+00,-7.335348725318908691e-01,-1.083754777908325195e+00,-1.045850992202758789e+00,-8.192567825317382812e-01,-1.083968877792358398e+00,-6.362220048904418945e-01,-1.049662351608276367e+00,-1.070605874061584473e+00,-9.025933742523193359e-01,-6.008360981941223145e-01
-1.061120867729187012e+00,-1.056525468826293945e+00,-6.460480093955993652e-01,-1.104950189590454102e+00,-5.875744223594665527e-01,-1.198080420494079590e+00,-1.283490538597106934e+00,-9.799819588661193848e-01,-5.653082132339477539e-01,-1.196885585784912109e+00,-8.471242189407348633e-01,-6.056608557701110840e-01,-8.573230504989624023e-01,-1.243009567260742188e+00,-1.076493978500366211e+00,-1.462946534156799316e+00,-8.528850674629211426e-01,-8.383190631866455078e-01,-7.435355186462402344e-01,-9.054092764854431152e-01
-1.140382528305053711e+00,-9.522210359573364258e-01,-6.719268560409545898e-01,-1.166396737098693848e+00,-1.066170334815979004e+00,-4.815278947353363037e-01,-8.428655862808227539e-01,-8.658517599105834961e-01,-1.004287958145141602e+00,-1.225266814231872559e+00,-1.074894428253173828e+00,-1.186620712280273438e+00,-9.875899553298950195e-01,-9.942700862884521484e-01,-1.155701518058776855e+00,-9.772905111312866211e-01,-9.816309809684753418e-01,-1.178715348243713379e+00,-1.244276285171508789e+00,-4.298081099987030029e-01
-9.040459990501403809e-01,-6.547167301177978516e-01,-1.096010327339172363e+00,-8.005659580230712891e-01,-1.087380766868591309e+00,-6.179212331771850586e-01,-1.032792329788208008e+00,-1.050166249275207520e+00,-1.101423740386962891e+00,-8.926109671592712402e-01,-8.593032956123352051e-01,-1.160915970802307129e+00,-1.073640823364257812e+00,-6.987261176109313965e-01,-7.755375504493713379e-01,-7.455242276191711426e-01,-9.370386600494384766e-01,-9.691990613937377930e-01,-8.605018258094787598e-01,-1.073926806449890137e+00
-1.108637690544128418e+00,-8.506707549095153809e-01,-7.546998858451843262e-01,-1.110272884368896484e+00,-8.555893898010253906e-01,-5.808357000350952148e-01,-8.553209900856018066e-01,-1.190469145774841309e+00,-1.048100948333740234e+00,-1.154659152030944824e+00,-6.440644264221191406e-01,-1.302392959594726562e+00,-9.746959209442138672e-01,-1.375696063041687012e+00,-7.244705557823181152e-01,-6.343678236007690430e-01,-9.846831560134887695e-01,-1.010229587554931641e+00,-1.029995918273925781e+00,-8.107179403305053711e-01
-1.153013348579406738e+00,-1.210934996604919434e+00,-1.161528706550598145e+00,-1.294545292854309082e+00,-1.205505847930908203e+00,-6.374217867851257324e-01,-8.876258730888366699e-01,-9.958800077438354492e-01,-8.685792684555053711e-01,-1.221961379051208496e+00,-9.897519946098327637e-01,-9.460793137550354004e-01,-1.138220548629760742e+00,-9.276165962219238281e-01,-8.511129021644592285e-01,-1.085657835006713867e+00,-8.138872385025024414e-01,-9.293268918991088867e-01,-8.723422884941101074e-01,-9.537497162818908691e-01
-9.937162995338439941e-01,-8.276303410530090332e-01,-9.760431647300720215e-01,-6.890075802803039551e-01,-9.310541152954101562e-01,-6.582152247428894043e-01,-8.648580312728881836e-01,-1.297695040702819824e+00,-1.107891082763671875e+00,-1.237234473228454590e+00,-1.103720307350158691e+00,-7.787929177284240723e-01,-9.457527995109558105e-01,-1.179640531539916992e+00,-9.529991149902343750e-01,-8.997435569763183594e-01,-1.363357186317443848e+00,-1.063320159912109375e+00,-1.166166424751281738e+00,-5.680748820304870605e-01
-9.178134799003601074e-01,-6.011805534362792969e-01,-1.050176024436950684e+00,-1.113390326499938965e+00,-1.108442544937133789e+00,-7.875412106513977051e-01,-6.926324367523193359e-01,-9.392977356910705566e-01,-7.758539319038391113e-01,-1.294310927391052246e+00,-1.044175028800964355e+00,-1.014392733573913574e+00,-8.953434228897094727e-01,-1.029832720756530762e+00,-9.436980485916137695e-01,-1.219950556755065918e+00,-1.397314310073852539e+00,-1.135185122489929199e+00,-1.219659924507141113e+00,-7.065856456756591797e-01
-7.623645067214965820e-01,-4.493904709815979004e-01,-9.298366904258728027e-01,-8.594284057617187500e-01,-7.692318558692932129e-01,-1.336990237236022949e+00,-1.175628542900085449e+00,-8.353668451309204102e-01,-1.214102029800415039e+00,-1.083284258842468262e+00,-1.184778332710266113e+00,-7.944856882095336914e-01,-6.148175597190856934e-01,-1.171593546867370605e+00,-1.050353407859802246e+00,-1.152427911758422852e+00,-1.087829232215881348e+00,-1.111923575401306152e+00,-1.078704953193664551e+00,-6.113928556442260742e-01
-9.192501902580261230e-01,-1.179717898368835449e+00,-9.597892165184020996e-01,-1.167508125305175781e+00,-9.511770606040954590e-01,-1.038620948791503906e+00,-5.886692404747009277e-01,-1.063152313232421875e+00,-8.014343976974487305e-01,-8.949899673461914062e-01,-7.414351701736450195e-01,-1.012611150741577148e+00,-7.479894161224365234e-01,-9.513310194015502930e-01,-8.171324729919433594e-01,-9.526706933975219727e-01,-1.009784936904907227e+00,-1.085316538810729980e+00,-8.916939496994018555e-01,-8.604736328125000000e-01
-6.185883879661560059e-01,-9.788470268249511719e-01,-1.117854833602905273e+00,-9.412331581115722656e-01,-5.053815841674804688e-01,-1.065072536468505859e+00,-5.980671644210815430e-01,-1.133145689964294434e+00,-1.068307995796203613e+00,-1.048460006713867188e+00,-9.228505492210388184e-01,-8.829980492591857910e-01,-8.949909210205078125e-01,-1.481640934944152832e+00,-1.061722159385681152e+00,-8.233541250228881836e-01,-6.966668367385864258e-01,-1.276967525482177734e+00,-5.508600473403930664e-01,-8.752129077911376953e-01
-8.519995212554931641e-01,-6.793485879898071289e-01,-1.329723834991455078e+00,-1.256278872489929199e+00,-9.950833320617675781e-01,-1.020067095756530762e+00,-1.034232497215270996e+00,-7.519297003746032715e-01,-1.169255018234252930e+00,-8.409173488616943359e-01,-1.341229915618896484e+00,-9.775664210319519043e-01,-1.256776809692382812e+00,-5.699731111526489258e-01,-1.064848542213439941e+00,-8.500542640686035156e-01,-1.299247503280639648e+00,-1.031574726104736328e+00,-7.435410022735595703e-01,-8.985026478767395020e-01
-8.280678987503051758e-01,-1.295218110084533691e+00,-1.112228631973266602e+00,-9.766580462455749512e-01,-7.872453331947326660e-01,-1.114692687988281250e+00,-8.963372111320495605e-01,-1.273595571517944336e+00,-6.916242837905883789e-01,-1.180872082710266113e+00,-1.255114436149597168e+00,-9.720494151115417480e-01,-1.021770715713500977e+00,-9.906716942787170410e-01,-1.220250964164733887e+00,-1.160367369651794434e+00,-1.327133893966674805e+00,-1.190598130226135254e+00,-7.027198672294616699e-01,-4.264726042747497559e-01
-1.014162659645080566e+00,-1.349687576293945312e+00,-7.837899327278137207e-01,-1.084125161170959473e+00,-8.394965529441833496e-01,-6.750968098640441895e-01,-1.000538229942321777e+00,-1.075449943542480469e+00,-7.733842134475708008e-01,-1.132262945175170898e+00,-8.711019754409790039e-01,-5.891195535659790039e-01,-3.522375822067260742e-01,-7.036784887313842773e-01,-8.300799131393432617e-01,-9.305337071418762207e-01,-8.601380586624145508e-01,-9.908123612403869629e-01,-7.859812378883361816e-01,-9.508027434349060059e-01
-7.876775860786437988e-01,-1.163948535919189453e+00,-1.009472727775573730e+00,-7.895984053611755371e-01,-9.785131216049194336e-01,-9.376870989799499512e-01,-9.281736016273498535e-01,-1.103557586669921875e+00,-1.113818883895874023e+00,-1.583608388900756836e+00,-1.088422417640686035e+00,-1.000747323036193848e+00,-5.970012545585632324e-01,-7.684898376464843750e-01,-8.607144355773925781e-01,-1.074348568916320801e+00,-7.176255583763122559e-01,-1.046962499618530273e+00,-1.038454055786132812e+00,-3.710652887821197510e-01
-1.188600420951843262e+00,-8.941150307655334473e-01,-8.780662417411804199e-01,-1.384268045425415039e+00,-7.051339745521545410e-01,-9.496059417724609375e-01,-8.207172155380249023e-01,-8.384033441543579102e-01,-1.124253273010253906e+00,-1.014947056770324707e+00,-6.481142044067382812e-01,-1.165179133415222168e+00,-9.248639345169067383e-01,-7.414053082466125488e-01,-1.193579912185668945e+00,-9.431264996528625488e-01,-1.079460501670837402e+00,-9.370635151863098145e-01,-1.024152398109436035e+00,-6.279391050338745117e-01
-8.418834209442138672e-01,-1.218114018440246582e+00,-9.297263622283935547e-01,-1.076121330261230469e+00,-1.239401817321777344e+00,-9.820502400398254395e-01,-8.046146631240844727e-01,-1.056499361991882324e+00,-7.420127987861633301e-01,-9.464468955993652344e-01,-1.114821672439575195e+00,-1.036209344863891602e+00,-1.161785244941711426e+00,-1.061256766319274902e+00,-6.869924664497375488e-01,-1.054375767707824707e+00,-8.718673586845397949e-01,-1.014171957969665527e+00,-8.667863607406616211e-01,-1.062960743904113770e+00
-9.574561715126037598e-01,-9.474105834960937500e-01,-1.103557467460632324e+00,-6.840893626213073730e-01,-7.490940093994140625e-01,-8.877900838851928711e-01,-8.410648107528686523e-01,-1.488371729850769043e+00,-1.011049628257751465e+00,-5.721980333328247070e-01,-5.441653132438659668e-01,-9.301391839981079102e-01,-1.121474504470825195e+00,-1.214227199554443359e+00,-1.171875953674316406e+00,-1.064996480941772461e+00,-1.109166741371154785e+00,-1.198456287384033203e+00,-1.023973584175109863e+00,-1.036815404891967773e+00
-6.890263557434082031e-01,-1.174353361129760742e+00,-1.141848683357238770e+00,-7.418919205665588379e-01,-8.256769776344299316e-01,-1.077305674552917480e+00,-1.092290163040161133e+00,-8.270410299301147461e-01,-9.594451189041137695e-01,-1.300576567649841309e+00,-1.322526454925537109e+00,-9.789386391639709473e-01,-1.164472103118896484e+00,-6.570743918418884277e-01,-8.133081197738647461e-01,-9.924572706222534180e-01,-1.274671196937561035e+00,-1.347315907478332520e+00,-5.247052907943725586e-01,-1.114413142204284668e+00
-9.122283458709716797e-01,-8.589066267013549805e-01,-8.304050564765930176e-01,-7.746662497520446777e-01,-6.524369716644287109e-01,-9.453550577163696289e-01,-8.750398159027099609e-01,-1.024350047111511230e+00,-9.867638349533081055e-01,-9.812408685684204102e-01,-1.180316448211669922e+00,-3.928370773792266846e-01,-8.138530254364013672e-01,-1.084426283836364746e+00,-9.081842303276062012e-01,-8.809095621109008789e-01,-8.334801197052001953e-01,-1.187341094017028809e+00,-6.742217540740966797e-01,-7.732307314872741699e-01
-1.204482197761535645e+00,-8.737415671348571777e-01,-9.941474795341491699e-01,-6.764460206031799316e-01,-8.729544281959533691e-01,-8.989099860191345215e-01,-1.222307562828063965e+00,-1.296773076057434082e+00,-9.290381669998168945e-01,-1.414489984512329102e+00,-1.071977972984313965e+00,-8.462703227996826172e-01,-9.961642622947692871e-01,-1.211363554000854492e+00,-9.659162759780883789e-01,-9.818117618560791016e-01,-9.026250243186950684e-01,-1.276894569396972656e+00,-8.403913974761962891e-01,-9.236717820167541504e-01
-1.388659000396728516e+00,-8.624131083488464355e-01,-1.050696492195129395e+00,-8.821235895156860352e-01,-8.015411496162414551e-01,-8.796955347061157227e-01,-1.004486680030822754e+00,-1.501602411270141602e+00,-1.250538468360900879e+00,-1.359388709068298340e+00,-6.131186485290527344e-01,-7.389346957206726074e-01,-1.199853420257568359e+00,-1.148046374320983887e+00,-8.848041892051696777e-01,-8.966515660285949707e-01,-8.002810478210449219e-01,-1.322057723999023438e+00,-1.085426926612854004e+00,-1.078528761863708496e+00
-8.122358322143554688e-01,-6.729726791381835938e-01,-9.145378470420837402e-01,-9.867487549781799316e-01,-6.962965130805969238e-01,-6.184414029121398926e-01,-1.140103459358215332e+00,-1.034048199653625488e+00,-9.395750761032104492e-01,-1.018633246421813965e+00,-1.206249237060546875e+00,-9.072907567024230957e-01,-8.158323764801025391e-01,-1.337346315383911133e+00,-1.004519343376159668e+00,-1.103871941566467285e+00,-1.246044993400573730e+00,-8.435208201408386230e-01,-9.609651565551757812e-01,-8.458737730979919434e-01
-8.761284947395324707e-01,-1.088682055473327637e+00,-7.339043021202087402e-01,-7.439240217208862305e-01,-1.117802739143371582e+00,-9.242262244224548340e-01,-9.017012715339660645e-01,-1.155552148818969727e+00,-7.623974084854125977e-01,-1.550038456916809082e+00,-1.343974947929382324e+00,-6.320225000381469727e-01,-9.806848168373107910e-01,-1.213110089302062988e+00,-6.005500555038452148e-01,-1.014102578163146973e+00,-1.016825914382934570e+00,-1.015949249267578125e+00,-9.647464752197265625e-01,-8.467637896537780762e-01
-6.435241699218750000e-01,-1.087365031242370605e+00,-7.294400930404663086e-01,-1.419095158576965332e+00,-8.143907189369201660e-01,-1.159485340118408203e+00,-4.662790000438690186e-01,-1.422070145606994629e+00,-7.615178823471069336e-01,-1.385702490806579590e+00,-5.420922040939331055e-01,-9.537189602851867676e-01,-1.412187218666076660e+00,-6.783074736595153809e-01,-7.368054389953613281e-01,-5.419228672981262207e-01,-1.175192356109619141e+00,-6.570289134979248047e-01,-1.092930555343627930e+00,-1.027027487754821777e+00
-7.995170354843139648e-01,-1.099727869033813477e+00,-8.875054121017456055e-01,-1.195853590965270996e+00,-7.411845922470092773e-01,-8.948537111282348633e-01,-9.423263072967529297e-01,-1.142057895660400391e+00,-1.023544549942016602e+00,-2.032487154006958008e+00,-1.396195530891418457e+00,-8.699612021446228027e-01,-7.831736207008361816e-01,-1.032077312469482422e+00,-9.780080914497375488e-01,-1.004773020744323730e+00,-1.490924477577209473e+00,-9.064695835113525391e-01,-6.538980007171630859e-01,-9.093042016029357910e-01
-1.047913432121276855e+00,-9.953821301460266113e-01,-1.162728905677795410e+00,-9.234766364097595215e-01,-1.097543001174926758e+00,-9.145190119743347168e-01,-9.476112723350524902e-01,-1.071046471595764160e+00,-9.313695430755615234e-01,-1.517853379249572754e+00,-1.095230102539062500e+00,-9.762359261512756348e-01,-6.749931573867797852e-01,-1.099342107772827148e+00,-8.237788081169128418e-01,-1.148404836654663086e+00,-1.188812851905822754e+00,-9.737780690193176270e-01,-9.071779251098632812e-01,-1.176240801811218262e+00
-1.178775310516357422e+00,-1.174763441085815430e+00,-1.116369009017944336e+00,-9.146365523338317871e-01,-8.368280529975891113e-01,-9.364945888519287109e-01,-7.092986106872558594e-01,-8.309075236320495605e-01,-6.550365686416625977e-01,-1.267289876937866211e+00,-7.612052559852600098e-01,-3.404456377029418945e-01,-6.118225455284118652e-01,-1.068101882934570312e+00,-9.976921081542968750e-01,-7.065782546997070312e-01,-1.069448471069335938e+00,-1.012690901756286621e+00,-8.273910880088806152e-01,-9.680837392807006836e-01
-2.454453259706497192e-01,-1.225240468978881836e+00,-9.750968813896179199e-01,-6.718318462371826172e-01,-7.377652525901794434e-01,-1.148720622062683105e+00,-8.423886299133300781e-01,-9.571471810340881348e-01,-9.796543717384338379e-01,-1.199849009513854980e+00,-8.723149299621582031e-01,-8.786067366600036621e-01,-8.849759101867675781e-01,-1.412284612655639648e+00,-9.704397916793823242e-01,-9.169049263000488281e-01,-1.035137653350830078e+00,-1.216387748718261719e+00,-9.963913559913635254e-01,-1.016658067703247070e+00
-1.298976182937622070e+00,-6.173880696296691895e-01,-1.222718596458435059e+00,-1.202375650405883789e+00,-1.008561253547668457e+00,-7.728571891784667969e-01,-8.224201798439025879e-01,-9.077025055885314941e-01,-9.868016839027404785e-01,-1.066032290458679199e+00,-8.398415446281433105e-01,-7.868528962135314941e-01,-1.142560362815856934e+00,-8.807703852653503418e-01,-7.014196515083312988e-01,-1.108662724494934082e+00,-9.150723814964294434e-01,-1.041325449943542480e+00,-9.396299719810485840e-01,-1.061665773391723633e+00
-9.861500859260559082e-01,-7.030281424522399902e-01,-5.203397870063781738e-01,-1.124300837516784668e+00,-1.098461747169494629e+00,-1.162056684494018555e+00,-7.697003483772277832e-01,-9.222474694252014160e-01,-7.321116924285888672e-01,-9.591609239578247070e-01,-1.144909262657165527e+00,-1.008434414863586426e+00,-5.940786600112915039e-01,-8.692538738250732422e-01,-8.147082328796386719e-01,-1.065850138664245605e+00,-1.333085536956787109e+00,-1.023164153099060059e+00,-8.797882199287414551e-01,-8.867756724357604980e-01
-9.563090205192565918e-01,-7.671889066696166992e-01,-1.065837979316711426e+00,-1.022900104522705078e+00,-1.103553891181945801e+00,-7.096754312515258789e-01,-8.095641136169433594e-01,-9.344868659973144531e-01,-8.683916926383972168e-01,-1.456796646118164062e+00,-1.149349570274353027e+00,-9.387627243995666504e-01,-9.383170604705810547e-01,-9.849984049797058105e-01,-6.698595285415649414e-01,-1.146363139152526855e+00,-1.117115378379821777e+00,-1.505291819572448730e+00,-3.942027688026428223e-01,-1.196481227874755859e+00
-6.536914706230163574e-01,-1.148690104484558105e+00,-7.897243499755859375e-01,-1.027543783187866211e+00,-1.197388768196105957e+00,-6.454685926437377930e-01,-8.566046953201293945e-01,-1.239773511886596680e+00,-1.156262636184692383e+00,-1.236517310142517090e+00,-9.230021238327026367e-01,-9.933290481567382812e-01,-9.730700254440307617e-01,-1.186027646064758301e+00,-1.100548148155212402e+00,-1.162044525146484375e+00,-9.503985643386840820e-01,-1.275639295578002930e+00,-8.259963989257812500e-01,-6.899579167366027832e-01
-1.297376632690429688e+00,-8.513929843902587891e-01,-7.612455487251281738e-01,-1.150377988815307617e+00,-1.031363248825073242e+00,-6.866219639778137207e-01,-4.768846333026885986e-01,-7.090614438056945801e-01,-1.090517163276672363e+00,-1.264999032020568848e+00,-1.214194297790527344e+00,-9.669938683509826660e-01,-9.433038830757141113e-01,-8.982691764831542969e-01,-1.053938388824462891e+00,-9.140613079071044922e-01,-1.264186620712280273e+00,-8.431242704391479492e-01,-6.553968787193298340e-01,-8.073468208312988281e-01
-1.339070439338684082e+00,-8.583529591560363770e-01,-5.688576102256774902e-01,-6.236630678176879883e-01,-1.077624678611755371e+00,-8.553983569145202637e-01,-8.750359416007995605e-01,-1.370438814163208008e+00,-1.062195539474487305e+00,-1.303445339202880859e+00,-8.056405782699584961e-01,-9.062308073043823242e-01,-1.059353232383728027e+00,-9.336819648742675781e-01,-7.075348496437072754e-01,-6.101461052894592285e-01,-1.358880996704101562e+00,-1.237691283226013184e+00,-7.251181602478027344e-01,-5.836087465286254883e-01
-1.017908573150634766e+00,-7.999845147132873535e-01,-1.395790219306945801e+00,-7.997617721557617188e-01,-9.375616312026977539e-01,-5.701010823249816895e-01,-1.017974615097045898e+00,-6.155560612678527832e-01,-9.486100077629089355e-01,-9.611898064613342285e-01,-7.177694439888000488e-01,-7.282992005348205566e-01,-3.299892544746398926e-01,-8.076133728027343750e-01,-1.046387553215026855e+00,-1.036847352981567383e+00,-1.058061957359313965e+00,-8.984792828559875488e-01,-1.690720081329345703e+00,-1.031913995742797852e+00
-7.421179413795471191e-01,-9.525668621063232422e-01,-8.907736539840698242e-01,-1.040743470191955566e+00,-9.790081381797790527e-01,-6.985498666763305664e-01,-9.226807951927185059e-01,-1.215560436248779297e+00,-9.967523217201232910e-01,-1.166140794754028320e+00,-1.113280534744262695e+00,-8.369780182838439941e-01,-8.119258880615234375e-01,-1.310488462448120117e+00,-9.094402194023132324e-01,-1.030819535255432129e+00,-9.892160892486572266e-01,-8.401327729225158691e-01,-8.754096031188964844e-01,-8.992594480514526367e-01
-1.357654213905334473e+00,-1.246511340141296387e+00,-9.554452300071716309e-01,-9.656879901885986328e-01,-8.711368441581726074e-01,-9.319721460342407227e-01,-6.120398640632629395e-01,-8.486332297325134277e-01,-6.343276500701904297e-01,-1.044699192047119141e+00,-9.430170059204101562e-01,-8.028246760368347168e-01,-8.518974184989929199e-01,-9.338936209678649902e-01,-7.655065655708312988e-01,-9.435778856277465820e-01,-1.201780915260314941e+00,-8.215640187263488770e-01,-1.247356057167053223e+00,-1.131196260452270508e+00
-1.330665826797485352e+00,-7.948126196861267090e-01,-1.219628930091857910e+00,-8.359721899032592773e-01,-9.177882075309753418e-01,-1.352178931236267090e+00,-1.431419491767883301e+00,-9.204924702644348145e-01,-1.100305080413818359e+00,-9.778645038604736328e-01,-8.048551678657531738e-01,-9.800308942794799805e-01,-8.390344977378845215e-01,-1.078433275222778320e+00,-6.908582448959350586e-01,-9.032571315765380859e-01,-9.936403632164001465e-01,-1.185773253440856934e+00,-1.161217927932739258e+00,-1.047540664672851562e+00
-1.042259097099304199e+00,-1.102378249168395996e+00,-9.528112411499023438e-01,-1.293110966682434082e+00,-9.831217527389526367e-01,-6.553015112876892090e-01,-1.082713365554809570e+00,-9.553651213645935059e-01,-6.669432520866394043e-01,-1.208807945251464844e+00,-8.582654595375061035e-01,-7.414063215255737305e-01,-1.151776194572448730e+00,-1.011588573455810547e+00,-1.023351669311523438e+00,-6.562002897262573242e-01,-1.176786065101623535e+00,-1.170425772666931152e+00,-8.584225177764892578e-01,-1.179388165473937988e+00
-1.279707312583923340e+00,-8.953740596771240234e-01,-7.625778913497924805e-01,-1.066772580146789551e+00,-1.190649032592773438e+00,-7.430706620216369629e-01,-1.194331765174865723e+00,-1.077075004577636719e+00,-1.077382802963256836e+00,-1.049571156501770020e+00,-6.212998628616333008e-01,-5.689069032669067383e-01,-9.146032333374023438e-01,-1.329260468482971191e+00,-1.177263975143432617e+00,-1.373601913452148438e+00,-1.352437496185302734e+00,-6.023581624031066895e-01,-1.365975856781005859e+00,-9.854419827461242676e-01
-1.133118152618408203e+00,-6.752296686172485352e-01,-1.077801585197448730e+00,-7.890638709068298340e-01,-8.414614200592041016e-01,-8.826379179954528809e-01,-1.149263978004455566e+00,-7.854461669921875000e-01,-1.084792494773864746e+00,-1.072632670402526855e+00,-1.128319382667541504e+00,-1.299537777900695801e+00,-1.051026821136474609e+00,-1.190191745758056641e+00,-8.508485555648803711e-01,-7.915802001953125000e-01,-1.000599145889282227e+00,-1.093797683715820312e+00,-9.361908435821533203e-01,-1.008157134056091309e+00
-6.798692345619201660e-01,-1.167763829231262207e+00,-1.131792664527893066e+00,-1.250535607337951660e+00,-6.622374057769775391e-01,-9.371054768562316895e-01,-1.041098475456237793e+00,-1.111003518104553223e+00,-1.019435644149780273e+00,-1.349141955375671387e+00,-9.127008318901062012e-01,-5.591360926628112793e-01,-9.037605524063110352e-01,-1.212517619132995605e+00,-7.696051597595214844e-01,-8.576717376708984375e-01,-1.052855730056762695e+00,-1.216799378395080566e+00,-1.004662990570068359e+00,-9.200292825698852539e-01
-6.978421807289123535e-01,-1.264825701713562012e+00,-1.038491606712341309e+00,-9.093018770217895508e-01,-7.483031749725341797e-01,-8.668877482414245605e-01,-8.527706861495971680e-01,-1.407771229743957520e+00,-1.223882317543029785e+00,-9.941326975822448730e-01,-1.246690392494201660e+00,-9.740809202194213867e-01,-1.035657048225402832e+00,-5.916572809219360352e-01,-1.386784315109252930e+00,-1.040186643600463867e+00,-1.007439970970153809e+00,-9.217372536659240723e-01,-1.220021963119506836e+00,-9.925977587699890137e-01
-7.886428833007812500e-01,-1.160444498062133789e+00,-7.756484746932983398e-01,-6.351525187492370605e-01,-6.823861002922058105e-01,-9.425023794174194336e-01,-8.912076354026794434e-01,-7.290492653846740723e-01,-1.276923775672912598e+00,-1.303706169128417969e+00,-8.236393332481384277e-01,-1.102349996566772461e+00,-1.031491041183471680e+00,-1.137445449829101562e+00,-8.951329588890075684e-01,-8.343631625175476074e-01,-7.225371599197387695e-01,-1.332557678222656250e+00,-1.352452754974365234e+00,-8.537309765815734863e-01
-6.788792014122009277e-01,-7.856342792510986328e-01,-9.968122839927673340e-01,-9.733741283416748047e-01,-6.150639057159423828e-01,-9.977381825447082520e-01,-7.931247353553771973e-01,-7.576131224632263184e-01,-1.439507961273193359e+00,-1.165452480316162109e+00,-9.724764227867126465e-01,-8.695762753486633301e-01,-8.023304939270019531e-01,-1.010796308517456055e+00,-8.447929024696350098e-01,-1.277633547782897949e+00,-8.728809356689453125e-01,-1.201123714447021484e+00,-1.008049011230468750e+00,-5.777974724769592285e-01
-1.041045665740966797e+00,-7.434046268463134766e-01,-8.397033214569091797e-01,-8.845040798187255859e-01,-9.242683649063110352e-01,-1.087392807006835938e+00,-6.657426953315734863e-01,-1.190352320671081543e+00,-6.548162102699279785e-01,-1.325322628021240234e+00,-6.342310905456542969e-01,-7.189720273017883301e-01,-7.891890406608581543e-01,-9.712266325950622559e-01,-5.926259160041809082e-01,-9.655154943466186523e-01,-8.054825663566589355e-01,-1.155672073364257812e+00,-1.104836940765380859e+00,-8.615537285804748535e-01
-1.084728479385375977e+00,-9.296849370002746582e-01,-5.801815390586853027e-01,-9.412505030632019043e-01,-8.861862421035766602e-01,-7.526487708091735840e-01,-9.227279424667358398e-01,-1.238710999488830566e+00,-1.001130938529968262e+00,-6.159886717796325684e-01,-1.196557641029357910e+00,-9.460377097129821777e-01,-1.309641718864440918e+00,-1.073253870010375977e+00,-7.233416438102722168e-01,-8.196283578872680664e-01,-9.923785328865051270e-01,-1.079419016838073730e+00,-7.945635318756103516e-01,-1.229243874549865723e+00
-1.133670568466186523e+00,-1.262408852577209473e+00,-1.003356933593750000e+00,-8.861698508262634277e-01,-8.868991136550903320e-01,-5.702566504478454590e-01,-7.261176705360412598e-01,-1.109452247619628906e+00,-1.207920789718627930e+00,-1.193863987922668457e+00,-9.420197010040283203e-01,-5.698417425155639648e-01,-7.534569501876831055e-01,-1.358732819557189941e+00,-8.274226784706115723e-01,-1.147822976112365723e+00,-8.504123687744140625e-01,-1.213705062866210938e+00,-1.432009100914001465e+00,-9.039607644081115723e-01
-1.170576333999633789e+00,-1.225078105926513672e+00,-8.000678420066833496e-01,-9.608659744262695312e-01,-6.754828691482543945e-01,-9.303709864616394043e-01,-9.532902836799621582e-01,-8.835327625274658203e-01,-1.125393390655517578e+00,-1.042711615562438965e+00,-1.299771428108215332e+00,-7.890415191650390625e-01,-8.370758891105651855e-01,-1.174346566200256348e+00,-1.210583806037902832e+00,-7.955054640769958496e-01,-9.092611670494079590e-01,-8.871648311614990234e-01,-1.015758514404296875e+00,-9.829610586166381836e-01
-9.957166910171508789e-01,-8.368785381317138672e-01,-8.515900969505310059e-01,-1.249159693717956543e+00,-7.711781263351440430e-01,-7.806437015533447266e-01,-9.339585304260253906e-01,-6.529638171195983887e-01,-9.411222934722900391e-01,-9.097895622253417969e-01,-1.287473917007446289e+00,-1.104581475257873535e+00,-4.825128614902496338e-01,-1.395203113555908203e+00,-7.333890199661254883e-01,-9.867084622383117676e-01,-1.119994997978210449e+00,-8.621284365653991699e-01,-1.375542283058166504e+00,-1.022733449935913086e+00
-1.030467867851257324e+00,-1.166796803474426270e+00,-1.140818595886230469e+00,-1.062105655670166016e+00,-1.004926562309265137e+00,-7.750735282897949219e-01,-6.309809684753417969e-01,-1.320944070816040039e+00,-7.462829947471618652e-01,-1.238306403160095215e+00,-1.099538207054138184e+00,-1.166821837425231934e+00,-5.923709869384765625e-01,-1.183223009109497070e+00,-7.884707450866699219e-01,-9.154440164566040039e-01,-7.742419838905334473e-01,-8.750954270362854004e-01,-1.259689331054687500e+00,-8.353035449981689453e-01
-6.916233897209167480e-01,-1.004274129867553711e+00,-1.274565458297729492e+00,-8.957872986793518066e-01,-9.048706293106079102e-01,-6.872672438621520996e-01,-6.934944391250610352e-01,-1.094473838806152344e+00,-7.045128345489501953e-01,-1.092040300369262695e+00,-1.101568818092346191e+00,-1.112935543060302734e+00,-1.235729455947875977e+00,-7.960747480392456055e-01,-1.162335515022277832e+00,-1.035323858261108398e+00,-9.149581193923950195e-01,-9.913368225097656250e-01,-9.359149336814880371e-01,-9.909896254539489746e-01
-7.209851145744323730e-01,-8.813919425010681152e-01,-7.891722917556762695e-01,-1.017770171165466309e+00,-1.091917037963867188e+00,-7.350723147392272949e-01,-7.229367494583129883e-01,-1.221173405647277832e+00,-1.013734459877014160e+00,-9.412873983383178711e-01,-1.019815206527709961e+00,-8.489137291908264160e-01,-6.736183762550354004e-01,-9.274786114692687988e-01,-6.633856296539306641e-01,-8.227794766426086426e-01,-8.355892300605773926e-01,-1.210894346237182617e+00,-1.247981905937194824e+00,-1.297115325927734375e+00
-9.631083607673645020e-01,-1.415303230285644531e+00,-1.116171598434448242e+00,-9.154218435287475586e-01,-6.460964679718017578e-01,-1.031918048858642578e+00,-9.592432379722595215e-01,-1.196083307266235352e+00,-8.724529147148132324e-01,-1.045795321464538574e+00,-9.680819511413574219e-01,-6.911111474037170410e-01,-7.606606483459472656e-01,-8.758632540702819824e-01,-1.341611266136169434e+00,-1.310907483100891113e+00,-1.316665172576904297e+00,-1.039759635925292969e+00,-9.576601982116699219e-01,-9.312318563461303711e-01
-1.100833892822265625e+00,-1.207496404647827148e+00,-9.435311555862426758e-01,-9.113550186157226562e-01,-1.064432501792907715e+00,-9.501506686210632324e-01,-1.094075679779052734e+00,-1.157377600669860840e+00,-9.939802289009094238e-01,-1.370534181594848633e+00,-7.878073453903198242e-01,-9.950198531150817871e-01,-1.217898130416870117e+00,-9.188572764396667480e-01,-9.093753099441528320e-01,-9.215487837791442871e-01,-1.054880619049072266e+00,-8.874422907829284668e-01,-1.077704906463623047e+00,-6.663906574249267578e-01
-1.021541237831115723e+00,-1.044568419456481934e+00,-9.646883010864257812e-01,-8.724505305290222168e-01,-1.144943594932556152e+00,-6.571922898292541504e-01,-1.039749026298522949e+00,-1.028432130813598633e+00,-1.156771540641784668e+00,-1.214261651039123535e+00,-1.164865851402282715e+00,-6.340238451957702637e-01,-1.048784375190734863e+00,-7.679844498634338379e-01,-1.077216982841491699e+00,-1.009934544563293457e+00,-9.000380635261535645e-01,-1.113493561744689941e+00,-9.975302815437316895e-01,-6.921972036361694336e-01
-7.688279151916503906e-01,-1.404013156890869141e+00,-1.286434173583984375e+00,-1.094190001487731934e+00,-8.942560553550720215e-01,-9.847621917724609375e-01,-1.106146574020385742e+00,-6.297032833099365234e-01,-1.003576517105102539e+00,-1.106959581375122070e+00,-6.852031946182250977e-01,-8.879670500755310059e-01,-8.741695880889892578e-01,-8.386823534965515137e-01,-9.225413203239440918e-01,-7.795652747154235840e-01,-1.181768655776977539e+00,-9.401577115058898926e-01,-1.259666204452514648e+00,-1.106929063796997070e+00
-7.647227048873901367e-01,-5.712119340896606445e-01,-1.152698159217834473e+00,-1.332621812820434570e+00,-1.017383217811584473e+00,-6.862649917602539062e-01,-9.154395461082458496e-01,-1.040058732032775879e+00,-8.017687797546386719e-01,-1.380205869674682617e+00,-6.006118655204772949e-01,-9.161403179168701172e-01,-9.886716604232788086e-01,-1.318288326263427734e+00,-1.174069643020629883e+00,-9.920623302459716797e-01,-1.228992462158203125e+00,-7.465535998344421387e-01,-1.264777064323425293e+00,-8.249095678329467773e-01
-9.745569825172424316e-01,-9.675706028938293457e-01,-6.475818753242492676e-01,-8.953521847724914551e-01,-9.776195287704467773e-01,-8.848654031753540039e-01,-1.016529917716979980e+00,-1.000609636306762695e+00,-1.254921436309814453e+00,-6.997882723808288574e-01,-9.351310133934020996e-01,-8.716388344764709473e-01,-8.334807157516479492e-01,-1.081918478012084961e+00,-1.020152926445007324e+00,-9.907653331756591797e-01,-1.135192036628723145e+00,-9.261593818664550781e-01,-1.021987557411193848e+00,-7.625380754470825195e-01
-1.154845952987670898e+00,-6.386027336120605469e-01,-9.469786286354064941e-01,-1.261707544326782227e+00,-5.402112007141113281e-01,-7.542421221733093262e-01,-8.663178682327270508e-01,-7.935112714767456055e-01,-1.215647459030151367e+00,-1.148005008697509766e+00,-1.326081275939941406e+00,-8.028772473335266113e-01,-3.864647448062896729e-01,-1.014535665512084961e+00,-9.420372247695922852e-01,-9.352998137474060059e-01,-1.019512891769409180e+00,-8.127292990684509277e-01,-3.854106366634368896e-01,-5.717736482620239258e-01
-1.234247803688049316e+00,-1.177981019020080566e+00,-9.495477676391601562e-01,-1.167917728424072266e+00,-9.010499715805053711e-01,-9.886102676391601562e-01,-1.156691670417785645e+00,-9.031754136085510254e-01,-1.124052047729492188e+00,-1.097398638725280762e+00,-1.164811134338378906e+00,-5.157585740089416504e-01,-8.199826478958129883e-01,-9.396636486053466797e-01,-1.128607034683227539e+00,-1.253469705581665039e+00,-1.164367794990539551e+00,-1.437639474868774414e+00,-1.109008312225341797e+00,-8.230276703834533691e-01
-1.077344059944152832e+00,-1.124374866485595703e+00,-8.240273594856262207e-01,-9.084041714668273926e-01,-1.018630385398864746e+00,-8.997817635536193848e-01,-1.237294316291809082e+00,-1.255045652389526367e+00,-1.152016401290893555e+00,-1.607982635498046875e+00,-9.545243382453918457e-01,-1.032578110694885254e+00,-4.328370988368988037e-01,-1.080566763877868652e+00,-1.042775392532348633e+00,-1.356940984725952148e+00,-1.325387716293334961e+00,-9.534676671028137207e-01,-1.075909614562988281e+00,-1.246662378311157227e+00
-1.119598627090454102e+00,-7.230624556541442871e-01,-1.319651722908020020e+00,-1.043891310691833496e+00,-8.228934407234191895e-01,-1.130120515823364258e+00,-1.029170989990234375e+00,-1.094238758087158203e+00,-8.832036256790161133e-01,-9.430598020553588867e-01,-7.107210159301757812e-01,-7.717722058296203613e-01,-8.279151320457458496e-01,-8.986459970474243164e-01,-9.049839973449707031e-01,-1.052441239356994629e+00,-1.143357992172241211e+00,-1.211984276771545410e+00,-1.019362330436706543e+00,-8.447202444076538086e-01
-1.100082516670227051e+00,-6.362698078155517578e-01,-9.275811314582824707e-01,-6.357312202453613281e-01,-1.058720707893371582e+00,-6.319133043289184570e-01,-1.015305519104003906e+00,-1.041982412338256836e+00,-1.092916607856750488e+00,-1.158880591392517090e+00,-9.966251254081726074e-01,-1.010394334793090820e+00,-1.219917535781860352e+00,-1.006981849670410156e+00,-6.500332355499267578e-01,-1.040739774703979492e+00,-1.237884402275085449e+00,-1.074493408203125000e+00,-7.631502747535705566e-01,-8.601539731025695801e-01
-1.013988852500915527e+00,-4.770447909832000732e-01,-1.115643143653869629e+00,-1.285166144371032715e+00,-1.194723606109619141e+00,-8.687325716018676758e-01,-5.566458702087402344e-01,-7.605924010276794434e-01,-1.167000293731689453e+00,-1.359101295471191406e+00,-7.703328728675842285e-01,-1.247040152549743652e+00,-7.443481683731079102e-01,-9.207072257995605469e-01,-1.062944173812866211e+00,-1.202668190002441406e+00,-1.069425940513610840e+00,-1.300727725028991699e+00,-1.098567247390747070e+00,-1.083912491798400879e+00
-9.792156219482421875e-01,-7.526225447654724121e-01,-5.885924100875854492e-01,-1.216691374778747559e+00,-9.711723327636718750e-01,-8.594955205917358398e-01,-8.727193474769592285e-01,-9.116708040237426758e-01,-1.211540341377258301e+00,-1.330298662185668945e+00,-6.477264165878295898e-01,-6.225402951240539551e-01,-9.009897112846374512e-01,-9.883925914764404297e-01,-9.008279442787170410e-01,-1.007539987564086914e+00,-1.164800286293029785e+00,-1.271585583686828613e+00,-8.776952624320983887e-01,-9.824632406234741211e-01
-2.843784987926483154e-01,-7.501583695411682129e-01,-7.415638566017150879e-01,-1.239817738533020020e+00,-7.741870284080505371e-01,-3.464427292346954346e-01,-1.108019113540649414e+00,-9.229320883750915527e-01,-1.065933465957641602e+00,-8.317934274673461914e-01,-6.051023006439208984e-01,-1.032730937004089355e+00,-5.040786862373352051e-01,-1.441889405250549316e+00,-1.065383434295654297e+00,-4.985311031341552734e-01,-4.295307695865631104e-01,-6.209701895713806152e-01,-9.046546220779418945e-01,-1.040088534355163574e+00
-7.277624607086181641e-01,-9.546713232994079590e-01,-1.361626863479614258e+00,-1.141533255577087402e+00,-1.005263686180114746e+00,-8.458455801010131836e-01,-8.969981670379638672e-01,-1.109540939331054688e+00,-9.146524667739868164e-01,-1.141242504119873047e+00,-1.229796767234802246e+00,-1.107029318809509277e+00,-1.005232691764831543e+00,-8.271099328994750977e-01,-1.206643462181091309e+00,-9.284449815750122070e-01,-1.239409089088439941e+00,-1.041630625724792480e+00,-7.098861336708068848e-01,-4.630207419395446777e-01
-1.279281973838806152e+00,-9.882246851921081543e-01,-1.242503046989440918e+00,-9.471225142478942871e-01,-1.021540403366088867e+00,-6.756354570388793945e-01,-1.039619445800781250e+00,-1.280516028404235840e+00,-8.761649727821350098e-01,-7.947456836700439453e-01,-1.005473017692565918e+00,-1.104429364204406738e+00,-1.143254399299621582e+00,-1.085231900215148926e+00,-1.030094623565673828e+00,-8.780929446220397949e-01,-9.212210178375244141e-01,-1.000631570816040039e+00,-7.905210256576538086e-01,-9.490936994552612305e-01
-1.004651427268981934e+00,-1.113084435462951660e+00,-1.318662881851196289e+00,-9.698016643524169922e-01,-8.074114322662353516e-01,-8.174084424972534180e-01,-8.706834912300109863e-01,-1.083550930023193359e+00,-9.382764697074890137e-01,-1.153600454330444336e+00,-9.524143934249877930e-01,-7.104371786117553711e-01,-1.199235081672668457e+00,-1.160622596740722656e+00,-9.092820882797241211e-01,-1.037112355232238770e+00,-1.020339012145996094e+00,-1.372189283370971680e+00,-9.214907884597778320e-01,-8.413999676704406738e-01
-8.054088950157165527e-01,-9.117111563682556152e-01,-9.742957949638366699e-01,-8.858805298805236816e-01,-9.090152382850646973e-01,-4.162747561931610107e-01,-7.784584760665893555e-01,-1.106975555419921875e+00,-9.469214081764221191e-01,-1.369799613952636719e+00,-9.353849291801452637e-01,-8.503819108009338379e-01,-8.991972804069519043e-01,-8.437207937240600586e-01,-6.924889087677001953e-01,-9.290206432342529297e-01,-9.235569834709167480e-01,-1.161118865013122559e+00,-1.133475422859191895e+00,-1.305208683013916016e+00
-1.186255455017089844e+00,-9.606856107711791992e-01,-1.004346132278442383e+00,-9.061893224716186523e-01,-1.127335429191589355e+00,-8.495861887931823730e-01,-9.352592229843139648e-01,-1.319867134094238281e+00,-7.973644137382507324e-01,-9.647345542907714844e-01,-1.024976015090942383e+00,-7.571866512298583984e-01,-7.076388001441955566e-01,-9.658377170562744141e-01,-7.720094323158264160e-01,-6.448574066162109375e-01,-9.537459015846252441e-01,-1.040017843246459961e+00,-1.156786561012268066e+00,-8.020934462547302246e-01
-1.178087830543518066e+00,-9.948319792747497559e-01,-1.169594049453735352e+00,-9.285816550254821777e-01,-9.747360348701477051e-01,-5.671274662017822266e-01,-8.207066059112548828e-01,-1.112446427345275879e+00,-1.044693231582641602e+00,-9.320998191833496094e-01,-8.923613429069519043e-01,-7.552255988121032715e-01,-6.182479262351989746e-01,-8.657158017158508301e-01,-7.427906990051269531e-01,-6.254037022590637207e-01,-1.282871961593627930e+00,-9.724771976470947266e-01,-1.011527419090270996e+00,-9.007136225700378418e-01
-7.474375367164611816e-01,-1.246819853782653809e+00,-7.645355463027954102e-01,-9.422147870063781738e-01,-9.615271091461181641e-01,-7.425351142883300781e-01,-1.041360020637512207e+00,-7.752794027328491211e-01,-1.140601992607116699e+00,-1.211465120315551758e+00,-1.232617139816284180e+00,-7.872630357742309570e-01,-9.667707085609436035e-01,-1.282701373100280762e+00,-1.135928988456726074e+00,-1.060829162597656250e+00,-1.167340397834777832e+00,-1.165427327156066895e+00,-1.269745707511901855e+00,-4.298944175243377686e-01
-1.015972256660461426e+00,-8.036327958106994629e-01,-7.888154983520507812e-01,-8.424577116966247559e-01,-1.248847723007202148e+00,-9.060621261596679688e-01,-7.078287601470947266e-01,-1.276003837585449219e+00,-1.041725635528564453e+00,-1.406660079956054688e+00,-1.058742284774780273e+00,-1.402583837509155273e+00,-9.230339527130126953e-01,-9.730021357536315918e-01,-1.284106492996215820e+00,-1.163970828056335449e+00,-1.269061326980590820e+00,-9.246223568916320801e-01,-8.700365424156188965e-01,-5.085419416427612305e-01
-9.432818293571472168e-01,-1.339025259017944336e+00,-1.107418179512023926e+00,-9.160431623458862305e-01,-7.558491230010986328e-01,-8.380001187324523926e-01,-8.534830212593078613e-01,-1.191494107246398926e+00,-1.049358248710632324e+00,-1.222882390022277832e+00,-8.767282962799072266e-01,-1.117982387542724609e+00,-5.417432188987731934e-01,-1.268343210220336914e+00,-1.057515978813171387e+00,-8.209982514381408691e-01,-8.580774664878845215e-01,-1.014680266380310059e+00,-1.120770215988159180e+00,-7.901929616928100586e-01
-9.736075997352600098e-01,-1.437257289886474609e+00,-1.035792589187622070e+00,-1.008461952209472656e+00,-9.328835606575012207e-01,-9.111202359199523926e-01,-9.614591598510742188e-01,-1.237022995948791504e+00,-9.020136594772338867e-01,-1.034144639968872070e+00,-1.039181590080261230e+00,-7.627675533294677734e-01,-1.154132723808288574e+00,-1.048761367797851562e+00,-1.130544781684875488e+00,-1.041394233703613281e+00,-1.016673326492309570e+00,-1.197368383407592773e+00,-7.589631080627441406e-01,-4.845788776874542236e-01
-9.798852801322937012e-01,-1.060804486274719238e+00,-1.118054866790771484e+00,-1.229278802871704102e+00,-5.735909342765808105e-01,-7.599535584449768066e-01,-1.075944066047668457e+00,-9.474175572395324707e-01,-1.117885947227478027e+00,-1.027140259742736816e+00,-1.128157138824462891e+00,-7.686311006546020508e-01,-8.099085688591003418e-01,-9.432131052017211914e-01,-1.067888259887695312e+00,-1.156681060791015625e+00,-1.348666787147521973e+00,-1.116363286972045898e+00,-8.957284688949584961e-01,-1.096994280815124512e+00
-8.138938546180725098e-01,-9.929435253143310547e-01,-1.372681260108947754e+00,-1.299020409584045410e+00,-7.282769680023193359e-01,-4.918460249900817871e-01,-8.993924260139465332e-01,-1.320687532424926758e+00,-6.767921447753906250e-01,-1.261188268661499023e+00,-9.979658722877502441e-01,-1.258302569389343262e+00,-7.217975258827209473e-01,-1.200479984283447266e+00,-4.160628020763397217e-01,-6.478539705276489258e-01,-8.812094330787658691e-01,-1.074123024940490723e+00,-6.298763155937194824e-01,-1.011023998260498047e+00
-9.639769196510314941e-01,-1.253825783729553223e+00,-8.507474064826965332e-01,-7.693381309509277344e-01,-9.023665189743041992e-01,-9.478361010551452637e-01,-7.827078104019165039e-01,-8.996255993843078613e-01,-6.359440088272094727e-01,-9.952320456504821777e-01,-9.768221378326416016e-01,-6.614692211151123047e-01,-9.499921202659606934e-01,-1.131386280059814453e+00,-1.020459532737731934e+00,-1.170180678367614746e+00,-7.911360859870910645e-01,-1.174682736396789551e+00,-8.326983451843261719e-01,-7.292116284370422363e-01
-9.438263773918151855e-01,-1.339675545692443848e+00,-7.541972398757934570e-01,-1.007586598396301270e+00,-8.303809165954589844e-01,-6.354709863662719727e-01,-8.784210085868835449e-01,-9.779836535453796387e-01,-8.475130200386047363e-01,-8.671951293945312500e-01,-1.033270239830017090e+00,-1.101547956466674805e+00,-8.656167984008789062e-01,-1.119353890419006348e+00,-1.044023871421813965e+00,-3.979244232177734375e-01,-9.961877465248107910e-01,-1.180438160896301270e+00,-8.877538442611694336e-01,-6.571526527404785156e-01
-1.023422002792358398e+00,-6.633297801017761230e-01,-9.131215214729309082e-01,-1.376333594322204590e+00,-7.126450538635253906e-01,-6.446551084518432617e-01,-8.552792668342590332e-01,-1.108471155166625977e+00,-1.517243742942810059e+00,-1.374675035476684570e+00,-1.021172046661376953e+00,-8.755065798759460449e-01,-1.229400515556335449e+00,-8.934549689292907715e-01,-9.973088502883911133e-01,-9.182186722755432129e-01,-1.092083573341369629e+00,-8.941137790679931641e-01,-1.079868674278259277e+00,-7.313181161880493164e-01
-9.185164570808410645e-01,-8.547834157943725586e-01,-9.501816034317016602e-01,-4.741027951240539551e-01,-7.022106051445007324e-01,-7.899726033210754395e-01,-6.548361778259277344e-01,-1.380980849266052246e+00,-7.983645796775817871e-01,-1.083120822906494141e+00,-1.147647738456726074e+00,-1.234753966331481934e+00,-9.225794076919555664e-01,-1.353789687156677246e+00,-7.540209293365478516e-01,-1.117762446403503418e+00,-1.066238284111022949e+00,-1.151790142059326172e+00,-9.284286499023437500e-01,-1.193520665168762207e+00
-1.531110525131225586e+00,-1.361795186996459961e+00,-8.631358742713928223e-01,-6.796581149101257324e-01,-1.085213065147399902e+00,-1.013976693153381348e+00,-1.393662452697753906e+00,-1.371530652046203613e+00,-1.163562059402465820e+00,-1.306499958038330078e+00,-1.104854464530944824e+00,-1.039312958717346191e+00,-9.608266353607177734e-01,-1.286242604255676270e+00,-8.528737425804138184e-01,-1.235833168029785156e+00,-8.517747521400451660e-01,-1.112877964973449707e+00,-1.050713062286376953e+00,-1.095924854278564453e+00
-1.200839519500732422e+00,-8.075967431068420410e-01,-1.074096560478210449e+00,-1.021781206130981445e+00,-7.846367955207824707e-01,-8.466285467147827148e-01,-7.069392800331115723e-01,-1.105210065841674805e+00,-6.969313621520996094e-01,-1.342545390129089355e+00,-6.438088417053222656e-01,-1.012292385101318359e+00,-8.568577766418457031e-01,-1.361926317214965820e+00,-8.837953805923461914e-01,-1.010246753692626953e+00,-1.105539083480834961e+00,-9.401889443397521973e-01,-7.336222529411315918e-01,-7.809481620788574219e-01
-9.961081743240356445e-01,-8.598216176033020020e-01,-1.193155407905578613e+00,-1.051426410675048828e+00,-8.225615024566650391e-01,-7.277389168739318848e-01,-7.798122763633728027e-01,-1.044726014137268066e+00,-1.046893477439880371e+00,-1.173812985420227051e+00,-8.060159087181091309e-01,-5.460291504859924316e-01,-1.072047829627990723e+00,-7.493304610252380371e-01,-8.500245809555053711e-01,-1.233271121978759766e+00,-1.203270673751831055e+00,-1.307632923126220703e+00,-8.693022131919860840e-01,-8.700916767120361328e-01
-1.220859646797180176e+00,-1.228838920593261719e+00,-1.177011966705322266e+00,-1.243245959281921387e+00,-9.775233864784240723e-01,-1.035235524177551270e+00,-1.061370730400085449e+00,-1.380887746810913086e+00,-1.412400722503662109e+00,-1.167001962661743164e+00,-9.804175496101379395e-01,-9.161833524703979492e-01,-1.178645849227905273e+00,-1.072241187095642090e+00,-8.701274394989013672e-01,-1.189518690109252930e+00,-1.266411304473876953e+00,-6.259393095970153809e-01,-1.041520953178405762e+00,-9.000126719474792480e-01
-9.674198627471923828e-01,-1.364031910896301270e+00,-7.517013549804687500e-01,-8.614743351936340332e-01,-1.089632391929626465e+00,-7.841889262199401855e-01,-7.842738628387451172e-01,-9.561043977737426758e-01,-1.119932770729064941e+00,-1.238080024719238281e+00,-1.240294933319091797e+00,-8.944736123085021973e-01,-5.920327901840209961e-01,-1.025067687034606934e+00,-9.986218214035034180e-01,-1.126348257064819336e+00,-1.586471676826477051e+00,-1.055993556976318359e+00,-7.763518691062927246e-01,-9.012712240219116211e-01
-9.657238125801086426e-01,-9.582165479660034180e-01,-1.127122282981872559e+00,-1.077718019485473633e+00,-5.933907628059387207e-01,-8.866056203842163086e-01,-1.109858393669128418e+00,-6.032932400703430176e-01,-7.661578059196472168e-01,-1.013646483421325684e+00,-6.909729242324829102e-01,-1.002659201622009277e+00,-6.594300270080566406e-01,-1.205009102821350098e+00,-6.548177599906921387e-01,-1.063889384269714355e+00,-1.166285037994384766e+00,-1.184054732322692871e+00,-4.666169881820678711e-01,-1.017415642738342285e+00
-1.316758275032043457e+00,-8.290604352951049805e-01,-7.031340599060058594e-01,-1.192343354225158691e+00,-8.338307738304138184e-01,-8.163644075393676758e-01,-7.340257167816162109e-01,-9.781453013420104980e-01,-1.370836615562438965e+00,-1.421553730964660645e+00,-6.960015296936035156e-01,-9.772155880928039551e-01,-8.949648737907409668e-01,-1.084478735923767090e+00,-5.331292152404785156e-01,-1.033251881599426270e+00,-1.020559787750244141e+00,-1.193605542182922363e+00,-7.909888625144958496e-01,-8.541391491889953613e-01
-6.975358128547668457e-01,-6.772817373275756836e-01,-1.036621809005737305e+00,-8.732414841651916504e-01,-9.675655364990234375e-01,-1.206166625022888184e+00,-9.769148230552673340e-01,-1.229668974876403809e+00,-1.045667886734008789e+00,-1.029258489608764648e+00,-7.682374715805053711e-01,-3.273045420646667480e-01,-8.451568484306335449e-01,-6.996126174926757812e-01,-5.990492105484008789e-01,-9.766600728034973145e-01,-7.290226817131042480e-01,-7.065931558609008789e-01,-1.128763437271118164e+00,-1.059340715408325195e+00
-6.941791176795959473e-01,-9.307845830917358398e-01,-1.222555279731750488e+00,-9.485016465187072754e-01,-1.085672497749328613e+00,-7.729461789131164551e-01,-4.441964328289031982e-01,-1.377227902412414551e+00,-1.194230675697326660e+00,-1.429375529289245605e+00,-1.508834600448608398e+00,-1.223615884780883789e+00,-9.668005704879760742e-01,-1.002506971359252930e+00,-1.024115204811096191e+00,-1.024945855140686035e+00,-8.585403561592102051e-01,-1.077284455299377441e+00,-9.131472706794738770e-01,-1.258004546165466309e+00
-8.826262354850769043e-01,-9.481332302093505859e-01,-9.131322503089904785e-01,-5.973681807518005371e-01,-1.088990926742553711e+00,-5.623701214790344238e-01,-5.916271209716796875e-01,-1.141549944877624512e+00,-8.876106739044189453e-01,-1.360103607177734375e+00,-1.016537904739379883e+00,-9.192954301834106445e-01,-8.847256302833557129e-01,-9.743858575820922852e-01,-8.862671256065368652e-01,-1.011284708976745605e+00,-7.085229158401489258e-01,-1.176190018653869629e+00,-7.709652781486511230e-01,-1.089727640151977539e+00
-9.654580354690551758e-01,-9.175146222114562988e-01,-9.925082325935363770e-01,-1.279453873634338379e+00,-7.916576862335205078e-01,-8.838756084442138672e-01,-8.158934116363525391e-01,-1.147099018096923828e+00,-1.114629745483398438e+00,-1.258355379104614258e+00,-7.714374065399169922e-01,-1.112864255905151367e+00,-1.067249536514282227e+00,-1.313974618911743164e+00,-1.238628387451171875e+00,-5.930361151695251465e-01,-1.141769170761108398e+00,-1.349575877189636230e+00,-1.081973195075988770e+00,-7.203636169433593750e-01
-1.126002907752990723e+00,-1.071954965591430664e+00,-7.906368374824523926e-01,-1.050981283187866211e+00,-1.106204271316528320e+00,-1.083614945411682129e+00,-6.791960000991821289e-01,-1.187975764274597168e+00,-6.777295470237731934e-01,-1.242177128791809082e+00,-8.302133679389953613e-01,-1.267146229743957520e+00,-8.848624825477600098e-01,-7.533138990402221680e-01,-9.069572687149047852e-01,-1.362482428550720215e+00,-1.034726619720458984e+00,-1.206812500953674316e+00,-1.347005009651184082e+00,-9.187588095664978027e-01
-1.025614380836486816e+00,-9.747779369354248047e-01,-1.092302799224853516e+00,-9.333228468894958496e-01,-9.020018577575683594e-01,-8.316708207130432129e-01,-9.308350086212158203e-01,-9.485951066017150879e-01,-1.119343876838684082e+00,-1.151273012161254883e+00,-1.147166252136230469e+00,-1.223374724388122559e+00,-7.431320548057556152e-01,-9.521402716636657715e-01,-1.201201558113098145e+00,-1.171242237091064453e+00,-9.553885459899902344e-01,-1.142363905906677246e+00,-5.611953139305114746e-01,-7.176873087882995605e-01
-8.171237707138061523e-01,-9.669472575187683105e-01,-1.170862197875976562e+00,-8.662960529327392578e-01,-6.825758218765258789e-01,-7.102301716804504395e-01,-6.843490004539489746e-01,-1.073969602584838867e+00,-1.153421640396118164e+00,-6.766937971115112305e-01,-1.178918123245239258e+00,-8.721578717231750488e-01,-1.327379822731018066e+00,-1.303575158119201660e+00,-8.711314201354980469e-01,-1.058849096298217773e+00,-1.257507205009460449e+00,-1.033303499221801758e+00,-1.032459735870361328e+00,-1.027598857879638672e+00
-8.120284080505371094e-01,-8.996213078498840332e-01,-9.499597549438476562e-01,-1.237522006034851074e+00,-6.449982523918151855e-01,-7.227233648300170898e-01,-6.857041716575622559e-01,-1.411436200141906738e+00,-9.655726552009582520e-01,-1.181190252304077148e+00,-1.182858109474182129e+00,-1.012413144111633301e+00,-6.508723497390747070e-01,-1.102191209793090820e+00,-1.206041574478149414e+00,-8.564776182174682617e-01,-1.149806618690490723e+00,-7.706112861633300781e-01,-5.033199191093444824e-01,-1.037744879722595215e+00
-9.540958404541015625e-01,-9.926198124885559082e-01,-9.657142162322998047e-01,-8.674154877662658691e-01,-7.997128963470458984e-01,-9.023810625076293945e-01,-8.728256225585937500e-01,-9.265911579132080078e-01,-1.139775395393371582e+00,-9.226136207580566406e-01,-9.739047288894653320e-01,-6.192368268966674805e-01,-8.026930689811706543e-01,-1.078536510467529297e+00,-1.037103056907653809e+00,-1.088616013526916504e+00,-8.954559564590454102e-01,-1.126914858818054199e+00,-1.173171997070312500e+00,-6.697342395782470703e-01
-1.156270384788513184e+00,-6.187576055526733398e-01,-1.000949740409851074e+00,-9.689192771911621094e-01,-8.486464619636535645e-01,-7.269324064254760742e-01,-8.857750892639160156e-01,-8.573912382125854492e-01,-1.115800261497497559e+00,-1.208905458450317383e+00,-1.061003804206848145e+00,-9.123792052268981934e-01,-9.176182746887207031e-01,-9.200649261474609375e-01,-1.209537506103515625e+00,-8.967747092247009277e-01,-8.785814642906188965e-01,-1.143863916397094727e+00,-7.104804515838623047e-01,-9.488109350204467773e-01
-1.482806801795959473e+00,-1.017019033432006836e+00,-1.329284429550170898e+00,-1.121165037155151367e+00,-7.884337306022644043e-01,-8.570162057876586914e-01,-9.380025267601013184e-01,-1.145034909248352051e+00,-9.103123545646667480e-01,-8.083853721618652344e-01,-4.267389476299285889e-01,-7.111896872520446777e-01,-9.135610461235046387e-01,-1.008683800697326660e+00,-9.661392569541931152e-01,-1.043081760406494141e+00,-9.482875466346740723e-01,-1.127071142196655273e+00,-8.613399863243103027e-01,-1.016197562217712402e+00
-1.434065937995910645e+00,-9.279755353927612305e-01,-9.114902615547180176e-01,-9.429786801338195801e-01,-9.156568050384521484e-01,-1.139205932617187500e+00,-8.309747576713562012e-01,-1.496205568313598633e+00,-1.389249086380004883e+00,-1.014539241790771484e+00,-1.246406912803649902e+00,-7.674952149391174316e-01,-8.373520374298095703e-01,-1.170766353607177734e+00,-7.893343567848205566e-01,-9.013310670852661133e-01,-1.064857006072998047e+00,-1.509342670440673828e+00,-1.186357617378234863e+00,-8.976536393165588379e-01
-8.463661670684814453e-01,-1.116371870040893555e+00,-9.495706558227539062e-01,-9.864669442176818848e-01,-9.379300475120544434e-01,-9.167144298553466797e-01,-4.716181159019470215e-01,-1.369781374931335449e+00,-7.426539063453674316e-01,-8.185809254646301270e-01,-7.992817759513854980e-01,-9.427522420883178711e-01,-8.445434570312500000e-01,-8.106174468994140625e-01,-7.312906980514526367e-01,-9.818657636642456055e-01,-7.925053238868713379e-01,-1.019274234771728516e+00,-7.378863692283630371e-01,-7.363678216934204102e-01
-1.081115722656250000e+00,-1.175550341606140137e+00,-9.736570119857788086e-01,-1.005729556083679199e+00,-9.540519714355468750e-01,-6.353676319122314453e-01,-1.186173558235168457e+00,-1.388010978698730469e+00,-1.232168912887573242e+00,-1.371439099311828613e+00,-6.692949533462524414e-01,-1.213402032852172852e+00,-8.252677321434020996e-01,-1.095437407493591309e+00,-1.039249420166015625e+00,-8.414365053176879883e-01,-9.313263893127441406e-01,-1.042114138603210449e+00,-9.356809854507446289e-01,-8.168177008628845215e-01
-6.500042080879211426e-01,-1.155234694480895996e+00,-1.184803962707519531e+00,-1.146567940711975098e+00,-6.768351793289184570e-01,-6.985284090042114258e-01,-3.382983803749084473e-01,-1.226135134696960449e+00,-9.418962597846984863e-01,-1.255733728408813477e+00,-9.088717103004455566e-01,-1.041208982467651367e+00,-9.403959512710571289e-01,-1.097244739532470703e+00,-5.974580645561218262e-01,-8.223709464073181152e-01,-1.201200366020202637e+00,-1.146109223365783691e+00,-1.015072584152221680e+00,-7.367510795593261719e-01
-8.246821761131286621e-01,-1.000012278556823730e+00,-1.128519892692565918e+00,-1.135601043701171875e+00,-8.936205506324768066e-01,-9.293276071548461914e-01,-8.170061707496643066e-01,-8.558878898620605469e-01,-8.802003264427185059e-01,-1.269331574440002441e+00,-7.024019360542297363e-01,-7.712201476097106934e-01,-1.318530321121215820e+00,-7.651115655899047852e-01,-8.676098585128784180e-01,-7.056410908699035645e-01,-1.075304865837097168e+00,-1.001216411590576172e+00,-1.174311161041259766e+00,-7.094931602478027344e-01
-9.882348775863647461e-01,-9.683431982994079590e-01,-1.204468727111816406e+00,-8.114841580390930176e-01,-9.488311409950256348e-01,-8.630477786064147949e-01,-9.081984758377075195e-01,-1.297918796539306641e+00,-7.853558659553527832e-01,-9.345058202743530273e-01,-4.774992465972900391e-01,-8.726669549942016602e-01,-1.254874825477600098e+00,-1.314069151878356934e+00,-8.535143136978149414e-01,-6.772313714027404785e-01,-8.719096183776855469e-01,-1.078812956809997559e+00,-1.042334079742431641e+00,-7.620255947113037109e-01
-9.540377259254455566e-01,-1.078742742538452148e+00,-1.010155916213989258e+00,-9.449448585510253906e-01,-1.017276048660278320e+00,-8.686220645904541016e-01,-1.195161938667297363e+00,-8.442130684852600098e-01,-1.275288343429565430e+00,-1.067092418670654297e+00,-1.039254784584045410e+00,-1.543191373348236084e-01,-7.606917619705200195e-01,-1.196077227592468262e+00,-9.644575119018554688e-01,-1.114032268524169922e+00,-1.273976922035217285e+00,-7.744538187980651855e-01,-1.222548365592956543e+00,-9.646449685096740723e-01
-6.326032876968383789e-01,-1.138422489166259766e+00,-7.492584586143493652e-01,-1.089163780212402344e+00,-1.279927015304565430e+00,-7.065474987030029297e-01,-7.579450011253356934e-01,-1.242116808891296387e+00,-1.168824791908264160e+00,-1.166173577308654785e+00,-8.774437904357910156e-01,-9.026631116867065430e-01,-7.649803757667541504e-01,-8.304464221000671387e-01,-1.136401653289794922e+00,-7.881180047988891602e-01,-6.929031610488891602e-01,-1.051324009895324707e+00,-8.425400257110595703e-01,-9.270424246788024902e-01
-1.060420632362365723e+00,-1.257463097572326660e+00,-1.160306453704833984e+00,-8.637716174125671387e-01,-7.830185890197753906e-01,-1.132159709930419922e+00,-1.255645036697387695e+00,-8.866785168647766113e-01,-9.275796413421630859e-01,-1.337911128997802734e+00,-1.093105316162109375e+00,-9.669718146324157715e-01,-4.964271187782287598e-01,-1.565189957618713379e+00,-9.233476519584655762e-01,-1.046353697776794434e+00,-1.158519864082336426e+00,-8.878216743469238281e-01,-7.515292763710021973e-01,-9.361429810523986816e-01
-9.358288049697875977e-01,-7.981483340263366699e-01,-1.186263799667358398e+00,-8.885508775711059570e-01,-8.849228620529174805e-01,-1.013439774513244629e+00,-7.685679793357849121e-01,-1.048657894134521484e+00,-1.006902575492858887e+00,-8.982845544815063477e-01,-1.219272375106811523e+00,-1.001300454139709473e+00,-1.057389616966247559e+00,-1.145006775856018066e+00,-1.318614244461059570e+00,-7.862156033515930176e-01,-9.715952277183532715e-01,-1.314452648162841797e+00,-1.195164322853088379e+00,-6.148039698600769043e-01
-9.820418357849121094e-01,-7.523861527442932129e-01,-8.668966293334960938e-01,-8.664953708648681641e-01,-8.958893418312072754e-01,-9.453205466270446777e-01,-1.345650434494018555e+00,-1.345393180847167969e+00,-8.341431021690368652e-01,-9.569196105003356934e-01,-3.175643384456634521e-01,-6.549859642982482910e-01,-8.001990318298339844e-01,-1.019981741905212402e+00,-1.289407610893249512e+00,-1.044478535652160645e+00,-1.261244893074035645e+00,-1.028845071792602539e+00,-1.021834969520568848e+00,-7.561279535293579102e-01
-7.473172545433044434e-01,-1.255642890930175781e+00,-9.139940142631530762e-01,-1.051389217376708984e+00,-8.318475484848022461e-01,-1.227065205574035645e+00,-1.245173215866088867e+00,-7.666208148002624512e-01,-1.086432218551635742e+00,-8.614988923072814941e-01,-1.221794962882995605e+00,-8.215909004211425781e-01,-6.495482325553894043e-01,-9.595326185226440430e-01,-1.087492585182189941e+00,-8.462513685226440430e-01,-1.343053936958312988e+00,-1.046892642974853516e+00,-4.142414927482604980e-01,-8.531837463378906250e-01
-1.053491592407226562e+00,-1.040930390357971191e+00,-9.582668542861938477e-01,-8.502833843231201172e-01,-9.633041620254516602e-01,-7.337200641632080078e-01,-9.730056524276733398e-01,-6.548785567283630371e-01,-9.928153753280639648e-01,-1.383839488029479980e+00,-1.154434680938720703e+00,-7.076692581176757812e-01,-1.070796847343444824e+00,-9.588079452514648438e-01,-1.216040730476379395e+00,-1.005539298057556152e+00,-1.201347589492797852e+00,-1.075257301330566406e+00,-9.885572195053100586e-01,-7.333024144172668457e-01
-1.024919629096984863e+00,-7.356475591659545898e-01,-1.303311824798583984e+00,-1.093784093856811523e+00,-9.464036226272583008e-01,-1.128561496734619141e+00,-7.174041867256164551e-01,-1.062730431556701660e+00,-1.263406276702880859e+00,-1.362516880035400391e+00,-5.798112154006958008e-01,-1.114816308021545410e+00,-5.227144360542297363e-01,-1.379693031311035156e+00,-9.598467350006103516e-01,-9.572404026985168457e-01,-8.510822653770446777e-01,-1.112058162689208984e+00,-8.825237751007080078e-01,-7.124840021133422852e-01
-8.021419644355773926e-01,-1.008383989334106445e+00,-7.003507614135742188e-01,-1.220063567161560059e+00,-7.121561765670776367e-01,-1.126976251602172852e+00,-8.646365404129028320e-01,-5.156491398811340332e-01,-9.951341748237609863e-01,-1.393259763717651367e+00,-1.107885003089904785e+00,-9.173737764358520508e-01,-9.434908628463745117e-01,-1.234715938568115234e+00,-8.244009613990783691e-01,-7.892743945121765137e-01,-1.128291606903076172e+00,-1.075811505317687988e+00,-8.690334558486938477e-01,-5.222412347793579102e-01
-9.427039027214050293e-01,-6.310431361198425293e-01,-1.237259864807128906e+00,-8.576842546463012695e-01,-1.175559759140014648e+00,-1.126719713211059570e+00,-7.798961400985717773e-01,-4.483529627323150635e-01,-7.665851116180419922e-01,-1.376009821891784668e+00,-9.113708138465881348e-01,-8.920359611511230469e-01,-5.249063968658447266e-01,-1.354358673095703125e+00,-6.248840689659118652e-01,-7.232875823974609375e-01,-6.310727000236511230e-01,-1.334842443466186523e+00,-5.536410212516784668e-01,-7.239255309104919434e-01
-1.240934371948242188e+00,-9.217318296432495117e-01,-7.887067794799804688e-01,-9.795795679092407227e-01,-8.064589500427246094e-01,-6.388837695121765137e-01,-9.537367224693298340e-01,-6.956963539123535156e-01,-9.835286736488342285e-01,-1.147808432579040527e+00,-1.000575184822082520e+00,-4.896315932273864746e-01,-1.071490287780761719e+00,-6.940102577209472656e-01,-6.573886275291442871e-01,-1.062303900718688965e+00,-1.184690117835998535e+00,-1.081535816192626953e+00,-8.826177120208740234e-01,-1.035911440849304199e+00
-1.258310437202453613e+00,-1.213857531547546387e+00,-1.217130303382873535e+00,-7.765560746192932129e-01,-1.020783782005310059e+00,-8.896094560623168945e-01,-8.180758953094482422e-01,-1.398775577545166016e+00,-1.170948982238769531e+00,-1.048351883888244629e+00,-1.221733570098876953e+00,-7.567519545555114746e-01,-1.128789067268371582e+00,-1.003964424133300781e+00,-5.559372901916503906e-01,-1.256131410598754883e+00,-8.981876373291015625e-01,-1.510990262031555176e+00,-8.524056673049926758e-01,-5.496634244918823242e-01
-1.038590669631958008e+00,-9.867160916328430176e-01,-9.830468297004699707e-01,-9.344997406005859375e-01,-1.017745256423950195e+00,-6.831270456314086914e-01,-7.256011366844177246e-01,-4.662573635578155518e-01,-1.131321549415588379e+00,-7.948705554008483887e-01,-8.576081395149230957e-01,-1.104686975479125977e+00,-8.346502184867858887e-01,-7.374007105827331543e-01,-8.252434730529785156e-01,-1.289874792098999023e+00,-9.135740995407104492e-01,-1.684900045394897461e+00,-1.249038696289062500e+00,-9.854828715324401855e-01
-9.376080632209777832e-01,-1.104286909103393555e+00,-1.204427361488342285e+00,-9.779323339462280273e-01,-1.132106184959411621e+00,-7.626115083694458008e-01,-1.057288289070129395e+00,-1.122947931289672852e+00,-9.218823909759521484e-01,-1.174189567565917969e+00,-8.013725876808166504e-01,-1.282589673995971680e+00,-1.045227885246276855e+00,-9.623486399650573730e-01,-1.092008113861083984e+00,-9.870561957359313965e-01,-1.130140542984008789e+00,-1.089610934257507324e+00,-9.414930343627929688e-01,-7.799170613288879395e-01
-8.590073585510253906e-01,-1.062274694442749023e+00,-1.289069414138793945e+00,-9.513520598411560059e-01,-9.650976061820983887e-01,-7.672225832939147949e-01,-1.084578990936279297e+00,-1.034930348396301270e+00,-9.767000675201416016e-01,-1.170873403549194336e+00,-1.092761397361755371e+00,-9.939346909523010254e-01,-6.620597839355468750e-01,-1.139307498931884766e+00,-1.148291945457458496e+00,-7.986638545989990234e-01,-1.100459814071655273e+00,-8.755556344985961914e-01,-9.670848846435546875e-01,-8.750991225242614746e-01
-8.363064527511596680e-01,-9.373997449874877930e-01,-1.149648308753967285e+00,-8.718442320823669434e-01,-8.806780576705932617e-01,-1.090253233909606934e+00,-9.557012319564819336e-01,-1.156267285346984863e+00,-1.018352389335632324e+00,-1.063356995582580566e+00,-1.092628121376037598e+00,-1.007088422775268555e+00,-1.343985319137573242e+00,-1.043324828147888184e+00,-8.921348452568054199e-01,-1.264555335044860840e+00,-1.282004833221435547e+00,-9.868902564048767090e-01,-9.918722510337829590e-01,-1.024359822273254395e+00
-1.287138819694519043e+00,-1.100649595260620117e+00,-1.092650175094604492e+00,-8.584580421447753906e-01,-1.375798821449279785e+00,-1.018029093742370605e+00,-8.955227732658386230e-01,-1.198492050170898438e+00,-1.332865476608276367e+00,-1.565344929695129395e+00,-9.516335129737854004e-01,-9.428429007530212402e-01,-1.080532908439636230e+00,-9.049257636070251465e-01,-1.110178828239440918e+00,-8.979734182357788086e-01,-1.166166782379150391e+00,-9.984230995178222656e-01,-8.820953965187072754e-01,-8.220146894454956055e-01
-1.118135452270507812e+00,-8.247439265251159668e-01,-1.011830449104309082e+00,-9.064760804176330566e-01,-1.013513445854187012e+00,-7.741354107856750488e-01,-7.489259243011474609e-01,-9.368302822113037109e-01,-1.252465963363647461e+00,-1.213557243347167969e+00,-7.863693833351135254e-01,-8.707191944122314453e-01,-7.378873825073242188e-01,-9.630120992660522461e-01,-8.438035845756530762e-01,-7.513523101806640625e-01,-1.056045174598693848e+00,-8.759638667106628418e-01,-8.651465177536010742e-01,-6.263757348060607910e-01
-1.225654363632202148e+00,-7.229794859886169434e-01,-1.086362242698669434e+00,-8.611289262771606445e-01,-1.494689464569091797e+00,-8.680691719055175781e-01,-8.472003340721130371e-01,-1.255170106887817383e+00,-1.382263422012329102e+00,-1.384026885032653809e+00,-6.516759991645812988e-01,-1.111097216606140137e+00,-7.523161172866821289e-01,-1.220361948013305664e+00,-9.823731184005737305e-01,-7.120237946510314941e-01,-8.809174299240112305e-01,-1.242844700813293457e+00,-9.168059229850769043e-01,-4.707743823528289795e-01
-1.218516707420349121e+00,-5.648782253265380859e-01,-8.070150613784790039e-01,-1.061174035072326660e+00,-1.045341014862060547e+00,-7.809439301490783691e-01,-7.655149698257446289e-01,-8.993576169013977051e-01,-8.739158511161804199e-01,-1.254912018775939941e+00,-9.677966833114624023e-01,-1.010450720787048340e+00,-4.130088090896606445e-01,-7.333887219429016113e-01,-1.295583844184875488e+00,-5.557767152786254883e-01,-8.455870151519775391e-01,-8.509439229965209961e-01,-7.350757122039794922e-01,-1.230997085571289062e+00
-8.378342986106872559e-01,-9.420575499534606934e-01,-9.616832733154296875e-01,-1.080015182495117188e+00,-1.053696751594543457e+00,-8.045610785484313965e-01,-9.420138001441955566e-01,-1.200482368469238281e+00,-7.957224845886230469e-01,-1.368925213813781738e+00,-6.390426754951477051e-01,-9.133018255233764648e-01,-7.723928689956665039e-01,-1.266248703002929688e+00,-8.833750486373901367e-01,-8.585361242294311523e-01,-1.014192342758178711e+00,-8.202456235885620117e-01,-7.897900342941284180e-01,-8.528332114219665527e-01
-1.103219389915466309e+00,-1.142962932586669922e+00,-1.009222745895385742e+00,-7.934067845344543457e-01,-9.900114536285400391e-01,-5.782013535499572754e-01,-8.165159225463867188e-01,-1.166079640388488770e+00,-8.372987508773803711e-01,-8.132982850074768066e-01,-1.060975074768066406e+00,-8.165807127952575684e-01,-6.773355603218078613e-01,-1.141161322593688965e+00,-8.492088913917541504e-01,-7.947297096252441406e-01,-1.369656920433044434e+00,-1.241063594818115234e+00,-9.922625422477722168e-01,-1.000356674194335938e+00
-1.003885030746459961e+00,-9.983941316604614258e-01,-1.017063021659851074e+00,-1.059009432792663574e+00,-5.841355323791503906e-01,-8.079281449317932129e-01,-8.662251830101013184e-01,-9.489917755126953125e-01,-1.026530146598815918e+00,-1.228446841239929199e+00,-1.274792313575744629e+00,-8.046312928199768066e-01,-1.272411584854125977e+00,-8.468912839889526367e-01,-1.041371703147888184e+00,-6.649129390716552734e-01,-8.991809487342834473e-01,-1.087062478065490723e+00,-1.009724140167236328e+00,-1.021526575088500977e+00
-9.111067056655883789e-01,-9.774237871170043945e-01,-1.189054250717163086e+00,-1.199293255805969238e+00,-6.603876948356628418e-01,-7.660570144653320312e-01,-1.172501325607299805e+00,-1.248997926712036133e+00,-1.065214991569519043e+00,-1.444851756095886230e+00,-7.963674664497375488e-01,-1.075693130493164062e+00,-1.167980432510375977e+00,-7.462832927703857422e-01,-9.122009873390197754e-01,-1.150212168693542480e+00,-9.349585771560668945e-01,-1.132013201713562012e+00,-1.285115122795104980e+00,-5.332120060920715332e-01
-9.303396940231323242e-01,-1.359457373619079590e+00,-1.297819733619689941e+00,-1.151148676872253418e+00,-9.366811513900756836e-01,-6.604117155075073242e-01,-7.008293271064758301e-01,-7.126704454421997070e-01,-9.659541845321655273e-01,-1.029307246208190918e+00,-7.840350866317749023e-01,-1.052736401557922363e+00,-1.249464631080627441e+00,-1.027263760566711426e+00,-7.284591794013977051e-01,-5.541465878486633301e-01,-1.193527936935424805e+00,-1.112463712692260742e+00,-9.360440969467163086e-01,-1.262624859809875488e+00
-1.107939243316650391e+00,-9.048531055450439453e-01,-1.121470212936401367e+00,-8.432505726814270020e-01,-1.134371757507324219e+00,-1.000549197196960449e+00,-1.034647822380065918e+00,-1.089056372642517090e+00,-9.770623445510864258e-01,-8.325381875038146973e-01,-9.383324980735778809e-01,-1.241300821304321289e+00,-8.376169204711914062e-01,-9.227657914161682129e-01,-9.173842072486877441e-01,-8.257277607917785645e-01,-8.788921833038330078e-01,-1.089587807655334473e+00,-7.479804158210754395e-01,-1.019916653633117676e+00
-1.035167813301086426e+00,-8.464924693107604980e-01,-1.039088606834411621e+00,-1.046188473701477051e+00,-1.013150453567504883e+00,-1.025732874870300293e+00,-8.727344274520874023e-01,-1.247265815734863281e+00,-9.621396660804748535e-01,-9.925482869148254395e-01,-4.667638540267944336e-01,-9.475798010826110840e-01,-6.986456513404846191e-01,-1.198539376258850098e+00,-5.095900893211364746e-01,-8.428016304969787598e-01,-9.059278964996337891e-01,-1.179345011711120605e+00,-1.068455338478088379e+00,-9.867441654205322266e-01
-1.061492562294006348e+00,-9.572700858116149902e-01,-6.713535785675048828e-01,-9.824451804161071777e-01,-7.611406445503234863e-01,-8.897363543510437012e-01,-7.498118281364440918e-01,-8.681458234786987305e-01,-1.223665475845336914e+00,-1.011010289192199707e+00,-6.461084485054016113e-01,-9.148923754692077637e-01,-7.653476595878601074e-01,-1.189971685409545898e+00,-4.357602298259735107e-01,-7.053838968276977539e-01,-8.873698711395263672e-01,-1.094473242759704590e+00,-8.003237843513488770e-01,-1.128743410110473633e+00
-8.379917144775390625e-01,-1.237010836601257324e+00,-8.766115307807922363e-01,-9.601113796234130859e-01,-9.658069014549255371e-01,-7.591337561607360840e-01,-6.446851491928100586e-01,-8.358642458915710449e-01,-1.183290481567382812e+00,-1.148709058761596680e+00,-9.148218631744384766e-01,-7.473662495613098145e-01,-7.711899280548095703e-01,-1.155951499938964844e+00,-9.548903107643127441e-01,-1.074625849723815918e+00,-8.611649274826049805e-01,-8.379520177841186523e-01,-9.835479259490966797e-01,-5.522405505180358887e-01
-8.495281338691711426e-01,-1.172259569168090820e+00,-1.765798091888427734e+00,-6.621021032333374023e-01,-1.113355159759521484e+00,-8.317511081695556641e-01,-1.006135106086730957e+00,-5.636203885078430176e-01,-9.060449004173278809e-01,-1.313525557518005371e+00,-1.015599370002746582e+00,-6.931480765342712402e-01,-1.078602194786071777e+00,-1.362689733505249023e+00,-7.478399872779846191e-01,-1.198343038558959961e+00,-1.205186605453491211e+00,-8.097724318504333496e-01,-9.223345518112182617e-01,-7.114715576171875000e-01
-8.567124605178833008e-01,-9.580554962158203125e-01,-8.745556473731994629e-01,-9.134199619293212891e-01,-5.924701690673828125e-01,-8.562182188034057617e-01,-1.145995020866394043e+00,-1.018041729927062988e+00,-8.838300108909606934e-01,-8.249771595001220703e-01,-1.126955747604370117e+00,-9.244177937507629395e-01,-8.980901241302490234e-01,-1.160234928131103516e+00,-8.340104222297668457e-01,-7.127075195312500000e-01,-8.768414855003356934e-01,-1.019847989082336426e+00,-8.365039229393005371e-01,-9.945848584175109863e-01
-6.546292304992675781e-01,-1.001501798629760742e+00,-1.081786632537841797e+00,-1.002969026565551758e+00,-8.644393682479858398e-01,-1.110921621322631836e+00,-6.667427420616149902e-01,-9.397815465927124023e-01,-1.021545886993408203e+00,-1.465039134025573730e+00,-6.818153262138366699e-01,-8.422958850860595703e-01,-1.231898069381713867e+00,-7.130145430564880371e-01,-9.049326181411743164e-01,-9.101811051368713379e-01,-1.304753422737121582e+00,-6.483260393142700195e-01,-1.267327189445495605e+00,-1.321811199188232422e+00
-1.021184921264648438e+00,-1.064385533332824707e+00,-1.091195225715637207e+00,-1.246722221374511719e+00,-1.269747376441955566e+00,-9.235911965370178223e-01,-1.110683798789978027e+00,-1.042094230651855469e+00,-1.138476729393005371e+00,-1.149511456489562988e+00,-6.409272551536560059e-01,-5.757742524147033691e-01,-8.789246678352355957e-01,-8.952512145042419434e-01,-7.987414598464965820e-01,-1.029824852943420410e+00,-1.174165606498718262e+00,-6.148775815963745117e-01,-1.169331908226013184e+00,-9.360061883926391602e-01
-7.788060903549194336e-01,-1.199597477912902832e+00,-1.035600423812866211e+00,-1.211160898208618164e+00,-1.186267495155334473e+00,-9.297347664833068848e-01,-6.010379791259765625e-01,-1.398155570030212402e+00,-1.117485165596008301e+00,-1.080054640769958496e+00,-1.127121686935424805e+00,-8.610933423042297363e-01,-1.297039270401000977e+00,-1.222633481025695801e+00,-6.885678172111511230e-01,-9.675602316856384277e-01,-8.993791937828063965e-01,-1.227640628814697266e+00,-9.968693256378173828e-01,-8.593496680259704590e-01
-1.026087999343872070e+00,-1.236379504203796387e+00,-1.121400833129882812e+00,-8.674019575119018555e-01,-1.203059792518615723e+00,-9.189088940620422363e-01,-9.701415896415710449e-01,-1.605521082878112793e+00,-1.042907595634460449e+00,-1.131187200546264648e+00,-9.126983880996704102e-01,-8.579742908477783203e-01,-1.130060553550720215e+00,-6.729163527488708496e-01,-1.628215789794921875e+00,-1.103640437126159668e+00,-1.119340538978576660e+00,-5.397861003875732422e-01,-1.109964728355407715e+00,-9.869669079780578613e-01
-1.329698204994201660e+00,-8.454833030700683594e-01,-9.430444240570068359e-01,-9.484786391258239746e-01,-6.666496992111206055e-01,-6.971970200538635254e-01,-5.031026601791381836e-01,-9.013247489929199219e-01,-6.216772198677062988e-01,-1.268589019775390625e+00,-9.955506324768066406e-01,-7.829874157905578613e-01,-6.264449954032897949e-01,-1.297982811927795410e+00,-1.165339112281799316e+00,-8.125110268592834473e-01,-1.168249249458312988e+00,-9.635910391807556152e-01,-1.052145242691040039e+00,-9.454680085182189941e-01
-8.277267813682556152e-01,-9.276770353317260742e-01,-9.309536814689636230e-01,-9.584114551544189453e-01,-9.477702975273132324e-01,-8.691076040267944336e-01,-1.631186604499816895e+00,-1.174230456352233887e+00,-1.018682837486267090e+00,-1.390187740325927734e+00,-1.154126882553100586e+00,-8.704591989517211914e-01,-1.190755724906921387e+00,-9.894587993621826172e-01,-1.298928022384643555e+00,-7.911301851272583008e-01,-1.056672930717468262e+00,-1.483080744743347168e+00,-6.787876486778259277e-01,-5.026770234107971191e-01
-1.022280573844909668e+00,-8.463208079338073730e-01,-1.008017420768737793e+00,-1.078168272972106934e+00,-8.286849260330200195e-01,-4.820171594619750977e-01,-1.092687129974365234e+00,-9.874784350395202637e-01,-1.438122034072875977e+00,-9.159350991249084473e-01,-1.298475027084350586e+00,-6.509113907814025879e-01,-1.321160674095153809e+00,-1.182751893997192383e+00,-6.464684009552001953e-01,-1.265998840332031250e+00,-1.270233392715454102e+00,-8.778282999992370605e-01,-8.465442657470703125e-01,-1.093816280364990234e+00
-8.126072883605957031e-01,-1.131931900978088379e+00,-9.170991182327270508e-01,-1.239820241928100586e+00,-5.403921604156494141e-01,-7.919840216636657715e-01,-9.194951057434082031e-01,-1.144701004028320312e+00,-6.608483791351318359e-01,-1.002581596374511719e+00,-9.455329179763793945e-01,-9.081370234489440918e-01,-4.865551292896270752e-01,-1.017892003059387207e+00,-1.282053232192993164e+00,-7.324126362800598145e-01,-7.726612091064453125e-01,-1.079876661300659180e+00,-1.175882577896118164e+00,-5.237311720848083496e-01
-1.003357768058776855e+00,-4.344181716442108154e-01,-1.193168640136718750e+00,-6.862156987190246582e-01,-8.241133093833923340e-01,-1.069157242774963379e+00,-8.642903566360473633e-01,-1.278730750083923340e+00,-1.114018201828002930e+00,-9.138363599777221680e-01,-7.013210654258728027e-01,-1.232687473297119141e+00,-6.448004245758056641e-01,-9.924309849739074707e-01,-1.151628136634826660e+00,-9.523971080780029297e-01,-1.306662201881408691e+00,-1.062542915344238281e+00,-1.508379936218261719e+00,-6.092158555984497070e-01
-1.071033239364624023e+00,-8.527662158012390137e-01,-9.521471858024597168e-01,-8.955109119415283203e-01,-1.139309287071228027e+00,-8.897952437400817871e-01,-8.208560943603515625e-01,-9.890417456626892090e-01,-9.298706650733947754e-01,-1.187407374382019043e+00,-9.972608089447021484e-01,-9.231444597244262695e-01,-9.054083228111267090e-01,-9.723718762397766113e-01,-7.043169140815734863e-01,-1.108664512634277344e+00,-8.644924163818359375e-01,-8.062916398048400879e-01,-1.227906823158264160e+00,-8.595803380012512207e-01
-9.857761263847351074e-01,-9.266063570976257324e-01,-1.093112587928771973e+00,-9.788357615470886230e-01,-7.388377785682678223e-01,-1.196964383125305176e+00,-7.797581553459167480e-01,-9.362895488739013672e-01,-9.646559357643127441e-01,-8.656758069992065430e-01,-6.476500034332275391e-01,-6.163072586059570312e-01,-1.002249479293823242e+00,-9.720047712326049805e-01,-1.106912851333618164e+00,-7.628830671310424805e-01,-1.339450836181640625e+00,-9.741764664649963379e-01,-1.221669912338256836e+00,-9.514353871345520020e-01
-1.065926551818847656e+00,-1.108310103416442871e+00,-7.603979110717773438e-01,-9.834509491920471191e-01,-7.240227460861206055e-01,-5.907154679298400879e-01,-6.725007295608520508e-01,-1.476698637008666992e+00,-6.814617514610290527e-01,-1.106652259826660156e+00,-5.285747647285461426e-01,-1.152038455009460449e+00,-7.829620242118835449e-01,-7.829781770706176758e-01,-1.009303927421569824e+00,-1.030777692794799805e+00,-1.071377277374267578e+00,-5.972592234611511230e-01,-9.598324298858642578e-01,-1.048908829689025879e+00
-1.122934818267822266e+00,-9.263368844985961914e-01,-1.024550318717956543e+00,-6.174092292785644531e-01,-9.845016598701477051e-01,-9.762362837791442871e-01,-9.122625589370727539e-01,-1.207133412361145020e+00,-1.215363979339599609e+00,-1.216900229454040527e+00,-1.218081474304199219e+00,-8.177022337913513184e-01,-9.906517267227172852e-01,-7.631394267082214355e-01,-5.895270705223083496e-01,-1.183881759643554688e+00,-1.295905590057373047e+00,-1.512943148612976074e+00,-1.050781846046447754e+00,-9.847930669784545898e-01
-1.184629440307617188e+00,-1.006299734115600586e+00,-8.256960511207580566e-01,-1.040209293365478516e+00,-8.138997554779052734e-01,-5.261600017547607422e-01,-3.511882424354553223e-01,-1.245263576507568359e+00,-1.265524983406066895e+00,-1.404477596282958984e+00,-1.149202942848205566e+00,-1.103582143783569336e+00,-7.179589271545410156e-01,-8.221356272697448730e-01,-9.867849946022033691e-01,-8.314552307128906250e-01,-1.084955334663391113e+00,-1.017626881599426270e+00,-1.013270378112792969e+00,-8.916772603988647461e-01
-1.145747542381286621e+00,-1.119229078292846680e+00,-1.224134445190429688e+00,-6.988317966461181641e-01,-1.328890562057495117e+00,-9.517284631729125977e-01,-9.547373056411743164e-01,-9.869306683540344238e-01,-9.463692903518676758e-01,-1.434356927871704102e+00,-9.459894895553588867e-01,-1.045967578887939453e+00,-9.097642302513122559e-01,-1.411853909492492676e+00,-8.956103920936584473e-01,-6.565194725990295410e-01,-1.120806813240051270e+00,-8.298168778419494629e-01,-1.073694109916687012e+00,-9.986416697502136230e-01
-8.409553766250610352e-01,-1.038107514381408691e+00,-7.755966782569885254e-01,-9.461234807968139648e-01,-8.744904994964599609e-01,-7.799944281578063965e-01,-6.344204545021057129e-01,-8.070908188819885254e-01,-9.151387810707092285e-01,-1.417203187942504883e+00,-1.029764294624328613e+00,-1.011073827743530273e+00,-6.783415675163269043e-01,-1.008379697799682617e+00,-7.397039532661437988e-01,-8.405488729476928711e-01,-9.372983574867248535e-01,-7.855667471885681152e-01,-9.088523983955383301e-01,-4.346138238906860352e-01
-1.052569270133972168e+00,-9.655731916427612305e-01,-8.348209857940673828e-01,-1.215553522109985352e+00,-1.058413147926330566e+00,-6.797637343406677246e-01,-1.143308043479919434e+00,-8.154672980308532715e-01,-7.890214323997497559e-01,-1.222549676895141602e+00,-1.041102170944213867e+00,-4.692036211490631104e-01,-1.007373094558715820e+00,-8.083414435386657715e-01,-6.394686102867126465e-01,-8.037555813789367676e-01,-7.515963912010192871e-01,-1.361257910728454590e+00,-1.211786627769470215e+00,-1.163602590560913086e+00
-8.744053244590759277e-01,-1.116651415824890137e+00,-1.032829046249389648e+00,-1.206676483154296875e+00,-1.015722870826721191e+00,-7.686585187911987305e-01,-7.266947031021118164e-01,-1.072253108024597168e+00,-9.039017558097839355e-01,-1.120337009429931641e+00,-1.069131374359130859e+00,-6.441295742988586426e-01,-8.853033781051635742e-01,-1.041829586029052734e+00,-5.077908039093017578e-01,-1.067517042160034180e+00,-9.322566390037536621e-01,-3.089414238929748535e-01,-1.130282521247863770e+00,-9.459971189498901367e-01
-1.007316112518310547e+00,-8.138079047203063965e-01,-9.482166171073913574e-01,-1.233019590377807617e+00,-9.399750828742980957e-01,-7.923794388771057129e-01,-7.673908472061157227e-01,-1.051498413085937500e+00,-1.096062898635864258e+00,-1.203162312507629395e+00,-9.346607923507690430e-01,-8.054266571998596191e-01,-8.602888584136962891e-01,-9.969844818115234375e-01,-1.028603315353393555e+00,-6.635153293609619141e-01,-9.845585823059082031e-01,-9.986789226531982422e-01,-7.904217243194580078e-01,-8.404065370559692383e-01
-1.243972778320312500e+00,-1.048926472663879395e+00,-1.306328773498535156e+00,-1.093392491340637207e+00,-1.205412745475769043e+00,-8.975298404693603516e-01,-6.283858418464660645e-01,-1.048056244850158691e+00,-1.147298455238342285e+00,-1.158869862556457520e+00,-1.021169781684875488e+00,-7.813001275062561035e-01,-6.539087891578674316e-01,-1.239179134368896484e+00,-9.803209304809570312e-01,-1.046796798706054688e+00,-1.059052228927612305e+00,-8.048064112663269043e-01,-9.304289817810058594e-01,-7.662942409515380859e-01
-9.595853686332702637e-01,-1.160321831703186035e+00,-1.119020462036132812e+00,-1.222594022750854492e+00,-1.095177531242370605e+00,-1.106516957283020020e+00,-8.147180676460266113e-01,-8.025801777839660645e-01,-1.039547085762023926e+00,-1.151188373565673828e+00,-9.032232761383056641e-01,-7.916451096534729004e-01,-1.428078770637512207e+00,-1.301330447196960449e+00,-8.554735779762268066e-01,-6.920314431190490723e-01,-1.417394876480102539e+00,-8.293696641921997070e-01,-1.175032258033752441e+00,-7.280777096748352051e-01
-8.265897631645202637e-01,-5.356583595275878906e-01,-9.291409254074096680e-01,-1.111296892166137695e+00,-1.085147738456726074e+00,-9.820802211761474609e-01,-1.006782054901123047e+00,-1.193946242332458496e+00,-1.153831481933593750e+00,-9.909178614616394043e-01,-1.004388570785522461e+00,-1.199193358421325684e+00,-4.171725809574127197e-01,-9.357345104217529297e-01,-8.595412969589233398e-01,-1.145825624465942383e+00,-1.597842693328857422e+00,-1.235754251480102539e+00,-1.094822406768798828e+00,-9.660930037498474121e-01
-1.081583023071289062e+00,-9.475362896919250488e-01,-7.568088769912719727e-01,-9.002878069877624512e-01,-9.827464818954467773e-01,-8.020483255386352539e-01,-1.026577234268188477e+00,-1.601338386535644531e+00,-8.836153745651245117e-01,-1.062883973121643066e+00,-9.388583302497863770e-01,-1.066811919212341309e+00,-5.509839057922363281e-01,-1.317689538002014160e+00,-8.616016507148742676e-01,-1.005492568016052246e+00,-1.078061819076538086e+00,-1.338589787483215332e+00,-9.010685086250305176e-01,-1.090654969215393066e+00
-7.325178980827331543e-01,-9.839214682579040527e-01,-1.113555908203125000e+00,-1.045307517051696777e+00,-9.309704899787902832e-01,-9.580820202827453613e-01,-8.925824165344238281e-01,-1.237699151039123535e+00,-6.400951147079467773e-01,-1.009943366050720215e+00,-6.655095815658569336e-01,-9.922291040420532227e-01,-1.000992298126220703e+00,-1.078115701675415039e+00,-8.816068768501281738e-01,-7.654805183410644531e-01,-1.189445972442626953e+00,-1.347870945930480957e+00,-9.502391219139099121e-01,-7.835225462913513184e-01
-8.207657337188720703e-01,-7.457532882690429688e-01,-1.272377610206604004e+00,-9.477974176406860352e-01,-9.721351861953735352e-01,-1.163351297378540039e+00,-7.071264386177062988e-01,-1.002400398254394531e+00,-9.304169416427612305e-01,-1.130287051200866699e+00,-9.119997024536132812e-01,-8.110156655311584473e-01,-6.525920033454895020e-01,-1.309892773628234863e+00,-7.183496356010437012e-01,-9.174548387527465820e-01,-6.474019885063171387e-01,-1.443337440490722656e+00,-6.399978995323181152e-01,-6.851083040237426758e-01
-1.123612880706787109e+00,-1.132726669311523438e+00,-9.889324307441711426e-01,-1.201071381568908691e+00,-9.882296919822692871e-01,-6.370882987976074219e-01,-8.587242960929870605e-01,-9.853446483612060547e-01,-7.496031522750854492e-01,-1.139163136482238770e+00,-8.130872845649719238e-01,-5.522993803024291992e-01,-1.063533067703247070e+00,-1.110058903694152832e+00,-9.495528340339660645e-01,-7.815279364585876465e-01,-1.179558873176574707e+00,-9.015760421752929688e-01,-1.170236825942993164e+00,-6.852331757545471191e-01
-7.668796777725219727e-01,-1.187556982040405273e+00,-9.306328296661376953e-01,-1.157215833663940430e+00,-5.077049732208251953e-01,-7.123025059700012207e-01,-6.005704402923583984e-01,-1.097415804862976074e+00,-1.098194479942321777e+00,-1.192080259323120117e+00,-1.169293403625488281e+00,-8.886414170265197754e-01,-7.784965038299560547e-01,-1.261418938636779785e+00,-9.729586839675903320e-01,-8.897124528884887695e-01,-1.137154936790466309e+00,-9.870890974998474121e-01,-9.038360714912414551e-01,-7.429646849632263184e-01
-7.581585049629211426e-01,-9.687660932540893555e-01,-1.280442118644714355e+00,-1.176495552062988281e+00,-9.068745970726013184e-01,-8.411008715629577637e-01,-8.307718038558959961e-01,-1.421949267387390137e+00,-1.056986331939697266e+00,-1.036031126976013184e+00,-6.241223812103271484e-01,-1.076578259468078613e+00,-9.136878252029418945e-01,-1.103279829025268555e+00,-1.265831828117370605e+00,-7.541812658309936523e-01,-6.294958591461181641e-01,-6.743000149726867676e-01,-1.081533432006835938e+00,-8.447435498237609863e-01
-9.294744133949279785e-01,-8.672060370445251465e-01,-9.054294824600219727e-01,-1.173285722732543945e+00,-9.459268450736999512e-01,-8.513944745063781738e-01,-7.309332489967346191e-01,-1.020204544067382812e+00,-1.333605408668518066e+00,-1.072787880897521973e+00,-8.138865232467651367e-01,-1.081192731857299805e+00,-8.693120479583740234e-01,-1.110603690147399902e+00,-8.516774773597717285e-01,-7.037764787673950195e-01,-1.040712237358093262e+00,-9.937260150909423828e-01,-1.176899313926696777e+00,-8.494353890419006348e-01
-1.209745645523071289e+00,-6.512374877929687500e-01,-8.551788330078125000e-01,-9.941392540931701660e-01,-1.118471860885620117e+00,-8.175221681594848633e-01,-7.191491723060607910e-01,-8.748117685317993164e-01,-7.085083723068237305e-01,-1.584860086441040039e+00,-1.145249247550964355e+00,-1.088632702827453613e+00,-7.321290969848632812e-01,-1.086721897125244141e+00,-5.645554065704345703e-01,-8.301585316658020020e-01,-7.593751549720764160e-01,-1.124699234962463379e+00,-9.896236062049865723e-01,-9.507998824119567871e-01
-9.277968406677246094e-01,-1.104578852653503418e+00,-1.234249353408813477e+00,-8.429177403450012207e-01,-7.578827738761901855e-01,-6.015883088111877441e-01,-5.765882730484008789e-01,-1.092490792274475098e+00,-7.172997593879699707e-01,-1.110711812973022461e+00,-9.401921033859252930e-01,-9.855433702468872070e-01,-1.029307723045349121e+00,-1.294438242912292480e+00,-9.257913231849670410e-01,-1.004045009613037109e+00,-7.240273356437683105e-01,-1.110577344894409180e+00,-9.338016510009765625e-01,-8.814076185226440430e-01
-1.095110774040222168e+00,-7.519875168800354004e-01,-1.066178917884826660e+00,-1.252058386802673340e+00,-8.462999463081359863e-01,-1.085558056831359863e+00,-1.055699825286865234e+00,-9.501103162765502930e-01,-9.805802106857299805e-01,-9.641464352607727051e-01,-7.388902306556701660e-01,-5.849389433860778809e-01,-3.381216824054718018e-01,-1.214243054389953613e+00,-8.393797278404235840e-01,-1.234151124954223633e+00,-1.216279149055480957e+00,-1.080610990524291992e+00,-9.981876015663146973e-01,-8.298497200012207031e-01
-7.820429801940917969e-01,-1.116872549057006836e+00,-8.566027283668518066e-01,-1.068150162696838379e+00,-9.758510589599609375e-01,-9.361157417297363281e-01,-8.378475904464721680e-01,-1.332367300987243652e+00,-1.140143990516662598e+00,-1.130633950233459473e+00,-1.171615362167358398e+00,-6.091879010200500488e-01,-8.206123709678649902e-01,-1.078872442245483398e+00,-8.801982998847961426e-01,-8.488937020301818848e-01,-1.024710297584533691e+00,-9.433804154396057129e-01,-8.294220566749572754e-01,-8.394074440002441406e-01
-9.811589717864990234e-01,-8.130412697792053223e-01,-8.686954379081726074e-01,-1.073210000991821289e+00,-9.779942631721496582e-01,-7.301136851310729980e-01,-6.882455945014953613e-01,-1.027215480804443359e+00,-7.316381931304931641e-01,-1.065571188926696777e+00,-1.339312672615051270e+00,-5.028036236763000488e-01,-8.742682933807373047e-01,-7.233344316482543945e-01,-5.614387392997741699e-01,-7.959586977958679199e-01,-1.069970607757568359e+00,-1.088043689727783203e+00,-6.186929345130920410e-01,-8.111424446105957031e-01
-1.075126767158508301e+00,-6.546302437782287598e-01,-1.275750160217285156e+00,-9.795243144035339355e-01,-1.107773542404174805e+00,-9.693830609321594238e-01,-7.633631229400634766e-01,-1.295726776123046875e+00,-7.804546952247619629e-01,-1.152960300445556641e+00,-1.114636421203613281e+00,-7.659548521041870117e-01,-1.042946100234985352e+00,-9.582219123840332031e-01,-9.385031461715698242e-01,-1.139312386512756348e+00,-1.333541870117187500e+00,-1.018421053886413574e+00,-1.088556766510009766e+00,-9.617891311645507812e-01
-1.013337969779968262e+00,-9.172320961952209473e-01,-1.140174388885498047e+00,-9.051914215087890625e-01,-1.282170891761779785e+00,-5.543683171272277832e-01,-7.931960225105285645e-01,-7.934778928756713867e-01,-9.202815890312194824e-01,-1.184597253799438477e+00,-1.130164146423339844e+00,-9.107849597930908203e-01,-8.946023583412170410e-01,-1.192145943641662598e+00,-7.289635539054870605e-01,-8.291579484939575195e-01,-9.504873156547546387e-01,-1.156859159469604492e+00,-1.120096325874328613e+00,-7.189350128173828125e-01
-1.002862691879272461e+00,-6.825792193412780762e-01,-8.454248905181884766e-01,-1.130384802818298340e+00,-1.111880779266357422e+00,-5.457335114479064941e-01,-9.303808808326721191e-01,-1.053457617759704590e+00,-1.010689020156860352e+00,-1.340454339981079102e+00,-9.705646634101867676e-01,-4.014320075511932373e-01,-9.832572340965270996e-01,-9.290655255317687988e-01,-1.074458122253417969e+00,-8.496195673942565918e-01,-1.261884331703186035e+00,-1.250524759292602539e+00,-6.413196921348571777e-01,-1.346201062202453613e+00
-9.715120792388916016e-01,-9.224655628204345703e-01,-6.964076757431030273e-01,-6.478452682495117188e-01,-6.667670607566833496e-01,-7.787454724311828613e-01,-6.227622032165527344e-01,-8.926703333854675293e-01,-9.339981079101562500e-01,-1.196826100349426270e+00,-9.468418955802917480e-01,-5.957338213920593262e-01,-7.278869152069091797e-01,-9.983862042427062988e-01,-7.806457877159118652e-01,-9.763453006744384766e-01,-8.283066749572753906e-01,-7.911202907562255859e-01,-8.625915050506591797e-01,-3.826593160629272461e-01
-8.779596686363220215e-01,-6.117549538612365723e-01,-7.120016217231750488e-01,-1.029971122741699219e+00,-9.909805655479431152e-01,-9.246257543563842773e-01,-5.638558864593505859e-01,-9.840865135192871094e-01,-1.179515600204467773e+00,-1.264410376548767090e+00,-1.072420954704284668e+00,-9.312777519226074219e-01,-1.122361302375793457e+00,-1.244992375373840332e+00,-9.370969533920288086e-01,-6.318805813789367676e-01,-1.114505529403686523e+00,-1.460737824440002441e+00,-1.148934721946716309e+00,-1.193317532539367676e+00
-9.128463864326477051e-01,-9.740575551986694336e-01,-5.637453198432922363e-01,-1.167758345603942871e+00,-8.712884187698364258e-01,-8.689360618591308594e-01,-7.415081262588500977e-01,-1.130476355552673340e+00,-1.282662510871887207e+00,-1.269690036773681641e+00,-1.225932240486145020e+00,-8.030819892883300781e-01,-9.916499257087707520e-01,-1.278501868247985840e+00,-9.174437522888183594e-01,-8.321554660797119141e-01,-1.041591644287109375e+00,-1.193253874778747559e+00,-1.105028629302978516e+00,-9.406180381774902344e-01
-1.188517928123474121e+00,-4.814904332160949707e-01,-1.218564629554748535e+00,-6.723099946975708008e-01,-8.844586610794067383e-01,-1.108184695243835449e+00,-8.952999114990234375e-01,-1.092108249664306641e+00,-1.430605769157409668e+00,-1.036273121833801270e+00,-6.745519638061523438e-01,-7.724699378013610840e-01,-6.986567378044128418e-01,-1.055188536643981934e+00,-1.065912127494812012e+00,-1.032515048980712891e+00,-8.487095832824707031e-01,-9.324784278869628906e-01,-9.829002618789672852e-01,-1.150794506072998047e+00
-1.108144879341125488e+00,-9.925212264060974121e-01,-6.951032280921936035e-01,-3.613139688968658447e-01,-7.441335916519165039e-01,-7.594529390335083008e-01,-1.052393794059753418e+00,-1.461522459983825684e+00,-7.639837861061096191e-01,-1.010329484939575195e+00,-5.308499336242675781e-01,-6.231917738914489746e-01,-9.045144319534301758e-01,-1.065435290336608887e+00,-8.733654618263244629e-01,-9.940867424011230469e-01,-8.298547267913818359e-01,-8.540508747100830078e-01,-9.704619050025939941e-01,-8.650601506233215332e-01
-8.190749883651733398e-01,-7.119387984275817871e-01,-9.530787467956542969e-01,-1.293337106704711914e+00,-7.896353006362915039e-01,-7.311423420906066895e-01,-4.089626967906951904e-01,-1.088472127914428711e+00,-1.441625595092773438e+00,-1.481068849563598633e+00,-1.259932279586791992e+00,-1.436820387840270996e+00,-1.154448986053466797e+00,-1.043764710426330566e+00,-8.643118739128112793e-01,-5.286493897438049316e-01,-1.166420817375183105e+00,-1.039470195770263672e+00,-9.510679841041564941e-01,-9.228713512420654297e-01
-8.584983348846435547e-01,-7.390534281730651855e-01,-8.522931337356567383e-01,-6.373476386070251465e-01,-1.087782263755798340e+00,-5.994839072227478027e-01,-7.509201765060424805e-01,-8.072398900985717773e-01,-9.771186113357543945e-01,-1.207535982131958008e+00,-9.894372820854187012e-01,-1.008336782455444336e+00,-1.017544865608215332e+00,-1.254274606704711914e+00,-9.639741182327270508e-01,-1.183063626289367676e+00,-9.167870283126831055e-01,-1.216386318206787109e+00,-8.943315148353576660e-01,-8.655785322189331055e-01
-1.288047313690185547e+00,-8.384756445884704590e-01,-1.300781965255737305e+00,-1.115346550941467285e+00,-1.317074894905090332e+00,-8.100703954696655273e-01,-7.856085896492004395e-01,-1.131509184837341309e+00,-1.087054610252380371e+00,-1.157023906707763672e+00,-1.123771071434020996e+00,-1.094730257987976074e+00,-8.578377962112426758e-01,-1.009894251823425293e+00,-1.354309916496276855e+00,-1.039576292037963867e+00,-8.597290515899658203e-01,-1.067180991172790527e+00,-9.890837073326110840e-01,-1.044345021247863770e+00
-7.726023197174072266e-01,-6.737802028656005859e-01,-9.452383518218994141e-01,-1.071368217468261719e+00,-5.938735008239746094e-01,-8.946195244789123535e-01,-8.185408115386962891e-01,-1.102576017379760742e+00,-8.583057522773742676e-01,-1.199601531028747559e+00,-8.572981953620910645e-01,-5.654193758964538574e-01,-1.095327377319335938e+00,-8.619782924652099609e-01,-6.253738403320312500e-01,-4.954711794853210449e-01,-9.847455024719238281e-01,-1.363969683647155762e+00,-1.004363179206848145e+00,-1.188901185989379883e+00
-1.046912312507629395e+00,-8.919623494148254395e-01,-7.521515488624572754e-01,-8.338196873664855957e-01,-8.129460811614990234e-01,-8.979483246803283691e-01,-9.045799374580383301e-01,-9.618666172027587891e-01,-1.339003562927246094e+00,-9.323942661285400391e-01,-9.699009060859680176e-01,-7.340545058250427246e-01,-1.022286653518676758e+00,-9.642052054405212402e-01,-1.152621865272521973e+00,-1.069172620773315430e+00,-1.098811745643615723e+00,-1.029904007911682129e+00,-1.207849621772766113e+00,-8.924164772033691406e-01
-1.172940492630004883e+00,-1.369770884513854980e+00,-1.140209078788757324e+00,-1.007748842239379883e+00,-1.017544627189636230e+00,-7.964566946029663086e-01,-6.925182342529296875e-01,-1.263713002204895020e+00,-7.247775197029113770e-01,-9.574050903320312500e-01,-1.184383392333984375e+00,-1.168029427528381348e+00,-7.705764770507812500e-01,-1.184676766395568848e+00,-8.814379572868347168e-01,-8.094744086265563965e-01,-1.081818699836730957e+00,-9.437156319618225098e-01,-9.136463999748229980e-01,-9.684913158416748047e-01
-1.164537549018859863e+00,-8.514810204505920410e-01,-1.236758112907409668e+00,-9.482710957527160645e-01,-8.043609261512756348e-01,-7.584328055381774902e-01,-1.439538955688476562e+00,-9.362453818321228027e-01,-7.894206643104553223e-01,-5.498389601707458496e-01,-1.211131572723388672e+00,-6.746541261672973633e-01,-1.184386253356933594e+00,-5.846989154815673828e-01,-9.118824005126953125e-01,-8.057097196578979492e-01,-1.099858999252319336e+00,-1.009585142135620117e+00,-8.088140487670898438e-01,-1.057352900505065918e+00
-9.436526894569396973e-01,-8.260146379470825195e-01,-1.373580455780029297e+00,-7.002480030059814453e-01,-7.158159017562866211e-01,-6.573694944381713867e-01,-6.204093694686889648e-01,-9.183324575424194336e-01,-6.777620315551757812e-01,-8.242102265357971191e-01,-7.864490747451782227e-01,-1.416609883308410645e+00,-8.857142925262451172e-01,-8.560726642608642578e-01,-8.555793762207031250e-01,-8.846495151519775391e-01,-1.009876728057861328e+00,-1.099929451942443848e+00,-8.492841720581054688e-01,-7.443799376487731934e-01
-1.046536087989807129e+00,-8.906884193420410156e-01,-1.048167705535888672e+00,-9.832054972648620605e-01,-6.210443377494812012e-01,-6.656851768493652344e-01,-9.842352271080017090e-01,-9.412248134613037109e-01,-1.055366873741149902e+00,-9.278032779693603516e-01,-1.139823794364929199e+00,-9.614431858062744141e-01,-9.146725535392761230e-01,-1.155855298042297363e+00,-7.810878157615661621e-01,-1.208014845848083496e+00,-1.252758026123046875e+00,-7.643591165542602539e-01,-9.117066860198974609e-01,-9.383409619331359863e-01
-1.384225010871887207e+00,-1.244438409805297852e+00,-1.158655285835266113e+00,-8.701621890068054199e-01,-1.338036417961120605e+00,-4.587077796459197998e-01,-8.701887130737304688e-01,-1.168807148933410645e+00,-9.204246997833251953e-01,-9.494959712028503418e-01,-9.126288294792175293e-01,-1.014837145805358887e+00,-1.018717885017395020e+00,-1.114537835121154785e+00,-1.154592871665954590e+00,-1.221766471862792969e+00,-1.237735390663146973e+00,-1.060070157051086426e+00,-9.782958030700683594e-01,-7.767252922058105469e-01
-6.786528825759887695e-01,-1.146750926971435547e+00,-9.939048886299133301e-01,-1.104248046875000000e+00,-8.530657887458801270e-01,-8.494415283203125000e-01,-8.001911044120788574e-01,-1.199487924575805664e+00,-1.209603667259216309e+00,-1.217256546020507812e+00,-1.099845409393310547e+00,-5.635184049606323242e-01,-7.055128216743469238e-01,-9.802923798561096191e-01,-9.699401855468750000e-01,-1.016763210296630859e+00,-8.816383481025695801e-01,-8.482113480567932129e-01,-1.117097377777099609e+00,-8.029041886329650879e-01
-8.099375963211059570e-01,-7.808256745338439941e-01,-4.734624326229095459e-01,-1.080066680908203125e+00,-7.153388857841491699e-01,-6.206159591674804688e-01,-1.127259254455566406e+00,-1.047931790351867676e+00,-8.514022827148437500e-01,-7.724358439445495605e-01,-1.344847321510314941e+00,-7.728655338287353516e-01,-7.296574115753173828e-01,-7.285312414169311523e-01,-7.574151754379272461e-01,-1.097890734672546387e+00,-9.914281964302062988e-01,-1.008717298507690430e+00,-6.625728011131286621e-01,-9.971308112144470215e-01
-9.781175255775451660e-01,-9.804612994194030762e-01,-9.160882234573364258e-01,-9.682690501213073730e-01,-1.081373214721679688e+00,-6.742565631866455078e-01,-8.840993046760559082e-01,-9.826363325119018555e-01,-1.002907514572143555e+00,-1.272961139678955078e+00,-5.939438939094543457e-01,-1.059932231903076172e+00,-8.405398726463317871e-01,-9.772964715957641602e-01,-9.570642709732055664e-01,-1.086519122123718262e+00,-1.235855102539062500e+00,-1.011961102485656738e+00,-1.071392536163330078e+00,-7.524001598358154297e-01
-7.582361102104187012e-01,-6.641864776611328125e-01,-1.019531846046447754e+00,-9.825462102890014648e-01,-6.837260127067565918e-01,-4.634471237659454346e-01,-9.205878973007202148e-01,-9.652904272079467773e-01,-1.357734918594360352e+00,-1.012676715850830078e+00,-1.158138275146484375e+00,-8.570014834403991699e-01,-1.068839788436889648e+00,-9.083477258682250977e-01,-5.744000673294067383e-01,-7.247503995895385742e-01,-1.439513444900512695e+00,-1.078368306159973145e+00,-8.079280853271484375e-01,-1.001150846481323242e+00
-1.188389182090759277e+00,-1.246501922607421875e+00,-9.043996930122375488e-01,-9.735213518142700195e-01,-7.876888513565063477e-01,-6.505445241928100586e-01,-8.327832818031311035e-01,-7.528211474418640137e-01,-8.059929013252258301e-01,-1.411667704582214355e+00,-8.112201690673828125e-01,-6.562434434890747070e-01,-7.730457186698913574e-01,-1.290273666381835938e+00,-1.015906214714050293e+00,-1.095213174819946289e+00,-1.543069601058959961e+00,-6.118921637535095215e-01,-9.514247775077819824e-01,-7.912211418151855469e-01
-4.034684002399444580e-01,-6.840294599533081055e-01,-7.089244127273559570e-01,-1.223651766777038574e+00,-7.639161944389343262e-01,-5.045726895332336426e-01,-7.342683076858520508e-01,-5.315759181976318359e-01,-1.097244620323181152e+00,-7.668848633766174316e-01,-9.784064888954162598e-01,-6.711922883987426758e-01,-3.223956525325775146e-01,-8.567315936088562012e-01,-1.123701453208923340e+00,-7.289912700653076172e-01,-6.927950978279113770e-01,-6.112931370735168457e-01,-8.919429183006286621e-01,-7.159661054611206055e-01
-4.403757750988006592e-01,-9.472581744194030762e-01,-8.788912296295166016e-01,-1.085679650306701660e+00,-6.920968890190124512e-01,-7.415003180503845215e-01,-1.092010498046875000e+00,-7.656612992286682129e-01,-6.496374011039733887e-01,-6.566179394721984863e-01,-1.185673236846923828e+00,-7.173908352851867676e-01,-8.523633480072021484e-01,-1.083138942718505859e+00,-9.057469964027404785e-01,-7.922710776329040527e-01,-9.227852225303649902e-01,-7.163189053535461426e-01,-1.135752439498901367e+00,-1.029799103736877441e+00
-1.474065899848937988e+00,-1.342713713645935059e+00,-1.645589351654052734e+00,-1.067360877990722656e+00,-1.098005771636962891e+00,-1.083256125450134277e+00,-1.020526051521301270e+00,-9.339755177497863770e-01,-1.235126018524169922e+00,-1.213248610496520996e+00,-1.091773986816406250e+00,-1.198381543159484863e+00,-1.275042772293090820e+00,-7.807526588439941406e-01,-1.208748698234558105e+00,-9.119750857353210449e-01,-1.259816169738769531e+00,-1.013509273529052734e+00,-1.329867482185363770e+00,-1.158560276031494141e+00
-6.736658215522766113e-01,-1.155541419982910156e+00,-1.082865238189697266e+00,-1.207139611244201660e+00,-9.011008143424987793e-01,-7.920119166374206543e-01,-6.616476178169250488e-01,-1.077565193176269531e+00,-9.033436775207519531e-01,-1.113240838050842285e+00,-1.155495643615722656e+00,-1.035263538360595703e+00,-6.698468923568725586e-01,-8.863891959190368652e-01,-6.250013113021850586e-01,-9.037366509437561035e-01,-1.181404829025268555e+00,-5.382297039031982422e-01,-8.479594588279724121e-01,-1.103683471679687500e+00
-1.174058437347412109e+00,-1.010716557502746582e+00,-9.416838288307189941e-01,-1.035816431045532227e+00,-8.484098911285400391e-01,-7.772501707077026367e-01,-7.705567479133605957e-01,-9.181394577026367188e-01,-1.312891483306884766e+00,-1.221311450004577637e+00,-9.397589564323425293e-01,-8.784860968589782715e-01,-6.404690742492675781e-01,-1.371600151062011719e+00,-7.861730456352233887e-01,-7.468626499176025391e-01,-9.140630960464477539e-01,-9.385820627212524414e-01,-1.278349161148071289e+00,-1.491465210914611816e+00
-1.034866333007812500e+00,-6.005101203918457031e-01,-1.030798196792602539e+00,-1.397485256195068359e+00,-7.509003281593322754e-01,-7.457076311111450195e-01,-9.191778898239135742e-01,-1.001737594604492188e+00,-7.484549880027770996e-01,-1.117898225784301758e+00,-6.294097900390625000e-01,-1.015822529792785645e+00,-1.361606478691101074e+00,-9.798172116279602051e-01,-1.139262914657592773e+00,-8.812193870544433594e-01,-9.659693837165832520e-01,-6.326640844345092773e-01,-7.420168519020080566e-01,-9.130074977874755859e-01
-9.986566901206970215e-01,-7.912884354591369629e-01,-6.981081366539001465e-01,-7.914379239082336426e-01,-8.498730659484863281e-01,-7.738745212554931641e-01,-9.647201299667358398e-01,-9.614566564559936523e-01,-7.447605133056640625e-01,-9.034623503684997559e-01,-8.553786277770996094e-01,-1.114696025848388672e+00,-8.973507881164550781e-01,-9.053122997283935547e-01,-8.352878689765930176e-01,-7.534316182136535645e-01,-1.123417854309082031e+00,-8.634154200553894043e-01,-8.403883576393127441e-01,-7.077149152755737305e-01
-1.014614701271057129e+00,-9.545896649360656738e-01,-7.526475787162780762e-01,-9.960868358612060547e-01,-1.204083800315856934e+00,-7.067969441413879395e-01,-6.606215238571166992e-01,-1.433516025543212891e+00,-1.213470697402954102e+00,-1.494214415550231934e+00,-1.203442215919494629e+00,-8.847691416740417480e-01,-9.023569822311401367e-01,-8.970522284507751465e-01,-8.096269965171813965e-01,-1.376774072647094727e+00,-1.629625320434570312e+00,-1.110776424407958984e+00,-9.115120172500610352e-01,-7.700695395469665527e-01
-9.286040663719177246e-01,-1.199099540710449219e+00,-7.452405691146850586e-01,-7.801408767700195312e-01,-9.438145756721496582e-01,-7.374617457389831543e-01,-8.800310492515563965e-01,-8.197895288467407227e-01,-6.127034425735473633e-01,-1.237743020057678223e+00,-5.092576742172241211e-01,-9.599444866180419922e-01,-6.810581088066101074e-01,-9.680801630020141602e-01,-1.096251130104064941e+00,-7.219747304916381836e-01,-9.647079706192016602e-01,-7.690461874008178711e-01,-1.222518444061279297e+00,-1.105128765106201172e+00
-1.265884041786193848e+00,-5.852439403533935547e-01,-8.026165962219238281e-01,-9.731385111808776855e-01,-8.850710391998291016e-01,-4.185814857482910156e-01,-1.054194450378417969e+00,-9.612866640090942383e-01,-1.092755198478698730e+00,-1.497174859046936035e+00,-1.142483353614807129e+00,-6.033568978309631348e-01,-1.050005435943603516e+00,-1.367252826690673828e+00,-9.217823743820190430e-01,-8.333755731582641602e-01,-1.151196479797363281e+00,-1.337734341621398926e+00,-1.025633335113525391e+00,-1.046478509902954102e+00
-1.072913289070129395e+00,-8.788778185844421387e-01,-1.048727273941040039e+00,-1.377039432525634766e+00,-8.309671878814697266e-01,-1.194616675376892090e+00,-1.199017047882080078e+00,-1.506118535995483398e+00,-8.527774810791015625e-01,-9.074113368988037109e-01,-1.109602570533752441e+00,-1.222319960594177246e+00,-1.032108426094055176e+00,-5.407683253288269043e-01,-1.006735086441040039e+00,-1.108440399169921875e+00,-1.215197443962097168e+00,-1.022809147834777832e+00,-8.454970121383666992e-01,-5.903186202049255371e-01
-9.017990231513977051e-01,-1.199438929557800293e+00,-1.334759950637817383e+00,-1.396589398384094238e+00,-8.805083036422729492e-01,-1.072068333625793457e+00,-8.480476140975952148e-01,-1.126121401786804199e+00,-1.022114992141723633e+00,-1.175954341888427734e+00,-7.895300984382629395e-01,-8.701631426811218262e-01,-1.051518559455871582e+00,-1.249431252479553223e+00,-1.221333265304565430e+00,-8.798664808273315430e-01,-1.059433102607727051e+00,-1.345383524894714355e+00,-6.597422361373901367e-01,-9.453799128532409668e-01
-9.775116443634033203e-01,-7.441291809082031250e-01,-9.813341498374938965e-01,-1.006932973861694336e+00,-5.424377322196960449e-01,-7.488114237785339355e-01,-9.539178013801574707e-01,-9.076751470565795898e-01,-1.267704129219055176e+00,-1.407679915428161621e+00,-8.479353189468383789e-01,-5.655465126037597656e-01,-8.452188968658447266e-01,-1.494507193565368652e+00,-8.115788102149963379e-01,-8.895188570022583008e-01,-9.688744544982910156e-01,-1.131820678710937500e+00,-1.196218132972717285e+00,-9.293712377548217773e-01
-8.341448307037353516e-01,-9.100335240364074707e-01,-7.975113987922668457e-01,-8.451154828071594238e-01,-8.315719366073608398e-01,-8.019579648971557617e-01,-9.617360830307006836e-01,-1.216656208038330078e+00,-6.897965073585510254e-01,-9.647412300109863281e-01,-7.858170866966247559e-01,-6.392201185226440430e-01,-9.206700325012207031e-01,-1.249128460884094238e+00,-1.002965688705444336e+00,-7.534676790237426758e-01,-1.079477906227111816e+00,-1.255327463150024414e+00,-1.041351914405822754e+00,-1.250222682952880859e+00
-7.065587639808654785e-01,-8.180749416351318359e-01,-1.352491378784179688e+00,-9.838230013847351074e-01,-8.394004702568054199e-01,-6.088983416557312012e-01,-7.616196274757385254e-01,-1.102529883384704590e+00,-8.390022516250610352e-01,-1.456497430801391602e+00,-7.704804539680480957e-01,-9.944197535514831543e-01,-9.725235104560852051e-01,-1.454239845275878906e+00,-9.659443497657775879e-01,-1.282781004905700684e+00,-9.781386852264404297e-01,-8.964293003082275391e-01,-9.162230491638183594e-01,-1.029603123664855957e+00
-9.000043869018554688e-01,-7.152538895606994629e-01,-1.000890135765075684e+00,-1.223977208137512207e+00,-1.046473979949951172e+00,-9.806293249130249023e-01,-1.170240521430969238e+00,-1.052322745323181152e+00,-9.424553513526916504e-01,-1.459881067276000977e+00,-1.007845044136047363e+00,-1.171546459197998047e+00,-1.023712396621704102e+00,-1.002434730529785156e+00,-6.015673279762268066e-01,-1.291942358016967773e+00,-1.023472070693969727e+00,-1.163923621177673340e+00,-9.906092882156372070e-01,-8.437693715095520020e-01
-8.694413304328918457e-01,-9.318715333938598633e-01,-5.602478981018066406e-01,-1.199284195899963379e+00,-8.972879648208618164e-01,-9.385904669761657715e-01,-8.337620496749877930e-01,-1.152108430862426758e+00,-9.143205881118774414e-01,-9.973433017730712891e-01,-9.869934916496276855e-01,-7.315209507942199707e-01,-5.686010718345642090e-01,-1.220895648002624512e+00,-9.193657636642456055e-01,-1.103139638900756836e+00,-8.041508793830871582e-01,-8.713746666908264160e-01,-5.221154689788818359e-01,-8.900410532951354980e-01
-7.301693558692932129e-01,-1.050456285476684570e+00,-9.701848626136779785e-01,-8.440663218498229980e-01,-9.772204756736755371e-01,-5.468428134918212891e-01,-7.357716560363769531e-01,-1.174869298934936523e+00,-8.459535241127014160e-01,-1.003204107284545898e+00,-1.105949521064758301e+00,-9.167680740356445312e-01,-1.076790452003479004e+00,-9.946871995925903320e-01,-7.073186039924621582e-01,-9.241730570793151855e-01,-1.225551009178161621e+00,-1.103532671928405762e+00,-6.286547780036926270e-01,-1.106799244880676270e+00
-1.215509533882141113e+00,-1.084321141242980957e+00,-9.673888683319091797e-01,-8.119157552719116211e-01,-6.694408059120178223e-01,-8.912096619606018066e-01,-1.070487022399902344e+00,-1.240689754486083984e+00,-7.279199361801147461e-01,-1.120298266410827637e+00,-1.303991675376892090e+00,-1.117849946022033691e+00,-7.019085884094238281e-01,-1.067849159240722656e+00,-8.805339932441711426e-01,-9.856837987899780273e-01,-1.283776760101318359e+00,-9.238559603691101074e-01,-7.439228296279907227e-01,-7.394886612892150879e-01
-9.520375132560729980e-01,-7.636333703994750977e-01,-1.356352806091308594e+00,-1.400264978408813477e+00,-4.975657761096954346e-01,-7.253386378288269043e-01,-6.525452733039855957e-01,-1.163227081298828125e+00,-5.834966301918029785e-01,-1.058429837226867676e+00,-1.892183274030685425e-01,-7.496399879455566406e-01,-9.943020343780517578e-01,-1.028012514114379883e+00,-9.676672816276550293e-01,-6.735941767692565918e-01,-9.660958051681518555e-01,-1.168166637420654297e+00,-6.521179676055908203e-01,-7.378223538398742676e-01
-7.758671045303344727e-01,-9.859439730644226074e-01,-8.001686930656433105e-01,-9.797008037567138672e-01,-9.074380993843078613e-01,-7.689963579177856445e-01,-7.424659132957458496e-01,-1.150110006332397461e+00,-1.196243882179260254e+00,-1.109296202659606934e+00,-6.412045955657958984e-01,-1.291774749755859375e+00,-6.394745111465454102e-01,-1.306441783905029297e+00,-1.062470912933349609e+00,-1.124698281288146973e+00,-7.428523302078247070e-01,-8.751791119575500488e-01,-1.141066551208496094e+00,-1.097361803054809570e+00
-9.936594963073730469e-01,-9.723419547080993652e-01,-1.155020713806152344e+00,-6.091696023941040039e-01,-8.291865587234497070e-01,-8.847044706344604492e-01,-8.149724006652832031e-01,-1.487444639205932617e+00,-1.135722756385803223e+00,-1.020197510719299316e+00,-8.868774175643920898e-01,-7.987725138664245605e-01,-1.059723258018493652e+00,-8.478557467460632324e-01,-9.212427735328674316e-01,-8.477120995521545410e-01,-9.885912537574768066e-01,-1.091399192810058594e+00,-1.055572628974914551e+00,-1.039038419723510742e+00
-5.978288650512695312e-01,-7.488418817520141602e-01,-8.554936647415161133e-01,-9.241498708724975586e-01,-6.904357671737670898e-01,-9.160438776016235352e-01,-8.510521650314331055e-01,-1.372223615646362305e+00,-9.354006052017211914e-01,-1.511085271835327148e+00,-1.254644155502319336e+00,-7.137034535408020020e-01,-7.157921791076660156e-01,-1.164210319519042969e+00,-8.528512716293334961e-01,-6.748234629631042480e-01,-1.100423097610473633e+00,-8.853089809417724609e-01,-8.917961120605468750e-01,-1.075483798980712891e+00
-9.831878542900085449e-01,-1.003297090530395508e+00,-1.034351706504821777e+00,-9.885891675949096680e-01,-1.347933053970336914e+00,-6.552338004112243652e-01,-9.422858953475952148e-01,-9.765106439590454102e-01,-1.140931367874145508e+00,-1.318277597427368164e+00,-1.152715921401977539e+00,-8.636355996131896973e-01,-1.307350516319274902e+00,-1.157710909843444824e+00,-5.652465224266052246e-01,-9.587525725364685059e-01,-1.257106781005859375e+00,-1.052611947059631348e+00,-1.132633328437805176e+00,-1.076938033103942871e+00
-4.054515659809112549e-01,-1.034416198730468750e+00,-9.155353903770446777e-01,-9.456942081451416016e-01,-6.813207268714904785e-01,-1.137814402580261230e+00,-1.036143779754638672e+00,-7.365418672561645508e-01,-1.127878904342651367e+00,-1.500893354415893555e+00,-1.039310097694396973e+00,-9.247917532920837402e-01,-8.884182572364807129e-01,-1.000606536865234375e+00,-7.627225518226623535e-01,-1.392980456352233887e+00,-1.240668296813964844e+00,-1.053836584091186523e+00,-9.991678595542907715e-01,-8.306529521942138672e-01
-1.033427715301513672e+00,-8.282092213630676270e-01,-8.143615126609802246e-01,-1.095744967460632324e+00,-1.276755332946777344e+00,-9.360222816467285156e-01,-1.114181041717529297e+00,-1.128665447235107422e+00,-1.114282011985778809e+00,-1.553980588912963867e+00,-9.900103807449340820e-01,-8.163400292396545410e-01,-6.756386756896972656e-01,-1.001108169555664062e+00,-1.134780168533325195e+00,-1.226723909378051758e+00,-8.949182629585266113e-01,-1.217913508415222168e+00,-9.412477612495422363e-01,-7.612183690071105957e-01
-1.159988641738891602e+00,-1.027687191963195801e+00,-1.018658280372619629e+00,-1.008312821388244629e+00,-9.219295382499694824e-01,-8.016306757926940918e-01,-7.224467992782592773e-01,-1.226098299026489258e+00,-9.569871425628662109e-01,-7.891687154769897461e-01,-8.749961853027343750e-01,-1.079804420471191406e+00,-7.484952211380004883e-01,-1.040127635002136230e+00,-8.158044815063476562e-01,-9.883051514625549316e-01,-1.437446117401123047e+00,-1.183350801467895508e+00,-1.041882872581481934e+00,-9.690699577331542969e-01
-9.598907232284545898e-01,-1.043398857116699219e+00,-1.298632621765136719e+00,-1.158080577850341797e+00,-7.431831955909729004e-01,-5.745307803153991699e-01,-6.335075497627258301e-01,-7.860068082809448242e-01,-1.054728746414184570e+00,-9.399794340133666992e-01,-1.027872443199157715e+00,-8.348821997642517090e-01,-5.876139998435974121e-01,-1.425465941429138184e+00,-7.326970100402832031e-01,-8.625143170356750488e-01,-1.126049399375915527e+00,-9.532305598258972168e-01,-1.039826869964599609e+00,-1.116048693656921387e+00
-1.246183276176452637e+00,-8.484484553337097168e-01,-1.267629384994506836e+00,-1.026603698730468750e+00,-1.058261513710021973e+00,-8.422282934188842773e-01,-1.231018304824829102e+00,-1.499875068664550781e+00,-7.649105787277221680e-01,-1.154987454414367676e+00,-9.611787796020507812e-01,-8.075203299522399902e-01,-8.462401032447814941e-01,-1.091115832328796387e+00,-6.915685534477233887e-01,-7.775693535804748535e-01,-8.781465291976928711e-01,-1.080518960952758789e+00,-1.017342209815979004e+00,-1.184054374694824219e+00
-1.069757580757141113e+00,-9.619995951652526855e-01,-8.045505881309509277e-01,-8.794220685958862305e-01,-1.170328497886657715e+00,-1.145946502685546875e+00,-9.241415858268737793e-01,-1.134050488471984863e+00,-1.119788885116577148e+00,-1.381267905235290527e+00,-1.122193217277526855e+00,-9.202418327331542969e-01,-1.095446586608886719e+00,-1.031808257102966309e+00,-6.765943169593811035e-01,-7.398892045021057129e-01,-1.267044067382812500e+00,-1.116919517517089844e+00,-1.021456480026245117e+00,-7.932298779487609863e-01
-8.362179994583129883e-01,-1.010847568511962891e+00,-1.453995585441589355e+00,-1.244356036186218262e+00,-1.170678853988647461e+00,-5.042626261711120605e-01,-7.475480437278747559e-01,-9.711758494377136230e-01,-1.156103610992431641e+00,-1.295922517776489258e+00,-7.334375381469726562e-01,-8.623573780059814453e-01,-9.763112068176269531e-01,-1.032030820846557617e+00,-1.078990578651428223e+00,-1.052820444107055664e+00,-1.089625597000122070e+00,-9.119293093681335449e-01,-7.851523160934448242e-01,-1.038635134696960449e+00
-9.736714959144592285e-01,-6.048883199691772461e-01,-3.919791281223297119e-01,-1.021586060523986816e+00,-1.139339566230773926e+00,-9.815018773078918457e-01,-7.224413156509399414e-01,-9.359799623489379883e-01,-1.142213940620422363e+00,-1.420693278312683105e+00,-1.399707436561584473e+00,-4.743925929069519043e-01,-9.054808020591735840e-01,-9.512013792991638184e-01,-6.932926177978515625e-01,-4.845747053623199463e-01,-1.084893822669982910e+00,-1.309861302375793457e+00,-1.029512047767639160e+00,-8.271361589431762695e-01
-7.902470827102661133e-01,-8.170295357704162598e-01,-7.432680726051330566e-01,-1.155828833580017090e+00,-9.224928021430969238e-01,-7.822169661521911621e-01,-6.314446330070495605e-01,-6.121377348899841309e-01,-7.185477614402770996e-01,-1.332188725471496582e+00,-7.616433501243591309e-01,-6.144689321517944336e-01,-9.155635237693786621e-01,-1.001145601272583008e+00,-1.426511406898498535e+00,-1.164516448974609375e+00,-1.073095798492431641e+00,-1.189074635505676270e+00,-8.703466057777404785e-01,-7.552350759506225586e-01
-1.120355606079101562e+00,-1.177468657493591309e+00,-1.190948963165283203e+00,-1.150725007057189941e+00,-1.195631623268127441e+00,-1.148861169815063477e+00,-7.466136813163757324e-01,-1.289864540100097656e+00,-1.375922203063964844e+00,-1.261641740798950195e+00,-1.035920977592468262e+00,-1.154137730598449707e+00,-9.846610426902770996e-01,-8.559712767601013184e-01,-6.503083109855651855e-01,-1.088665366172790527e+00,-1.151961088180541992e+00,-1.166784405708312988e+00,-1.122395873069763184e+00,-1.119707345962524414e+00
-9.440814852714538574e-01,-8.377553224563598633e-01,-1.464062571525573730e+00,-1.048270940780639648e+00,-8.584351539611816406e-01,-9.363040328025817871e-01,-1.105096459388732910e+00,-1.378173828125000000e+00,-9.828977584838867188e-01,-1.387337446212768555e+00,-1.071043729782104492e+00,-1.173567175865173340e+00,-1.320014595985412598e+00,-1.200926184654235840e+00,-1.158434748649597168e+00,-1.042755603790283203e+00,-1.437032580375671387e+00,-9.972538948059082031e-01,-1.021027207374572754e+00,-1.172861337661743164e+00
-1.016070246696472168e+00,-1.186594009399414062e+00,-1.041744828224182129e+00,-9.800379872322082520e-01,-9.093412160873413086e-01,-8.139324188232421875e-01,-1.245066761970520020e+00,-9.578841328620910645e-01,-1.044581413269042969e+00,-1.312200427055358887e+00,-9.223668575286865234e-01,-1.038937091827392578e+00,-8.578215241432189941e-01,-1.270165205001831055e+00,-1.289411306381225586e+00,-9.039626121520996094e-01,-1.450516462326049805e+00,-1.044914007186889648e+00,-8.305534720420837402e-01,-9.410254955291748047e-01
-7.882822155952453613e-01,-1.135103583335876465e+00,-1.227945804595947266e+00,-5.414639711380004883e-01,-8.233751058578491211e-01,-1.049511909484863281e+00,-1.091254711151123047e+00,-6.458918452262878418e-01,-1.139192104339599609e+00,-1.371941328048706055e+00,-9.849426746368408203e-01,-8.543125987052917480e-01,-1.109599471092224121e+00,-9.582524299621582031e-01,-1.276233315467834473e+00,-8.458024859428405762e-01,-9.395281672477722168e-01,-1.444929599761962891e+00,-8.719260096549987793e-01,-8.251684308052062988e-01
-7.992590665817260742e-01,-1.329522013664245605e+00,-1.013388276100158691e+00,-1.128349661827087402e+00,-1.060148835182189941e+00,-8.716388940811157227e-01,-1.124624490737915039e+00,-1.299711585044860840e+00,-1.326297760009765625e+00,-1.310999274253845215e+00,-7.724097371101379395e-01,-6.372810602188110352e-01,-6.788067221641540527e-01,-1.135039448738098145e+00,-1.232726812362670898e+00,-7.985047101974487305e-01,-1.302818775177001953e+00,-1.035229086875915527e+00,-1.028085947036743164e+00,-9.816185235977172852e-01
-8.774495124816894531e-01,-8.369792103767395020e-01,-6.891890168190002441e-01,-1.080878257751464844e+00,-7.487378120422363281e-01,-7.854484915733337402e-01,-7.522796392440795898e-01,-7.411366105079650879e-01,-1.197143197059631348e+00,-1.262355446815490723e+00,-7.378870248794555664e-01,-1.115044116973876953e+00,-1.078100442886352539e+00,-8.189283013343811035e-01,-8.629576563835144043e-01,-6.140392422676086426e-01,-1.014140725135803223e+00,-1.308841347694396973e+00,-1.003461241722106934e+00,-1.112609863281250000e+00
-8.675930500030517578e-01,-1.111226439476013184e+00,-9.784411191940307617e-01,-6.180474162101745605e-01,-9.252939820289611816e-01,-7.401188015937805176e-01,-1.085764646530151367e+00,-7.383597493171691895e-01,-1.382436394691467285e+00,-9.215912818908691406e-01,-1.019811987876892090e+00,-1.019213199615478516e+00,-8.093388676643371582e-01,-1.201472878456115723e+00,-1.164095640182495117e+00,-9.976139664649963379e-01,-9.238106012344360352e-01,-9.275225400924682617e-01,-6.882527470588684082e-01,-9.803984761238098145e-01
-1.059511303901672363e+00,-1.059966444969177246e+00,-1.505760669708251953e+00,-7.690961360931396484e-01,-8.257254362106323242e-01,-9.140604734420776367e-01,-8.070155382156372070e-01,-1.187700867652893066e+00,-8.838210701942443848e-01,-9.320051074028015137e-01,-1.012099742889404297e+00,-6.515674591064453125e-01,-1.044754147529602051e+00,-1.022185921669006348e+00,-1.268478870391845703e+00,-1.020234346389770508e+00,-7.211894392967224121e-01,-1.113932371139526367e+00,-7.771217823028564453e-01,-8.889460563659667969e-01
-1.049162626266479492e+00,-8.143225312232971191e-01,-1.064134716987609863e+00,-9.535952806472778320e-01,-8.551832437515258789e-01,-8.352150321006774902e-01,-1.102541804313659668e+00,-1.135668635368347168e+00,-1.027114629745483398e+00,-1.049940466880798340e+00,-1.197318911552429199e+00,-1.316672205924987793e+00,-9.864598512649536133e-01,-1.452660560607910156e+00,-9.921489357948303223e-01,-1.161854743957519531e+00,-1.795372962951660156e+00,-8.461959958076477051e-01,-1.056063532829284668e+00,-8.706708550453186035e-01
-7.403830289840698242e-01,-9.472301602363586426e-01,-8.618943095207214355e-01,-1.058474659919738770e+00,-1.018438458442687988e+00,-8.518114686012268066e-01,-9.479273557662963867e-01,-6.644296050071716309e-01,-1.066845893859863281e+00,-1.361714720726013184e+00,-1.066742181777954102e+00,-1.308068037033081055e+00,-1.055796742439270020e+00,-1.102572560310363770e+00,-8.773854970932006836e-01,-8.444250822067260742e-01,-1.150585889816284180e+00,-1.151784300804138184e+00,-8.987509012222290039e-01,-9.606083631515502930e-01
-1.058385848999023438e+00,-1.010711908340454102e+00,-7.951770424842834473e-01,-9.179996848106384277e-01,-1.098204731941223145e+00,-7.795250415802001953e-01,-6.294648647308349609e-01,-1.144385933876037598e+00,-1.185880661010742188e+00,-1.058291554450988770e+00,-7.340219020843505859e-01,-1.070466876029968262e+00,-7.390005588531494141e-01,-1.386188745498657227e+00,-1.057132601737976074e+00,-6.426597833633422852e-01,-1.681519985198974609e+00,-7.703769803047180176e-01,-1.439066052436828613e+00,-9.186182022094726562e-01
-9.781812429428100586e-01,-8.667659163475036621e-01,-1.126953363418579102e+00,-8.797595500946044922e-01,-9.549221992492675781e-01,-5.015162825584411621e-01,-9.125034809112548828e-01,-1.232541918754577637e+00,-1.186038494110107422e+00,-1.200183868408203125e+00,-8.057141900062561035e-01,-7.293926477432250977e-01,-9.619567990303039551e-01,-1.049129247665405273e+00,-6.561361551284790039e-01,-9.117026329040527344e-01,-1.353940129280090332e+00,-1.148688435554504395e+00,-1.340280890464782715e+00,-7.488237023353576660e-01
-1.255396723747253418e+00,-7.529855370521545410e-01,-6.719043850898742676e-01,-7.903433442115783691e-01,-1.078340411186218262e+00,-8.678133487701416016e-01,-1.054499506950378418e+00,-8.345491290092468262e-01,-8.079483509063720703e-01,-1.074909448623657227e+00,-6.121631860733032227e-01,-5.400413870811462402e-01,-5.177795290946960449e-01,-1.084234952926635742e+00,-8.820487856864929199e-01,-1.144912242889404297e+00,-1.606009483337402344e+00,-9.722189307212829590e-01,-8.680551648139953613e-01,-9.736592173576354980e-01
-8.739246129989624023e-01,-9.627506732940673828e-01,-8.762421011924743652e-01,-9.866563081741333008e-01,-8.970994353294372559e-01,-5.045290589332580566e-01,-7.705911993980407715e-01,-7.473801374435424805e-01,-1.289388775825500488e+00,-1.070606708526611328e+00,-8.627014160156250000e-01,-8.457344770431518555e-01,-9.099848866462707520e-01,-1.273287534713745117e+00,-1.170034646987915039e+00,-9.958426952362060547e-01,-9.080371260643005371e-01,-8.200751543045043945e-01,-8.894707560539245605e-01,-9.416502118110656738e-01
-8.673217892646789551e-01,-6.449735164642333984e-01,-8.988917469978332520e-01,-9.435762763023376465e-01,-8.446179628372192383e-01,-9.977032542228698730e-01,-1.283388853073120117e+00,-1.199634432792663574e+00,-1.063276290893554688e+00,-1.198152780532836914e+00,-6.193003654479980469e-01,-1.158010244369506836e+00,-8.641806244850158691e-01,-9.964935779571533203e-01,-9.707283377647399902e-01,-1.036419630050659180e+00,-8.714359998703002930e-01,-8.465930819511413574e-01,-1.021513462066650391e+00,-9.234546422958374023e-01
-1.204743623733520508e+00,-8.974216580390930176e-01,-1.378076672554016113e+00,-1.125133514404296875e+00,-9.601061344146728516e-01,-1.012660026550292969e+00,-6.548416614532470703e-01,-9.364544749259948730e-01,-9.491603970527648926e-01,-1.197403311729431152e+00,-1.092648029327392578e+00,-9.426094889640808105e-01,-8.404325246810913086e-01,-1.313737511634826660e+00,-9.907360076904296875e-01,-1.039556145668029785e+00,-5.793454647064208984e-01,-1.239328145980834961e+00,-1.111058115959167480e+00,-9.328650236129760742e-01
-9.361325502395629883e-01,-8.983152508735656738e-01,-1.066928386688232422e+00,-1.046854257583618164e+00,-1.154283523559570312e+00,-7.213762998580932617e-01,-1.143921971321105957e+00,-1.148216962814331055e+00,-8.951668143272399902e-01,-1.189581155776977539e+00,-1.295205712318420410e+00,-1.070132970809936523e+00,-9.010732173919677734e-01,-1.371442675590515137e+00,-8.754917383193969727e-01,-9.551655054092407227e-01,-1.047218203544616699e+00,-1.163571715354919434e+00,-1.045975208282470703e+00,-8.674513101577758789e-01
-9.237428903579711914e-01,-6.605535149574279785e-01,-1.128248333930969238e+00,-1.142732858657836914e+00,-1.155892968177795410e+00,-9.268068075180053711e-01,-1.137633085250854492e+00,-9.267266392707824707e-01,-1.109283208847045898e+00,-1.420743227005004883e+00,-1.035647630691528320e+00,-9.515513777732849121e-01,-6.280066967010498047e-01,-1.035150170326232910e+00,-1.067199945449829102e+00,-8.594091534614562988e-01,-1.263721823692321777e+00,-9.911633729934692383e-01,-8.531222939491271973e-01,-1.089910745620727539e+00
-1.196636438369750977e+00,-1.022730708122253418e+00,-1.232673406600952148e+00,-1.322755455970764160e+00,-8.974460959434509277e-01,-1.247422337532043457e+00,-7.906751036643981934e-01,-1.164641261100769043e+00,-1.113920092582702637e+00,-1.175551295280456543e+00,-6.984984278678894043e-01,-7.925750613212585449e-01,-9.992117881774902344e-01,-1.106554865837097168e+00,-1.142320871353149414e+00,-9.256696701049804688e-01,-8.669254183769226074e-01,-1.304007887840270996e+00,-9.795348644256591797e-01,-1.028803706169128418e+00
-1.084490180015563965e+00,-1.092465877532958984e+00,-1.038495540618896484e+00,-9.507058858871459961e-01,-8.507601618766784668e-01,-5.256609916687011719e-01,-8.249033093452453613e-01,-1.077363252639770508e+00,-6.472494006156921387e-01,-1.283951401710510254e+00,-7.688041329383850098e-01,-1.364317536354064941e+00,-7.166789174079895020e-01,-1.097311377525329590e+00,-7.291722297668457031e-01,-1.116956710815429688e+00,-1.112157583236694336e+00,-1.176679968833923340e+00,-1.034128427505493164e+00,-6.385171413421630859e-01
-9.148306250572204590e-01,-1.244613409042358398e+00,-1.007947325706481934e+00,-1.182436227798461914e+00,-7.619423866271972656e-01,-8.675057888031005859e-01,-9.263837933540344238e-01,-9.524641633033752441e-01,-1.268616318702697754e+00,-1.112535953521728516e+00,-1.014694690704345703e+00,-8.807469010353088379e-01,-1.057020306587219238e+00,-6.399493813514709473e-01,-1.058150887489318848e+00,-1.346200108528137207e+00,-1.005180597305297852e+00,-1.272146105766296387e+00,-6.963568925857543945e-01,-1.013675808906555176e+00
-1.050937533378601074e+00,-9.609684348106384277e-01,-9.548420906066894531e-01,-9.406613707542419434e-01,-8.662635087966918945e-01,-7.272730469703674316e-01,-8.809384703636169434e-01,-4.990826845169067383e-01,-1.008201360702514648e+00,-9.864600300788879395e-01,-1.002744674682617188e+00,-9.698044061660766602e-01,-2.078914791345596313e-01,-1.212736248970031738e+00,-7.264223694801330566e-01,-9.747667908668518066e-01,-9.654406905174255371e-01,-8.934096097946166992e-01,-7.185266017913818359e-01,-9.590716958045959473e-01
-1.142012119293212891e+00,-9.083501100540161133e-01,-1.030368328094482422e+00,-9.007511138916015625e-01,-7.658082246780395508e-01,-9.264490008354187012e-01,-8.944406509399414062e-01,-8.761399984359741211e-01,-1.028587222099304199e+00,-1.105511903762817383e+00,-9.501298069953918457e-01,-1.227161049842834473e+00,-9.736529588699340820e-01,-1.123092293739318848e+00,-1.014766454696655273e+00,-1.221793770790100098e+00,-1.456540703773498535e+00,-8.192806839942932129e-01,-8.614106774330139160e-01,-7.056471109390258789e-01
-8.717467188835144043e-01,-8.049991130828857422e-01,-8.396297693252563477e-01,-8.762299418449401855e-01,-9.094891548156738281e-01,-7.711479663848876953e-01,-7.475023865699768066e-01,-9.544670581817626953e-01,-7.438084483146667480e-01,-1.496417760848999023e+00,-9.527136683464050293e-01,-8.535682559013366699e-01,-6.682476997375488281e-01,-1.110526680946350098e+00,-1.099251389503479004e+00,-8.317770957946777344e-01,-6.735056638717651367e-01,-1.120303273200988770e+00,-6.439903974533081055e-01,-8.374941349029541016e-01
-1.392381310462951660e+00,-3.756290376186370850e-01,-1.122203946113586426e+00,-9.122510552406311035e-01,-9.595911502838134766e-01,-9.749547243118286133e-01,-1.121150374412536621e+00,-6.322751641273498535e-01,-1.315705060958862305e+00,-1.128931403160095215e+00,-1.149000883102416992e+00,-4.453008174896240234e-01,-8.824025392532348633e-01,-8.033733367919921875e-01,-1.080072999000549316e+00,-8.272944092750549316e-01,-1.214939832687377930e+00,-1.232005953788757324e+00,-9.977615475654602051e-01,-1.218569397926330566e+00
-1.012964010238647461e+00,-1.039966821670532227e+00,-1.138472318649291992e+00,-1.106245160102844238e+00,-7.234023809432983398e-01,-7.662214636802673340e-01,-7.625732421875000000e-01,-1.202732801437377930e+00,-9.153580665588378906e-01,-1.043578505516052246e+00,-1.201630473136901855e+00,-8.944914340972900391e-01,-6.490498185157775879e-01,-1.310212135314941406e+00,-1.102016091346740723e+00,-7.960118055343627930e-01,-8.126763701438903809e-01,-9.747040271759033203e-01,-1.118720054626464844e+00,-5.480134487152099609e-01
-7.258776426315307617e-01,-6.666266322135925293e-01,-6.977384686470031738e-01,-9.958916902542114258e-01,-5.946335792541503906e-01,-1.027277946472167969e+00,-1.072413086891174316e+00,-1.282131075859069824e+00,-9.453925490379333496e-01,-9.112548828125000000e-01,-1.113988518714904785e+00,-7.672601938247680664e-01,-8.343894481658935547e-01,-8.624953627586364746e-01,-1.381506443023681641e+00,-9.943777322769165039e-01,-9.367045164108276367e-01,-1.018303632736206055e+00,-1.009712815284729004e+00,-1.178360700607299805e+00
-1.098538041114807129e+00,-8.126047849655151367e-01,-9.632849693298339844e-01,-9.534853100776672363e-01,-7.070721387863159180e-01,-6.878481507301330566e-01,-8.531084656715393066e-01,-7.935868501663208008e-01,-9.521844983100891113e-01,-1.106097579002380371e+00,-8.043178319931030273e-01,-8.434784412384033203e-01,-8.371913433074951172e-01,-1.080121159553527832e+00,-6.102976202964782715e-01,-1.182808756828308105e+00,-8.379661440849304199e-01,-1.082982182502746582e+00,-8.705747127532958984e-01,-7.005502581596374512e-01
-9.430193305015563965e-01,-8.311896324157714844e-01,-8.872401118278503418e-01,-1.377131581306457520e+00,-8.900623917579650879e-01,-4.382898211479187012e-01,-9.115971326828002930e-01,-1.456540465354919434e+00,-1.280799865722656250e+00,-1.427675843238830566e+00,-9.490854144096374512e-01,-9.831080436706542969e-01,-8.983201384544372559e-01,-8.345185518264770508e-01,-1.086496353149414062e+00,-1.087355136871337891e+00,-1.138014197349548340e+00,-1.019755840301513672e+00,-1.244935631752014160e+00,-4.477808773517608643e-01
-9.299086928367614746e-01,-1.176085829734802246e+00,-9.040620326995849609e-01,-9.943627119064331055e-01,-6.323192715644836426e-01,-8.372005820274353027e-01,-5.755726695060729980e-01,-8.137109875679016113e-01,-9.959107041358947754e-01,-9.933488368988037109e-01,-7.466634511947631836e-01,-8.165780305862426758e-01,-9.647582173347473145e-01,-8.227899670600891113e-01,-1.068413853645324707e+00,-9.003154635429382324e-01,-1.526168584823608398e+00,-1.303924679756164551e+00,-9.773476123809814453e-01,-1.079619765281677246e+00
-7.491794228553771973e-01,-8.792601227760314941e-01,-9.646581411361694336e-01,-7.118871212005615234e-01,-8.688969612121582031e-01,-1.070198893547058105e+00,-7.276951670646667480e-01,-1.414792537689208984e+00,-1.101467609405517578e+00,-1.211446642875671387e+00,-7.946661710739135742e-01,-1.078128695487976074e+00,-9.243569970130920410e-01,-9.587112665176391602e-01,-7.524666190147399902e-01,-9.943473935127258301e-01,-6.972219944000244141e-01,-1.151401877403259277e+00,-9.662158489227294922e-01,-9.871895909309387207e-01
-1.142644762992858887e+00,-9.193147420883178711e-01,-8.851730823516845703e-01,-8.714715838432312012e-01,-5.530913472175598145e-01,-9.555317163467407227e-01,-6.354750990867614746e-01,-1.238842010498046875e+00,-1.041737556457519531e+00,-1.008756160736083984e+00,-8.660644292831420898e-01,-7.890902161598205566e-01,-8.983660340309143066e-01,-1.229065537452697754e+00,-9.644960761070251465e-01,-9.035947918891906738e-01,-8.096514344215393066e-01,-1.574944853782653809e+00,-8.457885384559631348e-01,-7.042108774185180664e-01
-1.377314567565917969e+00,-1.149654269218444824e+00,-9.943057894706726074e-01,-8.222240209579467773e-01,-1.033655405044555664e+00,-7.190453410148620605e-01,-6.233558654785156250e-01,-7.984691858291625977e-01,-1.568005681037902832e+00,-1.164740920066833496e+00,-1.198560118675231934e+00,-1.054293990135192871e+00,-5.791530609130859375e-01,-1.297299981117248535e+00,-8.045377135276794434e-01,-1.215940713882446289e+00,-1.047455549240112305e+00,-3.712390661239624023e-01,-1.275211930274963379e+00,-1.126307368278503418e+00
-9.682537317276000977e-01,-7.201110720634460449e-01,-9.607771039009094238e-01,-6.977650523185729980e-01,-7.692342400550842285e-01,-7.434633970260620117e-01,-8.022872209548950195e-01,-8.829314708709716797e-01,-1.032563686370849609e+00,-1.148815631866455078e+00,-1.241607785224914551e+00,-5.126989483833312988e-01,-8.528513908386230469e-01,-9.340887665748596191e-01,-7.483699917793273926e-01,-6.181808114051818848e-01,-1.089120864868164062e+00,-7.563172578811645508e-01,-1.048651933670043945e+00,-9.312436580657958984e-01
-8.159152269363403320e-01,-1.065352678298950195e+00,-1.430744171142578125e+00,-1.137337565422058105e+00,-1.281916975975036621e+00,-1.109410285949707031e+00,-8.450644016265869141e-01,-9.602811932563781738e-01,-9.259906411170959473e-01,-1.012420535087585449e+00,-6.629400253295898438e-01,-8.143979907035827637e-01,-7.447425127029418945e-01,-9.939275979995727539e-01,-1.151191353797912598e+00,-6.652101874351501465e-01,-1.191440343856811523e+00,-1.138725996017456055e+00,-9.390614628791809082e-01,-8.257702589035034180e-01
-9.428853392601013184e-01,-9.991358518600463867e-01,-9.590407013893127441e-01,-8.925510048866271973e-01,-7.723968029022216797e-01,-7.282562851905822754e-01,-1.052783846855163574e+00,-6.989057660102844238e-01,-8.935599327087402344e-01,-1.004102706909179688e+00,-1.004206538200378418e+00,-8.969615697860717773e-01,-7.403815984725952148e-01,-1.091262698173522949e+00,-8.389316797256469727e-01,-8.533515334129333496e-01,-1.275511741638183594e+00,-8.876706361770629883e-01,-8.032612800598144531e-01,-1.139918208122253418e+00
-7.084602713584899902e-01,-8.114613890647888184e-01,-1.261890769004821777e+00,-1.045353174209594727e+00,-7.993012070655822754e-01,-1.217152357101440430e+00,-9.840139746665954590e-01,-1.073397994041442871e+00,-6.776971220970153809e-01,-1.219741463661193848e+00,-9.898320436477661133e-01,-6.333957314491271973e-01,-8.697546720504760742e-01,-1.138273954391479492e+00,-1.143536925315856934e+00,-7.827801108360290527e-01,-1.274310827255249023e+00,-1.454596400260925293e+00,-9.914928078651428223e-01,-9.440295696258544922e-01
-1.148016691207885742e+00,-1.112314462661743164e+00,-1.057668566703796387e+00,-9.897468686103820801e-01,-9.770421385765075684e-01,-5.350250601768493652e-01,-7.558769583702087402e-01,-1.088787913322448730e+00,-6.895460486412048340e-01,-9.667530059814453125e-01,-8.978893756866455078e-01,-4.677765667438507080e-01,-9.472496509552001953e-01,-1.052238821983337402e+00,-5.875449776649475098e-01,-1.060879945755004883e+00,-5.575143694877624512e-01,-1.015400886535644531e+00,-1.077228784561157227e+00,-1.041741371154785156e+00
-1.072250962257385254e+00,-1.032298088073730469e+00,-8.572068810462951660e-01,-6.177210211753845215e-01,-9.618033170700073242e-01,-5.738158226013183594e-01,-1.132949233055114746e+00,-1.317738413810729980e+00,-9.878235459327697754e-01,-1.031769037246704102e+00,-9.815341830253601074e-01,-1.066042304039001465e+00,-6.919108629226684570e-01,-1.110392808914184570e+00,-1.266086935997009277e+00,-1.047483325004577637e+00,-8.698811531066894531e-01,-8.772323131561279297e-01,-6.960096955299377441e-01,-8.764211535453796387e-01
-9.011928439140319824e-01,-1.003764271736145020e+00,-5.643185377120971680e-01,-1.190717577934265137e+00,-5.817689895629882812e-01,-5.383857488632202148e-01,-7.236664295196533203e-01,-1.101741433143615723e+00,-1.230941295623779297e+00,-1.209645748138427734e+00,-1.116984367370605469e+00,-5.660927295684814453e-01,-8.337714076042175293e-01,-9.734892249107360840e-01,-8.237578272819519043e-01,-1.007483005523681641e+00,-1.118450284004211426e+00,-9.877147078514099121e-01,-1.109050035476684570e+00,-8.462717533111572266e-01
-9.386216998100280762e-01,-1.190437197685241699e+00,-1.264902710914611816e+00,-8.356588482856750488e-01,-8.117868900299072266e-01,-6.823602914810180664e-01,-7.283786535263061523e-01,-1.202331542968750000e+00,-6.708590984344482422e-01,-1.386796474456787109e+00,-1.057733774185180664e+00,-7.363156676292419434e-01,-8.353335261344909668e-01,-1.164795994758605957e+00,-1.142042875289916992e+00,-1.104819536209106445e+00,-5.338957905769348145e-01,-1.025091290473937988e+00,-9.831524491310119629e-01,-6.354988217353820801e-01
-1.055306077003479004e+00,-1.037364482879638672e+00,-1.076681733131408691e+00,-1.030509114265441895e+00,-9.543994069099426270e-01,-1.231725215911865234e+00,-1.017686843872070312e+00,-7.426462173461914062e-01,-1.139784336090087891e+00,-1.042489290237426758e+00,-7.328368425369262695e-01,-7.645381689071655273e-01,-9.736455678939819336e-01,-1.360312342643737793e+00,-7.985917925834655762e-01,-8.131278753280639648e-01,-8.452573418617248535e-01,-9.516831040382385254e-01,-1.052706956863403320e+00,-8.065219521522521973e-01
-1.169202566146850586e+00,-8.490964770317077637e-01,-9.801917076110839844e-01,-6.340598464012145996e-01,-9.769742488861083984e-01,-1.035973668098449707e+00,-9.264479279518127441e-01,-7.265211939811706543e-01,-1.071455478668212891e+00,-1.299973607063293457e+00,-1.143865823745727539e+00,-8.697538375854492188e-01,-8.034790158271789551e-01,-1.111039519309997559e+00,-9.138044714927673340e-01,-8.517419099807739258e-01,-1.265154242515563965e+00,-1.260553359985351562e+00,-1.032157182693481445e+00,-1.094598293304443359e+00
-1.072943329811096191e+00,-8.942970633506774902e-01,-7.269160151481628418e-01,-7.547651529312133789e-01,-9.877365231513977051e-01,-1.104299545288085938e+00,-1.089450955390930176e+00,-1.278158545494079590e+00,-1.097488403320312500e+00,-1.381615400314331055e+00,-7.893601059913635254e-01,-9.233635067939758301e-01,-9.010614156723022461e-01,-1.114316344261169434e+00,-4.814029633998870850e-01,-6.844096779823303223e-01,-5.786136984825134277e-01,-1.403380632400512695e+00,-9.069268107414245605e-01,-9.853982925415039062e-01
-8.150936961174011230e-01,-8.007846474647521973e-01,-1.031846165657043457e+00,-1.118059873580932617e+00,-8.329510688781738281e-01,-6.634410619735717773e-01,-7.230537533760070801e-01,-7.161612510681152344e-01,-8.400582075119018555e-01,-1.147299528121948242e+00,-8.651266694068908691e-01,-7.730690240859985352e-01,-1.213175892829895020e+00,-9.933300614356994629e-01,-1.248468756675720215e+00,-6.837695240974426270e-01,-8.751578330993652344e-01,-1.076887845993041992e+00,-7.794812917709350586e-01,-1.143388509750366211e+00
-4.984738230705261230e-01,-8.370717763900756836e-01,-6.923174262046813965e-01,-9.642632007598876953e-01,-8.706421256065368652e-01,-8.929451704025268555e-01,-1.287483811378479004e+00,-9.736169576644897461e-01,-7.434762716293334961e-01,-1.260475158691406250e+00,-1.264428496360778809e+00,-9.537680745124816895e-01,-8.071126341819763184e-01,-9.747394919395446777e-01,-1.285755872726440430e+00,-6.503031253814697266e-01,-1.003401517868041992e+00,-7.619884610176086426e-01,-1.053790092468261719e+00,-1.017070531845092773e+00
-8.192539215087890625e-01,-1.157512068748474121e+00,-1.205857753753662109e+00,-1.137735128402709961e+00,-1.087891221046447754e+00,-8.366532921791076660e-01,-9.414480328559875488e-01,-1.083464741706848145e+00,-1.022492527961730957e+00,-1.092864871025085449e+00,-8.876431584358215332e-01,-7.052957415580749512e-01,-1.102043032646179199e+00,-9.962009191513061523e-01,-1.020388245582580566e+00,-9.199491739273071289e-01,-1.381875157356262207e+00,-8.460488319396972656e-01,-7.806894183158874512e-01,-9.259109497070312500e-01
-7.350532412528991699e-01,-8.033787012100219727e-01,-1.008617639541625977e+00,-9.336948990821838379e-01,-1.080850005149841309e+00,-6.348202824592590332e-01,-1.150372028350830078e+00,-7.742063999176025391e-01,-1.017517328262329102e+00,-1.197209715843200684e+00,-1.001628279685974121e+00,-1.105010390281677246e+00,-1.825350672006607056e-01,-1.152359724044799805e+00,-7.543976902961730957e-01,-1.103264689445495605e+00,-7.377981543540954590e-01,-1.024263978004455566e+00,-6.901342272758483887e-01,-1.114749550819396973e+00
-1.156109571456909180e+00,-6.855772733688354492e-01,-1.102379322052001953e+00,-8.173301815986633301e-01,-9.432803988456726074e-01,-8.693365454673767090e-01,-8.158001899719238281e-01,-8.067066669464111328e-01,-9.140179753303527832e-01,-1.225123286247253418e+00,-8.829579353332519531e-01,-7.801836729049682617e-01,-6.567003726959228516e-01,-5.474121570587158203e-01,-1.080229282379150391e+00,-9.636847376823425293e-01,-1.087803006172180176e+00,-1.088918328285217285e+00,-1.149963974952697754e+00,-1.175769925117492676e+00
-9.477046132087707520e-01,-8.283320069313049316e-01,-8.694699406623840332e-01,-1.102879285812377930e+00,-7.874269485473632812e-01,-6.326196193695068359e-01,-9.461853504180908203e-01,-9.787117242813110352e-01,-8.400563001632690430e-01,-9.870588779449462891e-01,-1.038933992385864258e+00,-1.061142563819885254e+00,-9.365965723991394043e-01,-1.219641089439392090e+00,-8.521916866302490234e-01,-6.808879971504211426e-01,-1.006111741065979004e+00,-1.089011907577514648e+00,-9.316316246986389160e-01,-8.441959619522094727e-01
-9.878574013710021973e-01,-1.079628109931945801e+00,-1.218238949775695801e+00,-7.801377773284912109e-01,-6.947990655899047852e-01,-4.160321354866027832e-01,-8.862511515617370605e-01,-9.669579267501831055e-01,-9.422111511230468750e-01,-1.339739918708801270e+00,-1.182882666587829590e+00,-6.940731406211853027e-01,-1.132601261138916016e+00,-1.176120758056640625e+00,-9.380397796630859375e-01,-7.892382144927978516e-01,-9.475334286689758301e-01,-7.202724814414978027e-01,-8.073093891143798828e-01,-1.158280372619628906e+00
-6.707621812820434570e-01,-7.608037590980529785e-01,-6.665977239608764648e-01,-7.950364947319030762e-01,-6.845470666885375977e-01,-5.516989827156066895e-01,-8.536489605903625488e-01,-1.060610890388488770e+00,-9.726871848106384277e-01,-1.297577500343322754e+00,-8.438602685928344727e-01,-8.348288536071777344e-01,-9.036211967468261719e-01,-1.543667435646057129e+00,-9.763640165328979492e-01,-8.088843822479248047e-01,-1.149830460548400879e+00,-1.209999561309814453e+00,-1.000045180320739746e+00,-8.581578731536865234e-01
-1.500295996665954590e+00,-1.011576056480407715e+00,-6.624174714088439941e-01,-1.180929541587829590e+00,-9.523127675056457520e-01,-7.120046019554138184e-01,-7.118692994117736816e-01,-9.454371333122253418e-01,-1.433410406112670898e+00,-1.159577012062072754e+00,-9.751992821693420410e-01,-4.989553987979888916e-01,-6.293724775314331055e-01,-7.643146514892578125e-01,-9.690221548080444336e-01,-5.780435800552368164e-01,-8.675258755683898926e-01,-1.278523087501525879e+00,-6.612119674682617188e-01,-1.113417744636535645e+00
-9.404479861259460449e-01,-8.062269091606140137e-01,-9.176160097122192383e-01,-8.647526502609252930e-01,-1.057292222976684570e+00,-8.818780779838562012e-01,-1.142545342445373535e+00,-1.371514439582824707e+00,-1.079048275947570801e+00,-1.026503205299377441e+00,-1.191758632659912109e+00,-1.018490552902221680e+00,-8.097013235092163086e-01,-1.072124838829040527e+00,-7.249216437339782715e-01,-9.684410691261291504e-01,-1.184618473052978516e+00,-9.848164916038513184e-01,-1.133234262466430664e+00,-9.224874973297119141e-01
-9.254182577133178711e-01,-8.595801591873168945e-01,-7.304533720016479492e-01,-1.194842219352722168e+00,-1.167327404022216797e+00,-1.248735547065734863e+00,-8.573493957519531250e-01,-8.761551380157470703e-01,-9.636646509170532227e-01,-1.139447808265686035e+00,-1.131402730941772461e+00,-1.078319907188415527e+00,-9.077050685882568359e-01,-8.076737523078918457e-01,-9.366152882575988770e-01,-1.079699993133544922e+00,-8.936880230903625488e-01,-1.180976986885070801e+00,-8.787365555763244629e-01,-7.818108797073364258e-01
-9.892310500144958496e-01,-1.270447134971618652e+00,-1.097767710685729980e+00,-1.102978229522705078e+00,-1.109730005264282227e+00,-9.312068819999694824e-01,-5.478235483169555664e-01,-1.067148566246032715e+00,-1.168617606163024902e+00,-1.215811848640441895e+00,-7.907251119613647461e-01,-1.106417298316955566e+00,-7.053483128547668457e-01,-1.065891265869140625e+00,-9.031201601028442383e-01,-8.991866111755371094e-01,-7.370141744613647461e-01,-8.333341479301452637e-01,-1.028381109237670898e+00,-1.004337549209594727e+00
-1.059332847595214844e+00,-9.816126227378845215e-01,-1.145504236221313477e+00,-8.804976344108581543e-01,-1.107601046562194824e+00,-1.060992836952209473e+00,-9.328873157501220703e-01,-1.003566622734069824e+00,-9.885281920433044434e-01,-1.099709272384643555e+00,-1.302709579467773438e+00,-9.579049944877624512e-01,-8.174317479133605957e-01,-8.666326999664306641e-01,-5.727623105049133301e-01,-8.404613733291625977e-01,-1.236804485321044922e+00,-8.279132246971130371e-01,-1.004662990570068359e+00,-1.022467851638793945e+00
-1.210805773735046387e+00,-7.626629471778869629e-01,-9.373756647109985352e-01,-1.247067093849182129e+00,-1.103819489479064941e+00,-1.120227336883544922e+00,-7.872493863105773926e-01,-8.331742286682128906e-01,-1.098566174507141113e+00,-8.775417804718017578e-01,-1.022719144821166992e+00,-1.103685379028320312e+00,-9.303091168403625488e-01,-1.026692509651184082e+00,-1.322529196739196777e+00,-1.005455970764160156e+00,-1.214515566825866699e+00,-5.935702323913574219e-01,-7.442293763160705566e-01,-1.015236496925354004e+00
-7.993875145912170410e-01,-1.055466532707214355e+00,-8.132938146591186523e-01,-1.521218061447143555e+00,-1.200614929199218750e+00,-6.583344936370849609e-01,-8.272114992141723633e-01,-1.089102745056152344e+00,-1.021662235260009766e+00,-1.228086709976196289e+00,-1.282924294471740723e+00,-7.373518943786621094e-01,-1.184822082519531250e+00,-8.748113512992858887e-01,-8.527542948722839355e-01,-9.501807093620300293e-01,-1.328723311424255371e+00,-1.450431585311889648e+00,-5.751427412033081055e-01,-9.193248152732849121e-01
-8.218518495559692383e-01,-9.180281162261962891e-01,-8.927620053291320801e-01,-1.237279772758483887e+00,-8.230980634689331055e-01,-7.732868194580078125e-01,-4.764353334903717041e-01,-6.747479438781738281e-01,-6.803789138793945312e-01,-1.181530714035034180e+00,-7.880117893218994141e-01,-8.963540792465209961e-01,-6.557819843292236328e-01,-1.216863989830017090e+00,-8.833114504814147949e-01,-9.657823443412780762e-01,-9.457321166992187500e-01,-1.199193477630615234e+00,-9.800850152969360352e-01,-1.212662458419799805e+00
-1.061811566352844238e+00,-8.774126768112182617e-01,-9.863685369491577148e-01,-9.496815800666809082e-01,-9.939354658126831055e-01,-7.187019586563110352e-01,-1.079745888710021973e+00,-7.174483537673950195e-01,-1.012299537658691406e+00,-1.237397432327270508e+00,-8.416053056716918945e-01,-7.782474756240844727e-01,-8.564575910568237305e-01,-9.096180200576782227e-01,-9.772930741310119629e-01,-6.740190386772155762e-01,-1.020783066749572754e+00,-1.162201523780822754e+00,-1.316611409187316895e+00,-9.725751876831054688e-01
-1.047754764556884766e+00,-1.069327712059020996e+00,-7.210240364074707031e-01,-1.018846988677978516e+00,-6.727150678634643555e-01,-7.806634306907653809e-01,-7.657826542854309082e-01,-1.154425501823425293e+00,-9.165446162223815918e-01,-1.244844317436218262e+00,-7.566377520561218262e-01,-1.089142441749572754e+00,-9.165945053100585938e-01,-1.007347464561462402e+00,-9.105840325355529785e-01,-1.247783064842224121e+00,-1.054069399833679199e+00,-1.196180820465087891e+00,-1.083769917488098145e+00,-5.996934175491333008e-01
-6.677275896072387695e-01,-1.241864562034606934e+00,-9.964849352836608887e-01,-1.117020845413208008e+00,-9.969388246536254883e-01,-7.858909368515014648e-01,-6.326764225959777832e-01,-1.073338747024536133e+00,-7.090781331062316895e-01,-1.266195654869079590e+00,-9.040078520774841309e-01,-1.138906002044677734e+00,-9.725630283355712891e-01,-6.379892826080322266e-01,-1.054890036582946777e+00,-7.402653098106384277e-01,-9.391493797302246094e-01,-1.259166002273559570e+00,-7.906665802001953125e-01,-8.536682724952697754e-01
-1.262015223503112793e+00,-1.079255580902099609e+00,-1.336091399192810059e+00,-1.102399706840515137e+00,-9.754574894905090332e-01,-1.010544180870056152e+00,-1.016099095344543457e+00,-1.529804229736328125e+00,-1.012184262275695801e+00,-1.085121870040893555e+00,-6.638170480728149414e-01,-8.566492795944213867e-01,-8.657806515693664551e-01,-6.802589297294616699e-01,-1.207133412361145020e+00,-1.041002511978149414e+00,-7.692621946334838867e-01,-1.520860910415649414e+00,-1.295724034309387207e+00,-1.077180027961730957e+00
-7.484520673751831055e-01,-7.786029577255249023e-01,-6.559553146362304688e-01,-9.214065670967102051e-01,-5.316398143768310547e-01,-1.079337358474731445e+00,-8.886379003524780273e-01,-1.442853331565856934e+00,-7.927680611610412598e-01,-1.327538132667541504e+00,-4.803852140903472900e-01,-8.900903463363647461e-01,-9.146672487258911133e-01,-8.332983851432800293e-01,-6.048795580863952637e-01,-1.109357118606567383e+00,-9.779921174049377441e-01,-1.079876661300659180e+00,-9.373431205749511719e-01,-9.827669858932495117e-01
-1.230176925659179688e+00,-7.567492723464965820e-01,-8.980770111083984375e-01,-1.077168464660644531e+00,-9.762342572212219238e-01,-5.203253030776977539e-01,-9.003548622131347656e-01,-5.870661735534667969e-01,-1.164834260940551758e+00,-1.051779150962829590e+00,-1.219158887863159180e+00,-1.128273487091064453e+00,-1.012672662734985352e+00,-8.407734036445617676e-01,-1.281953930854797363e+00,-5.932973623275756836e-01,-9.097414016723632812e-01,-1.061966896057128906e+00,-1.339386940002441406e+00,-1.097077131271362305e+00
-1.186252355575561523e+00,-8.569061756134033203e-01,-1.173328518867492676e+00,-5.486028194427490234e-01,-1.013764858245849609e+00,-9.428193569183349609e-01,-7.946363687515258789e-01,-1.088381171226501465e+00,-1.333846449851989746e+00,-1.006328940391540527e+00,-8.683848977088928223e-01,-8.787249922752380371e-01,-1.082981348037719727e+00,-9.537349343299865723e-01,-1.182388067245483398e+00,-4.080436229705810547e-01,-8.022961616516113281e-01,-8.926964998245239258e-01,-1.124661803245544434e+00,-7.874163389205932617e-01
-1.185245275497436523e+00,-9.728680849075317383e-01,-1.112207770347595215e+00,-8.147704601287841797e-01,-6.122241616249084473e-01,-8.559693098068237305e-01,-8.125606179237365723e-01,-1.094536423683166504e+00,-9.645725488662719727e-01,-1.104708790779113770e+00,-7.182358503341674805e-01,-1.024973154067993164e+00,-7.852822542190551758e-01,-7.605459690093994141e-01,-1.202840924263000488e+00,-1.198827147483825684e+00,-9.283649325370788574e-01,-9.747433066368103027e-01,-9.128440022468566895e-01,-8.487640619277954102e-01
-8.700454235076904297e-01,-8.239012360572814941e-01,-7.853827476501464844e-01,-7.370924353599548340e-01,-7.132731080055236816e-01,-7.762604951858520508e-01,-1.139623045921325684e+00,-1.174486398696899414e+00,-1.077526211738586426e+00,-1.084587454795837402e+00,-1.098828196525573730e+00,-1.082321643829345703e+00,-1.155964136123657227e+00,-1.072499632835388184e+00,-1.200754284858703613e+00,-8.897499442100524902e-01,-1.180444121360778809e+00,-1.185043573379516602e+00,-8.558496832847595215e-01,-7.454633712768554688e-01
-1.497687578201293945e+00,-9.878482818603515625e-01,-1.151868462562561035e+00,-1.180389761924743652e+00,-9.762942790985107422e-01,-9.787989258766174316e-01,-1.081845164299011230e+00,-1.422962546348571777e+00,-1.094315886497497559e+00,-1.149071335792541504e+00,-6.278054714202880859e-01,-7.494975924491882324e-01,-8.775245547294616699e-01,-1.015261530876159668e+00,-9.803408384323120117e-01,-1.085731863975524902e+00,-9.538599252700805664e-01,-6.918247938156127930e-01,-1.150394678115844727e+00,-5.208526253700256348e-01
-1.086246371269226074e+00,-1.129826545715332031e+00,-7.861041426658630371e-01,-9.088730216026306152e-01,-9.268969893455505371e-01,-8.368320465087890625e-01,-1.013283014297485352e+00,-1.042890906333923340e+00,-1.153359651565551758e+00,-1.170311331748962402e+00,-7.995607256889343262e-01,-1.124222993850708008e+00,-8.464885950088500977e-01,-8.722485303878784180e-01,-5.514109134674072266e-01,-1.177082300186157227e+00,-1.053117394447326660e+00,-1.086908936500549316e+00,-8.485725522041320801e-01,-1.077258467674255371e+00
-1.279864311218261719e+00,-1.259896516799926758e+00,-9.101298451423645020e-01,-9.752317070960998535e-01,-9.741742610931396484e-01,-8.738817572593688965e-01,-8.551837801933288574e-01,-1.087248921394348145e+00,-5.499788522720336914e-01,-1.146441340446472168e+00,-7.633212208747863770e-01,-1.061205267906188965e+00,-6.810531616210937500e-01,-9.485060572624206543e-01,-8.537999987602233887e-01,-7.615998983383178711e-01,-8.765483498573303223e-01,-1.073570370674133301e+00,-1.058383345603942871e+00,-6.496785283088684082e-01
-1.106259942054748535e+00,-6.995203495025634766e-01,-1.402279376983642578e+00,-1.240124821662902832e+00,-7.260395884513854980e-01,-7.692596316337585449e-01,-8.565307855606079102e-01,-1.120074152946472168e+00,-9.143517613410949707e-01,-1.315069794654846191e+00,-9.757268428802490234e-01,-7.403353452682495117e-01,-8.145071268081665039e-01,-1.044999122619628906e+00,-1.194581270217895508e+00,-9.840550422668457031e-01,-1.040364980697631836e+00,-1.149379611015319824e+00,-8.833303451538085938e-01,-1.268061757087707520e+00
-1.147566676139831543e+00,-8.027374744415283203e-01,-9.847815036773681641e-01,-1.106154918670654297e+00,-7.794972658157348633e-01,-1.051370978355407715e+00,-6.305643320083618164e-01,-6.459967494010925293e-01,-1.058546304702758789e+00,-1.153066277503967285e+00,-1.135267257690429688e+00,-9.112305045127868652e-01,-5.233062505722045898e-01,-1.501153469085693359e+00,-1.108786702156066895e+00,-1.046648621559143066e+00,-8.683705329895019531e-01,-1.212044119834899902e+00,-8.999186158180236816e-01,-7.010916471481323242e-01
-9.743123054504394531e-01,-8.300721049308776855e-01,-8.273181915283203125e-01,-6.918902993202209473e-01,-8.557329177856445312e-01,-7.798790931701660156e-01,-4.546222090721130371e-01,-1.242894530296325684e+00,-8.661165237426757812e-01,-1.257864832878112793e+00,-6.875957846641540527e-01,-7.785260081291198730e-01,-1.046107411384582520e+00,-7.854959368705749512e-01,-5.631465315818786621e-01,-4.252589046955108643e-01,-1.204454898834228516e+00,-1.131862163543701172e+00,-1.357284665107727051e+00,-7.740885019302368164e-01
-8.779201507568359375e-01,-1.053411483764648438e+00,-1.033032655715942383e+00,-1.032972335815429688e+00,-1.297475576400756836e+00,-1.258304238319396973e+00,-9.608125090599060059e-01,-1.060640931129455566e+00,-9.267787337303161621e-01,-1.697023987770080566e+00,-1.382831931114196777e+00,-9.602810144424438477e-01,-7.970356345176696777e-01,-8.272861242294311523e-01,-7.005836367607116699e-01,-9.257699847221374512e-01,-8.107486367225646973e-01,-9.323109984397888184e-01,-6.231712698936462402e-01,-1.248306989669799805e+00
-6.649477481842041016e-01,-1.283105969429016113e+00,-9.583366513252258301e-01,-9.297088384628295898e-01,-7.205918431282043457e-01,-1.205527424812316895e+00,-8.904457688331604004e-01,-1.263560771942138672e+00,-1.541931033134460449e+00,-1.487395167350769043e+00,-1.031210064888000488e+00,-8.880564570426940918e-01,-8.864085078239440918e-01,-1.241424441337585449e+00,-9.842345118522644043e-01,-1.033226728439331055e+00,-1.479816436767578125e+00,-1.156762123107910156e+00,-8.386293053627014160e-01,-6.557568311691284180e-01
-7.944013476371765137e-01,-7.834746837615966797e-01,-1.055900335311889648e+00,-7.453875541687011719e-01,-9.567325711250305176e-01,-1.011772871017456055e+00,-6.375129222869873047e-01,-1.341479539871215820e+00,-8.513040542602539062e-01,-9.440856575965881348e-01,-6.435374617576599121e-01,-1.115481257438659668e+00,-8.425168991088867188e-01,-7.069508433341979980e-01,-8.273137211799621582e-01,-1.163176178932189941e+00,-8.077725172042846680e-01,-8.109174370765686035e-01,-1.168695807456970215e+00,-1.126280307769775391e+00
-1.086960554122924805e+00,-1.061376571655273438e+00,-9.811128377914428711e-01,-9.503517150878906250e-01,-8.818599581718444824e-01,-6.576795578002929688e-01,-1.012862086296081543e+00,-9.352086782455444336e-01,-9.629761576652526855e-01,-1.335345029830932617e+00,-6.437205076217651367e-01,-9.766849875450134277e-01,-9.973815679550170898e-01,-9.127588868141174316e-01,-6.331773400306701660e-01,-1.163898110389709473e+00,-1.028457641601562500e+00,-1.033093094825744629e+00,-9.727528691291809082e-01,-1.037481427192687988e+00
-9.806796908378601074e-01,-1.129373192787170410e+00,-7.348253130912780762e-01,-1.161120772361755371e+00,-1.162505507469177246e+00,-6.443140506744384766e-01,-9.003326892852783203e-01,-1.030475616455078125e+00,-1.496822953224182129e+00,-1.237150192260742188e+00,-6.983081698417663574e-01,-7.285689711570739746e-01,-9.379633665084838867e-01,-1.260699272155761719e+00,-1.067504763603210449e+00,-8.386469483375549316e-01,-1.414432406425476074e+00,-5.969484448432922363e-01,-7.369106411933898926e-01,-7.883546352386474609e-01
-1.025564908981323242e+00,-7.528266310691833496e-01,-8.722223043441772461e-01,-9.949813485145568848e-01,-1.090214014053344727e+00,-7.323741316795349121e-01,-5.807508230209350586e-01,-1.044003129005432129e+00,-1.458035945892333984e+00,-1.060775756835937500e+00,-1.255166888236999512e+00,-7.188276052474975586e-01,-5.640258193016052246e-01,-1.025207757949829102e+00,-8.146513104438781738e-01,-1.150820970535278320e+00,-1.001944661140441895e+00,-8.568352460861206055e-01,-1.141931414604187012e+00,-1.137918233871459961e+00
-5.612251162528991699e-01,-9.788020253181457520e-01,-1.228063821792602539e+00,-1.287935614585876465e+00,-6.128913760185241699e-01,-7.621335983276367188e-01,-9.678140878677368164e-01,-8.782530426979064941e-01,-1.250209808349609375e+00,-1.127800583839416504e+00,-9.916294217109680176e-01,-6.663734912872314453e-01,-1.256467342376708984e+00,-1.284410595893859863e+00,-8.159688711166381836e-01,-1.145309448242187500e+00,-1.266298890113830566e+00,-1.498171687126159668e+00,-1.054506182670593262e+00,-1.204104304313659668e+00
-1.385827541351318359e+00,-9.944053888320922852e-01,-9.749554395675659180e-01,-9.661467671394348145e-01,-7.067568898200988770e-01,-8.457300662994384766e-01,-2.367689758539199829e-01,-7.740940451622009277e-01,-9.182817935943603516e-01,-1.210862398147583008e+00,-1.128113865852355957e+00,-1.186739444732666016e+00,-1.187531352043151855e+00,-9.354378581047058105e-01,-9.158815741539001465e-01,-1.147691249847412109e+00,-1.135823607444763184e+00,-1.172385096549987793e+00,-1.217578053474426270e+00,-1.432925343513488770e+00
-8.969190120697021484e-01,-5.486425161361694336e-01,-8.863083720207214355e-01,-1.166031241416931152e+00,-8.209509849548339844e-01,-1.049836158752441406e+00,-5.993208289146423340e-01,-8.910159468650817871e-01,-1.399523735046386719e+00,-9.488932490348815918e-01,-8.197603821754455566e-01,-8.357477784156799316e-01,-1.102323055267333984e+00,-8.907000422477722168e-01,-1.120658755302429199e+00,-9.430513978004455566e-01,-1.360572576522827148e+00,-1.083978652954101562e+00,-1.244799733161926270e+00,-1.005424618721008301e+00
-8.606215715408325195e-01,-1.063373565673828125e+00,-9.668635129928588867e-01,-9.843114614486694336e-01,-1.096805572509765625e+00,-8.626199364662170410e-01,-1.121590137481689453e+00,-9.260296225547790527e-01,-1.378114700317382812e+00,-1.436200141906738281e+00,-1.285316586494445801e+00,-6.384852528572082520e-01,-6.967478990554809570e-01,-1.159221053123474121e+00,-9.690836071968078613e-01,-1.334350943565368652e+00,-1.126777529716491699e+00,-1.156485319137573242e+00,-9.633423089981079102e-01,-8.793662190437316895e-01
-1.294489979743957520e+00,-9.432985782623291016e-01,-1.059568643569946289e+00,-1.423367619514465332e+00,-6.095266342163085938e-01,-1.314192414283752441e+00,-6.281633973121643066e-01,-1.135959029197692871e+00,-1.052590370178222656e+00,-9.776146411895751953e-01,-7.761961221694946289e-01,-9.242978692054748535e-01,-9.627916812896728516e-01,-1.106571078300476074e+00,-8.631993532180786133e-01,-1.014195084571838379e+00,-1.076491236686706543e+00,-1.390582680702209473e+00,-1.218996524810791016e+00,-9.905486106872558594e-01
-6.792747378349304199e-01,-7.935759425163269043e-01,-9.817091822624206543e-01,-1.451023459434509277e+00,-6.432104110717773438e-01,-6.808923482894897461e-01,-1.170760989189147949e+00,-1.312531352043151855e+00,-8.657377958297729492e-01,-6.996930837631225586e-01,-7.032778263092041016e-01,-6.794542074203491211e-01,-6.371928453445434570e-01,-7.121888995170593262e-01,-1.069837570190429688e+00,-1.031562209129333496e+00,-1.299270153045654297e+00,-1.623340606689453125e+00,-8.852265477180480957e-01,-1.150383114814758301e+00
-9.527271986007690430e-01,-9.905034303665161133e-01,-9.574280977249145508e-01,-1.028160095214843750e+00,-1.188826084136962891e+00,-7.294943332672119141e-01,-1.253452420234680176e+00,-1.078454971313476562e+00,-1.188153147697448730e+00,-1.222011685371398926e+00,-7.615330219268798828e-01,-1.139947175979614258e+00,-8.157920241355895996e-01,-1.114619135856628418e+00,-1.027613282203674316e+00,-7.736806869506835938e-01,-1.014226436614990234e+00,-8.936535120010375977e-01,-8.857445120811462402e-01,-1.124052524566650391e+00
-7.385751008987426758e-01,-1.134467959403991699e+00,-8.668804168701171875e-01,-6.367573738098144531e-01,-8.577014803886413574e-01,-1.093104720115661621e+00,-8.689593672752380371e-01,-1.113792419433593750e+00,-8.750271201133728027e-01,-1.069135904312133789e+00,-9.925011992454528809e-01,-8.321263194084167480e-01,-9.467131495475769043e-01,-1.055597424507141113e+00,-1.025270819664001465e+00,-7.115747332572937012e-01,-1.047781825065612793e+00,-1.289964556694030762e+00,-1.114585757255554199e+00,-1.183164715766906738e+00
-7.374829053878784180e-01,-1.052600979804992676e+00,-8.394013047218322754e-01,-8.883700370788574219e-01,-7.300273180007934570e-01,-9.474917054176330566e-01,-8.773155808448791504e-01,-9.481121897697448730e-01,-9.028984904289245605e-01,-1.213293671607971191e+00,-9.988795518875122070e-01,-8.665478229522705078e-01,-1.017347574234008789e+00,-1.295407652854919434e+00,-1.186937451362609863e+00,-1.245472431182861328e+00,-8.642582297325134277e-01,-1.327567219734191895e+00,-9.476170539855957031e-01,-7.217789888381958008e-01
-8.363127708435058594e-01,-9.190742373466491699e-01,-8.270834088325500488e-01,-1.039409756660461426e+00,-1.024668574333190918e+00,-8.309683799743652344e-01,-9.747222065925598145e-01,-8.334215879440307617e-01,-9.537565112113952637e-01,-7.135125398635864258e-01,-9.381309747695922852e-01,-3.316770792007446289e-01,-7.752451300621032715e-01,-1.190131068229675293e+00,-9.974306225776672363e-01,-9.528484344482421875e-01,-9.774002432823181152e-01,-1.061233758926391602e+00,-6.865984797477722168e-01,-1.022930979728698730e+00
-7.109324932098388672e-01,-9.708902835845947266e-01,-9.238936305046081543e-01,-1.222147464752197266e+00,-1.030892848968505859e+00,-1.095214843750000000e+00,-9.942252039909362793e-01,-1.091074109077453613e+00,-8.287565112113952637e-01,-1.136109113693237305e+00,-9.315631985664367676e-01,-1.100033998489379883e+00,-7.351854443550109863e-01,-9.039454460144042969e-01,-6.448425054550170898e-01,-1.123375177383422852e+00,-1.009579658508300781e+00,-8.173838853836059570e-01,-1.166807174682617188e+00,-6.488054394721984863e-01
-1.046907067298889160e+00,-1.030266761779785156e+00,-8.187288045883178711e-01,-9.587615728378295898e-01,-7.600436210632324219e-01,-9.552339315414428711e-01,-8.817281723022460938e-01,-9.622613787651062012e-01,-7.085614800453186035e-01,-1.404833793640136719e+00,-1.121630430221557617e+00,-9.898962378501892090e-01,-1.321219086647033691e+00,-9.019958972930908203e-01,-9.678813219070434570e-01,-8.388295173645019531e-01,-1.074174523353576660e+00,-9.811054468154907227e-01,-1.201096773147583008e+00,-8.568966984748840332e-01
-9.604988098144531250e-01,-1.316585659980773926e+00,-9.304755926132202148e-01,-1.052251935005187988e+00,-9.255843758583068848e-01,-6.992748975753784180e-01,-1.077900052070617676e+00,-1.149735927581787109e+00,-1.035428524017333984e+00,-1.358028054237365723e+00,-8.622717857360839844e-01,-6.646817922592163086e-01,-4.807746410369873047e-01,-8.940137028694152832e-01,-1.099429607391357422e+00,-8.281801342964172363e-01,-8.176826834678649902e-01,-1.014690876007080078e+00,-1.089988470077514648e+00,-5.885128974914550781e-01
-1.112195134162902832e+00,-5.345795154571533203e-01,-8.013794422149658203e-01,-1.001780271530151367e+00,-1.263871073722839355e+00,-6.351499557495117188e-01,-1.272615909576416016e+00,-1.049453616142272949e+00,-9.655323028564453125e-01,-1.425610780715942383e+00,-1.122600317001342773e+00,-5.286498665809631348e-01,-6.570678949356079102e-01,-1.266391634941101074e+00,-9.294494986534118652e-01,-3.878451883792877197e-01,-8.383826613426208496e-01,-9.205452203750610352e-01,-1.186426639556884766e+00,-1.208147883415222168e+00
-1.239182829856872559e+00,-9.589442610740661621e-01,-4.842704832553863525e-01,-7.979436516761779785e-01,-1.231779575347900391e+00,-1.034885525703430176e+00,-5.236758589744567871e-01,-1.393911004066467285e+00,-7.415841817855834961e-01,-1.221737980842590332e+00,-9.647577404975891113e-01,-7.848000526428222656e-01,-7.240475416183471680e-01,-7.120748758316040039e-01,-5.708740949630737305e-01,-9.945645928382873535e-01,-1.227744698524475098e+00,-1.046495795249938965e+00,-1.185383439064025879e+00,-9.269042015075683594e-01
-1.321311712265014648e+00,-9.654368162155151367e-01,-9.011982679367065430e-01,-8.144796490669250488e-01,-9.315072894096374512e-01,-5.757930278778076172e-01,-9.987853169441223145e-01,-1.158675312995910645e+00,-1.127106904983520508e+00,-1.190383911132812500e+00,-1.093925476074218750e+00,-7.755640149116516113e-01,-7.288717627525329590e-01,-1.017991662025451660e+00,-1.226203083992004395e+00,-9.595528841018676758e-01,-1.083715319633483887e+00,-9.614140987396240234e-01,-1.191785216331481934e+00,-7.330174446105957031e-01
-1.017110109329223633e+00,-1.784730315208435059e+00,-8.673620223999023438e-01,-9.072654247283935547e-01,-8.720247745513916016e-01,-7.228316664695739746e-01,-8.893099427223205566e-01,-1.107380151748657227e+00,-1.172362804412841797e+00,-1.402504086494445801e+00,-1.247384667396545410e+00,-1.367945313453674316e+00,-7.679196000099182129e-01,-1.165739417076110840e+00,-6.637289524078369141e-01,-1.090389370918273926e+00,-1.238482356071472168e+00,-7.526663541793823242e-01,-9.188020825386047363e-01,-9.934012293815612793e-01
-6.596794724464416504e-01,-8.645105361938476562e-01,-9.108256697654724121e-01,-1.079358220100402832e+00,-8.808849453926086426e-01,-1.031459093093872070e+00,-8.913874626159667969e-01,-8.666375279426574707e-01,-6.163677573204040527e-01,-1.414551854133605957e+00,-9.834256768226623535e-01,-7.034263014793395996e-01,-8.691540956497192383e-01,-8.603419661521911621e-01,-1.061615228652954102e+00,-8.751240372657775879e-01,-1.124541997909545898e+00,-1.496742844581604004e+00,-1.112297892570495605e+00,-9.580332636833190918e-01
-1.007505416870117188e+00,-5.766333341598510742e-01,-1.135292649269104004e+00,-9.562314152717590332e-01,-1.053391098976135254e+00,-5.180742144584655762e-01,-7.131941318511962891e-01,-1.197208166122436523e+00,-7.930777072906494141e-01,-1.171151995658874512e+00,-1.122883915901184082e+00,-8.194714188575744629e-01,-7.293857932090759277e-01,-1.078150510787963867e+00,-1.155714035034179688e+00,-8.176223039627075195e-01,-9.323539733886718750e-01,-1.040618062019348145e+00,-8.017706871032714844e-01,-8.418524265289306641e-01
-1.122442960739135742e+00,-1.243132591247558594e+00,-8.055294752120971680e-01,-9.716759324073791504e-01,-8.365002870559692383e-01,-7.045039534568786621e-01,-1.196150779724121094e+00,-8.598362207412719727e-01,-1.222573995590209961e+00,-1.246536016464233398e+00,-9.028558135032653809e-01,-1.206613659858703613e+00,-9.942725896835327148e-01,-1.060050725936889648e+00,-1.057136058807373047e+00,-8.579061627388000488e-01,-1.233497262001037598e+00,-9.042989611625671387e-01,-6.539263129234313965e-01,-1.037724018096923828e+00
-1.337981462478637695e+00,-7.989130020141601562e-01,-1.282806634902954102e+00,-1.050161004066467285e+00,-1.153698205947875977e+00,-6.681699156761169434e-01,-5.257551670074462891e-01,-7.585230469703674316e-01,-8.698180913925170898e-01,-1.097942948341369629e+00,-8.064637184143066406e-01,-1.402392864227294922e+00,-5.280813574790954590e-01,-1.494971871376037598e+00,-7.276448607444763184e-01,-8.897529840469360352e-01,-1.211348176002502441e+00,-7.289909124374389648e-01,-7.127088308334350586e-01,-9.810844063758850098e-01
-1.016789913177490234e+00,-6.609362959861755371e-01,-8.385167717933654785e-01,-1.024142861366271973e+00,-1.095425248146057129e+00,-1.112892746925354004e+00,-4.786133766174316406e-01,-1.379808664321899414e+00,-7.067524790763854980e-01,-1.201018095016479492e+00,-8.304158449172973633e-01,-7.042639255523681641e-01,-7.052229642868041992e-01,-1.108246803283691406e+00,-1.001606941223144531e+00,-8.321943283081054688e-01,-1.281707882881164551e+00,-1.007993817329406738e+00,-7.417013049125671387e-01,-7.025891542434692383e-01
-1.130203366279602051e+00,-6.955378055572509766e-01,-1.122972011566162109e+00,-1.184504151344299316e+00,-1.038338184356689453e+00,-1.189128518104553223e+00,-1.067388534545898438e+00,-1.041827559471130371e+00,-1.219460010528564453e+00,-1.431646704673767090e+00,-1.351499438285827637e+00,-1.009219884872436523e+00,-9.998053312301635742e-01,-1.055850863456726074e+00,-6.481998562812805176e-01,-9.659289121627807617e-01,-8.764334321022033691e-01,-1.227204561233520508e+00,-8.531349897384643555e-01,-1.020120859146118164e+00
-9.743639230728149414e-01,-6.879373788833618164e-01,-8.400741815567016602e-01,-6.771949529647827148e-01,-7.264983654022216797e-01,-9.419344067573547363e-01,-9.032589197158813477e-01,-8.496054410934448242e-01,-1.061846137046813965e+00,-1.260404467582702637e+00,-8.885216712951660156e-01,-7.331709265708923340e-01,-1.132353663444519043e+00,-1.118997097015380859e+00,-1.222033977508544922e+00,-8.841804265975952148e-01,-1.253921031951904297e+00,-1.045241594314575195e+00,-7.205440998077392578e-01,-6.995648145675659180e-01
-7.296476364135742188e-01,-8.611524701118469238e-01,-9.990271329879760742e-01,-9.335362315177917480e-01,-8.986328244209289551e-01,-8.141654133796691895e-01,-9.796928167343139648e-01,-8.497182130813598633e-01,-9.557880759239196777e-01,-1.096082806587219238e+00,-1.213546633720397949e+00,-1.026338219642639160e+00,-9.365993142127990723e-01,-7.664596438407897949e-01,-6.809901595115661621e-01,-1.016160607337951660e+00,-1.107503056526184082e+00,-7.178638577461242676e-01,-1.111584544181823730e+00,-8.391094207763671875e-01
-9.521225690841674805e-01,-9.794296622276306152e-01,-1.052987456321716309e+00,-6.139999032020568848e-01,-1.092916965484619141e+00,-5.559186339378356934e-01,-1.395001292228698730e+00,-1.219526171684265137e+00,-9.096285104751586914e-01,-1.634876489639282227e+00,-1.271037817001342773e+00,-6.493837833404541016e-01,-8.301092386245727539e-01,-8.546413183212280273e-01,-5.227746963500976562e-01,-8.346147537231445312e-01,-1.338664174079895020e+00,-9.222675561904907227e-01,-8.277559876441955566e-01,-9.728918075561523438e-01
-1.027352094650268555e+00,-8.137027621269226074e-01,-8.658120036125183105e-01,-1.090243101119995117e+00,-1.235706686973571777e+00,-6.714954972267150879e-01,-8.177636265754699707e-01,-9.605281352996826172e-01,-1.132563471794128418e+00,-1.154192447662353516e+00,-8.427632451057434082e-01,-5.369432568550109863e-01,-1.053665280342102051e+00,-1.124781131744384766e+00,-8.541222810745239258e-01,-1.274610638618469238e+00,-1.232153534889221191e+00,-1.115287899971008301e+00,-8.597366213798522949e-01,-7.838352322578430176e-01
-8.332348465919494629e-01,-1.172037720680236816e+00,-1.032381534576416016e+00,-1.051768302917480469e+00,-9.860260486602783203e-01,-7.395785450935363770e-01,-7.054253816604614258e-01,-9.110648036003112793e-01,-6.324802041053771973e-01,-1.210770487785339355e+00,-1.081242322921752930e+00,-9.921025633811950684e-01,-8.198212981224060059e-01,-1.027074694633483887e+00,-9.349523782730102539e-01,-9.913725256919860840e-01,-1.007089376449584961e+00,-1.035503506660461426e+00,-8.707499504089355469e-01,-7.888628840446472168e-01
-7.988546490669250488e-01,-1.012370824813842773e+00,-8.994212150573730469e-01,-8.102980852127075195e-01,-8.944656848907470703e-01,-9.277544021606445312e-01,-8.751551508903503418e-01,-7.947848439216613770e-01,-1.426218271255493164e+00,-1.483510017395019531e+00,-1.139297127723693848e+00,-9.816950559616088867e-01,-1.029454827308654785e+00,-9.883901476860046387e-01,-1.219352006912231445e+00,-9.470937252044677734e-01,-1.020036458969116211e+00,-1.288465857505798340e+00,-1.042784929275512695e+00,-4.538312554359436035e-01
-1.127134680747985840e+00,-1.183249354362487793e+00,-8.878874778747558594e-01,-1.438106060028076172e+00,-8.522257804870605469e-01,-4.830839633941650391e-01,-1.072121381759643555e+00,-9.498858451843261719e-01,-9.817155003547668457e-01,-7.422130703926086426e-01,-9.457319378852844238e-01,-8.818872570991516113e-01,-9.120635986328125000e-01,-1.025316476821899414e+00,-8.585667014122009277e-01,-9.071999788284301758e-01,-1.174057722091674805e+00,-9.522040486335754395e-01,-1.166484236717224121e+00,-7.686043381690979004e-01
-1.187971830368041992e+00,-8.812518715858459473e-01,-1.024310111999511719e+00,-9.436258673667907715e-01,-7.066856026649475098e-01,-4.405851960182189941e-01,-5.438773632049560547e-01,-1.553134441375732422e+00,-8.040125966072082520e-01,-1.915950775146484375e+00,-8.744361400604248047e-01,-1.371636033058166504e+00,-9.529008865356445312e-01,-1.350982427597045898e+00,-7.752252817153930664e-01,-1.003675580024719238e+00,-1.495149254798889160e+00,-9.605626463890075684e-01,-8.964703083038330078e-01,-1.076278924942016602e+00
-8.454648852348327637e-01,-1.174271106719970703e+00,-1.140008687973022461e+00,-1.251948475837707520e+00,-8.889161348342895508e-01,-1.016528964042663574e+00,-8.604905009269714355e-01,-8.266912698745727539e-01,-1.173998355865478516e+00,-1.000566840171813965e+00,-6.147567629814147949e-01,-9.601966738700866699e-01,-7.688788175582885742e-01,-9.694206714630126953e-01,-1.165518403053283691e+00,-5.118342041969299316e-01,-7.877646088600158691e-01,-8.314985632896423340e-01,-6.403722167015075684e-01,-7.143439650535583496e-01
-7.354330420494079590e-01,-9.868494272232055664e-01,-1.179756999015808105e+00,-1.042177200317382812e+00,-5.982722043991088867e-01,-9.740091562271118164e-01,-1.193456172943115234e+00,-1.021303176879882812e+00,-6.738356351852416992e-01,-1.014848470687866211e+00,-1.054904699325561523e+00,-9.173849225044250488e-01,-9.445422291755676270e-01,-8.711855411529541016e-01,-8.736813068389892578e-01,-9.282521605491638184e-01,-8.043142557144165039e-01,-8.680797815322875977e-01,-9.128854870796203613e-01,-1.305495858192443848e+00
-9.508199095726013184e-01,-7.340956926345825195e-01,-1.060958623886108398e+00,-8.028633594512939453e-01,-8.071756362915039062e-01,-1.115784049034118652e+00,-9.244028925895690918e-01,-1.291901946067810059e+00,-6.748750805854797363e-01,-1.030976891517639160e+00,-6.717501282691955566e-01,-9.652457833290100098e-01,-9.841231703758239746e-01,-9.728656411170959473e-01,-8.406031727790832520e-01,-9.156568050384521484e-01,-8.480896353721618652e-01,-1.367492675781250000e+00,-1.040611028671264648e+00,-9.952250719070434570e-01
-6.707296967506408691e-01,-1.127741694450378418e+00,-8.458467125892639160e-01,-1.105967998504638672e+00,-8.422482013702392578e-01,-8.449684381484985352e-01,-6.544748544692993164e-01,-1.283285021781921387e+00,-1.413540840148925781e+00,-9.824414849281311035e-01,-9.460681080818176270e-01,-8.989542126655578613e-01,-8.900800347328186035e-01,-1.208298325538635254e+00,-1.225615978240966797e+00,-9.923143982887268066e-01,-6.958055496215820312e-01,-6.885989904403686523e-01,-7.987048029899597168e-01,-9.076778292655944824e-01
-1.159054756164550781e+00,-8.264043927192687988e-01,-8.240480422973632812e-01,-9.424816966056823730e-01,-1.333234906196594238e+00,-7.406529784202575684e-01,-1.071613907814025879e+00,-1.247508525848388672e+00,-8.922947645187377930e-01,-8.927509784698486328e-01,-9.837800860404968262e-01,-8.106814026832580566e-01,-1.057272315025329590e+00,-8.875512480735778809e-01,-1.213858842849731445e+00,-7.109004855155944824e-01,-1.240863323211669922e+00,-9.700494408607482910e-01,-9.895589947700500488e-01,-8.315670490264892578e-01
-7.219351530075073242e-01,-1.058886051177978516e+00,-8.611261248588562012e-01,-1.151102781295776367e+00,-5.726940035820007324e-01,-9.936397075653076172e-01,-9.327136278152465820e-01,-1.171438574790954590e+00,-7.833890318870544434e-01,-9.668509960174560547e-01,-1.095035672187805176e+00,-9.280747175216674805e-01,-9.200754761695861816e-01,-8.108404874801635742e-01,-9.070025086402893066e-01,-6.945301890373229980e-01,-9.654024243354797363e-01,-1.360633254051208496e+00,-6.376305222511291504e-01,-5.468136072158813477e-01
-1.089828372001647949e+00,-8.672472834587097168e-01,-1.045703172683715820e+00,-1.377541780471801758e+00,-1.155333042144775391e+00,-7.714803218841552734e-01,-9.768220186233520508e-01,-1.266128778457641602e+00,-1.148875594139099121e+00,-1.209598660469055176e+00,-4.842001497745513916e-01,-8.451303243637084961e-01,-1.120586514472961426e+00,-9.831926226615905762e-01,-7.020061612129211426e-01,-8.170747756958007812e-01,-8.425553441047668457e-01,-1.068137645721435547e+00,-9.270751476287841797e-01,-1.226615667343139648e+00
-8.394126296043395996e-01,-9.292820096015930176e-01,-1.128282308578491211e+00,-1.372774958610534668e+00,-9.318436980247497559e-01,-1.088045954704284668e+00,-8.825064897537231445e-01,-1.036796927452087402e+00,-1.050445437431335449e+00,-9.708886742591857910e-01,-9.029716849327087402e-01,-9.235929846763610840e-01,-8.110127449035644531e-01,-1.130107522010803223e+00,-1.131274700164794922e+00,-4.429925680160522461e-01,-1.138593554496765137e+00,-1.183550238609313965e+00,-8.880712985992431641e-01,-9.959113597869873047e-01
-7.433585524559020996e-01,-9.469876289367675781e-01,-7.274221181869506836e-01,-1.189932465553283691e+00,-9.662131667137145996e-01,-7.921006679534912109e-01,-9.562621712684631348e-01,-1.292585611343383789e+00,-1.185064554214477539e+00,-1.174533367156982422e+00,-1.088776350021362305e+00,-1.095649838447570801e+00,-8.116317391395568848e-01,-1.236541509628295898e+00,-6.474969387054443359e-01,-1.115081667900085449e+00,-1.033882379531860352e+00,-9.778653383255004883e-01,-1.288960337638854980e+00,-7.293689846992492676e-01
-1.048366427421569824e+00,-7.627514004707336426e-01,-9.339317679405212402e-01,-9.933922886848449707e-01,-9.012873768806457520e-01,-9.014623761177062988e-01,-7.191485762596130371e-01,-1.118051409721374512e+00,-7.699151635169982910e-01,-1.371197223663330078e+00,-1.177528977394104004e+00,-1.063461065292358398e+00,-4.495859742164611816e-01,-1.180471420288085938e+00,-6.882067322731018066e-01,-1.141892433166503906e+00,-1.501619577407836914e+00,-9.670251011848449707e-01,-1.131416797637939453e+00,-9.468887448310852051e-01
-1.010492444038391113e+00,-1.000931262969970703e+00,-1.040377616882324219e+00,-8.341872692108154297e-01,-1.094072103500366211e+00,-1.261085271835327148e+00,-9.226332306861877441e-01,-1.402346849441528320e+00,-8.855020403861999512e-01,-1.080760955810546875e+00,-1.068134307861328125e+00,-7.516482472419738770e-01,-9.112604856491088867e-01,-9.057264924049377441e-01,-7.908423542976379395e-01,-8.128002285957336426e-01,-6.684241294860839844e-01,-1.134936213493347168e+00,-7.707296609878540039e-01,-8.877609968185424805e-01
-9.180893301963806152e-01,-1.095913529396057129e+00,-9.485880136489868164e-01,-8.409011363983154297e-01,-6.784813404083251953e-01,-9.227858781814575195e-01,-7.188454866409301758e-01,-9.064837694168090820e-01,-9.771866202354431152e-01,-9.758290648460388184e-01,-8.988418579101562500e-01,-9.019985198974609375e-01,-7.591878175735473633e-01,-1.088825821876525879e+00,-8.661231398582458496e-01,-1.247653007507324219e+00,-7.581959962844848633e-01,-1.057085752487182617e+00,-1.115338206291198730e+00,-7.745359539985656738e-01
-1.133808612823486328e+00,-8.499778509140014648e-01,-8.899964094161987305e-01,-1.114060282707214355e+00,-8.179239630699157715e-01,-8.457921743392944336e-01,-1.095392227172851562e+00,-9.225355386734008789e-01,-9.772081971168518066e-01,-9.783437252044677734e-01,-1.154435157775878906e+00,-6.313607096672058105e-01,-1.005393862724304199e+00,-8.907306194305419922e-01,-9.399175643920898438e-01,-8.122907876968383789e-01,-8.588691353797912598e-01,-8.742745518684387207e-01,-1.152239322662353516e+00,-9.959070086479187012e-01
-9.957863092422485352e-01,-8.823028206825256348e-01,-9.847809672355651855e-01,-6.692826747894287109e-01,-6.484879851341247559e-01,-6.077145338058471680e-01,-9.106423258781433105e-01,-1.104742288589477539e+00,-7.249374389648437500e-01,-1.636658906936645508e+00,-1.100344896316528320e+00,-7.473990917205810547e-01,-4.622929394245147705e-01,-9.784738421440124512e-01,-1.339476585388183594e+00,-7.671229243278503418e-01,-1.050265550613403320e+00,-1.005205154418945312e+00,-1.155021429061889648e+00,-9.168401956558227539e-01
-8.889994621276855469e-01,-1.156261444091796875e+00,-1.075110197067260742e+00,-1.036258101463317871e+00,-5.419499874114990234e-01,-6.894669532775878906e-01,-1.111055374145507812e+00,-8.324016332626342773e-01,-8.248171210289001465e-01,-1.113960981369018555e+00,-1.200752854347229004e+00,-1.455087661743164062e+00,-2.362474203109741211e-01,-9.347108006477355957e-01,-8.769534230232238770e-01,-7.884238958358764648e-01,-8.773379325866699219e-01,-1.213811039924621582e+00,-1.124188065528869629e+00,-8.040171861648559570e-01
-8.506164550781250000e-01,-6.365149021148681641e-01,-1.156662344932556152e+00,-8.710217475891113281e-01,-8.273177146911621094e-01,-1.300417661666870117e+00,-6.659485697746276855e-01,-1.110997676849365234e+00,-1.171964764595031738e+00,-6.378821134567260742e-01,-8.005270957946777344e-01,-7.139419317245483398e-01,-1.205931425094604492e+00,-8.003946542739868164e-01,-8.030661344528198242e-01,-1.119340658187866211e+00,-1.447753548622131348e+00,-8.698064684867858887e-01,-1.302814245223999023e+00,-7.621375322341918945e-01
-1.014999508857727051e+00,-6.104211807250976562e-01,-1.170200467109680176e+00,-8.885445594787597656e-01,-9.518935084342956543e-01,-8.812130093574523926e-01,-1.162480950355529785e+00,-1.289343833923339844e+00,-8.445152044296264648e-01,-1.722637653350830078e+00,-7.730780243873596191e-01,-7.592576146125793457e-01,-1.005849242210388184e+00,-1.068342208862304688e+00,-4.845493733882904053e-01,-1.031231403350830078e+00,-1.146159529685974121e+00,-1.103182077407836914e+00,-6.864284873008728027e-01,-6.129167079925537109e-01
-1.078391313552856445e+00,-1.089137554168701172e+00,-1.071593284606933594e+00,-1.063654065132141113e+00,-9.805578589439392090e-01,-7.952119112014770508e-01,-4.627138078212738037e-01,-8.580929636955261230e-01,-7.673445343971252441e-01,-1.413068652153015137e+00,-1.150479793548583984e+00,-9.586372971534729004e-01,-1.098828196525573730e+00,-8.609119057655334473e-01,-6.667073965072631836e-01,-1.083974123001098633e+00,-1.006771326065063477e+00,-1.099676370620727539e+00,-6.817687153816223145e-01,-6.106210947036743164e-01
-8.626262545585632324e-01,-8.051477074623107910e-01,-9.096822738647460938e-01,-1.108656167984008789e+00,-1.003021121025085449e+00,-6.217597723007202148e-01,-1.062317132949829102e+00,-1.042390346527099609e+00,-9.210003614425659180e-01,-9.924377799034118652e-01,-1.223182320594787598e+00,-9.434786438941955566e-01,-1.106995582580566406e+00,-1.103396296501159668e+00,-7.078742384910583496e-01,-8.616352081298828125e-01,-1.546309828758239746e+00,-1.196266293525695801e+00,-8.704854846000671387e-01,-1.304940700531005859e+00
-1.167497038841247559e+00,-1.173136949539184570e+00,-1.270873785018920898e+00,-1.087370276451110840e+00,-6.408894062042236328e-01,-1.123238444328308105e+00,-8.802880048751831055e-01,-1.093119025230407715e+00,-6.985374093055725098e-01,-9.862796068191528320e-01,-8.269280791282653809e-01,-1.135854244232177734e+00,-6.553411483764648438e-01,-1.164904713630676270e+00,-1.215260505676269531e+00,-1.187604784965515137e+00,-7.934629917144775391e-01,-1.197452783584594727e+00,-7.487849593162536621e-01,-8.381816744804382324e-01
-1.149457335472106934e+00,-8.061491847038269043e-01,-8.733804225921630859e-01,-1.084412813186645508e+00,-9.998068809509277344e-01,-1.207317113876342773e+00,-8.970279097557067871e-01,-1.139824390411376953e+00,-9.162086248397827148e-01,-1.222136616706848145e+00,-6.429628729820251465e-01,-8.231419324874877930e-01,-1.040592074394226074e+00,-7.113944888114929199e-01,-1.182498097419738770e+00,-1.209461212158203125e+00,-9.077313542366027832e-01,-1.224779963493347168e+00,-1.260643243789672852e+00,-1.203478455543518066e+00
-1.334034204483032227e+00,-9.744117259979248047e-01,-1.230847358703613281e+00,-1.004389762878417969e+00,-7.895301580429077148e-01,-1.236860156059265137e+00,-1.064882755279541016e+00,-1.253905296325683594e+00,-1.007806658744812012e+00,-1.044217348098754883e+00,-1.069741845130920410e+00,-6.913241744041442871e-01,-7.967604994773864746e-01,-9.106293320655822754e-01,-8.747237920761108398e-01,-1.038063168525695801e+00,-7.865046858787536621e-01,-1.061144590377807617e+00,-9.187449216842651367e-01,-8.552046418190002441e-01
-1.059216260910034180e+00,-1.380388021469116211e+00,-1.117589712142944336e+00,-1.028416275978088379e+00,-7.681251764297485352e-01,-7.148438692092895508e-01,-8.853129148483276367e-01,-1.142741441726684570e+00,-9.604141712188720703e-01,-1.348987460136413574e+00,-9.379466176033020020e-01,-1.252306342124938965e+00,-5.911515355110168457e-01,-7.710133194923400879e-01,-8.473582267761230469e-01,-9.573915004730224609e-01,-9.947810769081115723e-01,-9.347200393676757812e-01,-1.085697054862976074e+00,-1.109933018684387207e+00
-1.031265497207641602e+00,-1.162888407707214355e+00,-9.967983961105346680e-01,-1.011390805244445801e+00,-1.080487370491027832e+00,-1.078091740608215332e+00,-1.001489520072937012e+00,-5.800819396972656250e-01,-1.385327816009521484e+00,-1.052157282829284668e+00,-1.224638223648071289e+00,-9.812962412834167480e-01,-4.349096715450286865e-01,-1.210778713226318359e+00,-8.354279994964599609e-01,-1.068593978881835938e+00,-1.244390487670898438e+00,-1.125813603401184082e+00,-1.043120503425598145e+00,-6.799019575119018555e-01
-1.093624234199523926e+00,-7.867460250854492188e-01,-5.248000025749206543e-01,-4.515246748924255371e-01,-9.607184529304504395e-01,-5.494987368583679199e-01,-1.030064105987548828e+00,-1.233730912208557129e+00,-1.199683189392089844e+00,-1.428842067718505859e+00,-1.113127231597900391e+00,-9.513352513313293457e-01,-8.995772600173950195e-01,-8.491494059562683105e-01,-7.877458333969116211e-01,-1.043438196182250977e+00,-9.898459911346435547e-01,-1.051239371299743652e+00,-1.129759550094604492e+00,-6.620416045188903809e-01
-8.124973773956298828e-01,-1.054724097251892090e+00,-9.883759617805480957e-01,-9.160217046737670898e-01,-7.109017968177795410e-01,-7.067502140998840332e-01,-7.127267122268676758e-01,-7.593092322349548340e-01,-8.655972480773925781e-01,-8.799574971199035645e-01,-6.353484988212585449e-01,-6.733745932579040527e-01,-1.084244251251220703e+00,-8.108358979225158691e-01,-5.411963462829589844e-01,-8.364126086235046387e-01,-1.199861168861389160e+00,-1.111597180366516113e+00,-7.731984853744506836e-01,-9.164051413536071777e-01
-8.363952040672302246e-01,-1.339443802833557129e+00,-1.094951987266540527e+00,-9.327018857002258301e-01,-8.579736948013305664e-01,-9.591524600982666016e-01,-7.200164198875427246e-01,-1.071258187294006348e+00,-1.239050388336181641e+00,-1.214259147644042969e+00,-8.491587638854980469e-01,-8.985980153083801270e-01,-7.500252723693847656e-01,-1.035223841667175293e+00,-1.418702840805053711e+00,-7.426915168762207031e-01,-9.662639498710632324e-01,-1.004458904266357422e+00,-8.810026049613952637e-01,-7.620927095413208008e-01
-1.184329509735107422e+00,-1.050867319107055664e+00,-1.204753041267395020e+00,-6.951160430908203125e-01,-9.145424365997314453e-01,-7.412030696868896484e-01,-8.080150485038757324e-01,-1.182801127433776855e+00,-1.099673271179199219e+00,-1.253251671791076660e+00,-6.229349374771118164e-01,-7.043462991714477539e-01,-9.529789090156555176e-01,-9.600841999053955078e-01,-8.786168694496154785e-01,-1.039857029914855957e+00,-9.337739348411560059e-01,-9.621389508247375488e-01,-8.996615409851074219e-01,-7.978591918945312500e-01
-8.664969801902770996e-01,-6.408131718635559082e-01,-9.395016431808471680e-01,-1.133958935737609863e+00,-8.199579715728759766e-01,-1.010257124900817871e+00,-8.260360956192016602e-01,-1.069634675979614258e+00,-1.164909958839416504e+00,-1.001482009887695312e+00,-8.554720282554626465e-01,-1.109632849693298340e+00,-9.021773934364318848e-01,-1.139362454414367676e+00,-1.123405933380126953e+00,-1.176129579544067383e+00,-1.149584174156188965e+00,-9.039892554283142090e-01,-7.493910193443298340e-01,-1.244845867156982422e+00
-9.741870760917663574e-01,-1.047250032424926758e+00,-1.136016845703125000e+00,-1.037803530693054199e+00,-1.082174181938171387e+00,-9.825415611267089844e-01,-9.270039200782775879e-01,-1.003546476364135742e+00,-1.161062240600585938e+00,-1.182305932044982910e+00,-9.233845472335815430e-01,-8.264549374580383301e-01,-1.020022988319396973e+00,-1.231025338172912598e+00,-8.727244138717651367e-01,-8.349908590316772461e-01,-1.211226224899291992e+00,-1.067379713058471680e+00,-1.014872670173645020e+00,-1.453878402709960938e+00
-9.964445829391479492e-01,-5.587145090103149414e-01,-7.192486524581909180e-01,-1.492691993713378906e+00,-1.101686120033264160e+00,-9.975435733795166016e-01,-7.188106179237365723e-01,-1.284346699714660645e+00,-1.269068598747253418e+00,-1.052237033843994141e+00,-1.163948059082031250e+00,-5.398815274238586426e-01,-6.748362183570861816e-01,-7.811906337738037109e-01,-1.467319011688232422e+00,-9.582740664482116699e-01,-1.202814221382141113e+00,-8.068080544471740723e-01,-4.373595714569091797e-01,-8.141520619392395020e-01
-1.075160026550292969e+00,-6.678346991539001465e-01,-8.791729807853698730e-01,-9.906668066978454590e-01,-9.747181534767150879e-01,-4.278461933135986328e-01,-9.045387506484985352e-01,-9.649907350540161133e-01,-1.259503006935119629e+00,-1.373519897460937500e+00,-1.115378737449645996e+00,-8.491709828376770020e-01,-8.039190173149108887e-01,-1.231250405311584473e+00,-8.525252938270568848e-01,-9.468339681625366211e-01,-9.822446107864379883e-01,-9.606456756591796875e-01,-6.928288936614990234e-01,-9.193957448005676270e-01
-1.253123879432678223e+00,-8.348152637481689453e-01,-7.612210512161254883e-01,-9.479349851608276367e-01,-9.192064404487609863e-01,-8.088618516921997070e-01,-1.047783493995666504e+00,-1.001404523849487305e+00,-1.121129989624023438e+00,-1.040200829505920410e+00,-8.626754283905029297e-01,-4.532560110092163086e-01,-1.202045083045959473e+00,-9.588354229927062988e-01,-7.137292027473449707e-01,-9.580824375152587891e-01,-1.244742751121520996e+00,-6.943255662918090820e-01,-1.045447468757629395e+00,-9.745889902114868164e-01
-8.302099704742431641e-01,-8.433692455291748047e-01,-8.813220858573913574e-01,-8.965642452239990234e-01,-1.512763500213623047e+00,-9.535253047943115234e-01,-9.847677946090698242e-01,-7.612175345420837402e-01,-8.965337276458740234e-01,-1.182007312774658203e+00,-1.401633501052856445e+00,-9.829599857330322266e-01,-9.157794117927551270e-01,-9.818847775459289551e-01,-6.180192232131958008e-01,-8.798243403434753418e-01,-8.642883896827697754e-01,-1.133971333503723145e+00,-9.179593920707702637e-01,-1.195877671241760254e+00
-6.898756027221679688e-01,-7.581104040145874023e-01,-1.117005348205566406e+00,-1.224165916442871094e+00,-7.594459652900695801e-01,-1.049537062644958496e+00,-6.929448246955871582e-01,-6.359972953796386719e-01,-8.613403439521789551e-01,-8.558259010314941406e-01,-7.596674561500549316e-01,-8.873854875564575195e-01,-9.619862437248229980e-01,-6.465266942977905273e-01,-8.093206286430358887e-01,-9.974420070648193359e-01,-1.211020827293395996e+00,-1.212027192115783691e+00,-7.635114789009094238e-01,-8.699658513069152832e-01
-7.269073128700256348e-01,-9.278802275657653809e-01,-1.052900314331054688e+00,-1.053294181823730469e+00,-9.669222235679626465e-01,-7.711704373359680176e-01,-1.003979325294494629e+00,-8.887850642204284668e-01,-6.821476221084594727e-01,-1.290965914726257324e+00,-1.211878180503845215e+00,-8.089838027954101562e-01,-7.204369306564331055e-01,-1.200560450553894043e+00,-7.786939144134521484e-01,-6.110477447509765625e-01,-9.672646522521972656e-01,-1.253919959068298340e+00,-7.985192537307739258e-01,-8.544104099273681641e-01
-1.016611814498901367e+00,-1.126606106758117676e+00,-1.166380763053894043e+00,-1.035524964332580566e+00,-9.520587325096130371e-01,-7.926512360572814941e-01,-8.762618899345397949e-01,-1.055774331092834473e+00,-1.096671342849731445e+00,-8.216299414634704590e-01,-1.142972946166992188e+00,-9.143248200416564941e-01,-7.565211653709411621e-01,-1.051574587821960449e+00,-1.057246327400207520e+00,-9.821978211402893066e-01,-1.285288572311401367e+00,-8.334638476371765137e-01,-1.413167953491210938e+00,-5.993372201919555664e-01
-5.068882703781127930e-01,-9.135497808456420898e-01,-8.418214917182922363e-01,-1.149434089660644531e+00,-7.314968705177307129e-01,-7.281829118728637695e-01,-7.885295152664184570e-01,-1.269429564476013184e+00,-1.001857876777648926e+00,-1.332251667976379395e+00,-8.010577559471130371e-01,-5.263859629631042480e-01,-1.076372742652893066e+00,-8.344172239303588867e-01,-8.895576000213623047e-01,-1.226947307586669922e+00,-7.412016391754150391e-01,-1.110791444778442383e+00,-9.820647239685058594e-01,-9.998094439506530762e-01
-1.117235660552978516e+00,-1.128072023391723633e+00,-4.522285461425781250e-01,-8.382061719894409180e-01,-1.077969193458557129e+00,-6.212027668952941895e-01,-8.266599774360656738e-01,-1.459684014320373535e+00,-8.292682766914367676e-01,-1.373019576072692871e+00,-3.061924278736114502e-01,-6.821655631065368652e-01,-6.204486489295959473e-01,-1.250828266143798828e+00,-1.079639315605163574e+00,-6.826259493827819824e-01,-1.074446082115173340e+00,-9.917783141136169434e-01,-1.420261502265930176e+00,-1.063843727111816406e+00
-1.143158674240112305e+00,-9.495203495025634766e-01,-8.605911135673522949e-01,-9.212841987609863281e-01,-8.607517480850219727e-01,-7.964807152748107910e-01,-4.480841159820556641e-01,-1.127053737640380859e+00,-9.934868216514587402e-01,-1.012794971466064453e+00,-6.386752724647521973e-01,-9.339411854743957520e-01,-8.284440636634826660e-01,-9.071869254112243652e-01,-1.086391925811767578e+00,-1.219088554382324219e+00,-1.236006259918212891e+00,-1.134176373481750488e+00,-9.474360346794128418e-01,-7.182461023330688477e-01
-9.479973316192626953e-01,-9.930304884910583496e-01,-9.809368252754211426e-01,-9.887028932571411133e-01,-8.588217496871948242e-01,-7.157352566719055176e-01,-7.114133238792419434e-01,-8.215110898017883301e-01,-9.251273870468139648e-01,-1.274436116218566895e+00,-8.792742490768432617e-01,-7.555891275405883789e-01,-1.328374147415161133e+00,-8.849890828132629395e-01,-1.098881363868713379e+00,-1.019338726997375488e+00,-1.235066175460815430e+00,-1.099599242210388184e+00,-7.998664379119873047e-01,-1.123253345489501953e+00
-9.216478466987609863e-01,-6.502726078033447266e-01,-6.271458268165588379e-01,-1.062557697296142578e+00,-8.170543313026428223e-01,-1.054002165794372559e+00,-9.113328456878662109e-01,-1.037927508354187012e+00,-1.049102187156677246e+00,-1.053167343139648438e+00,-8.624129891395568848e-01,-6.991083025932312012e-01,-8.002982735633850098e-01,-6.826859712600708008e-01,-9.596493244171142578e-01,-1.144474625587463379e+00,-8.131864666938781738e-01,-1.314897418022155762e+00,-8.802880048751831055e-01,-8.796070814132690430e-01
-1.388584494590759277e+00,-1.199868917465209961e+00,-8.885332345962524414e-01,-7.790694832801818848e-01,-6.931093335151672363e-01,-9.291175007820129395e-01,-1.158221125602722168e+00,-8.887622952461242676e-01,-1.213927030563354492e+00,-9.884755015373229980e-01,-6.891065835952758789e-01,-1.235566735267639160e+00,-5.856266021728515625e-01,-1.087176322937011719e+00,-9.988306760787963867e-01,-1.064073562622070312e+00,-7.806883454322814941e-01,-1.158206939697265625e+00,-1.032626271247863770e+00,-8.737628459930419922e-01
-8.255703449249267578e-01,-9.356265664100646973e-01,-6.292520165443420410e-01,-1.064241528511047363e+00,-6.913928985595703125e-01,-7.950088381767272949e-01,-5.753554105758666992e-01,-1.174631476402282715e+00,-1.054781079292297363e+00,-1.153058290481567383e+00,-9.464794397354125977e-01,-5.583573579788208008e-01,-1.290030717849731445e+00,-9.144763946533203125e-01,-1.286098599433898926e+00,-6.064018607139587402e-01,-8.652582168579101562e-01,-9.982515573501586914e-01,-8.766739964485168457e-01,-7.013671994209289551e-01
-1.212074756622314453e+00,-1.186897754669189453e+00,-9.591059088706970215e-01,-1.214148163795471191e+00,-1.100565314292907715e+00,-9.754038453102111816e-01,-8.309986591339111328e-01,-1.056244373321533203e+00,-5.587248802185058594e-01,-1.310572147369384766e+00,-1.049482822418212891e+00,-5.489057302474975586e-01,-9.739711880683898926e-01,-1.082979440689086914e+00,-1.043009877204895020e+00,-1.144681692123413086e+00,-1.288218259811401367e+00,-9.679369926452636719e-01,-1.018741846084594727e+00,-9.647684097290039062e-01
-1.003919124603271484e+00,-8.951982259750366211e-01,-1.009633302688598633e+00,-9.575448632240295410e-01,-9.463307261466979980e-01,-9.325973391532897949e-01,-7.500422596931457520e-01,-4.563781619071960449e-01,-6.933955550193786621e-01,-9.242846965789794922e-01,-7.364944219589233398e-01,-7.808244824409484863e-01,-9.502618312835693359e-01,-1.174584150314331055e+00,-5.129644870758056641e-01,-1.015159368515014648e+00,-8.493353724479675293e-01,-8.109036684036254883e-01,-1.016314625740051270e+00,-9.549421072006225586e-01
-7.097087502479553223e-01,-1.149985194206237793e+00,-1.216596126556396484e+00,-6.251194477081298828e-01,-1.014285683631896973e+00,-4.307214319705963135e-01,-7.765468955039978027e-01,-1.379273414611816406e+00,-8.838981986045837402e-01,-1.302352666854858398e+00,-1.173562407493591309e+00,-1.456545829772949219e+00,-9.107342958450317383e-01,-1.062816143035888672e+00,-8.140364885330200195e-01,-1.230026483535766602e+00,-9.443428516387939453e-01,-8.922404050827026367e-01,-1.143271565437316895e+00,-9.708109498023986816e-01
-8.211755752563476562e-01,-9.500337243080139160e-01,-1.202078819274902344e+00,-1.024426102638244629e+00,-9.348337054252624512e-01,-1.109294652938842773e+00,-6.680077314376831055e-01,-1.249238014221191406e+00,-8.751788139343261719e-01,-1.339643716812133789e+00,-6.762360930442810059e-01,-8.980091810226440430e-01,-1.167695164680480957e+00,-1.383514404296875000e+00,-9.821581840515136719e-01,-8.754945993423461914e-01,-9.345042705535888672e-01,-1.100171208381652832e+00,-1.198579430580139160e+00,-8.358834981918334961e-01
-1.037815093994140625e+00,-5.955877304077148438e-01,-1.141465544700622559e+00,-9.847196340560913086e-01,-7.274686098098754883e-01,-4.462839365005493164e-01,-4.723785519599914551e-01,-9.758604764938354492e-01,-8.131321668624877930e-01,-1.481081962585449219e+00,-1.226809024810791016e+00,-1.117830753326416016e+00,-9.993460178375244141e-01,-1.479801654815673828e+00,-1.166514754295349121e+00,-7.517805099487304688e-01,-9.551360607147216797e-01,-1.235718846321105957e+00,-9.973734617233276367e-01,-8.746278882026672363e-01
-9.087182879447937012e-01,-9.841110706329345703e-01,-9.206687211990356445e-01,-1.185230612754821777e+00,-8.663207888603210449e-01,-1.320021510124206543e+00,-1.091881871223449707e+00,-1.119534134864807129e+00,-6.757013797760009766e-01,-1.457843542098999023e+00,-8.275100588798522949e-01,-1.100559234619140625e+00,-1.035956025123596191e+00,-9.477521181106567383e-01,-1.084238529205322266e+00,-8.751348853111267090e-01,-1.209156990051269531e+00,-1.029785633087158203e+00,-9.361373782157897949e-01,-8.051591515541076660e-01
-1.088889718055725098e+00,-9.246525764465332031e-01,-6.864473819732666016e-01,-7.967932820320129395e-01,-6.802025437355041504e-01,-1.127902984619140625e+00,-6.857351660728454590e-01,-8.411762714385986328e-01,-7.853058576583862305e-01,-7.944878339767456055e-01,-6.603332161903381348e-01,-4.766718745231628418e-01,-8.326517343521118164e-01,-9.219037294387817383e-01,-1.046509861946105957e+00,-1.068176627159118652e+00,-7.572950720787048340e-01,-1.094793558120727539e+00,-9.719123840332031250e-01,-8.234608769416809082e-01
-7.938311696052551270e-01,-9.225420355796813965e-01,-8.386258482933044434e-01,-8.111284971237182617e-01,-8.924315571784973145e-01,-1.105660080909729004e+00,-1.089383840560913086e+00,-1.046665549278259277e+00,-9.849652647972106934e-01,-1.253558874130249023e+00,-1.437829017639160156e+00,-7.831288576126098633e-01,-1.015879154205322266e+00,-1.125528097152709961e+00,-1.071840405464172363e+00,-1.368439912796020508e+00,-1.275948286056518555e+00,-1.105240464210510254e+00,-9.919911026954650879e-01,-9.199562072753906250e-01
-9.849434494972229004e-01,-8.571840524673461914e-01,-8.382017016410827637e-01,-1.145016431808471680e+00,-9.486380219459533691e-01,-8.849264979362487793e-01,-1.468326091766357422e+00,-1.128695487976074219e+00,-6.221157312393188477e-01,-1.075603604316711426e+00,-1.067492127418518066e+00,-1.033150076866149902e+00,-7.796812057495117188e-01,-1.167839884757995605e+00,-7.668726444244384766e-01,-1.052512168884277344e+00,-8.411844372749328613e-01,-7.987754344940185547e-01,-5.784386992454528809e-01,-1.128904819488525391e+00
-9.601525068283081055e-01,-1.191680431365966797e+00,-9.925897717475891113e-01,-7.115432024002075195e-01,-9.717004895210266113e-01,-7.999752163887023926e-01,-1.082321643829345703e+00,-8.501212000846862793e-01,-7.827560305595397949e-01,-1.278881669044494629e+00,-1.086640357971191406e+00,-1.330658316612243652e+00,-9.078316092491149902e-01,-1.167988181114196777e+00,-6.974115967750549316e-01,-8.815296292304992676e-01,-9.280835390090942383e-01,-1.339100599288940430e+00,-1.000004529953002930e+00,-7.560797929763793945e-01
-8.110530972480773926e-01,-1.080699086189270020e+00,-1.079959392547607422e+00,-6.986750960350036621e-01,-1.058693051338195801e+00,-8.837704658508300781e-01,-9.931145310401916504e-01,-9.330426454544067383e-01,-9.072735905647277832e-01,-1.033721685409545898e+00,-6.194776892662048340e-01,-7.533541321754455566e-01,-8.287625908851623535e-01,-1.237000823020935059e+00,-1.098699927330017090e+00,-1.227151513099670410e+00,-1.139464735984802246e+00,-1.012982845306396484e+00,-8.033869862556457520e-01,-1.058652043342590332e+00
-8.952728509902954102e-01,-1.084126830101013184e+00,-9.172968864440917969e-01,-1.100234627723693848e+00,-1.022377729415893555e+00,-6.021060347557067871e-01,-6.976795792579650879e-01,-9.585877656936645508e-01,-8.127195239067077637e-01,-8.517779707908630371e-01,-1.174525499343872070e+00,-1.167010903358459473e+00,-8.285505771636962891e-01,-8.337708115577697754e-01,-8.633117079734802246e-01,-1.007049202919006348e+00,-9.986084103584289551e-01,-1.003965139389038086e+00,-9.278136491775512695e-01,-9.611126780509948730e-01
-9.115940332412719727e-01,-6.517016887664794922e-01,-5.659081339836120605e-01,-1.110849380493164062e+00,-1.246832609176635742e+00,-1.028447151184082031e+00,-6.191540360450744629e-01,-1.382629275321960449e+00,-9.444519877433776855e-01,-9.991953372955322266e-01,-7.357603311538696289e-01,-9.183157086372375488e-01,-5.887785553932189941e-01,-9.643034338951110840e-01,-1.135351777076721191e+00,-8.898544907569885254e-01,-1.131500363349914551e+00,-8.808364868164062500e-01,-9.222339987754821777e-01,-1.034586429595947266e+00
-1.074985504150390625e+00,-1.200698137283325195e+00,-1.032259583473205566e+00,-1.016484498977661133e+00,-8.674625754356384277e-01,-6.982464194297790527e-01,-1.228497147560119629e+00,-1.328269720077514648e+00,-9.660285115242004395e-01,-1.093087077140808105e+00,-1.255349993705749512e+00,-5.635499954223632812e-01,-8.305444717407226562e-01,-1.042731881141662598e+00,-6.362043023109436035e-01,-1.022377014160156250e+00,-9.040716886520385742e-01,-1.341858863830566406e+00,-7.718739509582519531e-01,-1.001614212989807129e+00
-8.598324656486511230e-01,-1.309342861175537109e+00,-1.290355682373046875e+00,-8.886128067970275879e-01,-8.175974488258361816e-01,-5.824180841445922852e-01,-5.830817818641662598e-01,-1.092236876487731934e+00,-9.351891875267028809e-01,-1.148920059204101562e+00,-1.427707791328430176e+00,-7.979458570480346680e-01,-1.988958269357681274e-01,-1.283642530441284180e+00,-7.820281982421875000e-01,-8.147988915443420410e-01,-8.262836337089538574e-01,-7.730181813240051270e-01,-9.694182872772216797e-01,-7.593569755554199219e-01
-1.266255021095275879e+00,-1.215191483497619629e+00,-1.119488835334777832e+00,-9.072167277336120605e-01,-8.574432134628295898e-01,-7.549030780792236328e-01,-1.032265663146972656e+00,-1.214752793312072754e+00,-1.024183988571166992e+00,-1.328984379768371582e+00,-1.226528286933898926e+00,-1.622030138969421387e+00,-5.424658060073852539e-01,-1.249637484550476074e+00,-9.940721988677978516e-01,-7.986249327659606934e-01,-1.315926194190979004e+00,-1.123429775238037109e+00,-7.824698090553283691e-01,-6.996683478355407715e-01
-1.415419101715087891e+00,-7.308403253555297852e-01,-1.581339001655578613e+00,-9.550881981849670410e-01,-8.723765015602111816e-01,-8.929820060729980469e-01,-1.096782565116882324e+00,-1.039534807205200195e+00,-1.030483245849609375e+00,-1.646906137466430664e+00,-1.133363604545593262e+00,-5.297799110412597656e-01,-1.039815068244934082e+00,-1.235942125320434570e+00,-5.464076399803161621e-01,-9.428604245185852051e-01,-1.215565800666809082e+00,-1.278005480766296387e+00,-1.090377449989318848e+00,-9.782333970069885254e-01
-1.066476941108703613e+00,-1.025443553924560547e+00,-1.082473397254943848e+00,-9.538421630859375000e-01,-9.674926996231079102e-01,-4.864288866519927979e-01,-8.276555538177490234e-01,-1.057811021804809570e+00,-1.257929682731628418e+00,-1.278399348258972168e+00,-1.109368920326232910e+00,-9.775482416152954102e-01,-8.446862101554870605e-01,-1.190285921096801758e+00,-7.680431008338928223e-01,-9.544838666915893555e-01,-9.014455676078796387e-01,-1.209994673728942871e+00,-9.928081631660461426e-01,-7.101452350616455078e-01
-7.809323668479919434e-01,-8.725090026855468750e-01,-7.315590977668762207e-01,-1.102218031883239746e+00,-9.467724561691284180e-01,-1.012632489204406738e+00,-8.076204061508178711e-01,-1.013252258300781250e+00,-1.268098115921020508e+00,-1.050502300262451172e+00,-1.327768325805664062e+00,-9.019238948822021484e-01,-7.137122154235839844e-01,-1.210760116577148438e+00,-7.461014986038208008e-01,-9.798802733421325684e-01,-1.013435363769531250e+00,-1.146166920661926270e+00,-9.128417968750000000e-01,-6.269312500953674316e-01
-8.202622532844543457e-01,-1.069128513336181641e+00,-1.081407427787780762e+00,-9.639757275581359863e-01,-8.335101604461669922e-01,-7.566442489624023438e-01,-7.318177819252014160e-01,-9.026355743408203125e-01,-6.462073326110839844e-01,-1.036769747734069824e+00,-1.118606328964233398e+00,-1.004732251167297363e+00,-5.742781758308410645e-01,-9.165574312210083008e-01,-6.226144433021545410e-01,-7.078318595886230469e-01,-1.215259790420532227e+00,-9.201525449752807617e-01,-8.192982673645019531e-01,-7.474546432495117188e-01
-8.544991612434387207e-01,-1.214607834815979004e+00,-1.025494575500488281e+00,-8.674228191375732422e-01,-7.721193432807922363e-01,-6.817561388015747070e-01,-9.283896088600158691e-01,-1.007478237152099609e+00,-8.360726237297058105e-01,-1.017895221710205078e+00,-8.252038955688476562e-01,-9.967271089553833008e-01,-7.914230823516845703e-01,-8.343409895896911621e-01,-7.595976591110229492e-01,-6.201850771903991699e-01,-1.179564595222473145e+00,-1.350743770599365234e+00,-1.420167684555053711e+00,-9.291920661926269531e-01
-9.717646241188049316e-01,-8.479572534561157227e-01,-9.423583745956420898e-01,-8.797077536582946777e-01,-1.005318641662597656e+00,-6.723573803901672363e-01,-1.307274222373962402e+00,-1.269843220710754395e+00,-9.789683818817138672e-01,-1.236697793006896973e+00,-1.230898618698120117e+00,-8.183156847953796387e-01,-9.193150401115417480e-01,-9.556614756584167480e-01,-1.047051906585693359e+00,-6.661943197250366211e-01,-1.324105381965637207e+00,-9.868540167808532715e-01,-1.184035301208496094e+00,-5.743120908737182617e-01
-8.527168631553649902e-01,-1.006655931472778320e+00,-1.062049984931945801e+00,-7.880066037178039551e-01,-1.016334056854248047e+00,-9.638935923576354980e-01,-1.006411194801330566e+00,-1.088440060615539551e+00,-9.013968706130981445e-01,-1.104176402091979980e+00,-8.898885846138000488e-01,-5.614004135131835938e-01,-5.658794045448303223e-01,-1.113977551460266113e+00,-1.113439321517944336e+00,-7.845335006713867188e-01,-9.771655797958374023e-01,-1.209320187568664551e+00,-1.067441582679748535e+00,-1.180570006370544434e+00
-1.342611908912658691e+00,-1.040816545486450195e+00,-8.590189814567565918e-01,-9.802676439285278320e-01,-6.726317405700683594e-01,-7.276403903961181641e-01,-9.725990295410156250e-01,-1.024646759033203125e+00,-1.320730090141296387e+00,-1.066761851310729980e+00,-5.314002633094787598e-01,-1.071364402770996094e+00,-1.109720349311828613e+00,-1.202757000923156738e+00,-1.182374119758605957e+00,-1.116012692451477051e+00,-1.123286724090576172e+00,-1.007267713546752930e+00,-1.233760118484497070e+00,-6.550424098968505859e-01
-8.118299245834350586e-01,-1.175318598747253418e+00,-9.783075451850891113e-01,-6.119225025177001953e-01,-1.113056898117065430e+00,-8.790872097015380859e-01,-1.050184249877929688e+00,-9.981829524040222168e-01,-7.987701892852783203e-01,-7.955181598663330078e-01,-1.100798606872558594e+00,-1.020597934722900391e+00,-9.955239295959472656e-01,-1.499820590019226074e+00,-9.267072677612304688e-01,-1.134402036666870117e+00,-1.232631325721740723e+00,-1.117571473121643066e+00,-1.161566019058227539e+00,-7.563917636871337891e-01
-9.375576972961425781e-01,-1.075759768486022949e+00,-7.350262403488159180e-01,-1.135707616806030273e+00,-1.224664330482482910e+00,-8.950040936470031738e-01,-7.391620278358459473e-01,-1.020098447799682617e+00,-8.413697481155395508e-01,-1.122336149215698242e+00,-9.807326197624206543e-01,-1.043506741523742676e+00,-8.909223079681396484e-01,-8.399990797042846680e-01,-1.114556193351745605e+00,-1.121628284454345703e+00,-7.563623785972595215e-01,-1.050096392631530762e+00,-1.171705842018127441e+00,-7.362226247787475586e-01
-9.626607298851013184e-01,-7.428455352783203125e-01,-8.055490255355834961e-01,-9.733147025108337402e-01,-9.402155280113220215e-01,-7.446081638336181641e-01,-6.841428279876708984e-01,-1.149288058280944824e+00,-8.457491397857666016e-01,-8.246178030967712402e-01,-1.017252087593078613e+00,-9.650695323944091797e-01,-1.000844597816467285e+00,-1.055963516235351562e+00,-1.060426473617553711e+00,-9.626297950744628906e-01,-8.812473416328430176e-01,-9.562875032424926758e-01,-1.026538014411926270e+00,-7.113136649131774902e-01
-8.125321865081787109e-01,-1.007180333137512207e+00,-1.039260268211364746e+00,-1.085590600967407227e+00,-8.070878982543945312e-01,-4.220875501632690430e-01,-1.324914336204528809e+00,-1.088791728019714355e+00,-1.003209352493286133e+00,-7.603969573974609375e-01,-9.745113253593444824e-01,-5.901902318000793457e-01,-1.024311542510986328e+00,-1.204524159431457520e+00,-1.088788986206054688e+00,-8.005264997482299805e-01,-8.999996781349182129e-01,-1.139040470123291016e+00,-8.455448150634765625e-01,-1.280177474021911621e+00
-1.090049624443054199e+00,-1.104622364044189453e+00,-8.377167582511901855e-01,-1.241993188858032227e+00,-7.243925333023071289e-01,-8.296557068824768066e-01,-1.083834171295166016e+00,-9.092578887939453125e-01,-1.013614058494567871e+00,-1.169239878654479980e+00,-1.078116893768310547e+00,-1.184024572372436523e+00,-1.121642112731933594e+00,-1.075614333152770996e+00,-9.445900917053222656e-01,-1.318252086639404297e+00,-9.816064238548278809e-01,-1.059446096420288086e+00,-5.055626630783081055e-01,-1.003839969635009766e+00
-9.615783691406250000e-01,-1.054352879524230957e+00,-1.214235663414001465e+00,-1.003787159919738770e+00,-7.421137690544128418e-01,-1.165014147758483887e+00,-6.165643334388732910e-01,-1.144259452819824219e+00,-6.625092029571533203e-01,-1.263719916343688965e+00,-8.027151226997375488e-01,-6.788945198059082031e-01,-6.614456176757812500e-01,-1.222083568572998047e+00,-8.290780186653137207e-01,-1.080136656761169434e+00,-6.026886105537414551e-01,-1.067194342613220215e+00,-1.294243574142456055e+00,-8.434534072875976562e-01
-8.689249753952026367e-01,-1.088387489318847656e+00,-8.867096900939941406e-01,-7.637612819671630859e-01,-6.875029206275939941e-01,-8.177333474159240723e-01,-8.782706856727600098e-01,-1.014225006103515625e+00,-6.070231199264526367e-01,-9.552348852157592773e-01,-8.546001911163330078e-01,-8.083746433258056641e-01,-7.274507284164428711e-01,-1.132949709892272949e+00,-8.313756585121154785e-01,-7.544798851013183594e-01,-1.073410630226135254e+00,-7.256929874420166016e-01,-1.175333499908447266e+00,-8.204165697097778320e-01
-1.160560965538024902e+00,-1.096065163612365723e+00,-1.427397847175598145e+00,-7.976219058036804199e-01,-1.229639530181884766e+00,-1.740012615919113159e-01,-4.972733259201049805e-01,-1.475405216217041016e+00,-5.279037356376647949e-01,-7.085189819335937500e-01,-5.535306334495544434e-01,-9.056332111358642578e-01,-9.373614192008972168e-01,-1.207726836204528809e+00,-6.538328528404235840e-01,-1.113857150077819824e+00,-7.715518474578857422e-01,-1.386899113655090332e+00,-6.565229892730712891e-01,-1.185257911682128906e+00
-1.484489679336547852e+00,-1.132505416870117188e+00,-9.209942817687988281e-01,-1.144693732261657715e+00,-7.617032527923583984e-01,-9.411127567291259766e-01,-8.323960900306701660e-01,-1.354701638221740723e+00,-1.097397089004516602e+00,-1.666642069816589355e+00,-1.150136828422546387e+00,-8.668807744979858398e-01,-9.322167038917541504e-01,-9.009554386138916016e-01,-4.730210304260253906e-01,-1.295793533325195312e+00,-1.641553044319152832e+00,-1.358630180358886719e+00,-1.076096653938293457e+00,-1.291432142257690430e+00
-7.107357978820800781e-01,-1.144333362579345703e+00,-1.085060477256774902e+00,-8.155324459075927734e-01,-9.227021932601928711e-01,-1.057329773902893066e+00,-8.362144231796264648e-01,-1.097675323486328125e+00,-7.862429022789001465e-01,-1.246685743331909180e+00,-9.078329205513000488e-01,-1.233429789543151855e+00,-1.082774281501770020e+00,-9.015567302703857422e-01,-7.089285254478454590e-01,-1.036081194877624512e+00,-1.095407843589782715e+00,-1.418271899223327637e+00,-8.586483597755432129e-01,-6.223798990249633789e-01
-1.105012536048889160e+00,-1.071600198745727539e+00,-1.079935669898986816e+00,-1.110845208168029785e+00,-6.894537806510925293e-01,-6.770403981208801270e-01,-9.760158658027648926e-01,-1.308504700660705566e+00,-1.194449186325073242e+00,-1.743787050247192383e+00,-7.062680721282958984e-01,-9.174890518188476562e-01,-8.431463241577148438e-01,-1.285747885704040527e+00,-1.066759586334228516e+00,-6.968844532966613770e-01,-1.154647111892700195e+00,-9.318295717239379883e-01,-9.833990335464477539e-01,-1.122302651405334473e+00
-1.046804666519165039e+00,-9.045226573944091797e-01,-8.114705085754394531e-01,-9.957217574119567871e-01,-7.936411499977111816e-01,-1.078499197959899902e+00,-1.265652894973754883e+00,-8.988139033317565918e-01,-1.218663096427917480e+00,-1.132628798484802246e+00,-1.218286037445068359e+00,-9.102287888526916504e-01,-1.202942609786987305e+00,-8.999758958816528320e-01,-1.123926997184753418e+00,-1.053960323333740234e+00,-1.141745686531066895e+00,-1.264764428138732910e+00,-9.730023145675659180e-01,-9.887456893920898438e-01
-9.063766002655029297e-01,-8.696116805076599121e-01,-1.267230749130249023e+00,-8.978884816169738770e-01,-1.179455876350402832e+00,-9.257156848907470703e-01,-1.182343721389770508e+00,-8.259730935096740723e-01,-1.298776984214782715e+00,-1.390480875968933105e+00,-1.149461150169372559e+00,-1.046612262725830078e+00,-1.235168218612670898e+00,-1.153804063796997070e+00,-6.294599771499633789e-01,-1.022474765777587891e+00,-1.229335427284240723e+00,-1.157355189323425293e+00,-6.846773624420166016e-01,-1.012219190597534180e+00
-9.369275569915771484e-01,-1.139511942863464355e+00,-7.951896786689758301e-01,-1.178171396255493164e+00,-1.047370195388793945e+00,-8.024094104766845703e-01,-9.618311524391174316e-01,-1.066290378570556641e+00,-7.739360332489013672e-01,-1.179278254508972168e+00,-1.397513985633850098e+00,-7.617612481117248535e-01,-5.096567273139953613e-01,-9.986824989318847656e-01,-8.848482370376586914e-01,-7.309415340423583984e-01,-1.010344266891479492e+00,-1.133409500122070312e+00,-6.180342435836791992e-01,-8.482848405838012695e-01
-8.821105957031250000e-01,-1.211922883987426758e+00,-1.053382277488708496e+00,-9.604928493499755859e-01,-6.006191968917846680e-01,-8.308172225952148438e-01,-1.054258704185485840e+00,-1.247843503952026367e+00,-1.073227286338806152e+00,-9.401509165763854980e-01,-9.679269194602966309e-01,-1.162837147712707520e+00,-7.748802304267883301e-01,-8.792352676391601562e-01,-1.161766171455383301e+00,-9.821176528930664062e-01,-4.298917949199676514e-01,-1.043857574462890625e+00,-1.318223714828491211e+00,-1.367723584175109863e+00
-1.039648532867431641e+00,-1.048205018043518066e+00,-8.668390512466430664e-01,-1.125708222389221191e+00,-1.043454170227050781e+00,-7.816446423530578613e-01,-5.390263199806213379e-01,-1.307488203048706055e+00,-1.150395870208740234e+00,-1.094381213188171387e+00,-9.999180436134338379e-01,-1.036009788513183594e+00,-7.838016152381896973e-01,-9.027394056320190430e-01,-1.029892206192016602e+00,-9.225769639015197754e-01,-1.086197733879089355e+00,-1.095869779586791992e+00,-8.474835157394409180e-01,-9.358619451522827148e-01
-6.212298274040222168e-01,-1.020199179649353027e+00,-1.019608736038208008e+00,-9.359677433967590332e-01,-1.164027571678161621e+00,-1.016875147819519043e+00,-8.644571900367736816e-01,-1.006887078285217285e+00,-1.330089449882507324e+00,-1.393345713615417480e+00,-1.310102939605712891e+00,-5.012547969818115234e-01,-1.160332441329956055e+00,-1.431621789932250977e+00,-7.685721516609191895e-01,-1.319195389747619629e+00,-1.415068387985229492e+00,-1.324100375175476074e+00,-5.699760317802429199e-01,-7.832641005516052246e-01
-3.742520511150360107e-01,-1.064987778663635254e+00,-7.636206746101379395e-01,-1.526595592498779297e+00,-7.335107922554016113e-01,-6.533749103546142578e-01,-1.091890573501586914e+00,-1.215528368949890137e+00,-1.273768663406372070e+00,-1.667309522628784180e+00,-1.310764074325561523e+00,-1.307709574699401855e+00,-9.438465833663940430e-01,-1.179191827774047852e+00,-1.070423841476440430e+00,-7.915015220642089844e-01,-1.408492207527160645e+00,-3.435305655002593994e-01,-3.718078732490539551e-01,-8.443988561630249023e-01
-8.096523284912109375e-01,-9.081422686576843262e-01,-8.250753879547119141e-01,-1.105006456375122070e+00,-1.023754358291625977e+00,-9.341371059417724609e-01,-9.821869134902954102e-01,-9.072657823562622070e-01,-9.217172861099243164e-01,-9.817767143249511719e-01,-9.344888329505920410e-01,-9.578179121017456055e-01,-7.834143638610839844e-01,-7.816855311393737793e-01,-1.055993318557739258e+00,-1.161051511764526367e+00,-1.100901365280151367e+00,-1.076639413833618164e+00,-1.018195629119873047e+00,-7.442489266395568848e-01
-1.277251601219177246e+00,-1.125069737434387207e+00,-1.101391077041625977e+00,-9.594224691390991211e-01,-9.307677745819091797e-01,-8.751309514045715332e-01,-7.142841815948486328e-01,-1.046416759490966797e+00,-1.201624751091003418e+00,-1.500419259071350098e+00,-1.089029312133789062e+00,-9.131178855895996094e-01,-8.338220715522766113e-01,-1.158808231353759766e+00,-6.874551773071289062e-01,-7.890519499778747559e-01,-7.192156910896301270e-01,-1.054307937622070312e+00,-7.561099529266357422e-01,-1.013607621192932129e+00
-8.948055505752563477e-01,-1.162045717239379883e+00,-1.208947181701660156e+00,-9.760254621505737305e-01,-7.780386209487915039e-01,-1.138925671577453613e+00,-7.091935873031616211e-01,-1.184653282165527344e+00,-1.309479117393493652e+00,-1.358467221260070801e+00,-9.693714380264282227e-01,-1.071148991584777832e+00,-6.596823334693908691e-01,-1.075439453125000000e+00,-1.109547376632690430e+00,-1.190847158432006836e+00,-8.718399405479431152e-01,-1.298582077026367188e+00,-6.146920919418334961e-01,-7.933617830276489258e-01
-1.221546530723571777e+00,-1.382892370223999023e+00,-9.641841053962707520e-01,-5.558142066001892090e-01,-9.554153680801391602e-01,-9.696330428123474121e-01,-9.059277176856994629e-01,-1.150849342346191406e+00,-7.038841843605041504e-01,-1.025146722793579102e+00,-1.178870439529418945e+00,-7.689465284347534180e-01,-7.564236521720886230e-01,-8.367171883583068848e-01,-9.990828037261962891e-01,-1.032583355903625488e+00,-1.070731401443481445e+00,-8.802085518836975098e-01,-1.109332799911499023e+00,-6.739810705184936523e-01
-7.817348837852478027e-01,-1.049573898315429688e+00,-6.164008378982543945e-01,-1.453127980232238770e+00,-9.999984502792358398e-01,-7.763444781303405762e-01,-7.147639989852905273e-01,-1.167763113975524902e+00,-1.013853549957275391e+00,-1.122751593589782715e+00,-1.259206891059875488e+00,-1.037463903427124023e+00,-1.023301124572753906e+00,-1.113096594810485840e+00,-6.565372347831726074e-01,-8.915300369262695312e-01,-1.198517560958862305e+00,-7.465805411338806152e-01,-1.090274453163146973e+00,-8.529512286186218262e-01
-1.108439087867736816e+00,-9.907989501953125000e-01,-1.108157873153686523e+00,-8.263529539108276367e-01,-8.236790299415588379e-01,-6.871435642242431641e-01,-8.953154683113098145e-01,-1.014324545860290527e+00,-1.046206235885620117e+00,-1.218105554580688477e+00,-6.930002570152282715e-01,-1.090651035308837891e+00,-7.636478543281555176e-01,-9.691259264945983887e-01,-7.172996401786804199e-01,-6.951549649238586426e-01,-1.034211397171020508e+00,-1.007009387016296387e+00,-9.398944377899169922e-01,-9.595753550529479980e-01
-8.995372653007507324e-01,-1.071510195732116699e+00,-8.120588064193725586e-01,-9.033992290496826172e-01,-6.457911133766174316e-01,-8.890703916549682617e-01,-7.500240206718444824e-01,-1.272391796112060547e+00,-1.535856485366821289e+00,-1.090008974075317383e+00,-1.052609443664550781e+00,-9.578859210014343262e-01,-9.754607677459716797e-01,-1.063730239868164062e+00,-7.498570680618286133e-01,-9.539725184440612793e-01,-8.724182844161987305e-01,-1.061242699623107910e+00,-8.457999229431152344e-01,-1.082092046737670898e+00
-1.051696658134460449e+00,-5.935122370719909668e-01,-8.839301466941833496e-01,-9.372926950454711914e-01,-4.621266722679138184e-01,-7.751884460449218750e-01,-6.687943339347839355e-01,-1.178172469139099121e+00,-1.244207501411437988e+00,-1.056358575820922852e+00,-9.105505347251892090e-01,-7.286839485168457031e-01,-8.899855017662048340e-01,-5.850921869277954102e-01,-8.648034930229187012e-01,-8.980128169059753418e-01,-9.918501377105712891e-01,-4.915311336517333984e-01,-7.537402510643005371e-01,-5.921826958656311035e-01
-1.223279237747192383e+00,-1.039621829986572266e+00,-9.899634122848510742e-01,-1.281574606895446777e+00,-8.583428263664245605e-01,-7.805348038673400879e-01,-7.508013844490051270e-01,-1.054785966873168945e+00,-7.633284330368041992e-01,-1.160027742385864258e+00,-1.231412410736083984e+00,-7.074089646339416504e-01,-9.641595482826232910e-01,-8.308961987495422363e-01,-1.207708001136779785e+00,-6.409959197044372559e-01,-1.241822838783264160e+00,-8.889565467834472656e-01,-7.058284878730773926e-01,-8.346837759017944336e-01
-8.135431408882141113e-01,-1.067628502845764160e+00,-1.117598652839660645e+00,-9.922833442687988281e-01,-6.248563528060913086e-01,-9.996017813682556152e-01,-8.295733928680419922e-01,-1.127772688865661621e+00,-1.193946361541748047e+00,-1.598513484001159668e+00,-9.578281641006469727e-01,-8.094003200531005859e-01,-1.029675006866455078e+00,-9.741142988204956055e-01,-7.503349781036376953e-01,-8.981847763061523438e-01,-1.137852072715759277e+00,-1.396024942398071289e+00,-9.929955601692199707e-01,-7.486515641212463379e-01
-1.018786191940307617e+00,-9.507774114608764648e-01,-1.258306741714477539e+00,-9.132310748100280762e-01,-7.359732389450073242e-01,-7.881854176521301270e-01,-8.336496353149414062e-01,-1.230236291885375977e+00,-1.103185296058654785e+00,-1.287510633468627930e+00,-8.468681573867797852e-01,-8.295136094093322754e-01,-7.401274442672729492e-01,-1.236619710922241211e+00,-7.934069633483886719e-01,-1.129189133644104004e+00,-1.239253759384155273e+00,-1.175728678703308105e+00,-1.151456594467163086e+00,-1.106621623039245605e+00
-9.949527382850646973e-01,-9.265947937965393066e-01,-7.983759045600891113e-01,-8.111463785171508789e-01,-1.025067210197448730e+00,-8.076665997505187988e-01,-5.824791193008422852e-01,-7.661172151565551758e-01,-8.009850382804870605e-01,-9.450837373733520508e-01,-9.430508017539978027e-01,-6.540607213973999023e-01,-3.817183971405029297e-01,-1.060357570648193359e+00,-6.866283416748046875e-01,-8.533125519752502441e-01,-8.041343092918395996e-01,-1.139610528945922852e+00,-1.141535043716430664e+00,-8.814021348953247070e-01
-1.226375818252563477e+00,-8.427560925483703613e-01,-1.202301383018493652e+00,-1.106026530265808105e+00,-7.555816173553466797e-01,-7.735593914985656738e-01,-1.212964415550231934e+00,-1.379368424415588379e+00,-1.330212593078613281e+00,-8.969722390174865723e-01,-6.876823306083679199e-01,-9.557562470436096191e-01,-7.605680823326110840e-01,-8.177575469017028809e-01,-8.736896514892578125e-01,-9.322125315666198730e-01,-8.019997477531433105e-01,-7.987056970596313477e-01,-9.700906276702880859e-01,-1.019796967506408691e+00
-7.049679756164550781e-01,-1.157463669776916504e+00,-1.570568561553955078e+00,-1.195980310440063477e+00,-5.350648164749145508e-01,-6.842665672302246094e-01,-5.655549168586730957e-01,-1.213107228279113770e+00,-1.049962401390075684e+00,-8.724289536476135254e-01,-9.436401724815368652e-01,-8.319464921951293945e-01,-3.882958292961120605e-01,-1.145106911659240723e+00,-8.561115264892578125e-01,-1.058106541633605957e+00,-1.273524403572082520e+00,-1.072260260581970215e+00,-1.178107380867004395e+00,-1.282434701919555664e+00
-6.928334832191467285e-01,-9.598528742790222168e-01,-1.331873536109924316e+00,-7.671030759811401367e-01,-6.585181355476379395e-01,-1.091428875923156738e+00,-6.035996079444885254e-01,-1.078203201293945312e+00,-5.922452211380004883e-01,-1.271951079368591309e+00,-8.096836209297180176e-01,-9.636166095733642578e-01,-9.444077014923095703e-01,-1.024132847785949707e+00,-9.757207632064819336e-01,-1.110496401786804199e+00,-1.256555318832397461e+00,-8.880264163017272949e-01,-6.317784190177917480e-01,-7.047216296195983887e-01
-1.245785236358642578e+00,-8.586287498474121094e-01,-1.005104184150695801e+00,-9.752178192138671875e-01,-1.224401593208312988e+00,-1.130723237991333008e+00,-1.000792622566223145e+00,-2.406747788190841675e-01,-1.269945144653320312e+00,-1.537577509880065918e+00,-8.977963328361511230e-01,-1.109436273574829102e+00,-1.001912713050842285e+00,-1.134207963943481445e+00,-1.098639130592346191e+00,-1.030903100967407227e+00,-7.794396877288818359e-01,-9.141560196876525879e-01,-1.449627757072448730e+00,-5.881128907203674316e-01
-9.693673253059387207e-01,-7.997043728828430176e-01,-1.164709329605102539e+00,-1.259919762611389160e+00,-8.000373244285583496e-01,-9.771392941474914551e-01,-6.559056043624877930e-01,-9.733698368072509766e-01,-1.139008045196533203e+00,-9.929361343383789062e-01,-1.048872828483581543e+00,-8.352566361427307129e-01,-4.172408878803253174e-01,-1.135335087776184082e+00,-1.210728287696838379e+00,-1.141664743423461914e+00,-1.134778738021850586e+00,-1.306176066398620605e+00,-8.998450636863708496e-01,-1.170200109481811523e+00
-9.915425777435302734e-01,-7.017026543617248535e-01,-8.289692997932434082e-01,-9.124242067337036133e-01,-7.293237447738647461e-01,-9.811683297157287598e-01,-7.750146389007568359e-01,-1.007672429084777832e+00,-1.171607017517089844e+00,-1.078211426734924316e+00,-1.248157978057861328e+00,-9.840776324272155762e-01,-5.988332629203796387e-01,-9.879701137542724609e-01,-1.004081010818481445e+00,-1.133291125297546387e+00,-8.498846292495727539e-01,-8.783118724822998047e-01,-9.707937240600585938e-01,-1.095317482948303223e+00
-6.141956448554992676e-01,-1.023379445075988770e+00,-9.007045030593872070e-01,-1.080487847328186035e+00,-8.535737395286560059e-01,-5.150815248489379883e-01,-9.301533699035644531e-01,-8.798468708992004395e-01,-8.315080404281616211e-01,-1.012163996696472168e+00,-7.249832153320312500e-01,-7.545850276947021484e-01,-7.206656336784362793e-01,-8.168796300888061523e-01,-8.416250348091125488e-01,-9.199903607368469238e-01,-1.331290245056152344e+00,-7.345750331878662109e-01,-7.863830924034118652e-01,-7.702375650405883789e-01
-1.197714686393737793e+00,-1.029875636100769043e+00,-8.648220896720886230e-01,-1.189208388328552246e+00,-9.089276790618896484e-01,-7.178571820259094238e-01,-7.916764020919799805e-01,-8.189933896064758301e-01,-8.823842406272888184e-01,-1.067815899848937988e+00,-1.231728672981262207e+00,-1.146986365318298340e+00,-1.105112552642822266e+00,-1.143777370452880859e+00,-6.524454355239868164e-01,-8.792506456375122070e-01,-8.801175355911254883e-01,-1.010208487510681152e+00,-1.048057436943054199e+00,-9.938837289810180664e-01
-7.627196311950683594e-01,-1.340878129005432129e+00,-8.001999258995056152e-01,-1.022137880325317383e+00,-7.643170952796936035e-01,-1.183564066886901855e+00,-6.783949732780456543e-01,-7.823699712753295898e-01,-8.828914761543273926e-01,-9.884377121925354004e-01,-1.058796525001525879e+00,-6.305524110794067383e-01,-8.713554143905639648e-01,-1.489408016204833984e+00,-8.841570019721984863e-01,-9.045347571372985840e-01,-1.088812947273254395e+00,-1.103218913078308105e+00,-9.004155993461608887e-01,-7.219449877738952637e-01
-7.857460975646972656e-01,-5.583145022392272949e-01,-8.276705741882324219e-01,-6.522400379180908203e-01,-6.349604725837707520e-01,-9.531604051589965820e-01,-1.289579987525939941e+00,-9.520832300186157227e-01,-9.779818058013916016e-01,-1.202427268028259277e+00,-1.356707215309143066e+00,-5.154054164886474609e-01,-6.902162432670593262e-01,-9.995852708816528320e-01,-9.222527742385864258e-01,-9.233927130699157715e-01,-1.171033263206481934e+00,-9.931903481483459473e-01,-7.097545266151428223e-01,-8.578990101814270020e-01
-8.747493624687194824e-01,-6.210015416145324707e-01,-7.189546823501586914e-01,-1.047447443008422852e+00,-1.237153530120849609e+00,-9.616239666938781738e-01,-6.636071205139160156e-01,-9.237003326416015625e-01,-1.014579176902770996e+00,-9.958747029304504395e-01,-1.145448565483093262e+00,-8.158068656921386719e-01,-8.827161192893981934e-01,-1.142937541007995605e+00,-4.881470203399658203e-01,-8.908489942550659180e-01,-8.735405802726745605e-01,-9.670702219009399414e-01,-9.934462904930114746e-01,-9.287064075469970703e-01
-1.077133417129516602e+00,-5.814976096153259277e-01,-9.623497724533081055e-01,-8.926196694374084473e-01,-6.699510216712951660e-01,-1.118855714797973633e+00,-5.692521929740905762e-01,-5.610325932502746582e-01,-1.082399010658264160e+00,-1.000077962875366211e+00,-4.427996575832366943e-01,-1.051924824714660645e+00,-8.389949798583984375e-01,-1.372380137443542480e+00,-1.415132164955139160e+00,-1.052798032760620117e+00,-1.297808170318603516e+00,-9.947435855865478516e-01,-1.311333060264587402e+00,-6.741129159927368164e-01
-1.048604369163513184e+00,-1.123480200767517090e+00,-8.491973876953125000e-01,-1.023023843765258789e+00,-7.885938286781311035e-01,-7.100998163223266602e-01,-8.049101829528808594e-01,-8.078399300575256348e-01,-9.530352354049682617e-01,-1.101534724235534668e+00,-1.446965217590332031e+00,-1.012814998626708984e+00,-1.380085825920104980e+00,-7.550831437110900879e-01,-1.137076616287231445e+00,-1.109078407287597656e+00,-9.684752821922302246e-01,-9.580782651901245117e-01,-1.038366436958312988e+00,-9.445454478263854980e-01
-1.241823911666870117e+00,-1.258253455162048340e+00,-6.282759308815002441e-01,-8.973003029823303223e-01,-1.156322598457336426e+00,-6.518414616584777832e-01,-8.456114530563354492e-01,-8.016721010208129883e-01,-1.153813719749450684e+00,-1.418173193931579590e+00,-7.434701919555664062e-01,-9.882348179817199707e-01,-7.589155435562133789e-01,-1.016718387603759766e+00,-9.648709893226623535e-01,-1.202034711837768555e+00,-1.266722917556762695e+00,-9.212489128112792969e-01,-1.034004092216491699e+00,-1.016463160514831543e+00
-1.054631471633911133e+00,-8.977780938148498535e-01,-1.194566488265991211e+00,-1.020163059234619141e+00,-8.065311312675476074e-01,-9.622414708137512207e-01,-8.891484141349792480e-01,-8.063299059867858887e-01,-5.642858147621154785e-01,-9.244920611381530762e-01,-1.174684524536132812e+00,-9.061045050621032715e-01,-1.112648606300354004e+00,-8.590127229690551758e-01,-1.079600572586059570e+00,-9.283704757690429688e-01,-1.093628406524658203e+00,-1.075270891189575195e+00,-1.001563072204589844e+00,-1.036115169525146484e+00
-9.716651439666748047e-01,-8.950917124748229980e-01,-7.834517359733581543e-01,-9.444749951362609863e-01,-7.088995575904846191e-01,-1.162426948547363281e+00,-7.466913461685180664e-01,-1.165287017822265625e+00,-9.150121212005615234e-01,-1.034254670143127441e+00,-8.251967430114746094e-01,-1.217495083808898926e+00,-9.935297369956970215e-01,-1.368684411048889160e+00,-9.424659013748168945e-01,-1.145943760871887207e+00,-1.167732477188110352e+00,-1.187877535820007324e+00,-1.053305506706237793e+00,-7.134572267532348633e-01
-4.821906089782714844e-01,-7.123711109161376953e-01,-1.144669771194458008e+00,-8.300800323486328125e-01,-5.665308237075805664e-01,-6.508290171623229980e-01,-8.537806272506713867e-01,-1.304479956626892090e+00,-1.263140916824340820e+00,-1.045718193054199219e+00,-1.081127643585205078e+00,-7.770045995712280273e-01,-8.914461731910705566e-01,-1.066902160644531250e+00,-9.616597890853881836e-01,-1.110495924949645996e+00,-8.300418853759765625e-01,-1.202307224273681641e+00,-1.159316539764404297e+00,-7.523505091667175293e-01
-1.007996797561645508e+00,-1.228676080703735352e+00,-1.156110882759094238e+00,-9.335594177246093750e-01,-4.160398542881011963e-01,-1.248379230499267578e+00,-8.791781663894653320e-01,-1.335896492004394531e+00,-1.046309471130371094e+00,-1.163451313972473145e+00,-7.359005808830261230e-01,-6.847119331359863281e-01,-1.150649905204772949e+00,-8.391784429550170898e-01,-1.198962688446044922e+00,-6.549906730651855469e-01,-9.645704030990600586e-01,-1.369013786315917969e+00,-9.441465735435485840e-01,-5.208393335342407227e-01
-1.000134468078613281e+00,-8.640204668045043945e-01,-1.037332653999328613e+00,-9.900601506233215332e-01,-9.926698207855224609e-01,-1.159497976303100586e+00,-1.347980141639709473e+00,-1.024962663650512695e+00,-1.086323857307434082e+00,-1.360894083976745605e+00,-1.015328168869018555e+00,-8.792619705200195312e-01,-1.099834918975830078e+00,-8.967759013175964355e-01,-8.742836713790893555e-01,-6.055126190185546875e-01,-8.078722357749938965e-01,-1.016838908195495605e+00,-1.276412606239318848e+00,-1.080243825912475586e+00
-9.451521635055541992e-01,-8.640128374099731445e-01,-8.219947218894958496e-01,-1.268267393112182617e+00,-9.902819395065307617e-01,-8.670077323913574219e-01,-8.494435548782348633e-01,-8.717461228370666504e-01,-1.287527799606323242e+00,-1.379696249961853027e+00,-1.279632687568664551e+00,-9.079372882843017578e-01,-6.958593130111694336e-01,-8.667355179786682129e-01,-1.041195511817932129e+00,-9.762066602706909180e-01,-8.794440627098083496e-01,-1.024216294288635254e+00,-6.131270527839660645e-01,-8.948717713356018066e-01
-5.986486673355102539e-01,-8.871425390243530273e-01,-6.241469383239746094e-01,-6.479595899581909180e-01,-8.267683982849121094e-01,-5.785199999809265137e-01,-7.252868413925170898e-01,-9.307296276092529297e-01,-7.025599479675292969e-01,-1.061681747436523438e+00,-7.752507328987121582e-01,-4.508188664913177490e-01,-1.281969547271728516e+00,-1.272050142288208008e+00,-8.287200331687927246e-01,-1.215970039367675781e+00,-1.045418620109558105e+00,-1.361240029335021973e+00,-1.427747130393981934e+00,-8.246441483497619629e-01
-7.079312205314636230e-01,-7.125998735427856445e-01,-1.224860310554504395e+00,-8.767144083976745605e-01,-8.420203328132629395e-01,-9.493324756622314453e-01,-8.002692461013793945e-01,-1.216402888298034668e+00,-1.218044877052307129e+00,-1.102775096893310547e+00,-9.415514469146728516e-01,-8.893672227859497070e-01,-1.215635657310485840e+00,-1.198698520660400391e+00,-1.216150164604187012e+00,-5.840396881103515625e-01,-9.529784917831420898e-01,-9.651340842247009277e-01,-8.198881149291992188e-01,-1.123131871223449707e+00
-8.134573101997375488e-01,-1.048556685447692871e+00,-1.164941430091857910e+00,-9.789177179336547852e-01,-1.148171901702880859e+00,-6.683179736137390137e-01,-9.011411666870117188e-01,-1.137591600418090820e+00,-1.094663143157958984e+00,-1.224929690361022949e+00,-1.179912924766540527e+00,-1.029213428497314453e+00,-1.076306223869323730e+00,-1.003844499588012695e+00,-7.901504635810852051e-01,-8.778817653656005859e-01,-9.029877185821533203e-01,-9.002457857131958008e-01,-7.329198122024536133e-01,-7.948775291442871094e-01
-7.713683843612670898e-01,-7.712265849113464355e-01,-1.055952310562133789e+00,-9.127305150032043457e-01,-1.181335687637329102e+00,-8.235395550727844238e-01,-9.629709720611572266e-01,-8.468534350395202637e-01,-1.192149996757507324e+00,-8.519086241722106934e-01,-5.990508794784545898e-01,-1.003045320510864258e+00,-1.250552058219909668e+00,-9.623224735260009766e-01,-7.043820619583129883e-01,-6.330521702766418457e-01,-1.098517179489135742e+00,-7.396177053451538086e-01,-1.091510295867919922e+00,-9.544935822486877441e-01
-1.111653089523315430e+00,-1.300274372100830078e+00,-9.675357937812805176e-01,-8.097589612007141113e-01,-8.205296397209167480e-01,-9.812840223312377930e-01,-6.983158588409423828e-01,-1.053577065467834473e+00,-9.256052374839782715e-01,-1.405070662498474121e+00,-1.067244172096252441e+00,-9.048193097114562988e-01,-6.114087700843811035e-01,-7.897465229034423828e-01,-7.662004232406616211e-01,-1.150423169136047363e+00,-9.642611742019653320e-01,-6.612014770507812500e-01,-9.151035547256469727e-01,-7.914463877677917480e-01
-9.203842282295227051e-01,-1.148541927337646484e+00,-1.079583287239074707e+00,-7.642123103141784668e-01,-9.153466224670410156e-01,-1.023642897605895996e+00,-6.969662904739379883e-01,-1.100707650184631348e+00,-1.009529709815979004e+00,-9.532654285430908203e-01,-8.459640741348266602e-01,-1.247898101806640625e+00,-6.105102300643920898e-01,-1.121518135070800781e+00,-7.659459114074707031e-01,-8.252504467964172363e-01,-6.720413565635681152e-01,-9.687543511390686035e-01,-1.258205771446228027e+00,-8.672147989273071289e-01
-7.826611995697021484e-01,-7.808718681335449219e-01,-1.108779430389404297e+00,-6.699560284614562988e-01,-7.416489720344543457e-01,-1.017017006874084473e+00,-8.325199484825134277e-01,-1.185311555862426758e+00,-8.805946111679077148e-01,-1.139248967170715332e+00,-4.684233367443084717e-01,-4.941497743129730225e-01,-9.372646808624267578e-01,-7.389476895332336426e-01,-1.016289830207824707e+00,-4.525588750839233398e-01,-8.578834533691406250e-01,-1.171127438545227051e+00,-8.917354345321655273e-01,-7.944285273551940918e-01
-8.684711456298828125e-01,-6.736063957214355469e-01,-9.015386700630187988e-01,-1.077736139297485352e+00,-9.241970181465148926e-01,-8.735853433609008789e-01,-1.086057305335998535e+00,-6.341051459312438965e-01,-5.275911688804626465e-01,-1.035478591918945312e+00,-1.014267563819885254e+00,-1.121460676193237305e+00,-8.924286365509033203e-01,-1.388310313224792480e+00,-8.185651302337646484e-01,-8.280701637268066406e-01,-7.439421415328979492e-01,-1.108749985694885254e+00,-8.891187906265258789e-01,-5.367283821105957031e-01
-1.098949074745178223e+00,-1.262509584426879883e+00,-1.340018630027770996e+00,-1.216589570045471191e+00,-7.447494268417358398e-01,-1.153295874595642090e+00,-7.280367016792297363e-01,-1.428400039672851562e+00,-1.072011590003967285e+00,-8.309488892555236816e-01,-1.173451066017150879e+00,-5.614148378372192383e-01,-8.810521960258483887e-01,-9.491499066352844238e-01,-1.001571655273437500e+00,-1.042761564254760742e+00,-8.946958184242248535e-01,-1.252187967300415039e+00,-7.146908640861511230e-01,-7.015393972396850586e-01
-1.062024116516113281e+00,-9.151954650878906250e-01,-1.033364415168762207e+00,-8.754944205284118652e-01,-7.570317983627319336e-01,-5.452479720115661621e-01,-5.630769133567810059e-01,-1.127619981765747070e+00,-1.265283823013305664e+00,-8.788520097732543945e-01,-6.600657701492309570e-01,-7.551136016845703125e-01,-5.486083030700683594e-01,-1.064597725868225098e+00,-1.129955649375915527e+00,-1.131680250167846680e+00,-1.233969807624816895e+00,-9.176350831985473633e-01,-8.742923736572265625e-01,-9.661024808883666992e-01
-1.347312331199645996e+00,-9.635544419288635254e-01,-1.074382901191711426e+00,-8.519942760467529297e-01,-1.177251935005187988e+00,-7.284327745437622070e-01,-1.210511922836303711e+00,-7.130690813064575195e-01,-1.115974783897399902e+00,-1.281621456146240234e+00,-7.881987094879150391e-01,-6.164833307266235352e-01,-7.719975113868713379e-01,-1.010058879852294922e+00,-6.461147069931030273e-01,-1.178965091705322266e+00,-9.823806881904602051e-01,-1.318018198013305664e+00,-1.008997201919555664e+00,-8.989441394805908203e-01
-1.135464191436767578e+00,-7.632167339324951172e-01,-1.101928949356079102e+00,-1.337193846702575684e+00,-5.605316758155822754e-01,-1.312417507171630859e+00,-1.115480065345764160e+00,-9.403859972953796387e-01,-8.532999753952026367e-01,-1.336368918418884277e+00,-9.649664759635925293e-01,-6.191924810409545898e-01,-7.292593121528625488e-01,-1.380789756774902344e+00,-1.292060613632202148e+00,-8.922470211982727051e-01,-9.755280017852783203e-01,-1.153533220291137695e+00,-9.307632446289062500e-01,-9.683322310447692871e-01
-1.056941986083984375e+00,-9.110012054443359375e-01,-7.802053689956665039e-01,-8.969708085060119629e-01,-1.071059226989746094e+00,-9.215696454048156738e-01,-9.184437990188598633e-01,-1.180166482925415039e+00,-6.962478160858154297e-01,-1.415092349052429199e+00,-1.198583245277404785e+00,-1.105811357498168945e+00,-6.266196370124816895e-01,-9.544876813888549805e-01,-7.854084372520446777e-01,-9.507791399955749512e-01,-1.676541924476623535e+00,-1.061825513839721680e+00,-6.278818845748901367e-01,-1.100993990898132324e+00
-7.992841601371765137e-01,-8.680731654167175293e-01,-1.034710645675659180e+00,-9.047287106513977051e-01,-1.030356884002685547e+00,-9.981241822242736816e-01,-1.002104043960571289e+00,-8.186241388320922852e-01,-7.754676342010498047e-01,-1.367239475250244141e+00,-7.003617286682128906e-01,-9.507535696029663086e-01,-9.974083900451660156e-01,-1.149839997291564941e+00,-1.033457517623901367e+00,-7.346698045730590820e-01,-8.743749856948852539e-01,-9.045178294181823730e-01,-9.128716588020324707e-01,-7.574901580810546875e-01
-6.335765719413757324e-01,-8.449630737304687500e-01,-8.285173773765563965e-01,-9.618476629257202148e-01,-8.921080231666564941e-01,-9.618850946426391602e-01,-6.556697487831115723e-01,-1.319637179374694824e+00,-1.040803909301757812e+00,-1.227061748504638672e+00,-1.011893868446350098e+00,-9.228240251541137695e-01,-5.448039770126342773e-01,-8.898641467094421387e-01,-8.379492759704589844e-01,-7.797690629959106445e-01,-1.034127593040466309e+00,-6.698101162910461426e-01,-1.213584065437316895e+00,-6.034714579582214355e-01
-9.396117925643920898e-01,-9.429603219032287598e-01,-1.486744523048400879e+00,-1.060045123100280762e+00,-9.209839701652526855e-01,-4.158728122711181641e-01,-7.324254512786865234e-01,-9.080876111984252930e-01,-1.315455555915832520e+00,-8.880605697631835938e-01,-1.241555094718933105e+00,-1.360022783279418945e+00,-1.211992621421813965e+00,-1.455240130424499512e+00,-1.026807904243469238e+00,-1.031474828720092773e+00,-8.681964874267578125e-01,-1.144436478614807129e+00,-1.002787828445434570e+00,-7.142589092254638672e-01
-1.281276106834411621e+00,-9.805534482002258301e-01,-9.976692199707031250e-01,-6.326203346252441406e-01,-8.450084328651428223e-01,-9.156014919281005859e-01,-6.265939474105834961e-01,-1.115919351577758789e+00,-1.366967916488647461e+00,-1.104087471961975098e+00,-1.428121924400329590e+00,-5.779558420181274414e-01,-7.424563765525817871e-01,-1.325203299522399902e+00,-1.127633810043334961e+00,-1.152225017547607422e+00,-8.045185804367065430e-01,-1.279768466949462891e+00,-9.425479769706726074e-01,-2.688654959201812744e-01
-1.118118286132812500e+00,-1.106370091438293457e+00,-6.642536520957946777e-01,-6.643700003623962402e-01,-8.714415431022644043e-01,-8.005672097206115723e-01,-4.761201739311218262e-01,-9.006055593490600586e-01,-1.131241917610168457e+00,-1.343354701995849609e+00,-1.045711398124694824e+00,-9.076688289642333984e-01,-8.473304510116577148e-01,-1.155478358268737793e+00,-1.011983633041381836e+00,-8.463020324707031250e-01,-9.335608482360839844e-01,-1.221400737762451172e+00,-1.407705426216125488e+00,-8.007302284240722656e-01
-8.279858231544494629e-01,-7.650094032287597656e-01,-1.170188665390014648e+00,-1.044844388961791992e+00,-8.482782244682312012e-01,-7.361797690391540527e-01,-6.509200334548950195e-01,-1.234345674514770508e+00,-6.824926733970642090e-01,-1.125772356986999512e+00,-6.806913614273071289e-01,-9.099612236022949219e-01,-9.856809973716735840e-01,-5.114527344703674316e-01,-8.531730175018310547e-01,-9.443090558052062988e-01,-7.504608631134033203e-01,-8.638989329338073730e-01,-6.295441985130310059e-01,-1.063388228416442871e+00
-9.545563459396362305e-01,-7.369978427886962891e-01,-1.091948390007019043e+00,-1.253037333488464355e+00,-1.107158899307250977e+00,-8.237535953521728516e-01,-1.034017801284790039e+00,-9.286649823188781738e-01,-5.873970985412597656e-01,-7.045303583145141602e-01,-7.167577147483825684e-01,-1.125179409980773926e+00,-6.924056410789489746e-01,-9.436851739883422852e-01,-8.785403370857238770e-01,-8.109412193298339844e-01,-8.690591454505920410e-01,-9.974402785301208496e-01,-9.775215387344360352e-01,-8.632134199142456055e-01
-8.325524330139160156e-01,-8.284402489662170410e-01,-1.183139681816101074e+00,-1.036109328269958496e+00,-8.927488327026367188e-01,-8.161407709121704102e-01,-7.512567043304443359e-01,-8.163722753524780273e-01,-9.358953833580017090e-01,-1.292866349220275879e+00,-6.659863591194152832e-01,-1.097912192344665527e+00,-1.005898594856262207e+00,-1.187051653861999512e+00,-1.109298229217529297e+00,-1.183457374572753906e+00,-7.901318073272705078e-01,-1.029259443283081055e+00,-1.443894147872924805e+00,-7.856459021568298340e-01
-6.607170104980468750e-01,-8.260456919670104980e-01,-9.760861992835998535e-01,-7.094868421554565430e-01,-5.944599509239196777e-01,-7.944207191467285156e-01,-7.657858133316040039e-01,-1.023445248603820801e+00,-1.218357443809509277e+00,-8.967103362083435059e-01,-7.241670489311218262e-01,-6.540753245353698730e-01,-8.474255800247192383e-01,-1.132071256637573242e+00,-9.699491858482360840e-01,-1.063579082489013672e+00,-1.156652212142944336e+00,-1.181367278099060059e+00,-1.174027562141418457e+00,-1.605781555175781250e+00
-1.064126372337341309e+00,-9.557269811630249023e-01,-1.223269939422607422e+00,-9.542110562324523926e-01,-7.327272891998291016e-01,-1.099379897117614746e+00,-5.209197998046875000e-01,-9.053199887275695801e-01,-1.172188639640808105e+00,-1.274468779563903809e+00,-1.337593197822570801e+00,-1.225274562835693359e+00,-7.969524860382080078e-01,-1.182925105094909668e+00,-1.148733496665954590e+00,-1.177492499351501465e+00,-1.237163066864013672e+00,-1.129310727119445801e+00,-8.276925086975097656e-01,-9.665784835815429688e-01
-8.772278428077697754e-01,-7.067565917968750000e-01,-1.140823841094970703e+00,-1.235907077789306641e+00,-9.218897223472595215e-01,-8.552826642990112305e-01,-7.633630037307739258e-01,-7.040315270423889160e-01,-1.188593626022338867e+00,-1.383874297142028809e+00,-1.233282685279846191e+00,-8.300864696502685547e-01,-9.461456537246704102e-01,-1.074008107185363770e+00,-8.223201632499694824e-01,-1.093770265579223633e+00,-1.080929517745971680e+00,-1.115161776542663574e+00,-1.025097966194152832e+00,-7.867441177368164062e-01
-7.994344830513000488e-01,-6.907588839530944824e-01,-1.181387186050415039e+00,-1.010063171386718750e+00,-1.191847681999206543e+00,-6.143468618392944336e-01,-9.273228645324707031e-01,-8.142681717872619629e-01,-1.014227032661437988e+00,-1.114367246627807617e+00,-1.198266983032226562e+00,-9.448288083076477051e-01,-8.170130252838134766e-01,-1.472170114517211914e+00,-7.645509839057922363e-01,-7.483073472976684570e-01,-1.151729226112365723e+00,-1.321494817733764648e+00,-9.270803928375244141e-01,-6.951512694358825684e-01
-1.111601471900939941e+00,-6.993777155876159668e-01,-6.363878846168518066e-01,-1.021296739578247070e+00,-1.054404020309448242e+00,-9.128248095512390137e-01,-9.557371139526367188e-01,-1.008365750312805176e+00,-1.081121087074279785e+00,-1.492163896560668945e+00,-8.746531605720520020e-01,-5.836455821990966797e-01,-9.311035871505737305e-01,-1.177806258201599121e+00,-9.318829178810119629e-01,-8.635712265968322754e-01,-1.250932812690734863e+00,-1.381593227386474609e+00,-8.648257255554199219e-01,-6.630162000656127930e-01
-1.337482333183288574e+00,-8.257579803466796875e-01,-7.051599025726318359e-01,-8.463128805160522461e-01,-9.421442747116088867e-01,-6.310217380523681641e-01,-8.453549146652221680e-01,-7.825739383697509766e-01,-1.050482034683227539e+00,-1.312852501869201660e+00,-9.838862419128417969e-01,-8.910778164863586426e-01,-5.729864239692687988e-01,-9.345380663871765137e-01,-6.265926957130432129e-01,-8.350290656089782715e-01,-1.051209568977355957e+00,-9.685889482498168945e-01,-8.399212956428527832e-01,-1.384498238563537598e+00
-1.268094062805175781e+00,-8.592665195465087891e-01,-9.907468557357788086e-01,-8.312023282051086426e-01,-9.141699671745300293e-01,-7.693424224853515625e-01,-1.105144619941711426e+00,-4.396759271621704102e-01,-1.332861781120300293e+00,-1.059313416481018066e+00,-8.979968428611755371e-01,-1.184404730796813965e+00,-1.296448111534118652e+00,-1.260795474052429199e+00,-9.428551793098449707e-01,-6.266609430313110352e-01,-1.065676093101501465e+00,-1.052996754646301270e+00,-1.228838086128234863e+00,-4.785831272602081299e-01
-9.403427839279174805e-01,-8.757293820381164551e-01,-1.017324686050415039e+00,-7.551375031471252441e-01,-6.964065432548522949e-01,-8.870707750320434570e-01,-9.804907441139221191e-01,-1.072085857391357422e+00,-9.971722364425659180e-01,-1.172203421592712402e+00,-8.075385093688964844e-01,-1.040431261062622070e+00,-1.040899991989135742e+00,-1.270515084266662598e+00,-7.149146199226379395e-01,-9.924294352531433105e-01,-1.052345752716064453e+00,-1.177196383476257324e+00,-9.780351519584655762e-01,-9.079561233520507812e-01
-1.222614407539367676e+00,-1.321624636650085449e+00,-1.620190143585205078e+00,-1.156274437904357910e+00,-6.753264665603637695e-01,-5.477629303932189941e-01,-6.736018657684326172e-01,-6.871058344841003418e-01,-5.991522669792175293e-01,-1.505362868309020996e+00,-1.227485775947570801e+00,-8.067438602447509766e-01,-1.049489259719848633e+00,-1.014919161796569824e+00,-6.847874522209167480e-01,-1.138156056404113770e+00,-1.321236968040466309e+00,-8.852134346961975098e-01,-9.975472092628479004e-01,-6.802095770835876465e-01
-1.127379179000854492e+00,-8.731834888458251953e-01,-9.898778796195983887e-01,-7.360590696334838867e-01,-7.161328792572021484e-01,-8.332855701446533203e-01,-7.125002741813659668e-01,-1.152865409851074219e+00,-1.002693414688110352e+00,-8.449479937553405762e-01,-6.685261130332946777e-01,-8.884850740432739258e-01,-5.203531384468078613e-01,-1.123241901397705078e+00,-7.940269112586975098e-01,-9.216244816780090332e-01,-5.179549455642700195e-01,-1.135173439979553223e+00,-9.840235114097595215e-01,-8.273286819458007812e-01
-1.110348463058471680e+00,-9.280427098274230957e-01,-1.083076715469360352e+00,-9.727759361267089844e-01,-6.783282160758972168e-01,-7.541564106941223145e-01,-6.350170373916625977e-01,-1.228247523307800293e+00,-9.629060029983520508e-01,-1.351866006851196289e+00,-6.910595893859863281e-01,-8.282648921012878418e-01,-9.840279817581176758e-01,-1.006485581398010254e+00,-7.823073267936706543e-01,-7.422550320625305176e-01,-1.033582806587219238e+00,-8.945761919021606445e-01,-7.750631570816040039e-01,-8.133438825607299805e-01
-1.116429209709167480e+00,-8.100387454032897949e-01,-9.425703883171081543e-01,-1.106277942657470703e+00,-1.168284893035888672e+00,-6.972461342811584473e-01,-9.109748005867004395e-01,-1.103203415870666504e+00,-9.710266590118408203e-01,-9.264414310455322266e-01,-1.165602087974548340e+00,-1.305287718772888184e+00,-8.788852691650390625e-01,-7.698978781700134277e-01,-8.336968421936035156e-01,-1.247068405151367188e+00,-9.637928009033203125e-01,-1.219198465347290039e+00,-8.357394933700561523e-01,-8.327600359916687012e-01
-1.518422603607177734e+00,-1.269133448600769043e+00,-1.165090203285217285e+00,-1.005110859870910645e+00,-1.155975818634033203e+00,-7.653976678848266602e-01,-9.388731122016906738e-01,-1.226642489433288574e+00,-1.121261119842529297e+00,-1.178791642189025879e+00,-6.507477164268493652e-01,-1.225963115692138672e+00,-8.389334082603454590e-01,-1.270521759986877441e+00,-1.256229043006896973e+00,-1.057254910469055176e+00,-1.630314230918884277e+00,-1.404656052589416504e+00,-4.426949322223663330e-01,-1.145317316055297852e+00
-9.369250535964965820e-01,-7.649863362312316895e-01,-5.278433561325073242e-01,-1.311462998390197754e+00,-8.482154011726379395e-01,-7.996788620948791504e-01,-8.484057784080505371e-01,-1.309707880020141602e+00,-9.289097189903259277e-01,-1.347187042236328125e+00,-9.782921075820922852e-01,-7.128092050552368164e-01,-1.277979016304016113e+00,-7.289666533470153809e-01,-1.025269746780395508e+00,-5.798635482788085938e-01,-1.080337047576904297e+00,-9.338129758834838867e-01,-6.235589981079101562e-01,-8.637620210647583008e-01
-1.031499147415161133e+00,-7.347398996353149414e-01,-1.037535905838012695e+00,-9.598220586776733398e-01,-7.065889239311218262e-01,-1.183737158775329590e+00,-1.016959905624389648e+00,-8.928907513618469238e-01,-1.061231255531311035e+00,-7.115476131439208984e-01,-7.619220614433288574e-01,-9.469209313392639160e-01,-5.773497223854064941e-01,-1.196059584617614746e+00,-5.976525545120239258e-01,-9.713410735130310059e-01,-7.672188282012939453e-01,-1.247641682624816895e+00,-8.551735281944274902e-01,-9.033091068267822266e-01
-1.112497568130493164e+00,-8.420726060867309570e-01,-8.395668268203735352e-01,-8.656724691390991211e-01,-6.098725795745849609e-01,-8.775490522384643555e-01,-7.283490896224975586e-01,-1.165776729583740234e+00,-1.056783795356750488e+00,-9.586383104324340820e-01,-1.317381620407104492e+00,-1.038279771804809570e+00,-8.287960886955261230e-01,-1.076084494590759277e+00,-6.775951981544494629e-01,-9.789023995399475098e-01,-1.187082529067993164e+00,-1.154311895370483398e+00,-9.913797378540039062e-01,-1.284248709678649902e+00
-1.295825839042663574e+00,-9.244623184204101562e-01,-1.184536337852478027e+00,-1.352750897407531738e+00,-1.053436994552612305e+00,-1.082023620605468750e+00,-9.678476452827453613e-01,-9.897449016571044922e-01,-1.277585387229919434e+00,-1.412518262863159180e+00,-8.051818013191223145e-01,-8.018190860748291016e-01,-7.961002588272094727e-01,-7.501965165138244629e-01,-1.037735104560852051e+00,-8.200097680091857910e-01,-9.618734121322631836e-01,-1.009429812431335449e+00,-1.126698613166809082e+00,-1.215366601943969727e+00
-1.242206335067749023e+00,-1.029786229133605957e+00,-1.159269690513610840e+00,-9.613115191459655762e-01,-1.003316760063171387e+00,-6.537437438964843750e-01,-9.037432074546813965e-01,-1.168662071228027344e+00,-9.376643896102905273e-01,-1.054777860641479492e+00,-9.134717583656311035e-01,-9.137465357780456543e-01,-5.595819354057312012e-01,-1.147534489631652832e+00,-1.022325992584228516e+00,-1.016656875610351562e+00,-1.267393231391906738e+00,-1.093004822731018066e+00,-8.819453120231628418e-01,-8.080354928970336914e-01
-1.017359137535095215e+00,-1.019082188606262207e+00,-1.034314632415771484e+00,-1.297605276107788086e+00,-7.406879067420959473e-01,-6.891967654228210449e-01,-9.368150234222412109e-01,-7.702336311340332031e-01,-9.868131279945373535e-01,-8.185467720031738281e-01,-9.568939805030822754e-01,-9.201287627220153809e-01,-1.114609122276306152e+00,-8.858782052993774414e-01,-1.431375503540039062e+00,-8.858928084373474121e-01,-1.254240036010742188e+00,-8.904027938842773438e-01,-6.364317536354064941e-01,-1.057106256484985352e+00
-1.200802445411682129e+00,-5.338154435157775879e-01,-1.002309322357177734e+00,-1.158960461616516113e+00,-1.199752807617187500e+00,-1.266371965408325195e+00,-1.145040392875671387e+00,-1.227925181388854980e+00,-1.156728625297546387e+00,-1.312856674194335938e+00,-1.005495071411132812e+00,-1.048012018203735352e+00,-7.895351648330688477e-01,-8.349188566207885742e-01,-1.050467371940612793e+00,-8.673503994941711426e-01,-1.071339249610900879e+00,-1.229804873466491699e+00,-8.499125838279724121e-01,-1.004865884780883789e+00
-6.538021564483642578e-01,-1.244118332862854004e+00,-1.095536112785339355e+00,-2.327519059181213379e-01,-1.075540781021118164e+00,-9.178622961044311523e-01,-9.284883737564086914e-01,-1.335677146911621094e+00,-1.389836788177490234e+00,-1.128882169723510742e+00,-1.307558774948120117e+00,-8.737872838973999023e-01,-9.695925116539001465e-01,-6.947743892669677734e-01,-9.146889448165893555e-01,-9.615244865417480469e-01,-1.261475920677185059e+00,-9.875409007072448730e-01,-9.963620901107788086e-01,-1.007299661636352539e+00
-1.021865010261535645e+00,-6.798872351646423340e-01,-1.079649329185485840e+00,-1.096556305885314941e+00,-9.972993135452270508e-01,-1.152203917503356934e+00,-8.568305373191833496e-01,-8.124201297760009766e-01,-7.647076845169067383e-01,-1.313542485237121582e+00,-6.005682945251464844e-01,-9.480634927749633789e-01,-6.406965851783752441e-01,-1.133448600769042969e+00,-1.007853746414184570e+00,-8.988814949989318848e-01,-9.729554057121276855e-01,-1.217341065406799316e+00,-8.017400503158569336e-01,-8.636057376861572266e-01
-8.877686858177185059e-01,-7.555203437805175781e-01,-1.020943164825439453e+00,-1.056802988052368164e+00,-9.820929169654846191e-01,-1.093490481376647949e+00,-8.376431465148925781e-01,-1.130754947662353516e+00,-1.008609414100646973e+00,-1.519053220748901367e+00,-9.173994064331054688e-01,-7.680858373641967773e-01,-1.157763481140136719e+00,-9.785939455032348633e-01,-9.011861085891723633e-01,-1.103821039199829102e+00,-9.597064256668090820e-01,-1.067892670631408691e+00,-1.117083072662353516e+00,-8.785198926925659180e-01
-1.244288086891174316e+00,-5.833892822265625000e-01,-1.287716031074523926e+00,-1.285342574119567871e+00,-1.069415092468261719e+00,-9.392808079719543457e-01,-8.675097227096557617e-01,-1.113024473190307617e+00,-1.008697748184204102e+00,-1.292637944221496582e+00,-8.454778194427490234e-01,-8.884720206260681152e-01,-6.593740582466125488e-01,-1.132066130638122559e+00,-9.091500043869018555e-01,-1.017045736312866211e+00,-1.033394932746887207e+00,-6.050556898117065430e-01,-1.098505377769470215e+00,-1.062449216842651367e+00
-5.361211299896240234e-01,-1.282719373703002930e+00,-1.154395222663879395e+00,-1.089410305023193359e+00,-4.773609638214111328e-01,-1.009430289268493652e+00,-5.706763863563537598e-01,-9.774492979049682617e-01,-8.550664186477661133e-01,-1.291570663452148438e+00,-9.366781115531921387e-01,-9.860910177230834961e-01,-6.867976784706115723e-01,-1.009877920150756836e+00,-7.914975881576538086e-01,-1.155540466308593750e+00,-1.075342893600463867e+00,-1.141924381256103516e+00,-7.563683986663818359e-01,-6.460252404212951660e-01
-7.987880706787109375e-01,-1.476259708404541016e+00,-8.446178436279296875e-01,-9.673110246658325195e-01,-8.120645880699157715e-01,-5.933020710945129395e-01,-9.574600458145141602e-01,-1.078499317169189453e+00,-1.142464160919189453e+00,-1.148928761482238770e+00,-9.039750099182128906e-01,-7.425878643989562988e-01,-9.345877766609191895e-01,-7.985092997550964355e-01,-1.254868984222412109e+00,-1.028573751449584961e+00,-1.061499476432800293e+00,-1.344797253608703613e+00,-8.578062057495117188e-01,-8.826901912689208984e-01
-6.678653359413146973e-01,-8.949668407440185547e-01,-1.214486241340637207e+00,-1.447344422340393066e+00,-6.382445096969604492e-01,-4.858043789863586426e-01,-9.439535140991210938e-01,-1.014471411705017090e+00,-1.554021000862121582e+00,-1.106133580207824707e+00,-1.223932623863220215e+00,-7.002659440040588379e-01,-9.604271650314331055e-01,-1.456065416336059570e+00,-1.002681493759155273e+00,-8.437252640724182129e-01,-9.518964886665344238e-01,-1.006029009819030762e+00,-5.729232430458068848e-01,-9.642259478569030762e-01
-8.125120401382446289e-01,-1.188278794288635254e+00,-1.025809526443481445e+00,-1.011177778244018555e+00,-6.951834559440612793e-01,-9.442241787910461426e-01,-7.919084429740905762e-01,-9.389973282814025879e-01,-6.206399202346801758e-01,-1.131710171699523926e+00,-9.931692481040954590e-01,-8.558892607688903809e-01,-1.022643566131591797e+00,-9.981701374053955078e-01,-1.182825326919555664e+00,-1.000833392143249512e+00,-1.157295346260070801e+00,-8.716788291931152344e-01,-8.303836584091186523e-01,-9.244832396507263184e-01
-1.076915979385375977e+00,-9.278097748756408691e-01,-8.048111200332641602e-01,-6.218495965003967285e-01,-9.825428724288940430e-01,-1.084993243217468262e+00,-9.199231266975402832e-01,-6.276822090148925781e-01,-1.387480974197387695e+00,-1.256387233734130859e+00,-1.171213626861572266e+00,-8.947052955627441406e-01,-9.990237355232238770e-01,-9.885395765304565430e-01,-1.186792731285095215e+00,-1.045365571975708008e+00,-1.225744724273681641e+00,-9.957025051116943359e-01,-1.380419254302978516e+00,-1.113073348999023438e+00
-1.117291569709777832e+00,-6.258628964424133301e-01,-6.331169009208679199e-01,-1.396401286125183105e+00,-8.873525261878967285e-01,-8.372848033905029297e-01,-7.791403532028198242e-01,-9.188935756683349609e-01,-5.125337839126586914e-01,-8.119337558746337891e-01,-1.165743947029113770e+00,-7.712442278861999512e-01,-9.072482585906982422e-01,-1.063143014907836914e+00,-9.793950915336608887e-01,-9.406733512878417969e-01,-9.237868189811706543e-01,-1.178931593894958496e+00,-1.146010160446166992e+00,-4.860602021217346191e-01
-1.110553145408630371e+00,-1.191278338432312012e+00,-1.000422000885009766e+00,-1.382768273353576660e+00,-9.442951679229736328e-01,-8.626040816307067871e-01,-6.936919689178466797e-01,-1.558537244796752930e+00,-1.003849864006042480e+00,-8.972449302673339844e-01,-9.808589816093444824e-01,-5.723270177841186523e-01,-1.146576762199401855e+00,-6.503664255142211914e-01,-8.148260116577148438e-01,-1.197970986366271973e+00,-1.140498280525207520e+00,-1.077504634857177734e+00,-1.141559720039367676e+00,-1.222662806510925293e+00
-1.352730751037597656e+00,-9.504245519638061523e-01,-9.940356612205505371e-01,-7.870395779609680176e-01,-1.127726197242736816e+00,-8.987314701080322266e-01,-1.136117935180664062e+00,-1.655848026275634766e+00,-9.243906140327453613e-01,-1.043075323104858398e+00,-7.372210621833801270e-01,-8.275646567344665527e-01,-8.757318258285522461e-01,-7.607253789901733398e-01,-9.309253692626953125e-01,-6.249548196792602539e-01,-1.279946804046630859e+00,-8.115119934082031250e-01,-1.423540592193603516e+00,-8.915184736251831055e-01
-1.289088487625122070e+00,-1.043339729309082031e+00,-1.233949184417724609e+00,-1.038835406303405762e+00,-1.029416561126708984e+00,-6.406740546226501465e-01,-8.087623715400695801e-01,-1.260422348976135254e+00,-1.409485340118408203e+00,-1.296377539634704590e+00,-1.233304023742675781e+00,-9.180279970169067383e-01,-1.288913965225219727e+00,-9.450102448463439941e-01,-8.359086513519287109e-01,-6.113286614418029785e-01,-7.765537500381469727e-01,-1.189516782760620117e+00,-8.012566566467285156e-01,-9.002397656440734863e-01
-1.012356996536254883e+00,-1.231332659721374512e+00,-1.092915296554565430e+00,-1.091454744338989258e+00,-1.097238659858703613e+00,-1.045679926872253418e+00,-8.125293850898742676e-01,-1.099449634552001953e+00,-9.520183801651000977e-01,-8.127467632293701172e-01,-9.613501429557800293e-01,-8.563886284828186035e-01,-7.968897223472595215e-01,-1.081989645957946777e+00,-8.713043332099914551e-01,-8.126893043518066406e-01,-9.821531176567077637e-01,-9.694987535476684570e-01,-8.128350973129272461e-01,-4.280225932598114014e-01
-1.167812466621398926e+00,-9.514756798744201660e-01,-1.159900665283203125e+00,-7.997688055038452148e-01,-8.794299364089965820e-01,-6.990327239036560059e-01,-4.920869469642639160e-01,-9.259611368179321289e-01,-1.211340427398681641e+00,-1.346802353858947754e+00,-6.683599352836608887e-01,-8.992339372634887695e-01,-5.728434324264526367e-01,-9.744608402252197266e-01,-8.630812168121337891e-01,-9.450175762176513672e-01,-7.852132320404052734e-01,-7.750105857849121094e-01,-7.754017114639282227e-01,-7.797007560729980469e-01
-1.224537134170532227e+00,-1.290157794952392578e+00,-9.482994079589843750e-01,-1.408092021942138672e+00,-1.213353633880615234e+00,-9.634213447570800781e-01,-1.044410467147827148e+00,-1.083099126815795898e+00,-6.291172504425048828e-01,-8.793733119964599609e-01,-1.020180940628051758e+00,-7.045887708663940430e-01,-8.289423584938049316e-01,-1.103843450546264648e+00,-5.958067774772644043e-01,-9.922791123390197754e-01,-1.258774995803833008e+00,-8.019818663597106934e-01,-7.676852345466613770e-01,-1.194808959960937500e+00
-1.197721242904663086e+00,-1.082947611808776855e+00,-7.907536029815673828e-01,-8.321709632873535156e-01,-9.374504685401916504e-01,-9.567673802375793457e-01,-6.657631397247314453e-01,-9.958350658416748047e-01,-1.303987860679626465e+00,-1.219830274581909180e+00,-9.760603904724121094e-01,-9.162878394126892090e-01,-1.150596499443054199e+00,-7.208366990089416504e-01,-8.233698606491088867e-01,-1.363672733306884766e+00,-1.130691766738891602e+00,-1.384989738464355469e+00,-1.098459601402282715e+00,-8.725692033767700195e-01
-8.817176222801208496e-01,-7.836606502532958984e-01,-1.269728779792785645e+00,-1.080666899681091309e+00,-7.722115516662597656e-01,-6.756218671798706055e-01,-1.147184252738952637e+00,-1.294803977012634277e+00,-1.131175398826599121e+00,-1.266384482383728027e+00,-1.077429533004760742e+00,-1.074342012405395508e+00,-6.276327371597290039e-01,-1.232726812362670898e+00,-9.042412638664245605e-01,-1.275659203529357910e+00,-9.497417211532592773e-01,-1.107592463493347168e+00,-9.284545779228210449e-01,-7.581813931465148926e-01
-8.040391802787780762e-01,-1.243679642677307129e+00,-7.428282499313354492e-01,-1.022075176239013672e+00,-1.201941013336181641e+00,-7.605770230293273926e-01,-8.947717547416687012e-01,-6.493318676948547363e-01,-6.377832889556884766e-01,-1.193154096603393555e+00,-8.887320160865783691e-01,-1.160699963569641113e+00,-9.906454682350158691e-01,-1.131540656089782715e+00,-9.205976128578186035e-01,-8.780269622802734375e-01,-1.144357442855834961e+00,-9.764990806579589844e-01,-9.327704310417175293e-01,-8.405781984329223633e-01
-6.274315714836120605e-01,-9.403532743453979492e-01,-7.020343542098999023e-01,-1.129299163818359375e+00,-7.557770609855651855e-01,-8.191603422164916992e-01,-9.813655614852905273e-01,-9.481628537178039551e-01,-1.294913411140441895e+00,-1.399171710014343262e+00,-6.344808340072631836e-01,-8.560742735862731934e-01,-8.437709808349609375e-01,-1.016861557960510254e+00,-7.779188752174377441e-01,-1.308823108673095703e+00,-8.390321731567382812e-01,-8.616815805435180664e-01,-7.073190808296203613e-01,-8.499642014503479004e-01
-7.286822199821472168e-01,-7.721680998802185059e-01,-1.261676549911499023e+00,-1.140095114707946777e+00,-4.246405661106109619e-01,-8.311711549758911133e-01,-7.547916769981384277e-01,-1.248925566673278809e+00,-1.071450710296630859e+00,-9.301913380622863770e-01,-9.374109506607055664e-01,-7.259898781776428223e-01,-8.537347316741943359e-01,-9.536551237106323242e-01,-9.954712986946105957e-01,-7.361761331558227539e-01,-9.447270035743713379e-01,-1.006394267082214355e+00,-1.030349254608154297e+00,-8.220553398132324219e-01
-1.016782045364379883e+00,-9.719918370246887207e-01,-1.389867663383483887e+00,-1.016628265380859375e+00,-7.561689019203186035e-01,-1.130050897598266602e+00,-5.187460184097290039e-01,-1.009295701980590820e+00,-7.363321781158447266e-01,-1.035238385200500488e+00,-9.386518597602844238e-01,-8.271085619926452637e-01,-8.265829086303710938e-01,-8.317191600799560547e-01,-1.030128240585327148e+00,-5.517969131469726562e-01,-1.084409594535827637e+00,-1.394255638122558594e+00,-8.267904520034790039e-01,-6.836739182472229004e-01
-7.768581509590148926e-01,-7.173607349395751953e-01,-7.936958670616149902e-01,-1.155766844749450684e+00,-8.443440794944763184e-01,-5.515788793563842773e-01,-9.121028184890747070e-01,-8.383107185363769531e-01,-1.064978361129760742e+00,-1.282242894172668457e+00,-1.077901721000671387e+00,-1.068627834320068359e+00,-7.900664210319519043e-01,-9.257076978683471680e-01,-7.979831099510192871e-01,-8.044720292091369629e-01,-1.154173970222473145e+00,-9.731581211090087891e-01,-9.038862586021423340e-01,-1.256864786148071289e+00
-1.060734868049621582e+00,-1.022745013236999512e+00,-1.180043339729309082e+00,-9.588285088539123535e-01,-1.066908597946166992e+00,-9.471796154975891113e-01,-9.994601607322692871e-01,-7.644802331924438477e-01,-1.102735519409179688e+00,-1.168555140495300293e+00,-1.160847306251525879e+00,-1.244325876235961914e+00,-9.142994284629821777e-01,-9.190800786018371582e-01,-9.492316842079162598e-01,-7.142232656478881836e-01,-1.356001973152160645e+00,-1.373244881629943848e+00,-8.334392905235290527e-01,-9.066097736358642578e-01
-8.330102562904357910e-01,-8.692242503166198730e-01,-9.908875823020935059e-01,-1.115172386169433594e+00,-7.638449072837829590e-01,-1.113891959190368652e+00,-7.439750432968139648e-01,-1.383620262145996094e+00,-9.612336754798889160e-01,-1.255234479904174805e+00,-1.010127186775207520e+00,-1.097615003585815430e+00,-7.190067172050476074e-01,-1.116971731185913086e+00,-8.214168548583984375e-01,-8.678922057151794434e-01,-1.003229379653930664e+00,-1.152001500129699707e+00,-6.869332194328308105e-01,-9.401378631591796875e-01
-9.587731361389160156e-01,-8.511638641357421875e-01,-1.171872138977050781e+00,-1.276680946350097656e+00,-1.140536904335021973e+00,-8.076983690261840820e-01,-1.180302143096923828e+00,-1.311911106109619141e+00,-1.240674376487731934e+00,-1.155462980270385742e+00,-9.377376437187194824e-01,-8.788940310478210449e-01,-1.014352917671203613e+00,-1.166738867759704590e+00,-8.697441220283508301e-01,-1.111647129058837891e+00,-1.150633096694946289e+00,-1.075602650642395020e+00,-5.811530351638793945e-01,-9.640932679176330566e-01
-1.347220897674560547e+00,-8.931187987327575684e-01,-1.020299673080444336e+00,-8.565158247947692871e-01,-8.335849642753601074e-01,-4.644128978252410889e-01,-9.110516905784606934e-01,-1.278027653694152832e+00,-1.166954159736633301e+00,-1.079221129417419434e+00,-8.554089665412902832e-01,-1.199000597000122070e+00,-9.224613308906555176e-01,-1.105368852615356445e+00,-1.220227956771850586e+00,-8.346954584121704102e-01,-1.213441491127014160e+00,-7.269080877304077148e-01,-1.015494108200073242e+00,-8.464142084121704102e-01
-8.114850521087646484e-01,-1.130583405494689941e+00,-9.258183836936950684e-01,-8.646401166915893555e-01,-1.187271714210510254e+00,-8.856109976768493652e-01,-1.055907487869262695e+00,-9.070402383804321289e-01,-1.224706888198852539e+00,-8.426551222801208496e-01,-7.278366684913635254e-01,-7.224115729331970215e-01,-4.359957277774810791e-01,-1.182010412216186523e+00,-7.084708213806152344e-01,-9.977113604545593262e-01,-1.117939114570617676e+00,-1.221514225006103516e+00,-1.332026839256286621e+00,-1.003175139427185059e+00
-6.177282929420471191e-01,-6.227883100509643555e-01,-1.116201162338256836e+00,-7.053618431091308594e-01,-7.190291285514831543e-01,-7.364132404327392578e-01,-1.099221944808959961e+00,-6.997774243354797363e-01,-8.388139009475708008e-01,-9.938775897026062012e-01,-9.696712493896484375e-01,-1.036374688148498535e+00,-9.524886608123779297e-01,-1.328057289123535156e+00,-8.770902156829833984e-01,-6.999877691268920898e-01,-1.131123661994934082e+00,-1.121431231498718262e+00,-1.041730642318725586e+00,-9.474359154701232910e-01
-7.534971237182617188e-01,-6.424981355667114258e-01,-9.640192389488220215e-01,-6.067562103271484375e-01,-9.561214447021484375e-01,-5.780150890350341797e-01,-7.883927822113037109e-01,-1.162117123603820801e+00,-9.603561758995056152e-01,-1.466249942779541016e+00,-9.008538722991943359e-01,-1.409444928169250488e+00,-1.074911713600158691e+00,-1.048773050308227539e+00,-8.765357732772827148e-01,-4.021389484405517578e-01,-1.356126904487609863e+00,-1.106259107589721680e+00,-9.146235585212707520e-01,-6.293658018112182617e-01
-1.188132882118225098e+00,-8.193421959877014160e-01,-8.711963295936584473e-01,-1.034389853477478027e+00,-1.229949355125427246e+00,-6.822930574417114258e-01,-9.550747275352478027e-01,-8.702342510223388672e-01,-9.986664056777954102e-01,-1.499013662338256836e+00,-8.238170742988586426e-01,-9.741830825805664062e-01,-9.132505655288696289e-01,-1.584380745887756348e+00,-1.097257971763610840e+00,-7.638011574745178223e-01,-8.607223629951477051e-01,-1.014472126960754395e+00,-3.862641751766204834e-01,-6.833733916282653809e-01
-8.145614266395568848e-01,-9.492464065551757812e-01,-9.829706549644470215e-01,-5.714539885520935059e-01,-1.051970481872558594e+00,-9.550043344497680664e-01,-1.066508412361145020e+00,-1.298399448394775391e+00,-1.072253823280334473e+00,-1.110126852989196777e+00,-1.215599179267883301e+00,-1.044030427932739258e+00,-1.003381013870239258e+00,-1.305968165397644043e+00,-6.559624075889587402e-01,-9.519664645195007324e-01,-1.020836591720581055e+00,-9.096258282661437988e-01,-1.272333621978759766e+00,-1.049393653869628906e+00
-1.102134704589843750e+00,-9.334535002708435059e-01,-1.166887521743774414e+00,-1.128341794013977051e+00,-6.715183854103088379e-01,-8.211488127708435059e-01,-5.440730452537536621e-01,-1.363334059715270996e+00,-9.245289564132690430e-01,-1.311767697334289551e+00,-8.450064063072204590e-01,-1.065570354461669922e+00,-1.033622741699218750e+00,-9.887306690216064453e-01,-9.606076478958129883e-01,-1.109185099601745605e+00,-1.240044951438903809e+00,-1.041383504867553711e+00,-9.987161755561828613e-01,-7.013458013534545898e-01
-1.038790702819824219e+00,-7.401216626167297363e-01,-1.160510420799255371e+00,-9.199009537696838379e-01,-1.043019533157348633e+00,-7.208151221275329590e-01,-7.619841098785400391e-01,-9.911544322967529297e-01,-1.300938248634338379e+00,-1.231906771659851074e+00,-1.244778156280517578e+00,-8.117966055870056152e-01,-8.954400420188903809e-01,-1.050973892211914062e+00,-8.524523377418518066e-01,-9.301193952560424805e-01,-1.067658901214599609e+00,-1.078662395477294922e+00,-1.161523699760437012e+00,-3.236113190650939941e-01
-1.430429100990295410e+00,-1.077131032943725586e+00,-9.110234975814819336e-01,-1.002499580383300781e+00,-8.421755433082580566e-01,-8.834246993064880371e-01,-7.968443036079406738e-01,-6.055412292480468750e-01,-1.186695933341979980e+00,-1.326020359992980957e+00,-1.446982145309448242e+00,-8.174553513526916504e-01,-6.933598518371582031e-01,-1.372228860855102539e+00,-1.310478925704956055e+00,-1.287685990333557129e+00,-1.333402752876281738e+00,-5.856746435165405273e-01,-1.206972479820251465e+00,-7.601628899574279785e-01
-9.611796140670776367e-01,-1.118643641471862793e+00,-1.281330823898315430e+00,-1.035329341888427734e+00,-5.472096204757690430e-01,-1.191787242889404297e+00,-7.964895963668823242e-01,-1.263415694236755371e+00,-1.204476952552795410e+00,-1.023642301559448242e+00,-7.949713468551635742e-01,-9.380577206611633301e-01,-9.135879278182983398e-01,-1.137314438819885254e+00,-7.592019438743591309e-01,-1.189637422561645508e+00,-9.150121212005615234e-01,-9.278205037117004395e-01,-9.977074265480041504e-01,-8.490530848503112793e-01
-5.906535983085632324e-01,-1.213820934295654297e+00,-8.690534830093383789e-01,-1.016831398010253906e+00,-3.091343939304351807e-01,-9.507506489753723145e-01,-9.680514335632324219e-01,-1.237268328666687012e+00,-7.035595178604125977e-01,-1.163598418235778809e+00,-8.912570476531982422e-01,-1.141140222549438477e+00,-7.749234437942504883e-01,-6.189912557601928711e-01,-1.142935156822204590e+00,-1.239275217056274414e+00,-1.080873012542724609e+00,-8.967969417572021484e-01,-1.273258805274963379e+00,-8.776701688766479492e-01
-8.985638618469238281e-01,-1.409144282341003418e+00,-1.090241432189941406e+00,-5.739015340805053711e-01,-8.501628041267395020e-01,-3.254602551460266113e-01,-1.041404366493225098e+00,-1.486787080764770508e+00,-9.047486782073974609e-01,-1.627357602119445801e+00,-8.261131644248962402e-01,-8.429353833198547363e-01,-5.927240252494812012e-01,-5.689589381217956543e-01,-1.480477094650268555e+00,-7.530324459075927734e-01,-1.122065544128417969e+00,-1.082321286201477051e+00,-1.282825708389282227e+00,-7.650585174560546875e-01
-1.021878719329833984e+00,-8.458341360092163086e-01,-1.083360314369201660e+00,-8.536696434020996094e-01,-1.126418590545654297e+00,-7.051101326942443848e-01,-9.806101322174072266e-01,-1.263033986091613770e+00,-1.017688035964965820e+00,-9.843186140060424805e-01,-8.889375925064086914e-01,-5.381020903587341309e-01,-1.018036842346191406e+00,-1.050488829612731934e+00,-9.624322056770324707e-01,-8.345618247985839844e-01,-1.125029683113098145e+00,-1.058522701263427734e+00,-1.134505510330200195e+00,-1.060582280158996582e+00
-5.233581662178039551e-01,-8.949542045593261719e-01,-8.718485236167907715e-01,-9.114101529121398926e-01,-6.136710047721862793e-01,-6.756249070167541504e-01,-8.994295001029968262e-01,-1.032782793045043945e+00,-1.014360308647155762e+00,-1.074011683464050293e+00,-9.641553163528442383e-01,-1.003537058830261230e+00,-4.033189415931701660e-01,-9.768952727317810059e-01,-9.288229942321777344e-01,-1.379887819290161133e+00,-1.326820492744445801e+00,-8.301467299461364746e-01,-5.506445765495300293e-01,-9.315878152847290039e-01
-1.052929759025573730e+00,-6.675756573677062988e-01,-1.458884239196777344e+00,-9.651293158531188965e-01,-8.135912418365478516e-01,-6.048517227172851562e-01,-9.606699347496032715e-01,-9.678182601928710938e-01,-1.009573817253112793e+00,-9.904248118400573730e-01,-1.111459136009216309e+00,-8.179316520690917969e-01,-6.474472284317016602e-01,-8.865749239921569824e-01,-1.093349814414978027e+00,-7.763699889183044434e-01,-7.489151358604431152e-01,-1.034319162368774414e+00,-8.707478642463684082e-01,-9.004783034324645996e-01
-6.287562251091003418e-01,-1.147433280944824219e+00,-1.017486095428466797e+00,-1.330690979957580566e+00,-1.054436683654785156e+00,-8.350384831428527832e-01,-1.080500721931457520e+00,-7.372166514396667480e-01,-5.386226177215576172e-01,-1.166157245635986328e+00,-9.740769863128662109e-01,-7.302302718162536621e-01,-8.804388642311096191e-01,-1.107249379158020020e+00,-1.139285564422607422e+00,-9.811452031135559082e-01,-1.128419637680053711e+00,-9.381482601165771484e-01,-7.022215723991394043e-01,-7.591076493263244629e-01
-1.188880681991577148e+00,-7.989370822906494141e-01,-7.725871801376342773e-01,-9.923174381256103516e-01,-1.234650254249572754e+00,-1.084871530532836914e+00,-1.204624652862548828e+00,-1.201489567756652832e+00,-1.125622272491455078e+00,-9.271662235260009766e-01,-1.239247560501098633e+00,-8.268075585365295410e-01,-1.007508397102355957e+00,-8.603289127349853516e-01,-8.048505783081054688e-01,-1.271870017051696777e+00,-1.152408361434936523e+00,-1.220097422599792480e+00,-1.221668720245361328e+00,-1.063362002372741699e+00
-1.064147710800170898e+00,-8.651133179664611816e-01,-1.256285548210144043e+00,-1.115345358848571777e+00,-1.243773818016052246e+00,-5.298084616661071777e-01,-7.431935071945190430e-01,-1.089617848396301270e+00,-1.025495409965515137e+00,-1.158130645751953125e+00,-9.438022375106811523e-01,-9.124550223350524902e-01,-8.916455507278442383e-01,-8.871218562126159668e-01,-8.075215816497802734e-01,-7.555471062660217285e-01,-7.614434361457824707e-01,-1.082003116607666016e+00,-6.891049742698669434e-01,-6.205087304115295410e-01
-8.739026784896850586e-01,-7.935015559196472168e-01,-6.700809001922607422e-01,-1.241480588912963867e+00,-9.044491052627563477e-01,-7.682633399963378906e-01,-9.041138291358947754e-01,-1.212310671806335449e+00,-7.647474408149719238e-01,-1.101324081420898438e+00,-9.367613792419433594e-01,-9.689123034477233887e-01,-1.031299948692321777e+00,-8.710767030715942383e-01,-9.798339605331420898e-01,-8.656938672065734863e-01,-1.264251112937927246e+00,-1.196671843528747559e+00,-9.109145402908325195e-01,-3.669513165950775146e-01
-1.029690742492675781e+00,-1.050578713417053223e+00,-1.110176086425781250e+00,-1.154702425003051758e+00,-1.282986283302307129e+00,-7.839263081550598145e-01,-6.600476503372192383e-01,-1.310859560966491699e+00,-7.845799922943115234e-01,-1.447595715522766113e+00,-8.862437605857849121e-01,-7.144622206687927246e-01,-9.689289927482604980e-01,-9.314859509468078613e-01,-1.126865148544311523e+00,-1.045483589172363281e+00,-1.044143676757812500e+00,-1.196642398834228516e+00,-1.061236143112182617e+00,-8.426615595817565918e-01
-7.909061908721923828e-01,-9.015430808067321777e-01,-5.748637318611145020e-01,-6.535289883613586426e-01,-8.150895833969116211e-01,-7.532686591148376465e-01,-7.580540180206298828e-01,-9.253728985786437988e-01,-1.017100214958190918e+00,-1.259447216987609863e+00,-1.073727488517761230e+00,-8.603970408439636230e-01,-8.232225179672241211e-01,-8.993300795555114746e-01,-1.022547721862792969e+00,-1.015767216682434082e+00,-7.852249741554260254e-01,-1.019766926765441895e+00,-1.010344028472900391e+00,-1.029318690299987793e+00
-7.878674864768981934e-01,-1.278258085250854492e+00,-7.416150569915771484e-01,-1.095455288887023926e+00,-1.223644852638244629e+00,-8.308740258216857910e-01,-1.217219710350036621e+00,-9.576324820518493652e-01,-1.068891048431396484e+00,-1.612445354461669922e+00,-1.054123163223266602e+00,-1.026965737342834473e+00,-6.885928511619567871e-01,-9.690526127815246582e-01,-8.214798569679260254e-01,-1.392960429191589355e+00,-9.834206104278564453e-01,-8.686960935592651367e-01,-9.068354368209838867e-01,-7.907047867774963379e-01
-7.610068321228027344e-01,-1.236906528472900391e+00,-1.462047815322875977e+00,-1.147907614707946777e+00,-7.037472724914550781e-01,-1.079484105110168457e+00,-1.134018778800964355e+00,-9.984504580497741699e-01,-1.083390593528747559e+00,-9.425756931304931641e-01,-9.117664694786071777e-01,-1.261702895164489746e+00,-4.166833460330963135e-01,-1.148838758468627930e+00,-7.366352081298828125e-01,-9.534537792205810547e-01,-9.444520473480224609e-01,-1.656337380409240723e+00,-8.087224960327148438e-01,-4.515919983386993408e-01
-1.193400859832763672e+00,-8.074985742568969727e-01,-1.033501744270324707e+00,-1.086673259735107422e+00,-1.026695013046264648e+00,-9.444596767425537109e-01,-1.067821741104125977e+00,-1.215966582298278809e+00,-1.207914233207702637e+00,-1.144930481910705566e+00,-1.133236050605773926e+00,-8.823594450950622559e-01,-8.571836948394775391e-01,-7.313178777694702148e-01,-1.064181089401245117e+00,-9.356701970100402832e-01,-8.819652199745178223e-01,-8.679702281951904297e-01,-6.559485793113708496e-01,-9.205839037895202637e-01
-9.484656453132629395e-01,-7.598866224288940430e-01,-9.589801430702209473e-01,-9.553358554840087891e-01,-1.047754406929016113e+00,-7.932290434837341309e-01,-7.374032139778137207e-01,-9.668186902999877930e-01,-8.998212814331054688e-01,-1.098814010620117188e+00,-4.622707664966583252e-01,-9.306560158729553223e-01,-4.253292083740234375e-01,-1.039458751678466797e+00,-9.441738128662109375e-01,-1.073474645614624023e+00,-9.604817628860473633e-01,-9.941335916519165039e-01,-9.497779607772827148e-01,-7.559105157852172852e-01
-1.086290478706359863e+00,-1.181010007858276367e+00,-1.083790659904479980e+00,-1.408576607704162598e+00,-6.351737380027770996e-01,-1.002591133117675781e+00,-7.032430768013000488e-01,-9.922130703926086426e-01,-1.227895259857177734e+00,-1.038956642150878906e+00,-1.080523848533630371e+00,-8.547248840332031250e-01,-7.781988382339477539e-01,-9.552558064460754395e-01,-7.662025690078735352e-01,-1.026429891586303711e+00,-8.929188847541809082e-01,-9.962719678878784180e-01,-5.850960612297058105e-01,-1.146023273468017578e+00
-1.029905319213867188e+00,-7.772850990295410156e-01,-9.285262227058410645e-01,-1.241576194763183594e+00,-1.163301110267639160e+00,-9.641039967536926270e-01,-7.598923444747924805e-01,-1.017940640449523926e+00,-8.958061933517456055e-01,-1.291930317878723145e+00,-1.193964242935180664e+00,-9.177179336547851562e-01,-9.333363175392150879e-01,-9.885638356208801270e-01,-6.324044466018676758e-01,-1.075109839439392090e+00,-1.132470726966857910e+00,-9.114345908164978027e-01,-1.110099911689758301e+00,-1.123953342437744141e+00
-8.818501830101013184e-01,-1.005197644233703613e+00,-1.019560575485229492e+00,-1.226589679718017578e+00,-7.482497096061706543e-01,-8.221238851547241211e-01,-6.112424135208129883e-01,-8.926339149475097656e-01,-9.533063173294067383e-01,-1.085906147956848145e+00,-1.098188161849975586e+00,-5.338510870933532715e-01,-7.257921099662780762e-01,-4.772464036941528320e-01,-1.182466030120849609e+00,-5.207295417785644531e-01,-9.980769157409667969e-01,-1.171158194541931152e+00,-1.085444569587707520e+00,-8.927890062332153320e-01
-1.161533951759338379e+00,-1.266957759857177734e+00,-9.641391038894653320e-01,-7.447737455368041992e-01,-9.263734221458435059e-01,-7.447068095207214355e-01,-6.553686261177062988e-01,-1.272027969360351562e+00,-8.570804595947265625e-01,-1.028908610343933105e+00,-1.436419248580932617e+00,-3.023006319999694824e-01,-1.040609478950500488e+00,-1.396336555480957031e+00,-9.946760535240173340e-01,-1.022638320922851562e+00,-1.099726796150207520e+00,-1.034606456756591797e+00,-8.253960609436035156e-01,-1.106426954269409180e+00
-5.860796570777893066e-01,-9.886920452117919922e-01,-1.023578643798828125e+00,-1.070154666900634766e+00,-7.385582327842712402e-01,-7.613350152969360352e-01,-8.330443501472473145e-01,-1.314299345016479492e+00,-1.018714308738708496e+00,-1.273232698440551758e+00,-8.711246252059936523e-01,-7.415867447853088379e-01,-8.691005110740661621e-01,-6.914522647857666016e-01,-8.261112570762634277e-01,-9.105376005172729492e-01,-7.643145322799682617e-01,-1.081443190574645996e+00,-9.282879233360290527e-01,-8.595038056373596191e-01
-8.675886392593383789e-01,-1.084338545799255371e+00,-1.238387107849121094e+00,-1.027674317359924316e+00,-8.182713985443115234e-01,-6.339703202247619629e-01,-7.900311946868896484e-01,-1.248849272727966309e+00,-7.874939441680908203e-01,-9.758825898170471191e-01,-6.233826875686645508e-01,-1.002570390701293945e+00,-8.395154476165771484e-01,-1.002999663352966309e+00,-9.506361484527587891e-01,-7.437754869461059570e-01,-1.249636292457580566e+00,-7.748428583145141602e-01,-1.200627684593200684e+00,-9.655995965003967285e-01
-1.224058985710144043e+00,-9.142599701881408691e-01,-1.311889648437500000e+00,-1.019028663635253906e+00,-9.536349177360534668e-01,-9.210418462753295898e-01,-1.118304133415222168e+00,-8.200527429580688477e-01,-1.107185363769531250e+00,-1.124430894851684570e+00,-7.325948476791381836e-01,-1.049592137336730957e+00,-7.381196618080139160e-01,-8.871854543685913086e-01,-1.174570322036743164e+00,-8.429710865020751953e-01,-9.103615880012512207e-01,-9.060701727867126465e-01,-1.037063598632812500e+00,-1.146093249320983887e+00
-7.263555526733398438e-01,-9.528533220291137695e-01,-7.822274565696716309e-01,-1.082716345787048340e+00,-8.969536423683166504e-01,-9.887453317642211914e-01,-9.786991477012634277e-01,-1.108703613281250000e+00,-1.033806443214416504e+00,-1.469096779823303223e+00,-1.088848352432250977e+00,-1.117288231849670410e+00,-8.903734087944030762e-01,-8.178334236145019531e-01,-9.179500937461853027e-01,-1.207516312599182129e+00,-1.374840736389160156e+00,-8.401852846145629883e-01,-1.349189758300781250e+00,-6.362965703010559082e-01
-6.692331433296203613e-01,-8.632581830024719238e-01,-1.184272527694702148e+00,-1.232555389404296875e+00,-7.012469172477722168e-01,-5.159398317337036133e-01,-1.193074822425842285e+00,-5.731370449066162109e-01,-9.745351076126098633e-01,-8.180313706398010254e-01,-1.026117086410522461e+00,-1.066990852355957031e+00,-8.079514503479003906e-01,-1.157459497451782227e+00,-8.616890907287597656e-01,-1.054530858993530273e+00,-1.518185138702392578e+00,-8.391488194465637207e-01,-9.576086401939392090e-01,-7.543009519577026367e-01
-1.093120217323303223e+00,-8.799448013305664062e-01,-1.003510713577270508e+00,-8.108093142509460449e-01,-9.868329167366027832e-01,-8.572860360145568848e-01,-1.178407073020935059e+00,-9.901812076568603516e-01,-1.123454809188842773e+00,-1.344606995582580566e+00,-5.442469716072082520e-01,-1.039082646369934082e+00,-8.037605285644531250e-01,-1.295737385749816895e+00,-1.300966382026672363e+00,-9.655940532684326172e-01,-9.048433303833007812e-01,-8.023003339767456055e-01,-9.427294135093688965e-01,-1.049049019813537598e+00
-8.992462158203125000e-01,-8.091387152671813965e-01,-8.905941843986511230e-01,-1.058737635612487793e+00,-9.370539188385009766e-01,-4.378386139869689941e-01,-9.767992496490478516e-01,-9.825346469879150391e-01,-1.041084885597229004e+00,-1.210002660751342773e+00,-8.296090364456176758e-01,-1.045311927795410156e+00,-9.954277873039245605e-01,-1.065871238708496094e+00,-1.063366651535034180e+00,-1.086199879646301270e+00,-1.241260886192321777e+00,-8.616164326667785645e-01,-1.190556287765502930e+00,-9.592347145080566406e-01
-1.093683719635009766e+00,-1.032978534698486328e+00,-1.013595342636108398e+00,-1.261413693428039551e+00,-1.003789544105529785e+00,-1.055278301239013672e+00,-7.139443159103393555e-01,-1.121215701103210449e+00,-7.782683968544006348e-01,-1.556056857109069824e+00,-7.505975365638732910e-01,-9.270541667938232422e-01,-7.258673906326293945e-01,-8.719932436943054199e-01,-1.114631056785583496e+00,-1.256053090095520020e+00,-9.961609840393066406e-01,-1.158210635185241699e+00,-1.064569354057312012e+00,-7.599934339523315430e-01
-1.441641569137573242e+00,-7.432658672332763672e-01,-1.025454759597778320e+00,-9.175226092338562012e-01,-5.940276980400085449e-01,-7.900785803794860840e-01,-1.043451547622680664e+00,-7.886886596679687500e-01,-1.013409137725830078e+00,-7.657163143157958984e-01,-1.232992291450500488e+00,-1.098273634910583496e+00,-7.684918045997619629e-01,-7.974356412887573242e-01,-9.256122112274169922e-01,-6.754542589187622070e-01,-1.101883053779602051e+00,-8.284677267074584961e-01,-7.210376262664794922e-01,-1.533930778503417969e+00
-7.580118179321289062e-01,-1.228437900543212891e+00,-1.180390954017639160e+00,-7.097966074943542480e-01,-8.312587141990661621e-01,-9.921810626983642578e-01,-1.267058134078979492e+00,-9.301971793174743652e-01,-1.027803301811218262e+00,-9.194874167442321777e-01,-6.899127364158630371e-01,-6.189916729927062988e-01,-1.121041774749755859e+00,-9.990049004554748535e-01,-1.101344347000122070e+00,-9.513238668441772461e-01,-1.122874140739440918e+00,-9.793058037757873535e-01,-6.999700069427490234e-01,-8.951609134674072266e-01
-1.204935669898986816e+00,-7.840241789817810059e-01,-6.969652771949768066e-01,-1.077313065528869629e+00,-1.229423761367797852e+00,-7.066960930824279785e-01,-6.657841205596923828e-01,-9.459226131439208984e-01,-8.571319580078125000e-01,-1.346359133720397949e+00,-1.116839408874511719e+00,-9.106658697128295898e-01,-6.764593720436096191e-01,-1.313863992691040039e+00,-1.040898919105529785e+00,-1.126051783561706543e+00,-1.376053929328918457e+00,-1.149958610534667969e+00,-9.064459800720214844e-01,-1.439971208572387695e+00
-6.447085738182067871e-01,-9.230682849884033203e-01,-1.238622903823852539e+00,-7.019180655479431152e-01,-5.276026725769042969e-01,-9.134691953659057617e-01,-1.072788715362548828e+00,-8.412350416183471680e-01,-1.089743375778198242e+00,-1.055667996406555176e+00,-1.261427283287048340e+00,-1.081181645393371582e+00,-9.476556777954101562e-01,-6.432126760482788086e-01,-9.554273486137390137e-01,-1.070572614669799805e+00,-9.108173251152038574e-01,-1.096659898757934570e+00,-1.234810352325439453e+00,-1.037540793418884277e+00
-3.962362110614776611e-01,-7.060402631759643555e-01,-1.045796871185302734e+00,-9.627562761306762695e-01,-9.495481252670288086e-01,-5.777990818023681641e-01,-9.855254292488098145e-01,-5.232161879539489746e-01,-8.130574822425842285e-01,-1.050501346588134766e+00,-9.508363604545593262e-01,-1.175597071647644043e+00,-7.794078588485717773e-01,-9.339209198951721191e-01,-8.125226497650146484e-01,-8.689538836479187012e-01,-9.400945901870727539e-01,-6.617629528045654297e-01,-9.107037782669067383e-01,-7.914195060729980469e-01
-1.305108904838562012e+00,-1.140863060951232910e+00,-7.835188508033752441e-01,-5.223941206932067871e-01,-7.915098071098327637e-01,-9.059066176414489746e-01,-8.876742720603942871e-01,-1.078810930252075195e+00,-7.495828270912170410e-01,-9.029330015182495117e-01,-9.732280969619750977e-01,-8.453952670097351074e-01,-8.194598555564880371e-01,-1.008485436439514160e+00,-1.148227930068969727e+00,-1.147431731224060059e+00,-1.173027515411376953e+00,-6.690261363983154297e-01,-1.270554780960083008e+00,-1.076617717742919922e+00
-9.120981693267822266e-01,-7.642397284507751465e-01,-1.151627659797668457e+00,-1.044779896736145020e+00,-7.138020992279052734e-01,-1.121513605117797852e+00,-6.283017992973327637e-01,-9.344520568847656250e-01,-1.147656083106994629e+00,-1.083029270172119141e+00,-9.043229222297668457e-01,-4.663855433464050293e-01,-8.272296786308288574e-01,-8.660663962364196777e-01,-8.212758898735046387e-01,-4.841020405292510986e-01,-1.016157984733581543e+00,-1.181684017181396484e+00,-1.390293240547180176e+00,-9.606789350509643555e-01
-1.385994434356689453e+00,-8.951280117034912109e-01,-8.688608407974243164e-01,-9.521731138229370117e-01,-9.622987508773803711e-01,-7.845653295516967773e-01,-6.240789890289306641e-01,-8.427181839942932129e-01,-7.846717834472656250e-01,-1.388507127761840820e+00,-6.243569850921630859e-01,-7.805122137069702148e-01,-5.026680827140808105e-01,-8.714536428451538086e-01,-1.153231382369995117e+00,-1.066327452659606934e+00,-1.168101072311401367e+00,-1.225961446762084961e+00,-1.271189808845520020e+00,-8.180706501007080078e-01
-1.236932873725891113e+00,-9.035887122154235840e-01,-5.951755642890930176e-01,-1.160231113433837891e+00,-1.065121054649353027e+00,-9.303657412528991699e-01,-8.019220829010009766e-01,-1.098780870437622070e+00,-1.126746058464050293e+00,-1.587812304496765137e+00,-7.106574773788452148e-01,-6.674421429634094238e-01,-7.582147717475891113e-01,-7.307492494583129883e-01,-1.189711332321166992e+00,-1.002635478973388672e+00,-1.112793684005737305e+00,-7.047869563102722168e-01,-1.154904723167419434e+00,-1.094669938087463379e+00
-7.786805033683776855e-01,-8.654432296752929688e-01,-1.293195366859436035e+00,-1.380767226219177246e+00,-5.372862219810485840e-01,-1.080947875976562500e+00,-8.223496079444885254e-01,-1.185187697410583496e+00,-6.491433978080749512e-01,-1.338403940200805664e+00,-1.109918713569641113e+00,-1.001369595527648926e+00,-7.027077674865722656e-01,-1.510795474052429199e+00,-9.712225794792175293e-01,-1.312976717948913574e+00,-1.299224853515625000e+00,-1.079607009887695312e+00,-1.088952183723449707e+00,-1.018353819847106934e+00
-1.132771492004394531e+00,-1.022162556648254395e+00,-1.140978336334228516e+00,-1.080981612205505371e+00,-8.220088481903076172e-01,-8.341808319091796875e-01,-7.644501328468322754e-01,-1.403110742568969727e+00,-1.040138721466064453e+00,-1.645377635955810547e+00,-9.480434060096740723e-01,-6.027199029922485352e-01,-7.064311504364013672e-01,-9.793839454650878906e-01,-1.557778120040893555e+00,-1.029579162597656250e+00,-1.174175739288330078e+00,-1.310241937637329102e+00,-8.658629059791564941e-01,-9.599624872207641602e-01
-6.385639309883117676e-01,-9.952409863471984863e-01,-1.028662085533142090e+00,-9.810013771057128906e-01,-8.644819855690002441e-01,-8.443683981895446777e-01,-9.358930587768554688e-01,-6.188417077064514160e-01,-8.019832968711853027e-01,-1.161086082458496094e+00,-1.130329847335815430e+00,-5.466324687004089355e-01,-1.148645401000976562e+00,-6.872907876968383789e-01,-9.660826921463012695e-01,-6.651539802551269531e-01,-5.261913537979125977e-01,-1.426738500595092773e+00,-9.102899432182312012e-01,-1.131329417228698730e+00
-1.047864675521850586e+00,-8.753666877746582031e-01,-8.590124249458312988e-01,-1.121978759765625000e+00,-1.177801489830017090e+00,-1.178428411483764648e+00,-8.711723089218139648e-01,-9.298480153083801270e-01,-8.770117759704589844e-01,-1.290136456489562988e+00,-8.329623937606811523e-01,-9.555985927581787109e-01,-7.435901761054992676e-01,-8.070749640464782715e-01,-1.130516648292541504e+00,-6.858394145965576172e-01,-1.081169128417968750e+00,-8.403189778327941895e-01,-8.773725628852844238e-01,-8.701747059822082520e-01
-6.976546049118041992e-01,-1.183369755744934082e+00,-1.263853788375854492e+00,-9.258306622505187988e-01,-9.217774271965026855e-01,-8.087810277938842773e-01,-8.776379227638244629e-01,-1.067198753356933594e+00,-1.039810180664062500e+00,-1.164242625236511230e+00,-1.215000033378601074e+00,-8.298667669296264648e-01,-1.079665660858154297e+00,-1.169372320175170898e+00,-7.038651704788208008e-01,-1.090041518211364746e+00,-1.246594071388244629e+00,-1.275089621543884277e+00,-9.875023961067199707e-01,-1.081541180610656738e+00
-6.734027266502380371e-01,-6.469494104385375977e-01,-1.121667385101318359e+00,-9.781595468521118164e-01,-6.491758823394775391e-01,-1.012592434883117676e+00,-8.132840394973754883e-01,-1.114570856094360352e+00,-1.113421797752380371e+00,-1.128476738929748535e+00,-7.883408665657043457e-01,-6.091523170471191406e-01,-8.971162438392639160e-01,-1.237267494201660156e+00,-8.058001399040222168e-01,-9.783655405044555664e-01,-1.220244526863098145e+00,-9.753356575965881348e-01,-7.361959218978881836e-01,-6.257000565528869629e-01
-8.116073608398437500e-01,-1.024905800819396973e+00,-1.142259597778320312e+00,-9.799361824989318848e-01,-6.585991382598876953e-01,-7.743633985519409180e-01,-8.744811415672302246e-01,-6.812154054641723633e-01,-7.304728031158447266e-01,-1.262976050376892090e+00,-1.031187772750854492e+00,-9.343149662017822266e-01,-8.210374116897583008e-01,-9.953669905662536621e-01,-7.223277091979980469e-01,-7.093520760536193848e-01,-8.360474705696105957e-01,-1.115669488906860352e+00,-8.914840817451477051e-01,-9.186297059059143066e-01
-9.395517706871032715e-01,-1.446286320686340332e+00,-6.862894892692565918e-01,-1.168049931526184082e+00,-1.201046466827392578e+00,-6.306422352790832520e-01,-8.832794427871704102e-01,-1.191258192062377930e+00,-1.035518407821655273e+00,-9.419467449188232422e-01,-1.075333356857299805e+00,-9.698289036750793457e-01,-1.052975058555603027e+00,-7.745275497436523438e-01,-1.208693623542785645e+00,-9.346094131469726562e-01,-1.002526760101318359e+00,-8.515396714210510254e-01,-9.123068451881408691e-01,-1.296590685844421387e+00
-1.124845147132873535e+00,-1.153017997741699219e+00,-7.628227472305297852e-01,-7.676546573638916016e-01,-1.029205203056335449e+00,-1.431169390678405762e+00,-8.849191069602966309e-01,-7.373464107513427734e-01,-8.959998488426208496e-01,-1.076770663261413574e+00,-9.560975432395935059e-01,-8.969895243644714355e-01,-1.288071751594543457e+00,-8.469161391258239746e-01,-1.112265467643737793e+00,-1.124726176261901855e+00,-1.124701261520385742e+00,-7.059419751167297363e-01,-1.216402530670166016e+00,-1.251356124877929688e+00
-9.608088731765747070e-01,-1.060135960578918457e+00,-1.093472361564636230e+00,-1.296474695205688477e+00,-1.360252976417541504e+00,-9.554682374000549316e-01,-1.093827843666076660e+00,-1.020114779472351074e+00,-1.005007386207580566e+00,-1.117519378662109375e+00,-6.587736606597900391e-01,-1.211338162422180176e+00,-9.442352056503295898e-01,-1.393761634826660156e+00,-9.278252124786376953e-01,-1.314320206642150879e+00,-1.052007675170898438e+00,-1.101188302040100098e+00,-7.865368723869323730e-01,-8.520177602767944336e-01
-1.067082762718200684e+00,-7.249014973640441895e-01,-9.765224456787109375e-01,-1.086638808250427246e+00,-7.782898545265197754e-01,-1.015520930290222168e+00,-1.023863196372985840e+00,-1.061153769493103027e+00,-1.133528113365173340e+00,-1.176833510398864746e+00,-9.857932329177856445e-01,-1.036920070648193359e+00,-1.189187049865722656e+00,-8.736867308616638184e-01,-8.718664050102233887e-01,-9.448955059051513672e-01,-1.357699990272521973e+00,-7.067125439643859863e-01,-1.207549691200256348e+00,-1.384521722793579102e+00
-8.989782333374023438e-01,-6.895111799240112305e-01,-1.059881687164306641e+00,-1.098121523857116699e+00,-9.439216256141662598e-01,-6.575204730033874512e-01,-6.628722548484802246e-01,-1.170323133468627930e+00,-8.053902387619018555e-01,-9.276117682456970215e-01,-7.661131620407104492e-01,-1.018805861473083496e+00,-7.890591025352478027e-01,-5.442226529121398926e-01,-1.345001339912414551e+00,-1.089355587959289551e+00,-1.119769215583801270e+00,-7.086946368217468262e-01,-8.051089644432067871e-01,-1.124616026878356934e+00
-9.847627878189086914e-01,-7.399004101753234863e-01,-1.017680525779724121e+00,-7.517402172088623047e-01,-9.439193010330200195e-01,-8.770275712013244629e-01,-1.009266376495361328e+00,-1.076736450195312500e+00,-1.147620797157287598e+00,-1.463515639305114746e+00,-9.299133419990539551e-01,-1.002538442611694336e+00,-1.037911415100097656e+00,-8.357584476470947266e-01,-8.646372556686401367e-01,-1.056294083595275879e+00,-1.216839313507080078e+00,-1.435668945312500000e+00,-1.005843043327331543e+00,-1.024044871330261230e+00
-1.360467195510864258e+00,-1.011718153953552246e+00,-1.129001975059509277e+00,-5.465344190597534180e-01,-5.664879679679870605e-01,-1.070422291755676270e+00,-7.748702168464660645e-01,-1.312375783920288086e+00,-9.873254299163818359e-01,-1.535790085792541504e+00,-1.445141196250915527e+00,-6.137909889221191406e-01,-6.171029806137084961e-01,-1.450160384178161621e+00,-9.141837954521179199e-01,-9.298685193061828613e-01,-9.955046772956848145e-01,-8.366066217422485352e-01,-1.098571658134460449e+00,-1.512054681777954102e+00
-1.054503440856933594e+00,-1.148431301116943359e+00,-9.320508837699890137e-01,-7.820467352867126465e-01,-9.525932669639587402e-01,-7.241016626358032227e-01,-1.173476815223693848e+00,-9.953899383544921875e-01,-9.074668288230895996e-01,-1.101466774940490723e+00,-1.053146004676818848e+00,-1.104619503021240234e+00,-5.531100034713745117e-01,-8.333985805511474609e-01,-8.311159610748291016e-01,-1.119531512260437012e+00,-1.222991585731506348e+00,-9.156250357627868652e-01,-9.513892531394958496e-01,-1.184263586997985840e+00
-4.531711339950561523e-01,-1.040301322937011719e+00,-1.006044387817382812e+00,-1.110710382461547852e+00,-6.158682107925415039e-01,-6.240277290344238281e-01,-7.594835162162780762e-01,-9.980823397636413574e-01,-1.296343326568603516e+00,-1.190048933029174805e+00,-8.592793345451354980e-01,-1.316872358322143555e+00,-9.553065299987792969e-01,-1.098687887191772461e+00,-1.289649367332458496e+00,-7.775930762290954590e-01,-1.165564775466918945e+00,-1.443602561950683594e+00,-6.699870824813842773e-01,-8.057278394699096680e-01
-7.324270606040954590e-01,-9.213373064994812012e-01,-6.798834204673767090e-01,-9.646106958389282227e-01,-9.062169194221496582e-01,-7.478576302528381348e-01,-1.357222676277160645e+00,-8.976653814315795898e-01,-7.969750761985778809e-01,-1.146714329719543457e+00,-6.442868113517761230e-01,-6.500685811042785645e-01,-2.843628227710723877e-01,-1.110910415649414062e+00,-8.290882110595703125e-01,-8.361887931823730469e-01,-1.327417373657226562e+00,-8.320106863975524902e-01,-8.180204033851623535e-01,-8.951930403709411621e-01
-1.006714701652526855e+00,-6.370545029640197754e-01,-9.246131181716918945e-01,-1.078241229057312012e+00,-7.629592418670654297e-01,-8.784875273704528809e-01,-5.336866378784179688e-01,-1.129021883010864258e+00,-9.754070639610290527e-01,-1.143264055252075195e+00,-8.313644528388977051e-01,-1.054316282272338867e+00,-8.389980196952819824e-01,-8.337050676345825195e-01,-1.170163989067077637e+00,-5.031394362449645996e-01,-1.084015369415283203e+00,-8.076558113098144531e-01,-1.258345365524291992e+00,-7.509150505065917969e-01
-9.560859203338623047e-01,-1.045897364616394043e+00,-9.428174495697021484e-01,-7.335951328277587891e-01,-5.656289458274841309e-01,-7.841974496841430664e-01,-1.317058086395263672e+00,-1.024936914443969727e+00,-1.159421205520629883e+00,-1.114903330802917480e+00,-8.634614944458007812e-01,-1.148910164833068848e+00,-1.248579621315002441e+00,-1.420243740081787109e+00,-1.264016270637512207e+00,-7.167655825614929199e-01,-5.363546609878540039e-01,-1.228676080703735352e+00,-9.320005178451538086e-01,-1.165300011634826660e+00
-9.137518405914306641e-01,-1.023293614387512207e+00,-9.209064245223999023e-01,-1.104903101921081543e+00,-1.252245664596557617e+00,-5.779439806938171387e-01,-8.175998926162719727e-01,-1.122274637222290039e+00,-9.101168513298034668e-01,-1.172478199005126953e+00,-9.259462952613830566e-01,-1.012983202934265137e+00,-8.947538733482360840e-01,-1.149381279945373535e+00,-9.152656197547912598e-01,-8.257972002029418945e-01,-1.380743741989135742e+00,-8.972777128219604492e-01,-9.488497376441955566e-01,-8.507202267646789551e-01
-9.692429900169372559e-01,-8.247885704040527344e-01,-1.270408034324645996e+00,-9.993518590927124023e-01,-1.234308362007141113e+00,-1.117174625396728516e+00,-9.582557082176208496e-01,-1.109298110008239746e+00,-1.093460321426391602e+00,-9.881727695465087891e-01,-7.200012803077697754e-01,-1.062769770622253418e+00,-6.385143399238586426e-01,-8.339951634407043457e-01,-9.467647075653076172e-01,-9.295614361763000488e-01,-9.302493929862976074e-01,-9.049036502838134766e-01,-8.635756373405456543e-01,-8.637166619300842285e-01
-7.576852440834045410e-01,-1.013977766036987305e+00,-1.069813251495361328e+00,-1.034188628196716309e+00,-1.055011510848999023e+00,-8.178703188896179199e-01,-5.218016505241394043e-01,-1.161022901535034180e+00,-8.752208948135375977e-01,-1.148583173751831055e+00,-8.618205189704895020e-01,-9.806177616119384766e-01,-1.001338958740234375e+00,-1.050881624221801758e+00,-9.759302735328674316e-01,-8.255452513694763184e-01,-7.552475929260253906e-01,-8.916057348251342773e-01,-4.584689736366271973e-01,-1.119267344474792480e+00
-1.006984829902648926e+00,-6.886149048805236816e-01,-9.015611410140991211e-01,-1.084820270538330078e+00,-1.132361054420471191e+00,-7.230067253112792969e-01,-8.295474648475646973e-01,-7.315711975097656250e-01,-1.075659275054931641e+00,-1.154985308647155762e+00,-7.076250314712524414e-01,-1.232024312019348145e+00,-7.156810164451599121e-01,-1.515346765518188477e+00,-7.767586708068847656e-01,-8.945488929748535156e-01,-1.001500129699707031e+00,-1.206975579261779785e+00,-9.326636195182800293e-01,-9.677645564079284668e-01
-6.958237290382385254e-01,-9.301674962043762207e-01,-1.085378766059875488e+00,-1.039991140365600586e+00,-9.597991108894348145e-01,-6.690684556961059570e-01,-8.755125999450683594e-01,-1.247436404228210449e+00,-1.092727780342102051e+00,-1.502514481544494629e+00,-1.042239069938659668e+00,-9.338691830635070801e-01,-5.201082825660705566e-01,-1.269496917724609375e+00,-1.294745802879333496e+00,-9.696085453033447266e-01,-7.016426920890808105e-01,-1.313070654869079590e+00,-7.787143588066101074e-01,-7.127559781074523926e-01
-8.179415464401245117e-01,-8.117711544036865234e-01,-1.325498342514038086e+00,-7.529282569885253906e-01,-6.969017982482910156e-01,-7.142121791839599609e-01,-1.347440242767333984e+00,-1.304383277893066406e+00,-1.116618871688842773e+00,-1.022844195365905762e+00,-1.055340886116027832e+00,-6.979940533638000488e-01,-7.528803348541259766e-01,-1.137041449546813965e+00,-1.390187978744506836e+00,-1.008238196372985840e+00,-1.509770870208740234e+00,-1.212387204170227051e+00,-1.096460461616516113e+00,-8.858116865158081055e-01
-1.004237413406372070e+00,-1.282692790031433105e+00,-9.632300138473510742e-01,-1.269492030143737793e+00,-8.974673748016357422e-01,-7.213907837867736816e-01,-5.602341294288635254e-01,-1.280827283859252930e+00,-1.044136881828308105e+00,-1.493486881256103516e+00,-7.027564644813537598e-01,-9.041013121604919434e-01,-8.552131652832031250e-01,-8.379076719284057617e-01,-7.180950641632080078e-01,-8.852251768112182617e-01,-1.582651257514953613e+00,-1.070511817932128906e+00,-9.535877704620361328e-01,-1.018466591835021973e+00
-7.949289083480834961e-01,-1.113775849342346191e+00,-9.562579393386840820e-01,-1.038122296333312988e+00,-8.226333260536193848e-01,-6.121718883514404297e-01,-8.942536711692810059e-01,-8.722605109214782715e-01,-1.257415652275085449e+00,-1.188919425010681152e+00,-7.484904527664184570e-01,-1.295567274093627930e+00,-8.201656937599182129e-01,-8.856713771820068359e-01,-1.179396748542785645e+00,-2.984003424644470215e-01,-9.554149508476257324e-01,-1.056646943092346191e+00,-6.760638356208801270e-01,-8.471124172210693359e-01
-8.928872346878051758e-01,-1.293960928916931152e+00,-7.287473678588867188e-01,-1.028497934341430664e+00,-8.401653170585632324e-01,-7.293429374694824219e-01,-7.009703516960144043e-01,-9.845908284187316895e-01,-7.311644554138183594e-01,-9.876992702484130859e-01,-7.366787791252136230e-01,-4.663634002208709717e-01,-6.991783976554870605e-01,-1.131342887878417969e+00,-1.464806437492370605e+00,-1.241422891616821289e+00,-1.248960256576538086e+00,-8.359745144844055176e-01,-8.280696272850036621e-01,-7.931553125381469727e-01
-9.698325991630554199e-01,-6.736388802528381348e-01,-1.062554478645324707e+00,-1.090727090835571289e+00,-1.051681756973266602e+00,-7.927274703979492188e-01,-9.010779261589050293e-01,-1.337330937385559082e+00,-1.084265232086181641e+00,-9.350674152374267578e-01,-9.868519902229309082e-01,-8.075812458992004395e-01,-9.984901547431945801e-01,-1.167458295822143555e+00,-1.067492604255676270e+00,-8.786302804946899414e-01,-1.048711180686950684e+00,-1.247323632240295410e+00,-9.172211289405822754e-01,-6.785864233970642090e-01
-8.509039282798767090e-01,-1.003208518028259277e+00,-9.751721620559692383e-01,-8.138240575790405273e-01,-8.438202738761901855e-01,-9.084364771842956543e-01,-9.710405468940734863e-01,-8.554802536964416504e-01,-5.987282991409301758e-01,-9.388836026191711426e-01,-8.963736891746520996e-01,-1.218157887458801270e+00,-8.740289807319641113e-01,-1.360817551612854004e+00,-6.791741847991943359e-01,-7.846039533615112305e-01,-7.726454734802246094e-01,-1.011587738990783691e+00,-9.506306052207946777e-01,-7.144857048988342285e-01
-1.222013354301452637e+00,-9.208929538726806641e-01,-6.586598753929138184e-01,-1.566170930862426758e+00,-8.377396464347839355e-01,-9.066018462181091309e-01,-8.484302759170532227e-01,-9.078075289726257324e-01,-1.320549249649047852e+00,-1.440305948257446289e+00,-1.253994584083557129e+00,-1.072945356369018555e+00,-9.541023969650268555e-01,-1.297654867172241211e+00,-6.037945151329040527e-01,-1.025573968887329102e+00,-1.228488206863403320e+00,-1.083838582038879395e+00,-7.487466931343078613e-01,-4.534427821636199951e-01
-1.012730479240417480e+00,-1.176029086112976074e+00,-9.295409321784973145e-01,-6.569427847862243652e-01,-7.203407287597656250e-01,-9.261496067047119141e-01,-1.244795203208923340e+00,-9.794081449508666992e-01,-7.750844955444335938e-01,-9.275383353233337402e-01,-7.103161811828613281e-01,-1.338294982910156250e+00,-8.045137524604797363e-01,-1.403661251068115234e+00,-8.725159764289855957e-01,-1.152925729751586914e+00,-1.359096407890319824e+00,-7.746653556823730469e-01,-7.575060129165649414e-01,-7.984616756439208984e-01
-1.319139599800109863e+00,-8.438695669174194336e-01,-8.021938800811767578e-01,-7.885717153549194336e-01,-1.272522211074829102e+00,-1.030890822410583496e+00,-6.644872426986694336e-01,-8.429925441741943359e-01,-1.181224942207336426e+00,-9.857206940650939941e-01,-1.350829958915710449e+00,-8.220947980880737305e-01,-1.064128756523132324e+00,-1.232721924781799316e+00,-1.072397708892822266e+00,-1.111755490303039551e+00,-9.975387454032897949e-01,-1.121665596961975098e+00,-1.018066644668579102e+00,-1.046206951141357422e+00
-7.412332892417907715e-01,-8.556975126266479492e-01,-1.195007920265197754e+00,-1.061322808265686035e+00,-9.852092266082763672e-01,-5.358211994171142578e-01,-1.114750981330871582e+00,-1.109159469604492188e+00,-9.150249958038330078e-01,-1.247918009757995605e+00,-6.952487230300903320e-01,-1.025106191635131836e+00,-8.352591991424560547e-01,-1.014293432235717773e+00,-8.431488275527954102e-01,-1.322267532348632812e+00,-1.091891050338745117e+00,-1.028523206710815430e+00,-1.157411098480224609e+00,-1.309832572937011719e+00
-8.931527733802795410e-01,-9.964670538902282715e-01,-3.554282784461975098e-01,-1.103676319122314453e+00,-1.012546062469482422e+00,-6.919411420822143555e-01,-6.898733377456665039e-01,-1.096317172050476074e+00,-1.235261201858520508e+00,-1.500609755516052246e+00,-1.016761541366577148e+00,-4.127246737480163574e-01,-4.795822203159332275e-01,-8.057893514633178711e-01,-1.179317116737365723e+00,-1.154110074043273926e+00,-1.035218119621276855e+00,-1.134185314178466797e+00,-8.615937232971191406e-01,-7.225133776664733887e-01
-1.337402820587158203e+00,-1.313540697097778320e+00,-1.059181809425354004e+00,-9.791286587715148926e-01,-8.902222514152526855e-01,-8.487700819969177246e-01,-6.236168146133422852e-01,-1.167268395423889160e+00,-5.230510830879211426e-01,-1.048195481300354004e+00,-1.238200902938842773e+00,-9.505560994148254395e-01,-7.138854861259460449e-01,-1.107257604598999023e+00,-1.158595561981201172e+00,-6.431627869606018066e-01,-9.823772907257080078e-01,-8.204206824302673340e-01,-7.995305061340332031e-01,-5.298619270324707031e-01
-1.166767120361328125e+00,-9.550136923789978027e-01,-5.777222514152526855e-01,-1.107929468154907227e+00,-1.028508663177490234e+00,-8.005051612854003906e-01,-1.039302349090576172e+00,-1.026409149169921875e+00,-1.184806823730468750e+00,-1.230131626129150391e+00,-1.134593844413757324e+00,-9.632424712181091309e-01,-1.110701799392700195e+00,-5.250767469406127930e-01,-8.547762632369995117e-01,-6.357908248901367188e-01,-1.387486696243286133e+00,-1.103076100349426270e+00,-1.124573111534118652e+00,-3.386224210262298584e-01
-8.969037532806396484e-01,-1.017451286315917969e+00,-1.337959170341491699e+00,-9.024070501327514648e-01,-9.368720054626464844e-01,-7.639639973640441895e-01,-9.677653312683105469e-01,-1.325680613517761230e+00,-9.548268914222717285e-01,-1.157553434371948242e+00,-8.018803596496582031e-01,-1.049918174743652344e+00,-9.027396440505981445e-01,-1.124788045883178711e+00,-1.021954417228698730e+00,-6.449753046035766602e-01,-1.195918560028076172e+00,-8.512207865715026855e-01,-8.036361336708068848e-01,-9.142555594444274902e-01
-9.367135167121887207e-01,-1.084761738777160645e+00,-6.344665884971618652e-01,-1.135257601737976074e+00,-7.034456729888916016e-01,-5.824943184852600098e-01,-1.041406154632568359e+00,-7.580199241638183594e-01,-7.938262224197387695e-01,-1.087120771408081055e+00,-1.410020351409912109e+00,-1.134415388107299805e+00,-6.997229456901550293e-01,-1.040218710899353027e+00,-8.376688957214355469e-01,-1.221559643745422363e+00,-1.214322209358215332e+00,-1.186784863471984863e+00,-9.627864956855773926e-01,-6.733237504959106445e-01
-8.829439282417297363e-01,-9.798896312713623047e-01,-9.871839880943298340e-01,-1.090201735496520996e+00,-9.664633870124816895e-01,-1.123273611068725586e+00,-1.134848713874816895e+00,-5.899848937988281250e-01,-1.232366681098937988e+00,-1.154086470603942871e+00,-9.519188404083251953e-01,-1.060884475708007812e+00,-1.051176548004150391e+00,-7.722441554069519043e-01,-1.006420135498046875e+00,-4.143612086772918701e-01,-1.387327909469604492e+00,-1.332315683364868164e+00,-8.473119139671325684e-01,-9.241880774497985840e-01
-8.602531552314758301e-01,-8.688179254531860352e-01,-1.056605219841003418e+00,-8.175310492515563965e-01,-6.503553986549377441e-01,-9.360480904579162598e-01,-1.032851576805114746e+00,-9.965895414352416992e-01,-1.019630074501037598e+00,-1.168299078941345215e+00,-1.081844210624694824e+00,-7.727341651916503906e-01,-5.274912714958190918e-01,-9.711485505104064941e-01,-8.628417849540710449e-01,-7.397650480270385742e-01,-8.247238397598266602e-01,-1.397806406021118164e+00,-9.121156334877014160e-01,-8.305579423904418945e-01
-6.027582883834838867e-01,-9.684152603149414062e-01,-1.588834404945373535e+00,-1.028143405914306641e+00,-8.628242611885070801e-01,-4.656173884868621826e-01,-1.271879196166992188e+00,-9.813464283943176270e-01,-7.632248997688293457e-01,-9.274483323097229004e-01,-1.048417687416076660e+00,-7.413707375526428223e-01,-6.198264360427856445e-01,-1.294889569282531738e+00,-1.175244808197021484e+00,-7.962829470634460449e-01,-6.998040676116943359e-01,-1.124170422554016113e+00,-5.780744552612304688e-01,-9.736411571502685547e-01
-1.208520174026489258e+00,-9.819756150245666504e-01,-8.610975742340087891e-01,-7.942521572113037109e-01,-8.366221189498901367e-01,-5.633816719055175781e-01,-9.478043913841247559e-01,-1.450389146804809570e+00,-8.216204047203063965e-01,-1.247187733650207520e+00,-9.443601965904235840e-01,-7.077625393867492676e-01,-6.889103055000305176e-01,-1.259997487068176270e+00,-1.343423724174499512e+00,-8.087226748466491699e-01,-8.537443280220031738e-01,-1.383323788642883301e+00,-6.506319046020507812e-01,-8.336585164070129395e-01
-1.166186809539794922e+00,-1.037621140480041504e+00,-1.078241109848022461e+00,-9.679975509643554688e-01,-1.253661870956420898e+00,-9.160895347595214844e-01,-9.580286741256713867e-01,-8.416814804077148438e-01,-1.092301368713378906e+00,-1.329936146736145020e+00,-1.176486968994140625e+00,-7.920979857444763184e-01,-8.443549275398254395e-01,-8.387555480003356934e-01,-6.688510775566101074e-01,-1.052124261856079102e+00,-9.140508770942687988e-01,-8.982981443405151367e-01,-8.050456643104553223e-01,-1.033912897109985352e+00
-1.314639091491699219e+00,-1.153536438941955566e+00,-1.296532392501831055e+00,-9.343568086624145508e-01,-8.056769967079162598e-01,-1.124317765235900879e+00,-4.862418174743652344e-01,-9.085613489151000977e-01,-1.240839958190917969e+00,-1.475895524024963379e+00,-7.461497783660888672e-01,-1.050082564353942871e+00,-1.023130297660827637e+00,-1.011197447776794434e+00,-9.985029101371765137e-01,-7.201014161109924316e-01,-8.806725740432739258e-01,-1.151474475860595703e+00,-1.181595206260681152e+00,-8.062602877616882324e-01
-1.243236541748046875e+00,-8.641982078552246094e-01,-1.142316222190856934e+00,-9.715200662612915039e-01,-1.285199046134948730e+00,-1.082361221313476562e+00,-7.662643790245056152e-01,-1.124472022056579590e+00,-1.284470200538635254e+00,-8.342640399932861328e-01,-7.987307310104370117e-01,-1.208134412765502930e+00,-9.865027666091918945e-01,-9.290623664855957031e-01,-8.313723206520080566e-01,-1.113042354583740234e+00,-1.296169519424438477e+00,-9.236564636230468750e-01,-1.019212603569030762e+00,-8.697976469993591309e-01
-8.782277703285217285e-01,-9.765734076499938965e-01,-8.416010141372680664e-01,-9.875058531761169434e-01,-1.124601244926452637e+00,-1.037501335144042969e+00,-1.231094241142272949e+00,-1.258437395095825195e+00,-6.434842348098754883e-01,-1.044556856155395508e+00,-6.112292408943176270e-01,-1.237580418586730957e+00,-1.166203737258911133e+00,-1.267519831657409668e+00,-7.675226330757141113e-01,-8.643730878829956055e-01,-1.249138951301574707e+00,-1.436858057975769043e+00,-1.341564416885375977e+00,-1.062796115875244141e+00
-9.039503335952758789e-01,-8.320879936218261719e-01,-1.104319095611572266e+00,-1.444000601768493652e+00,-1.190300583839416504e+00,-8.537280559539794922e-01,-9.335430860519409180e-01,-1.008191943168640137e+00,-1.074758648872375488e+00,-1.002077698707580566e+00,-1.069001555442810059e+00,-1.016943335533142090e+00,-1.075665712356567383e+00,-1.214584827423095703e+00,-1.042406916618347168e+00,-1.242853999137878418e+00,-1.382010102272033691e+00,-1.031548976898193359e+00,-8.209744691848754883e-01,-8.717506527900695801e-01
-9.504580497741699219e-01,-9.546889066696166992e-01,-6.157851815223693848e-01,-1.122175931930541992e+00,-9.034317731857299805e-01,-7.298097610473632812e-01,-6.520385146141052246e-01,-8.751579523086547852e-01,-1.017403721809387207e+00,-7.485120296478271484e-01,-1.298870682716369629e+00,-8.647129535675048828e-01,-9.641538858413696289e-01,-9.560253024101257324e-01,-9.495956301689147949e-01,-1.109385490417480469e+00,-1.030440688133239746e+00,-1.204112172126770020e+00,-9.771040678024291992e-01,-8.344516158103942871e-01
-8.223058581352233887e-01,-8.989041447639465332e-01,-7.804849147796630859e-01,-1.686561107635498047e+00,-1.140671730041503906e+00,-4.821672737598419189e-01,-1.004908680915832520e+00,-1.142422914505004883e+00,-6.027962565422058105e-01,-1.015885114669799805e+00,-1.328795909881591797e+00,-8.742378950119018555e-01,-1.061572194099426270e+00,-7.623491287231445312e-01,-9.636327624320983887e-01,-6.877945065498352051e-01,-1.279007911682128906e+00,-6.174679398536682129e-01,-9.210284352302551270e-01,-1.198281288146972656e+00
-1.315734624862670898e+00,-1.221478700637817383e+00,-1.330718159675598145e+00,-1.210852384567260742e+00,-1.260261535644531250e+00,-1.479576587677001953e+00,-7.079694271087646484e-01,-7.715321779251098633e-01,-9.899384379386901855e-01,-1.640216588973999023e+00,-6.842720508575439453e-01,-1.247233986854553223e+00,-9.520632624626159668e-01,-6.488512754440307617e-01,-8.116921186447143555e-01,-1.244012355804443359e+00,-1.031935930252075195e+00,-9.169706702232360840e-01,-1.092541933059692383e+00,-9.550305604934692383e-01
-1.086454033851623535e+00,-1.255870223045349121e+00,-4.706428647041320801e-01,-6.714367866516113281e-01,-1.237073421478271484e+00,-7.164545655250549316e-01,-1.359782934188842773e+00,-1.137830376625061035e+00,-1.577177762985229492e+00,-1.444735407829284668e+00,-1.244439005851745605e+00,-2.052400261163711548e-01,-1.214959979057312012e+00,-7.185295224189758301e-01,-9.841045737266540527e-01,-9.058831930160522461e-01,-9.934625029563903809e-01,-1.011537551879882812e+00,-1.055838704109191895e+00,-1.085334420204162598e+00
-8.275572061538696289e-01,-1.042725324630737305e+00,-1.033829569816589355e+00,-9.792808890342712402e-01,-8.325296044349670410e-01,-8.974047303199768066e-01,-9.060324430465698242e-01,-1.026391029357910156e+00,-6.630596518516540527e-01,-1.214365482330322266e+00,-6.797754764556884766e-01,-5.950160026550292969e-01,-7.877637147903442383e-01,-8.930383920669555664e-01,-1.034989714622497559e+00,-1.102816104888916016e+00,-7.204452157020568848e-01,-1.134239435195922852e+00,-5.781465768814086914e-01,-8.462091684341430664e-01
-1.337830543518066406e+00,-8.527768254280090332e-01,-8.643119335174560547e-01,-1.056233882904052734e+00,-7.045775055885314941e-01,-1.159276008605957031e+00,-7.942059636116027832e-01,-1.199677824974060059e+00,-1.341857433319091797e+00,-1.144088268280029297e+00,-1.333649516105651855e+00,-7.554084658622741699e-01,-7.337836027145385742e-01,-1.431976437568664551e+00,-9.997738599777221680e-01,-1.308132648468017578e+00,-8.822806477546691895e-01,-9.608684182167053223e-01,-1.293769717216491699e+00,-1.240150094032287598e+00
-7.872403860092163086e-01,-1.075208663940429688e+00,-9.904413819313049316e-01,-8.040380477905273438e-01,-1.038266897201538086e+00,-9.842888116836547852e-01,-9.608683586120605469e-01,-9.681036472320556641e-01,-8.162841200828552246e-01,-1.315708875656127930e+00,-7.178339958190917969e-01,-8.963393568992614746e-01,-8.416287302970886230e-01,-8.579986095428466797e-01,-1.350116968154907227e+00,-9.432538747787475586e-01,-1.254152536392211914e+00,-8.501265645027160645e-01,-8.438656926155090332e-01,-8.968611955642700195e-01
-6.675907373428344727e-01,-1.111219048500061035e+00,-8.149685859680175781e-01,-1.075348377227783203e+00,-9.131116271018981934e-01,-8.347715139389038086e-01,-1.083664298057556152e+00,-1.028589963912963867e+00,-1.155206918716430664e+00,-1.639741778373718262e+00,-9.882727861404418945e-01,-1.074214696884155273e+00,-7.382419705390930176e-01,-1.026016235351562500e+00,-7.496626377105712891e-01,-1.031948089599609375e+00,-5.460824370384216309e-01,-9.332379698753356934e-01,-1.223700046539306641e+00,-8.400235772132873535e-01
-1.087282538414001465e+00,-7.824413180351257324e-01,-1.089070439338684082e+00,-4.641303122043609619e-01,-8.441650271415710449e-01,-1.007256507873535156e+00,-7.622656822204589844e-01,-9.929857254028320312e-01,-1.010466217994689941e+00,-1.289142489433288574e+00,-1.025954961776733398e+00,-7.507946491241455078e-01,-7.261522412300109863e-01,-9.963685870170593262e-01,-1.064207434654235840e+00,-1.072486639022827148e+00,-7.193251252174377441e-01,-1.000267624855041504e+00,-8.769608736038208008e-01,-5.793722271919250488e-01
-1.103656768798828125e+00,-9.306976199150085449e-01,-6.119557023048400879e-01,-1.339459419250488281e+00,-1.303305268287658691e+00,-1.049695253372192383e+00,-7.604165673255920410e-01,-9.295985698699951172e-01,-1.099397540092468262e+00,-9.020338654518127441e-01,-1.106223464012145996e+00,-1.017431139945983887e+00,-8.605331182479858398e-01,-7.824738621711730957e-01,-5.713490843772888184e-01,-6.494731903076171875e-01,-9.323243498802185059e-01,-1.044422864913940430e+00,-8.350013494491577148e-01,-7.117487788200378418e-01
-8.681630492210388184e-01,-1.015224218368530273e+00,-7.860514521598815918e-01,-1.159190058708190918e+00,-7.173050045967102051e-01,-7.955739498138427734e-01,-7.977854609489440918e-01,-1.534216880798339844e+00,-7.053186893463134766e-01,-1.440462470054626465e+00,-6.267344951629638672e-01,-8.549599051475524902e-01,-9.492896795272827148e-01,-1.108304619789123535e+00,-1.005294680595397949e+00,-1.083800196647644043e+00,-8.532583117485046387e-01,-1.084847331047058105e+00,-9.289568066596984863e-01,-6.211805343627929688e-01
-1.128989219665527344e+00,-7.365042567253112793e-01,-6.309986710548400879e-01,-9.675891995429992676e-01,-1.050171375274658203e+00,-5.973577499389648438e-01,-1.135921478271484375e+00,-1.173838496208190918e+00,-9.393028616905212402e-01,-1.152104020118713379e+00,-7.867832183837890625e-01,-6.503933668136596680e-01,-8.329928517341613770e-01,-1.125862002372741699e+00,-8.361956477165222168e-01,-1.111878514289855957e+00,-7.262527346611022949e-01,-9.458528161048889160e-01,-9.764804840087890625e-01,-8.458007574081420898e-01
-1.065894722938537598e+00,-1.013809084892272949e+00,-9.643561840057373047e-01,-7.625541090965270996e-01,-8.028105497360229492e-01,-8.341284990310668945e-01,-8.718708157539367676e-01,-8.737809062004089355e-01,-7.910094857215881348e-01,-1.121917963027954102e+00,-1.343705296516418457e+00,-9.568448662757873535e-01,-1.195983290672302246e+00,-7.757508754730224609e-01,-8.089744448661804199e-01,-8.343650698661804199e-01,-8.370875716209411621e-01,-1.432523846626281738e+00,-1.237429380416870117e+00,-8.325499296188354492e-01
-7.500933408737182617e-01,-1.057800889015197754e+00,-1.227698564529418945e+00,-1.218211531639099121e+00,-8.260366916656494141e-01,-9.578774571418762207e-01,-9.353212118148803711e-01,-9.192910194396972656e-01,-1.471338748931884766e+00,-1.196809887886047363e+00,-1.130185484886169434e+00,-4.712711870670318604e-01,-9.280938506126403809e-01,-1.039005875587463379e+00,-1.168587684631347656e+00,-1.113275527954101562e+00,-1.075631380081176758e+00,-9.137216210365295410e-01,-1.084777235984802246e+00,-6.713086366653442383e-01
-7.988859415054321289e-01,-7.628083229064941406e-01,-9.726487994194030762e-01,-1.176535248756408691e+00,-7.654637694358825684e-01,-8.131414651870727539e-01,-7.942166328430175781e-01,-1.044033050537109375e+00,-7.333245873451232910e-01,-1.321873307228088379e+00,-9.948436021804809570e-01,-8.042973279953002930e-01,-1.113157391548156738e+00,-1.025651454925537109e+00,-7.639839649200439453e-01,-8.522806167602539062e-01,-8.845953345298767090e-01,-1.132575392723083496e+00,-1.274402856826782227e+00,-8.519096374511718750e-01
-7.605768442153930664e-01,-7.110996842384338379e-01,-6.830993890762329102e-01,-1.046863436698913574e+00,-1.038235425949096680e+00,-7.167066931724548340e-01,-7.918323874473571777e-01,-1.071528315544128418e+00,-7.834826707839965820e-01,-1.340059518814086914e+00,-9.904729127883911133e-01,-1.107864856719970703e+00,-1.032502770423889160e+00,-9.809468984603881836e-01,-8.851584792137145996e-01,-1.017577767372131348e+00,-1.218009233474731445e+00,-9.711748361587524414e-01,-8.336485028266906738e-01,-8.572769761085510254e-01
-8.572347164154052734e-01,-1.246127009391784668e+00,-8.544239997863769531e-01,-9.488025307655334473e-01,-6.127232909202575684e-01,-1.260537743568420410e+00,-9.583824872970581055e-01,-1.058826684951782227e+00,-1.110113024711608887e+00,-1.258664011955261230e+00,-1.147557258605957031e+00,-4.287731349468231201e-01,-9.632967114448547363e-01,-1.333981633186340332e+00,-8.024322986602783203e-01,-9.871466159820556641e-01,-6.016051769256591797e-01,-1.002559304237365723e+00,-9.988102912902832031e-01,-8.119395971298217773e-01
-7.446917295455932617e-01,-9.409072995185852051e-01,-4.239023625850677490e-01,-8.443328142166137695e-01,-5.060497522354125977e-01,-8.466470837593078613e-01,-1.278816223144531250e+00,-5.656839609146118164e-01,-1.152336955070495605e+00,-1.415497064590454102e+00,-9.037218689918518066e-01,-9.946089386940002441e-01,-9.345067739486694336e-01,-8.509908914566040039e-01,-1.031834840774536133e+00,-7.318356633186340332e-01,-1.034451484680175781e+00,-9.418865442276000977e-01,-9.020335674285888672e-01,-1.000395059585571289e+00
-1.426803827285766602e+00,-1.310047149658203125e+00,-8.246198296546936035e-01,-1.081903219223022461e+00,-1.187003254890441895e+00,-1.255313277244567871e+00,-8.687772750854492188e-01,-1.214827656745910645e+00,-9.273128509521484375e-01,-1.321949005126953125e+00,-7.227325439453125000e-01,-6.759259104728698730e-01,-1.285306572914123535e+00,-9.289194345474243164e-01,-9.252982139587402344e-01,-9.943453073501586914e-01,-1.187967181205749512e+00,-1.006462693214416504e+00,-1.130549550056457520e+00,-9.876630902290344238e-01
-1.004720926284790039e+00,-8.129102587699890137e-01,-1.311053752899169922e+00,-1.132240772247314453e+00,-6.966688036918640137e-01,-6.191112399101257324e-01,-7.136381268501281738e-01,-1.112504005432128906e+00,-6.688783764839172363e-01,-1.412880539894104004e+00,-9.871805310249328613e-01,-9.966900944709777832e-01,-7.847283482551574707e-01,-1.188764452934265137e+00,-9.284536242485046387e-01,-8.881011605262756348e-01,-1.290714859962463379e+00,-1.028348207473754883e+00,-1.188848018646240234e+00,-7.131899595260620117e-01
-1.019240856170654297e+00,-1.117169857025146484e+00,-7.937129735946655273e-01,-8.466774225234985352e-01,-8.793572187423706055e-01,-9.247470498085021973e-01,-1.071154952049255371e+00,-1.230438590049743652e+00,-1.063843488693237305e+00,-1.382080078125000000e+00,-8.644831180572509766e-01,-1.091744303703308105e+00,-8.137900829315185547e-01,-8.346467614173889160e-01,-9.902284145355224609e-01,-6.293939948081970215e-01,-9.948492050170898438e-01,-1.275086522102355957e+00,-9.195679426193237305e-01,-1.222590804100036621e+00
-1.263257861137390137e+00,-1.073231935501098633e+00,-5.402143001556396484e-01,-1.320003151893615723e+00,-7.569430470466613770e-01,-1.125540614128112793e+00,-1.021942615509033203e+00,-1.255627393722534180e+00,-1.073556184768676758e+00,-8.619016408920288086e-01,-4.304882586002349854e-01,-5.222854018211364746e-01,-8.555459380149841309e-01,-8.476591110229492188e-01,-1.129777789115905762e+00,-1.001706123352050781e+00,-1.516326785087585449e+00,-9.952689409255981445e-01,-7.390698790550231934e-01,-9.366263747215270996e-01
-8.799498677253723145e-01,-1.050229191780090332e+00,-1.042783141136169434e+00,-1.057886838912963867e+00,-8.318586349487304688e-01,-6.946590542793273926e-01,-1.089526295661926270e+00,-8.511392474174499512e-01,-8.488897085189819336e-01,-1.097962737083435059e+00,-1.156811118125915527e+00,-1.028934359550476074e+00,-8.550149798393249512e-01,-8.656189441680908203e-01,-1.085661053657531738e+00,-8.948215842247009277e-01,-6.757543087005615234e-01,-1.024355769157409668e+00,-7.396352887153625488e-01,-7.696515917778015137e-01
-1.075228929519653320e+00,-1.248314142227172852e+00,-1.411193251609802246e+00,-1.071817874908447266e+00,-1.091990947723388672e+00,-7.150206565856933594e-01,-4.761892557144165039e-01,-8.384206295013427734e-01,-9.385800361633300781e-01,-7.259963750839233398e-01,-5.873435735702514648e-01,-8.773309588432312012e-01,-7.614310383796691895e-01,-1.173691630363464355e+00,-1.074322938919067383e+00,-9.042547941207885742e-01,-8.941653370857238770e-01,-9.226998090744018555e-01,-1.020775914192199707e+00,-1.152477622032165527e+00
-5.904363393783569336e-01,-1.464313507080078125e+00,-7.795853614807128906e-01,-6.180843710899353027e-01,-4.752445220947265625e-01,-1.011917471885681152e+00,-7.460963726043701172e-01,-9.276834130287170410e-01,-9.583467841148376465e-01,-1.144471049308776855e+00,-8.140973448753356934e-01,-1.168632626533508301e+00,-7.841154932975769043e-01,-1.208920717239379883e+00,-7.897397875785827637e-01,-1.216116309165954590e+00,-1.259033799171447754e+00,-1.144276738166809082e+00,-8.540403842926025391e-01,-1.131951928138732910e+00
-4.816493391990661621e-01,-6.938660144805908203e-01,-9.148671030998229980e-01,-8.618047833442687988e-01,-1.074242830276489258e+00,-9.664043188095092773e-01,-6.938696503639221191e-01,-1.231556653976440430e+00,-8.900133967399597168e-01,-1.025180935859680176e+00,-7.267466187477111816e-01,-9.941703677177429199e-01,-1.075965762138366699e+00,-1.218947887420654297e+00,-1.047328710556030273e+00,-8.131135702133178711e-01,-9.334255456924438477e-01,-7.872077226638793945e-01,-1.099373459815979004e+00,-5.848674178123474121e-01
-8.622401356697082520e-01,-9.868748188018798828e-01,-1.318473458290100098e+00,-9.801861047744750977e-01,-6.246691346168518066e-01,-7.577594518661499023e-01,-9.946212768554687500e-01,-9.237516522407531738e-01,-1.301714539527893066e+00,-1.325050473213195801e+00,-1.059126257896423340e+00,-7.703938484191894531e-01,-1.316953539848327637e+00,-1.290553689002990723e+00,-9.541660547256469727e-01,-1.215360045433044434e+00,-8.326535224914550781e-01,-1.044084191322326660e+00,-1.077023148536682129e+00,-4.972835481166839600e-01
-1.241189956665039062e+00,-1.262428760528564453e+00,-5.547310113906860352e-01,-1.175032377243041992e+00,-6.301223039627075195e-01,-5.944870114326477051e-01,-9.340453743934631348e-01,-7.336395978927612305e-01,-1.316092371940612793e+00,-9.302656650543212891e-01,-1.150333166122436523e+00,-1.083267569541931152e+00,-7.861086726188659668e-01,-1.090334296226501465e+00,-8.258281946182250977e-01,-1.360645174980163574e+00,-1.290972352027893066e+00,-1.317838311195373535e+00,-9.768812656402587891e-01,-1.133892893791198730e+00
-1.059471845626831055e+00,-1.010292649269104004e+00,-1.291208267211914062e+00,-8.474064469337463379e-01,-1.121224403381347656e+00,-6.292062401771545410e-01,-1.432911396026611328e+00,-1.158449888229370117e+00,-1.079762697219848633e+00,-1.386151909828186035e+00,-7.683190703392028809e-01,-1.055257320404052734e+00,-1.198251962661743164e+00,-1.082748293876647949e+00,-1.173630118370056152e+00,-1.444823980331420898e+00,-8.501878976821899414e-01,-9.810482859611511230e-01,-9.264532923698425293e-01,-6.232042312622070312e-01
-4.891061186790466309e-01,-6.003485321998596191e-01,-9.011054635047912598e-01,-9.609617590904235840e-01,-6.146261692047119141e-01,-1.020385265350341797e+00,-8.608146905899047852e-01,-1.040006160736083984e+00,-1.126835942268371582e+00,-9.868503212928771973e-01,-7.445358037948608398e-01,-8.033306002616882324e-01,-9.772090911865234375e-01,-8.066216707229614258e-01,-9.078102111816406250e-01,-1.160296320915222168e+00,-9.702394008636474609e-01,-1.190494537353515625e+00,-1.334629416465759277e+00,-6.477478742599487305e-01
-9.318755865097045898e-01,-1.065317153930664062e+00,-8.999126553535461426e-01,-8.899875283241271973e-01,-8.169859051704406738e-01,-5.578441023826599121e-01,-1.131859540939331055e+00,-1.107702374458312988e+00,-6.682422757148742676e-01,-1.645007133483886719e+00,-9.629696607589721680e-01,-1.230035305023193359e+00,-7.006652355194091797e-01,-1.174157023429870605e+00,-9.119104146957397461e-01,-1.017001152038574219e+00,-1.102642059326171875e+00,-1.134798765182495117e+00,-1.219653367996215820e+00,-6.647092103958129883e-01
-1.183792114257812500e+00,-1.116011261940002441e+00,-1.031874299049377441e+00,-4.375431239604949951e-01,-1.158950090408325195e+00,-5.653784871101379395e-01,-9.089076519012451172e-01,-8.635343313217163086e-01,-1.091545939445495605e+00,-1.451487421989440918e+00,-8.202009201049804688e-01,-7.260274887084960938e-01,-8.279095888137817383e-01,-1.066743850708007812e+00,-1.177762985229492188e+00,-3.767288327217102051e-01,-6.882647275924682617e-01,-1.034366607666015625e+00,-1.323579072952270508e+00,-6.388080716133117676e-01
-9.854531884193420410e-01,-7.812146544456481934e-01,-9.500161409378051758e-01,-8.650630712509155273e-01,-8.034389615058898926e-01,-8.377268910408020020e-01,-9.583789110183715820e-01,-1.260019183158874512e+00,-8.329150676727294922e-01,-1.126634478569030762e+00,-9.092388153076171875e-01,-1.150613665580749512e+00,-8.089805245399475098e-01,-1.028061389923095703e+00,-1.017430424690246582e+00,-7.919490933418273926e-01,-1.203004360198974609e+00,-1.084454417228698730e+00,-1.076127052307128906e+00,-8.090491890907287598e-01
-1.068940281867980957e+00,-1.037815928459167480e+00,-1.514610886573791504e+00,-1.085356950759887695e+00,-7.539650797843933105e-01,-1.009637236595153809e+00,-1.023249626159667969e+00,-8.566081523895263672e-01,-1.113726139068603516e+00,-1.321979641914367676e+00,-8.875734210014343262e-01,-9.710026979446411133e-01,-5.966601371765136719e-01,-7.189346551895141602e-01,-1.225949406623840332e+00,-1.182260394096374512e+00,-9.476006031036376953e-01,-1.267160773277282715e+00,-7.791641950607299805e-01,-7.875406742095947266e-01
-1.061932086944580078e+00,-8.411762714385986328e-01,-7.536249160766601562e-01,-9.111996889114379883e-01,-7.208522558212280273e-01,-7.476991415023803711e-01,-6.845920085906982422e-01,-8.520413041114807129e-01,-1.200170636177062988e+00,-1.036903738975524902e+00,-7.402880787849426270e-01,-8.317161202430725098e-01,-9.703897833824157715e-01,-1.145797729492187500e+00,-8.760174512863159180e-01,-9.234513640403747559e-01,-9.353628754615783691e-01,-1.204453110694885254e+00,-8.224157094955444336e-01,-9.210116267204284668e-01
-6.774671077728271484e-01,-1.200566411018371582e+00,-8.402045369148254395e-01,-1.192987084388732910e+00,-8.084337115287780762e-01,-6.488176584243774414e-01,-8.593574166297912598e-01,-1.172049641609191895e+00,-1.266779065132141113e+00,-1.312769293785095215e+00,-1.133145570755004883e+00,-7.294731736183166504e-01,-8.694627285003662109e-01,-1.240871310234069824e+00,-8.133013248443603516e-01,-1.101767063140869141e+00,-1.103610515594482422e+00,-8.931052684783935547e-01,-9.188129901885986328e-01,-1.102590322494506836e+00
-1.117719650268554688e+00,-9.225841760635375977e-01,-6.916158795356750488e-01,-7.852218747138977051e-01,-1.115116834640502930e+00,-5.456897020339965820e-01,-7.214764952659606934e-01,-1.185102462768554688e+00,-9.185774326324462891e-01,-1.091260313987731934e+00,-8.741878867149353027e-01,-1.010107517242431641e+00,-8.377748727798461914e-01,-9.705021381378173828e-01,-8.814017772674560547e-01,-1.199689984321594238e+00,-1.272430419921875000e+00,-1.173876404762268066e+00,-9.258362650871276855e-01,-9.672582149505615234e-01
-9.992753267288208008e-01,-1.048723220825195312e+00,-1.054777741432189941e+00,-1.022424101829528809e+00,-8.662887215614318848e-01,-7.650775909423828125e-01,-8.306282162666320801e-01,-1.019474864006042480e+00,-8.130292892456054688e-01,-1.155618071556091309e+00,-1.313168048858642578e+00,-6.376268267631530762e-01,-1.099362373352050781e+00,-7.849469184875488281e-01,-1.127081155776977539e+00,-9.881605505943298340e-01,-1.507274508476257324e+00,-1.291144013404846191e+00,-1.058968544006347656e+00,-8.292152881622314453e-01
-1.115985870361328125e+00,-7.353849411010742188e-01,-8.102591633796691895e-01,-1.095606088638305664e+00,-1.404935479164123535e+00,-9.476705193519592285e-01,-6.528190374374389648e-01,-1.397348403930664062e+00,-1.168667912483215332e+00,-1.306305527687072754e+00,-1.102258443832397461e+00,-8.123616576194763184e-01,-9.752998948097229004e-01,-8.823698759078979492e-01,-8.560660481452941895e-01,-8.990953564643859863e-01,-9.301177859306335449e-01,-1.207236528396606445e+00,-1.290518760681152344e+00,-8.843567967414855957e-01
-1.394926309585571289e+00,-8.256215453147888184e-01,-9.379740953445434570e-01,-1.048058748245239258e+00,-9.603878855705261230e-01,-7.294374108314514160e-01,-6.519795060157775879e-01,-1.124853491783142090e+00,-9.091483950614929199e-01,-1.291761040687561035e+00,-8.264996409416198730e-01,-1.070138335227966309e+00,-1.257230520248413086e+00,-1.113039731979370117e+00,-8.094389438629150391e-01,-9.176834821701049805e-01,-1.102212429046630859e+00,-1.170987248420715332e+00,-1.056140780448913574e+00,-9.093531966209411621e-01
-9.849451184272766113e-01,-8.904437422752380371e-01,-9.636447429656982422e-01,-8.998341560363769531e-01,-1.011251211166381836e+00,-6.326181888580322266e-01,-1.294080376625061035e+00,-1.170048832893371582e+00,-1.049527525901794434e+00,-1.028513312339782715e+00,-1.289272904396057129e+00,-1.213308453559875488e+00,-1.378252387046813965e+00,-1.013297200202941895e+00,-1.070085883140563965e+00,-9.038155078887939453e-01,-1.454236865043640137e+00,-1.018402457237243652e+00,-1.125689625740051270e+00,-8.437836766242980957e-01
-9.032469391822814941e-01,-9.869835376739501953e-01,-1.335032820701599121e+00,-9.188906550407409668e-01,-9.148281812667846680e-01,-9.054001569747924805e-01,-8.505011200904846191e-01,-1.108463525772094727e+00,-7.464747428894042969e-01,-1.378439903259277344e+00,-1.428431749343872070e+00,-6.666949987411499023e-01,-6.999856233596801758e-01,-1.034900307655334473e+00,-6.168985366821289062e-01,-5.539384484291076660e-01,-1.307984948158264160e+00,-1.206652283668518066e+00,-1.183813214302062988e+00,-6.958111524581909180e-01
-1.155084848403930664e+00,-6.132536530494689941e-01,-1.190042734146118164e+00,-1.036821961402893066e+00,-6.946222186088562012e-01,-7.320141196250915527e-01,-5.925475358963012695e-01,-1.110562443733215332e+00,-9.437161087989807129e-01,-1.339865684509277344e+00,-9.147396683692932129e-01,-7.542817592620849609e-01,-1.017927646636962891e+00,-1.132147789001464844e+00,-5.679991841316223145e-01,-8.082543611526489258e-01,-9.220930933952331543e-01,-1.305684924125671387e+00,-1.000242233276367188e+00,-9.629541039466857910e-01
-5.726040601730346680e-01,-6.721228361129760742e-01,-1.061602354049682617e+00,-1.093413233757019043e+00,-1.001869320869445801e+00,-7.948061227798461914e-01,-7.564002871513366699e-01,-6.625759005546569824e-01,-9.263646602630615234e-01,-9.361109137535095215e-01,-8.918298482894897461e-01,-8.082434535026550293e-01,-6.801297068595886230e-01,-8.785199522972106934e-01,-8.951047658920288086e-01,-1.152669548988342285e+00,-1.157214403152465820e+00,-1.260873317718505859e+00,-6.884658932685852051e-01,-1.310173988342285156e+00
-8.182526826858520508e-01,-9.763646721839904785e-01,-1.279128551483154297e+00,-1.046994447708129883e+00,-9.267511963844299316e-01,-9.694761633872985840e-01,-9.261122345924377441e-01,-1.087331414222717285e+00,-9.739536643028259277e-01,-1.079131126403808594e+00,-9.086006283760070801e-01,-6.288007497787475586e-01,-8.335005044937133789e-01,-1.112968921661376953e+00,-1.072507023811340332e+00,-7.917441129684448242e-01,-1.063696980476379395e+00,-1.032924652099609375e+00,-1.231127500534057617e+00,-9.757097363471984863e-01
-1.119570732116699219e+00,-7.067309021949768066e-01,-1.167508363723754883e+00,-8.424230217933654785e-01,-1.043037652969360352e+00,-1.238814711570739746e+00,-8.298569917678833008e-01,-8.687187433242797852e-01,-1.413735985755920410e+00,-1.123644471168518066e+00,-9.321712255477905273e-01,-1.006538271903991699e+00,-9.236285686492919922e-01,-1.178381085395812988e+00,-8.921930193901062012e-01,-9.172177910804748535e-01,-1.321535944938659668e+00,-1.317777991294860840e+00,-9.885694384574890137e-01,-6.924251317977905273e-01
-9.109059572219848633e-01,-1.354533910751342773e+00,-6.475049257278442383e-01,-6.775253415107727051e-01,-1.053744912147521973e+00,-1.063833713531494141e+00,-1.070558547973632812e+00,-6.477301716804504395e-01,-6.737266182899475098e-01,-1.246717929840087891e+00,-7.688553929328918457e-01,-9.811552762985229492e-01,-8.595368862152099609e-01,-5.384534001350402832e-01,-7.783110737800598145e-01,-1.073424339294433594e+00,-1.379279136657714844e+00,-9.739925265312194824e-01,-1.012423634529113770e+00,-1.084724664688110352e+00
-1.021812915802001953e+00,-8.460439443588256836e-01,-4.279710948467254639e-01,-1.259842991828918457e+00,-6.671964526176452637e-01,-8.254066705703735352e-01,-7.265326976776123047e-01,-1.033466815948486328e+00,-1.078647851943969727e+00,-9.014652371406555176e-01,-7.095874547958374023e-01,-9.459510445594787598e-01,-7.757298946380615234e-01,-6.363694071769714355e-01,-8.979635834693908691e-01,-7.548054456710815430e-01,-6.357641220092773438e-01,-1.146171689033508301e+00,-7.038662433624267578e-01,-1.068307995796203613e+00
-1.173959136009216309e+00,-9.359238147735595703e-01,-1.009548664093017578e+00,-9.236515760421752930e-01,-1.108567833900451660e+00,-1.014981508255004883e+00,-9.206873178482055664e-01,-1.169446110725402832e+00,-1.016766905784606934e+00,-1.308267235755920410e+00,-9.444362521171569824e-01,-6.991725564002990723e-01,-5.796380639076232910e-01,-1.147509932518005371e+00,-8.732171654701232910e-01,-8.169494867324829102e-01,-9.833794236183166504e-01,-1.301577687263488770e+00,-9.206840991973876953e-01,-8.295786976814270020e-01
-1.105607032775878906e+00,-1.086378216743469238e+00,-1.043587088584899902e+00,-1.089013457298278809e+00,-8.360127210617065430e-01,-1.029804825782775879e+00,-1.020974755287170410e+00,-8.674082756042480469e-01,-1.038689851760864258e+00,-1.382519245147705078e+00,-8.790754675865173340e-01,-1.035218596458435059e+00,-4.358234405517578125e-01,-1.181760072708129883e+00,-9.387071728706359863e-01,-9.703407287597656250e-01,-1.260932207107543945e+00,-1.180904269218444824e+00,-8.141396045684814453e-01,-1.200131058692932129e+00
-1.119536638259887695e+00,-7.635900974273681641e-01,-8.348026871681213379e-01,-1.159344315528869629e+00,-9.295955896377563477e-01,-5.232360363006591797e-01,-9.520066976547241211e-01,-1.408784270286560059e+00,-8.727406859397888184e-01,-8.354765772819519043e-01,-9.082298874855041504e-01,-1.146526575088500977e+00,-7.123850584030151367e-01,-9.880504012107849121e-01,-1.175618529319763184e+00,-1.156133770942687988e+00,-7.649857997894287109e-01,-1.242630958557128906e+00,-6.451883912086486816e-01,-8.789126276969909668e-01
-8.554368615150451660e-01,-9.808906316757202148e-01,-8.775066733360290527e-01,-8.072935342788696289e-01,-7.183095812797546387e-01,-6.102675795555114746e-01,-9.420717358589172363e-01,-1.055444002151489258e+00,-9.701288938522338867e-01,-1.087114810943603516e+00,-9.284805655479431152e-01,-8.638781905174255371e-01,-9.341556429862976074e-01,-7.446016669273376465e-01,-1.161494851112365723e+00,-9.747204184532165527e-01,-1.392965793609619141e+00,-5.765859484672546387e-01,-7.511113286018371582e-01,-1.096335768699645996e+00
-7.977954149246215820e-01,-9.704905152320861816e-01,-7.351167798042297363e-01,-1.137083172798156738e+00,-6.265687346458435059e-01,-8.466678261756896973e-01,-6.814424395561218262e-01,-9.128839373588562012e-01,-1.032089471817016602e+00,-1.029143810272216797e+00,-9.041756391525268555e-01,-4.468676745891571045e-01,-7.225622534751892090e-01,-9.759789109230041504e-01,-9.629192948341369629e-01,-7.584284543991088867e-01,-8.770609498023986816e-01,-1.330892682075500488e+00,-9.249126911163330078e-01,-9.319612383842468262e-01
-9.577099680900573730e-01,-8.185500502586364746e-01,-8.859225511550903320e-01,-1.041316866874694824e+00,-9.177806973457336426e-01,-7.773799896240234375e-01,-9.902504086494445801e-01,-9.530499577522277832e-01,-8.798369169235229492e-01,-1.149512171745300293e+00,-1.228310585021972656e+00,-6.672918796539306641e-01,-9.389230012893676758e-01,-1.364195466041564941e+00,-7.555354833602905273e-01,-6.027603745460510254e-01,-7.577828168869018555e-01,-1.158255219459533691e+00,-9.192817211151123047e-01,-7.706116437911987305e-01
-4.680723249912261963e-01,-9.453845620155334473e-01,-6.741942167282104492e-01,-6.749255061149597168e-01,-1.188622832298278809e+00,-5.629518628120422363e-01,-8.534661531448364258e-01,-1.043635606765747070e+00,-9.735728502273559570e-01,-1.310585021972656250e+00,-1.028863072395324707e+00,-9.422398805618286133e-01,-7.636437416076660156e-01,-1.041153192520141602e+00,-7.945956587791442871e-01,-8.788985013961791992e-01,-1.104030489921569824e+00,-8.551052808761596680e-01,-1.283476352691650391e+00,-9.451487064361572266e-01
-1.243942141532897949e+00,-9.011532664299011230e-01,-9.211891889572143555e-01,-1.187497019767761230e+00,-5.248584747314453125e-01,-8.927601575851440430e-01,-8.859544396400451660e-01,-1.308713793754577637e+00,-1.025545835494995117e+00,-1.163529396057128906e+00,-8.863961100578308105e-01,-8.405476808547973633e-01,-8.078346252441406250e-01,-1.245149731636047363e+00,-8.033057451248168945e-01,-8.185225129127502441e-01,-1.112700819969177246e+00,-1.393408179283142090e+00,-9.596889615058898926e-01,-1.222380995750427246e+00
-8.522532582283020020e-01,-1.308616518974304199e+00,-1.035506248474121094e+00,-1.059765815734863281e+00,-1.369902849197387695e+00,-7.624273896217346191e-01,-1.073275685310363770e+00,-9.578571915626525879e-01,-1.096093177795410156e+00,-1.195493340492248535e+00,-8.818675279617309570e-01,-1.229227900505065918e+00,-9.865663647651672363e-01,-8.575688004493713379e-01,-1.052719712257385254e+00,-1.048282265663146973e+00,-1.076959729194641113e+00,-8.596861958503723145e-01,-6.019366383552551270e-01,-7.110978364944458008e-01
-8.538039326667785645e-01,-8.914144039154052734e-01,-1.266981005668640137e+00,-1.339183092117309570e+00,-1.023245453834533691e+00,-7.635901570320129395e-01,-7.866357564926147461e-01,-1.304363846778869629e+00,-1.219403624534606934e+00,-1.361138343811035156e+00,-9.938194751739501953e-01,-8.631356358528137207e-01,-6.403208374977111816e-01,-1.047417402267456055e+00,-8.672319054603576660e-01,-1.165603041648864746e+00,-1.156907200813293457e+00,-1.280067086219787598e+00,-9.840169548988342285e-01,-7.705432772636413574e-01
-1.247067451477050781e+00,-8.675015568733215332e-01,-6.867702007293701172e-01,-8.047220110893249512e-01,-1.054210186004638672e+00,-6.249261498451232910e-01,-6.964935660362243652e-01,-9.426719546318054199e-01,-1.228947877883911133e+00,-1.543499231338500977e+00,-1.075924992561340332e+00,-8.456488251686096191e-01,-6.022660732269287109e-01,-1.014613747596740723e+00,-1.158569216728210449e+00,-1.116312742233276367e+00,-9.683549404144287109e-01,-8.361849784851074219e-01,-9.303573369979858398e-01,-1.228337049484252930e+00
-1.033971905708312988e+00,-1.105885505676269531e+00,-1.089913725852966309e+00,-1.458620786666870117e+00,-8.380900621414184570e-01,-7.281442880630493164e-01,-5.506687164306640625e-01,-8.915045857429504395e-01,-1.107923388481140137e+00,-1.003629207611083984e+00,-9.109179973602294922e-01,-9.103124737739562988e-01,-1.094572424888610840e+00,-1.004448533058166504e+00,-8.198720216751098633e-01,-1.082583427429199219e+00,-1.355792284011840820e+00,-7.902600169181823730e-01,-1.001377582550048828e+00,-9.412618875503540039e-01
-9.773071408271789551e-01,-8.844301700592041016e-01,-1.147289872169494629e+00,-1.071272850036621094e+00,-6.993424296379089355e-01,-3.851183652877807617e-01,-7.883152365684509277e-01,-8.712908029556274414e-01,-8.838267326354980469e-01,-8.459345698356628418e-01,-1.191240549087524414e+00,-6.646637916564941406e-01,-1.045741915702819824e+00,-9.734119176864624023e-01,-1.036605834960937500e+00,-6.240325570106506348e-01,-9.352707266807556152e-01,-9.874988198280334473e-01,-1.102032065391540527e+00,-7.490197420120239258e-01
-8.004756569862365723e-01,-7.945029735565185547e-01,-6.940232515335083008e-01,-9.103462696075439453e-01,-8.456637859344482422e-01,-1.599102914333343506e-01,-1.009446859359741211e+00,-7.248853445053100586e-01,-9.435399174690246582e-01,-1.333739280700683594e+00,-1.035717844963073730e+00,-9.114660024642944336e-01,-8.830171227455139160e-01,-7.610794901847839355e-01,-8.638823032379150391e-01,-1.216635227203369141e+00,-1.049174547195434570e+00,-9.072318673133850098e-01,-1.112188458442687988e+00,-5.884680747985839844e-01
-1.149825692176818848e+00,-8.206149935722351074e-01,-8.218198418617248535e-01,-8.793768882751464844e-01,-1.037276387214660645e+00,-5.772413015365600586e-01,-1.141375303268432617e+00,-1.008556246757507324e+00,-1.135622501373291016e+00,-1.225124716758728027e+00,-1.164359688758850098e+00,-4.757288992404937744e-01,-9.913634657859802246e-01,-7.538902759552001953e-01,-1.013486742973327637e+00,-6.420373320579528809e-01,-1.357656836509704590e+00,-1.454926252365112305e+00,-1.143035411834716797e+00,-1.084723711013793945e+00
-5.071250200271606445e-01,-5.920280814170837402e-01,-6.247359514236450195e-01,-1.377196788787841797e+00,-8.394620418548583984e-01,-8.166705965995788574e-01,-9.410456418991088867e-01,-1.039433360099792480e+00,-1.302746415138244629e+00,-1.042262434959411621e+00,-7.532817125320434570e-01,-9.627030491828918457e-01,-6.405054330825805664e-01,-1.012990593910217285e+00,-8.769455552101135254e-01,-1.134036183357238770e+00,-9.655232429504394531e-01,-1.118430018424987793e+00,-8.361806273460388184e-01,-7.805118560791015625e-01
-1.061899542808532715e+00,-1.137721538543701172e+00,-9.569904804229736328e-01,-7.800946831703186035e-01,-6.557735204696655273e-01,-8.461856245994567871e-01,-9.591696858406066895e-01,-1.390872120857238770e+00,-1.213523387908935547e+00,-9.830034971237182617e-01,-1.367158889770507812e+00,-1.149671912193298340e+00,-8.322900533676147461e-01,-1.074917435646057129e+00,-9.175543785095214844e-01,-1.160931468009948730e+00,-1.085448145866394043e+00,-1.317384004592895508e+00,-9.042015075683593750e-01,-9.987164735794067383e-01
-7.995000481605529785e-01,-9.783748984336853027e-01,-9.778867363929748535e-01,-8.714786171913146973e-01,-9.746668338775634766e-01,-9.339025616645812988e-01,-1.259998083114624023e+00,-4.612925052642822266e-01,-1.070126295089721680e+00,-9.684014916419982910e-01,-1.012082338333129883e+00,-6.896495819091796875e-01,-5.603060722351074219e-01,-7.935366034507751465e-01,-9.062948226928710938e-01,-1.080809712409973145e+00,-7.348500490188598633e-01,-1.311364412307739258e+00,-5.856371521949768066e-01,-8.310334682464599609e-01
-1.275631308555603027e+00,-8.836925029754638672e-01,-7.707473635673522949e-01,-9.908353686332702637e-01,-1.256419062614440918e+00,-5.136726498603820801e-01,-1.112856507301330566e+00,-8.869703412055969238e-01,-1.408718943595886230e+00,-1.185857176780700684e+00,-8.992431163787841797e-01,-8.999242186546325684e-01,-4.819633364677429199e-01,-7.748873829841613770e-01,-1.227846026420593262e+00,-9.004730582237243652e-01,-1.515366196632385254e+00,-9.577571749687194824e-01,-5.665594935417175293e-01,-1.139000535011291504e+00
-8.394425511360168457e-01,-7.753404974937438965e-01,-1.063934206962585449e+00,-8.306990265846252441e-01,-9.623726010322570801e-01,-8.021439909934997559e-01,-5.301396846771240234e-01,-1.027199387550354004e+00,-1.257039308547973633e+00,-1.391923785209655762e+00,-1.282229423522949219e+00,-9.595758914947509766e-01,-6.963348388671875000e-01,-1.191529273986816406e+00,-8.431102037429809570e-01,-1.040020108222961426e+00,-8.034234046936035156e-01,-8.160607218742370605e-01,-1.361476898193359375e+00,-8.743597865104675293e-01
-9.713909029960632324e-01,-8.658447265625000000e-01,-1.302038550376892090e+00,-9.641874432563781738e-01,-9.767606854438781738e-01,-1.238474845886230469e+00,-1.220765590667724609e+00,-8.734486103057861328e-01,-9.367136955261230469e-01,-1.016882777214050293e+00,-1.159287571907043457e+00,-9.937955141067504883e-01,-1.293836355209350586e+00,-9.669811725616455078e-01,-8.082191944122314453e-01,-1.008872032165527344e+00,-9.908350706100463867e-01,-1.059789061546325684e+00,-1.066588997840881348e+00,-1.080848455429077148e+00
-7.046670317649841309e-01,-9.701787829399108887e-01,-8.833011984825134277e-01,-1.316552758216857910e+00,-9.627701640129089355e-01,-4.349167943000793457e-01,-7.255137562751770020e-01,-1.042463898658752441e+00,-7.383373379707336426e-01,-1.540184974670410156e+00,-7.510432004928588867e-01,-8.115994334220886230e-01,-1.270416378974914551e+00,-1.086346387863159180e+00,-8.400528430938720703e-01,-8.325128555297851562e-01,-9.848054051399230957e-01,-8.183130621910095215e-01,-9.455838799476623535e-01,-6.876328587532043457e-01
-1.113043546676635742e+00,-8.867614865303039551e-01,-8.987781405448913574e-01,-1.035931229591369629e+00,-8.550734519958496094e-01,-7.918799519538879395e-01,-1.199656009674072266e+00,-9.904997944831848145e-01,-1.123115777969360352e+00,-1.159880161285400391e+00,-1.013224244117736816e+00,-9.882892966270446777e-01,-7.495948076248168945e-01,-8.634784221649169922e-01,-6.512324810028076172e-01,-1.161853075027465820e+00,-1.288431763648986816e+00,-1.194362640380859375e+00,-8.985833525657653809e-01,-1.039762020111083984e+00
-8.969417214393615723e-01,-1.002884507179260254e+00,-6.033006310462951660e-01,-7.207160592079162598e-01,-1.114639282226562500e+00,-6.244174242019653320e-01,-9.571944475173950195e-01,-1.323249459266662598e+00,-9.890385866165161133e-01,-1.404328942298889160e+00,-1.180162549018859863e+00,-9.407593011856079102e-01,-9.387807846069335938e-01,-7.063662409782409668e-01,-1.031020760536193848e+00,-8.030754923820495605e-01,-1.163982152938842773e+00,-9.992307424545288086e-01,-9.483484625816345215e-01,-8.657311201095581055e-01
-1.140050888061523438e+00,-1.099182367324829102e+00,-1.077204823493957520e+00,-9.169993996620178223e-01,-8.810979127883911133e-01,-7.998675704002380371e-01,-6.924355626106262207e-01,-1.345226645469665527e+00,-1.220699071884155273e+00,-1.574432969093322754e+00,-1.097566127777099609e+00,-9.143670797348022461e-01,-1.100857496261596680e+00,-7.851809859275817871e-01,-7.113174796104431152e-01,-6.244676113128662109e-01,-1.430526494979858398e+00,-9.622088670730590820e-01,-1.137299060821533203e+00,-1.055856347084045410e+00
-1.070474624633789062e+00,-1.049848794937133789e+00,-8.624933958053588867e-01,-4.736579060554504395e-01,-1.117724299430847168e+00,-1.019794344902038574e+00,-1.149592638015747070e+00,-7.702339887619018555e-01,-1.112805366516113281e+00,-1.241040706634521484e+00,-7.319241166114807129e-01,-6.607682704925537109e-01,-1.456771850585937500e+00,-7.320127487182617188e-01,-7.552690505981445312e-01,-7.312052249908447266e-01,-1.106287121772766113e+00,-9.864252209663391113e-01,-1.186179041862487793e+00,-8.656063675880432129e-01
-1.137443304061889648e+00,-1.026221275329589844e+00,-6.552498340606689453e-01,-8.524776101112365723e-01,-9.779621958732604980e-01,-7.122615575790405273e-01,-1.245591878890991211e+00,-9.943935275077819824e-01,-1.059391856193542480e+00,-1.345654487609863281e+00,-8.887152671813964844e-01,-8.354104757308959961e-01,-8.086098432540893555e-01,-9.867196083068847656e-01,-6.042254567146301270e-01,-1.245016098022460938e+00,-7.801766991615295410e-01,-8.994952440261840820e-01,-9.976286292076110840e-01,-8.090568780899047852e-01
-1.459991574287414551e+00,-8.886968493461608887e-01,-8.831766843795776367e-01,-1.073325991630554199e+00,-1.175926208496093750e+00,-3.556882441043853760e-01,-9.288606047630310059e-01,-1.000626206398010254e+00,-1.198632717132568359e+00,-9.858036637306213379e-01,-1.187805771827697754e+00,-1.063752532005310059e+00,-4.464712440967559814e-01,-8.304101824760437012e-01,-8.200832009315490723e-01,-3.137274384498596191e-01,-1.047876238822937012e+00,-8.452591300010681152e-01,-8.632252216339111328e-01,-6.382421851158142090e-01
-7.720616459846496582e-01,-8.250721096992492676e-01,-8.006365895271301270e-01,-9.294890165328979492e-01,-4.733981192111968994e-01,-1.061542987823486328e+00,-1.232238650321960449e+00,-5.108532309532165527e-01,-1.065237164497375488e+00,-9.618469476699829102e-01,-1.224236130714416504e+00,-1.148917794227600098e+00,-1.099544525146484375e+00,-1.044187188148498535e+00,-9.023684263229370117e-01,-7.406694889068603516e-01,-9.274371862411499023e-01,-1.153290629386901855e+00,-1.091743946075439453e+00,-6.855456233024597168e-01
-2.625305056571960449e-01,-1.017606973648071289e+00,-8.719002604484558105e-01,-1.367024183273315430e+00,-9.273867011070251465e-01,-1.307481527328491211e+00,-1.031330943107604980e+00,-1.035391569137573242e+00,-1.158562779426574707e+00,-1.003899216651916504e+00,-7.541607022285461426e-01,-6.943741440773010254e-01,-9.253039360046386719e-01,-1.282845020294189453e+00,-1.175238251686096191e+00,-9.275906682014465332e-01,-1.146016836166381836e+00,-1.287605285644531250e+00,-8.500897288322448730e-01,-5.203720331192016602e-01
-6.668508052825927734e-01,-1.202386736869812012e+00,-1.219537615776062012e+00,-9.041918516159057617e-01,-1.130270004272460938e+00,-8.232052326202392578e-01,-1.002090573310852051e+00,-1.380414485931396484e+00,-1.152791619300842285e+00,-9.849738478660583496e-01,-7.161113619804382324e-01,-1.065799474716186523e+00,-4.765628874301910400e-01,-1.092801213264465332e+00,-5.282452702522277832e-01,-8.646066784858703613e-01,-1.065878033638000488e+00,-1.205097675323486328e+00,-8.735349178314208984e-01,-8.901280760765075684e-01
-1.039096832275390625e+00,-8.330506086349487305e-01,-7.876542806625366211e-01,-9.621120095252990723e-01,-9.641739726066589355e-01,-6.083387732505798340e-01,-7.743667960166931152e-01,-1.042008996009826660e+00,-1.292843103408813477e+00,-1.221818208694458008e+00,-9.757410883903503418e-01,-1.013169646263122559e+00,-9.362204074859619141e-01,-8.171928524971008301e-01,-9.246014356613159180e-01,-6.831275224685668945e-01,-1.196324467658996582e+00,-7.926870584487915039e-01,-1.077065110206604004e+00,-9.297633171081542969e-01
-6.846303343772888184e-01,-7.417430877685546875e-01,-1.037039399147033691e+00,-1.048076748847961426e+00,-5.624768733978271484e-01,-1.060278892517089844e+00,-8.547933101654052734e-01,-8.899037837982177734e-01,-9.580290317535400391e-01,-1.106112480163574219e+00,-1.111456513404846191e+00,-5.936821103096008301e-01,-1.157757043838500977e+00,-9.328971505165100098e-01,-5.553579926490783691e-01,-5.270363092422485352e-01,-1.255319476127624512e+00,-8.505522608757019043e-01,-1.119271159172058105e+00,-7.923013567924499512e-01
-1.107961416244506836e+00,-8.439068794250488281e-01,-1.008412718772888184e+00,-8.500542640686035156e-01,-1.004749536514282227e+00,-6.100823283195495605e-01,-9.332110881805419922e-01,-8.528743386268615723e-01,-1.015231966972351074e+00,-1.143316149711608887e+00,-1.331803202629089355e+00,-9.182156920433044434e-01,-9.250750541687011719e-01,-1.148804903030395508e+00,-8.507595658302307129e-01,-9.625901579856872559e-01,-1.240650534629821777e+00,-9.234535098075866699e-01,-1.299817919731140137e+00,-8.329727649688720703e-01
-8.138689398765563965e-01,-1.206942796707153320e+00,-9.279714226722717285e-01,-1.133751511573791504e+00,-8.242514133453369141e-01,-8.712480068206787109e-01,-1.072899580001831055e+00,-1.617062449455261230e+00,-1.431685566902160645e+00,-1.053140282630920410e+00,-6.683348417282104492e-01,-7.422507405281066895e-01,-9.001891613006591797e-01,-1.056807279586791992e+00,-1.155310750007629395e+00,-9.087748527526855469e-01,-8.272666931152343750e-01,-1.002267122268676758e+00,-9.445524215698242188e-01,-1.175320506095886230e+00
-1.135854005813598633e+00,-1.029653072357177734e+00,-1.146924376487731934e+00,-9.807672500610351562e-01,-7.825281620025634766e-01,-1.165975332260131836e+00,-1.088525176048278809e+00,-1.317641139030456543e+00,-8.675994873046875000e-01,-1.126390099525451660e+00,-1.027393698692321777e+00,-9.296456575393676758e-01,-9.580562114715576172e-01,-1.260673165321350098e+00,-1.090617060661315918e+00,-9.328117370605468750e-01,-1.081283092498779297e+00,-8.589075207710266113e-01,-1.236208438873291016e+00,-1.004756450653076172e+00
-1.220387339591979980e+00,-1.301455616950988770e+00,-9.703079462051391602e-01,-1.048935770988464355e+00,-1.095155119895935059e+00,-8.332062363624572754e-01,-8.848930597305297852e-01,-1.069777965545654297e+00,-1.394880056381225586e+00,-9.874819517135620117e-01,-9.745754003524780273e-01,-4.525558948516845703e-01,-9.886683821678161621e-01,-1.018094539642333984e+00,-8.991705179214477539e-01,-1.046848535537719727e+00,-1.036968469619750977e+00,-5.540290474891662598e-01,-1.073159456253051758e+00,-1.229393720626831055e+00
-9.371186494827270508e-01,-1.213218808174133301e+00,-7.777739167213439941e-01,-1.067626953125000000e+00,-9.756038188934326172e-01,-8.515316247940063477e-01,-7.631366848945617676e-01,-9.119495153427124023e-01,-7.137368917465209961e-01,-1.134198904037475586e+00,-1.033222317695617676e+00,-9.852449893951416016e-01,-7.215403318405151367e-01,-8.558937311172485352e-01,-7.947929501533508301e-01,-8.663545250892639160e-01,-9.151538610458374023e-01,-1.115712046623229980e+00,-9.419649243354797363e-01,-6.048411726951599121e-01
-1.439533710479736328e+00,-1.076390504837036133e+00,-1.086672902107238770e+00,-1.138802409172058105e+00,-1.238921523094177246e+00,-8.181545138359069824e-01,-6.665875911712646484e-01,-1.319904208183288574e+00,-1.200330495834350586e+00,-1.242328047752380371e+00,-5.964877009391784668e-01,-7.324979901313781738e-01,-7.385602593421936035e-01,-7.974856495857238770e-01,-1.228852391242980957e+00,-9.696336388587951660e-01,-9.652647376060485840e-01,-8.623300194740295410e-01,-9.328015446662902832e-01,-1.280664443969726562e+00
-1.200579404830932617e+00,-1.205732464790344238e+00,-6.764569282531738281e-01,-9.333702921867370605e-01,-7.150965332984924316e-01,-8.659384846687316895e-01,-9.539523720741271973e-01,-9.454296231269836426e-01,-9.071916341781616211e-01,-1.248244643211364746e+00,-1.373487710952758789e+00,-1.097528457641601562e+00,-8.989489674568176270e-01,-1.015961050987243652e+00,-9.598322510719299316e-01,-7.915441989898681641e-01,-1.219926476478576660e+00,-1.109166502952575684e+00,-1.359735012054443359e+00,-7.957016229629516602e-01
-8.799261450767517090e-01,-1.230793237686157227e+00,-1.282418847084045410e+00,-8.783184885978698730e-01,-8.101863265037536621e-01,-1.011089444160461426e+00,-7.495945692062377930e-01,-6.088688373565673828e-01,-9.752033352851867676e-01,-1.154309749603271484e+00,-1.439181923866271973e+00,-1.264855623245239258e+00,-9.543437361717224121e-01,-9.608793854713439941e-01,-7.093786001205444336e-01,-1.186346292495727539e+00,-9.590229392051696777e-01,-1.011447787284851074e+00,-9.214953780174255371e-01,-7.575236558914184570e-01
-9.061074256896972656e-01,-7.659451961517333984e-01,-4.210108518600463867e-01,-8.814170360565185547e-01,-8.875231146812438965e-01,-9.002048969268798828e-01,-9.002192020416259766e-01,-9.029212594032287598e-01,-9.962928891181945801e-01,-8.128846287727355957e-01,-9.120631217956542969e-01,-6.412783861160278320e-01,-9.553664326667785645e-01,-1.163796067237854004e+00,-9.844469428062438965e-01,-9.308925867080688477e-01,-1.201104998588562012e+00,-6.908610463142395020e-01,-1.251809120178222656e+00,-8.770354986190795898e-01
-7.482280731201171875e-01,-8.388624191284179688e-01,-9.872081875801086426e-01,-9.200271368026733398e-01,-1.044540047645568848e+00,-9.600972533226013184e-01,-7.504107952117919922e-01,-8.208341598510742188e-01,-8.719509840011596680e-01,-1.102859139442443848e+00,-6.979047060012817383e-01,-7.603932023048400879e-01,-1.233892440795898438e+00,-1.042093634605407715e+00,-9.570259451866149902e-01,-1.152013897895812988e+00,-1.015875935554504395e+00,-9.779729843139648438e-01,-1.093551397323608398e+00,-9.027964472770690918e-01
-1.090986967086791992e+00,-8.923426866531372070e-01,-7.116495966911315918e-01,-1.130017876625061035e+00,-6.032003760337829590e-01,-9.228125810623168945e-01,-4.127225875854492188e-01,-1.102115869522094727e+00,-9.470547437667846680e-01,-7.497622966766357422e-01,-1.055432319641113281e+00,-7.187627553939819336e-01,-1.197175264358520508e+00,-1.026049375534057617e+00,-8.164942860603332520e-01,-1.166033506393432617e+00,-8.625524640083312988e-01,-1.155564308166503906e+00,-9.287799000740051270e-01,-9.042139649391174316e-01
-1.142537236213684082e+00,-1.201881885528564453e+00,-9.865655303001403809e-01,-1.014213800430297852e+00,-6.346436142921447754e-01,-1.029802441596984863e+00,-7.609574198722839355e-01,-9.028421640396118164e-01,-8.948290348052978516e-01,-1.201986670494079590e+00,-1.149809956550598145e+00,-8.939611315727233887e-01,-7.170143723487854004e-01,-1.042155623435974121e+00,-7.285354137420654297e-01,-7.597979307174682617e-01,-1.144813299179077148e+00,-1.057608962059020996e+00,-9.852975010871887207e-01,-5.964435338973999023e-01
-1.117044687271118164e+00,-6.505057215690612793e-01,-1.023057103157043457e+00,-1.023161649703979492e+00,-8.349663615226745605e-01,-1.291907072067260742e+00,-1.076023459434509277e+00,-1.178593516349792480e+00,-7.119647860527038574e-01,-1.609898567199707031e+00,-8.003501892089843750e-01,-7.628548145294189453e-01,-5.278362631797790527e-01,-1.230727076530456543e+00,-1.074676513671875000e+00,-8.743214011192321777e-01,-1.238028883934020996e+00,-8.234295845031738281e-01,-8.514209389686584473e-01,-1.021891474723815918e+00
-1.390210986137390137e+00,-7.895251512527465820e-01,-1.691817760467529297e+00,-1.021455764770507812e+00,-1.012228012084960938e+00,-7.768647074699401855e-01,-8.178797364234924316e-01,-1.009606122970581055e+00,-1.075672507286071777e+00,-1.106366991996765137e+00,-6.888742446899414062e-01,-1.282209992408752441e+00,-1.002123475074768066e+00,-1.441305875778198242e+00,-7.752248048782348633e-01,-8.142168521881103516e-01,-3.426388800144195557e-01,-1.172230005264282227e+00,-8.008697628974914551e-01,-1.006511092185974121e+00
-7.414108514785766602e-01,-1.323818922042846680e+00,-9.975623488426208496e-01,-8.943467736244201660e-01,-9.113235473632812500e-01,-8.962610960006713867e-01,-9.135738611221313477e-01,-1.148423910140991211e+00,-9.329082369804382324e-01,-9.537559151649475098e-01,-1.157245039939880371e+00,-8.722761869430541992e-01,-7.991757392883300781e-01,-1.186148643493652344e+00,-1.039098024368286133e+00,-1.036095023155212402e+00,-8.143278360366821289e-01,-1.044769763946533203e+00,-1.201163172721862793e+00,-1.184272646903991699e+00
-3.314217031002044678e-01,-1.064579606056213379e+00,-9.099448323249816895e-01,-1.145347952842712402e+00,-5.480395555496215820e-01,-9.595268964767456055e-01,-4.983946382999420166e-01,-1.235914111137390137e+00,-1.034604549407958984e+00,-8.612989783287048340e-01,-1.006080269813537598e+00,-1.018386006355285645e+00,-1.157299041748046875e+00,-9.232527017593383789e-01,-7.034927010536193848e-01,-8.571074008941650391e-01,-1.479380011558532715e+00,-7.504183650016784668e-01,-1.479317545890808105e+00,-1.055179238319396973e+00
-9.700919985771179199e-01,-1.110019803047180176e+00,-1.055428624153137207e+00,-9.277874231338500977e-01,-1.279861688613891602e+00,-5.357867479324340820e-01,-8.426039218902587891e-01,-1.230774760246276855e+00,-1.044563770294189453e+00,-1.304492592811584473e+00,-8.416250348091125488e-01,-1.074719071388244629e+00,-7.804882526397705078e-01,-8.392567038536071777e-01,-1.130882740020751953e+00,-1.126736044883728027e+00,-8.799271583557128906e-01,-8.983231782913208008e-01,-7.923240065574645996e-01,-8.643625974655151367e-01
-1.193725943565368652e+00,-1.369565010070800781e+00,-9.628907442092895508e-01,-1.205123066902160645e+00,-1.102205514907836914e+00,-5.163299441337585449e-01,-1.074317812919616699e+00,-8.870991468429565430e-01,-1.377013564109802246e+00,-1.377197027206420898e+00,-8.759343624114990234e-01,-1.055155158042907715e+00,-1.000205874443054199e+00,-9.110537171363830566e-01,-1.046197772026062012e+00,-9.468788504600524902e-01,-8.795770406723022461e-01,-7.769290804862976074e-01,-8.214600682258605957e-01,-7.684916853904724121e-01
-7.176783084869384766e-01,-1.178673982620239258e+00,-1.000296831130981445e+00,-1.208916306495666504e+00,-8.509775400161743164e-01,-1.132237315177917480e+00,-9.995632171630859375e-01,-9.367521405220031738e-01,-1.068500161170959473e+00,-1.183268427848815918e+00,-1.115330338478088379e+00,-1.079911231994628906e+00,-6.415910720825195312e-01,-1.175290107727050781e+00,-1.098632454872131348e+00,-8.646464347839355469e-01,-1.280878543853759766e+00,-1.386378645896911621e+00,-4.470844268798828125e-01,-1.034678101539611816e+00
-1.022347211837768555e+00,-9.499887824058532715e-01,-1.119738578796386719e+00,-1.117836356163024902e+00,-7.268918752670288086e-01,-1.135400891304016113e+00,-1.465021610260009766e+00,-7.785328030586242676e-01,-1.389322280883789062e+00,-9.673237204551696777e-01,-5.959681272506713867e-01,-8.446323275566101074e-01,-8.856768608093261719e-01,-9.505088329315185547e-01,-1.182934761047363281e+00,-9.069675803184509277e-01,-1.175271034240722656e+00,-7.603152394294738770e-01,-7.598691582679748535e-01,-5.961626768112182617e-01
-1.065514683723449707e+00,-7.141257524490356445e-01,-6.923806071281433105e-01,-1.292693018913269043e+00,-8.930956125259399414e-01,-1.038226127624511719e+00,-9.373880028724670410e-01,-1.250194311141967773e+00,-8.930513262748718262e-01,-1.105575084686279297e+00,-7.665236592292785645e-01,-1.031119942665100098e+00,-1.150387644767761230e+00,-7.651802897453308105e-01,-8.194484114646911621e-01,-1.084001898765563965e+00,-1.125732541084289551e+00,-1.141188263893127441e+00,-9.769490361213684082e-01,-1.097923040390014648e+00
-7.624073624610900879e-01,-1.191584825515747070e+00,-9.314405918121337891e-01,-9.803327322006225586e-01,-6.883921027183532715e-01,-1.091904997825622559e+00,-1.060381293296813965e+00,-1.042120575904846191e+00,-8.828729987144470215e-01,-1.011373996734619141e+00,-9.388330578804016113e-01,-3.896461427211761475e-01,-1.028163194656372070e+00,-8.031000494956970215e-01,-8.701514005661010742e-01,-6.880406141281127930e-01,-1.088941454887390137e+00,-1.146012425422668457e+00,-9.307058453559875488e-01,-8.749298453330993652e-01
-9.489725232124328613e-01,-1.080256104469299316e+00,-8.048774600028991699e-01,-1.046061515808105469e+00,-8.722149133682250977e-01,-6.585500836372375488e-01,-8.052042722702026367e-01,-1.011110186576843262e+00,-1.160438060760498047e+00,-1.241387248039245605e+00,-9.321820139884948730e-01,-9.937881231307983398e-01,-5.250987410545349121e-01,-8.408125042915344238e-01,-7.324022650718688965e-01,-9.363448619842529297e-01,-9.935122132301330566e-01,-1.217726230621337891e+00,-1.075665235519409180e+00,-6.689453721046447754e-01
-7.373088598251342773e-01,-8.817678093910217285e-01,-1.068710923194885254e+00,-1.263045310974121094e+00,-8.716155290603637695e-01,-1.052223086357116699e+00,-1.075756192207336426e+00,-9.679766893386840820e-01,-9.866083860397338867e-01,-8.088558912277221680e-01,-1.014267325401306152e+00,-7.030271887779235840e-01,-1.067821741104125977e+00,-9.470164775848388672e-01,-8.544400334358215332e-01,-8.569147586822509766e-01,-1.284940481185913086e+00,-1.212213277816772461e+00,-9.307085275650024414e-01,-8.344815373420715332e-01
-1.032973885536193848e+00,-7.604959607124328613e-01,-1.016442179679870605e+00,-9.903717637062072754e-01,-9.992094635963439941e-01,-7.079017162322998047e-01,-7.828967571258544922e-01,-6.379970312118530273e-01,-1.170540452003479004e+00,-1.090201973915100098e+00,-1.006219744682312012e+00,-1.003699064254760742e+00,-1.098205327987670898e+00,-8.730389475822448730e-01,-1.198752522468566895e+00,-1.466855168342590332e+00,-8.978267312049865723e-01,-9.816017150878906250e-01,-8.880502581596374512e-01,-1.014001131057739258e+00
-1.217303633689880371e+00,-7.848982810974121094e-01,-8.998090028762817383e-01,-1.358663082122802734e+00,-1.027629017829895020e+00,-6.563493609428405762e-01,-8.621472120285034180e-01,-9.944117665290832520e-01,-6.111105084419250488e-01,-1.061045050621032715e+00,-7.693756222724914551e-01,-1.089489459991455078e+00,-6.357985734939575195e-01,-1.339488267898559570e+00,-6.175526380538940430e-01,-7.431142926216125488e-01,-1.269564628601074219e+00,-1.039209246635437012e+00,-7.209401726722717285e-01,-8.521676659584045410e-01
-9.669423103332519531e-01,-1.026821136474609375e+00,-9.173365235328674316e-01,-1.080139994621276855e+00,-6.887074112892150879e-01,-8.822853565216064453e-01,-6.484490036964416504e-01,-1.088065147399902344e+00,-9.465150833129882812e-01,-1.149446249008178711e+00,-8.809466361999511719e-01,-1.032521367073059082e+00,-9.746721386909484863e-01,-1.001109957695007324e+00,-1.034920573234558105e+00,-1.244395971298217773e+00,-1.365246295928955078e+00,-8.788996338844299316e-01,-7.286571860313415527e-01,-8.477545976638793945e-01
-8.224012851715087891e-01,-7.786675691604614258e-01,-9.740746617317199707e-01,-1.125337719917297363e+00,-1.259783864021301270e+00,-9.569441080093383789e-01,-4.948915243148803711e-01,-8.830107450485229492e-01,-1.115798711776733398e+00,-1.065580606460571289e+00,-7.343607544898986816e-01,-1.074783444404602051e+00,-1.037953138351440430e+00,-1.246935606002807617e+00,-1.014637112617492676e+00,-1.101680755615234375e+00,-9.792825579643249512e-01,-9.473470449447631836e-01,-1.082991242408752441e+00,-1.033919811248779297e+00
-1.099076867103576660e+00,-9.482997059822082520e-01,-1.212043762207031250e+00,-9.936106204986572266e-01,-4.133858084678649902e-01,-1.016238689422607422e+00,-8.245483040809631348e-01,-1.387382268905639648e+00,-1.089787006378173828e+00,-7.981815338134765625e-01,-9.194130301475524902e-01,-6.458207368850708008e-01,-7.783520221710205078e-01,-8.884083628654479980e-01,-4.398910701274871826e-01,-9.079056978225708008e-01,-1.136536478996276855e+00,-1.141321063041687012e+00,-6.817781925201416016e-01,-9.588991999626159668e-01
-6.563802957534790039e-01,-8.901239633560180664e-01,-9.728309512138366699e-01,-9.256766438484191895e-01,-1.224110364913940430e+00,-7.542609572410583496e-01,-5.578461885452270508e-01,-1.092076301574707031e+00,-1.163253664970397949e+00,-8.309570550918579102e-01,-1.021532177925109863e+00,-7.186785340309143066e-01,-9.316986799240112305e-01,-1.074164986610412598e+00,-9.451190829277038574e-01,-6.713826060295104980e-01,-1.126941084861755371e+00,-8.364659547805786133e-01,-1.026521801948547363e+00,-6.887124776840209961e-01
-1.122037649154663086e+00,-1.006111145019531250e+00,-1.044176459312438965e+00,-7.653174996376037598e-01,-8.948194384574890137e-01,-8.096891641616821289e-01,-8.583824634552001953e-01,-1.255137801170349121e+00,-1.138628721237182617e+00,-1.049975037574768066e+00,-1.322448015213012695e+00,-8.626846075057983398e-01,-5.915626287460327148e-01,-1.022111415863037109e+00,-6.390410661697387695e-01,-8.546910285949707031e-01,-7.691573500633239746e-01,-1.681462407112121582e+00,-9.111675620079040527e-01,-9.991680383682250977e-01
-1.143690943717956543e+00,-7.469932436943054199e-01,-8.787794113159179688e-01,-1.068357706069946289e+00,-6.477534174919128418e-01,-1.185120701789855957e+00,-8.415989279747009277e-01,-1.265686750411987305e+00,-4.290931224822998047e-01,-1.075461626052856445e+00,-7.835159301757812500e-01,-9.278101325035095215e-01,-1.092515349388122559e+00,-1.000277161598205566e+00,-7.148206830024719238e-01,-8.199816346168518066e-01,-1.080884575843811035e+00,-1.042930603027343750e+00,-1.087216734886169434e+00,-7.970084547996520996e-01
-1.205505967140197754e+00,-1.232883810997009277e+00,-1.055968284606933594e+00,-1.035397171974182129e+00,-8.182525634765625000e-01,-7.979035377502441406e-01,-1.179144263267517090e+00,-8.109105229377746582e-01,-1.075715422630310059e+00,-1.167418122291564941e+00,-1.339030742645263672e+00,-1.054516792297363281e+00,-8.226034045219421387e-01,-1.393586635589599609e+00,-1.011524081230163574e+00,-1.074085235595703125e+00,-1.006855249404907227e+00,-1.001468777656555176e+00,-9.814685583114624023e-01,-6.079003810882568359e-01
-1.132311701774597168e+00,-7.232965230941772461e-01,-8.606806993484497070e-01,-1.012061953544616699e+00,-1.083627343177795410e+00,-7.540651559829711914e-01,-4.836547374725341797e-01,-1.264421343803405762e+00,-7.476701140403747559e-01,-8.205104470252990723e-01,-5.917310714721679688e-01,-1.077927708625793457e+00,-1.049114227294921875e+00,-1.209460258483886719e+00,-7.623038291931152344e-01,-8.853907585144042969e-01,-9.906696677207946777e-01,-9.874144196510314941e-01,-1.120295047760009766e+00,-9.737244248390197754e-01
-1.158120632171630859e+00,-9.750874042510986328e-01,-1.098598718643188477e+00,-9.991823434829711914e-01,-6.112975478172302246e-01,-1.080441832542419434e+00,-1.008407831192016602e+00,-1.154546976089477539e+00,-1.097162723541259766e+00,-1.036049842834472656e+00,-8.310804963111877441e-01,-9.501407742500305176e-01,-1.348546504974365234e+00,-8.986047506332397461e-01,-1.556915044784545898e+00,-8.469913005828857422e-01,-8.074026107788085938e-01,-9.511826038360595703e-01,-7.951250672340393066e-01,-1.139140248298645020e+00
-1.038155555725097656e+00,-9.652152061462402344e-01,-9.914601445198059082e-01,-9.989246726036071777e-01,-8.191366195678710938e-01,-7.143592238426208496e-01,-1.227156758308410645e+00,-1.026125431060791016e+00,-1.213200807571411133e+00,-1.416216731071472168e+00,-9.330226778984069824e-01,-1.104151606559753418e+00,-1.273628592491149902e+00,-1.073197126388549805e+00,-1.038070678710937500e+00,-4.006966352462768555e-01,-1.389287829399108887e+00,-1.206540346145629883e+00,-8.960821032524108887e-01,-8.948395252227783203e-01
-9.004608392715454102e-01,-5.618397593498229980e-01,-7.814684510231018066e-01,-1.257280707359313965e+00,-9.416829347610473633e-01,-1.006545186042785645e+00,-7.640861272811889648e-01,-1.122416496276855469e+00,-1.056282520294189453e+00,-1.310076832771301270e+00,-7.495994567871093750e-01,-8.340349197387695312e-01,-1.128063917160034180e+00,-1.126089215278625488e+00,-8.408568501472473145e-01,-8.085692524909973145e-01,-1.387685060501098633e+00,-8.813087344169616699e-01,-9.116808176040649414e-01,-7.823330760002136230e-01
-7.409916520118713379e-01,-1.142297148704528809e+00,-8.175376653671264648e-01,-1.337877392768859863e+00,-1.043975949287414551e+00,-7.866979837417602539e-01,-1.002710700035095215e+00,-1.174314498901367188e+00,-8.659012913703918457e-01,-8.511912822723388672e-01,-7.921661734580993652e-01,-8.799129128456115723e-01,-9.006069898605346680e-01,-1.224127650260925293e+00,-1.216862797737121582e+00,-9.509264826774597168e-01,-1.549926161766052246e+00,-1.265038132667541504e+00,-4.053944349288940430e-01,-1.276131629943847656e+00
-8.617770075798034668e-01,-1.002656579017639160e+00,-6.403425931930541992e-01,-8.879620432853698730e-01,-7.586644291877746582e-01,-9.558241963386535645e-01,-1.036854028701782227e+00,-1.209467530250549316e+00,-8.451862931251525879e-01,-1.079085111618041992e+00,-1.040382027626037598e+00,-8.406577706336975098e-01,-9.219182729721069336e-01,-1.209810495376586914e+00,-8.572201728820800781e-01,-9.501318931579589844e-01,-1.019169569015502930e+00,-9.707226157188415527e-01,-1.264647483825683594e+00,-9.327911734580993652e-01
-9.077801704406738281e-01,-9.217471480369567871e-01,-1.041751861572265625e+00,-1.318333148956298828e+00,-9.804000258445739746e-01,-1.004083871841430664e+00,-8.955771327018737793e-01,-1.056972146034240723e+00,-1.226837396621704102e+00,-1.361466526985168457e+00,-1.161122441291809082e+00,-9.164699316024780273e-01,-1.282205462455749512e+00,-1.023630738258361816e+00,-1.168053388595581055e+00,-7.996616363525390625e-01,-1.085337519645690918e+00,-1.244032502174377441e+00,-1.171680212020874023e+00,-9.004305601119995117e-01
-9.509167075157165527e-01,-1.134185552597045898e+00,-1.000914573669433594e+00,-1.254225850105285645e+00,-9.050948023796081543e-01,-1.043838143348693848e+00,-8.337032198905944824e-01,-9.701273441314697266e-01,-7.804554700851440430e-01,-1.117590665817260742e+00,-8.264534473419189453e-01,-7.938091158866882324e-01,-4.710147976875305176e-01,-1.308481693267822266e+00,-1.039879441261291504e+00,-1.251453161239624023e+00,-9.520419836044311523e-01,-1.252770781517028809e+00,-7.810251116752624512e-01,-1.008526325225830078e+00
-5.607342720031738281e-01,-7.328752279281616211e-01,-7.347443103790283203e-01,-1.030391573905944824e+00,-9.451180100440979004e-01,-1.044167637825012207e+00,-6.903790235519409180e-01,-1.089519619941711426e+00,-1.092751383781433105e+00,-1.660528659820556641e+00,-8.528023362159729004e-01,-7.990791201591491699e-01,-8.316139578819274902e-01,-9.866587519645690918e-01,-1.038891077041625977e+00,-9.315312504768371582e-01,-1.061709403991699219e+00,-8.269469141960144043e-01,-1.276564598083496094e+00,-6.816394925117492676e-01
-7.464215755462646484e-01,-9.634948372840881348e-01,-1.007874488830566406e+00,-8.906931281089782715e-01,-8.638415336608886719e-01,-7.291380167007446289e-01,-1.330819129943847656e+00,-8.807944059371948242e-01,-1.111823081970214844e+00,-9.549240469932556152e-01,-9.167215824127197266e-01,-9.144160747528076172e-01,-6.883984208106994629e-01,-1.032494783401489258e+00,-5.434875488281250000e-01,-9.506797194480895996e-01,-1.275796532630920410e+00,-1.230012059211730957e+00,-9.242253899574279785e-01,-4.817291498184204102e-01
-1.033590793609619141e+00,-5.825680494308471680e-01,-1.195027232170104980e+00,-9.502679109573364258e-01,-9.403415918350219727e-01,-9.337103962898254395e-01,-7.297752499580383301e-01,-8.503115773200988770e-01,-1.308288216590881348e+00,-1.266819715499877930e+00,-9.138824343681335449e-01,-9.527496695518493652e-01,-1.219863295555114746e+00,-1.020075917243957520e+00,-1.220612883567810059e+00,-1.055427908897399902e+00,-9.677696228027343750e-01,-1.294663071632385254e+00,-1.165163516998291016e+00,-8.892959356307983398e-01
-1.177029967308044434e+00,-7.234488129615783691e-01,-9.567492008209228516e-01,-1.054407596588134766e+00,-9.153207540512084961e-01,-7.250302433967590332e-01,-8.139683008193969727e-01,-6.272258758544921875e-01,-1.057279109954833984e+00,-1.138132572174072266e+00,-1.260286808013916016e+00,-1.093863606452941895e+00,-8.412588238716125488e-01,-1.061098098754882812e+00,-6.536496877670288086e-01,-7.650049924850463867e-01,-7.930377125740051270e-01,-1.241678595542907715e+00,-1.034621953964233398e+00,-9.230054020881652832e-01
-1.208395957946777344e+00,-1.316532492637634277e+00,-1.268473505973815918e+00,-1.072091579437255859e+00,-8.820785880088806152e-01,-6.433560252189636230e-01,-7.013858556747436523e-01,-1.026692271232604980e+00,-1.136425375938415527e+00,-1.104296445846557617e+00,-1.284793853759765625e+00,-7.923836112022399902e-01,-7.780916094779968262e-01,-1.004798769950866699e+00,-9.140059947967529297e-01,-8.171668052673339844e-01,-1.036976099014282227e+00,-9.860183000564575195e-01,-8.933075070381164551e-01,-1.051369786262512207e+00
-1.248360514640808105e+00,-1.029931187629699707e+00,-8.899994492530822754e-01,-9.023367166519165039e-01,-1.013268232345581055e+00,-9.904906153678894043e-01,-1.131908178329467773e+00,-1.176719546318054199e+00,-6.079443097114562988e-01,-1.243261575698852539e+00,-8.181546330451965332e-01,-5.343763232231140137e-01,-1.064171314239501953e+00,-9.540745019912719727e-01,-9.263824224472045898e-01,-1.178060770034790039e+00,-6.937202215194702148e-01,-1.268471956253051758e+00,-1.015270590782165527e+00,-1.068886280059814453e+00
-5.342291593551635742e-01,-9.080149531364440918e-01,-8.926882743835449219e-01,-1.026726603507995605e+00,-9.628749489784240723e-01,-7.231973409652709961e-01,-6.210534572601318359e-01,-7.259360551834106445e-01,-9.370368123054504395e-01,-1.008498787879943848e+00,-8.212622404098510742e-01,-7.778384685516357422e-01,-7.295643687248229980e-01,-1.248132109642028809e+00,-5.047498345375061035e-01,-1.115894913673400879e+00,-1.618791699409484863e+00,-1.228948473930358887e+00,-9.559856653213500977e-01,-7.469817996025085449e-01
-8.827080130577087402e-01,-1.205461263656616211e+00,-1.290102720260620117e+00,-7.641634345054626465e-01,-1.222730636596679688e+00,-1.057838916778564453e+00,-1.073440909385681152e+00,-1.205371499061584473e+00,-1.187954545021057129e+00,-9.821472167968750000e-01,-8.671924471855163574e-01,-1.104197978973388672e+00,-1.181397199630737305e+00,-1.075163364410400391e+00,-1.178787708282470703e+00,-9.776616096496582031e-01,-1.382763743400573730e+00,-9.331678152084350586e-01,-8.865298628807067871e-01,-8.315081596374511719e-01
-9.745941162109375000e-01,-7.342493534088134766e-01,-1.064744472503662109e+00,-1.191805839538574219e+00,-8.109940886497497559e-01,-8.994707465171813965e-01,-1.149520754814147949e+00,-1.277911305427551270e+00,-1.566659092903137207e+00,-1.452791452407836914e+00,-9.779500961303710938e-01,-9.565591216087341309e-01,-1.199544429779052734e+00,-9.328897595405578613e-01,-6.654153466224670410e-01,-1.132163763046264648e+00,-8.973312973976135254e-01,-1.179125308990478516e+00,-1.131334543228149414e+00,-1.383315920829772949e+00
-6.098307967185974121e-01,-6.453945040702819824e-01,-1.427611589431762695e+00,-1.287295460700988770e+00,-9.495264887809753418e-01,-8.854767084121704102e-01,-6.640225648880004883e-01,-1.238139867782592773e+00,-8.310018181800842285e-01,-1.384896516799926758e+00,-1.127004742622375488e+00,-9.794234037399291992e-01,-9.975478053092956543e-01,-8.743625879287719727e-01,-9.854564666748046875e-01,-1.038959622383117676e+00,-8.835874795913696289e-01,-1.105661273002624512e+00,-7.375845313072204590e-01,-8.244590163230895996e-01
-1.080237388610839844e+00,-1.336220026016235352e+00,-9.046438336372375488e-01,-6.493614912033081055e-01,-7.972559332847595215e-01,-8.275950551033020020e-01,-1.058221101760864258e+00,-1.312132239341735840e+00,-9.967154860496520996e-01,-1.260196089744567871e+00,-8.003700971603393555e-01,-4.325155913829803467e-01,-9.683006405830383301e-01,-7.941670417785644531e-01,-9.295774698257446289e-01,-1.041941761970520020e+00,-8.974259495735168457e-01,-1.126563906669616699e+00,-8.165418505668640137e-01,-7.717632651329040527e-01
-1.001018881797790527e+00,-8.585081696510314941e-01,-8.407728672027587891e-01,-1.082839369773864746e+00,-5.594347119331359863e-01,-1.012912988662719727e+00,-7.046639919281005859e-01,-1.031638860702514648e+00,-1.049533605575561523e+00,-1.250201106071472168e+00,-7.716201543807983398e-01,-7.032966613769531250e-01,-8.661270141601562500e-01,-9.873575568199157715e-01,-1.385120034217834473e+00,-8.919073939323425293e-01,-4.902237653732299805e-01,-6.580434441566467285e-01,-1.049539327621459961e+00,-9.852107167243957520e-01
-7.571435570716857910e-01,-1.300262451171875000e+00,-9.509766697883605957e-01,-1.113423585891723633e+00,-1.076681137084960938e+00,-5.761798620223999023e-01,-7.269353866577148438e-01,-1.252024888992309570e+00,-1.302801132202148438e+00,-1.466204285621643066e+00,-1.056692481040954590e+00,-8.486601114273071289e-01,-1.122253894805908203e+00,-7.716498374938964844e-01,-8.950864076614379883e-01,-8.859331607818603516e-01,-1.224424242973327637e+00,-1.203302502632141113e+00,-1.104797482490539551e+00,-7.454215288162231445e-01
-1.055395007133483887e+00,-9.181046485900878906e-01,-6.662046313285827637e-01,-1.050858497619628906e+00,-1.099258303642272949e+00,-1.150728225708007812e+00,-9.448078870773315430e-01,-1.111482858657836914e+00,-9.476464986801147461e-01,-1.055937767028808594e+00,-1.122699618339538574e+00,-8.585593104362487793e-01,-7.419736385345458984e-01,-8.618139624595642090e-01,-6.155797243118286133e-01,-1.005814075469970703e+00,-1.143018245697021484e+00,-1.108358502388000488e+00,-9.980791211128234863e-01,-8.687507510185241699e-01
-1.205787420272827148e+00,-7.719025015830993652e-01,-8.501898646354675293e-01,-6.839734315872192383e-01,-6.019251942634582520e-01,-7.516821622848510742e-01,-9.857270717620849609e-01,-1.129909873008728027e+00,-1.284427642822265625e+00,-1.150628566741943359e+00,-8.470036387443542480e-01,-8.892679810523986816e-01,-5.783288478851318359e-01,-1.002193212509155273e+00,-9.840129017829895020e-01,-7.073363661766052246e-01,-8.753484487533569336e-01,-1.184978485107421875e+00,-6.969357728958129883e-01,-7.520322203636169434e-01
-9.163194894790649414e-01,-1.271239519119262695e+00,-1.101169228553771973e+00,-1.095745205879211426e+00,-8.974682092666625977e-01,-7.499933838844299316e-01,-7.515795230865478516e-01,-1.068425297737121582e+00,-1.294384002685546875e+00,-1.622344493865966797e+00,-7.766090035438537598e-01,-1.089016079902648926e+00,-9.875881671905517578e-01,-1.116937398910522461e+00,-9.463660120964050293e-01,-5.808153152465820312e-01,-1.369009971618652344e+00,-1.021422505378723145e+00,-6.072295308113098145e-01,-7.885363698005676270e-01
-1.025640487670898438e+00,-1.121573090553283691e+00,-1.318974137306213379e+00,-8.589663505554199219e-01,-7.926472425460815430e-01,-6.039813160896301270e-01,-8.871318697929382324e-01,-9.654290080070495605e-01,-9.211741685867309570e-01,-1.217754602432250977e+00,-1.059276342391967773e+00,-5.983641743659973145e-01,-8.680250048637390137e-01,-7.827691435813903809e-01,-7.427000999450683594e-01,-9.624812006950378418e-01,-1.599429726600646973e+00,-1.055696249008178711e+00,-1.123236060142517090e+00,-9.408771991729736328e-01
-1.068689823150634766e+00,-8.473187088966369629e-01,-8.948634266853332520e-01,-1.055979967117309570e+00,-7.795411944389343262e-01,-6.840639710426330566e-01,-6.950507760047912598e-01,-8.991425633430480957e-01,-9.949047565460205078e-01,-1.375820279121398926e+00,-1.133666872978210449e+00,-8.186053037643432617e-01,-1.021275520324707031e+00,-7.983147501945495605e-01,-7.954729795455932617e-01,-8.153635263442993164e-01,-1.041310429573059082e+00,-8.516185283660888672e-01,-8.539047837257385254e-01,-9.872566461563110352e-01
-8.968443274497985840e-01,-1.049530625343322754e+00,-7.530409097671508789e-01,-1.104369997978210449e+00,-8.444511890411376953e-01,-1.048572301864624023e+00,-9.949907064437866211e-01,-8.145350813865661621e-01,-9.873560070991516113e-01,-1.480599761009216309e+00,-9.309501051902770996e-01,-5.779993534088134766e-01,-9.390128850936889648e-01,-1.103936672210693359e+00,-8.829327225685119629e-01,-6.733419895172119141e-01,-1.368610262870788574e+00,-1.373203277587890625e+00,-9.642032980918884277e-01,-9.355869293212890625e-01
-6.161476969718933105e-01,-9.972910881042480469e-01,-1.101778268814086914e+00,-8.997281193733215332e-01,-6.976354718208312988e-01,-1.175967097282409668e+00,-7.017503380775451660e-01,-1.015204429626464844e+00,-1.452126502990722656e+00,-1.133731484413146973e+00,-1.047532677650451660e+00,-5.219588279724121094e-01,-5.753561258316040039e-01,-1.360827565193176270e+00,-9.300175309181213379e-01,-7.258155345916748047e-01,-9.927586317062377930e-01,-1.291165351867675781e+00,-9.859703183174133301e-01,-1.117471933364868164e+00
-5.486205816268920898e-01,-1.231320381164550781e+00,-8.330570459365844727e-01,-1.267867684364318848e+00,-1.146545171737670898e+00,-7.426332831382751465e-01,-9.781731367111206055e-01,-9.284051060676574707e-01,-9.887368083000183105e-01,-1.023073196411132812e+00,-1.258815646171569824e+00,-7.602038979530334473e-01,-6.096383929252624512e-01,-1.128060579299926758e+00,-1.151912093162536621e+00,-8.244661688804626465e-01,-9.917774796485900879e-01,-1.058275341987609863e+00,-9.410539865493774414e-01,-1.185851812362670898e+00
-8.073288202285766602e-01,-1.049361228942871094e+00,-7.271912693977355957e-01,-7.756147384643554688e-01,-7.312148809432983398e-01,-6.495403647422790527e-01,-5.447716712951660156e-01,-6.340310573577880859e-01,-1.075168251991271973e+00,-1.013328194618225098e+00,-7.396971583366394043e-01,-8.886620998382568359e-01,-5.647631883621215820e-01,-9.901890158653259277e-01,-7.885807156562805176e-01,-8.792114853858947754e-01,-5.356358885765075684e-01,-1.160883307456970215e+00,-5.809824466705322266e-01,-9.593079090118408203e-01
-8.603434562683105469e-01,-6.878681182861328125e-01,-1.295033335685729980e+00,-7.645529508590698242e-01,-7.986978888511657715e-01,-1.195083141326904297e+00,-8.528184890747070312e-01,-1.033454537391662598e+00,-8.391674160957336426e-01,-8.930590152740478516e-01,-8.646879792213439941e-01,-3.704502284526824951e-01,-9.491305947303771973e-01,-1.037797331809997559e+00,-8.997182846069335938e-01,-1.006412625312805176e+00,-9.220919013023376465e-01,-9.873638153076171875e-01,-5.858119130134582520e-01,-1.064159631729125977e+00
-9.661365151405334473e-01,-1.101646065711975098e+00,-1.207759499549865723e+00,-1.216112017631530762e+00,-1.257192254066467285e+00,-5.616782307624816895e-01,-6.130152940750122070e-01,-1.099181413650512695e+00,-6.647678613662719727e-01,-1.165002465248107910e+00,-7.822481989860534668e-01,-9.074622988700866699e-01,-1.232277274131774902e+00,-1.089873075485229492e+00,-1.003984808921813965e+00,-1.015495896339416504e+00,-1.015456199645996094e+00,-3.773103952407836914e-01,-9.475778341293334961e-01,-8.451822400093078613e-01
-8.805981278419494629e-01,-9.560168385505676270e-01,-9.432920217514038086e-01,-1.068394184112548828e+00,-7.003027796745300293e-01,-1.027040958404541016e+00,-6.840518712997436523e-01,-1.311977744102478027e+00,-9.075429439544677734e-01,-1.051876783370971680e+00,-1.094106078147888184e+00,-1.167304396629333496e+00,-7.197505235671997070e-01,-1.153236746788024902e+00,-8.955320119857788086e-01,-8.407356739044189453e-01,-8.967327475547790527e-01,-1.615049123764038086e+00,-7.146423459053039551e-01,-8.824484348297119141e-01
-9.664136171340942383e-01,-9.426023364067077637e-01,-7.279855608940124512e-01,-8.656770586967468262e-01,-9.535677433013916016e-01,-7.052850127220153809e-01,-8.285930156707763672e-01,-8.962704539299011230e-01,-1.020878911018371582e+00,-1.138623476028442383e+00,-1.008333683013916016e+00,-8.296025395393371582e-01,-1.283248543739318848e+00,-8.626206517219543457e-01,-9.266883730888366699e-01,-9.651769995689392090e-01,-1.227395772933959961e+00,-1.042702674865722656e+00,-8.564152717590332031e-01,-8.915882110595703125e-01
-6.526514291763305664e-01,-1.207684874534606934e+00,-1.317901849746704102e+00,-7.755419015884399414e-01,-1.137609601020812988e+00,-8.640570044517517090e-01,-7.953659892082214355e-01,-9.512406587600708008e-01,-7.862453460693359375e-01,-1.341152906417846680e+00,-1.123904705047607422e+00,-1.001976132392883301e+00,-1.021328687667846680e+00,-8.376230597496032715e-01,-8.275705575942993164e-01,-1.069999933242797852e+00,-9.731661677360534668e-01,-8.127265572547912598e-01,-7.667222619056701660e-01,-8.755326867103576660e-01
-1.017381906509399414e+00,-7.545287609100341797e-01,-1.227181434631347656e+00,-7.065122723579406738e-01,-8.896545767784118652e-01,-9.877610206604003906e-01,-1.102585673332214355e+00,-8.006488084793090820e-01,-8.796325325965881348e-01,-1.175390839576721191e+00,-1.204309225082397461e+00,-1.319596648216247559e+00,-8.355644941329956055e-01,-9.568719863891601562e-01,-1.044850111007690430e+00,-1.150747418403625488e+00,-9.289187192916870117e-01,-9.421929717063903809e-01,-9.271140098571777344e-01,-6.976032257080078125e-01
-8.696500658988952637e-01,-6.455771923065185547e-01,-7.357703447341918945e-01,-1.180745244026184082e+00,-1.046909213066101074e+00,-9.333166480064392090e-01,-9.752960205078125000e-01,-1.049334049224853516e+00,-8.170272111892700195e-01,-1.087743759155273438e+00,-9.961517453193664551e-01,-5.477326512336730957e-01,-7.170236706733703613e-01,-9.369994997978210449e-01,-9.863252639770507812e-01,-8.506005406379699707e-01,-1.070464134216308594e+00,-1.037935137748718262e+00,-9.707216620445251465e-01,-8.935369849205017090e-01
-1.393815040588378906e+00,-9.867851734161376953e-01,-1.076142430305480957e+00,-7.045935988426208496e-01,-5.257996320724487305e-01,-8.713943958282470703e-01,-7.614332437515258789e-01,-1.174261093139648438e+00,-1.017791867256164551e+00,-1.211240172386169434e+00,-6.970015168190002441e-01,-8.952431082725524902e-01,-7.595722079277038574e-01,-1.013921737670898438e+00,-5.507171750068664551e-01,-1.104330420494079590e+00,-8.210332393646240234e-01,-1.218275070190429688e+00,-9.484630227088928223e-01,-1.053477168083190918e+00
-1.186656236648559570e+00,-9.713891744613647461e-01,-9.422184228897094727e-01,-7.651500701904296875e-01,-9.165352582931518555e-01,-5.903189182281494141e-01,-8.835468888282775879e-01,-8.755367398262023926e-01,-1.002896070480346680e+00,-8.121588826179504395e-01,-8.725494742393493652e-01,-6.315634250640869141e-01,-1.151187539100646973e+00,-1.149891614913940430e+00,-7.837685942649841309e-01,-1.167434215545654297e+00,-1.011085271835327148e+00,-8.382100462913513184e-01,-1.164426445960998535e+00,-9.218484163284301758e-01
-1.427936196327209473e+00,-1.048199534416198730e+00,-1.436893343925476074e+00,-1.042189478874206543e+00,-5.331896543502807617e-01,-1.183796405792236328e+00,-8.341369032859802246e-01,-1.072658419609069824e+00,-7.824791073799133301e-01,-1.489379763603210449e+00,-7.978632450103759766e-01,-1.048921108245849609e+00,-8.559919595718383789e-01,-1.060089707374572754e+00,-7.972434163093566895e-01,-6.699064970016479492e-01,-1.028735399246215820e+00,-1.181368231773376465e+00,-9.949241876602172852e-01,-7.666071057319641113e-01
-1.167493104934692383e+00,-8.746944069862365723e-01,-1.099759817123413086e+00,-8.912654519081115723e-01,-9.204638004302978516e-01,-8.265891075134277344e-01,-8.846758008003234863e-01,-1.019287824630737305e+00,-1.061653614044189453e+00,-1.214578151702880859e+00,-1.187150001525878906e+00,-1.213150143623352051e+00,-9.904658794403076172e-01,-1.117458462715148926e+00,-8.370519280433654785e-01,-1.071220636367797852e+00,-1.021762847900390625e+00,-1.463284134864807129e+00,-1.184504508972167969e+00,-1.082264184951782227e+00
-1.173151135444641113e+00,-1.185111522674560547e+00,-8.231279850006103516e-01,-6.773054003715515137e-01,-8.259471058845520020e-01,-6.313900947570800781e-01,-9.075412750244140625e-01,-1.379677653312683105e+00,-1.408714056015014648e+00,-1.421491503715515137e+00,-4.248640537261962891e-01,-8.026841282844543457e-01,-6.642404198646545410e-01,-8.937711119651794434e-01,-1.151964902877807617e+00,-6.771862506866455078e-01,-8.822644352912902832e-01,-6.992725729942321777e-01,-9.967014789581298828e-01,-8.724218606948852539e-01
-1.281344890594482422e+00,-1.069541215896606445e+00,-8.125718832015991211e-01,-1.040143609046936035e+00,-1.283207297325134277e+00,-5.547866225242614746e-01,-1.126881837844848633e+00,-1.126016616821289062e+00,-9.745854139328002930e-01,-1.664657115936279297e+00,-1.018849253654479980e+00,-1.049566030502319336e+00,-4.302547872066497803e-01,-8.365425467491149902e-01,-5.016877651214599609e-01,-1.008595705032348633e+00,-7.246965169906616211e-01,-9.111933708190917969e-01,-9.416275620460510254e-01,-6.667581796646118164e-01
-8.707016110420227051e-01,-1.010231852531433105e+00,-1.163567900657653809e+00,-1.514179110527038574e+00,-9.507363438606262207e-01,-7.199166417121887207e-01,-1.071236014366149902e+00,-1.008081078529357910e+00,-1.036294937133789062e+00,-1.182149887084960938e+00,-1.170920968055725098e+00,-6.104969382286071777e-01,-8.733710646629333496e-01,-9.794149994850158691e-01,-9.933619499206542969e-01,-8.498203754425048828e-01,-1.290550112724304199e+00,-1.029165267944335938e+00,-8.104004263877868652e-01,-9.505535364151000977e-01
-7.158755064010620117e-01,-8.899129033088684082e-01,-9.856083989143371582e-01,-7.328506708145141602e-01,-5.611656904220581055e-01,-1.001851677894592285e+00,-1.123442769050598145e+00,-1.224286556243896484e+00,-5.867143273353576660e-01,-9.521574974060058594e-01,-8.862968087196350098e-01,-8.209359049797058105e-01,-7.242651581764221191e-01,-1.197656154632568359e+00,-1.317013621330261230e+00,-1.143164753913879395e+00,-1.189188361167907715e+00,-1.409511446952819824e+00,-7.587122917175292969e-01,-9.401822686195373535e-01
-8.807345628738403320e-01,-9.697934985160827637e-01,-9.198525547981262207e-01,-7.702579498291015625e-01,-6.653643250465393066e-01,-6.241037845611572266e-01,-1.000617861747741699e+00,-1.199364185333251953e+00,-1.068918108940124512e+00,-1.081189274787902832e+00,-8.169204592704772949e-01,-1.065439343452453613e+00,-1.095054507255554199e+00,-9.242190718650817871e-01,-7.467358708381652832e-01,-8.672433495521545410e-01,-1.000563859939575195e+00,-1.314144968986511230e+00,-7.456004619598388672e-01,-7.523993253707885742e-01
-9.252747893333435059e-01,-1.309215426445007324e+00,-8.247676491737365723e-01,-1.064025998115539551e+00,-5.548257827758789062e-01,-9.894520640373229980e-01,-5.270780324935913086e-01,-1.227228045463562012e+00,-1.339692950248718262e+00,-1.102232217788696289e+00,-7.464787960052490234e-01,-1.249257564544677734e+00,-7.914986610412597656e-01,-1.038442850112915039e+00,-8.703244924545288086e-01,-9.697304368019104004e-01,-1.410353779792785645e+00,-1.139412522315979004e+00,-1.095348834991455078e+00,-9.869862198829650879e-01
-1.221196174621582031e+00,-1.197503924369812012e+00,-1.582298874855041504e+00,-8.056860566139221191e-01,-8.382514715194702148e-01,-1.295447707176208496e+00,-3.093482553958892822e-01,-9.719023704528808594e-01,-1.152124404907226562e+00,-1.548809170722961426e+00,-1.115755200386047363e+00,-1.126134157180786133e+00,-6.859701871871948242e-01,-9.334878325462341309e-01,-9.264726638793945312e-01,-5.261699557304382324e-01,-9.388723373413085938e-01,-1.087940335273742676e+00,-9.783689379692077637e-01,-6.633720397949218750e-01
-8.676650524139404297e-01,-8.124032616615295410e-01,-8.751490116119384766e-01,-1.231125473976135254e+00,-1.415424704551696777e+00,-1.014232158660888672e+00,-1.120517969131469727e+00,-1.123845696449279785e+00,-1.162066459655761719e+00,-1.049638628959655762e+00,-9.784758687019348145e-01,-1.053696155548095703e+00,-1.111230134963989258e+00,-8.044372200965881348e-01,-7.423086166381835938e-01,-1.135853171348571777e+00,-1.064778327941894531e+00,-7.951709032058715820e-01,-7.240139842033386230e-01,-9.890305399894714355e-01
-1.123552560806274414e+00,-1.050414800643920898e+00,-7.779304385185241699e-01,-1.039554357528686523e+00,-9.186027050018310547e-01,-8.508455157279968262e-01,-6.744457483291625977e-01,-9.687636494636535645e-01,-9.951717257499694824e-01,-1.209910273551940918e+00,-1.027231574058532715e+00,-4.820463955402374268e-01,-7.932452559471130371e-01,-1.237378597259521484e+00,-1.262338161468505859e+00,-1.052311778068542480e+00,-1.256959676742553711e+00,-9.557703733444213867e-01,-1.017527580261230469e+00,-8.506343960762023926e-01
-9.725434780120849609e-01,-9.094602465629577637e-01,-1.229655861854553223e+00,-8.534153103828430176e-01,-9.411815404891967773e-01,-9.152920246124267578e-01,-1.095813751220703125e+00,-8.152619004249572754e-01,-9.384339451789855957e-01,-8.926580548286437988e-01,-9.711035490036010742e-01,-1.014574885368347168e+00,-7.714365720748901367e-01,-1.002933502197265625e+00,-1.055654048919677734e+00,-9.463068246841430664e-01,-1.177776455879211426e+00,-8.466628193855285645e-01,-9.900928139686584473e-01,-8.912269473075866699e-01
-1.060136675834655762e+00,-7.088751196861267090e-01,-1.067376136779785156e+00,-1.092065811157226562e+00,-1.272218585014343262e+00,-7.475868463516235352e-01,-8.905435204505920410e-01,-1.364930033683776855e+00,-7.519624829292297363e-01,-1.411788582801818848e+00,-8.400722742080688477e-01,-1.118881225585937500e+00,-9.737817645072937012e-01,-8.444232344627380371e-01,-9.483940601348876953e-01,-1.427120566368103027e+00,-1.138558268547058105e+00,-1.153199076652526855e+00,-6.121388077735900879e-01,-1.319396853446960449e+00
-1.177795052528381348e+00,-7.510177493095397949e-01,-1.174275040626525879e+00,-1.141089797019958496e+00,-9.724274277687072754e-01,-9.898291826248168945e-01,-1.079593420028686523e+00,-9.885288476943969727e-01,-1.238227844238281250e+00,-1.137443304061889648e+00,-1.235165119171142578e+00,-9.472270011901855469e-01,-7.302728891372680664e-01,-1.215411663055419922e+00,-6.777443885803222656e-01,-8.395654559135437012e-01,-1.086607456207275391e+00,-8.230452537536621094e-01,-1.085052967071533203e+00,-8.753356337547302246e-01
-1.055882573127746582e+00,-1.121193289756774902e+00,-1.245471358299255371e+00,-1.117469787597656250e+00,-1.133221268653869629e+00,-5.591203570365905762e-01,-1.060853123664855957e+00,-1.043752193450927734e+00,-7.562584877014160156e-01,-1.377987623214721680e+00,-9.464931488037109375e-01,-7.404073476791381836e-01,-5.681018233299255371e-01,-1.268943309783935547e+00,-1.145931363105773926e+00,-5.960355401039123535e-01,-1.109189987182617188e+00,-8.037514686584472656e-01,-9.997969865798950195e-01,-8.487787246704101562e-01
-8.798342347145080566e-01,-1.135364890098571777e+00,-8.676605820655822754e-01,-1.317662477493286133e+00,-1.129866003990173340e+00,-8.584553003311157227e-01,-8.467657566070556641e-01,-1.028516650199890137e+00,-8.531181216239929199e-01,-1.038490176200866699e+00,-8.208044171333312988e-01,-9.353383779525756836e-01,-9.500191211700439453e-01,-1.040716528892517090e+00,-8.170084953308105469e-01,-9.545741081237792969e-01,-1.048354387283325195e+00,-9.650403857231140137e-01,-1.102494478225708008e+00,-1.421003937721252441e+00
-1.191048622131347656e+00,-9.342831373214721680e-01,-8.348116278648376465e-01,-1.024710416793823242e+00,-9.259890317916870117e-01,-7.574064731597900391e-01,-8.927549123764038086e-01,-9.577935338020324707e-01,-1.086611509323120117e+00,-8.808618783950805664e-01,-8.242055177688598633e-01,-5.973339676856994629e-01,-9.465400576591491699e-01,-7.893615365028381348e-01,-9.583264589309692383e-01,-6.812453866004943848e-01,-1.102471590042114258e+00,-1.175281763076782227e+00,-1.432602524757385254e+00,-6.920696496963500977e-01
-8.261592984199523926e-01,-9.018936753273010254e-01,-1.019233584403991699e+00,-7.662814259529113770e-01,-6.893249154090881348e-01,-9.936615228652954102e-01,-7.928154468536376953e-01,-1.021551132202148438e+00,-9.742531180381774902e-01,-1.019621610641479492e+00,-7.126093506813049316e-01,-7.194671630859375000e-01,-6.035462617874145508e-01,-1.105190396308898926e+00,-1.061334729194641113e+00,-8.392394781112670898e-01,-1.038666605949401855e+00,-9.744913578033447266e-01,-1.125442624092102051e+00,-1.046197056770324707e+00
-1.030114769935607910e+00,-1.191669940948486328e+00,-1.060855746269226074e+00,-8.026202917098999023e-01,-7.050141692161560059e-01,-1.250559806823730469e+00,-6.126011610031127930e-01,-1.216449022293090820e+00,-1.135689973831176758e+00,-1.384259343147277832e+00,-7.242254018783569336e-01,-8.777321577072143555e-01,-5.759405493736267090e-01,-1.496419668197631836e+00,-1.091152429580688477e+00,-1.026326894760131836e+00,-8.833781480789184570e-01,-8.767185807228088379e-01,-8.140861392021179199e-01,-7.936444878578186035e-01
-1.138708353042602539e+00,-8.486161828041076660e-01,-1.208411455154418945e+00,-1.019412636756896973e+00,-9.721008539199829102e-01,-1.167578577995300293e+00,-9.856196045875549316e-01,-1.152126908302307129e+00,-9.214298725128173828e-01,-1.356637001037597656e+00,-9.663483500480651855e-01,-9.443747401237487793e-01,-1.280143022537231445e+00,-9.620302915573120117e-01,-1.002349615097045898e+00,-1.063879132270812988e+00,-9.340645670890808105e-01,-9.274684786796569824e-01,-1.248603940010070801e+00,-9.446229338645935059e-01
-7.720125913619995117e-01,-8.425120711326599121e-01,-6.914880871772766113e-01,-9.868711233139038086e-01,-8.009122014045715332e-01,-9.654378890991210938e-01,-9.799886345863342285e-01,-8.961777687072753906e-01,-1.113344788551330566e+00,-1.088293075561523438e+00,-8.343649506568908691e-01,-1.010781168937683105e+00,-8.503965735435485840e-01,-1.218027949333190918e+00,-9.562764167785644531e-01,-6.266388297080993652e-01,-5.816655755043029785e-01,-1.157288312911987305e+00,-7.396997213363647461e-01,-7.413442134857177734e-01
-9.074391126632690430e-01,-8.653808236122131348e-01,-1.406654596328735352e+00,-1.538869976997375488e+00,-9.252015948295593262e-01,-4.376510679721832275e-01,-9.851987361907958984e-01,-9.296626448631286621e-01,-1.124853730201721191e+00,-1.361768126487731934e+00,-6.634215116500854492e-01,-1.116880059242248535e+00,-8.601003289222717285e-01,-8.341922163963317871e-01,-1.111823320388793945e+00,-8.718226552009582520e-01,-8.267918229103088379e-01,-8.933054804801940918e-01,-7.862730026245117188e-01,-1.020747065544128418e+00
-6.943339109420776367e-01,-1.255635023117065430e+00,-7.157629728317260742e-01,-9.024267196655273438e-01,-9.060727953910827637e-01,-7.250641584396362305e-01,-1.010228157043457031e+00,-1.100742578506469727e+00,-8.290231227874755859e-01,-1.433459997177124023e+00,-1.167279005050659180e+00,-8.820360898971557617e-01,-8.323763012886047363e-01,-1.221776843070983887e+00,-1.080684185028076172e+00,-8.412213325500488281e-01,-1.070101380348205566e+00,-8.866844177246093750e-01,-9.536449313163757324e-01,-9.140074849128723145e-01
-1.306462526321411133e+00,-4.737535417079925537e-01,-1.110286712646484375e+00,-1.000845670700073242e+00,-9.002717733383178711e-01,-8.586111068725585938e-01,-9.246821403503417969e-01,-1.055927038192749023e+00,-1.519512295722961426e+00,-9.833667874336242676e-01,-1.115705594420433044e-01,-6.080294847488403320e-01,-4.497772455215454102e-01,-9.878053665161132812e-01,-1.191436529159545898e+00,-8.530173301696777344e-01,-7.036576271057128906e-01,-1.139971494674682617e+00,-1.104128241539001465e+00,-1.250034093856811523e+00
-1.103500962257385254e+00,-1.048509240150451660e+00,-1.053874373435974121e+00,-8.983232975006103516e-01,-1.141653180122375488e+00,-7.824198007583618164e-01,-7.615253925323486328e-01,-1.016000151634216309e+00,-9.510903954505920410e-01,-1.181531190872192383e+00,-1.121002793312072754e+00,-6.576817631721496582e-01,-9.907089471817016602e-01,-4.863182008266448975e-01,-1.009831190109252930e+00,-9.247865080833435059e-01,-7.584885954856872559e-01,-9.619535803794860840e-01,-9.645313620567321777e-01,-6.287596821784973145e-01
-9.377644658088684082e-01,-1.135022759437561035e+00,-8.562809824943542480e-01,-1.129802107810974121e+00,-9.000452756881713867e-01,-1.090281248092651367e+00,-1.469323277473449707e+00,-1.421743988990783691e+00,-7.041037678718566895e-01,-1.261380434036254883e+00,-1.079413533210754395e+00,-5.431473851203918457e-01,-5.507505536079406738e-01,-7.080029249191284180e-01,-9.004987478256225586e-01,-8.592765927314758301e-01,-1.106442570686340332e+00,-1.173396348953247070e+00,-2.634199559688568115e-01,-7.696712613105773926e-01
-9.809015989303588867e-01,-9.103565812110900879e-01,-9.733156561851501465e-01,-1.061665177345275879e+00,-7.105801701545715332e-01,-9.655169844627380371e-01,-8.968183398246765137e-01,-1.154683828353881836e+00,-9.851434230804443359e-01,-1.314758896827697754e+00,-1.435589790344238281e+00,-9.752929210662841797e-01,-7.985791563987731934e-01,-1.068856716156005859e+00,-8.891637921333312988e-01,-1.012033700942993164e+00,-1.206831693649291992e+00,-1.015063405036926270e+00,-9.797146916389465332e-01,-9.107400178909301758e-01
-7.795989513397216797e-01,-9.767670631408691406e-01,-6.645910143852233887e-01,-1.029711127281188965e+00,-8.963577747344970703e-01,-8.779093027114868164e-01,-8.654698729515075684e-01,-1.039090991020202637e+00,-1.141415953636169434e+00,-1.339297533035278320e+00,-1.106022953987121582e+00,-1.008206605911254883e+00,-1.052794098854064941e+00,-1.033370494842529297e+00,-9.706152081489562988e-01,-9.629040360450744629e-01,-1.404074668884277344e+00,-9.486519694328308105e-01,-8.384482264518737793e-01,-7.641467452049255371e-01
-1.334841966629028320e+00,-7.985526323318481445e-01,-1.212852001190185547e+00,-1.079749345779418945e+00,-6.346724629402160645e-01,-1.011509656906127930e+00,-9.400841593742370605e-01,-1.072701215744018555e+00,-1.387204885482788086e+00,-1.309348106384277344e+00,-7.667846679687500000e-01,-7.542041540145874023e-01,-8.457730412483215332e-01,-8.924618959426879883e-01,-7.837690711021423340e-01,-9.516480565071105957e-01,-9.439336061477661133e-01,-1.181404709815979004e+00,-7.755990028381347656e-01,-6.612868905067443848e-01
-8.614408969879150391e-01,-1.003734469413757324e+00,-8.108857274055480957e-01,-1.056148409843444824e+00,-9.331058263778686523e-01,-4.959449768066406250e-01,-9.404031038284301758e-01,-1.065646290779113770e+00,-1.027745246887207031e+00,-8.676095604896545410e-01,-9.341641068458557129e-01,-8.891615271568298340e-01,-9.714897274971008301e-01,-9.554513692855834961e-01,-5.941066145896911621e-01,-1.074571847915649414e+00,-1.197955012321472168e+00,-7.103260159492492676e-01,-1.078225970268249512e+00,-1.100997567176818848e+00
-8.960634469985961914e-01,-9.646600484848022461e-01,-9.656583070755004883e-01,-1.131206989288330078e+00,-8.685713410377502441e-01,-1.035142183303833008e+00,-7.475294470787048340e-01,-1.614683747291564941e+00,-8.071438074111938477e-01,-1.380655765533447266e+00,-7.992979884147644043e-01,-1.168445825576782227e+00,-7.804556488990783691e-01,-7.559168338775634766e-01,-1.205378890037536621e+00,-1.509464263916015625e+00,-1.020473718643188477e+00,-1.370900750160217285e+00,-9.418616294860839844e-01,-7.148844003677368164e-01
-1.012071371078491211e+00,-9.133808016777038574e-01,-1.261988520622253418e+00,-1.091229557991027832e+00,-7.901356816291809082e-01,-1.179977178573608398e+00,-8.399163484573364258e-01,-8.430806398391723633e-01,-9.961951971054077148e-01,-9.986897110939025879e-01,-1.070024490356445312e+00,-9.423758387565612793e-01,-7.293233871459960938e-01,-1.373122334480285645e+00,-1.182883739471435547e+00,-1.174553275108337402e+00,-9.938995242118835449e-01,-9.265833497047424316e-01,-8.862667679786682129e-01,-1.320678830146789551e+00
-1.037071228027343750e+00,-6.572036743164062500e-01,-7.894131541252136230e-01,-9.461635351181030273e-01,-9.133470058441162109e-01,-7.625271081924438477e-01,-7.307896018028259277e-01,-1.138919115066528320e+00,-6.155514121055603027e-01,-1.260118603706359863e+00,-8.455319404602050781e-01,-8.662089705467224121e-01,-8.271264433860778809e-01,-1.041442275047302246e+00,-8.359066247940063477e-01,-7.827797532081604004e-01,-9.545456767082214355e-01,-1.495431900024414062e+00,-8.739313483238220215e-01,-6.689908504486083984e-01
-7.609177827835083008e-01,-1.079215168952941895e+00,-9.261142611503601074e-01,-6.587857007980346680e-01,-5.064263343811035156e-01,-1.036660075187683105e+00,-1.204916834831237793e+00,-8.700864315032958984e-01,-6.341043710708618164e-01,-1.390745878219604492e+00,-1.099184870719909668e+00,-6.480341553688049316e-01,-8.650411963462829590e-01,-1.348182439804077148e+00,-6.797203421592712402e-01,-1.066407918930053711e+00,-9.108529686927795410e-01,-1.111360311508178711e+00,-1.388597846031188965e+00,-1.241808056831359863e+00
-1.451051592826843262e+00,-1.183057427406311035e+00,-1.407447576522827148e+00,-7.463206648826599121e-01,-8.286914825439453125e-01,-7.516678571701049805e-01,-5.381721258163452148e-01,-1.183588266372680664e+00,-9.063059091567993164e-01,-1.476855635643005371e+00,-9.586886763572692871e-01,-9.120804667472839355e-01,-8.962000012397766113e-01,-8.164538741111755371e-01,-9.242980480194091797e-01,-1.378295779228210449e+00,-1.161859631538391113e+00,-7.260847687721252441e-01,-8.777739405632019043e-01,-5.540850758552551270e-01
-9.791170954704284668e-01,-1.256133913993835449e+00,-9.979991912841796875e-01,-6.757486462593078613e-01,-1.083922743797302246e+00,-1.018347740173339844e+00,-7.826458215713500977e-01,-1.126037001609802246e+00,-1.063169598579406738e+00,-1.225998759269714355e+00,-1.023300647735595703e+00,-8.154698610305786133e-01,-7.734456658363342285e-01,-1.003019571304321289e+00,-8.504481911659240723e-01,-9.057002663612365723e-01,-1.248604655265808105e+00,-1.207144141197204590e+00,-7.568898200988769531e-01,-8.277233242988586426e-01
-1.055951118469238281e+00,-1.055717587471008301e+00,-9.674141407012939453e-01,-6.345340013504028320e-01,-7.730868458747863770e-01,-8.683519363403320312e-01,-6.023586392402648926e-01,-1.075661301612854004e+00,-1.096327066421508789e+00,-1.174851059913635254e+00,-8.162344098091125488e-01,-1.177117466926574707e+00,-8.399670124053955078e-01,-9.536157250404357910e-01,-9.337061643600463867e-01,-1.140885829925537109e+00,-1.156408429145812988e+00,-1.145129203796386719e+00,-1.119688272476196289e+00,-4.460542798042297363e-01
-1.202955722808837891e+00,-9.074016213417053223e-01,-1.159064769744873047e+00,-5.846858620643615723e-01,-1.015945315361022949e+00,-8.832737803459167480e-01,-7.837120294570922852e-01,-9.440801143646240234e-01,-8.091043829917907715e-01,-9.409342408180236816e-01,-1.295341372489929199e+00,-6.379781961441040039e-01,-7.645855545997619629e-01,-1.231482148170471191e+00,-1.132811188697814941e+00,-1.235960721969604492e+00,-1.086505055427551270e+00,-1.023524641990661621e+00,-1.142442464828491211e+00,-6.385209560394287109e-01
-7.589442729949951172e-01,-9.603708982467651367e-01,-1.310492753982543945e+00,-7.035214304924011230e-01,-9.087430834770202637e-01,-6.517003178596496582e-01,-1.127195119857788086e+00,-1.142667651176452637e+00,-9.335327148437500000e-01,-1.089693784713745117e+00,-1.020085930824279785e+00,-1.191202402114868164e+00,-7.626944184303283691e-01,-9.427688717842102051e-01,-1.051835894584655762e+00,-8.679403066635131836e-01,-5.158565044403076172e-01,-1.033172369003295898e+00,-9.015116095542907715e-01,-9.235885739326477051e-01
-8.272864222526550293e-01,-1.208814501762390137e+00,-1.054876327514648438e+00,-1.281595230102539062e+00,-6.172046661376953125e-01,-1.118830800056457520e+00,-1.014649391174316406e+00,-1.117847800254821777e+00,-1.062563061714172363e+00,-1.357245802879333496e+00,-9.577251076698303223e-01,-1.069442629814147949e+00,-8.123245835304260254e-01,-1.419670701026916504e+00,-1.049027562141418457e+00,-1.194795370101928711e+00,-8.931096196174621582e-01,-1.308422684669494629e+00,-6.754069328308105469e-01,-4.039416611194610596e-01
-9.104046821594238281e-01,-1.042895078659057617e+00,-1.442968249320983887e+00,-1.061199545860290527e+00,-7.321240901947021484e-01,-1.001957416534423828e+00,-8.914874792098999023e-01,-9.612065553665161133e-01,-1.185531377792358398e+00,-1.858335614204406738e+00,-9.110074043273925781e-01,-9.842511415481567383e-01,-9.166221022605895996e-01,-9.399836063385009766e-01,-9.179508090019226074e-01,-8.160148859024047852e-01,-1.389458060264587402e+00,-7.212904691696166992e-01,-1.542931556701660156e+00,-1.269230604171752930e+00
-1.045386075973510742e+00,-7.293689250946044922e-01,-1.366669297218322754e+00,-9.965457320213317871e-01,-1.038668632507324219e+00,-1.014922618865966797e+00,-9.542882442474365234e-01,-8.733034133911132812e-01,-1.245863199234008789e+00,-1.393748521804809570e+00,-1.086021661758422852e+00,-8.405374288558959961e-01,-8.448083996772766113e-01,-1.123751401901245117e+00,-1.193458676338195801e+00,-8.538483381271362305e-01,-7.157384157180786133e-01,-1.302695035934448242e+00,-9.245321750640869141e-01,-8.605109453201293945e-01
-1.177004933357238770e+00,-1.151173353195190430e+00,-1.137010574340820312e+00,-7.808875441551208496e-01,-8.726068735122680664e-01,-7.899780869483947754e-01,-4.789092540740966797e-01,-1.167057156562805176e+00,-7.384368181228637695e-01,-1.137153267860412598e+00,-5.076784491539001465e-01,-1.111541032791137695e+00,-4.891893565654754639e-01,-8.654800057411193848e-01,-8.621333837509155273e-01,-6.881539821624755859e-01,-7.136538028717041016e-01,-1.230311751365661621e+00,-9.261916279792785645e-01,-7.496184110641479492e-01
-9.351596832275390625e-01,-1.169296503067016602e+00,-9.861340522766113281e-01,-9.210855960845947266e-01,-8.706108927726745605e-01,-1.026938557624816895e+00,-7.807251811027526855e-01,-1.395341277122497559e+00,-1.050368666648864746e+00,-1.352412939071655273e+00,-9.299657940864562988e-01,-8.724365234375000000e-01,-9.740068316459655762e-01,-9.566405415534973145e-01,-7.616756558418273926e-01,-1.054079532623291016e+00,-7.731462121009826660e-01,-1.189890861511230469e+00,-1.093456745147705078e+00,-9.387834668159484863e-01
-1.103656530380249023e+00,-1.143894076347351074e+00,-1.212837100028991699e+00,-9.280438423156738281e-01,-7.956394553184509277e-01,-7.593452334403991699e-01,-1.025522470474243164e+00,-1.125929951667785645e+00,-8.907572627067565918e-01,-1.207796335220336914e+00,-9.913741350173950195e-01,-8.364061117172241211e-01,-1.069981932640075684e+00,-9.611133933067321777e-01,-9.347808361053466797e-01,-8.283977508544921875e-01,-1.203981041908264160e+00,-7.789680957794189453e-01,-1.003131866455078125e+00,-7.594451904296875000e-01
-8.615596294403076172e-01,-1.069560766220092773e+00,-1.262969017028808594e+00,-6.244803667068481445e-01,-8.486132025718688965e-01,-8.041800856590270996e-01,-1.056541204452514648e+00,-8.390132784843444824e-01,-1.229076147079467773e+00,-9.666447043418884277e-01,-1.194989919662475586e+00,-6.066886186599731445e-01,-5.688983798027038574e-01,-1.243104934692382812e+00,-9.670882821083068848e-01,-9.369860291481018066e-01,-1.234299182891845703e+00,-8.219476342201232910e-01,-9.188506007194519043e-01,-8.162611126899719238e-01
-1.064737677574157715e+00,-1.214814186096191406e+00,-9.761772751808166504e-01,-9.625179171562194824e-01,-7.623550295829772949e-01,-5.133405923843383789e-01,-1.079069137573242188e+00,-1.095835566520690918e+00,-6.571730971336364746e-01,-1.209149718284606934e+00,-9.036679267883300781e-01,-9.428822398185729980e-01,-8.811578750610351562e-01,-1.003147840499877930e+00,-8.420750498771667480e-01,-6.487060189247131348e-01,-8.066191077232360840e-01,-1.073112607002258301e+00,-1.079235672950744629e+00,-7.778585553169250488e-01
-6.798240542411804199e-01,-1.088406801223754883e+00,-5.548263192176818848e-01,-1.159884572029113770e+00,-9.676331877708435059e-01,-6.900004744529724121e-01,-1.197711706161499023e+00,-1.057402849197387695e+00,-8.653122186660766602e-01,-9.285856485366821289e-01,-8.912802934646606445e-01,-6.935372948646545410e-01,-7.434949874877929688e-01,-1.050794601440429688e+00,-6.217769384384155273e-01,-7.774899005889892578e-01,-9.426281452178955078e-01,-8.970029354095458984e-01,-1.041236042976379395e+00,-8.346413969993591309e-01
-1.158318638801574707e+00,-6.897160410881042480e-01,-1.043876051902770996e+00,-1.026489853858947754e+00,-9.042968750000000000e-01,-7.878068685531616211e-01,-1.116824746131896973e+00,-1.284284949302673340e+00,-6.362023949623107910e-01,-7.818084359169006348e-01,-1.033172130584716797e+00,-8.191121220588684082e-01,-8.466137051582336426e-01,-6.758632063865661621e-01,-9.647187590599060059e-01,-9.220584034919738770e-01,-1.112063407897949219e+00,-8.369058370590209961e-01,-8.932172060012817383e-01,-1.009055018424987793e+00
-5.366343855857849121e-01,-1.001320362091064453e+00,-1.172055244445800781e+00,-1.442889928817749023e+00,-9.941416978836059570e-01,-7.257477641105651855e-01,-7.898759841918945312e-01,-1.075103521347045898e+00,-1.288964748382568359e+00,-1.038164615631103516e+00,-9.784522056579589844e-01,-1.064364075660705566e+00,-8.764590024948120117e-01,-8.861433267593383789e-01,-1.364374399185180664e+00,-9.402069449424743652e-01,-1.222817540168762207e+00,-1.134335875511169434e+00,-8.511683940887451172e-01,-4.790698885917663574e-01
-1.219412088394165039e+00,-9.752700328826904297e-01,-1.064902186393737793e+00,-1.078649520874023438e+00,-9.822953343391418457e-01,-9.872629642486572266e-01,-1.199383497238159180e+00,-1.054134607315063477e+00,-9.881973266601562500e-01,-1.537327051162719727e+00,-1.190406322479248047e+00,-9.473958015441894531e-01,-1.081530213356018066e+00,-1.169703483581542969e+00,-8.531307578086853027e-01,-8.788553476333618164e-01,-1.178032755851745605e+00,-1.066872835159301758e+00,-5.274881720542907715e-01,-7.923561930656433105e-01
-4.024483561515808105e-01,-1.217356324195861816e+00,-1.136140942573547363e+00,-1.209470152854919434e+00,-1.064578890800476074e+00,-1.124773859977722168e+00,-1.004765272140502930e+00,-1.367980122566223145e+00,-9.945077896118164062e-01,-1.477750897407531738e+00,-9.261360168457031250e-01,-9.820439815521240234e-01,-9.020906686782836914e-01,-1.026390433311462402e+00,-1.209595799446105957e+00,-7.932935953140258789e-01,-1.108147859573364258e+00,-1.392969608306884766e+00,-9.300906658172607422e-01,-9.679064154624938965e-01
-1.090870857238769531e+00,-1.032300353050231934e+00,-7.865076661109924316e-01,-1.087462186813354492e+00,-6.763737797737121582e-01,-3.796943426132202148e-01,-7.276571989059448242e-01,-9.827616810798645020e-01,-1.043005704879760742e+00,-1.356276750564575195e+00,-1.144221782684326172e+00,-1.282664537429809570e+00,-6.451230049133300781e-01,-9.816837310791015625e-01,-9.661330580711364746e-01,-1.204255461692810059e+00,-1.101900458335876465e+00,-1.130608916282653809e+00,-6.953129172325134277e-01,-9.204472303390502930e-01
-1.140874028205871582e+00,-1.022031545639038086e+00,-9.287826418876647949e-01,-1.027933478355407715e+00,-6.902346611022949219e-01,-6.895809173583984375e-01,-1.458231091499328613e+00,-1.065132021903991699e+00,-1.018463492393493652e+00,-1.008951663970947266e+00,-1.155418872833251953e+00,-9.659327864646911621e-01,-8.126936554908752441e-01,-1.010531187057495117e+00,-1.326644539833068848e+00,-8.027033209800720215e-01,-1.296253204345703125e+00,-1.241215825080871582e+00,-7.728612422943115234e-01,-9.513520002365112305e-01
-1.179787993431091309e+00,-8.990870714187622070e-01,-1.165872693061828613e+00,-1.340245485305786133e+00,-9.709943532943725586e-01,-5.100054144859313965e-01,-4.593892693519592285e-01,-7.341025471687316895e-01,-7.865778207778930664e-01,-1.198152184486389160e+00,-1.259704709053039551e+00,-8.170165419578552246e-01,-7.473860383033752441e-01,-1.432590484619140625e+00,-9.644412398338317871e-01,-9.623746871948242188e-01,-1.096271514892578125e+00,-1.271979928016662598e+00,-1.003080844879150391e+00,-1.209051251411437988e+00
-1.268890857696533203e+00,-9.520302414894104004e-01,-9.656706452369689941e-01,-8.639806509017944336e-01,-9.909376502037048340e-01,-9.675701856613159180e-01,-7.935973405838012695e-01,-1.012775421142578125e+00,-1.075100064277648926e+00,-1.392846465110778809e+00,-8.674328923225402832e-01,-7.407066822052001953e-01,-7.149717807769775391e-01,-1.046511769294738770e+00,-1.245281815528869629e+00,-1.169468402862548828e+00,-1.083223938941955566e+00,-6.168761849403381348e-01,-1.117084264755249023e+00,-7.509274482727050781e-01
-1.188340425491333008e+00,-8.666135668754577637e-01,-1.236333489418029785e+00,-1.060377717018127441e+00,-1.286325812339782715e+00,-7.921205163002014160e-01,-5.669988393783569336e-01,-9.471929669380187988e-01,-1.156640172004699707e+00,-1.235350608825683594e+00,-7.045028805732727051e-01,-4.767745435237884521e-01,-7.839520573616027832e-01,-1.186739802360534668e+00,-5.914388895034790039e-01,-1.356776714324951172e+00,-1.087123274803161621e+00,-1.077970266342163086e+00,-1.279774546623229980e+00,-6.725258231163024902e-01
-1.072493672370910645e+00,-7.985368371009826660e-01,-7.677093148231506348e-01,-8.755691647529602051e-01,-1.326256752014160156e+00,-7.963514924049377441e-01,-1.193078875541687012e+00,-1.003923892974853516e+00,-1.084203720092773438e+00,-1.097494959831237793e+00,-1.149942040443420410e+00,-1.163616895675659180e+00,-1.029080033302307129e+00,-8.662527799606323242e-01,-9.975115656852722168e-01,-7.317247986793518066e-01,-1.088270425796508789e+00,-8.540135622024536133e-01,-1.054845094680786133e+00,-7.920933961868286133e-01
-1.169005036354064941e+00,-1.224663853645324707e+00,-8.213245868682861328e-01,-6.351072788238525391e-01,-8.087579607963562012e-01,-6.237399578094482422e-01,-1.045107245445251465e+00,-1.355537295341491699e+00,-6.381537914276123047e-01,-1.186410903930664062e+00,-7.393943071365356445e-01,-8.866291046142578125e-01,-6.061872839927673340e-01,-6.943852901458740234e-01,-1.278467893600463867e+00,-9.296565651893615723e-01,-9.336336851119995117e-01,-8.496969342231750488e-01,-9.347964525222778320e-01,-1.028767228126525879e+00
-1.101592183113098145e+00,-8.409901857376098633e-01,-1.147221088409423828e+00,-1.095407724380493164e+00,-8.484561443328857422e-01,-1.016866326332092285e+00,-8.700920939445495605e-01,-1.317432403564453125e+00,-1.355557560920715332e+00,-1.167822599411010742e+00,-1.046121358871459961e+00,-7.813079357147216797e-01,-6.797187924385070801e-01,-8.778250217437744141e-01,-8.640526533126831055e-01,-8.439154624938964844e-01,-5.807715058326721191e-01,-1.079263925552368164e+00,-9.401119351387023926e-01,-9.970775842666625977e-01
-6.575618982315063477e-01,-1.036025524139404297e+00,-9.261417388916015625e-01,-9.413970112800598145e-01,-8.226786851882934570e-01,-1.015011787414550781e+00,-1.011937022209167480e+00,-1.240364074707031250e+00,-8.570386767387390137e-01,-1.087005615234375000e+00,-1.176564216613769531e+00,-9.513708353042602539e-01,-9.843252897262573242e-01,-1.098114252090454102e+00,-8.738024830818176270e-01,-1.078392744064331055e+00,-1.060683846473693848e+00,-9.522135853767395020e-01,-1.059924244880676270e+00,-8.274068832397460938e-01
-9.659700989723205566e-01,-1.008384704589843750e+00,-9.715248942375183105e-01,-1.030154585838317871e+00,-8.170397281646728516e-01,-6.976183056831359863e-01,-8.938429951667785645e-01,-1.196493983268737793e+00,-9.307742714881896973e-01,-9.584354758262634277e-01,-9.926639795303344727e-01,-1.001861214637756348e+00,-8.173360228538513184e-01,-1.025073170661926270e+00,-8.665134906768798828e-01,-6.061403155326843262e-01,-9.953982234001159668e-01,-1.126339197158813477e+00,-9.274816513061523438e-01,-7.116674780845642090e-01
-1.234877228736877441e+00,-9.501996636390686035e-01,-1.128296971321105957e+00,-7.617176771163940430e-01,-8.671122193336486816e-01,-8.502132892608642578e-01,-9.107368588447570801e-01,-1.214411616325378418e+00,-1.157400012016296387e+00,-1.215402483940124512e+00,-9.972571730613708496e-01,-7.831208705902099609e-01,-9.565065503120422363e-01,-7.547848820686340332e-01,-1.081960797309875488e+00,-1.190855503082275391e+00,-1.288763165473937988e+00,-1.133798837661743164e+00,-1.064566493034362793e+00,-7.030323743820190430e-01
-7.112639546394348145e-01,-9.813204407691955566e-01,-1.020155787467956543e+00,-1.312003731727600098e+00,-1.275537252426147461e+00,-8.416223526000976562e-01,-5.688714385032653809e-01,-9.835320115089416504e-01,-1.392141699790954590e+00,-1.122016906738281250e+00,-9.320101737976074219e-01,-1.110406756401062012e+00,-8.420178890228271484e-01,-1.200179219245910645e+00,-1.060763597488403320e+00,-1.155470013618469238e+00,-1.141019582748413086e+00,-1.146890640258789062e+00,-9.708079695701599121e-01,-1.030567884445190430e+00
-1.224400758743286133e+00,-1.327051043510437012e+00,-7.710634469985961914e-01,-1.375086188316345215e+00,-1.074357628822326660e+00,-8.947466015815734863e-01,-5.223759412765502930e-01,-9.952183961868286133e-01,-5.999580025672912598e-01,-1.131235718727111816e+00,-8.876473307609558105e-01,-4.933420121669769287e-01,-8.758744597434997559e-01,-1.026045083999633789e+00,-9.163838624954223633e-01,-8.472197651863098145e-01,-9.544254541397094727e-01,-8.411936163902282715e-01,-9.495927691459655762e-01,-1.028312206268310547e+00
-6.598699688911437988e-01,-8.076081871986389160e-01,-1.186265468597412109e+00,-9.445383548736572266e-01,-9.664916396141052246e-01,-1.133272647857666016e+00,-1.014767050743103027e+00,-9.355289936065673828e-01,-9.980158805847167969e-01,-1.244735240936279297e+00,-1.272589206695556641e+00,-6.760049462318420410e-01,-1.119410157203674316e+00,-5.992440581321716309e-01,-9.683258533477783203e-01,-7.572470307350158691e-01,-5.441349148750305176e-01,-8.554812669754028320e-01,-9.299386143684387207e-01,-1.101164102554321289e+00
-8.290136456489562988e-01,-8.257934451103210449e-01,-1.026441931724548340e+00,-9.938659071922302246e-01,-1.020626783370971680e+00,-7.837612032890319824e-01,-1.012265801429748535e+00,-6.352881193161010742e-01,-9.504179358482360840e-01,-8.916319012641906738e-01,-8.722152709960937500e-01,-6.384940147399902344e-01,-8.936203122138977051e-01,-1.145136475563049316e+00,-1.060049414634704590e+00,-1.191695094108581543e+00,-8.749052286148071289e-01,-1.198508381843566895e+00,-1.069593906402587891e+00,-7.502193450927734375e-01
-1.414753079414367676e+00,-9.424116015434265137e-01,-1.293541550636291504e+00,-9.716926217079162598e-01,-7.442265152931213379e-01,-7.579104304313659668e-01,-7.961556315422058105e-01,-1.088732361793518066e+00,-9.462226629257202148e-01,-1.276903629302978516e+00,-1.209372401237487793e+00,-9.522292017936706543e-01,-8.318054676055908203e-01,-1.264358878135681152e+00,-9.598299860954284668e-01,-9.623010158538818359e-01,-8.052197098731994629e-01,-1.114456892013549805e+00,-1.142610430717468262e+00,-7.298727631568908691e-01
-5.874085426330566406e-01,-1.046663522720336914e+00,-1.212024569511413574e+00,-7.583534717559814453e-01,-9.703080058097839355e-01,-4.269840121269226074e-01,-1.015130877494812012e+00,-1.312849402427673340e+00,-8.258720636367797852e-01,-1.316076397895812988e+00,-5.684074759483337402e-01,-1.153980493545532227e+00,-6.759629249572753906e-01,-1.032619237899780273e+00,-1.180750727653503418e+00,-9.988205432891845703e-01,-9.318819046020507812e-01,-1.232131481170654297e+00,-6.068894863128662109e-01,-1.095478892326354980e+00
-1.138174295425415039e+00,-9.866101741790771484e-01,-7.158135175704956055e-01,-1.003692030906677246e+00,-9.320237636566162109e-01,-1.008448481559753418e+00,-1.185822248458862305e+00,-9.569196701049804688e-01,-8.798715472221374512e-01,-1.535008788108825684e+00,-1.106252074241638184e+00,-1.083634734153747559e+00,-7.230676412582397461e-01,-1.029414653778076172e+00,-6.578049063682556152e-01,-9.503076076507568359e-01,-1.378647923469543457e+00,-1.229309439659118652e+00,-9.090961217880249023e-01,-1.008514046669006348e+00
-8.032710552215576172e-01,-1.339369058609008789e+00,-1.255699157714843750e+00,-6.216058135032653809e-01,-8.882699012756347656e-01,-8.870591521263122559e-01,-1.388785481452941895e+00,-9.487060904502868652e-01,-9.681658744812011719e-01,-8.919953107833862305e-01,-1.209762930870056152e+00,-1.036800622940063477e+00,-1.139890551567077637e+00,-7.948836088180541992e-01,-9.368863701820373535e-01,-7.487016320228576660e-01,-1.244079470634460449e+00,-8.845079541206359863e-01,-7.618760466575622559e-01,-8.304039239883422852e-01
-1.147525787353515625e+00,-9.769611358642578125e-01,-8.129395246505737305e-01,-1.304567813873291016e+00,-6.535339355468750000e-01,-8.799557685852050781e-01,-5.960918068885803223e-01,-7.146528959274291992e-01,-1.029174327850341797e+00,-1.384440183639526367e+00,-1.150226116180419922e+00,-6.313948035240173340e-01,-8.870581984519958496e-01,-7.902267575263977051e-01,-1.035644888877868652e+00,-9.769857525825500488e-01,-7.839901447296142578e-01,-1.180742621421813965e+00,-9.479379057884216309e-01,-5.627070665359497070e-01
-9.526921510696411133e-01,-8.418623208999633789e-01,-9.607532620429992676e-01,-7.462881207466125488e-01,-9.536062479019165039e-01,-9.228923916816711426e-01,-8.490792512893676758e-01,-1.181625604629516602e+00,-1.241420507431030273e+00,-1.115938663482666016e+00,-7.585455179214477539e-01,-9.916877746582031250e-01,-7.957733869552612305e-01,-9.651373028755187988e-01,-9.447189569473266602e-01,-1.226335167884826660e+00,-1.018579483032226562e+00,-1.092379093170166016e+00,-1.160647988319396973e+00,-8.177828788757324219e-01
-8.522731661796569824e-01,-9.080539941787719727e-01,-8.338518738746643066e-01,-7.201216220855712891e-01,-8.039870858192443848e-01,-9.053879380226135254e-01,-1.041535139083862305e+00,-7.374795675277709961e-01,-1.272994875907897949e+00,-1.093851447105407715e+00,-1.040839791297912598e+00,-1.154712438583374023e+00,-1.153499364852905273e+00,-1.499155640602111816e+00,-1.218964219093322754e+00,-1.265826225280761719e+00,-1.029809951782226562e+00,-1.430448412895202637e+00,-9.330127239227294922e-01,-6.824421286582946777e-01
-1.143444299697875977e+00,-9.588512182235717773e-01,-9.073728322982788086e-01,-9.506226181983947754e-01,-6.972540020942687988e-01,-9.254013895988464355e-01,-8.133040070533752441e-01,-1.111435294151306152e+00,-9.505529403686523438e-01,-1.362832546234130859e+00,-1.063326001167297363e+00,-1.112808227539062500e+00,-6.404372453689575195e-01,-6.672788262367248535e-01,-1.153547048568725586e+00,-9.313104748725891113e-01,-1.520437717437744141e+00,-1.058060169219970703e+00,-1.375546932220458984e+00,-7.834590077400207520e-01
-9.243518114089965820e-01,-8.113045692443847656e-01,-1.118674993515014648e+00,-1.084209680557250977e+00,-5.804225802421569824e-01,-8.616139292716979980e-01,-7.233294844627380371e-01,-7.519711256027221680e-01,-8.445699810981750488e-01,-1.025146126747131348e+00,-1.228981256484985352e+00,-7.852934002876281738e-01,-7.093618512153625488e-01,-7.488381266593933105e-01,-8.712110519409179688e-01,-9.948757290840148926e-01,-9.677447676658630371e-01,-8.797153830528259277e-01,-1.097408652305603027e+00,-8.479483723640441895e-01
-9.771133661270141602e-01,-1.231400370597839355e+00,-1.183344244956970215e+00,-7.654734849929809570e-01,-1.030689001083374023e+00,-1.095420002937316895e+00,-9.458933472633361816e-01,-1.206802606582641602e+00,-9.762067794799804688e-01,-1.007182598114013672e+00,-1.069593548774719238e+00,-1.204476714134216309e+00,-1.094919323921203613e+00,-8.895406723022460938e-01,-9.950492978096008301e-01,-8.754917383193969727e-01,-9.575141072273254395e-01,-1.030689239501953125e+00,-1.337756156921386719e+00,-9.232017993927001953e-01
-1.049362182617187500e+00,-9.224203228950500488e-01,-1.236504197120666504e+00,-6.783322691917419434e-01,-1.247258305549621582e+00,-9.355540275573730469e-01,-9.497519731521606445e-01,-1.062043428421020508e+00,-1.089380860328674316e+00,-1.001453161239624023e+00,-6.047964096069335938e-01,-6.070504188537597656e-01,-1.176485896110534668e+00,-1.403798103332519531e+00,-9.607964158058166504e-01,-9.824578762054443359e-01,-1.164954304695129395e+00,-1.142820239067077637e+00,-1.139164090156555176e+00,-1.130154371261596680e+00
-8.738982081413269043e-01,-1.014040470123291016e+00,-8.139580488204956055e-01,-9.482504725456237793e-01,-9.697000980377197266e-01,-6.511130332946777344e-01,-7.322837710380554199e-01,-1.125207901000976562e+00,-9.197124242782592773e-01,-1.183666586875915527e+00,-9.094755053520202637e-01,-1.122199654579162598e+00,-1.157425284385681152e+00,-8.224385380744934082e-01,-7.618647217750549316e-01,-7.976621389389038086e-01,-1.232762813568115234e+00,-9.669120907783508301e-01,-9.860230684280395508e-01,-7.523329257965087891e-01
-9.883438348770141602e-01,-8.646542429924011230e-01,-9.832046031951904297e-01,-1.188104867935180664e+00,-7.281774878501892090e-01,-7.396416664123535156e-01,-9.229429364204406738e-01,-1.348928570747375488e+00,-8.157827258110046387e-01,-1.008569002151489258e+00,-6.962574720382690430e-01,-5.952575802803039551e-01,-6.616378426551818848e-01,-9.217155575752258301e-01,-1.092541456222534180e+00,-8.145630955696105957e-01,-4.979270398616790771e-01,-1.360587477684020996e+00,-9.310063123703002930e-01,-8.699068427085876465e-01
-1.092114210128784180e+00,-1.108783483505249023e+00,-9.963178038597106934e-01,-1.135653495788574219e+00,-9.812237024307250977e-01,-1.231280326843261719e+00,-6.984335184097290039e-01,-1.008548617362976074e+00,-6.754170656204223633e-01,-9.820660948753356934e-01,-9.126581549644470215e-01,-7.338566184043884277e-01,-5.185018181800842285e-01,-1.375325918197631836e+00,-9.741365909576416016e-01,-6.370986700057983398e-01,-1.341856241226196289e+00,-6.945530176162719727e-01,-8.250468969345092773e-01,-8.737975358963012695e-01
-9.166363477706909180e-01,-1.026752352714538574e+00,-1.083116531372070312e+00,-7.795963287353515625e-01,-9.399785995483398438e-01,-7.484254837036132812e-01,-7.597931623458862305e-01,-1.219487667083740234e+00,-1.468730926513671875e+00,-9.556352496147155762e-01,-1.284631609916687012e+00,-7.001324295997619629e-01,-1.130556344985961914e+00,-8.859485387802124023e-01,-1.149487853050231934e+00,-1.140559315681457520e+00,-1.236107468605041504e+00,-9.467537999153137207e-01,-8.366557955741882324e-01,-1.003949999809265137e+00
-8.142851591110229492e-01,-9.531883597373962402e-01,-1.061780929565429688e+00,-8.025454878807067871e-01,-8.410795331001281738e-01,-1.088335394859313965e+00,-1.013147354125976562e+00,-8.807723522186279297e-01,-1.314146876335144043e+00,-1.057142257690429688e+00,-7.342684864997863770e-01,-9.117225408554077148e-01,-1.184922337532043457e+00,-8.283722996711730957e-01,-1.065632462501525879e+00,-1.102912187576293945e+00,-1.011111617088317871e+00,-8.766132593154907227e-01,-1.055275678634643555e+00,-9.852150082588195801e-01
-1.193541765213012695e+00,-1.085507392883300781e+00,-1.034159421920776367e+00,-1.156969785690307617e+00,-7.665516138076782227e-01,-9.717904925346374512e-01,-9.142962694168090820e-01,-1.103799223899841309e+00,-8.483940958976745605e-01,-1.070137143135070801e+00,-1.019104480743408203e+00,-1.144199252128601074e+00,-1.015440702438354492e+00,-1.096063137054443359e+00,-7.101050019264221191e-01,-1.287424087524414062e+00,-8.839896917343139648e-01,-1.095110535621643066e+00,-7.087656855583190918e-01,-7.089730501174926758e-01
-1.135989069938659668e+00,-1.039919614791870117e+00,-1.057079553604125977e+00,-1.005855679512023926e+00,-8.554598689079284668e-01,-7.526600956916809082e-01,-8.676618337631225586e-01,-9.312518239021301270e-01,-7.534299492835998535e-01,-8.737849593162536621e-01,-5.416333079338073730e-01,-8.545180559158325195e-01,-1.100223541259765625e+00,-1.118797183036804199e+00,-1.054847717285156250e+00,-5.660268664360046387e-01,-8.526738882064819336e-01,-1.043462395668029785e+00,-1.010828137397766113e+00,-9.933398365974426270e-01
-9.180858135223388672e-01,-1.047770023345947266e+00,-8.686921000480651855e-01,-1.153052449226379395e+00,-9.196888804435729980e-01,-1.430546283721923828e+00,-6.149919033050537109e-01,-9.162211418151855469e-01,-8.020054697990417480e-01,-1.247166037559509277e+00,-1.015736222267150879e+00,-8.922439813613891602e-01,-1.017238020896911621e+00,-8.183472156524658203e-01,-1.048862576484680176e+00,-1.128809332847595215e+00,-1.026819825172424316e+00,-1.102892160415649414e+00,-8.982481360435485840e-01,-6.027075052261352539e-01
-8.222969770431518555e-01,-9.402959942817687988e-01,-9.960029125213623047e-01,-1.107748270034790039e+00,-8.574901819229125977e-01,-8.501751422882080078e-01,-8.220646977424621582e-01,-1.112894177436828613e+00,-1.248826980590820312e+00,-1.278056502342224121e+00,-9.946961402893066406e-01,-7.963036000728607178e-02,-1.047452569007873535e+00,-1.051225543022155762e+00,-7.412505745887756348e-01,-6.154825091361999512e-01,-1.101892232894897461e+00,-1.061325192451477051e+00,-1.087609171867370605e+00,-1.073417305946350098e+00
-9.081797599792480469e-01,-8.979504704475402832e-01,-1.052023649215698242e+00,-9.030691385269165039e-01,-9.730472564697265625e-01,-1.187243223190307617e+00,-1.201443195343017578e+00,-1.046929001808166504e+00,-9.981231093406677246e-01,-1.453055858612060547e+00,-9.873757958412170410e-01,-7.725488543510437012e-01,-9.702491760253906250e-01,-9.618340730667114258e-01,-9.901628494262695312e-01,-6.636686325073242188e-01,-1.115770578384399414e+00,-1.205997824668884277e+00,-1.099255681037902832e+00,-9.010972380638122559e-01
-1.130199193954467773e+00,-1.166693925857543945e+00,-1.232213377952575684e+00,-7.933339476585388184e-01,-8.411131501197814941e-01,-8.722294569015502930e-01,-8.210634589195251465e-01,-1.231877446174621582e+00,-8.744308352470397949e-01,-1.021048784255981445e+00,-1.144825816154479980e+00,-8.124901056289672852e-01,-1.184993147850036621e+00,-8.044146895408630371e-01,-8.776798248291015625e-01,-1.113511562347412109e+00,-1.045367956161499023e+00,-1.098207473754882812e+00,-8.507285714149475098e-01,-1.177508831024169922e+00
-1.024416446685791016e+00,-8.993188142776489258e-01,-7.865990996360778809e-01,-8.271551728248596191e-01,-6.573577523231506348e-01,-6.841137409210205078e-01,-1.404075145721435547e+00,-8.154020309448242188e-01,-6.226705908775329590e-01,-1.350633502006530762e+00,-8.926840424537658691e-01,-9.741923213005065918e-01,-1.039382696151733398e+00,-6.719627380371093750e-01,-7.291061282157897949e-01,-8.725932836532592773e-01,-8.890656828880310059e-01,-1.212232351303100586e+00,-9.910725951194763184e-01,-9.774093031883239746e-01
-7.674726843833923340e-01,-9.904925823211669922e-01,-9.687636494636535645e-01,-1.064543485641479492e+00,-1.046871900558471680e+00,-6.135164499282836914e-01,-7.866463661193847656e-01,-6.937274932861328125e-01,-1.049337983131408691e+00,-1.263608813285827637e+00,-1.346700668334960938e+00,-6.921199560165405273e-01,-8.624443411827087402e-01,-7.021598219871520996e-01,-1.151645421981811523e+00,-9.093365669250488281e-01,-7.604737877845764160e-01,-6.480166912078857422e-01,-8.055771589279174805e-01,-9.212628006935119629e-01
-1.022786974906921387e+00,-1.244374513626098633e+00,-7.780929207801818848e-01,-6.423527598381042480e-01,-6.377973556518554688e-01,-8.593665957450866699e-01,-9.604763388633728027e-01,-1.035409808158874512e+00,-1.011232018470764160e+00,-1.290641188621520996e+00,-9.302246570587158203e-01,-9.828251004219055176e-01,-8.213934302330017090e-01,-8.147132992744445801e-01,-8.535280823707580566e-01,-7.191837430000305176e-01,-1.119322299957275391e+00,-1.115459084510803223e+00,-1.156871318817138672e+00,-7.834600210189819336e-01
-1.483834028244018555e+00,-8.391304016113281250e-01,-1.209314227104187012e+00,-9.403293132781982422e-01,-8.811106681823730469e-01,-9.387575984001159668e-01,-6.544494032859802246e-01,-9.062086343765258789e-01,-8.433413505554199219e-01,-1.197620272636413574e+00,-9.668957591056823730e-01,-7.180079221725463867e-01,-1.011164307594299316e+00,-1.219418525695800781e+00,-8.607500791549682617e-01,-7.457595467567443848e-01,-7.852810621261596680e-01,-9.692602753639221191e-01,-9.209731817245483398e-01,-1.012795925140380859e+00
-9.588017463684082031e-01,-1.361937046051025391e+00,-8.579140901565551758e-01,-1.087613701820373535e+00,-8.144059181213378906e-01,-1.005755782127380371e+00,-8.128603696823120117e-01,-1.153586626052856445e+00,-7.729802727699279785e-01,-1.307460069656372070e+00,-1.282209396362304688e+00,-8.807656168937683105e-01,-6.829495429992675781e-01,-9.972852468490600586e-01,-8.635958433151245117e-01,-9.674751758575439453e-01,-1.171996712684631348e+00,-9.244185090065002441e-01,-1.057493686676025391e+00,-7.429041266441345215e-01
-1.100806951522827148e+00,-1.251857042312622070e+00,-6.165423393249511719e-01,-1.155176997184753418e+00,-9.484876394271850586e-01,-8.813799619674682617e-01,-5.955657958984375000e-01,-1.234764695167541504e+00,-9.952194094657897949e-01,-1.236552596092224121e+00,-1.113379597663879395e+00,-4.822121858596801758e-01,-9.443745017051696777e-01,-9.638149142265319824e-01,-6.897761821746826172e-01,-3.919582962989807129e-01,-1.054133176803588867e+00,-4.300889372825622559e-01,-1.000394821166992188e+00,-4.658764898777008057e-01
-9.132371544837951660e-01,-5.854592323303222656e-01,-1.112425208091735840e+00,-8.780621886253356934e-01,-8.262796401977539062e-01,-1.149730563163757324e+00,-8.756527900695800781e-01,-6.921168565750122070e-01,-6.860932111740112305e-01,-1.047587871551513672e+00,-6.998103857040405273e-01,-8.216376304626464844e-01,-1.003611326217651367e+00,-1.170980811119079590e+00,-8.440654277801513672e-01,-7.608368396759033203e-01,-1.117422342300415039e+00,-1.086029291152954102e+00,-9.057400822639465332e-01,-1.181025862693786621e+00
-1.126352787017822266e+00,-8.071287274360656738e-01,-7.847749590873718262e-01,-1.217214345932006836e+00,-6.780135631561279297e-01,-7.088240385055541992e-01,-7.608907222747802734e-01,-1.291894912719726562e+00,-1.284943103790283203e+00,-1.298456788063049316e+00,-9.771077036857604980e-01,-7.910287976264953613e-01,-5.241510272026062012e-01,-8.186333775520324707e-01,-1.365938305854797363e+00,-7.612022161483764648e-01,-1.568253755569458008e+00,-1.276111245155334473e+00,-5.459595322608947754e-01,-7.265695333480834961e-01
-9.681144356727600098e-01,-8.633065223693847656e-01,-8.850096464157104492e-01,-5.083275437355041504e-01,-7.324885725975036621e-01,-1.146188855171203613e+00,-1.374968886375427246e+00,-8.959844708442687988e-01,-6.523893475532531738e-01,-1.445905566215515137e+00,-9.350006580352783203e-01,-1.365590929985046387e+00,-6.734120845794677734e-01,-1.202338576316833496e+00,-1.069475650787353516e+00,-1.066602706909179688e+00,-1.195620298385620117e+00,-1.023113369941711426e+00,-1.191738963127136230e+00,-7.158546447753906250e-01
-6.144259572029113770e-01,-1.219330668449401855e+00,-9.013226032257080078e-01,-7.416024804115295410e-01,-9.325952529907226562e-01,-6.448886394500732422e-01,-9.847130775451660156e-01,-4.770573079586029053e-01,-9.419371485710144043e-01,-1.179395914077758789e+00,-9.571105241775512695e-01,-7.566915750503540039e-01,-7.486776113510131836e-01,-8.555465936660766602e-01,-6.337522268295288086e-01,-5.586183071136474609e-01,-6.266208887100219727e-01,-7.262765169143676758e-01,-7.596265077590942383e-01,-1.200680255889892578e+00
-8.543114066123962402e-01,-9.752408862113952637e-01,-9.487525820732116699e-01,-6.942077279090881348e-01,-8.749547600746154785e-01,-8.893221020698547363e-01,-7.591477632522583008e-01,-1.142663002014160156e+00,-9.695972204208374023e-01,-1.047160625457763672e+00,-9.902059435844421387e-01,-7.725450992584228516e-01,-8.285392522811889648e-01,-9.289715886116027832e-01,-1.216017603874206543e+00,-1.033714532852172852e+00,-1.054242134094238281e+00,-8.346222043037414551e-01,-1.026370048522949219e+00,-8.934618830680847168e-01
-9.014551639556884766e-01,-1.169438719749450684e+00,-1.088239192962646484e+00,-1.204883813858032227e+00,-7.522808909416198730e-01,-8.674425482749938965e-01,-6.844122409820556641e-01,-1.103089451789855957e+00,-9.167413115501403809e-01,-1.102001309394836426e+00,-9.825521111488342285e-01,-5.169194936752319336e-01,-8.389334082603454590e-01,-9.108569622039794922e-01,-8.809996843338012695e-01,-9.824742078781127930e-01,-1.200772166252136230e+00,-8.470885157585144043e-01,-7.962647676467895508e-01,-4.540747106075286865e-01
-6.990641355514526367e-01,-1.038881778717041016e+00,-9.621665477752685547e-01,-1.399700522422790527e+00,-9.107666611671447754e-01,-3.289561271667480469e-01,-8.183382749557495117e-01,-1.187144994735717773e+00,-1.015372753143310547e+00,-1.047782540321350098e+00,-8.499416112899780273e-01,-1.046413302421569824e+00,-1.109034895896911621e+00,-9.201709628105163574e-01,-7.209680080413818359e-01,-5.280749201774597168e-01,-8.272834420204162598e-01,-1.107795715332031250e+00,-5.596294403076171875e-01,-5.544942617416381836e-01
-1.002676606178283691e+00,-8.413892388343811035e-01,-7.556523680686950684e-01,-1.299446463584899902e+00,-8.849194645881652832e-01,-9.626018404960632324e-01,-6.288847327232360840e-01,-7.362467646598815918e-01,-7.302570343017578125e-01,-1.113257169723510742e+00,-1.173761367797851562e+00,-1.010095953941345215e+00,-1.040170192718505859e+00,-1.004281282424926758e+00,-5.490745306015014648e-01,-7.100613713264465332e-01,-1.418859601020812988e+00,-9.022384881973266602e-01,-8.782960772514343262e-01,-1.106130003929138184e+00
-1.043481945991516113e+00,-7.517222166061401367e-01,-9.304879903793334961e-01,-1.051800847053527832e+00,-1.127473711967468262e+00,-9.671673774719238281e-01,-1.045752525329589844e+00,-1.170200228691101074e+00,-9.286216497421264648e-01,-9.940430521965026855e-01,-1.110942959785461426e+00,-1.260911345481872559e+00,-8.869987130165100098e-01,-9.403511285781860352e-01,-7.258737683296203613e-01,-9.955964088439941406e-01,-1.076468110084533691e+00,-1.056586861610412598e+00,-1.023060202598571777e+00,-7.979124188423156738e-01
-1.499135017395019531e+00,-5.300880670547485352e-01,-8.024783730506896973e-01,-8.289451003074645996e-01,-1.177272915840148926e+00,-9.059374332427978516e-01,-8.289902210235595703e-01,-1.038459300994873047e+00,-9.648296833038330078e-01,-1.259091615676879883e+00,-1.088100314140319824e+00,-8.969064950942993164e-01,-9.083616137504577637e-01,-1.278699040412902832e+00,-7.893964052200317383e-01,-8.521844744682312012e-01,-9.992018342018127441e-01,-1.250275492668151855e+00,-9.568702578544616699e-01,-1.389244318008422852e+00
-9.736992716789245605e-01,-1.186728239059448242e+00,-1.188307881355285645e+00,-1.212328314781188965e+00,-8.045288920402526855e-01,-1.130234956741333008e+00,-1.073235511779785156e+00,-1.196142911911010742e+00,-9.121946096420288086e-01,-1.069947361946105957e+00,-1.067480087280273438e+00,-9.706037044525146484e-01,-8.790618777275085449e-01,-1.428874254226684570e+00,-7.454106807708740234e-01,-9.893636703491210938e-01,-1.055364847183227539e+00,-1.284169435501098633e+00,-1.003916978836059570e+00,-4.980796575546264648e-01
-1.334586381912231445e+00,-7.991191148757934570e-01,-9.806178212165832520e-01,-1.160580039024353027e+00,-1.105691790580749512e+00,-8.490758538246154785e-01,-1.020858645439147949e+00,-1.116293907165527344e+00,-7.592026591300964355e-01,-8.306299448013305664e-01,-8.411923646926879883e-01,-9.563879966735839844e-01,-4.073678553104400635e-01,-1.022435545921325684e+00,-1.025241374969482422e+00,-8.692101240158081055e-01,-1.001883029937744141e+00,-7.954667806625366211e-01,-9.299120903015136719e-01,-7.737528681755065918e-01
-1.303045153617858887e+00,-1.289237380027770996e+00,-9.893593192100524902e-01,-1.166805624961853027e+00,-8.070468902587890625e-01,-9.608185887336730957e-01,-9.861702322959899902e-01,-1.029838800430297852e+00,-8.485072851181030273e-01,-1.264173865318298340e+00,-6.790638566017150879e-01,-6.402470469474792480e-01,-1.159362316131591797e+00,-9.106764793395996094e-01,-9.326605796813964844e-01,-1.354916930198669434e+00,-1.347582221031188965e+00,-9.562776684761047363e-01,-6.010998487472534180e-01,-9.813299179077148438e-01
-1.287882685661315918e+00,-1.257444977760314941e+00,-1.297544360160827637e+00,-1.081514716148376465e+00,-8.136867284774780273e-01,-7.543298006057739258e-01,-9.209271073341369629e-01,-8.913170099258422852e-01,-8.007936477661132812e-01,-1.047905802726745605e+00,-5.475386381149291992e-01,-5.699917078018188477e-01,-9.251385927200317383e-01,-1.310634374618530273e+00,-4.622392952442169189e-01,-1.056012272834777832e+00,-8.121568560600280762e-01,-1.258570075035095215e+00,-1.172966480255126953e+00,-7.890238761901855469e-01
-1.275445342063903809e+00,-1.106920957565307617e+00,-1.372012734413146973e+00,-9.010960459709167480e-01,-9.890000224113464355e-01,-7.345712780952453613e-01,-8.573639392852783203e-01,-1.383582711219787598e+00,-9.580634832382202148e-01,-1.183362126350402832e+00,-1.074017524719238281e+00,-1.129608392715454102e+00,-1.106539726257324219e+00,-1.087934851646423340e+00,-1.084586381912231445e+00,-8.234734535217285156e-01,-8.968705534934997559e-01,-7.832262516021728516e-01,-6.473549008369445801e-01,-9.066835641860961914e-01
-1.033067822456359863e+00,-1.108171939849853516e+00,-8.549051880836486816e-01,-1.128800034523010254e+00,-9.672320485115051270e-01,-7.997673749923706055e-01,-7.097539901733398438e-01,-8.887218236923217773e-01,-8.509412407875061035e-01,-1.578716754913330078e+00,-8.684779405593872070e-01,-9.439041614532470703e-01,-5.996881723403930664e-01,-9.316039681434631348e-01,-7.599943280220031738e-01,-1.285033106803894043e+00,-1.209695458412170410e+00,-9.546170830726623535e-01,-1.018245458602905273e+00,-1.107755541801452637e+00
-8.125880360603332520e-01,-1.249995946884155273e+00,-1.093278169631958008e+00,-1.143504142761230469e+00,-7.279144525527954102e-01,-8.238272666931152344e-01,-6.337280273437500000e-01,-1.141981244087219238e+00,-1.194999575614929199e+00,-9.886296987533569336e-01,-1.121154069900512695e+00,-8.982800245285034180e-01,-1.022483348846435547e+00,-8.842000961303710938e-01,-7.668619155883789062e-01,-1.120424628257751465e+00,-1.036015391349792480e+00,-1.328161835670471191e+00,-1.139543175697326660e+00,-5.289329886436462402e-01
-9.694274663925170898e-01,-1.066961646080017090e+00,-8.464784622192382812e-01,-6.412833929061889648e-01,-9.799427986145019531e-01,-8.529840111732482910e-01,-1.010736703872680664e+00,-1.131032347679138184e+00,-8.002267479896545410e-01,-1.081175565719604492e+00,-6.783131957054138184e-01,-4.367249310016632080e-01,-4.301684200763702393e-01,-1.046768188476562500e+00,-1.115259051322937012e+00,-1.026661634445190430e+00,-1.081719756126403809e+00,-9.086494445800781250e-01,-9.636748433113098145e-01,-1.130600571632385254e+00
-1.102964520454406738e+00,-1.220617413520812988e+00,-1.132471680641174316e+00,-8.372246026992797852e-01,-9.615373611450195312e-01,-1.179714202880859375e+00,-7.571594119071960449e-01,-1.119521141052246094e+00,-1.128978013992309570e+00,-1.198875784873962402e+00,-8.687804937362670898e-01,-7.869781255722045898e-01,-1.003754973411560059e+00,-8.430148363113403320e-01,-8.152824640274047852e-01,-1.090682744979858398e+00,-1.491648077964782715e+00,-1.214718222618103027e+00,-9.802594184875488281e-01,-8.698593974113464355e-01
-1.086501598358154297e+00,-1.021948218345642090e+00,-1.018783569335937500e+00,-7.478038668632507324e-01,-1.110308647155761719e+00,-7.853510975837707520e-01,-1.119889974594116211e+00,-1.198391675949096680e+00,-7.560417056083679199e-01,-9.429932236671447754e-01,-1.008665561676025391e+00,-8.243139386177062988e-01,-6.704670786857604980e-01,-1.067337393760681152e+00,-8.265445828437805176e-01,-8.918862938880920410e-01,-8.458231687545776367e-01,-8.896692395210266113e-01,-8.762022256851196289e-01,-8.638374209403991699e-01
-1.086135625839233398e+00,-8.723451495170593262e-01,-6.063203215599060059e-01,-1.215850949287414551e+00,-1.048056244850158691e+00,-9.862242341041564941e-01,-9.574374556541442871e-01,-1.127487897872924805e+00,-1.053214788436889648e+00,-1.298585772514343262e+00,-9.936599135398864746e-01,-6.171476840972900391e-01,-1.026442289352416992e+00,-1.039811253547668457e+00,-1.024770736694335938e+00,-9.231030344963073730e-01,-1.110103607177734375e+00,-1.123503565788269043e+00,-1.157525420188903809e+00,-1.221131563186645508e+00
-8.162742257118225098e-01,-1.042821764945983887e+00,-1.144332647323608398e+00,-8.196017742156982422e-01,-1.152322530746459961e+00,-7.351096272468566895e-01,-1.207207679748535156e+00,-1.008943796157836914e+00,-1.042863368988037109e+00,-1.045384645462036133e+00,-1.035254359245300293e+00,-6.636164188385009766e-01,-1.014143586158752441e+00,-8.075261712074279785e-01,-1.241486191749572754e+00,-9.600234627723693848e-01,-1.110019803047180176e+00,-1.007166385650634766e+00,-1.209300279617309570e+00,-5.626919269561767578e-01
-6.213572621345520020e-01,-1.129418611526489258e+00,-1.016660809516906738e+00,-1.084942936897277832e+00,-9.233176112174987793e-01,-7.322964072227478027e-01,-9.129391312599182129e-01,-1.053356647491455078e+00,-6.961175203323364258e-01,-1.366304159164428711e+00,-1.365138649940490723e+00,-7.116311788558959961e-01,-8.669805526733398438e-01,-8.347688317298889160e-01,-8.283219933509826660e-01,-1.026240944862365723e+00,-1.134897947311401367e+00,-1.046890497207641602e+00,-7.084809541702270508e-01,-2.390404194593429565e-01
-1.229461669921875000e+00,-1.202687740325927734e+00,-8.595744967460632324e-01,-1.146169185638427734e+00,-1.536496877670288086e+00,-1.036013603210449219e+00,-6.830273270606994629e-01,-7.433579564094543457e-01,-1.082117080688476562e+00,-1.429857492446899414e+00,-9.016014933586120605e-01,-7.639951705932617188e-01,-8.239492774009704590e-01,-8.663166761398315430e-01,-7.472903728485107422e-01,-9.325872063636779785e-01,-1.325145006179809570e+00,-1.089099168777465820e+00,-8.351295590400695801e-01,-1.331338047981262207e+00
-1.245208501815795898e+00,-1.027140974998474121e+00,-9.431836605072021484e-01,-5.173894166946411133e-01,-1.118832945823669434e+00,-6.157753467559814453e-01,-1.197200179100036621e+00,-1.402019381523132324e+00,-1.157239317893981934e+00,-1.172967672348022461e+00,-6.032932996749877930e-01,-7.254201769828796387e-01,-7.204008698463439941e-01,-8.633466958999633789e-01,-1.124501705169677734e+00,-7.808426022529602051e-01,-1.204179883003234863e+00,-1.108597040176391602e+00,-6.443093419075012207e-01,-9.113331437110900879e-01
-1.046661972999572754e+00,-9.993523955345153809e-01,-8.603200316429138184e-01,-1.153123497962951660e+00,-1.062363386154174805e+00,-1.092821240425109863e+00,-7.880539894104003906e-01,-1.048162460327148438e+00,-7.548551559448242188e-01,-9.422585368156433105e-01,-7.292919754981994629e-01,-1.110012292861938477e+00,-9.676708579063415527e-01,-1.036669015884399414e+00,-1.207346439361572266e+00,-6.360431313514709473e-01,-7.935808897018432617e-01,-1.057353019714355469e+00,-7.073528766632080078e-01,-7.003235220909118652e-01
-8.351988196372985840e-01,-8.414060473442077637e-01,-1.212712168693542480e+00,-8.655208945274353027e-01,-1.071171879768371582e+00,-6.879447102546691895e-01,-1.177315592765808105e+00,-8.666191101074218750e-01,-1.198819518089294434e+00,-1.156063795089721680e+00,-1.034807205200195312e+00,-7.927957773208618164e-01,-1.034049630165100098e+00,-7.650577425956726074e-01,-1.177617430686950684e+00,-1.239740610122680664e+00,-9.767211079597473145e-01,-1.130514144897460938e+00,-8.607909083366394043e-01,-1.010807752609252930e+00
-1.059615254402160645e+00,-7.038229107856750488e-01,-1.094411492347717285e+00,-1.199030160903930664e+00,-1.118065834045410156e+00,-1.007004857063293457e+00,-1.064080595970153809e+00,-9.546326398849487305e-01,-1.258849978446960449e+00,-1.194061040878295898e+00,-8.087027668952941895e-01,-1.128910541534423828e+00,-6.927710175514221191e-01,-1.080792784690856934e+00,-8.928225040435791016e-01,-1.128208279609680176e+00,-8.857125043869018555e-01,-7.894507646560668945e-01,-8.878903388977050781e-01,-4.840562641620635986e-01
-1.308170676231384277e+00,-9.995316267013549805e-01,-9.590203762054443359e-01,-8.772605657577514648e-01,-9.323951005935668945e-01,-9.750756025314331055e-01,-1.032727837562561035e+00,-1.257256031036376953e+00,-9.471799135208129883e-01,-1.337764978408813477e+00,-9.840335249900817871e-01,-1.364665865898132324e+00,-1.085882306098937988e+00,-1.311234235763549805e+00,-1.251785159111022949e+00,-1.210383057594299316e+00,-1.045760869979858398e+00,-1.050935983657836914e+00,-9.395694136619567871e-01,-7.908620834350585938e-01
-1.273654699325561523e+00,-7.639173269271850586e-01,-7.684992551803588867e-01,-1.049299597740173340e+00,-9.183001518249511719e-01,-1.029886603355407715e+00,-7.506975531578063965e-01,-9.163523316383361816e-01,-1.070212244987487793e+00,-1.248597264289855957e+00,-7.360217571258544922e-01,-1.027168035507202148e+00,-7.592350244522094727e-01,-9.140912294387817383e-01,-7.936722636222839355e-01,-1.114668130874633789e+00,-1.237042903900146484e+00,-9.673160314559936523e-01,-9.766514301300048828e-01,-9.914371967315673828e-01
-7.945932149887084961e-01,-1.146361351013183594e+00,-1.158697366714477539e+00,-1.141395211219787598e+00,-3.205388784408569336e-01,-8.244193792343139648e-01,-5.436347126960754395e-01,-1.351506829261779785e+00,-8.110421299934387207e-01,-1.246670126914978027e+00,-1.170950293540954590e+00,-4.128597304224967957e-02,-7.800938487052917480e-01,-6.176206469535827637e-01,-1.046298503875732422e+00,-1.148330330848693848e+00,-1.119671344757080078e+00,-1.041107177734375000e+00,-9.753271341323852539e-01,-1.156946539878845215e+00
-1.159653186798095703e+00,-1.066016674041748047e+00,-7.359327077865600586e-01,-7.231583595275878906e-01,-9.852135181427001953e-01,-5.631075501441955566e-01,-6.802763342857360840e-01,-1.016985535621643066e+00,-1.037504911422729492e+00,-1.168668746948242188e+00,-1.059493780136108398e+00,-7.974146604537963867e-01,-9.148838520050048828e-01,-8.644778728485107422e-01,-5.885125398635864258e-01,-6.847831010818481445e-01,-1.138663291931152344e+00,-9.238576292991638184e-01,-7.284563779830932617e-01,-1.027245521545410156e+00
-1.217767477035522461e+00,-8.845601677894592285e-01,-1.450306177139282227e+00,-1.035422801971435547e+00,-5.538029670715332031e-01,-9.200026988983154297e-01,-1.125307083129882812e+00,-7.682617902755737305e-01,-1.387610316276550293e+00,-1.081082105636596680e+00,-9.860191345214843750e-01,-7.737783789634704590e-01,-1.090683221817016602e+00,-1.103237867355346680e+00,-8.477999567985534668e-01,-9.717813730239868164e-01,-1.094839334487915039e+00,-9.404984116554260254e-01,-9.022108912467956543e-01,-9.626799225807189941e-01
-1.002804756164550781e+00,-9.874120950698852539e-01,-1.246361255645751953e+00,-9.996199011802673340e-01,-7.748317718505859375e-01,-1.176765322685241699e+00,-9.295156002044677734e-01,-9.299485087394714355e-01,-1.082119703292846680e+00,-1.467613220214843750e+00,-1.213473677635192871e+00,-8.837234973907470703e-01,-7.011250257492065430e-01,-9.466668963432312012e-01,-8.712013959884643555e-01,-1.067974567413330078e+00,-9.887202978134155273e-01,-9.735031127929687500e-01,-1.033340215682983398e+00,-6.711862087249755859e-01
-1.142090797424316406e+00,-1.041647076606750488e+00,-9.608963131904602051e-01,-1.047806739807128906e+00,-1.096106886863708496e+00,-8.683928251266479492e-01,-1.123907327651977539e+00,-8.421051502227783203e-01,-1.057387709617614746e+00,-9.842535257339477539e-01,-8.359330892562866211e-01,-7.108805775642395020e-01,-8.481004834175109863e-01,-1.160538554191589355e+00,-1.205680608749389648e+00,-9.687183499336242676e-01,-8.174363374710083008e-01,-1.131129741668701172e+00,-8.559673428535461426e-01,-1.202129364013671875e+00
-1.140515565872192383e+00,-8.023302555084228516e-01,-1.404791355133056641e+00,-1.003308534622192383e+00,-8.073495030403137207e-01,-5.603442788124084473e-01,-7.870490550994873047e-01,-9.551082849502563477e-01,-1.143595695495605469e+00,-1.158146619796752930e+00,-1.351014494895935059e+00,-9.191332459449768066e-01,-1.218498468399047852e+00,-1.120664596557617188e+00,-1.151251554489135742e+00,-1.161418318748474121e+00,-1.072206020355224609e+00,-1.235259652137756348e+00,-6.302817463874816895e-01,-1.176530003547668457e+00
-1.309785246849060059e+00,-1.100350379943847656e+00,-7.862265706062316895e-01,-6.747443675994873047e-01,-1.226985096931457520e+00,-8.028032779693603516e-01,-1.131495475769042969e+00,-8.051068186759948730e-01,-1.543175816535949707e+00,-1.125435352325439453e+00,-1.261577248573303223e+00,-1.383727908134460449e+00,-8.683790564537048340e-01,-1.251974463462829590e+00,-5.955615043640136719e-01,-7.010074257850646973e-01,-1.232705950736999512e+00,-9.688476324081420898e-01,-1.110801100730895996e+00,-7.383468151092529297e-01
-1.184688210487365723e+00,-8.366773724555969238e-01,-3.817746639251708984e-01,-8.917592763900756836e-01,-6.947111487388610840e-01,-4.772213697433471680e-01,-5.836206078529357910e-01,-1.194734930992126465e+00,-9.808246493339538574e-01,-1.153132438659667969e+00,-8.324301838874816895e-01,-6.959118247032165527e-01,-9.160739183425903320e-01,-1.039523005485534668e+00,-1.091224789619445801e+00,-9.623254537582397461e-01,-1.161494970321655273e+00,-9.502824544906616211e-01,-8.707182407379150391e-01,-1.027305126190185547e+00
-1.218206286430358887e+00,-6.595961451530456543e-01,-6.697269082069396973e-01,-8.969191312789916992e-01,-7.644395828247070312e-01,-9.545947909355163574e-01,-8.327379822731018066e-01,-1.123145818710327148e+00,-1.135165929794311523e+00,-1.201144218444824219e+00,-1.149530172348022461e+00,-7.094392180442810059e-01,-1.126821398735046387e+00,-8.794898390769958496e-01,-9.482266902923583984e-01,-1.038177609443664551e+00,-7.481517791748046875e-01,-1.306418061256408691e+00,-1.037438631057739258e+00,-1.007548928260803223e+00
-1.146354436874389648e+00,-1.006502628326416016e+00,-1.268216967582702637e+00,-1.007619023323059082e+00,-1.250126361846923828e+00,-8.763396739959716797e-01,-7.522292733192443848e-01,-1.176785230636596680e+00,-1.360988974571228027e+00,-1.527546286582946777e+00,-1.046359896659851074e+00,-7.182135581970214844e-01,-7.464478015899658203e-01,-7.737802267074584961e-01,-9.486870765686035156e-01,-9.188243150711059570e-01,-1.023204445838928223e+00,-1.053737163543701172e+00,-1.173195838928222656e+00,-6.865681409835815430e-01
-1.021529316902160645e+00,-1.003858208656311035e+00,-8.626384139060974121e-01,-9.858385324478149414e-01,-7.050366997718811035e-01,-9.346590638160705566e-01,-1.040312290191650391e+00,-8.647397756576538086e-01,-1.012913584709167480e+00,-1.071458220481872559e+00,-1.231724619865417480e+00,-9.143747091293334961e-01,-9.005982279777526855e-01,-1.099837064743041992e+00,-1.025964260101318359e+00,-7.251030206680297852e-01,-1.471902608871459961e+00,-1.001855254173278809e+00,-1.004857540130615234e+00,-8.521807193756103516e-01
-1.001896977424621582e+00,-1.169964075088500977e+00,-1.076071858406066895e+00,-1.033981680870056152e+00,-8.347587585449218750e-01,-7.687693834304809570e-01,-8.541562557220458984e-01,-1.089409589767456055e+00,-1.072333455085754395e+00,-1.198244333267211914e+00,-1.033310770988464355e+00,-9.621106386184692383e-01,-8.077833652496337891e-01,-1.072159647941589355e+00,-8.602001070976257324e-01,-8.396706581115722656e-01,-1.242448449134826660e+00,-1.032624959945678711e+00,-9.724574685096740723e-01,-5.551721453666687012e-01
-1.087921500205993652e+00,-6.838499903678894043e-01,-9.729339480400085449e-01,-9.137482047080993652e-01,-8.142059445381164551e-01,-6.730127930641174316e-01,-1.234203457832336426e+00,-4.722572267055511475e-01,-9.635594487190246582e-01,-1.161074876785278320e+00,-7.226884365081787109e-01,-1.190716743469238281e+00,-9.065711498260498047e-01,-1.186122894287109375e+00,-8.916800618171691895e-01,-1.737070828676223755e-01,-7.656190991401672363e-01,-9.145550131797790527e-01,-8.431729674339294434e-01,-8.234397172927856445e-01
-1.338183999061584473e+00,-1.037608623504638672e+00,-1.231228709220886230e+00,-7.388741374015808105e-01,-1.187317371368408203e+00,-6.058552265167236328e-01,-9.944996237754821777e-01,-9.609484076499938965e-01,-6.890367269515991211e-01,-1.070314526557922363e+00,-9.884834289550781250e-01,-5.590760707855224609e-01,-9.933753013610839844e-01,-6.737721562385559082e-01,-8.487939238548278809e-01,-1.115739464759826660e+00,-9.390936493873596191e-01,-9.406950473785400391e-01,-8.134143352508544922e-01,-9.471676349639892578e-01
-8.836175799369812012e-01,-6.269859671592712402e-01,-1.269441127777099609e+00,-1.097932934761047363e+00,-7.591472864151000977e-01,-5.359588265419006348e-01,-1.078134536743164062e+00,-1.088290810585021973e+00,-9.586379528045654297e-01,-8.636451959609985352e-01,-1.230009794235229492e+00,-7.940776348114013672e-01,-7.850201725959777832e-01,-9.727537035942077637e-01,-5.520032048225402832e-01,-7.562255859375000000e-01,-1.347476601600646973e+00,-1.094897389411926270e+00,-8.413755297660827637e-01,-8.302474021911621094e-01
-7.839695811271667480e-01,-1.040015578269958496e+00,-1.299798250198364258e+00,-1.019072651863098145e+00,-8.064070343971252441e-01,-1.167632341384887695e+00,-9.009672999382019043e-01,-1.236312270164489746e+00,-1.225784778594970703e+00,-1.290098428726196289e+00,-1.175941944122314453e+00,-1.209013342857360840e+00,-1.020619034767150879e+00,-9.177235364913940430e-01,-1.316140532493591309e+00,-9.328541755676269531e-01,-8.518534898757934570e-01,-1.103987574577331543e+00,-1.014448165893554688e+00,-5.370666980743408203e-01
-9.601263999938964844e-01,-1.175615191459655762e+00,-1.321037650108337402e+00,-6.343754529953002930e-01,-8.899587392807006836e-01,-5.677329897880554199e-01,-7.432609200477600098e-01,-1.166042208671569824e+00,-9.883829355239868164e-01,-1.468455314636230469e+00,-6.946567296981811523e-01,-6.459779143333435059e-01,-1.035880088806152344e+00,-9.964522123336791992e-01,-8.368669748306274414e-01,-6.385296583175659180e-01,-9.420594573020935059e-01,-1.006811499595642090e+00,-1.143365383148193359e+00,-5.893004536628723145e-01
-8.173367977142333984e-01,-9.159071445465087891e-01,-7.278521060943603516e-01,-1.220694065093994141e+00,-1.311460733413696289e+00,-1.068065524101257324e+00,-1.099989295005798340e+00,-1.248189091682434082e+00,-1.175534129142761230e+00,-1.328932046890258789e+00,-7.584369182586669922e-01,-1.106622338294982910e+00,-7.648808360099792480e-01,-8.378611207008361816e-01,-8.703535199165344238e-01,-9.339377880096435547e-01,-1.081427693367004395e+00,-1.184933662414550781e+00,-1.101725935935974121e+00,-7.984200716018676758e-01
-7.825291752815246582e-01,-7.608317732810974121e-01,-9.947562813758850098e-01,-1.070076942443847656e+00,-9.304189085960388184e-01,-6.662620306015014648e-01,-9.188919067382812500e-01,-1.164209842681884766e+00,-1.315441131591796875e+00,-8.833575248718261719e-01,-9.995057582855224609e-01,-1.279101371765136719e+00,-1.042545437812805176e+00,-1.170820593833923340e+00,-1.010073781013488770e+00,-8.838215470314025879e-01,-8.992991447448730469e-01,-8.750039935111999512e-01,-1.059606432914733887e+00,-9.963670969009399414e-01
-1.009699344635009766e+00,-9.389720559120178223e-01,-8.793542981147766113e-01,-1.164914369583129883e+00,-8.614121079444885254e-01,-1.070340991020202637e+00,-1.119956970214843750e+00,-8.303462266921997070e-01,-1.263687968254089355e+00,-1.274376511573791504e+00,-7.615142464637756348e-01,-5.857392549514770508e-01,-8.269423246383666992e-01,-1.096925616264343262e+00,-8.141596317291259766e-01,-1.021766304969787598e+00,-9.202218651771545410e-01,-9.782499670982360840e-01,-6.797029972076416016e-01,-8.107447624206542969e-01
-1.399112820625305176e+00,-1.107741236686706543e+00,-1.137063145637512207e+00,-9.851201772689819336e-01,-1.435918450355529785e+00,-8.394479751586914062e-01,-7.999730110168457031e-01,-1.228597044944763184e+00,-9.818695187568664551e-01,-1.429846644401550293e+00,-1.432311773300170898e+00,-5.997362136840820312e-01,-9.473340511322021484e-01,-7.859243154525756836e-01,-1.202182650566101074e+00,-1.089473605155944824e+00,-1.289673089981079102e+00,-9.222443103790283203e-01,-9.835717082023620605e-01,-9.433479309082031250e-01
-1.133820772171020508e+00,-1.144975185394287109e+00,-8.962188363075256348e-01,-8.804736733436584473e-01,-7.544023394584655762e-01,-7.530975937843322754e-01,-8.126230835914611816e-01,-1.163690805435180664e+00,-1.056412458419799805e+00,-1.107176423072814941e+00,-6.306862831115722656e-01,-7.245848178863525391e-01,-8.806212544441223145e-01,-1.070673227310180664e+00,-6.110469102859497070e-01,-1.170989274978637695e+00,-1.011039972305297852e+00,-8.091570138931274414e-01,-1.138524889945983887e+00,-6.032085418701171875e-01
-5.625007748603820801e-01,-7.969598770141601562e-01,-1.176877379417419434e+00,-1.218878030776977539e+00,-1.102804899215698242e+00,-9.874184727668762207e-01,-5.876190066337585449e-01,-9.846798181533813477e-01,-8.935052752494812012e-01,-1.221495032310485840e+00,-1.030658125877380371e+00,-1.076883196830749512e+00,-8.913292884826660156e-01,-7.333405613899230957e-01,-1.467955827713012695e+00,-1.169750332832336426e+00,-1.012244224548339844e+00,-8.992110490798950195e-01,-8.166248202323913574e-01,-5.927280187606811523e-01
-7.555720806121826172e-01,-9.016158580780029297e-01,-8.402522802352905273e-01,-1.110465168952941895e+00,-9.828251600265502930e-01,-6.946829557418823242e-01,-1.039175987243652344e+00,-6.486239433288574219e-01,-1.032127976417541504e+00,-1.145895838737487793e+00,-1.044529557228088379e+00,-1.064186692237854004e+00,-8.141366243362426758e-01,-9.402003288269042969e-01,-5.815948247909545898e-01,-1.215258359909057617e+00,-1.041337132453918457e+00,-1.119681954383850098e+00,-1.107976436614990234e+00,-6.795393824577331543e-01
-1.264527320861816406e+00,-7.607643008232116699e-01,-1.147451043128967285e+00,-1.292646884918212891e+00,-7.069418430328369141e-01,-8.836627602577209473e-01,-8.968726396560668945e-01,-1.122496724128723145e+00,-9.836228489875793457e-01,-1.052566051483154297e+00,-8.862741589546203613e-01,-9.218116998672485352e-01,-6.658504009246826172e-01,-9.604249596595764160e-01,-8.860819339752197266e-01,-9.731651544570922852e-01,-9.059020876884460449e-01,-1.186415433883666992e+00,-8.043284416198730469e-01,-7.141820192337036133e-01
-1.018715381622314453e+00,-7.737559080123901367e-01,-1.075231790542602539e+00,-1.309994459152221680e+00,-8.465468287467956543e-01,-1.002760529518127441e+00,-1.082388043403625488e+00,-9.354240298271179199e-01,-8.749318718910217285e-01,-1.101781845092773438e+00,-7.121044993400573730e-01,-9.895594716072082520e-01,-1.294732689857482910e+00,-6.290801167488098145e-01,-1.109018087387084961e+00,-6.695884466171264648e-01,-1.158081769943237305e+00,-1.069396376609802246e+00,-7.157074213027954102e-01,-1.133211851119995117e+00
-1.002694964408874512e+00,-9.210096001625061035e-01,-7.106478810310363770e-01,-9.855698347091674805e-01,-8.893060088157653809e-01,-6.773412823677062988e-01,-1.047573566436767578e+00,-9.816755652427673340e-01,-1.016832232475280762e+00,-1.218271970748901367e+00,-9.409125447273254395e-01,-1.184459686279296875e+00,-8.931347131729125977e-01,-1.070718765258789062e+00,-8.256973624229431152e-01,-6.111891269683837891e-01,-8.312692642211914062e-01,-1.239880800247192383e+00,-1.080522537231445312e+00,-9.562073349952697754e-01
-1.047348380088806152e+00,-1.041407704353332520e+00,-1.125289440155029297e+00,-1.161223411560058594e+00,-1.307392120361328125e+00,-7.415972352027893066e-01,-7.048904299736022949e-01,-1.193306565284729004e+00,-8.673382997512817383e-01,-1.301347374916076660e+00,-1.124805212020874023e+00,-8.997571468353271484e-01,-8.036476969718933105e-01,-1.373446345329284668e+00,-7.978805303573608398e-01,-1.025813102722167969e+00,-1.371656537055969238e+00,-6.579856276512145996e-01,-8.737301826477050781e-01,-8.079308867454528809e-01
-7.613667845726013184e-01,-9.774828553199768066e-01,-9.465412497520446777e-01,-9.736816287040710449e-01,-8.152980804443359375e-01,-6.306046247482299805e-01,-6.709520816802978516e-01,-9.727737903594970703e-01,-6.673499345779418945e-01,-1.008951902389526367e+00,-9.855649471282958984e-01,-6.443644762039184570e-01,-7.968607544898986816e-01,-9.698665142059326172e-01,-9.420552253723144531e-01,-5.199386477470397949e-01,-8.821644186973571777e-01,-6.227684617042541504e-01,-8.116093277931213379e-01,-8.704265952110290527e-01
-8.776506781578063965e-01,-8.734887242317199707e-01,-8.530135750770568848e-01,-1.362226724624633789e+00,-8.214849233627319336e-01,-7.766518592834472656e-01,-7.699671387672424316e-01,-1.218899488449096680e+00,-8.728351593017578125e-01,-9.253638982772827148e-01,-1.182667732238769531e+00,-1.026369929313659668e+00,-1.053413271903991699e+00,-9.454146623611450195e-01,-9.088710546493530273e-01,-8.935171961784362793e-01,-1.007457017898559570e+00,-1.269755363464355469e+00,-9.678853750228881836e-01,-7.964203953742980957e-01
-9.848734736442565918e-01,-8.210703134536743164e-01,-5.519342422485351562e-01,-1.073323607444763184e+00,-5.993342995643615723e-01,-7.307546734809875488e-01,-8.638913631439208984e-01,-1.014740228652954102e+00,-9.314528107643127441e-01,-1.249652981758117676e+00,-1.060491800308227539e+00,-9.367323517799377441e-01,-1.103805899620056152e+00,-9.398781061172485352e-01,-7.006226778030395508e-01,-1.047670364379882812e+00,-1.291441202163696289e+00,-9.240557551383972168e-01,-1.218800544738769531e+00,-7.311950325965881348e-01
-9.990786314010620117e-01,-1.175973296165466309e+00,-1.157674551010131836e+00,-7.855520248413085938e-01,-8.360130786895751953e-01,-7.366415858268737793e-01,-7.997936010360717773e-01,-1.206773757934570312e+00,-9.847127795219421387e-01,-1.216799855232238770e+00,-9.942958950996398926e-01,-7.886765003204345703e-01,-9.516418576240539551e-01,-1.015447974205017090e+00,-9.159057736396789551e-01,-9.231244325637817383e-01,-1.079968333244323730e+00,-1.100024580955505371e+00,-1.255509972572326660e+00,-7.702627778053283691e-01
-1.336307883262634277e+00,-8.138349652290344238e-01,-9.809960722923278809e-01,-1.125084161758422852e+00,-9.839336276054382324e-01,-5.917913913726806641e-01,-6.741181612014770508e-01,-4.863882660865783691e-01,-1.019024848937988281e+00,-7.919143438339233398e-01,-1.113747000694274902e+00,-1.088392019271850586e+00,-8.390143513679504395e-01,-1.141065716743469238e+00,-7.127976417541503906e-01,-5.816907286643981934e-01,-8.656825423240661621e-01,-9.354625940322875977e-01,-8.704684376716613770e-01,-8.298174738883972168e-01
-1.054522514343261719e+00,-1.342222929000854492e+00,-6.808799505233764648e-01,-1.296022295951843262e+00,-9.682344198226928711e-01,-1.028346657752990723e+00,-7.763530015945434570e-01,-9.434155225753784180e-01,-8.092378377914428711e-01,-1.001873850822448730e+00,-1.077528715133666992e+00,-1.299490928649902344e+00,-1.198957443237304688e+00,-7.711916565895080566e-01,-8.805919289588928223e-01,-9.197868704795837402e-01,-1.593163967132568359e+00,-9.349063634872436523e-01,-1.066294670104980469e+00,-7.922860383987426758e-01
-6.952252388000488281e-01,-8.988345861434936523e-01,-7.957030534744262695e-01,-1.136391401290893555e+00,-7.927429676055908203e-01,-7.630228996276855469e-01,-1.207801461219787598e+00,-6.523061990737915039e-01,-6.730384826660156250e-01,-1.166690945625305176e+00,-5.548844337463378906e-01,-5.986076593399047852e-01,-7.117988467216491699e-01,-1.201916217803955078e+00,-7.497044801712036133e-01,-7.666749954223632812e-01,-9.067813754081726074e-01,-1.039651751518249512e+00,-8.564571142196655273e-01,-1.027776956558227539e+00
-8.891391754150390625e-01,-1.203547954559326172e+00,-8.978999853134155273e-01,-1.570022106170654297e+00,-6.525658965110778809e-01,-1.106457948684692383e+00,-6.517857313156127930e-01,-9.477800726890563965e-01,-9.162453413009643555e-01,-8.255674839019775391e-01,-8.438598513603210449e-01,-8.499166369438171387e-01,-1.084075689315795898e+00,-9.467437267303466797e-01,-8.172273635864257812e-01,-1.046262145042419434e+00,-1.370072484016418457e+00,-9.382449388504028320e-01,-9.042074084281921387e-01,-1.064163923263549805e+00
-9.294801950454711914e-01,-1.216580867767333984e+00,-1.328761577606201172e+00,-9.627408981323242188e-01,-8.541416525840759277e-01,-9.862359166145324707e-01,-6.060059070587158203e-01,-1.109717726707458496e+00,-1.078568458557128906e+00,-1.193080663681030273e+00,-7.290400862693786621e-01,-8.893833756446838379e-01,-2.754578590393066406e-01,-1.051727533340454102e+00,-1.114407181739807129e+00,-5.524271130561828613e-01,-5.998758077621459961e-01,-1.000921964645385742e+00,-1.175967335700988770e+00,-1.455593109130859375e+00
-9.556539654731750488e-01,-8.698067665100097656e-01,-1.040051102638244629e+00,-1.393527030944824219e+00,-8.448737859725952148e-01,-1.030441045761108398e+00,-7.222414612770080566e-01,-7.907670140266418457e-01,-1.138769865036010742e+00,-1.130093693733215332e+00,-1.468051671981811523e+00,-7.706603407859802246e-01,-7.817789912223815918e-01,-1.225923657417297363e+00,-1.017266035079956055e+00,-1.334640026092529297e+00,-1.163862228393554688e+00,-1.028885245323181152e+00,-1.020207643508911133e+00,-8.937571048736572266e-01
-8.600564002990722656e-01,-8.357603549957275391e-01,-9.061880111694335938e-01,-1.259456992149353027e+00,-8.903979063034057617e-01,-6.725818514823913574e-01,-8.691001534461975098e-01,-9.678370952606201172e-01,-1.019081115722656250e+00,-9.062210321426391602e-01,-1.064008116722106934e+00,-8.914175033569335938e-01,-6.108710765838623047e-01,-1.042456150054931641e+00,-9.158613085746765137e-01,-8.995624780654907227e-01,-1.194887042045593262e+00,-1.187727689743041992e+00,-8.889935612678527832e-01,-1.114171981811523438e+00
-7.787399888038635254e-01,-9.513853192329406738e-01,-1.033477067947387695e+00,-9.149615764617919922e-01,-8.650084137916564941e-01,-5.986120104789733887e-01,-9.918941259384155273e-01,-9.869522452354431152e-01,-1.223915576934814453e+00,-1.001609325408935547e+00,-7.252001166343688965e-01,-9.977132678031921387e-01,-5.586571693420410156e-01,-1.219675779342651367e+00,-1.061363101005554199e+00,-8.332157731056213379e-01,-1.044409155845642090e+00,-7.997692823410034180e-01,-8.378899097442626953e-01,-9.343378543853759766e-01
-9.002440571784973145e-01,-1.295951962471008301e+00,-9.374760389328002930e-01,-8.379578590393066406e-01,-6.638287305831909180e-01,-8.742005228996276855e-01,-7.180190682411193848e-01,-1.071336030960083008e+00,-1.151094436645507812e+00,-1.122343063354492188e+00,-7.973042726516723633e-01,-1.029229283332824707e+00,-5.303682684898376465e-01,-7.518343329429626465e-01,-1.106495499610900879e+00,-1.076799392700195312e+00,-1.314419269561767578e+00,-5.408718585968017578e-01,-1.084850430488586426e+00,-1.003635048866271973e+00
-1.040097117424011230e+00,-1.467921257019042969e+00,-1.262465238571166992e+00,-1.267767071723937988e+00,-9.328502416610717773e-01,-1.060885667800903320e+00,-9.389476776123046875e-01,-1.002367258071899414e+00,-1.267301440238952637e+00,-1.517820358276367188e+00,-8.531540036201477051e-01,-8.955022096633911133e-01,-7.198518514633178711e-01,-9.271411299705505371e-01,-4.956585764884948730e-01,-9.416140913963317871e-01,-1.308768630027770996e+00,-1.052322149276733398e+00,-8.735581636428833008e-01,-1.227377414703369141e+00
-8.305065631866455078e-01,-1.423853397369384766e+00,-9.791893362998962402e-01,-9.868118762969970703e-01,-7.088299989700317383e-01,-7.703285217285156250e-01,-1.021631121635437012e+00,-1.090548276901245117e+00,-9.756318926811218262e-01,-1.151168107986450195e+00,-8.364268541336059570e-01,-5.923703312873840332e-01,-6.564633846282958984e-01,-1.203958749771118164e+00,-9.873006939888000488e-01,-8.083096146583557129e-01,-5.616354942321777344e-01,-1.140371561050415039e+00,-8.572133183479309082e-01,-9.066516160964965820e-01
-8.451237678527832031e-01,-9.243793487548828125e-01,-3.387434780597686768e-01,-1.038679003715515137e+00,-1.092317819595336914e+00,-7.836977243423461914e-01,-8.947458267211914062e-01,-1.123453974723815918e+00,-1.272756457328796387e+00,-1.151906251907348633e+00,-9.425264596939086914e-01,-8.712272644042968750e-01,-1.279059290885925293e+00,-1.002485752105712891e+00,-9.493737816810607910e-01,-9.074209928512573242e-01,-1.145970582962036133e+00,-1.130726099014282227e+00,-9.617242217063903809e-01,-7.726042270660400391e-01
-9.172863960266113281e-01,-7.752178311347961426e-01,-1.124440789222717285e+00,-9.790965914726257324e-01,-9.253448843955993652e-01,-5.960230231285095215e-01,-6.612429618835449219e-01,-1.183469295501708984e+00,-8.585278391838073730e-01,-1.120501756668090820e+00,-9.785696864128112793e-01,-9.761185050010681152e-01,-7.949917912483215332e-01,-8.906761407852172852e-01,-9.058219194412231445e-01,-9.678108692169189453e-01,-6.685974001884460449e-01,-5.818737745285034180e-01,-6.959620118141174316e-01,-8.090052604675292969e-01
-9.712345004081726074e-01,-1.046098947525024414e+00,-1.073151707649230957e+00,-1.248874902725219727e+00,-9.266085624694824219e-01,-7.590619921684265137e-01,-1.003180503845214844e+00,-9.331741333007812500e-01,-8.204967379570007324e-01,-1.138625144958496094e+00,-7.152972221374511719e-01,-8.050571680068969727e-01,-8.565927743911743164e-01,-1.074532508850097656e+00,-8.011595606803894043e-01,-3.254670798778533936e-01,-1.161633849143981934e+00,-1.104930043220520020e+00,-5.849229097366333008e-01,-7.350299954414367676e-01
-1.122867465019226074e+00,-8.790949583053588867e-01,-1.094631433486938477e+00,-9.079954028129577637e-01,-8.131855726242065430e-01,-7.212119698524475098e-01,-5.926279425621032715e-01,-1.002778053283691406e+00,-1.219183444976806641e+00,-1.324315428733825684e+00,-8.232284188270568848e-01,-1.139269232749938965e+00,-1.203112840652465820e+00,-9.737230539321899414e-01,-8.823415637016296387e-01,-1.108044385910034180e+00,-9.326593279838562012e-01,-1.161867499351501465e+00,-9.464232921600341797e-01,-9.536535143852233887e-01
-9.012720584869384766e-01,-1.162837862968444824e+00,-1.044818997383117676e+00,-1.015055656433105469e+00,-7.099415659904479980e-01,-7.650384902954101562e-01,-9.663135409355163574e-01,-7.557319402694702148e-01,-7.652996182441711426e-01,-8.246946334838867188e-01,-1.365133523941040039e+00,-6.037099957466125488e-01,-6.493860483169555664e-01,-9.029127359390258789e-01,-7.044472694396972656e-01,-1.126775264739990234e+00,-9.520501494407653809e-01,-1.144191622734069824e+00,-1.162686347961425781e+00,-9.804807305335998535e-01
-7.998120784759521484e-01,-1.027833819389343262e+00,-8.316872715950012207e-01,-9.498417973518371582e-01,-8.415831923484802246e-01,-7.678191661834716797e-01,-7.947187423706054688e-01,-1.052753329277038574e+00,-1.109489560127258301e+00,-9.060545563697814941e-01,-4.715237021446228027e-01,-6.953836083412170410e-01,-1.046575427055358887e+00,-1.191301226615905762e+00,-1.106175065040588379e+00,-1.183004975318908691e+00,-8.668026328086853027e-01,-1.157142639160156250e+00,-8.608555197715759277e-01,-1.150346994400024414e+00
-8.061187267303466797e-01,-8.873211145401000977e-01,-8.073675632476806641e-01,-1.005986690521240234e+00,-1.085959196090698242e+00,-9.541247487068176270e-01,-8.607152104377746582e-01,-7.510116100311279297e-01,-8.330152034759521484e-01,-1.124229431152343750e+00,-1.078246951103210449e+00,-9.747336506843566895e-01,-8.454434871673583984e-01,-8.555694222450256348e-01,-9.538233280181884766e-01,-9.953008890151977539e-01,-1.245608329772949219e+00,-9.801769256591796875e-01,-1.139533519744873047e+00,-1.023311138153076172e+00
-1.095648527145385742e+00,-1.181425571441650391e+00,-1.224898457527160645e+00,-6.727577447891235352e-01,-7.617903947830200195e-01,-9.772896170616149902e-01,-1.388927936553955078e+00,-1.017318964004516602e+00,-7.718320488929748535e-01,-1.255686759948730469e+00,-8.232061266899108887e-01,-6.721698045730590820e-01,-7.853469252586364746e-01,-1.093631863594055176e+00,-8.807829618453979492e-01,-7.228012084960937500e-01,-5.431783199310302734e-01,-1.201449275016784668e+00,-6.850039958953857422e-01,-9.051810503005981445e-01
-1.304090738296508789e+00,-7.491384744644165039e-01,-8.914555907249450684e-01,-9.532244205474853516e-01,-1.032176613807678223e+00,-9.407641291618347168e-01,-9.896011948585510254e-01,-8.888278007507324219e-01,-1.209854722023010254e+00,-1.501619696617126465e+00,-9.686043858528137207e-01,-9.734705686569213867e-01,-7.005426883697509766e-01,-1.305953025817871094e+00,-8.093450665473937988e-01,-9.957227706909179688e-01,-8.959941864013671875e-01,-1.129073023796081543e+00,-7.835935950279235840e-01,-6.700562834739685059e-01
-1.307392597198486328e+00,-7.862204909324645996e-01,-1.058888196945190430e+00,-7.863370180130004883e-01,-1.128397226333618164e+00,-6.718586087226867676e-01,-1.222853779792785645e+00,-1.325206875801086426e+00,-1.116867065429687500e+00,-8.077691197395324707e-01,-9.828307032585144043e-01,-9.428493380546569824e-01,-8.513123989105224609e-01,-9.106518626213073730e-01,-7.743822932243347168e-01,-6.840865015983581543e-01,-9.416183829307556152e-01,-8.330962061882019043e-01,-8.214733004570007324e-01,-1.018238782882690430e+00
-1.185072660446166992e+00,-1.046425580978393555e+00,-9.031991958618164062e-01,-1.209615230560302734e+00,-8.045381307601928711e-01,-7.083091735839843750e-01,-9.790880084037780762e-01,-1.498095750808715820e+00,-7.666060328483581543e-01,-1.182418584823608398e+00,-7.450762987136840820e-01,-1.032761335372924805e+00,-6.925464272499084473e-01,-1.245319962501525879e+00,-9.435961842536926270e-01,-8.831435441970825195e-01,-1.020131349563598633e+00,-1.035748481750488281e+00,-7.659560441970825195e-01,-8.669065833091735840e-01
-7.735380530357360840e-01,-8.580902218818664551e-01,-9.077211022377014160e-01,-8.549668788909912109e-01,-9.716979861259460449e-01,-1.033183217048645020e+00,-7.516928911209106445e-01,-1.000326395034790039e+00,-8.147867321968078613e-01,-8.556292057037353516e-01,-1.108051776885986328e+00,-1.062646150588989258e+00,-8.682460188865661621e-01,-1.004252433776855469e+00,-1.210083246231079102e+00,-6.273576021194458008e-01,-1.169186234474182129e+00,-6.207171678543090820e-01,-5.629658102989196777e-01,-5.996962785720825195e-01
-1.063044309616088867e+00,-9.564949870109558105e-01,-7.127009630203247070e-01,-8.217040896415710449e-01,-1.180143594741821289e+00,-1.028781890869140625e+00,-7.337166666984558105e-01,-8.535396456718444824e-01,-1.177360057830810547e+00,-1.471695423126220703e+00,-6.472126245498657227e-01,-1.056434988975524902e+00,-9.966622591018676758e-01,-7.549068927764892578e-01,-8.079165816307067871e-01,-1.213299870491027832e+00,-9.321312904357910156e-01,-1.309209346771240234e+00,-1.313440799713134766e+00,-9.815773963928222656e-01
-1.044016838073730469e+00,-1.479913830757141113e+00,-9.932313561439514160e-01,-9.353242516517639160e-01,-5.532687902450561523e-01,-1.234284520149230957e+00,-8.882611393928527832e-01,-1.449971556663513184e+00,-1.217702150344848633e+00,-1.232335925102233887e+00,-4.577575922012329102e-01,-9.057335257530212402e-01,-1.396883606910705566e+00,-9.751947522163391113e-01,-5.756220817565917969e-01,-1.121026873588562012e+00,-9.516637325286865234e-01,-9.797890782356262207e-01,-8.997033238410949707e-01,-8.395364284515380859e-01
-9.241203069686889648e-01,-9.779379963874816895e-01,-7.469294667243957520e-01,-7.265226244926452637e-01,-5.805928111076354980e-01,-9.499740004539489746e-01,-5.740721225738525391e-01,-1.001691579818725586e+00,-9.696377515792846680e-01,-1.067312717437744141e+00,-7.503362894058227539e-01,-7.115876674652099609e-01,-1.055611252784729004e+00,-9.610915780067443848e-01,-8.840835690498352051e-01,-1.027010798454284668e+00,-9.519664645195007324e-01,-6.210774779319763184e-01,-1.070942401885986328e+00,-9.417501688003540039e-01
-8.190999031066894531e-01,-8.698248863220214844e-01,-7.746767401695251465e-01,-1.049831509590148926e+00,-8.051346540451049805e-01,-1.054132342338562012e+00,-8.288282752037048340e-01,-9.833269119262695312e-01,-9.784434437751770020e-01,-1.000932335853576660e+00,-7.460056543350219727e-01,-1.005846381187438965e+00,-8.793542981147766113e-01,-8.512654304504394531e-01,-8.976612687110900879e-01,-1.031191825866699219e+00,-9.956506490707397461e-01,-1.111541032791137695e+00,-1.275723814964294434e+00,-5.990276336669921875e-01
-1.148783802986145020e+00,-9.842147231101989746e-01,-1.382047891616821289e+00,-9.675806164741516113e-01,-9.485147595405578613e-01,-7.733161449432373047e-01,-1.036652803421020508e+00,-9.017182588577270508e-01,-1.116089344024658203e+00,-1.235572934150695801e+00,-8.680151104927062988e-01,-8.086259365081787109e-01,-1.167177677154541016e+00,-1.096312046051025391e+00,-8.806605339050292969e-01,-1.018905758857727051e+00,-1.230821728706359863e+00,-9.448651075363159180e-01,-9.796110391616821289e-01,-9.480990171432495117e-01
-6.413801312446594238e-01,-1.009525179862976074e+00,-9.355351328849792480e-01,-1.109387516975402832e+00,-9.091970920562744141e-01,-8.425173759460449219e-01,-7.149118781089782715e-01,-1.047600507736206055e+00,-9.280692338943481445e-01,-1.155426740646362305e+00,-8.560889959335327148e-01,-1.066534042358398438e+00,-7.393332719802856445e-01,-9.440761208534240723e-01,-1.021618962287902832e+00,-7.317813634872436523e-01,-7.800748348236083984e-01,-1.179860830307006836e+00,-9.763675928115844727e-01,-8.773221969604492188e-01
-9.401340484619140625e-01,-7.616577148437500000e-01,-1.483110785484313965e+00,-7.411968111991882324e-01,-5.159525275230407715e-01,-1.305621266365051270e+00,-1.054744601249694824e+00,-9.065113067626953125e-01,-9.886545538902282715e-01,-1.021666407585144043e+00,-1.309190630912780762e+00,-5.600388646125793457e-01,-8.594101667404174805e-01,-6.894264221191406250e-01,-1.103677153587341309e+00,-1.091461300849914551e+00,-8.014421463012695312e-01,-1.318143844604492188e+00,-1.198104143142700195e+00,-8.903748989105224609e-01
-9.146746993064880371e-01,-1.247299790382385254e+00,-1.093896985054016113e+00,-1.002217531204223633e+00,-6.912854313850402832e-01,-1.369703650474548340e+00,-6.546020507812500000e-01,-1.029172778129577637e+00,-8.545570969581604004e-01,-1.051354169845581055e+00,-7.606368660926818848e-01,-9.729226827621459961e-01,-1.340891361236572266e+00,-1.153021931648254395e+00,-1.485013127326965332e+00,-7.460226416587829590e-01,-9.517483711242675781e-01,-1.190350651741027832e+00,-1.139102935791015625e+00,-1.055976748466491699e+00
-8.740996122360229492e-01,-1.352599978446960449e+00,-1.172551155090332031e+00,-1.058328747749328613e+00,-7.599756717681884766e-01,-8.967057466506958008e-01,-1.218799829483032227e+00,-9.989562034606933594e-01,-7.737070918083190918e-01,-8.196287155151367188e-01,-7.730289101600646973e-01,-6.635802388191223145e-01,-8.106329441070556641e-01,-8.452337384223937988e-01,-1.254033446311950684e+00,-1.294977903366088867e+00,-1.106269717216491699e+00,-7.092248201370239258e-01,-6.677091121673583984e-01,-8.514480590820312500e-01
-1.008951902389526367e+00,-1.299698829650878906e+00,-1.135866522789001465e+00,-9.606690406799316406e-01,-5.517058968544006348e-01,-1.396213531494140625e+00,-7.483232617378234863e-01,-9.572892785072326660e-01,-1.058119416236877441e+00,-1.083662748336791992e+00,-1.495227098464965820e+00,-1.020840644836425781e+00,-5.599012970924377441e-01,-1.311605572700500488e+00,-6.264514327049255371e-01,-1.430151939392089844e+00,-1.082087278366088867e+00,-1.076233983039855957e+00,-1.043467044830322266e+00,-6.684107184410095215e-01
