1.302923917770385742e+00,1.093759536743164062e+00,8.869848847389221191e-01,8.765393495559692383e-01,1.233886718750000000e+00,1.325895071029663086e+00,9.752949476242065430e-01,1.095134377479553223e+00,1.059713721275329590e+00,1.008162021636962891e+00,7.560144066810607910e-01,1.110820531845092773e+00,1.037130951881408691e+00,9.663836956024169922e-01,1.124410152435302734e+00,1.064255475997924805e+00,1.112795233726501465e+00,8.069061040878295898e-01,8.933714032173156738e-01,1.751719594001770020e+00
7.964175939559936523e-01,8.709783554077148438e-01,1.080645918846130371e+00,8.873503804206848145e-01,1.073162436485290527e+00,1.389060258865356445e+00,9.509330987930297852e-01,9.477076530456542969e-01,9.352892041206359863e-01,9.133450388908386230e-01,9.007638692855834961e-01,1.054411411285400391e+00,9.286726117134094238e-01,1.038094282150268555e+00,9.203190207481384277e-01,1.205609083175659180e+00,1.009497284889221191e+00,9.083572030067443848e-01,1.186270952224731445e+00,1.097768425941467285e+00
1.599729776382446289e+00,1.475150704383850098e+00,1.101442098617553711e+00,1.085096478462219238e+00,9.787053465843200684e-01,1.374142050743103027e+00,1.380563020706176758e+00,1.002941608428955078e+00,1.256167650222778320e+00,1.119564175605773926e+00,1.100267052650451660e+00,1.064153194427490234e+00,1.017993569374084473e+00,1.463894844055175781e+00,8.103592991828918457e-01,9.991914629936218262e-01,8.759686946868896484e-01,1.068737983703613281e+00,1.241906166076660156e+00,1.171296954154968262e+00
8.391722440719604492e-01,6.135532259941101074e-01,1.039977073669433594e+00,1.072086572647094727e+00,9.636845588684082031e-01,9.268136024475097656e-01,8.467479944229125977e-01,8.718158602714538574e-01,1.068168878555297852e+00,1.109418988227844238e+00,1.169562339782714844e+00,8.262377977371215820e-01,1.382837057113647461e+00,1.554510831832885742e+00,6.781705021858215332e-01,1.054325938224792480e+00,6.183676123619079590e-01,1.093191623687744141e+00,8.600456714630126953e-01,1.109220623970031738e+00
9.843825101852416992e-01,7.280623316764831543e-01,1.042052388191223145e+00,9.541494250297546387e-01,8.118610382080078125e-01,9.445248246192932129e-01,9.364430308341979980e-01,5.775769352912902832e-01,1.009884119033813477e+00,8.135353326797485352e-01,1.098430275917053223e+00,8.000236749649047852e-01,1.018228888511657715e+00,1.323388934135437012e+00,5.902838706970214844e-01,1.220107316970825195e+00,7.967325448989868164e-01,1.136358737945556641e+00,1.138192772865295410e+00,8.452053070068359375e-01
-1.042633652687072754e+00,-1.006512403488159180e+00,-1.037817955017089844e+00,-8.558304309844970703e-01,-1.142197966575622559e+00,-1.055670857429504395e+00,-6.775533556938171387e-01,-9.146853089332580566e-01,-6.687868833541870117e-01,-9.598626494407653809e-01,-1.406511545181274414e+00,-1.267890453338623047e+00,-1.353526592254638672e+00,-8.808035850524902344e-01,-1.180691003799438477e+00,-1.224200844764709473e+00,-7.682687640190124512e-01,-1.153243064880371094e+00,-9.995543360710144043e-01,-1.097286939620971680e+00
7.854322195053100586e-01,8.663806915283203125e-01,1.034597039222717285e+00,1.148900389671325684e+00,1.527256131172180176e+00,1.132724642753601074e+00,6.703521013259887695e-01,1.042810082435607910e+00,9.522574543952941895e-01,1.020634770393371582e+00,9.000698328018188477e-01,1.032501339912414551e+00,1.210019826889038086e+00,1.035062313079833984e+00,1.100079894065856934e+00,1.190255165100097656e+00,1.072105169296264648e+00,9.637313485145568848e-01,1.123835563659667969e+00,1.189754962921142578e+00
1.151015639305114746e+00,1.195894837379455566e+00,1.366501450538635254e+00,1.277459621429443359e+00,8.707007765769958496e-01,1.037941217422485352e+00,1.097587227821350098e+00,6.184304952621459961e-01,9.935742020606994629e-01,1.064518928527832031e+00,1.367998003959655762e+00,8.589773774147033691e-01,6.397659778594970703e-01,9.620399475097656250e-01,9.077163934707641602e-01,1.127203106880187988e+00,6.520249843597412109e-01,1.039046049118041992e+00,7.708557248115539551e-01,9.670933485031127930e-01
1.180679559707641602e+00,1.145897865295410156e+00,9.623792767524719238e-01,1.303884148597717285e+00,1.164523363113403320e+00,1.179990410804748535e+00,1.006423711776733398e+00,1.036903619766235352e+00,1.448710203170776367e+00,1.409371852874755859e+00,9.803965687751770020e-01,1.304378151893615723e+00,3.811269998550415039e-01,1.087821960449218750e+00,9.857194423675537109e-01,1.459184885025024414e+00,9.529805779457092285e-01,1.182588934898376465e+00,9.967712759971618652e-01,1.187869787216186523e+00
-8.161687254905700684e-01,-9.689183235168457031e-01,-8.297437429428100586e-01,-8.918367028236389160e-01,-7.419019341468811035e-01,-6.540910005569458008e-01,-9.732140302658081055e-01,-1.018021106719970703e+00,-6.021808385848999023e-01,-8.421235680580139160e-01,-1.031837105751037598e+00,-1.302202820777893066e+00,-1.094548106193542480e+00,-7.102797031402587891e-01,-1.181529760360717773e+00,-1.075501918792724609e+00,-1.180624842643737793e+00,-1.190487384796142578e+00,-9.667121767997741699e-01,-1.185349822044372559e+00
1.451843738555908203e+00,9.832604527473449707e-01,1.097340106964111328e+00,1.023961663246154785e+00,9.095132946968078613e-01,1.153965592384338379e+00,1.495054244995117188e+00,1.025286197662353516e+00,1.305737614631652832e+00,1.147760868072509766e+00,1.126486539840698242e+00,1.531998634338378906e+00,9.517119526863098145e-01,1.570385098457336426e+00,1.117493391036987305e+00,1.160530686378479004e+00,1.155402421951293945e+00,1.065841794013977051e+00,1.197093844413757324e+00,1.034130692481994629e+00
-1.322715640068054199e+00,-9.451866149902343750e-01,-1.285189986228942871e+00,-9.845491051673889160e-01,-1.057019591331481934e+00,-8.509288430213928223e-01,-9.222355484962463379e-01,-1.226864933967590332e+00,-8.730673193931579590e-01,-9.609270095825195312e-01,-9.468261003494262695e-01,-9.111267328262329102e-01,-1.136341929435729980e+00,-8.207938671112060547e-01,-1.457255482673645020e+00,-1.072027325630187988e+00,-8.203846812248229980e-01,-1.158151388168334961e+00,-9.422512650489807129e-01,-9.398402571678161621e-01
1.157522916793823242e+00,7.844946384429931641e-01,1.288142681121826172e+00,8.790166378021240234e-01,1.207654237747192383e+00,1.373835444450378418e+00,1.048078060150146484e+00,6.886411905288696289e-01,9.591788053512573242e-01,1.040654778480529785e+00,1.132746338844299316e+00,1.207986712455749512e+00,1.173072338104248047e+00,1.163817644119262695e+00,8.077357411384582520e-01,1.149052977561950684e+00,8.163228034973144531e-01,1.062927007675170898e+00,1.107948541641235352e+00,1.062866449356079102e+00
1.234830379486083984e+00,9.631362557411193848e-01,1.327141880989074707e+00,8.870530128479003906e-01,1.152961850166320801e+00,9.823774099349975586e-01,1.261480569839477539e+00,1.345056056976318359e+00,1.127210736274719238e+00,9.026823639869689941e-01,1.010263204574584961e+00,1.064424395561218262e+00,1.355262517929077148e+00,1.378213763236999512e+00,9.850630760192871094e-01,1.201214909553527832e+00,9.563826918601989746e-01,8.649341464042663574e-01,7.793974876403808594e-01,1.075293540954589844e+00
1.341386318206787109e+00,1.133208036422729492e+00,1.439034581184387207e+00,1.332778215408325195e+00,1.314966082572937012e+00,8.211823701858520508e-01,1.039368987083435059e+00,1.167476177215576172e+00,9.436535835266113281e-01,1.119336962699890137e+00,1.115546584129333496e+00,8.192226290702819824e-01,6.304838657379150391e-01,1.045320153236389160e+00,6.960182189941406250e-01,8.404833078384399414e-01,9.037899971008300781e-01,9.338009357452392578e-01,6.564958691596984863e-01,4.293331205844879150e-01
-1.092023253440856934e+00,-1.024390101432800293e+00,-5.911942124366760254e-01,-1.185304284095764160e+00,-7.946345806121826172e-01,-9.401680231094360352e-01,-1.232539653778076172e+00,-8.170291185379028320e-01,-9.067267775535583496e-01,-1.042702794075012207e+00,-1.265797495841979980e+00,-7.311993837356567383e-01,-1.209790706634521484e+00,-9.612330794334411621e-01,-1.367647171020507812e+00,-8.867440819740295410e-01,-1.098549604415893555e+00,-1.133521199226379395e+00,-1.090670466423034668e+00,-8.382484912872314453e-01
7.619353532791137695e-01,1.383260488510131836e+00,8.949931859970092773e-01,1.342868566513061523e+00,5.709486007690429688e-01,1.315603494644165039e+00,6.535692214965820312e-01,8.782756924629211426e-01,1.241386175155639648e+00,7.744356989860534668e-01,1.160806775093078613e+00,9.415404796600341797e-01,8.385145068168640137e-01,1.458639144897460938e+00,6.570532321929931641e-01,8.670541644096374512e-01,1.305427789688110352e+00,1.046364307403564453e+00,9.639171361923217773e-01,5.282478928565979004e-01
1.324827551841735840e+00,1.228606104850769043e+00,1.312225341796875000e+00,7.233287096023559570e-01,1.157747745513916016e+00,1.242274403572082520e+00,1.203711509704589844e+00,9.106531739234924316e-01,1.003015160560607910e+00,1.396823883056640625e+00,9.234105348587036133e-01,8.959600329399108887e-01,1.294041752815246582e+00,1.265212774276733398e+00,8.899000287055969238e-01,7.279592752456665039e-01,1.222404956817626953e+00,9.584926366806030273e-01,1.141039252281188965e+00,5.318275094032287598e-01
-1.224347114562988281e+00,-6.465473175048828125e-01,-7.318658828735351562e-01,-1.123020291328430176e+00,-9.556519985198974609e-01,-9.820771217346191406e-01,-1.230953574180603027e+00,-1.157774090766906738e+00,-7.693508267402648926e-01,-9.757330417633056641e-01,-1.321060538291931152e+00,-7.404628396034240723e-01,-9.446803331375122070e-01,-8.471820950508117676e-01,-1.327468752861022949e+00,-1.114149212837219238e+00,-9.861170649528503418e-01,-1.008710145950317383e+00,-9.052374958992004395e-01,-9.930744767189025879e-01
1.334921002388000488e+00,1.023008227348327637e+00,1.014376521110534668e+00,9.552382826805114746e-01,7.022156715393066406e-01,1.104399919509887695e+00,1.032955288887023926e+00,1.310035228729248047e+00,1.118064522743225098e+00,1.158313632011413574e+00,1.393654227256774902e+00,6.077570319175720215e-01,4.292042255401611328e-01,7.721402645111083984e-01,1.011937975883483887e+00,7.345114946365356445e-01,1.040208816528320312e+00,1.371644854545593262e+00,1.103511929512023926e+00,1.169901728630065918e+00
1.034088969230651855e+00,1.016325831413269043e+00,9.405848979949951172e-01,1.146479487419128418e+00,1.153906702995300293e+00,1.252805829048156738e+00,1.100088834762573242e+00,9.336149692535400391e-01,1.232351899147033691e+00,8.743688464164733887e-01,1.087076902389526367e+00,7.767606973648071289e-01,1.185935020446777344e+00,1.262304902076721191e+00,9.017475843429565430e-01,9.611191749572753906e-01,1.126944422721862793e+00,8.975809812545776367e-01,8.574768304824829102e-01,1.262469291687011719e+00
-7.429983019828796387e-01,-8.983802795410156250e-01,-8.834372162818908691e-01,-1.078245520591735840e+00,-1.160133361816406250e+00,-7.106795907020568848e-01,-1.071240782737731934e+00,-9.703962206840515137e-01,-9.874769449234008789e-01,-9.911384582519531250e-01,-1.369469761848449707e+00,-7.642828822135925293e-01,-9.869046211242675781e-01,-6.296035051345825195e-01,-1.088745474815368652e+00,-1.068689823150634766e+00,-1.089982151985168457e+00,-1.240537643432617188e+00,-9.647784829139709473e-01,-1.017419457435607910e+00
-1.030557394027709961e+00,-8.765109181404113770e-01,-1.188276767730712891e+00,-8.448374867439270020e-01,-9.053313732147216797e-01,-1.250560998916625977e+00,-1.178618073463439941e+00,-1.181478381156921387e+00,-9.840686917304992676e-01,-1.121327638626098633e+00,-1.122311711311340332e+00,-9.975252151489257812e-01,-1.141986012458801270e+00,-8.739177584648132324e-01,-1.644141793251037598e+00,-1.136812806129455566e+00,-1.199066996574401855e+00,-1.040788292884826660e+00,-1.075925707817077637e+00,-1.211000561714172363e+00
1.022609949111938477e+00,1.227785587310791016e+00,1.177632570266723633e+00,1.128632307052612305e+00,8.722505569458007812e-01,9.751243591308593750e-01,1.128852367401123047e+00,9.118742942810058594e-01,1.063093662261962891e+00,1.005317687988281250e+00,9.440917372703552246e-01,9.594160318374633789e-01,5.439534187316894531e-01,1.010962843894958496e+00,7.419204115867614746e-01,1.241223454475402832e+00,8.313174843788146973e-01,8.941398262977600098e-01,8.523672223091125488e-01,1.014699578285217285e+00
-6.710876226425170898e-01,-9.706920981407165527e-01,-9.135410189628601074e-01,-9.599602818489074707e-01,-8.969455957412719727e-01,-1.002621293067932129e+00,-9.296718835830688477e-01,-9.577380418777465820e-01,-9.784901738166809082e-01,-1.034988284111022949e+00,-9.841828942298889160e-01,-1.216673374176025391e+00,-1.242784976959228516e+00,-9.591497778892517090e-01,-1.133725643157958984e+00,-8.676269054412841797e-01,-7.639361619949340820e-01,-7.900271415710449219e-01,-9.990394711494445801e-01,-9.323420524597167969e-01
-9.898064136505126953e-01,-7.887757420539855957e-01,-1.041586399078369141e+00,-9.404920339584350586e-01,-1.120809435844421387e+00,-7.852534055709838867e-01,-1.011153221130371094e+00,-1.113783240318298340e+00,-1.100477814674377441e+00,-1.010809421539306641e+00,-1.205499649047851562e+00,-6.571769714355468750e-01,-1.218846440315246582e+00,-1.031014561653137207e+00,-1.678153395652770996e+00,-1.195171356201171875e+00,-1.154385805130004883e+00,-1.070476412773132324e+00,-6.353535056114196777e-01,-1.007588267326354980e+00
-9.938979744911193848e-01,-8.273174762725830078e-01,-7.117890715599060059e-01,-1.118360757827758789e+00,-1.234062433242797852e+00,-9.169752597808837891e-01,-9.790102839469909668e-01,-1.265241742134094238e+00,-9.027752280235290527e-01,-9.290353059768676758e-01,-9.258522391319274902e-01,-7.371231913566589355e-01,-1.166272521018981934e+00,-1.042927742004394531e+00,-1.358838081359863281e+00,-1.157180070877075195e+00,-8.095095753669738770e-01,-1.019307732582092285e+00,-1.058799266815185547e+00,-1.055303215980529785e+00
1.414520502090454102e+00,1.423496007919311523e+00,1.061773300170898438e+00,1.052756667137145996e+00,8.395675420761108398e-01,1.143692255020141602e+00,1.147265434265136719e+00,7.828344702720642090e-01,1.008855462074279785e+00,9.678516387939453125e-01,1.232285857200622559e+00,1.308487534523010254e+00,1.086680293083190918e+00,1.243574738502502441e+00,6.968348622322082520e-01,1.125361442565917969e+00,6.256756782531738281e-01,9.065652489662170410e-01,9.127221703529357910e-01,1.067199587821960449e+00
1.144086837768554688e+00,9.765982627868652344e-01,1.004164338111877441e+00,5.599482655525207520e-01,9.599944949150085449e-01,8.450911045074462891e-01,9.553191065788269043e-01,9.590275883674621582e-01,8.051164150238037109e-01,7.655072808265686035e-01,8.467740416526794434e-01,9.231917262077331543e-01,8.290204405784606934e-01,1.051987051963806152e+00,7.305552363395690918e-01,9.791416525840759277e-01,9.478285908699035645e-01,8.272962570190429688e-01,7.655038833618164062e-01,7.056818604469299316e-01
1.204250216484069824e+00,7.499916553497314453e-01,1.682060718536376953e+00,7.761686444282531738e-01,1.056580543518066406e+00,9.752528667449951172e-01,6.636503934860229492e-01,9.349809288978576660e-01,9.311959147453308105e-01,1.214576721191406250e+00,8.634350299835205078e-01,1.022691369056701660e+00,1.130827784538269043e+00,9.405307769775390625e-01,6.363962292671203613e-01,7.914502620697021484e-01,1.193705677986145020e+00,1.157782554626464844e+00,9.281149506568908691e-01,1.372564435005187988e+00
-7.486574649810791016e-01,-8.816430568695068359e-01,-7.319141626358032227e-01,-1.442655444145202637e+00,-1.145664453506469727e+00,-1.021201848983764648e+00,-8.157903552055358887e-01,-1.360302925109863281e+00,-9.226791262626647949e-01,-1.220523118972778320e+00,-1.072697877883911133e+00,-8.250221610069274902e-01,-1.330156326293945312e+00,-6.767254471778869629e-01,-1.221841692924499512e+00,-9.896686673164367676e-01,-1.383829593658447266e+00,-8.232549428939819336e-01,-1.135272026062011719e+00,-1.129702448844909668e+00
1.541901350021362305e+00,8.056927323341369629e-01,1.058583498001098633e+00,1.085565805435180664e+00,9.961869120597839355e-01,1.221701264381408691e+00,1.151432752609252930e+00,1.095910191535949707e+00,1.271795630455017090e+00,1.219443082809448242e+00,1.424753546714782715e+00,9.023862481117248535e-01,1.254687786102294922e+00,1.156581044197082520e+00,8.638434410095214844e-01,1.234799504280090332e+00,1.059430837631225586e+00,1.463619828224182129e+00,8.902520537376403809e-01,1.167686581611633301e+00
9.820724129676818848e-01,4.982360303401947021e-01,1.388633251190185547e+00,1.177353143692016602e+00,6.693945527076721191e-01,9.783598780632019043e-01,9.754731655120849609e-01,8.355113267898559570e-01,1.268544673919677734e+00,1.390840291976928711e+00,1.320076465606689453e+00,1.197509527206420898e+00,1.069783568382263184e+00,1.417884588241577148e+00,1.264179110527038574e+00,9.247854351997375488e-01,9.358004927635192871e-01,1.033099293708801270e+00,1.115597963333129883e+00,9.876108169555664062e-01
1.061873078346252441e+00,7.011551260948181152e-01,1.049770712852478027e+00,9.754952788352966309e-01,6.904956102371215820e-01,1.209021091461181641e+00,8.573436141014099121e-01,7.494905591011047363e-01,1.351982951164245605e+00,1.123331546783447266e+00,1.513263344764709473e+00,1.118172526359558105e+00,1.165594577789306641e+00,9.685899615287780762e-01,7.974156141281127930e-01,1.335075139999389648e+00,1.056919574737548828e+00,7.357067465782165527e-01,1.007561802864074707e+00,9.063148498535156250e-01
1.175842523574829102e+00,7.129163742065429688e-01,1.171764731407165527e+00,1.093458533287048340e+00,9.885032176971435547e-01,9.962505102157592773e-01,8.940396904945373535e-01,6.345902681350708008e-01,9.134473204612731934e-01,1.309555768966674805e+00,8.257587552070617676e-01,1.389752149581909180e+00,1.078944802284240723e+00,1.190867662429809570e+00,5.995743274688720703e-01,1.040782809257507324e+00,1.127766728401184082e+00,8.887478709220886230e-01,9.337700009346008301e-01,1.062955021858215332e+00
1.118447661399841309e+00,6.628174185752868652e-01,1.123894214630126953e+00,9.355497360229492188e-01,1.328080296516418457e+00,1.233649373054504395e+00,1.163277745246887207e+00,9.429134726524353027e-01,1.241343259811401367e+00,1.278093576431274414e+00,8.620859980583190918e-01,1.130407333374023438e+00,1.003811001777648926e+00,1.590263724327087402e+00,9.777702093124389648e-01,1.071360349655151367e+00,8.700467944145202637e-01,9.429835081100463867e-01,1.151538729667663574e+00,1.054368495941162109e+00
-1.042191505432128906e+00,-7.584113478660583496e-01,-8.219066858291625977e-01,-8.902684450149536133e-01,-1.039882421493530273e+00,-7.134206295013427734e-01,-1.104241132736206055e+00,-9.167405962944030762e-01,-1.010540366172790527e+00,-1.114351034164428711e+00,-1.082992315292358398e+00,-1.133577704429626465e+00,-1.196159839630126953e+00,-1.177783727645874023e+00,-9.342855811119079590e-01,-1.016640782356262207e+00,-1.020516633987426758e+00,-8.001667857170104980e-01,-9.429965019226074219e-01,-1.235057115554809570e+00
1.427929162979125977e+00,6.091909408569335938e-01,8.563939332962036133e-01,1.480890035629272461e+00,8.702745437622070312e-01,1.582002043724060059e+00,1.112494587898254395e+00,9.526330828666687012e-01,1.264101028442382812e+00,1.164201378822326660e+00,9.030498862266540527e-01,1.219491839408874512e+00,1.396991014480590820e+00,1.166743159294128418e+00,7.852119803428649902e-01,1.440144538879394531e+00,1.072654724121093750e+00,1.321639895439147949e+00,1.095156788825988770e+00,1.327495098114013672e+00
-9.891618490219116211e-01,-8.925703167915344238e-01,-8.223553299903869629e-01,-9.078860282897949219e-01,-1.008547902107238770e+00,-1.180077910423278809e+00,-1.271774888038635254e+00,-1.207744121551513672e+00,-1.079554200172424316e+00,-1.302724003791809082e+00,-1.086783409118652344e+00,-1.036744356155395508e+00,-1.115732073783874512e+00,-9.260144829750061035e-01,-1.382817387580871582e+00,-1.129196405410766602e+00,-1.090000152587890625e+00,-1.075867295265197754e+00,-8.370599150657653809e-01,-1.190338015556335449e+00
-9.826150536537170410e-01,-8.277541995048522949e-01,-9.512910842895507812e-01,-8.537584543228149414e-01,-1.265852093696594238e+00,-1.366100668907165527e+00,-8.728655576705932617e-01,-9.307665228843688965e-01,-1.143776059150695801e+00,-1.020421504974365234e+00,-1.553711652755737305e+00,-1.123294472694396973e+00,-1.087301969528198242e+00,-9.229330420494079590e-01,-1.112395763397216797e+00,-1.175165057182312012e+00,-1.035862922668457031e+00,-1.029980540275573730e+00,-9.786869287490844727e-01,-8.744502663612365723e-01
1.327988982200622559e+00,9.068161249160766602e-01,8.814955353736877441e-01,1.305610537528991699e+00,8.935801386833190918e-01,1.116103529930114746e+00,1.076750874519348145e+00,8.543765544891357422e-01,1.152695775032043457e+00,1.048072814941406250e+00,1.398779869079589844e+00,9.133900403976440430e-01,1.255139589309692383e+00,1.614444136619567871e+00,1.116546511650085449e+00,1.115762352943420410e+00,1.135070085525512695e+00,1.241026282310485840e+00,1.149937510490417480e+00,9.064289927482604980e-01
-9.359505176544189453e-01,-7.930514216423034668e-01,-7.950455546379089355e-01,-8.434466719627380371e-01,-9.464457035064697266e-01,-9.272677302360534668e-01,-9.658081531524658203e-01,-1.002381443977355957e+00,-1.072133421897888184e+00,-9.654349088668823242e-01,-9.254083037376403809e-01,-9.687085747718811035e-01,-8.865391612052917480e-01,-1.194469451904296875e+00,-1.524161577224731445e+00,-1.173374414443969727e+00,-8.761979937553405762e-01,-1.014465332031250000e+00,-5.937066078186035156e-01,-1.191183328628540039e+00
1.114559412002563477e+00,1.044704794883728027e+00,1.455052614212036133e+00,9.411716461181640625e-01,5.865026712417602539e-01,1.005917310714721680e+00,1.148216605186462402e+00,8.246883153915405273e-01,1.113455057144165039e+00,1.052523136138916016e+00,7.510917186737060547e-01,8.220575451850891113e-01,6.260548233985900879e-01,1.519710898399353027e+00,6.216462850570678711e-01,8.542718887329101562e-01,1.125549674034118652e+00,7.788804769515991211e-01,1.292514562606811523e+00,7.780436277389526367e-01
-1.227215170860290527e+00,-6.776782274246215820e-01,-6.767430305480957031e-01,-8.663104772567749023e-01,-7.683149576187133789e-01,-8.896715044975280762e-01,-9.730582833290100098e-01,-9.238365888595581055e-01,-1.039548873901367188e+00,-1.106094479560852051e+00,-1.193074345588684082e+00,-7.820315957069396973e-01,-1.148906588554382324e+00,-8.455136418342590332e-01,-1.221719026565551758e+00,-1.191789150238037109e+00,-8.375717401504516602e-01,-1.070350289344787598e+00,-1.117991447448730469e+00,-1.005514383316040039e+00
1.313487768173217773e+00,1.150360345840454102e+00,1.225522875785827637e+00,1.314152240753173828e+00,8.203268051147460938e-01,9.754515290260314941e-01,1.071837663650512695e+00,8.160753846168518066e-01,1.086980581283569336e+00,9.583802223205566406e-01,1.054207563400268555e+00,1.016335248947143555e+00,9.645606875419616699e-01,1.138098001480102539e+00,6.436982154846191406e-01,8.979637026786804199e-01,9.824013710021972656e-01,1.086853265762329102e+00,1.017326831817626953e+00,1.116144299507141113e+00
1.554843544960021973e+00,7.312539219856262207e-01,1.031874060630798340e+00,8.381040096282958984e-01,1.403383016586303711e+00,1.483082532882690430e+00,1.145121335983276367e+00,8.074657917022705078e-01,1.335449576377868652e+00,1.264845252037048340e+00,1.344165325164794922e+00,1.156645059585571289e+00,1.033220171928405762e+00,1.606943011283874512e+00,8.810417652130126953e-01,8.645962476730346680e-01,9.177507758140563965e-01,1.238395094871520996e+00,5.078502297401428223e-01,1.394753932952880859e+00
9.764769673347473145e-01,7.036852836608886719e-01,9.953747391700744629e-01,1.102321147918701172e+00,5.986562371253967285e-01,7.373653650283813477e-01,1.097573995590209961e+00,1.016851544380187988e+00,9.819456934928894043e-01,1.046503782272338867e+00,7.542392015457153320e-01,8.300061225891113281e-01,7.064436674118041992e-01,1.300728797912597656e+00,1.181664228439331055e+00,7.661750912666320801e-01,1.305330991744995117e+00,8.389490246772766113e-01,8.509554266929626465e-01,1.034649610519409180e+00
1.196446299552917480e+00,1.000168442726135254e+00,1.171181201934814453e+00,1.209312677383422852e+00,8.598073124885559082e-01,8.603523373603820801e-01,1.252204418182373047e+00,8.669202327728271484e-01,1.421891093254089355e+00,1.436838150024414062e+00,1.196845769882202148e+00,9.457195401191711426e-01,1.046449184417724609e+00,1.286411166191101074e+00,6.454474329948425293e-01,1.241418957710266113e+00,8.161213994026184082e-01,6.220964193344116211e-01,1.313801407814025879e+00,1.440855503082275391e+00
9.583643078804016113e-01,8.332003951072692871e-01,1.053835630416870117e+00,1.138998627662658691e+00,1.102698326110839844e+00,1.069005608558654785e+00,1.374495983123779297e+00,9.998339414596557617e-01,1.083715200424194336e+00,9.287356138229370117e-01,1.009386420249938965e+00,1.035194993019104004e+00,1.163574218750000000e+00,1.257010698318481445e+00,7.787802219390869141e-01,1.167562484741210938e+00,5.931873917579650879e-01,8.922784924507141113e-01,9.329435825347900391e-01,9.668198823928833008e-01
-6.297820806503295898e-01,-8.403813838958740234e-01,-4.145740568637847900e-01,-7.480133175849914551e-01,-9.909563660621643066e-01,-1.126450061798095703e+00,-7.580667734146118164e-01,-5.384182333946228027e-01,-8.712205290794372559e-01,-1.050557255744934082e+00,-1.174608349800109863e+00,-1.071235895156860352e+00,-8.646493554115295410e-01,-4.506112635135650635e-01,-1.176470875740051270e+00,-1.046602010726928711e+00,-7.340503931045532227e-01,-8.609541654586791992e-01,-5.525439977645874023e-01,-1.246059536933898926e+00
1.269401550292968750e+00,5.627293586730957031e-01,9.772297739982604980e-01,1.299286246299743652e+00,1.298368811607360840e+00,1.084789752960205078e+00,8.871202468872070312e-01,8.161197304725646973e-01,1.137228608131408691e+00,9.599472880363464355e-01,1.015750050544738770e+00,1.194517493247985840e+00,9.557471871376037598e-01,1.203042984008789062e+00,1.421680212020874023e+00,1.258832454681396484e+00,1.048514485359191895e+00,1.090424537658691406e+00,9.721027612686157227e-01,1.078754544258117676e+00
1.475260853767395020e+00,1.021914601325988770e+00,1.198817491531372070e+00,1.282892823219299316e+00,9.486520886421203613e-01,1.102047443389892578e+00,9.845320582389831543e-01,7.550915479660034180e-01,7.431723475456237793e-01,1.378275990486145020e+00,7.549690008163452148e-01,1.064843773841857910e+00,1.123842358589172363e+00,1.347713232040405273e+00,1.018768310546875000e+00,1.039215207099914551e+00,9.617928862571716309e-01,1.099340677261352539e+00,5.750476121902465820e-01,1.137395262718200684e+00
-4.706769287586212158e-01,-1.155635595321655273e+00,-9.296367764472961426e-01,-7.765371203422546387e-01,-1.083388805389404297e+00,-9.984784722328186035e-01,-8.629658222198486328e-01,-1.252092361450195312e+00,-8.303086757659912109e-01,-1.051152586936950684e+00,-1.003399848937988281e+00,-7.870168685913085938e-01,-1.151049971580505371e+00,-9.001119136810302734e-01,-1.264807701110839844e+00,-1.039755225181579590e+00,-1.015681982040405273e+00,-7.732094526290893555e-01,-8.976167440414428711e-01,-1.370356440544128418e+00
-1.238846778869628906e+00,-1.087334156036376953e+00,-6.778743863105773926e-01,-8.463293910026550293e-01,-7.735695242881774902e-01,-9.508845210075378418e-01,-1.092748165130615234e+00,-1.129322409629821777e+00,-8.293281793594360352e-01,-1.135217666625976562e+00,-1.283574104309082031e+00,-4.345082342624664307e-01,-1.252658486366271973e+00,-1.196425437927246094e+00,-9.300415515899658203e-01,-1.027359724044799805e+00,-1.108207225799560547e+00,-8.526451587677001953e-01,-8.801980614662170410e-01,-7.860516905784606934e-01
1.070201873779296875e+00,1.201893568038940430e+00,1.300431370735168457e+00,7.925438284873962402e-01,7.840751409530639648e-01,1.025114297866821289e+00,1.138340115547180176e+00,1.394756674766540527e+00,1.122694373130798340e+00,1.322339534759521484e+00,1.376065492630004883e+00,1.473130702972412109e+00,1.006039619445800781e+00,1.364845514297485352e+00,1.130848288536071777e+00,1.022734880447387695e+00,1.113881349563598633e+00,5.658044815063476562e-01,1.284343481063842773e+00,9.813405275344848633e-01
8.694282174110412598e-01,7.669079899787902832e-01,1.257967829704284668e+00,7.969896197319030762e-01,1.019984960556030273e+00,1.051416158676147461e+00,6.093227863311767578e-01,6.601436138153076172e-01,1.123223066329956055e+00,7.551655769348144531e-01,9.576068520545959473e-01,7.058082222938537598e-01,8.161652088165283203e-01,1.025666832923889160e+00,1.174681544303894043e+00,1.020351767539978027e+00,9.858981966972351074e-01,7.301051020622253418e-01,9.621018767356872559e-01,8.402526974678039551e-01
1.289343118667602539e+00,7.644380927085876465e-01,1.097885012626647949e+00,7.536091804504394531e-01,1.200168251991271973e+00,1.358923435211181641e+00,9.791082143783569336e-01,6.628356575965881348e-01,1.490384697914123535e+00,1.186124324798583984e+00,1.144835472106933594e+00,1.038187503814697266e+00,8.859725594520568848e-01,1.044393420219421387e+00,1.397914648056030273e+00,1.187410831451416016e+00,9.165956377983093262e-01,1.094636082649230957e+00,9.457454681396484375e-01,1.132431387901306152e+00
-1.061721801757812500e+00,-8.893086910247802734e-01,-9.431272149085998535e-01,-1.095932602882385254e+00,-1.072053074836730957e+00,-1.409559845924377441e+00,-1.089890360832214355e+00,-1.003184437751770020e+00,-8.899153470993041992e-01,-1.247488856315612793e+00,-1.090182662010192871e+00,-1.007444620132446289e+00,-1.230867147445678711e+00,-8.651797175407409668e-01,-1.066829800605773926e+00,-1.026322484016418457e+00,-1.287764668464660645e+00,-1.126174926757812500e+00,-9.209041595458984375e-01,-9.339827299118041992e-01
1.278836846351623535e+00,8.923264145851135254e-01,1.298999428749084473e+00,1.034801721572875977e+00,9.850894212722778320e-01,1.023694157600402832e+00,1.443037390708923340e+00,9.038988351821899414e-01,1.104754090309143066e+00,1.167532086372375488e+00,7.660903334617614746e-01,1.050529122352600098e+00,9.599667787551879883e-01,1.643677473068237305e+00,7.214167714118957520e-01,1.122739434242248535e+00,1.090554594993591309e+00,8.544300794601440430e-01,1.274543166160583496e+00,1.029386878013610840e+00
-1.011680603027343750e+00,-9.288511872291564941e-01,-8.127424716949462891e-01,-1.026270866394042969e+00,-1.029135584831237793e+00,-7.989418506622314453e-01,-1.343970417976379395e+00,-1.207090020179748535e+00,-1.142856717109680176e+00,-1.093920946121215820e+00,-8.904386758804321289e-01,-7.936483025550842285e-01,-8.868965506553649902e-01,-1.247648239135742188e+00,-1.137506842613220215e+00,-1.369213819503784180e+00,-8.851813077926635742e-01,-1.126580476760864258e+00,-8.073443174362182617e-01,-9.730075001716613770e-01
1.335131525993347168e+00,9.829890131950378418e-01,1.055228114128112793e+00,1.473569631576538086e+00,9.832106828689575195e-01,9.571955800056457520e-01,6.780876517295837402e-01,1.107775568962097168e+00,8.991510868072509766e-01,1.379961371421813965e+00,9.759864807128906250e-01,1.133739471435546875e+00,9.373964071273803711e-01,1.263040661811828613e+00,1.009239196777343750e+00,1.095155119895935059e+00,9.346890449523925781e-01,5.615280270576477051e-01,1.312865257263183594e+00,1.646557331085205078e+00
8.749949932098388672e-01,1.104324102401733398e+00,1.025843501091003418e+00,9.699407815933227539e-01,8.951232433319091797e-01,1.241730928421020508e+00,1.202206730842590332e+00,1.103905081748962402e+00,1.000606298446655273e+00,9.398430585861206055e-01,1.523839473724365234e+00,1.057489275932312012e+00,1.071265697479248047e+00,8.760415315628051758e-01,1.147318124771118164e+00,1.219493269920349121e+00,8.668320775032043457e-01,1.179296255111694336e+00,7.520371675491333008e-01,1.319067001342773438e+00
4.474415183067321777e-01,5.201154351234436035e-01,3.359721899032592773e-01,1.905624270439147949e-01,5.255635380744934082e-01,6.082301139831542969e-01,3.911682665348052979e-01,1.818028092384338379e-01,7.218406796455383301e-01,2.914152145385742188e-01,5.984489321708679199e-01,4.420477449893951416e-01,1.988556832075119019e-01,8.315945267677307129e-01,6.338129639625549316e-01,6.227010488510131836e-01,9.109079837799072266e-01,4.684543013572692871e-01,7.719206809997558594e-01,4.542174339294433594e-01
1.097254753112792969e+00,1.147948145866394043e+00,1.226759195327758789e+00,1.159802794456481934e+00,1.390840530395507812e+00,1.216454267501831055e+00,1.156123757362365723e+00,9.113267660140991211e-01,7.784295678138732910e-01,1.085411429405212402e+00,1.073673486709594727e+00,9.211562871932983398e-01,7.957414388656616211e-01,1.311174035072326660e+00,8.999004960060119629e-01,1.177345633506774902e+00,1.096266031265258789e+00,9.410259723663330078e-01,7.520832419395446777e-01,1.094343304634094238e+00
7.866891622543334961e-01,9.116753339767456055e-01,1.129008531570434570e+00,9.872905015945434570e-01,8.314551115036010742e-01,8.458667397499084473e-01,1.327905654907226562e+00,1.204286098480224609e+00,1.183349847793579102e+00,8.213303089141845703e-01,8.218708038330078125e-01,6.702281832695007324e-01,1.030036687850952148e+00,1.154503107070922852e+00,1.056825280189514160e+00,8.479033112525939941e-01,8.899076581001281738e-01,8.302069902420043945e-01,8.604736328125000000e-01,9.837669730186462402e-01
1.264693260192871094e+00,1.012718439102172852e+00,1.190335750579833984e+00,2.090893507003784180e+00,1.098824858665466309e+00,1.152498006820678711e+00,1.470527648925781250e+00,1.204512000083923340e+00,1.281719088554382324e+00,8.714649677276611328e-01,1.220844507217407227e+00,9.159963726997375488e-01,1.202848315238952637e+00,1.263674139976501465e+00,7.394266724586486816e-01,9.301485419273376465e-01,5.840100049972534180e-01,9.309602379798889160e-01,8.342560529708862305e-01,6.959021687507629395e-01
1.362584114074707031e+00,1.018239259719848633e+00,1.155697107315063477e+00,1.230155229568481445e+00,1.519761443138122559e+00,6.982432007789611816e-01,7.858116626739501953e-01,1.287600636482238770e+00,8.477464914321899414e-01,1.099087715148925781e+00,1.204561471939086914e+00,1.313981175422668457e+00,1.106773614883422852e+00,1.345495462417602539e+00,1.033041238784790039e+00,1.060263752937316895e+00,8.494114279747009277e-01,1.085673570632934570e+00,1.246035575866699219e+00,9.074971675872802734e-01
-1.039312362670898438e+00,-1.191193103790283203e+00,-7.189839482307434082e-01,-9.029612541198730469e-01,-1.111807703971862793e+00,-7.899948358535766602e-01,-9.668459892272949219e-01,-1.230983257293701172e+00,-6.678979396820068359e-01,-6.641084551811218262e-01,-1.191192865371704102e+00,-1.046408653259277344e+00,-1.072761535644531250e+00,-1.066433191299438477e+00,-1.167923212051391602e+00,-1.024685978889465332e+00,-9.789547920227050781e-01,-1.196116209030151367e+00,-8.041584491729736328e-01,-8.310103416442871094e-01
1.015673398971557617e+00,9.070273041725158691e-01,9.363815188407897949e-01,8.913494944572448730e-01,9.704201221466064453e-01,1.149351358413696289e+00,1.320985198020935059e+00,8.919312357902526855e-01,9.548869729042053223e-01,1.268915534019470215e+00,1.003222227096557617e+00,9.006319642066955566e-01,9.977990388870239258e-01,1.236078143119812012e+00,8.941707015037536621e-01,9.580414891242980957e-01,1.172598242759704590e+00,1.051227569580078125e+00,9.268754124641418457e-01,1.334403753280639648e+00
-1.295880198478698730e+00,-1.105014443397521973e+00,-1.084000468254089355e+00,-8.729455471038818359e-01,-9.135071039199829102e-01,-7.066660523414611816e-01,-1.034379243850708008e+00,-1.033773541450500488e+00,-9.261413216590881348e-01,-1.051086783409118652e+00,-1.029798150062561035e+00,-9.975290894508361816e-01,-9.804154634475708008e-01,-1.156423568725585938e+00,-9.679368138313293457e-01,-1.107588052749633789e+00,-8.448660373687744141e-01,-1.086030125617980957e+00,-1.291750550270080566e+00,-9.426009058952331543e-01
-8.728259801864624023e-01,-9.514403343200683594e-01,-1.080417513847351074e+00,-1.236191034317016602e+00,-1.151450276374816895e+00,-1.027276873588562012e+00,-7.342988848686218262e-01,-9.610502719879150391e-01,-9.717735648155212402e-01,-8.964335322380065918e-01,-1.147757768630981445e+00,-1.003210067749023438e+00,-1.167951107025146484e+00,-9.369847178459167480e-01,-1.437780141830444336e+00,-1.018184900283813477e+00,-9.398162961006164551e-01,-1.213327765464782715e+00,-8.386821746826171875e-01,-8.507629632949829102e-01
1.815984368324279785e+00,1.122633814811706543e+00,9.802811741828918457e-01,8.501666188240051270e-01,1.262756705284118652e+00,1.260293364524841309e+00,9.403049349784851074e-01,1.057482719421386719e+00,7.097831964492797852e-01,7.852603793144226074e-01,1.018057942390441895e+00,1.084278106689453125e+00,1.561423540115356445e+00,1.366203308105468750e+00,5.610936880111694336e-01,8.990004658699035645e-01,9.904410243034362793e-01,1.040123701095581055e+00,9.318807125091552734e-01,1.112051486968994141e+00
-1.070314288139343262e+00,-9.464763998985290527e-01,-1.198724627494812012e+00,-1.191651940345764160e+00,-1.055601239204406738e+00,-6.389127373695373535e-01,-1.054292082786560059e+00,-1.386749505996704102e+00,-6.702255606651306152e-01,-1.090589404106140137e+00,-9.065414071083068848e-01,-1.210651874542236328e+00,-1.408141016960144043e+00,-1.136148691177368164e+00,-1.222928404808044434e+00,-1.103126525878906250e+00,-9.720299839973449707e-01,-1.247956275939941406e+00,-7.258471846580505371e-01,-1.272844433784484863e+00
-9.570577740669250488e-01,-1.265364766120910645e+00,-9.866930842399597168e-01,-1.080190896987915039e+00,-7.843928337097167969e-01,-1.281839251518249512e+00,-1.258129835128784180e+00,-1.052708983421325684e+00,-1.039415717124938965e+00,-1.335104107856750488e+00,-1.229835510253906250e+00,-1.011543273925781250e+00,-1.089974164962768555e+00,-5.255808830261230469e-01,-9.373074769973754883e-01,-1.062272429466247559e+00,-7.880715727806091309e-01,-1.142511725425720215e+00,-1.150959491729736328e+00,-1.066623806953430176e+00
-8.541778922080993652e-01,-1.220165133476257324e+00,-7.746718525886535645e-01,-6.258295774459838867e-01,-8.238847255706787109e-01,-8.217591047286987305e-01,-6.008704304695129395e-01,-4.397969245910644531e-01,-8.801032900810241699e-01,-7.087033390998840332e-01,-1.087522268295288086e+00,-9.054273366928100586e-01,-8.435449004173278809e-01,-9.169285893440246582e-01,-4.761327207088470459e-01,-1.118604302406311035e+00,-6.870450377464294434e-01,-1.214203953742980957e+00,-1.007523775100708008e+00,-8.552424907684326172e-01
9.657955169677734375e-01,8.787367343902587891e-01,1.053753137588500977e+00,7.409817576408386230e-01,7.738040089607238770e-01,7.243839502334594727e-01,8.201282024383544922e-01,8.029599785804748535e-01,8.637626171112060547e-01,9.544904828071594238e-01,9.742078781127929688e-01,7.401885986328125000e-01,8.116730451583862305e-01,9.376052021980285645e-01,6.871972084045410156e-01,6.587494015693664551e-01,9.749248027801513672e-01,1.214515686035156250e+00,8.424367904663085938e-01,9.803208112716674805e-01
-1.063227415084838867e+00,-8.023686408996582031e-01,-8.824319243431091309e-01,-1.422009229660034180e+00,-1.151864528656005859e+00,-9.001608490943908691e-01,-9.904444217681884766e-01,-1.120158195495605469e+00,-8.949565887451171875e-01,-9.364882111549377441e-01,-1.197426676750183105e+00,-1.011965990066528320e+00,-1.345973253250122070e+00,-8.902142643928527832e-01,-1.017347097396850586e+00,-1.203202247619628906e+00,-1.040648937225341797e+00,-1.216812133789062500e+00,-1.013998985290527344e+00,-9.744454622268676758e-01
9.366735219955444336e-01,1.107771396636962891e+00,9.388964176177978516e-01,1.145205140113830566e+00,8.964424133300781250e-01,1.366288781166076660e+00,1.086663246154785156e+00,9.270168542861938477e-01,1.391907930374145508e+00,1.193389892578125000e+00,1.478635430335998535e+00,1.104774475097656250e+00,1.301404595375061035e+00,6.963565349578857422e-01,5.734965801239013672e-01,1.202430844306945801e+00,8.081303238868713379e-01,1.102701306343078613e+00,5.576450228691101074e-01,9.477939605712890625e-01
-1.135261178016662598e+00,-9.304118156433105469e-01,-4.783160388469696045e-01,-1.023994088172912598e+00,-1.064025878906250000e+00,-8.584397435188293457e-01,-6.855819821357727051e-01,-1.001874923706054688e+00,-1.031499266624450684e+00,-1.024303436279296875e+00,-1.396233201026916504e+00,-1.160453915596008301e+00,-1.314591884613037109e+00,-1.034164309501647949e+00,-1.310366988182067871e+00,-9.298546910285949707e-01,-1.143788218498229980e+00,-9.256939888000488281e-01,-1.140304684638977051e+00,-1.010915517807006836e+00
-1.156586289405822754e+00,-9.514493346214294434e-01,-4.133340120315551758e-01,-9.482211470603942871e-01,-8.832150697708129883e-01,-1.120485424995422363e+00,-8.136175870895385742e-01,-1.090532660484313965e+00,-7.100826501846313477e-01,-1.032298803329467773e+00,-7.506273984909057617e-01,-9.131789207458496094e-01,-9.426615834236145020e-01,-1.133244395256042480e+00,-1.162160992622375488e+00,-8.839796781539916992e-01,-9.573358893394470215e-01,-1.024544358253479004e+00,-9.650560021400451660e-01,-8.844799995422363281e-01
-1.506879448890686035e+00,-5.178836584091186523e-01,-1.032964110374450684e+00,-8.165939450263977051e-01,-9.235252141952514648e-01,-8.113711476325988770e-01,-1.084171414375305176e+00,-1.204713463783264160e+00,-9.762296080589294434e-01,-3.886195123195648193e-01,-1.100876450538635254e+00,-9.714707732200622559e-01,-8.081620335578918457e-01,-9.651935100555419922e-01,-8.356798887252807617e-01,-1.071730136871337891e+00,-9.227805733680725098e-01,-1.208241224288940430e+00,-7.453907728195190430e-01,-8.632025122642517090e-01
-1.015101552009582520e+00,-9.209432005882263184e-01,-7.094566226005554199e-01,-1.189807534217834473e+00,-8.812568187713623047e-01,-1.434284090995788574e+00,-1.107887625694274902e+00,-1.027303576469421387e+00,-9.178011417388916016e-01,-1.010959625244140625e+00,-7.428202033042907715e-01,-9.469225406646728516e-01,-1.120848298072814941e+00,-1.136842250823974609e+00,-1.525444030761718750e+00,-1.033396959304809570e+00,-8.916433453559875488e-01,-1.000654816627502441e+00,-8.036634922027587891e-01,-1.082757830619812012e+00
-1.389538407325744629e+00,-1.082619667053222656e+00,-7.565394639968872070e-01,-1.026209712028503418e+00,-6.496894955635070801e-01,-9.280124306678771973e-01,-9.056631326675415039e-01,-1.478025674819946289e+00,-8.967425823211669922e-01,-7.295827865600585938e-01,-1.211342453956604004e+00,-7.478107810020446777e-01,-1.135125994682312012e+00,-9.465449452400207520e-01,-1.263048171997070312e+00,-1.016255140304565430e+00,-1.050502777099609375e+00,-1.021718978881835938e+00,-5.768709778785705566e-01,-9.117487072944641113e-01
1.052045464515686035e+00,8.542240262031555176e-01,1.155516505241394043e+00,1.083284974098205566e+00,8.695821762084960938e-01,1.008757710456848145e+00,9.632350206375122070e-01,7.681356668472290039e-01,1.122062087059020996e+00,1.051617026329040527e+00,8.445641994476318359e-01,1.043088436126708984e+00,1.018503546714782715e+00,1.132367730140686035e+00,1.066741347312927246e+00,1.084025859832763672e+00,1.115204095840454102e+00,1.332200527191162109e+00,1.250850200653076172e+00,1.065636038780212402e+00
1.124021053314208984e+00,1.166892647743225098e+00,1.013473153114318848e+00,8.377110362052917480e-01,1.003778696060180664e+00,1.099592447280883789e+00,1.051679968833923340e+00,7.230766415596008301e-01,1.012360453605651855e+00,1.093948483467102051e+00,9.135351181030273438e-01,9.382835626602172852e-01,9.518001079559326172e-01,1.194140076637268066e+00,7.767019271850585938e-01,7.457627654075622559e-01,7.669793367385864258e-01,1.340767741203308105e+00,1.069449782371520996e+00,6.606346964836120605e-01
1.078364610671997070e+00,5.862588286399841309e-01,9.624194502830505371e-01,1.056815862655639648e+00,1.256362438201904297e+00,1.330117106437683105e+00,1.662918567657470703e+00,8.136380910873413086e-01,8.933309912681579590e-01,1.298328876495361328e+00,1.237355828285217285e+00,1.325794696807861328e+00,1.417258501052856445e+00,1.561336517333984375e+00,6.067185401916503906e-01,9.670153856277465820e-01,1.098947405815124512e+00,1.528695106506347656e+00,9.223855733871459961e-01,1.161381602287292480e+00
-9.770013093948364258e-01,-9.733561277389526367e-01,-8.501907587051391602e-01,-9.766564369201660156e-01,-9.595741629600524902e-01,-1.192660212516784668e+00,-1.284126758575439453e+00,-1.065280318260192871e+00,-7.711645960807800293e-01,-8.293663859367370605e-01,-1.109010100364685059e+00,-1.196639060974121094e+00,-1.331283092498779297e+00,-1.093401432037353516e+00,-1.323686718940734863e+00,-1.218830227851867676e+00,-1.115103363990783691e+00,-1.001647472381591797e+00,-7.076719403266906738e-01,-1.116929888725280762e+00
-1.299659132957458496e+00,-8.983383178710937500e-01,-1.016721129417419434e+00,-1.109724879264831543e+00,-1.163455843925476074e+00,-8.900080323219299316e-01,-1.044858694076538086e+00,-1.072986721992492676e+00,-8.341037631034851074e-01,-1.192107319831848145e+00,-8.837869167327880859e-01,-9.680461883544921875e-01,-1.260958552360534668e+00,-9.389146566390991211e-01,-1.236778616905212402e+00,-7.983753681182861328e-01,-9.654030799865722656e-01,-9.971397519111633301e-01,-8.811855912208557129e-01,-1.125709772109985352e+00
1.173986315727233887e+00,1.436463117599487305e+00,1.078485727310180664e+00,1.291665673255920410e+00,1.114235281944274902e+00,1.737306118011474609e+00,1.176209092140197754e+00,1.217376232147216797e+00,1.176217198371887207e+00,8.913441300392150879e-01,1.344691514968872070e+00,7.119695544242858887e-01,1.171263456344604492e+00,1.431264042854309082e+00,1.194721698760986328e+00,8.449701070785522461e-01,9.162584543228149414e-01,8.294883370399475098e-01,8.513155579566955566e-01,1.308853149414062500e+00
1.096666932106018066e+00,1.257106304168701172e+00,1.275563716888427734e+00,1.269947648048400879e+00,1.206676959991455078e+00,1.580600619316101074e+00,1.086662173271179199e+00,7.619062662124633789e-01,9.923444390296936035e-01,8.654528260231018066e-01,8.365131020545959473e-01,1.304168581962585449e+00,1.008309483528137207e+00,1.319916486740112305e+00,8.300704956054687500e-01,1.198819160461425781e+00,1.043968915939331055e+00,1.156614303588867188e+00,8.063488602638244629e-01,1.314226150512695312e+00
1.158578753471374512e+00,1.035171508789062500e+00,1.131599307060241699e+00,9.955977201461791992e-01,9.571830034255981445e-01,7.808509469032287598e-01,1.067523002624511719e+00,4.672437608242034912e-01,1.450136780738830566e+00,1.112169742584228516e+00,9.335409998893737793e-01,9.287651777267456055e-01,9.789409041404724121e-01,1.375870227813720703e+00,1.036553263664245605e+00,9.979144334793090820e-01,9.360342621803283691e-01,1.374203681945800781e+00,9.017311334609985352e-01,1.130019545555114746e+00
-6.881433129310607910e-01,-8.291544318199157715e-01,-7.792788743972778320e-01,-1.346605539321899414e+00,-1.335791826248168945e+00,-9.098864793777465820e-01,-8.260598778724670410e-01,-7.485993504524230957e-01,-1.196709513664245605e+00,-1.068969964981079102e+00,-7.352076768875122070e-01,-1.092154979705810547e+00,-1.159388542175292969e+00,-7.313752174377441406e-01,-1.345010757446289062e+00,-1.276367425918579102e+00,-8.902781009674072266e-01,-1.026295661926269531e+00,-8.027912378311157227e-01,-8.803913593292236328e-01
1.565823435783386230e+00,5.373111367225646973e-01,7.543169260025024414e-01,7.915017008781433105e-01,1.001308321952819824e+00,1.175071954727172852e+00,1.216156244277954102e+00,4.911470711231231689e-01,9.341393709182739258e-01,8.924505114555358887e-01,1.049974918365478516e+00,1.055531144142150879e+00,9.939913153648376465e-01,1.205205082893371582e+00,1.126950621604919434e+00,6.008126139640808105e-01,9.555963277816772461e-01,7.229480147361755371e-01,8.328565955162048340e-01,6.935179233551025391e-01
-1.061909317970275879e+00,-8.976387381553649902e-01,-8.685612082481384277e-01,-1.224068045616149902e+00,-1.216752171516418457e+00,-8.965826630592346191e-01,-7.896465063095092773e-01,-1.266673803329467773e+00,-1.060228943824768066e+00,-1.164850473403930664e+00,-1.089119553565979004e+00,-9.885394573211669922e-01,-8.919939994812011719e-01,-1.231124639511108398e+00,-1.379232406616210938e+00,-7.618598937988281250e-01,-1.151640176773071289e+00,-1.229461431503295898e+00,-8.775624632835388184e-01,-9.654475450515747070e-01
-8.158122301101684570e-01,-1.018361210823059082e+00,-1.058284282684326172e+00,-1.113076329231262207e+00,-9.207277894020080566e-01,-1.151023149490356445e+00,-1.239369273185729980e+00,-8.871964812278747559e-01,-8.421359062194824219e-01,-1.287019252777099609e+00,-9.308035373687744141e-01,-7.825758457183837891e-01,-8.941434621810913086e-01,-8.253716826438903809e-01,-9.561846256256103516e-01,-9.719886779785156250e-01,-1.192648768424987793e+00,-1.051779508590698242e+00,-1.150400638580322266e+00,-9.496262073516845703e-01
-1.451351881027221680e+00,-8.237647414207458496e-01,-1.126313805580139160e+00,-1.074559450149536133e+00,-1.392794847488403320e+00,-1.207217335700988770e+00,-7.947053313255310059e-01,-1.072715759277343750e+00,-7.572113871574401855e-01,-9.743661284446716309e-01,-8.045235872268676758e-01,-8.906471133232116699e-01,-1.121400356292724609e+00,-1.033772945404052734e+00,-8.692092895507812500e-01,-8.531929254531860352e-01,-1.299234628677368164e+00,-9.392827749252319336e-01,-1.079012632369995117e+00,-1.026570796966552734e+00
1.239648580551147461e+00,1.077320933341979980e+00,1.296202301979064941e+00,1.055183172225952148e+00,1.138016343116760254e+00,1.252764105796813965e+00,8.557023406028747559e-01,8.319385051727294922e-01,1.320386886596679688e+00,1.207049131393432617e+00,1.107896327972412109e+00,8.486850857734680176e-01,9.647089242935180664e-01,1.254677653312683105e+00,1.065013885498046875e+00,1.088458538055419922e+00,1.056314587593078613e+00,1.193214535713195801e+00,7.721036076545715332e-01,1.381287574768066406e+00
9.420372247695922852e-01,9.564231038093566895e-01,9.643434882164001465e-01,1.058551549911499023e+00,9.349400997161865234e-01,8.145487904548645020e-01,1.254596710205078125e+00,1.238420486450195312e+00,8.673604726791381836e-01,1.166308164596557617e+00,8.527734875679016113e-01,9.691289663314819336e-01,7.555310130119323730e-01,9.507369995117187500e-01,1.088764786720275879e+00,8.754627704620361328e-01,1.046451807022094727e+00,6.693917512893676758e-01,1.263607025146484375e+00,7.938359379768371582e-01
1.326241493225097656e+00,1.029410481452941895e+00,1.132602691650390625e+00,1.476063251495361328e+00,9.377624988555908203e-01,1.099066615104675293e+00,1.343198537826538086e+00,8.562197089195251465e-01,1.250690340995788574e+00,1.262986540794372559e+00,1.290860056877136230e+00,1.081837892532348633e+00,8.174034953117370605e-01,1.200897574424743652e+00,1.048350095748901367e+00,1.136647582054138184e+00,9.580691456794738770e-01,1.165624856948852539e+00,1.508264064788818359e+00,1.370107650756835938e+00
1.284502983093261719e+00,1.540547251701354980e+00,9.450385570526123047e-01,1.013350009918212891e+00,9.261292219161987305e-01,1.537679553031921387e+00,1.111726641654968262e+00,7.805446982383728027e-01,1.462513089179992676e+00,1.007096409797668457e+00,1.005717158317565918e+00,1.396996974945068359e+00,1.050046324729919434e+00,1.020787000656127930e+00,9.582449197769165039e-01,8.917821049690246582e-01,7.928692102432250977e-01,8.895480632781982422e-01,1.359096884727478027e+00,7.703996896743774414e-01
8.565010428428649902e-01,8.387206792831420898e-01,1.107462286949157715e+00,8.195158243179321289e-01,1.063923120498657227e+00,1.258293628692626953e+00,9.575270414352416992e-01,7.633748650550842285e-01,8.196372389793395996e-01,8.922415971755981445e-01,1.020640254020690918e+00,8.173450231552124023e-01,9.258295893669128418e-01,1.072484731674194336e+00,1.007811665534973145e+00,8.100963234901428223e-01,6.823579668998718262e-01,1.160698652267456055e+00,1.110022783279418945e+00,1.004537582397460938e+00
1.181455492973327637e+00,1.180990457534790039e+00,1.227587580680847168e+00,1.105232238769531250e+00,9.191377758979797363e-01,8.595285415649414062e-01,8.646068572998046875e-01,1.018542528152465820e+00,8.245174884796142578e-01,1.105742454528808594e+00,1.160872340202331543e+00,7.542473077774047852e-01,9.381577968597412109e-01,1.465491890907287598e+00,1.190706133842468262e+00,7.520434260368347168e-01,9.777042269706726074e-01,1.123264312744140625e+00,1.052714109420776367e+00,1.077172160148620605e+00
-5.957707762718200684e-01,-8.781825900077819824e-01,-7.663091421127319336e-01,-8.439043164253234863e-01,-1.280643939971923828e+00,-8.475241065025329590e-01,-4.211062788963317871e-01,-1.022740006446838379e+00,-1.029861927032470703e+00,-9.969221353530883789e-01,-8.629602193832397461e-01,-1.256861925125122070e+00,-1.101566553115844727e+00,-8.777710199356079102e-01,-8.637191653251647949e-01,-1.212940096855163574e+00,-8.156971335411071777e-01,-9.895166158676147461e-01,-9.868841767311096191e-01,-1.275277853012084961e+00
-1.147847771644592285e+00,-5.910367965698242188e-01,-8.209624290466308594e-01,-7.703254222869873047e-01,-1.069615602493286133e+00,-1.047030329704284668e+00,-1.262272834777832031e+00,-1.005305290222167969e+00,-7.901841998100280762e-01,-1.516742825508117676e+00,-1.111790418624877930e+00,-1.081195354461669922e+00,-1.393277525901794434e+00,-8.333034515380859375e-01,-1.115137457847595215e+00,-8.693322539329528809e-01,-1.084904313087463379e+00,-8.662872910499572754e-01,-1.015345335006713867e+00,-6.427804231643676758e-01
1.068152546882629395e+00,1.115934729576110840e+00,1.068931937217712402e+00,1.154791116714477539e+00,9.960359930992126465e-01,1.425324678421020508e+00,8.895376920700073242e-01,1.034455418586730957e+00,1.169931650161743164e+00,8.269978165626525879e-01,1.053513526916503906e+00,1.404627919197082520e+00,1.307156562805175781e+00,2.017732381820678711e+00,9.945032000541687012e-01,1.307236790657043457e+00,1.069391608238220215e+00,1.071699261665344238e+00,9.894973039627075195e-01,1.174520611763000488e+00
-8.941749334335327148e-01,-1.004921555519104004e+00,-1.003315448760986328e+00,-1.057621359825134277e+00,-1.407229185104370117e+00,-9.274899959564208984e-01,-9.349256157875061035e-01,-1.007480263710021973e+00,-1.350586056709289551e+00,-1.337385177612304688e+00,-9.516321420669555664e-01,-1.540039539337158203e+00,-1.349768757820129395e+00,-5.166944265365600586e-01,-1.026789784431457520e+00,-8.758489489555358887e-01,-1.030329346656799316e+00,-8.689185380935668945e-01,-9.341964721679687500e-01,-1.080493092536926270e+00
-8.206052780151367188e-01,-9.117071032524108887e-01,-6.784188747406005859e-01,-8.945988416671752930e-01,-7.132942080497741699e-01,-7.377876639366149902e-01,-8.496785759925842285e-01,-9.682651758193969727e-01,-1.051447391510009766e+00,-7.445309758186340332e-01,-1.230317354202270508e+00,-8.288702368736267090e-01,-1.116480946540832520e+00,-1.149097561836242676e+00,-1.320339441299438477e+00,-1.077587246894836426e+00,-9.092172384262084961e-01,-7.659681439399719238e-01,-1.049697041511535645e+00,-1.013574957847595215e+00
1.098037481307983398e+00,1.121968507766723633e+00,1.168370485305786133e+00,1.545584917068481445e+00,1.303277254104614258e+00,1.026111602783203125e+00,6.353214383125305176e-01,1.416453838348388672e+00,9.980273842811584473e-01,7.941762208938598633e-01,7.806843519210815430e-01,1.273604750633239746e+00,6.781994700431823730e-01,1.144649028778076172e+00,1.419483423233032227e+00,1.272417902946472168e+00,1.229112625122070312e+00,1.250950098037719727e+00,9.652889966964721680e-01,1.578601360321044922e+00
-9.145738482475280762e-01,-9.726108908653259277e-01,-9.937212467193603516e-01,-1.034278512001037598e+00,-1.229183435440063477e+00,-9.107180237770080566e-01,-9.833036065101623535e-01,-1.126709222793579102e+00,-8.781929016113281250e-01,-1.186702966690063477e+00,-9.523740410804748535e-01,-1.238438606262207031e+00,-1.287619948387145996e+00,-8.973416686058044434e-01,-1.492177605628967285e+00,-1.117697119712829590e+00,-8.196242451667785645e-01,-1.011265277862548828e+00,-8.124414682388305664e-01,-9.249489307403564453e-01
-7.265515327453613281e-01,-9.387370347976684570e-01,-9.464479684829711914e-01,-1.079578757286071777e+00,-1.102066874504089355e+00,-8.479682207107543945e-01,-1.026858687400817871e+00,-1.242142200469970703e+00,-1.076423406600952148e+00,-9.574531912803649902e-01,-1.354695081710815430e+00,-1.032399177551269531e+00,-9.337564110755920410e-01,-1.057927012443542480e+00,-1.316084384918212891e+00,-1.265437960624694824e+00,-8.054358959197998047e-01,-9.441930651664733887e-01,-1.019096016883850098e+00,-9.745196700096130371e-01
-1.098229408264160156e+00,-1.080545544624328613e+00,-7.386434078216552734e-01,-7.479743957519531250e-01,-1.162209153175354004e+00,-8.934397697448730469e-01,-1.095587968826293945e+00,-1.194611072540283203e+00,-7.450557351112365723e-01,-6.913568377494812012e-01,-1.367698192596435547e+00,-9.274404644966125488e-01,-7.256168723106384277e-01,-1.007673740386962891e+00,-9.618785381317138672e-01,-1.061606645584106445e+00,-8.802722692489624023e-01,-9.143610000610351562e-01,-8.946926593780517578e-01,-1.125121593475341797e+00
1.373848438262939453e+00,1.204231977462768555e+00,1.421148657798767090e+00,1.374286770820617676e+00,1.380805373191833496e+00,1.110942602157592773e+00,9.211638569831848145e-01,1.001419305801391602e+00,7.515705823898315430e-01,9.960966706275939941e-01,1.431716799736022949e+00,1.060137033462524414e+00,1.213489890098571777e+00,1.691427588462829590e+00,8.452970385551452637e-01,8.320457339286804199e-01,7.989712357521057129e-01,8.385252356529235840e-01,1.227225899696350098e+00,1.287037968635559082e+00
-1.139737725257873535e+00,-1.069328665733337402e+00,-8.275226950645446777e-01,-1.034808397293090820e+00,-9.435384273529052734e-01,-8.274038434028625488e-01,-1.077359676361083984e+00,-8.095683455467224121e-01,-8.329318165779113770e-01,-1.264064669609069824e+00,-9.946887493133544922e-01,-1.088243365287780762e+00,-1.014691591262817383e+00,-5.878741145133972168e-01,-1.346675515174865723e+00,-1.158313989639282227e+00,-1.342042088508605957e+00,-1.383872389793395996e+00,-9.397426247596740723e-01,-1.082765936851501465e+00
1.549705982208251953e+00,8.651081919670104980e-01,1.738018631935119629e+00,1.287547230720520020e+00,1.181154131889343262e+00,7.589685320854187012e-01,1.355012178421020508e+00,5.929680466651916504e-01,1.259182572364807129e+00,9.480029344558715820e-01,1.573437333106994629e+00,6.303505897521972656e-01,8.392419219017028809e-01,1.425354599952697754e+00,9.751784801483154297e-01,1.164331674575805664e+00,5.766616463661193848e-01,1.343061327934265137e+00,5.059219598770141602e-01,8.385475277900695801e-01
-9.927875995635986328e-01,-1.026370882987976074e+00,-1.175636172294616699e+00,-1.309490203857421875e+00,-1.131886363029479980e+00,-8.973934054374694824e-01,-8.116132616996765137e-01,-1.079823374748229980e+00,-8.089622259140014648e-01,-9.531915783882141113e-01,-1.011615633964538574e+00,-9.969075322151184082e-01,-1.474982261657714844e+00,-1.042731165885925293e+00,-1.152516603469848633e+00,-1.035947442054748535e+00,-9.060174822807312012e-01,-9.394677281379699707e-01,-1.072360157966613770e+00,-7.060980796813964844e-01
-1.173216938972473145e+00,-1.023429155349731445e+00,-9.616656899452209473e-01,-8.104124069213867188e-01,-1.051596999168395996e+00,-6.848060488700866699e-01,-6.765965819358825684e-01,-8.592719435691833496e-01,-8.817586898803710938e-01,-8.382823467254638672e-01,-1.147099852561950684e+00,-1.440859556198120117e+00,-1.148062705993652344e+00,-9.386223554611206055e-01,-1.171960949897766113e+00,-1.326936602592468262e+00,-1.131985902786254883e+00,-1.462889552116394043e+00,-1.123468875885009766e+00,-9.459826350212097168e-01
9.039129614830017090e-01,1.108072042465209961e+00,1.284053206443786621e+00,9.497025012969970703e-01,1.116750001907348633e+00,1.345704674720764160e+00,9.377506375312805176e-01,8.995042443275451660e-01,1.219403505325317383e+00,8.248691558837890625e-01,1.269243836402893066e+00,8.120521306991577148e-01,9.996989369392395020e-01,7.668749094009399414e-01,1.060873270034790039e+00,9.466063380241394043e-01,8.787969350814819336e-01,1.276413083076477051e+00,1.021993160247802734e+00,7.854086160659790039e-01
1.233156800270080566e+00,1.245034933090209961e+00,1.246272444725036621e+00,9.583911299705505371e-01,1.121690511703491211e+00,1.095977902412414551e+00,7.699517011642456055e-01,8.473302721977233887e-01,1.305068492889404297e+00,1.451744318008422852e+00,7.798776030540466309e-01,1.307787775993347168e+00,1.230337023735046387e+00,8.984048962593078613e-01,7.865483164787292480e-01,1.576796293258666992e+00,1.123295187950134277e+00,1.228546738624572754e+00,9.683635234832763672e-01,1.018775105476379395e+00
1.039880752563476562e+00,1.402711987495422363e+00,1.004166603088378906e+00,8.188015222549438477e-01,9.241795539855957031e-01,9.850487709045410156e-01,1.287614107131958008e+00,1.290442466735839844e+00,1.281698346138000488e+00,1.069779157638549805e+00,1.066287040710449219e+00,1.212109327316284180e+00,1.186781525611877441e+00,1.182113409042358398e+00,8.286378979682922363e-01,9.781904220581054688e-01,9.305333495140075684e-01,1.085599660873413086e+00,1.038349032402038574e+00,9.364988207817077637e-01
1.588788866996765137e+00,1.081694126129150391e+00,1.254151463508605957e+00,1.038455724716186523e+00,9.407348036766052246e-01,1.183201670646667480e+00,1.030367136001586914e+00,7.887030839920043945e-01,1.374300360679626465e+00,1.002735137939453125e+00,9.585651755332946777e-01,8.251132965087890625e-01,8.499175906181335449e-01,1.317819237709045410e+00,4.189376831054687500e-01,8.495916128158569336e-01,9.763603806495666504e-01,1.211322665214538574e+00,8.181125521659851074e-01,1.100890517234802246e+00
-1.149567842483520508e+00,-9.961490035057067871e-01,-1.059236407279968262e+00,-1.086780071258544922e+00,-1.053943991661071777e+00,-7.415401339530944824e-01,-1.117605090141296387e+00,-1.076350331306457520e+00,-1.019363403320312500e+00,-6.503855586051940918e-01,-1.191886544227600098e+00,-9.454666376113891602e-01,-9.382607936859130859e-01,-9.224464297294616699e-01,-1.206518769264221191e+00,-8.852468729019165039e-01,-9.492960572242736816e-01,-1.243999361991882324e+00,-9.699376225471496582e-01,-1.249164581298828125e+00
-1.345068097114562988e+00,-1.220571637153625488e+00,-1.088140130043029785e+00,-1.135324597358703613e+00,-1.032842993736267090e+00,-8.067569732666015625e-01,-9.133852720260620117e-01,-1.107511162757873535e+00,-8.494571447372436523e-01,-1.183172821998596191e+00,-1.064045667648315430e+00,-1.241081595420837402e+00,-1.137478113174438477e+00,-6.071907281875610352e-01,-1.347860097885131836e+00,-1.043635725975036621e+00,-1.233930230140686035e+00,-1.050613403320312500e+00,-1.061867833137512207e+00,-1.094053387641906738e+00
1.300409674644470215e+00,6.558152437210083008e-01,1.129276037216186523e+00,1.067501425743103027e+00,1.125393390655517578e+00,9.048066735267639160e-01,1.177950739860534668e+00,5.942741036415100098e-01,1.328007102012634277e+00,1.262148261070251465e+00,5.503976345062255859e-01,8.132541179656982422e-01,9.975814223289489746e-01,1.330567002296447754e+00,7.804111838340759277e-01,1.039880514144897461e+00,8.491882681846618652e-01,1.368162631988525391e+00,6.297824382781982422e-01,1.182178378105163574e+00
9.672892689704895020e-01,9.559087753295898438e-01,9.596365094184875488e-01,9.894709587097167969e-01,1.019338488578796387e+00,9.180573821067810059e-01,6.371975541114807129e-01,8.111353516578674316e-01,9.754408001899719238e-01,9.968459606170654297e-01,8.195219039916992188e-01,8.644582629203796387e-01,8.354574441909790039e-01,1.232677698135375977e+00,7.887764573097229004e-01,1.068964600563049316e+00,4.351875483989715576e-01,1.019555449485778809e+00,5.099101662635803223e-01,7.234642505645751953e-01
1.161389231681823730e+00,9.262048602104187012e-01,8.794819116592407227e-01,1.268091201782226562e+00,9.436500072479248047e-01,1.208173871040344238e+00,1.088358283042907715e+00,1.014221310615539551e+00,1.145777463912963867e+00,1.036652803421020508e+00,1.042417049407958984e+00,8.691197037696838379e-01,8.320031166076660156e-01,1.266490459442138672e+00,1.029635429382324219e+00,1.358467817306518555e+00,1.402299523353576660e+00,1.147534251213073730e+00,9.420210123062133789e-01,1.106177806854248047e+00
1.443571567535400391e+00,9.021804928779602051e-01,1.310764551162719727e+00,1.079727768898010254e+00,1.030149459838867188e+00,1.374953866004943848e+00,1.152225732803344727e+00,5.586819648742675781e-01,1.061977505683898926e+00,9.548537135124206543e-01,8.179213404655456543e-01,9.939720630645751953e-01,1.232289195060729980e+00,1.430532693862915039e+00,1.113487243652343750e+00,8.973004221916198730e-01,1.182869791984558105e+00,9.223746061325073242e-01,1.136617779731750488e+00,1.254377603530883789e+00
-9.298248887062072754e-01,-8.642023801803588867e-01,-9.449018836021423340e-01,-1.221816420555114746e+00,-1.007933378219604492e+00,-7.469674944877624512e-01,-9.656806588172912598e-01,-1.079103827476501465e+00,-1.123085498809814453e+00,-9.499518275260925293e-01,-8.649255633354187012e-01,-9.569726586341857910e-01,-1.236261129379272461e+00,-1.223382115364074707e+00,-1.282052040100097656e+00,-1.032218933105468750e+00,-9.527073502540588379e-01,-8.468091487884521484e-01,-1.180831313133239746e+00,-8.930718302726745605e-01
1.631191134452819824e+00,8.687835335731506348e-01,1.002247691154479980e+00,1.128790497779846191e+00,9.941399693489074707e-01,7.923493981361389160e-01,9.344005584716796875e-01,6.831642389297485352e-01,9.989931583404541016e-01,8.512206673622131348e-01,1.151450514793395996e+00,1.080032110214233398e+00,9.719291925430297852e-01,1.712596416473388672e+00,1.044772624969482422e+00,1.120321750640869141e+00,9.256858229637145996e-01,1.061747193336486816e+00,6.780723333358764648e-01,7.399091720581054688e-01
1.066764473915100098e+00,1.167065382003784180e+00,9.142643213272094727e-01,1.384142994880676270e+00,1.323041200637817383e+00,1.461617231369018555e+00,9.656730294227600098e-01,1.026457071304321289e+00,9.398152828216552734e-01,1.096091985702514648e+00,1.228114843368530273e+00,6.594477295875549316e-01,8.367487192153930664e-01,9.865051507949829102e-01,8.354030251502990723e-01,1.126057267189025879e+00,1.083982348442077637e+00,1.017896294593811035e+00,1.062886238098144531e+00,9.556809067726135254e-01
-1.085286855697631836e+00,-9.112176895141601562e-01,-1.065193653106689453e+00,-1.370059251785278320e+00,-7.796742916107177734e-01,-8.148220181465148926e-01,-8.827777504920959473e-01,-1.153818011283874512e+00,-9.919978380203247070e-01,-9.511163830757141113e-01,-8.321539759635925293e-01,-9.402275085449218750e-01,-1.420047402381896973e+00,-9.556624293327331543e-01,-1.031700253486633301e+00,-8.817108273506164551e-01,-5.446612834930419922e-01,-1.053002238273620605e+00,-1.013092637062072754e+00,-8.933451175689697266e-01
1.388873100280761719e+00,1.400385856628417969e+00,8.312606215476989746e-01,9.805884957313537598e-01,1.050787925720214844e+00,1.071082234382629395e+00,9.356548190116882324e-01,1.304523229598999023e+00,1.043129444122314453e+00,6.649108529090881348e-01,8.967528939247131348e-01,1.303150653839111328e+00,7.442303299903869629e-01,1.051187515258789062e+00,8.422148823738098145e-01,9.674004316329956055e-01,7.935588359832763672e-01,9.929071068763732910e-01,1.232641577720642090e+00,1.115118622779846191e+00
1.026508927345275879e+00,1.162063837051391602e+00,1.123941659927368164e+00,1.104155540466308594e+00,9.987199306488037109e-01,1.057123661041259766e+00,1.014487385749816895e+00,1.195133328437805176e+00,1.118026256561279297e+00,7.178262472152709961e-01,9.342710971832275391e-01,1.098717570304870605e+00,7.664393782615661621e-01,1.255084753036499023e+00,7.634088397026062012e-01,7.702795863151550293e-01,1.051977276802062988e+00,8.987850546836853027e-01,1.185866355895996094e+00,1.036860108375549316e+00
1.596101284027099609e+00,6.952920556068420410e-01,1.360669851303100586e+00,1.287116885185241699e+00,1.121541619300842285e+00,7.651222944259643555e-01,9.523175954818725586e-01,1.160209417343139648e+00,1.250758528709411621e+00,1.077894687652587891e+00,7.655407190322875977e-01,1.055079698562622070e+00,1.068010687828063965e+00,1.469411849975585938e+00,7.420414686203002930e-01,1.173325896263122559e+00,9.595304131507873535e-01,1.044386267662048340e+00,7.164360284805297852e-01,1.545524001121520996e+00
1.027907729148864746e+00,1.082226872444152832e+00,1.161839365959167480e+00,5.868689417839050293e-01,1.224011898040771484e+00,9.524011015892028809e-01,8.223368525505065918e-01,6.801582574844360352e-01,9.857003688812255859e-01,1.163375616073608398e+00,1.181030631065368652e+00,8.362815976142883301e-01,1.093198537826538086e+00,1.167643189430236816e+00,1.167478322982788086e+00,8.253046870231628418e-01,9.239104986190795898e-01,1.374820351600646973e+00,7.477363944053649902e-01,6.546968221664428711e-01
1.198289752006530762e+00,8.624821901321411133e-01,1.287456512451171875e+00,8.953025937080383301e-01,1.114637494087219238e+00,8.802471756935119629e-01,1.144541859626770020e+00,7.659760117530822754e-01,1.361208915710449219e+00,1.052828788757324219e+00,8.739266991615295410e-01,7.669256925582885742e-01,9.168434739112854004e-01,1.385196685791015625e+00,7.642869353294372559e-01,1.221790790557861328e+00,1.189502358436584473e+00,1.213733553886413574e+00,9.816495180130004883e-01,1.185330629348754883e+00
1.535999774932861328e+00,1.459564208984375000e+00,1.358149886131286621e+00,5.930923819541931152e-01,1.188113927841186523e+00,1.274377584457397461e+00,1.251839756965637207e+00,1.061736702919006348e+00,1.253320336341857910e+00,1.044103145599365234e+00,5.092782378196716309e-01,1.275835037231445312e+00,1.182956814765930176e+00,1.231659412384033203e+00,7.005218863487243652e-01,9.713659882545471191e-01,9.767156839370727539e-01,1.006471633911132812e+00,6.043220758438110352e-01,7.930092215538024902e-01
-1.056714773178100586e+00,-1.090134978294372559e+00,-6.160062551498413086e-01,-8.742147088050842285e-01,-1.019629955291748047e+00,-9.799695611000061035e-01,-1.305963158607482910e+00,-1.075541377067565918e+00,-1.148806691169738770e+00,-8.407327532768249512e-01,-1.229408979415893555e+00,-1.240418910980224609e+00,-9.914674758911132812e-01,-7.564874291419982910e-01,-1.143052816390991211e+00,-1.245991706848144531e+00,-9.899631738662719727e-01,-1.137713909149169922e+00,-1.110665917396545410e+00,-9.939590692520141602e-01
-9.432029724121093750e-01,-1.051864624023437500e+00,-1.164811253547668457e+00,-9.996529221534729004e-01,-7.192844748497009277e-01,-8.445359468460083008e-01,-9.016745090484619141e-01,-8.613141179084777832e-01,-9.486990571022033691e-01,-1.211658835411071777e+00,-1.011318564414978027e+00,-1.067647933959960938e+00,-1.125602006912231445e+00,-6.550474166870117188e-01,-1.583591103553771973e+00,-9.332093596458435059e-01,-1.224485278129577637e+00,-1.167363762855529785e+00,-1.015088319778442383e+00,-1.278895020484924316e+00
-8.177071213722229004e-01,-8.536105751991271973e-01,-8.806998729705810547e-01,-1.094477891921997070e+00,-8.365679383277893066e-01,-7.758095860481262207e-01,-8.699566721916198730e-01,-1.113998055458068848e+00,-9.699257016181945801e-01,-1.190521478652954102e+00,-1.426951169967651367e+00,-1.060666203498840332e+00,-1.196773886680603027e+00,-1.064354181289672852e+00,-1.271242141723632812e+00,-1.119186639785766602e+00,-1.140690803527832031e+00,-1.298449993133544922e+00,-1.061889052391052246e+00,-9.529383778572082520e-01
-1.249580979347229004e+00,-8.763447999954223633e-01,-7.415490150451660156e-01,-1.195896744728088379e+00,-1.034308314323425293e+00,-7.115480303764343262e-01,-1.016702175140380859e+00,-1.045255184173583984e+00,-1.207215309143066406e+00,-8.329449892044067383e-01,-1.090014457702636719e+00,-1.056094765663146973e+00,-1.097581386566162109e+00,-1.214386582374572754e+00,-1.091402530670166016e+00,-1.111992716789245605e+00,-1.107885956764221191e+00,-9.615327119827270508e-01,-9.812001585960388184e-01,-1.279086470603942871e+00
1.317830562591552734e+00,1.280305981636047363e+00,1.118467569351196289e+00,9.971629381179809570e-01,8.786471486091613770e-01,8.485650420188903809e-01,1.214398145675659180e+00,1.313541293144226074e+00,1.294511795043945312e+00,1.303270101547241211e+00,8.792945742607116699e-01,9.523816108703613281e-01,9.997208118438720703e-01,1.315003633499145508e+00,7.484127283096313477e-01,1.235519886016845703e+00,9.080585241317749023e-01,1.203610181808471680e+00,9.078853726387023926e-01,9.642561078071594238e-01
6.045076847076416016e-01,4.931629002094268799e-01,1.161218166351318359e+00,8.728059530258178711e-01,1.067327737808227539e+00,1.031795024871826172e+00,1.035806894302368164e+00,8.325934410095214844e-01,8.713133931159973145e-01,8.521925210952758789e-01,1.081327080726623535e+00,1.221624732017517090e+00,8.753392100334167480e-01,1.098386645317077637e+00,1.081841230392456055e+00,9.044169187545776367e-01,1.160926938056945801e+00,6.835117936134338379e-01,1.134395837783813477e+00,1.136943459510803223e+00
1.469836473464965820e+00,8.321617245674133301e-01,1.377549648284912109e+00,8.551408648490905762e-01,1.309015631675720215e+00,1.095055460929870605e+00,9.264642000198364258e-01,9.589901566505432129e-01,1.388566374778747559e+00,1.474974274635314941e+00,1.117643952369689941e+00,1.157856464385986328e+00,1.271841645240783691e+00,1.738891243934631348e+00,8.958203196525573730e-01,9.430820345878601074e-01,9.990698099136352539e-01,1.361273407936096191e+00,3.511684238910675049e-01,9.605484008789062500e-01
-7.411249876022338867e-01,-1.069948434829711914e+00,-7.424587607383728027e-01,-9.186255931854248047e-01,-1.283447742462158203e+00,-1.012593030929565430e+00,-1.034556746482849121e+00,-1.184770226478576660e+00,-1.171854496002197266e+00,-1.191746592521667480e+00,-8.624197244644165039e-01,-9.945119023323059082e-01,-1.292623400688171387e+00,-1.019453644752502441e+00,-1.217924118041992188e+00,-8.220292329788208008e-01,-1.041401982307434082e+00,-1.004768729209899902e+00,-1.074810504913330078e+00,-9.624145030975341797e-01
1.603440999984741211e+00,1.049708366394042969e+00,1.110443949699401855e+00,1.423738360404968262e+00,9.028360843658447266e-01,1.266360521316528320e+00,1.104916691780090332e+00,6.758525371551513672e-01,1.370245218276977539e+00,1.124751925468444824e+00,1.026373505592346191e+00,1.081017017364501953e+00,7.553437352180480957e-01,1.514379382133483887e+00,1.155410051345825195e+00,1.067279934883117676e+00,6.875438690185546875e-01,1.196368217468261719e+00,6.688612699508666992e-01,1.203173279762268066e+00
-1.249694228172302246e+00,-1.155347585678100586e+00,-7.834413647651672363e-01,-8.863189816474914551e-01,-9.490895271301269531e-01,-8.061156272888183594e-01,-1.093990325927734375e+00,-1.224219202995300293e+00,-1.119425415992736816e+00,-9.566926360130310059e-01,-1.197594046592712402e+00,-1.136342644691467285e+00,-1.419222593307495117e+00,-9.310545921325683594e-01,-1.356971263885498047e+00,-1.103853225708007812e+00,-7.416343092918395996e-01,-1.066103458404541016e+00,-8.947085738182067871e-01,-1.001466989517211914e+00
1.145819544792175293e+00,8.698236346244812012e-01,8.085018992424011230e-01,1.259960889816284180e+00,9.560939669609069824e-01,7.688050270080566406e-01,1.124704003334045410e+00,6.779730916023254395e-01,1.325917124748229980e+00,1.146912693977355957e+00,1.369332790374755859e+00,1.323111891746520996e+00,1.086410880088806152e+00,1.636573910713195801e+00,1.157088279724121094e+00,1.006371259689331055e+00,9.604669809341430664e-01,1.452501654624938965e+00,7.892675995826721191e-01,1.258688926696777344e+00
1.300305485725402832e+00,8.927288055419921875e-01,1.055541992187500000e+00,9.168171286582946777e-01,1.075937151908874512e+00,7.995028495788574219e-01,1.042495012283325195e+00,4.589696824550628662e-01,1.216092467308044434e+00,8.791153430938720703e-01,8.450298905372619629e-01,5.540721416473388672e-01,1.009054899215698242e+00,1.251439213752746582e+00,7.087989449501037598e-01,7.526316046714782715e-01,7.349764108657836914e-01,1.151438474655151367e+00,6.467164158821105957e-01,7.680861949920654297e-01
1.447115421295166016e+00,1.032667160034179688e+00,1.301783323287963867e+00,1.276693344116210938e+00,1.255935311317443848e+00,1.125849485397338867e+00,1.201655149459838867e+00,6.975639462471008301e-01,9.877310991287231445e-01,1.005573749542236328e+00,1.035224556922912598e+00,1.283391237258911133e+00,9.374641776084899902e-01,1.632177472114562988e+00,9.756249189376831055e-01,9.320571422576904297e-01,9.282789230346679688e-01,9.944706559181213379e-01,1.033333659172058105e+00,1.098575711250305176e+00
-9.814416170120239258e-01,-1.006655693054199219e+00,-9.683956503868103027e-01,-7.639139294624328613e-01,-1.433299899101257324e+00,-9.771512150764465332e-01,-1.038334608078002930e+00,-1.032630324363708496e+00,-7.099115252494812012e-01,-8.646944165229797363e-01,-9.047453999519348145e-01,-7.910109758377075195e-01,-1.255020380020141602e+00,-9.537765383720397949e-01,-1.005124092102050781e+00,-1.181885600090026855e+00,-1.021828413009643555e+00,-7.513870000839233398e-01,-6.714396476745605469e-01,-1.124980211257934570e+00
1.141373991966247559e+00,1.001061201095581055e+00,1.034987211227416992e+00,1.076302051544189453e+00,1.170317053794860840e+00,9.742268919944763184e-01,8.368520140647888184e-01,8.538166284561157227e-01,1.157793998718261719e+00,1.235816717147827148e+00,1.087094187736511230e+00,1.111600279808044434e+00,7.837888598442077637e-01,1.210498571395874023e+00,1.059410810470581055e+00,1.119896531105041504e+00,1.019298553466796875e+00,9.107835292816162109e-01,6.926882863044738770e-01,9.769527316093444824e-01
1.281819701194763184e+00,1.039581179618835449e+00,1.423307538032531738e+00,1.032808542251586914e+00,8.804764747619628906e-01,9.268799424171447754e-01,1.131715774536132812e+00,9.753556251525878906e-01,1.138941645622253418e+00,9.710301756858825684e-01,1.172478437423706055e+00,6.692880988121032715e-01,1.188668370246887207e+00,1.486397862434387207e+00,7.445355057716369629e-01,1.138975858688354492e+00,7.640028595924377441e-01,1.348849296569824219e+00,8.964133858680725098e-01,1.268927931785583496e+00
9.683112502098083496e-01,7.422190904617309570e-01,1.302391290664672852e+00,6.299967765808105469e-01,1.264356970787048340e+00,9.041793942451477051e-01,9.485967755317687988e-01,1.006567478179931641e+00,1.103652596473693848e+00,1.107607126235961914e+00,9.682201743125915527e-01,1.267482519149780273e+00,1.322328209877014160e+00,1.261913895606994629e+00,8.545681834220886230e-01,1.441381096839904785e+00,8.037465810775756836e-01,1.286015033721923828e+00,7.007792592048645020e-01,1.355548858642578125e+00
-1.195946812629699707e+00,-9.565892219543457031e-01,-1.211715459823608398e+00,-1.377193808555603027e+00,-1.288989424705505371e+00,-7.920241355895996094e-01,-9.725140929222106934e-01,-1.213772535324096680e+00,-9.135891199111938477e-01,-9.230765700340270996e-01,-1.095707774162292480e+00,-1.308386087417602539e+00,-1.201346874237060547e+00,-6.268138885498046875e-01,-1.257454037666320801e+00,-1.511726737022399902e+00,-9.717422127723693848e-01,-1.237922906875610352e+00,-8.894677162170410156e-01,-1.041202306747436523e+00
7.389544248580932617e-01,1.088258862495422363e+00,1.231808304786682129e+00,1.337288856506347656e+00,6.078708171844482422e-01,8.903393149375915527e-01,1.134714245796203613e+00,1.232779979705810547e+00,9.658958911895751953e-01,9.514748454093933105e-01,4.597508013248443604e-01,8.077852129936218262e-01,6.750249266624450684e-01,6.690211296081542969e-01,9.954001903533935547e-01,8.014980554580688477e-01,1.154717445373535156e+00,7.103316187858581543e-01,5.576540231704711914e-01,7.524716854095458984e-01
1.040918231010437012e+00,1.404422402381896973e+00,9.893166422843933105e-01,1.298573374748229980e+00,9.394241571426391602e-01,1.013767480850219727e+00,8.971427083015441895e-01,1.002727985382080078e+00,1.120838284492492676e+00,9.911813735961914062e-01,9.524582028388977051e-01,6.298492550849914551e-01,8.589773178100585938e-01,1.144854664802551270e+00,8.549543619155883789e-01,8.439651727676391602e-01,4.532824158668518066e-01,8.665528297424316406e-01,6.748402714729309082e-01,8.926446437835693359e-01
1.060863375663757324e+00,1.201657533645629883e+00,1.375897407531738281e+00,1.168155789375305176e+00,1.207326889038085938e+00,1.466534376144409180e+00,1.188784956932067871e+00,9.063404798507690430e-01,1.184212207794189453e+00,1.230660676956176758e+00,9.530941843986511230e-01,1.463673591613769531e+00,1.275121212005615234e+00,1.351259708404541016e+00,9.753733873367309570e-01,1.402277827262878418e+00,1.002879738807678223e+00,1.264688611030578613e+00,1.016863584518432617e+00,1.289257645606994629e+00
9.077723622322082520e-01,1.087541103363037109e+00,1.245688676834106445e+00,1.747436046600341797e+00,1.087467312812805176e+00,1.288835883140563965e+00,6.702529191970825195e-01,1.072212100028991699e+00,1.359655737876892090e+00,1.093695163726806641e+00,1.036384344100952148e+00,1.305077075958251953e+00,1.005235075950622559e+00,1.113892078399658203e+00,9.300090074539184570e-01,1.398977041244506836e+00,1.190746665000915527e+00,1.039674997329711914e+00,9.917170405387878418e-01,1.043234348297119141e+00
1.259737133979797363e+00,1.125073909759521484e+00,1.245919942855834961e+00,1.029955267906188965e+00,1.079791665077209473e+00,1.220116257667541504e+00,1.389183878898620605e+00,8.440790176391601562e-01,1.482667326927185059e+00,1.532139539718627930e+00,1.364365696907043457e+00,1.129958868026733398e+00,7.320938706398010254e-01,1.511620759963989258e+00,9.261177778244018555e-01,9.102215170860290527e-01,9.108549356460571289e-01,1.171554207801818848e+00,1.046024322509765625e+00,1.104511022567749023e+00
1.020990252494812012e+00,8.172695040702819824e-01,1.164050936698913574e+00,1.155772089958190918e+00,9.633414745330810547e-01,1.341731786727905273e+00,1.176560878753662109e+00,9.865689873695373535e-01,1.144211411476135254e+00,1.135430455207824707e+00,9.400780200958251953e-01,7.636804580688476562e-01,7.540612220764160156e-01,1.080188751220703125e+00,6.218278408050537109e-01,9.857514500617980957e-01,1.173141241073608398e+00,1.229876637458801270e+00,1.051946997642517090e+00,1.271564126014709473e+00
1.303527832031250000e+00,1.076435804367065430e+00,1.111283659934997559e+00,1.221730947494506836e+00,1.021789550781250000e+00,1.140175104141235352e+00,1.415371537208557129e+00,1.113098144531250000e+00,1.114662766456604004e+00,9.863204956054687500e-01,1.160042047500610352e+00,1.282011151313781738e+00,8.947919011116027832e-01,1.221404552459716797e+00,6.700921654701232910e-01,1.254083991050720215e+00,1.143143773078918457e+00,1.147588491439819336e+00,9.637210965156555176e-01,1.143479943275451660e+00
-6.860364079475402832e-01,-7.795014977455139160e-01,-6.924711465835571289e-01,-1.108069062232971191e+00,-9.783163666725158691e-01,-9.187663793563842773e-01,-9.192951321601867676e-01,-7.528409361839294434e-01,-9.174311757087707520e-01,-1.093374848365783691e+00,-1.073929667472839355e+00,-9.322376251220703125e-01,-1.174992203712463379e+00,-1.251270771026611328e+00,-1.250071287155151367e+00,-9.892633557319641113e-01,-8.007915019989013672e-01,-1.089248657226562500e+00,-9.119816422462463379e-01,-1.022035837173461914e+00
-1.055216193199157715e+00,-1.184244871139526367e+00,-1.019244790077209473e+00,-9.825555086135864258e-01,-9.574502706527709961e-01,-1.003928542137145996e+00,-1.060608267784118652e+00,-1.401728153228759766e+00,-9.243326783180236816e-01,-1.128774762153625488e+00,-1.351134181022644043e+00,-1.088686108589172363e+00,-1.177418589591979980e+00,-9.202214479446411133e-01,-1.394684076309204102e+00,-1.054568529129028320e+00,-9.042696356773376465e-01,-1.005945682525634766e+00,-1.114598631858825684e+00,-1.058372855186462402e+00
1.623299121856689453e+00,1.454815387725830078e+00,1.375875353813171387e+00,8.911458849906921387e-01,1.041693925857543945e+00,1.612221837043762207e+00,1.423432826995849609e+00,8.243545889854431152e-01,9.498718976974487305e-01,1.268923878669738770e+00,1.027422785758972168e+00,1.212139487266540527e+00,8.870313167572021484e-01,1.412367939949035645e+00,1.204759955406188965e+00,1.052434444427490234e+00,9.695682525634765625e-01,9.490290284156799316e-01,1.048004984855651855e+00,1.594529867172241211e+00
-7.611699104309082031e-01,-8.067472577095031738e-01,-7.006710767745971680e-01,-9.729630947113037109e-01,-6.980631947517395020e-01,-1.132934331893920898e+00,-1.048689842224121094e+00,-1.083837270736694336e+00,-1.005424380302429199e+00,-1.034258961677551270e+00,-1.047516822814941406e+00,-9.749208092689514160e-01,-7.850762009620666504e-01,-8.124366402626037598e-01,-1.105186700820922852e+00,-8.564615249633789062e-01,-8.693932294845581055e-01,-1.148980975151062012e+00,-8.870618939399719238e-01,-1.025835156440734863e+00
1.122767090797424316e+00,1.344924211502075195e+00,1.211992859840393066e+00,1.144088149070739746e+00,8.920038938522338867e-01,1.089353919029235840e+00,1.046529650688171387e+00,9.385134577751159668e-01,1.279032111167907715e+00,1.196674585342407227e+00,9.176344871520996094e-01,1.258208274841308594e+00,1.207326769828796387e+00,4.333448708057403564e-01,5.913609862327575684e-01,1.290878891944885254e+00,1.308018803596496582e+00,8.984012007713317871e-01,1.459388852119445801e+00,1.087702751159667969e+00
-9.527307152748107910e-01,-9.988361001014709473e-01,-9.424363374710083008e-01,-1.107610106468200684e+00,-8.587937355041503906e-01,-4.796223938465118408e-01,-9.608825445175170898e-01,-1.410730957984924316e+00,-1.165975451469421387e+00,-1.013379454612731934e+00,-1.194455385208129883e+00,-7.252759933471679688e-01,-1.209989786148071289e+00,-1.156434655189514160e+00,-1.244347453117370605e+00,-1.164572715759277344e+00,-1.168355941772460938e+00,-1.036505699157714844e+00,-9.940785765647888184e-01,-1.159973621368408203e+00
1.189794898033142090e+00,1.104017853736877441e+00,8.304580450057983398e-01,1.017725110054016113e+00,6.852688789367675781e-01,1.191178321838378906e+00,9.628987312316894531e-01,1.264878392219543457e+00,1.155491828918457031e+00,1.326948642730712891e+00,1.024040699005126953e+00,6.193110942840576172e-01,1.111710309982299805e+00,9.956430196762084961e-01,5.961374640464782715e-01,1.017761111259460449e+00,9.353470802307128906e-01,1.117093205451965332e+00,8.717797398567199707e-01,8.679714202880859375e-01
9.100477695465087891e-01,1.182100296020507812e+00,1.042069554328918457e+00,9.725574254989624023e-01,9.465212225914001465e-01,1.399675846099853516e+00,1.208962321281433105e+00,1.105622529983520508e+00,1.008458852767944336e+00,9.255098104476928711e-01,1.279637217521667480e+00,1.087419390678405762e+00,1.310162425041198730e+00,1.268931746482849121e+00,1.113685011863708496e+00,1.174874067306518555e+00,1.085216760635375977e+00,9.844654798507690430e-01,1.377311587333679199e+00,1.651427507400512695e+00
-7.975590229034423828e-01,-1.098019361495971680e+00,-8.080153465270996094e-01,-1.138746976852416992e+00,-1.254216670989990234e+00,-7.461596131324768066e-01,-1.317570209503173828e+00,-1.179064989089965820e+00,-8.602189421653747559e-01,-1.147817850112915039e+00,-1.098315596580505371e+00,-1.170438528060913086e+00,-1.256172418594360352e+00,-9.568457007408142090e-01,-1.204148769378662109e+00,-1.241628170013427734e+00,-1.030599117279052734e+00,-1.231709599494934082e+00,-1.012437939643859863e+00,-9.113736748695373535e-01
-1.153746843338012695e+00,-1.123866915702819824e+00,-6.975089311599731445e-01,-9.829334616661071777e-01,-9.258921742439270020e-01,-5.866100192070007324e-01,-6.763529777526855469e-01,-8.601512312889099121e-01,-8.262374997138977051e-01,-1.027178049087524414e+00,-1.118414998054504395e+00,-7.414684891700744629e-01,-1.027729511260986328e+00,-6.902660727500915527e-01,-1.134004592895507812e+00,-9.711842536926269531e-01,-8.994222879409790039e-01,-8.856067657470703125e-01,-1.015607476234436035e+00,-9.361522197723388672e-01
1.128024339675903320e+00,1.050581932067871094e+00,1.072505116462707520e+00,1.105141639709472656e+00,1.285098075866699219e+00,1.240071892738342285e+00,8.967545628547668457e-01,8.508223295211791992e-01,1.246725320816040039e+00,8.555470705032348633e-01,1.160478353500366211e+00,1.248467087745666504e+00,1.124469041824340820e+00,1.314664125442504883e+00,1.054254889488220215e+00,1.296797037124633789e+00,9.319954514503479004e-01,1.225971102714538574e+00,8.228487372398376465e-01,1.205803275108337402e+00
1.552989006042480469e+00,1.152479171752929688e+00,1.198378562927246094e+00,9.648694396018981934e-01,1.100473165512084961e+00,1.400259256362915039e+00,1.032921671867370605e+00,1.045124769210815430e+00,1.207594990730285645e+00,1.019726872444152832e+00,1.084279179573059082e+00,1.391820192337036133e+00,1.203111767768859863e+00,1.386552095413208008e+00,8.199735879898071289e-01,9.846932888031005859e-01,7.651616334915161133e-01,1.179685831069946289e+00,6.335431337356567383e-01,1.104915738105773926e+00
-8.391376137733459473e-01,-9.063007831573486328e-01,-1.178881525993347168e+00,-1.000323057174682617e+00,-9.238544702529907227e-01,-9.248294234275817871e-01,-6.182917952537536621e-01,-1.085550189018249512e+00,-7.750222086906433105e-01,-1.033769011497497559e+00,-1.038289546966552734e+00,-8.004840612411499023e-01,-1.230150341987609863e+00,-1.140457153320312500e+00,-1.064034819602966309e+00,-8.742895126342773438e-01,-1.059736847877502441e+00,-1.226744174957275391e+00,-9.612926244735717773e-01,-1.041224360466003418e+00
-8.759183287620544434e-01,-5.742799639701843262e-01,-1.120659470558166504e+00,-8.416316509246826172e-01,-1.400130510330200195e+00,-8.242481350898742676e-01,-9.139661192893981934e-01,-9.932805895805358887e-01,-7.991867065429687500e-01,-8.080199360847473145e-01,-1.107842326164245605e+00,-1.173682689666748047e+00,-1.266005039215087891e+00,-8.902628421783447266e-01,-1.225157260894775391e+00,-8.574044108390808105e-01,-8.392931818962097168e-01,-9.159781336784362793e-01,-9.120388031005859375e-01,-1.319767951965332031e+00
1.179091215133666992e+00,8.215561509132385254e-01,1.275325536727905273e+00,9.169200658798217773e-01,1.179987549781799316e+00,1.235974550247192383e+00,8.965695500373840332e-01,1.010830760002136230e+00,1.260365962982177734e+00,1.218050360679626465e+00,1.223674774169921875e+00,1.374469757080078125e+00,1.262917518615722656e+00,1.468962073326110840e+00,1.249114751815795898e+00,1.180345296859741211e+00,9.651300311088562012e-01,1.145524859428405762e+00,9.461058378219604492e-01,1.314214825630187988e+00
9.017903804779052734e-01,6.713851690292358398e-01,1.144373893737792969e+00,1.356917023658752441e+00,1.292555809020996094e+00,1.069973230361938477e+00,1.061149358749389648e+00,8.546047806739807129e-01,1.251749396324157715e+00,8.360540866851806641e-01,1.030301928520202637e+00,9.282234311103820801e-01,1.349725365638732910e+00,1.210410714149475098e+00,6.067110896110534668e-01,1.213919043540954590e+00,1.297474861145019531e+00,1.196479558944702148e+00,8.758419156074523926e-01,1.384814858436584473e+00
-1.071204304695129395e+00,-9.758837819099426270e-01,-9.249872565269470215e-01,-9.595079421997070312e-01,-1.192093253135681152e+00,-9.509062767028808594e-01,-1.230102658271789551e+00,-8.173469305038452148e-01,-9.891805052757263184e-01,-9.441058039665222168e-01,-1.072318077087402344e+00,-1.277614712715148926e+00,-1.380277395248413086e+00,-8.503071069717407227e-01,-1.156979322433471680e+00,-9.088302850723266602e-01,-1.211321353912353516e+00,-9.801301360130310059e-01,-7.466191053390502930e-01,-1.113258123397827148e+00
7.256682515144348145e-01,6.245403289794921875e-01,9.790430665016174316e-01,8.327685594558715820e-01,9.298129081726074219e-01,9.201350808143615723e-01,6.946760416030883789e-01,6.867866516113281250e-01,1.194089531898498535e+00,9.666571617126464844e-01,8.335998058319091797e-01,1.144441366195678711e+00,6.564177274703979492e-01,8.683899641036987305e-01,1.159801006317138672e+00,9.719433784484863281e-01,7.258853316307067871e-01,8.559350967407226562e-01,7.485722899436950684e-01,1.061347603797912598e+00
1.166075110435485840e+00,8.969050049781799316e-01,1.326845645904541016e+00,1.290223479270935059e+00,8.748947978019714355e-01,1.109189391136169434e+00,9.225894808769226074e-01,1.023436188697814941e+00,1.314832925796508789e+00,1.002021193504333496e+00,9.518020749092102051e-01,9.992520213127136230e-01,9.975789189338684082e-01,1.518698453903198242e+00,1.025408267974853516e+00,1.136280775070190430e+00,6.051967144012451172e-01,1.288068175315856934e+00,9.093378186225891113e-01,7.500315308570861816e-01
1.043970227241516113e+00,9.657242894172668457e-01,1.158970832824707031e+00,8.831633925437927246e-01,8.458026647567749023e-01,1.249266028404235840e+00,8.290922641754150391e-01,9.633128643035888672e-01,1.042143225669860840e+00,1.360318064689636230e+00,1.204655528068542480e+00,1.275877594947814941e+00,9.830060005187988281e-01,9.615436196327209473e-01,1.036045193672180176e+00,1.273903131484985352e+00,8.374180793762207031e-01,1.151526331901550293e+00,6.028482913970947266e-01,1.217494010925292969e+00
1.335517644882202148e+00,9.303563237190246582e-01,1.124913573265075684e+00,1.326577305793762207e+00,1.150452256202697754e+00,1.333787918090820312e+00,1.077907800674438477e+00,8.568710088729858398e-01,1.021428346633911133e+00,9.623498320579528809e-01,1.008000731468200684e+00,1.091482639312744141e+00,1.028575897216796875e+00,1.538559198379516602e+00,1.088730216026306152e+00,1.163128137588500977e+00,6.829844713211059570e-01,1.103447198867797852e+00,7.312017083168029785e-01,9.128096103668212891e-01
1.059280395507812500e+00,8.870028257369995117e-01,1.115273356437683105e+00,8.248875141143798828e-01,1.399083495140075684e+00,9.858621954917907715e-01,1.048180818557739258e+00,1.359313726425170898e+00,1.163351535797119141e+00,9.093710780143737793e-01,8.866580128669738770e-01,7.778164744377136230e-01,1.014024019241333008e+00,1.088057875633239746e+00,7.386689782142639160e-01,1.531237244606018066e+00,1.172564744949340820e+00,1.177246928215026855e+00,1.252402663230895996e+00,1.078201174736022949e+00
-1.050363540649414062e+00,-9.557716846466064453e-01,-9.276747107505798340e-01,-7.195945978164672852e-01,-9.070341587066650391e-01,-7.598106265068054199e-01,-8.882517218589782715e-01,-9.801978468894958496e-01,-1.130101680755615234e+00,-8.355350494384765625e-01,-1.043087363243103027e+00,-1.046600222587585449e+00,-1.291558742523193359e+00,-8.464711904525756836e-01,-1.478614568710327148e+00,-9.730025529861450195e-01,-9.802082180976867676e-01,-8.645297884941101074e-01,-1.059726476669311523e+00,-1.046811223030090332e+00
-1.145419836044311523e+00,-1.105173707008361816e+00,-6.963431835174560547e-01,-1.168295979499816895e+00,-8.756254911422729492e-01,-1.340686440467834473e+00,-1.116275668144226074e+00,-1.377184152603149414e+00,-1.155908226966857910e+00,-9.318690299987792969e-01,-1.177543878555297852e+00,-9.097644090652465820e-01,-1.166842341423034668e+00,-1.336001157760620117e+00,-1.253179430961608887e+00,-8.164461851119995117e-01,-1.070313096046447754e+00,-6.940650939941406250e-01,-6.940184831619262695e-01,-1.123398065567016602e+00
1.216709971427917480e+00,1.273225665092468262e+00,1.243627190589904785e+00,9.395208954811096191e-01,8.631911277770996094e-01,1.027923345565795898e+00,1.186759829521179199e+00,1.252379417419433594e+00,1.146517872810363770e+00,1.281562089920043945e+00,1.032231688499450684e+00,1.076699376106262207e+00,1.114265441894531250e+00,1.461621642112731934e+00,1.131770133972167969e+00,1.241745948791503906e+00,1.015905022621154785e+00,1.175973296165466309e+00,9.877097606658935547e-01,1.192180275917053223e+00
1.550299882888793945e+00,9.143518805503845215e-01,1.299330711364746094e+00,8.504081368446350098e-01,8.580866456031799316e-01,8.609829545021057129e-01,1.126875758171081543e+00,1.163513302803039551e+00,1.000094056129455566e+00,1.088186144828796387e+00,1.163219094276428223e+00,1.014264822006225586e+00,1.448769092559814453e+00,8.397070765495300293e-01,8.844991922378540039e-01,9.954633116722106934e-01,1.366582036018371582e+00,1.451476573944091797e+00,1.041630268096923828e+00,1.229613065719604492e+00
1.400151014328002930e+00,8.591341376304626465e-01,1.188598632812500000e+00,1.363109827041625977e+00,8.587977290153503418e-01,1.316122174263000488e+00,6.890218257904052734e-01,1.125637054443359375e+00,1.134080410003662109e+00,1.359047770500183105e+00,1.279798984527587891e+00,8.559243083000183105e-01,1.141048550605773926e+00,1.599942922592163086e+00,1.098726034164428711e+00,1.676832079887390137e+00,9.012853503227233887e-01,1.274700999259948730e+00,9.174674749374389648e-01,1.032393693923950195e+00
-1.063147306442260742e+00,-1.107843160629272461e+00,-7.617224454879760742e-01,-9.513678550720214844e-01,-9.851332306861877441e-01,-7.581858038902282715e-01,-1.169631719589233398e+00,-1.086767554283142090e+00,-9.849921464920043945e-01,-6.998659968376159668e-01,-9.583176970481872559e-01,-1.082998037338256836e+00,-1.120532989501953125e+00,-7.323628067970275879e-01,-1.256097197532653809e+00,-1.172601938247680664e+00,-1.025626301765441895e+00,-1.019919276237487793e+00,-7.923588156700134277e-01,-1.236143350601196289e+00
9.600709080696105957e-01,1.017545104026794434e+00,1.275639176368713379e+00,1.292293667793273926e+00,9.677145481109619141e-01,1.070284724235534668e+00,8.215751051902770996e-01,8.860639929771423340e-01,1.099964857101440430e+00,1.161364436149597168e+00,1.439602732658386230e+00,1.138208270072937012e+00,7.956825494766235352e-01,1.152715563774108887e+00,9.754802584648132324e-01,1.275705218315124512e+00,1.129232168197631836e+00,8.052641749382019043e-01,8.878664970397949219e-01,6.261751055717468262e-01
1.734068632125854492e+00,9.803890585899353027e-01,1.050265431404113770e+00,1.218287587165832520e+00,1.016275644302368164e+00,1.241218805313110352e+00,9.891681671142578125e-01,1.034054160118103027e+00,1.121044635772705078e+00,1.340811014175415039e+00,1.166778564453125000e+00,1.380027532577514648e+00,1.134827852249145508e+00,1.597710490226745605e+00,8.782941699028015137e-01,1.135398149490356445e+00,1.009674191474914551e+00,8.520848751068115234e-01,8.509035706520080566e-01,1.200658917427062988e+00
1.365044593811035156e+00,7.711819410324096680e-01,9.679176211357116699e-01,1.443398594856262207e+00,1.420694589614868164e+00,1.139334917068481445e+00,1.001862406730651855e+00,1.120708465576171875e+00,1.084179043769836426e+00,1.249915719032287598e+00,1.255122184753417969e+00,1.253509402275085449e+00,1.198340177536010742e+00,1.294903516769409180e+00,9.260889291763305664e-01,9.830434322357177734e-01,9.446046948432922363e-01,1.132038712501525879e+00,1.109673261642456055e+00,1.155699253082275391e+00
1.642003774642944336e+00,1.013000965118408203e+00,1.214685440063476562e+00,1.197820663452148438e+00,1.206710696220397949e+00,1.290281772613525391e+00,1.079111218452453613e+00,9.475992321968078613e-01,1.417731642723083496e+00,1.071720838546752930e+00,1.351853370666503906e+00,1.199661374092102051e+00,1.164104819297790527e+00,1.448589205741882324e+00,1.085829019546508789e+00,9.661702513694763184e-01,1.025829315185546875e+00,1.117569804191589355e+00,1.065668225288391113e+00,1.202132463455200195e+00
1.005993247032165527e+00,1.136661529541015625e+00,1.061408996582031250e+00,1.190168380737304688e+00,1.508576035499572754e+00,1.307656764984130859e+00,8.738265633583068848e-01,1.458771705627441406e+00,1.364191651344299316e+00,1.206049919128417969e+00,1.144910097122192383e+00,1.076366901397705078e+00,7.377988100051879883e-01,7.981377840042114258e-01,9.123986959457397461e-01,1.099822640419006348e+00,1.308520913124084473e+00,8.589408397674560547e-01,1.427099227905273438e+00,1.341126799583435059e+00
9.895896911621093750e-01,9.347332715988159180e-01,1.002256393432617188e+00,6.632044911384582520e-01,6.031196713447570801e-01,8.456840515136718750e-01,1.380804777145385742e+00,1.055645227432250977e+00,7.948498725891113281e-01,1.238061785697937012e+00,7.819176316261291504e-01,1.438601732254028320e+00,9.050356745719909668e-01,8.714464306831359863e-01,8.859705924987792969e-01,1.615167617797851562e+00,6.979653835296630859e-01,1.228107452392578125e+00,7.958422899246215820e-01,1.055839538574218750e+00
1.113017201423645020e+00,9.919333457946777344e-01,1.205290198326110840e+00,1.030783891677856445e+00,1.230469226837158203e+00,7.231987714767456055e-01,1.158353447914123535e+00,1.113091349601745605e+00,1.541529178619384766e+00,9.392781853675842285e-01,1.267506837844848633e+00,9.658821225166320801e-01,1.220117926597595215e+00,1.227867245674133301e+00,8.723403215408325195e-01,9.534092545509338379e-01,9.460167884826660156e-01,1.178263187408447266e+00,7.457283139228820801e-01,7.334240078926086426e-01
7.129490375518798828e-01,9.255318641662597656e-01,1.145712614059448242e+00,7.699944376945495605e-01,7.764576673507690430e-01,7.043001651763916016e-01,1.256253719329833984e+00,7.446476817131042480e-01,9.643535614013671875e-01,8.053258061408996582e-01,9.725510478019714355e-01,1.005104064941406250e+00,6.811301708221435547e-01,1.054458379745483398e+00,7.912359237670898438e-01,1.368884921073913574e+00,9.882570505142211914e-01,8.990241289138793945e-01,1.159690737724304199e+00,1.072061777114868164e+00
1.306643247604370117e+00,8.884644508361816406e-01,9.147483706474304199e-01,1.169295549392700195e+00,1.004894495010375977e+00,1.213008880615234375e+00,7.360399961471557617e-01,1.102550983428955078e+00,1.220141768455505371e+00,8.820307850837707520e-01,1.047170042991638184e+00,8.091992735862731934e-01,8.214552998542785645e-01,1.180890083312988281e+00,1.309706091880798340e+00,1.106606841087341309e+00,6.259214282035827637e-01,8.904396295547485352e-01,1.106635689735412598e+00,1.090801596641540527e+00
1.116586208343505859e+00,6.802229285240173340e-01,1.099639654159545898e+00,1.222904443740844727e+00,8.500665426254272461e-01,1.108467102050781250e+00,9.050589799880981445e-01,1.198693990707397461e+00,1.401592850685119629e+00,1.155945658683776855e+00,1.342513084411621094e+00,5.293175578117370605e-01,9.269194006919860840e-01,1.405808568000793457e+00,5.771470665931701660e-01,1.139914155006408691e+00,8.967331051826477051e-01,1.516308307647705078e+00,9.014928936958312988e-01,8.239685893058776855e-01
-8.034250736236572266e-01,-7.054159641265869141e-01,-7.417584657669067383e-01,-1.052128195762634277e+00,-6.756491065025329590e-01,-1.006839156150817871e+00,-8.512223362922668457e-01,-8.713141679763793945e-01,-8.158000111579895020e-01,-9.426516890525817871e-01,-7.799496650695800781e-01,-1.024196386337280273e+00,-1.278061509132385254e+00,-8.085159063339233398e-01,-1.170408487319946289e+00,-1.169987201690673828e+00,-9.612769484519958496e-01,-9.975013732910156250e-01,-7.481558918952941895e-01,-1.108978271484375000e+00
1.138785719871520996e+00,8.892756104469299316e-01,1.057741641998291016e+00,9.852075576782226562e-01,1.073049306869506836e+00,1.145957350730895996e+00,7.870611548423767090e-01,6.149604320526123047e-01,1.073557376861572266e+00,1.033469676971435547e+00,1.060732007026672363e+00,1.278745770454406738e+00,1.021020412445068359e+00,1.225833415985107422e+00,8.592469692230224609e-01,1.526490926742553711e+00,1.155679106712341309e+00,1.473861336708068848e+00,7.036983966827392578e-01,1.204903364181518555e+00
-9.456191658973693848e-01,-8.930892944335937500e-01,-8.632249832153320312e-01,-9.313792586326599121e-01,-9.383305311203002930e-01,-9.319570064544677734e-01,-1.066271066665649414e+00,-1.065310359001159668e+00,-1.067409396171569824e+00,-1.260397195816040039e+00,-1.233413457870483398e+00,-1.093579888343811035e+00,-1.059607148170471191e+00,-7.494041919708251953e-01,-1.442211985588073730e+00,-1.112198233604431152e+00,-8.870465159416198730e-01,-1.152545690536499023e+00,-9.720112681388854980e-01,-1.145726919174194336e+00
1.217789411544799805e+00,1.007357001304626465e+00,1.209121465682983398e+00,8.756801486015319824e-01,8.559203743934631348e-01,1.117494940757751465e+00,9.188375473022460938e-01,9.689720869064331055e-01,1.207612395286560059e+00,1.051127791404724121e+00,1.057194232940673828e+00,8.897721767425537109e-01,8.973850011825561523e-01,1.362142443656921387e+00,7.748844623565673828e-01,8.601522445678710938e-01,7.217696905136108398e-01,8.916531205177307129e-01,1.084482312202453613e+00,9.239071607589721680e-01
1.286422014236450195e+00,8.188040852546691895e-01,1.083050131797790527e+00,1.103199601173400879e+00,1.433250069618225098e+00,1.458331346511840820e+00,1.126712918281555176e+00,9.173093438148498535e-01,9.641287922859191895e-01,1.252363443374633789e+00,1.398455142974853516e+00,1.164460420608520508e+00,1.188038110733032227e+00,1.541362643241882324e+00,6.816821098327636719e-01,1.375011563301086426e+00,1.141700387001037598e+00,1.347395300865173340e+00,6.690284609794616699e-01,1.510704755783081055e+00
1.259127974510192871e+00,8.213667869567871094e-01,9.192628264427185059e-01,7.924022674560546875e-01,1.347484827041625977e+00,1.083023309707641602e+00,1.140981674194335938e+00,9.443002939224243164e-01,1.381782293319702148e+00,1.354673027992248535e+00,1.032479047775268555e+00,1.008050084114074707e+00,6.766469478607177734e-01,1.185994029045104980e+00,9.507772922515869141e-01,1.073671936988830566e+00,8.225582838058471680e-01,9.409639239311218262e-01,8.467850685119628906e-01,6.754189729690551758e-01
-1.146514058113098145e+00,-8.434341549873352051e-01,-7.188807725906372070e-01,-1.047166705131530762e+00,-8.149843811988830566e-01,-1.084571719169616699e+00,-8.864559531211853027e-01,-1.146918058395385742e+00,-7.898464202880859375e-01,-9.308387041091918945e-01,-1.233505129814147949e+00,-1.183421492576599121e+00,-1.108089208602905273e+00,-9.603385925292968750e-01,-1.303872466087341309e+00,-8.601553440093994141e-01,-9.404824376106262207e-01,-1.076223731040954590e+00,-8.577473163604736328e-01,-1.084746003150939941e+00
-1.280430078506469727e+00,-1.107084631919860840e+00,-8.131573796272277832e-01,-1.057734608650207520e+00,-9.007979631423950195e-01,-8.048892617225646973e-01,-1.063639521598815918e+00,-1.495184898376464844e+00,-1.196160078048706055e+00,-1.180458426475524902e+00,-1.228463053703308105e+00,-1.021423697471618652e+00,-1.190757393836975098e+00,-9.982086420059204102e-01,-1.012461423873901367e+00,-1.145628809928894043e+00,-7.861212491989135742e-01,-8.349125385284423828e-01,-8.677253127098083496e-01,-1.055261850357055664e+00
7.573021650314331055e-01,9.132258296012878418e-01,1.068393826484680176e+00,8.855640888214111328e-01,1.058577179908752441e+00,1.103776812553405762e+00,7.507810592651367188e-01,1.019360780715942383e+00,1.408777117729187012e+00,9.847685098648071289e-01,1.234947681427001953e+00,8.229672312736511230e-01,1.219483613967895508e+00,1.238524079322814941e+00,9.196214675903320312e-01,7.832229733467102051e-01,1.018347859382629395e+00,9.616625905036926270e-01,1.278729677200317383e+00,1.246679782867431641e+00
1.066209912300109863e+00,8.087933659553527832e-01,1.325831294059753418e+00,1.156481504440307617e+00,1.046806335449218750e+00,1.133790969848632812e+00,7.978467345237731934e-01,1.055502891540527344e+00,1.022586345672607422e+00,1.165012836456298828e+00,8.456372618675231934e-01,1.229136943817138672e+00,1.177642464637756348e+00,1.644517183303833008e+00,6.422401666641235352e-01,1.273043870925903320e+00,8.264922499656677246e-01,9.292621612548828125e-01,7.787165641784667969e-01,8.780832290649414062e-01
1.246087431907653809e+00,9.912965297698974609e-01,1.045499444007873535e+00,1.226962685585021973e+00,1.008829236030578613e+00,1.343910217285156250e+00,1.135858535766601562e+00,1.058127880096435547e+00,1.220559597015380859e+00,8.813483119010925293e-01,1.364261627197265625e+00,9.034931063652038574e-01,1.036677956581115723e+00,1.022114157676696777e+00,1.014540910720825195e+00,1.317167997360229492e+00,1.064436554908752441e+00,1.406209707260131836e+00,1.346170663833618164e+00,1.418994426727294922e+00
1.840426206588745117e+00,9.607701897621154785e-01,1.162051677703857422e+00,1.331930518150329590e+00,1.241193532943725586e+00,1.006316304206848145e+00,9.738320112228393555e-01,7.300969958305358887e-01,1.069850921630859375e+00,1.406320452690124512e+00,9.178516268730163574e-01,1.394550800323486328e+00,1.036221265792846680e+00,1.304485797882080078e+00,6.133488416671752930e-01,1.023705840110778809e+00,8.432756066322326660e-01,1.365709662437438965e+00,9.207661151885986328e-01,1.515672564506530762e+00
-8.928426504135131836e-01,-6.024711132049560547e-01,-8.741821050643920898e-01,-8.416941165924072266e-01,-9.651260375976562500e-01,-6.327571868896484375e-01,-9.474838972091674805e-01,-1.209689021110534668e+00,-8.730188608169555664e-01,-1.155218005180358887e+00,-8.760455250740051270e-01,-9.073345661163330078e-01,-1.164798498153686523e+00,-9.246314764022827148e-01,-1.123745799064636230e+00,-1.007360577583312988e+00,-1.002679467201232910e+00,-6.884974241256713867e-01,-8.511639237403869629e-01,-1.277196049690246582e+00
-1.021900892257690430e+00,-1.023411035537719727e+00,-1.160199522972106934e+00,-6.347327232360839844e-01,-1.247864007949829102e+00,-1.113322854042053223e+00,-7.538985013961791992e-01,-7.491086125373840332e-01,-7.070416212081909180e-01,-9.860306382179260254e-01,-1.332393050193786621e+00,-1.010177850723266602e+00,-1.092557311058044434e+00,-1.087352752685546875e+00,-1.038048267364501953e+00,-1.021369814872741699e+00,-1.020677566528320312e+00,-1.110290408134460449e+00,-1.041447997093200684e+00,-9.902154207229614258e-01
1.430990099906921387e+00,7.463760972023010254e-01,1.249415993690490723e+00,1.121953010559082031e+00,1.257391929626464844e+00,9.951465725898742676e-01,1.025187134742736816e+00,7.263455390930175781e-01,1.396413564682006836e+00,1.355061173439025879e+00,1.327169418334960938e+00,1.017821431159973145e+00,7.032983899116516113e-01,1.440372228622436523e+00,1.054048538208007812e+00,1.133992075920104980e+00,1.102507591247558594e+00,9.315935373306274414e-01,7.717049717903137207e-01,1.037007808685302734e+00
1.975692033767700195e+00,1.132598638534545898e+00,1.293808341026306152e+00,1.382050752639770508e+00,1.259890913963317871e+00,1.064336419105529785e+00,1.133150100708007812e+00,8.037215471267700195e-01,9.111383557319641113e-01,1.165895700454711914e+00,1.340790629386901855e+00,1.145655274391174316e+00,1.023541927337646484e+00,1.804613828659057617e+00,8.057368397712707520e-01,1.011965036392211914e+00,6.643903851509094238e-01,7.753029465675354004e-01,1.142015337944030762e+00,1.174821496009826660e+00
-6.723313927650451660e-01,-8.327165246009826660e-01,-9.647192358970642090e-01,-9.847714900970458984e-01,-1.210941672325134277e+00,-7.405222654342651367e-01,-1.192967176437377930e+00,-1.094393014907836914e+00,-6.665168404579162598e-01,-1.108622312545776367e+00,-1.195818424224853516e+00,-8.847148418426513672e-01,-1.357171177864074707e+00,-7.349848151206970215e-01,-1.326036810874938965e+00,-9.466642737388610840e-01,-9.947904348373413086e-01,-8.339186310768127441e-01,-9.221470952033996582e-01,-1.134744763374328613e+00
-1.124763369560241699e+00,-1.158011794090270996e+00,-8.916532397270202637e-01,-1.272811770439147949e+00,-9.549518227577209473e-01,-8.873201608657836914e-01,-8.706786632537841797e-01,-1.252031445503234863e+00,-1.216075539588928223e+00,-1.065477013587951660e+00,-1.133551955223083496e+00,-8.213776350021362305e-01,-1.315692782402038574e+00,-7.234652042388916016e-01,-1.258479595184326172e+00,-1.214084386825561523e+00,-1.009776711463928223e+00,-1.175347685813903809e+00,-8.547794818878173828e-01,-1.199958324432373047e+00
9.247387647628784180e-01,6.718981266021728516e-01,1.336012482643127441e+00,7.659347653388977051e-01,6.626050472259521484e-01,7.982729673385620117e-01,6.818107366561889648e-01,7.243000268936157227e-01,1.188942670822143555e+00,7.756431102752685547e-01,1.003783464431762695e+00,9.061899185180664062e-01,8.689365983009338379e-01,8.412768244743347168e-01,9.877676963806152344e-01,6.607537865638732910e-01,6.669657230377197266e-01,1.306244850158691406e+00,9.981451034545898438e-01,5.679196119308471680e-01
-1.065541505813598633e+00,-1.120745420455932617e+00,-9.776065349578857422e-01,-1.098408460617065430e+00,-1.037604451179504395e+00,-9.513840079307556152e-01,-9.815444350242614746e-01,-1.069140434265136719e+00,-1.187099456787109375e+00,-1.047481894493103027e+00,-8.569180369377136230e-01,-9.190778732299804688e-01,-1.127835392951965332e+00,-1.115501165390014648e+00,-9.800120592117309570e-01,-9.333023428916931152e-01,-1.288421392440795898e+00,-7.594527602195739746e-01,-1.062609672546386719e+00,-1.048302292823791504e+00
-9.986650943756103516e-01,-9.296941161155700684e-01,-8.174198865890502930e-01,-1.086497068405151367e+00,-9.428891539573669434e-01,-8.908820748329162598e-01,-8.981193900108337402e-01,-1.273715972900390625e+00,-8.177594542503356934e-01,-1.058628439903259277e+00,-1.091516494750976562e+00,-8.037096261978149414e-01,-1.137504577636718750e+00,-1.060035347938537598e+00,-1.181913018226623535e+00,-9.772409200668334961e-01,-8.714063167572021484e-01,-1.297497391700744629e+00,-9.273678064346313477e-01,-1.126002907752990723e+00
-9.294259548187255859e-01,-7.000745534896850586e-01,-1.090958714485168457e+00,-8.203092813491821289e-01,-1.007248282432556152e+00,-9.584367871284484863e-01,-9.990372061729431152e-01,-1.156158804893493652e+00,-1.038956642150878906e+00,-1.140020489692687988e+00,-1.045130133628845215e+00,-6.989081501960754395e-01,-1.068477392196655273e+00,-7.742576599121093750e-01,-1.469071984291076660e+00,-1.061244130134582520e+00,-8.468161821365356445e-01,-1.222487688064575195e+00,-9.166273474693298340e-01,-1.212554574012756348e+00
1.316196918487548828e+00,9.013664126396179199e-01,1.077165961265563965e+00,1.062337279319763184e+00,1.067944288253784180e+00,1.227693319320678711e+00,1.159808397293090820e+00,5.553711652755737305e-01,1.367216587066650391e+00,1.409255266189575195e+00,1.316976189613342285e+00,9.158587455749511719e-01,1.087501168251037598e+00,1.226557016372680664e+00,9.705103039741516113e-01,1.123723387718200684e+00,1.023095488548278809e+00,9.855217933654785156e-01,7.195754647254943848e-01,1.186756610870361328e+00
-8.401724696159362793e-01,-9.235615134239196777e-01,-8.709807395935058594e-01,-1.109816431999206543e+00,-8.233349323272705078e-01,-4.798887670040130615e-01,-8.710372447967529297e-01,-1.268256902694702148e+00,-6.838371157646179199e-01,-7.689808607101440430e-01,-1.076864123344421387e+00,-1.440499186515808105e+00,-1.154824972152709961e+00,-1.154569983482360840e+00,-1.466328501701354980e+00,-1.278259038925170898e+00,-8.959993720054626465e-01,-9.785669445991516113e-01,-1.000010848045349121e+00,-1.062058925628662109e+00
1.433915138244628906e+00,1.130828142166137695e+00,1.208259105682373047e+00,1.033392906188964844e+00,9.981594681739807129e-01,1.363052487373352051e+00,1.301000952720642090e+00,1.034084677696228027e+00,9.942787289619445801e-01,1.147074818611145020e+00,7.171788215637207031e-01,1.000763654708862305e+00,1.380928039550781250e+00,1.782045245170593262e+00,7.969760298728942871e-01,1.208935260772705078e+00,1.159329891204833984e+00,1.095159649848937988e+00,1.187612533569335938e+00,8.447812199592590332e-01
1.344367861747741699e+00,7.929021120071411133e-01,1.000116348266601562e+00,1.212921023368835449e+00,1.124437451362609863e+00,1.279390335083007812e+00,1.137049555778503418e+00,4.850416481494903564e-01,1.258021712303161621e+00,1.194922208786010742e+00,1.240748405456542969e+00,9.185516238212585449e-01,1.024033784866333008e+00,1.412466883659362793e+00,7.561690211296081543e-01,1.179402351379394531e+00,8.610137104988098145e-01,1.096593022346496582e+00,9.913737177848815918e-01,1.266657233238220215e+00
1.211908936500549316e+00,7.447582483291625977e-01,1.120570778846740723e+00,1.021271944046020508e+00,5.633831024169921875e-01,1.011875391006469727e+00,1.241730332374572754e+00,4.266334176063537598e-01,1.259819269180297852e+00,9.795029759407043457e-01,1.024632215499877930e+00,1.049645304679870605e+00,1.063902974128723145e+00,1.048411607742309570e+00,9.105550646781921387e-01,7.862914800643920898e-01,1.017090439796447754e+00,1.064221978187561035e+00,1.194692134857177734e+00,1.527593016624450684e+00
1.403724431991577148e+00,5.916058421134948730e-01,1.378437399864196777e+00,1.203686475753784180e+00,8.890944123268127441e-01,1.068682432174682617e+00,1.177596569061279297e+00,1.027206063270568848e+00,1.065215349197387695e+00,1.392815351486206055e+00,7.118754982948303223e-01,1.002672672271728516e+00,9.518600702285766602e-01,1.081015110015869141e+00,7.736253142356872559e-01,9.752264618873596191e-01,6.840035915374755859e-01,1.506612300872802734e+00,7.414156198501586914e-01,1.083050131797790527e+00
1.206279993057250977e+00,9.782037734985351562e-01,1.108780980110168457e+00,1.135856866836547852e+00,7.833933830261230469e-01,1.213663101196289062e+00,1.069501161575317383e+00,1.044197678565979004e+00,1.275381922721862793e+00,1.038912057876586914e+00,8.688696622848510742e-01,9.624611735343933105e-01,1.107597231864929199e+00,1.131820797920227051e+00,9.571436643600463867e-01,1.148335337638854980e+00,1.017474770545959473e+00,9.472048878669738770e-01,1.214075446128845215e+00,9.660460352897644043e-01
9.807311892509460449e-01,1.353187561035156250e+00,1.249322056770324707e+00,1.924389839172363281e+00,9.096820950508117676e-01,1.262397646903991699e+00,1.158716320991516113e+00,1.299697279930114746e+00,1.205286502838134766e+00,9.120990633964538574e-01,1.090495824813842773e+00,1.113930463790893555e+00,7.684337496757507324e-01,1.429531812667846680e+00,8.908349275588989258e-01,8.864383101463317871e-01,7.388580441474914551e-01,1.178659319877624512e+00,9.516735672950744629e-01,1.198220968246459961e+00
6.385186314582824707e-01,3.198002278804779053e-01,7.013592123985290527e-01,3.353587687015533447e-01,3.354871273040771484e-01,3.091077506542205811e-01,5.818998813629150391e-01,2.147886529564857483e-02,6.474955081939697266e-01,5.848819017410278320e-01,6.768635511398315430e-01,6.179229021072387695e-01,4.275757670402526855e-01,3.373213112354278564e-01,3.948120772838592529e-01,6.185301542282104492e-01,1.680502295494079590e-01,4.684073626995086670e-01,4.975500404834747314e-01,2.758577167987823486e-01
-9.929619431495666504e-01,-4.812318682670593262e-01,-9.695520401000976562e-01,-1.039089679718017578e+00,-1.064342617988586426e+00,-6.963741779327392578e-01,-1.090632677078247070e+00,-1.214542984962463379e+00,-8.793127536773681641e-01,-9.849888086318969727e-01,-1.129435658454895020e+00,-8.942152261734008789e-01,-1.205327630043029785e+00,-8.984288573265075684e-01,-1.410981416702270508e+00,-1.000833868980407715e+00,-1.105011701583862305e+00,-1.181450963020324707e+00,-9.954977631568908691e-01,-9.651187062263488770e-01
1.286873936653137207e+00,1.036172151565551758e+00,1.076471447944641113e+00,1.207569241523742676e+00,9.540045857429504395e-01,1.046223282814025879e+00,1.265882134437561035e+00,1.011298894882202148e+00,1.325643301010131836e+00,1.260417938232421875e+00,1.034408450126647949e+00,1.093387246131896973e+00,1.104309320449829102e+00,1.337211132049560547e+00,6.708331108093261719e-01,1.161638975143432617e+00,7.470701336860656738e-01,1.166696071624755859e+00,1.082169651985168457e+00,8.224005103111267090e-01
-9.420198202133178711e-01,-7.707405686378479004e-01,-8.256787061691284180e-01,-9.469456076622009277e-01,-1.196409106254577637e+00,-7.046676278114318848e-01,-1.079915285110473633e+00,-1.357309937477111816e+00,-9.748406410217285156e-01,-7.517659664154052734e-01,-1.119452118873596191e+00,-9.555566906929016113e-01,-9.803582429885864258e-01,-9.282059073448181152e-01,-1.291142344474792480e+00,-1.404199838638305664e+00,-1.176953792572021484e+00,-1.174357414245605469e+00,-9.472922682762145996e-01,-8.061766624450683594e-01
1.190566301345825195e+00,7.719538211822509766e-01,8.717620372772216797e-01,1.120089530944824219e+00,1.318953514099121094e+00,1.128553867340087891e+00,1.283004283905029297e+00,1.241472959518432617e+00,8.890854716300964355e-01,1.384067535400390625e+00,7.290396094322204590e-01,1.013567447662353516e+00,1.240324616432189941e+00,1.048344969749450684e+00,1.390883684158325195e+00,1.475587487220764160e+00,1.262088775634765625e+00,1.027600646018981934e+00,1.032932639122009277e+00,1.220697999000549316e+00
1.244776487350463867e+00,9.508622884750366211e-01,1.182940602302551270e+00,9.689290523529052734e-01,7.993502020835876465e-01,9.494700431823730469e-01,6.680930852890014648e-01,7.236322164535522461e-01,1.170007824897766113e+00,8.143600225448608398e-01,6.532384157180786133e-01,1.068133234977722168e+00,1.075115799903869629e+00,1.253440380096435547e+00,7.040920853614807129e-01,1.111341595649719238e+00,6.374555826187133789e-01,7.684715390205383301e-01,1.105246782302856445e+00,1.140919327735900879e+00
-1.031821727752685547e+00,-8.304622769355773926e-01,-1.040166020393371582e+00,-1.088826656341552734e+00,-1.277032971382141113e+00,-1.091771721839904785e+00,-9.413595199584960938e-01,-1.181762933731079102e+00,-1.247124910354614258e+00,-8.886571526527404785e-01,-1.079246997833251953e+00,-1.143446087837219238e+00,-1.115191936492919922e+00,-1.169016957283020020e+00,-1.319357037544250488e+00,-1.020369410514831543e+00,-1.099234580993652344e+00,-7.316961288452148438e-01,-1.041626930236816406e+00,-1.092366695404052734e+00
-7.594184279441833496e-01,-1.264126181602478027e+00,-7.021732330322265625e-01,-1.126911759376525879e+00,-1.063474297523498535e+00,-9.010003209114074707e-01,-1.129996418952941895e+00,-8.541324138641357422e-01,-1.013977289199829102e+00,-5.665981173515319824e-01,-9.732766747474670410e-01,-9.236958622932434082e-01,-1.230782747268676758e+00,-9.457417726516723633e-01,-1.288281083106994629e+00,-8.541468381881713867e-01,-8.909132480621337891e-01,-1.079379916191101074e+00,-6.599289178848266602e-01,-7.746415138244628906e-01
1.047221541404724121e+00,9.571095705032348633e-01,5.955895781517028809e-01,1.417809844017028809e+00,6.388669610023498535e-01,7.408856749534606934e-01,1.169769883155822754e+00,1.262508988380432129e+00,6.600416302680969238e-01,9.107120633125305176e-01,7.076840996742248535e-01,6.518800258636474609e-01,5.547676086425781250e-01,1.360775709152221680e+00,1.015987634658813477e+00,6.458188891410827637e-01,9.639509916305541992e-01,1.036441087722778320e+00,9.235363602638244629e-01,8.899841904640197754e-01
-6.986904144287109375e-01,-5.980976819992065430e-01,-1.036697030067443848e+00,-1.079209208488464355e+00,-8.716749548912048340e-01,-1.053502321243286133e+00,-1.188234806060791016e+00,-7.839351296424865723e-01,-9.351179003715515137e-01,-1.215767979621887207e+00,-1.113880038261413574e+00,-9.083509445190429688e-01,-1.502935767173767090e+00,-5.882698297500610352e-01,-1.139585137367248535e+00,-9.381027817726135254e-01,-1.204147577285766602e+00,-1.108317494392395020e+00,-9.236242771148681641e-01,-1.033742070198059082e+00
-1.104334712028503418e+00,-1.054052710533142090e+00,-6.195586323738098145e-01,-1.103763222694396973e+00,-9.632854461669921875e-01,-1.003675222396850586e+00,-9.330762028694152832e-01,-9.038867354393005371e-01,-1.035907626152038574e+00,-8.697867989540100098e-01,-1.013150453567504883e+00,-1.014864206314086914e+00,-8.818138241767883301e-01,-1.332552075386047363e+00,-1.429679274559020996e+00,-1.011515021324157715e+00,-1.024024963378906250e+00,-1.029420018196105957e+00,-1.030544996261596680e+00,-8.739967942237854004e-01
9.123929142951965332e-01,8.144533038139343262e-01,6.511725187301635742e-01,1.396954536437988281e+00,8.625723719596862793e-01,8.516016006469726562e-01,5.868414640426635742e-01,1.363693952560424805e+00,9.028747677803039551e-01,1.308217763900756836e+00,4.446153342723846436e-01,1.155824780464172363e+00,8.681282401084899902e-01,5.066236853599548340e-01,7.557524442672729492e-01,8.872966170310974121e-01,6.065053343772888184e-01,1.194092512130737305e+00,9.024482965469360352e-01,9.901857972145080566e-01
-6.409536004066467285e-01,-9.208456873893737793e-01,-6.889340281486511230e-01,-8.866429328918457031e-01,-8.410425186157226562e-01,-1.032456994056701660e+00,-1.051709175109863281e+00,-8.239063024520874023e-01,-1.038408756256103516e+00,-8.862979412078857422e-01,-1.013005733489990234e+00,-9.627218246459960938e-01,-1.094547390937805176e+00,-9.972230792045593262e-01,-1.294858574867248535e+00,-9.493308067321777344e-01,-1.049266219139099121e+00,-9.747430086135864258e-01,-8.716340065002441406e-01,-1.117990016937255859e+00
-1.109827637672424316e+00,-5.817986130714416504e-01,-6.487032175064086914e-01,-7.673619389533996582e-01,-8.850122094154357910e-01,-7.729973793029785156e-01,-1.068308591842651367e+00,-1.041022419929504395e+00,-9.022693037986755371e-01,-1.045496821403503418e+00,-1.158338308334350586e+00,-9.165691137313842773e-01,-1.242744565010070801e+00,-8.311455249786376953e-01,-1.214636683464050293e+00,-8.362458944320678711e-01,-7.858422398567199707e-01,-9.488634467124938965e-01,-9.183363318443298340e-01,-1.378217697143554688e+00
-1.088668823242187500e+00,-9.373775124549865723e-01,-5.689911842346191406e-01,-1.064746022224426270e+00,-8.995323181152343750e-01,-9.008214473724365234e-01,-9.542636275291442871e-01,-1.318054914474487305e+00,-7.510269880294799805e-01,-9.629801511764526367e-01,-1.185533642768859863e+00,-5.982578992843627930e-01,-1.277202606201171875e+00,-9.797397851943969727e-01,-1.169133663177490234e+00,-9.299076795578002930e-01,-9.131053686141967773e-01,-1.115853190422058105e+00,-8.742485046386718750e-01,-1.532642722129821777e+00
-9.210169911384582520e-01,-9.512110352516174316e-01,-1.002508997917175293e+00,-1.184602141380310059e+00,-5.741055607795715332e-01,-1.191290140151977539e+00,-1.339176654815673828e+00,-9.150729179382324219e-01,-1.184219956398010254e+00,-7.611205577850341797e-01,-5.307578444480895996e-01,-7.856283187866210938e-01,-8.785657882690429688e-01,-9.903977513313293457e-01,-1.110548138618469238e+00,-1.198410987854003906e+00,-1.254897475242614746e+00,-8.157712817192077637e-01,-1.099465966224670410e+00,-1.089380264282226562e+00
1.048745751380920410e+00,1.290806293487548828e+00,9.803714156150817871e-01,1.372358441352844238e+00,9.626776576042175293e-01,8.944185376167297363e-01,1.323301076889038086e+00,8.324961662292480469e-01,9.148263931274414062e-01,1.335189700126647949e+00,9.338624477386474609e-01,1.034852266311645508e+00,1.221801161766052246e+00,7.986023426055908203e-01,9.021458029747009277e-01,1.145091414451599121e+00,1.272372722625732422e+00,8.874954581260681152e-01,8.812124133110046387e-01,1.200324773788452148e+00
1.191162586212158203e+00,9.406341910362243652e-01,1.068111300468444824e+00,8.384543657302856445e-01,7.486999034881591797e-01,1.304614663124084473e+00,8.016179800033569336e-01,9.421447515487670898e-01,1.200247526168823242e+00,8.731111884117126465e-01,9.414489865303039551e-01,9.347264766693115234e-01,7.504853606224060059e-01,1.079299092292785645e+00,6.934781074523925781e-01,9.804477095603942871e-01,1.184199094772338867e+00,8.197029232978820801e-01,5.783187747001647949e-01,6.674374938011169434e-01
1.479268908500671387e+00,8.525651693344116211e-01,1.025475263595581055e+00,1.132318973541259766e+00,1.216788530349731445e+00,1.336007475852966309e+00,9.385048151016235352e-01,1.118780016899108887e+00,1.186050176620483398e+00,1.269932866096496582e+00,8.180775642395019531e-01,1.126998662948608398e+00,8.973200321197509766e-01,1.420812368392944336e+00,7.922772765159606934e-01,1.103643298149108887e+00,1.110632538795471191e+00,8.973385691642761230e-01,1.364048600196838379e+00,1.022505879402160645e+00
-8.811643123626708984e-01,-8.246402144432067871e-01,-6.207947134971618652e-01,-8.743075132369995117e-01,-7.312639355659484863e-01,-9.021998047828674316e-01,-4.687447547912597656e-01,-1.117284536361694336e+00,-1.004225015640258789e+00,-6.808021068572998047e-01,-1.122654080390930176e+00,-8.608049750328063965e-01,-1.282382845878601074e+00,-1.075613617897033691e+00,-1.345695614814758301e+00,-1.054057240486145020e+00,-1.109907984733581543e+00,-7.768024802207946777e-01,-1.041025519371032715e+00,-1.334441781044006348e+00
-1.180269002914428711e+00,-9.580558538436889648e-01,-9.165357947349548340e-01,-1.093591094017028809e+00,-8.366494774818420410e-01,-8.010736703872680664e-01,-1.002028942108154297e+00,-1.436526060104370117e+00,-6.504772901535034180e-01,-7.370927333831787109e-01,-1.124592542648315430e+00,-1.161774277687072754e+00,-1.086768031120300293e+00,-9.489101171493530273e-01,-1.493459820747375488e+00,-1.157138943672180176e+00,-1.222948312759399414e+00,-7.739503383636474609e-01,-8.871044516563415527e-01,-1.223374128341674805e+00
1.130479454994201660e+00,1.047187447547912598e+00,8.600215911865234375e-01,8.945627808570861816e-01,1.218456387519836426e+00,1.097099542617797852e+00,6.923767924308776855e-01,1.069219350814819336e+00,1.022100806236267090e+00,9.629700779914855957e-01,8.869334459304809570e-01,1.158763647079467773e+00,4.849573671817779541e-01,1.247988104820251465e+00,8.826399445533752441e-01,7.697000503540039062e-01,8.003367781639099121e-01,1.107320547103881836e+00,9.448368549346923828e-01,9.718490839004516602e-01
-8.355060219764709473e-01,-1.069453597068786621e+00,-1.136282920837402344e+00,-1.212607622146606445e+00,-1.292093634605407715e+00,-8.894991278648376465e-01,-1.163754820823669434e+00,-1.152585268020629883e+00,-7.850011587142944336e-01,-9.512772560119628906e-01,-1.151019811630249023e+00,-8.452166318893432617e-01,-1.362832307815551758e+00,-7.619066238403320312e-01,-1.264391541481018066e+00,-1.238878250122070312e+00,-1.155811190605163574e+00,-1.220342040061950684e+00,-1.259046435356140137e+00,-1.051862716674804688e+00
8.512030839920043945e-01,8.246064186096191406e-01,1.519279122352600098e+00,1.237512230873107910e+00,9.160651564598083496e-01,1.044313430786132812e+00,9.340243935585021973e-01,5.441243648529052734e-01,9.179975390434265137e-01,1.080554366111755371e+00,5.471149086952209473e-01,1.085402965545654297e+00,1.307436347007751465e+00,8.984004855155944824e-01,8.834875822067260742e-01,1.040311932563781738e+00,1.292181134223937988e+00,1.078450202941894531e+00,8.059779405593872070e-01,1.185686707496643066e+00
-1.195265173912048340e+00,-9.815543889999389648e-01,-9.787744283676147461e-01,-1.177782893180847168e+00,-8.968429565429687500e-01,-9.731593132019042969e-01,-1.088606238365173340e+00,-1.012730002403259277e+00,-1.028753280639648438e+00,-8.741838335990905762e-01,-1.491667509078979492e+00,-9.663794040679931641e-01,-1.212883591651916504e+00,-9.613099098205566406e-01,-1.208272337913513184e+00,-1.208092212677001953e+00,-9.601572751998901367e-01,-1.001484394073486328e+00,-9.811239838600158691e-01,-1.164708495140075684e+00
1.149709224700927734e+00,1.031860947608947754e+00,1.145251631736755371e+00,1.032631874084472656e+00,1.453833699226379395e+00,9.995240569114685059e-01,1.028822183609008789e+00,1.167484641075134277e+00,1.277239680290222168e+00,1.396458506584167480e+00,1.168030619621276855e+00,9.493120312690734863e-01,9.697850346565246582e-01,1.529784321784973145e+00,7.742286324501037598e-01,1.098786234855651855e+00,8.342506885528564453e-01,1.158101439476013184e+00,1.156265020370483398e+00,1.342508912086486816e+00
1.314087986946105957e+00,7.668799757957458496e-01,1.226760268211364746e+00,7.719694375991821289e-01,1.302881121635437012e+00,9.837948679924011230e-01,1.032509803771972656e+00,7.666389942169189453e-01,1.153873324394226074e+00,1.086144208908081055e+00,1.094657421112060547e+00,9.722762703895568848e-01,8.355275988578796387e-01,1.039874434471130371e+00,1.090697407722473145e+00,1.407279372215270996e+00,1.054673552513122559e+00,1.058230638504028320e+00,1.040868759155273438e+00,1.165183544158935547e+00
1.283112525939941406e+00,1.187147259712219238e+00,9.910650253295898438e-01,6.794235110282897949e-01,1.133137226104736328e+00,1.249189138412475586e+00,1.168779611587524414e+00,7.327643036842346191e-01,1.324098348617553711e+00,1.187327980995178223e+00,1.166657686233520508e+00,1.263815999031066895e+00,1.045047998428344727e+00,1.011976957321166992e+00,1.080883026123046875e+00,1.356317281723022461e+00,1.420150279998779297e+00,1.190202713012695312e+00,1.274001479148864746e+00,1.206408619880676270e+00
-1.129242300987243652e+00,-8.951218724250793457e-01,-1.009586572647094727e+00,-1.370908975601196289e+00,-1.136144757270812988e+00,-9.527105689048767090e-01,-1.273159146308898926e+00,-1.077020168304443359e+00,-9.530341029167175293e-01,-1.004129528999328613e+00,-1.337479829788208008e+00,-9.450048208236694336e-01,-1.175854325294494629e+00,-9.555980563163757324e-01,-1.421873927116394043e+00,-1.074882864952087402e+00,-9.238812923431396484e-01,-9.359951019287109375e-01,-1.023811459541320801e+00,-1.085435271263122559e+00
-1.293719410896301270e+00,-7.944917678833007812e-01,-8.422815799713134766e-01,-8.533949851989746094e-01,-9.723500013351440430e-01,-7.225216031074523926e-01,-1.049457550048828125e+00,-1.165222406387329102e+00,-8.557739853858947754e-01,-8.331412672996520996e-01,-1.130503296852111816e+00,-9.709240794181823730e-01,-1.170142769813537598e+00,-1.062539577484130859e+00,-1.547996520996093750e+00,-9.001591801643371582e-01,-1.186991095542907715e+00,-9.628245234489440918e-01,-9.135811328887939453e-01,-1.264747142791748047e+00
1.103072643280029297e+00,1.013020157814025879e+00,1.192844271659851074e+00,1.130560517311096191e+00,1.342731952667236328e+00,1.402993321418762207e+00,7.077229619026184082e-01,5.322486162185668945e-01,1.031449079513549805e+00,9.970334172248840332e-01,9.820653796195983887e-01,1.250127792358398438e+00,9.219501018524169922e-01,9.676201343536376953e-01,8.395187258720397949e-01,1.139743328094482422e+00,1.107208847999572754e+00,8.869101405143737793e-01,6.628861427307128906e-01,1.274391651153564453e+00
1.222977161407470703e+00,1.089120030403137207e+00,1.198848605155944824e+00,1.333694696426391602e+00,9.640715718269348145e-01,8.950603008270263672e-01,1.005205392837524414e+00,9.894232153892517090e-01,1.312895774841308594e+00,1.052924156188964844e+00,1.012950778007507324e+00,8.529719710350036621e-01,8.209330439567565918e-01,8.987848758697509766e-01,9.660525321960449219e-01,9.715349078178405762e-01,6.907293796539306641e-01,1.166814446449279785e+00,7.885904312133789062e-01,1.244746685028076172e+00
1.221521973609924316e+00,1.090843796730041504e+00,1.230359554290771484e+00,1.224346518516540527e+00,1.018190860748291016e+00,1.113375782966613770e+00,1.368165731430053711e+00,1.064650535583496094e+00,1.331413507461547852e+00,8.861863613128662109e-01,7.323482632637023926e-01,9.196317791938781738e-01,1.125669717788696289e+00,9.039736986160278320e-01,7.596296072006225586e-01,1.269486904144287109e+00,7.338320016860961914e-01,1.404784321784973145e+00,1.256802797317504883e+00,1.285244464874267578e+00
1.265171170234680176e+00,1.163509607315063477e+00,1.203570723533630371e+00,1.370181679725646973e+00,1.012481927871704102e+00,1.423010349273681641e+00,9.916694164276123047e-01,1.242129921913146973e+00,1.040262222290039062e+00,1.012082815170288086e+00,1.011992692947387695e+00,1.217755198478698730e+00,9.556442499160766602e-01,1.085545539855957031e+00,8.259910345077514648e-01,1.407643914222717285e+00,9.426397681236267090e-01,1.232691526412963867e+00,1.001875877380371094e+00,9.370862841606140137e-01
1.215689897537231445e+00,9.457656741142272949e-01,1.091639757156372070e+00,9.670281410217285156e-01,1.253085613250732422e+00,1.056518197059631348e+00,1.246123909950256348e+00,8.700897097587585449e-01,1.061127066612243652e+00,7.427918314933776855e-01,8.592426776885986328e-01,1.040734767913818359e+00,9.182407855987548828e-01,1.003892660140991211e+00,6.231508851051330566e-01,1.022690057754516602e+00,1.036315321922302246e+00,1.046810269355773926e+00,9.387951493263244629e-01,1.028909087181091309e+00
1.450499773025512695e+00,7.751283645629882812e-01,9.038417339324951172e-01,1.020190119743347168e+00,1.173463702201843262e+00,1.055789470672607422e+00,1.012601733207702637e+00,7.303237915039062500e-01,1.196417808532714844e+00,1.022374868392944336e+00,1.190016746520996094e+00,9.261175394058227539e-01,1.016021490097045898e+00,1.111966013908386230e+00,1.090560436248779297e+00,1.323337078094482422e+00,1.283677220344543457e+00,1.160307645797729492e+00,8.182964920997619629e-01,1.316392898559570312e+00
1.510991811752319336e+00,1.068782329559326172e+00,1.457898855209350586e+00,1.206352114677429199e+00,1.178221106529235840e+00,9.287815690040588379e-01,9.296705722808837891e-01,9.631733894348144531e-01,9.918257594108581543e-01,1.240719795227050781e+00,1.166627764701843262e+00,1.092394232749938965e+00,8.147068619728088379e-01,1.423134446144104004e+00,7.072546482086181641e-01,1.188374161720275879e+00,6.388058066368103027e-01,1.205469012260437012e+00,7.497795224189758301e-01,1.280033826828002930e+00
1.049133539199829102e+00,8.948411345481872559e-01,1.216906070709228516e+00,8.480941057205200195e-01,9.986522197723388672e-01,1.184168457984924316e+00,8.101977705955505371e-01,1.436252951622009277e+00,9.456216096878051758e-01,8.701027631759643555e-01,9.970836639404296875e-01,1.287930369377136230e+00,1.232795119285583496e+00,1.076735973358154297e+00,1.302527666091918945e+00,1.079766511917114258e+00,1.108037710189819336e+00,5.158466100692749023e-01,7.506186962127685547e-01,1.089484453201293945e+00
8.514118790626525879e-01,9.274932742118835449e-01,9.296967387199401855e-01,1.051888227462768555e+00,6.284534335136413574e-01,1.008216261863708496e+00,7.650138139724731445e-01,9.791574478149414062e-01,7.410503029823303223e-01,7.874217033386230469e-01,1.087493658065795898e+00,8.081007003784179688e-01,8.389137387275695801e-01,1.063745975494384766e+00,5.147754549980163574e-01,1.258384704589843750e+00,1.051129341125488281e+00,9.751494526863098145e-01,9.992908239364624023e-01,9.001435637474060059e-01
1.807350516319274902e+00,8.341592550277709961e-01,1.108125329017639160e+00,1.247622370719909668e+00,1.318665027618408203e+00,7.575612664222717285e-01,1.150454759597778320e+00,7.603290081024169922e-01,1.023689270019531250e+00,1.345557332038879395e+00,1.127183079719543457e+00,1.154453754425048828e+00,8.891984820365905762e-01,1.642548918724060059e+00,9.402137994766235352e-01,1.027242541313171387e+00,6.618760824203491211e-01,1.098770260810852051e+00,9.599618315696716309e-01,9.950004220008850098e-01
-1.044892311096191406e+00,-8.738866448402404785e-01,-8.374683856964111328e-01,-9.422969818115234375e-01,-1.091345667839050293e+00,-7.423091530799865723e-01,-1.004021406173706055e+00,-1.006901860237121582e+00,-8.305676579475402832e-01,-1.108333587646484375e+00,-1.039530277252197266e+00,-1.026540040969848633e+00,-1.229777336120605469e+00,-1.288417339324951172e+00,-1.373607039451599121e+00,-9.625378251075744629e-01,-9.812924265861511230e-01,-1.152734994888305664e+00,-1.034678459167480469e+00,-9.163836240768432617e-01
1.331315875053405762e+00,9.061941504478454590e-01,1.232566475868225098e+00,1.571565985679626465e+00,9.883195161819458008e-01,1.238180875778198242e+00,1.027715444564819336e+00,8.036547899246215820e-01,1.225582957267761230e+00,1.249441623687744141e+00,1.387142777442932129e+00,1.229682207107543945e+00,7.859999537467956543e-01,1.311067819595336914e+00,1.163241267204284668e+00,9.036746621131896973e-01,1.203746080398559570e+00,6.117313504219055176e-01,9.811963438987731934e-01,1.333034515380859375e+00
1.083851099014282227e+00,5.441068410873413086e-01,1.263357996940612793e+00,1.367899298667907715e+00,2.854175865650177002e-01,1.392926692962646484e+00,1.613124251365661621e+00,1.342350363731384277e+00,1.186646461486816406e+00,1.290617346763610840e+00,6.319103240966796875e-01,6.642861962318420410e-01,1.091881275177001953e+00,1.294292330741882324e+00,1.150308609008789062e+00,7.131622433662414551e-01,9.135251641273498535e-01,1.103972434997558594e+00,6.854869723320007324e-01,1.279869914054870605e+00
1.538111209869384766e+00,5.835149288177490234e-01,1.457784891128540039e+00,1.133724451065063477e+00,9.830381870269775391e-01,1.124983668327331543e+00,1.090709328651428223e+00,8.317682743072509766e-01,1.045829653739929199e+00,1.061659097671508789e+00,8.418263196945190430e-01,1.212383151054382324e+00,6.114365458488464355e-01,1.353946328163146973e+00,1.090606927871704102e+00,1.249299168586730957e+00,9.030333757400512695e-01,7.193562388420104980e-01,1.046273469924926758e+00,1.226224184036254883e+00
1.237918734550476074e+00,1.313274621963500977e+00,1.375470876693725586e+00,1.262683510780334473e+00,1.371573209762573242e+00,1.194147348403930664e+00,1.308688044548034668e+00,1.296062469482421875e+00,8.581197261810302734e-01,1.097083926200866699e+00,1.122345685958862305e+00,1.220439314842224121e+00,1.096965312957763672e+00,1.135129690170288086e+00,1.058731436729431152e+00,1.207329750061035156e+00,7.852168083190917969e-01,1.229327678680419922e+00,1.290515303611755371e+00,1.281245708465576172e+00
-9.492905139923095703e-01,-1.131024599075317383e+00,-9.111557602882385254e-01,-1.067962408065795898e+00,-1.297567963600158691e+00,-9.623922705650329590e-01,-1.116102576255798340e+00,-9.652511477470397949e-01,-9.710426926612854004e-01,-1.179830789566040039e+00,-1.111212611198425293e+00,-9.758823513984680176e-01,-1.195550799369812012e+00,-1.197332978248596191e+00,-1.095878243446350098e+00,-1.097163200378417969e+00,-9.964939355850219727e-01,-8.066837191581726074e-01,-8.578380942344665527e-01,-9.264621734619140625e-01
1.312800645828247070e+00,8.781132698059082031e-01,1.491849541664123535e+00,1.014267683029174805e+00,1.286187052726745605e+00,1.350526690483093262e+00,1.155462145805358887e+00,8.657435774803161621e-01,1.208982110023498535e+00,7.375362515449523926e-01,9.431737661361694336e-01,1.231729984283447266e+00,9.118699431419372559e-01,9.553502798080444336e-01,7.086111307144165039e-01,1.339890360832214355e+00,7.203808426856994629e-01,9.314669370651245117e-01,1.460158348083496094e+00,1.009600520133972168e+00
1.361031174659729004e+00,1.061155915260314941e+00,1.222672224044799805e+00,9.887350201606750488e-01,7.908118367195129395e-01,1.021456003189086914e+00,1.044049263000488281e+00,8.870148062705993652e-01,1.322721958160400391e+00,1.224318385124206543e+00,1.519996166229248047e+00,8.395117521286010742e-01,1.103328943252563477e+00,1.281559228897094727e+00,1.267892718315124512e+00,1.174862146377563477e+00,7.170757055282592773e-01,1.078739643096923828e+00,7.542955875396728516e-01,1.085798382759094238e+00
-1.124200344085693359e+00,-1.191798210144042969e+00,-1.058684468269348145e+00,-1.058701515197753906e+00,-1.223348379135131836e+00,-9.327908158302307129e-01,-9.949380755424499512e-01,-8.314962983131408691e-01,-1.076060175895690918e+00,-8.910440802574157715e-01,-1.172449111938476562e+00,-9.251958727836608887e-01,-9.079915881156921387e-01,-8.928316831588745117e-01,-1.337731003761291504e+00,-8.960816264152526855e-01,-8.003331422805786133e-01,-1.132912516593933105e+00,-1.152169704437255859e+00,-9.853796362876892090e-01
-5.758417844772338867e-01,-7.458668351173400879e-01,-6.706780791282653809e-01,-7.706422805786132812e-01,-9.601246118545532227e-01,-9.373175501823425293e-01,-9.983736872673034668e-01,-1.180213332176208496e+00,-9.999052286148071289e-01,-9.730726480484008789e-01,-9.529030323028564453e-01,-1.154300451278686523e+00,-9.553669691085815430e-01,-6.842255592346191406e-01,-1.001794338226318359e+00,-1.209879279136657715e+00,-1.166169643402099609e+00,-9.964483380317687988e-01,-9.936510324478149414e-01,-8.854025602340698242e-01
5.436148047447204590e-01,4.461379051208496094e-01,7.268025279045104980e-01,5.344398021697998047e-01,5.879635810852050781e-01,7.900860905647277832e-01,5.305171608924865723e-01,6.394926905632019043e-01,9.481202363967895508e-01,5.828419923782348633e-01,7.001373767852783203e-01,6.292001605033874512e-01,7.749761641025543213e-02,7.075387835502624512e-01,-1.092256791889667511e-02,3.171522915363311768e-01,7.003741860389709473e-01,2.623611688613891602e-01,6.005112528800964355e-01,3.188269734382629395e-01
1.450186133384704590e+00,7.201851010322570801e-01,1.047468781471252441e+00,1.188396573066711426e+00,1.120881676673889160e+00,9.756913185119628906e-01,9.053826928138732910e-01,9.546767473220825195e-01,1.220051527023315430e+00,1.016947627067565918e+00,1.478726744651794434e+00,7.843679189682006836e-01,1.138971924781799316e+00,1.323650598526000977e+00,7.202271223068237305e-01,9.542879462242126465e-01,7.680428624153137207e-01,8.633317351341247559e-01,6.493663191795349121e-01,1.266968250274658203e+00
-1.019960880279541016e+00,-9.983906745910644531e-01,-1.068327069282531738e+00,-1.183008193969726562e+00,-1.128505945205688477e+00,-1.078243732452392578e+00,-5.852414369583129883e-01,-1.007687926292419434e+00,-7.514670491218566895e-01,-1.217013120651245117e+00,-1.265966653823852539e+00,-1.031657457351684570e+00,-1.227754116058349609e+00,-8.789888024330139160e-01,-1.393535852432250977e+00,-9.933287501335144043e-01,-8.177399635314941406e-01,-1.047476172447204590e+00,-8.815522193908691406e-01,-9.958599209785461426e-01
-1.190160274505615234e+00,-1.004819631576538086e+00,-9.279318451881408691e-01,-9.541230201721191406e-01,-1.063208222389221191e+00,-1.002684473991394043e+00,-9.847974777221679688e-01,-9.003398418426513672e-01,-8.915745019912719727e-01,-9.735414981842041016e-01,-9.046530127525329590e-01,-1.264060735702514648e+00,-1.035524487495422363e+00,-8.814853429794311523e-01,-9.433610439300537109e-01,-1.045236468315124512e+00,-1.165423274040222168e+00,-1.143266320228576660e+00,-8.864814043045043945e-01,-1.011413097381591797e+00
-8.326770663261413574e-01,-1.166767001152038574e+00,-8.174266815185546875e-01,-9.715259671211242676e-01,-1.082133889198303223e+00,-6.941897869110107422e-01,-1.006768345832824707e+00,-1.301590919494628906e+00,-8.020772933959960938e-01,-9.332119226455688477e-01,-9.671151041984558105e-01,-7.313940525054931641e-01,-1.300600290298461914e+00,-8.895629644393920898e-01,-9.997724294662475586e-01,-8.818505406379699707e-01,-9.157905578613281250e-01,-1.138183832168579102e+00,-9.159775376319885254e-01,-1.214024782180786133e+00
-1.022644400596618652e+00,-9.703068137168884277e-01,-8.126260638236999512e-01,-9.613007903099060059e-01,-1.140946984291076660e+00,-7.358857393264770508e-01,-1.123648643493652344e+00,-9.215875267982482910e-01,-8.371220231056213379e-01,-8.923784494400024414e-01,-1.094331860542297363e+00,-1.134608149528503418e+00,-1.085057258605957031e+00,-9.367244839668273926e-01,-1.328589200973510742e+00,-9.220301508903503418e-01,-8.880821466445922852e-01,-1.221385717391967773e+00,-1.084591507911682129e+00,-1.211401343345642090e+00
1.137813568115234375e+00,8.260181546211242676e-01,1.225445270538330078e+00,8.794189095497131348e-01,8.252456188201904297e-01,1.195007801055908203e+00,1.196186423301696777e+00,9.716194868087768555e-01,1.251383185386657715e+00,9.607236385345458984e-01,9.552790522575378418e-01,1.134616732597351074e+00,9.592640995979309082e-01,9.142996668815612793e-01,5.808559656143188477e-01,9.652794599533081055e-01,1.305299043655395508e+00,1.117104530334472656e+00,5.107465982437133789e-01,1.286020755767822266e+00
1.408724188804626465e+00,9.391791820526123047e-01,1.445931196212768555e+00,1.430814385414123535e+00,1.369136810302734375e+00,1.134915232658386230e+00,8.377630114555358887e-01,1.097037196159362793e+00,1.344504833221435547e+00,1.209286689758300781e+00,1.278305530548095703e+00,9.494827985763549805e-01,1.161052346229553223e+00,1.929296612739562988e+00,8.315424323081970215e-01,1.063174366950988770e+00,9.456921219825744629e-01,1.257903814315795898e+00,9.887164235115051270e-01,1.280018210411071777e+00
1.100133895874023438e+00,1.061671972274780273e+00,1.484687685966491699e+00,1.077723264694213867e+00,8.866774439811706543e-01,1.101336598396301270e+00,1.022332549095153809e+00,5.709184408187866211e-01,9.675511121749877930e-01,1.327522873878479004e+00,1.097417354583740234e+00,1.029318690299987793e+00,1.060795545578002930e+00,1.217542648315429688e+00,7.002715468406677246e-01,8.278381824493408203e-01,1.328518033027648926e+00,7.104193568229675293e-01,8.605070710182189941e-01,1.056201815605163574e+00
8.405302166938781738e-01,9.570549726486206055e-01,9.880371093750000000e-01,7.211729288101196289e-01,8.481218814849853516e-01,9.226250052452087402e-01,1.308136820793151855e+00,1.017752289772033691e+00,1.008702516555786133e+00,1.170032143592834473e+00,1.072359323501586914e+00,1.193270444869995117e+00,6.785416007041931152e-01,6.986795663833618164e-01,7.902466058731079102e-01,1.090918421745300293e+00,8.155082464218139648e-01,7.623788714408874512e-01,1.247151851654052734e+00,9.632685780525207520e-01
1.569748759269714355e+00,1.022355675697326660e+00,1.103251338005065918e+00,8.817999958992004395e-01,1.033503413200378418e+00,1.090298891067504883e+00,8.565799593925476074e-01,7.259070277214050293e-01,1.163337945938110352e+00,1.214295744895935059e+00,7.536976337432861328e-01,1.291121959686279297e+00,7.608611583709716797e-01,1.105233550071716309e+00,7.415624260902404785e-01,1.117293238639831543e+00,9.312375783920288086e-01,1.205562591552734375e+00,7.461621165275573730e-01,8.716576099395751953e-01
1.238787889480590820e+00,6.349265575408935547e-01,1.480356335639953613e+00,8.537188172340393066e-01,8.570377230644226074e-01,1.077592372894287109e+00,8.072685003280639648e-01,6.075862646102905273e-01,1.082754969596862793e+00,1.061504244804382324e+00,9.121505022048950195e-01,9.394897222518920898e-01,9.265476465225219727e-01,1.402774572372436523e+00,7.295615673065185547e-01,8.206786513328552246e-01,1.098569989204406738e+00,1.082033872604370117e+00,1.130152225494384766e+00,8.060230612754821777e-01
1.419668912887573242e+00,9.660344719886779785e-01,1.284229516983032227e+00,1.080823421478271484e+00,7.928626537322998047e-01,1.090373635292053223e+00,1.417142271995544434e+00,8.106814622879028320e-01,1.390861034393310547e+00,1.451771020889282227e+00,1.099084019660949707e+00,1.008931875228881836e+00,1.256616592407226562e+00,1.589911580085754395e+00,8.432490229606628418e-01,7.817169427871704102e-01,9.701438546180725098e-01,9.445232748985290527e-01,5.898618102073669434e-01,9.976214170455932617e-01
-1.070669054985046387e+00,-9.907594323158264160e-01,-1.110276460647583008e+00,-1.059352517127990723e+00,-9.230496883392333984e-01,-8.780412077903747559e-01,-1.404225468635559082e+00,-9.161380529403686523e-01,-1.141774773597717285e+00,-9.056464433670043945e-01,-9.482510685920715332e-01,-7.928340435028076172e-01,-8.951950073242187500e-01,-7.207593321800231934e-01,-8.879973292350769043e-01,-1.287247300148010254e+00,-8.680503368377685547e-01,-1.155184030532836914e+00,-1.184027791023254395e+00,-1.003849625587463379e+00
1.117739200592041016e+00,7.998265027999877930e-01,1.370200634002685547e+00,1.141696691513061523e+00,8.332592844963073730e-01,1.194614052772521973e+00,1.275860667228698730e+00,1.316087007522583008e+00,1.101202130317687988e+00,1.040517568588256836e+00,1.201947927474975586e+00,7.246960401535034180e-01,1.064609766006469727e+00,1.360966324806213379e+00,5.029050111770629883e-01,1.014601111412048340e+00,1.057889461517333984e+00,1.114643216133117676e+00,8.560191392898559570e-01,7.100884914398193359e-01
1.077637076377868652e+00,1.156332135200500488e+00,1.302306890487670898e+00,9.545725584030151367e-01,8.737049698829650879e-01,9.524696469306945801e-01,9.876201152801513672e-01,5.126618742942810059e-01,9.515175223350524902e-01,1.149590492248535156e+00,1.238038897514343262e+00,8.995265960693359375e-01,1.001027226448059082e+00,1.122058272361755371e+00,1.033694744110107422e+00,9.237560629844665527e-01,9.205178618431091309e-01,1.233082413673400879e+00,1.030488967895507812e+00,1.067776441574096680e+00
1.086095094680786133e+00,1.264830827713012695e+00,1.025758266448974609e+00,1.156550049781799316e+00,9.537564516067504883e-01,1.473211646080017090e+00,7.472442388534545898e-01,6.993198990821838379e-01,1.442415356636047363e+00,1.149575829505920410e+00,1.022255182266235352e+00,1.312844276428222656e+00,7.637246847152709961e-01,1.163288474082946777e+00,8.735383749008178711e-01,9.479776024818420410e-01,1.253265738487243652e+00,1.116616368293762207e+00,1.126818656921386719e+00,8.988125324249267578e-01
1.344992876052856445e+00,9.955624341964721680e-01,9.386263489723205566e-01,1.007527589797973633e+00,9.953942894935607910e-01,4.834445416927337646e-01,1.166429758071899414e+00,8.515315055847167969e-01,1.306784152984619141e+00,9.445922970771789551e-01,8.198725581169128418e-01,1.090583443641662598e+00,7.190654277801513672e-01,1.145925879478454590e+00,7.499170303344726562e-01,1.099059700965881348e+00,7.265801429748535156e-01,1.092017531394958496e+00,8.317714929580688477e-01,9.041206240653991699e-01
-1.023376107215881348e+00,-1.079171419143676758e+00,-6.093795895576477051e-01,-1.093470692634582520e+00,-7.306101322174072266e-01,-8.797752857208251953e-01,-1.227889060974121094e+00,-1.125810265541076660e+00,-8.085843324661254883e-01,-8.423885703086853027e-01,-1.359947681427001953e+00,-9.256943464279174805e-01,-1.196432948112487793e+00,-1.096173763275146484e+00,-1.213707208633422852e+00,-9.604820013046264648e-01,-9.457200765609741211e-01,-1.104996919631958008e+00,-9.474021196365356445e-01,-1.153389215469360352e+00
-1.314796686172485352e+00,-1.286462545394897461e+00,-1.153691887855529785e+00,-1.169111132621765137e+00,-8.571677803993225098e-01,-7.343141436576843262e-01,-6.572136878967285156e-01,-1.246331930160522461e+00,-8.108061552047729492e-01,-1.191063642501831055e+00,-1.039288282394409180e+00,-1.052970886230468750e+00,-6.132338047027587891e-01,-8.118098378181457520e-01,-8.666588664054870605e-01,-1.088640570640563965e+00,-5.456647276878356934e-01,-1.321494936943054199e+00,-1.118799924850463867e+00,-1.303201794624328613e+00
-9.911982417106628418e-01,-1.112914919853210449e+00,-8.120154142379760742e-01,-9.955408573150634766e-01,-1.243578195571899414e+00,-8.368088006973266602e-01,-1.127384781837463379e+00,-1.103017807006835938e+00,-9.346449971199035645e-01,-1.063005208969116211e+00,-7.991906404495239258e-01,-1.089426994323730469e+00,-1.171741008758544922e+00,-7.361285090446472168e-01,-1.372318625450134277e+00,-1.010383725166320801e+00,-9.174921512603759766e-01,-9.819899797439575195e-01,-1.079310774803161621e+00,-8.274496793746948242e-01
1.231670856475830078e+00,1.136977791786193848e+00,1.306775808334350586e+00,1.041426658630371094e+00,1.026595234870910645e+00,1.178841710090637207e+00,8.289747834205627441e-01,9.531513452529907227e-01,9.962170124053955078e-01,9.538839459419250488e-01,5.853309631347656250e-01,8.277826905250549316e-01,9.435450434684753418e-01,1.018707752227783203e+00,1.120391488075256348e+00,8.127527236938476562e-01,7.913823723793029785e-01,8.165603876113891602e-01,9.380157589912414551e-01,1.034865379333496094e+00
-9.206580519676208496e-01,-1.110136866569519043e+00,-8.247190117835998535e-01,-8.745881915092468262e-01,-1.016296386718750000e+00,-7.529313564300537109e-01,-1.178826451301574707e+00,-1.043336510658264160e+00,-8.384462594985961914e-01,-1.220494151115417480e+00,-1.294977903366088867e+00,-1.310475945472717285e+00,-1.158780455589294434e+00,-7.981427311897277832e-01,-1.087067723274230957e+00,-9.492801427841186523e-01,-1.026413202285766602e+00,-1.459670901298522949e+00,-1.193169713020324707e+00,-9.123028516769409180e-01
1.457129120826721191e+00,1.069645285606384277e+00,1.224604368209838867e+00,9.046913385391235352e-01,1.152606964111328125e+00,1.253708958625793457e+00,9.758636355400085449e-01,9.845811128616333008e-01,1.313066720962524414e+00,1.235606431961059570e+00,6.514339447021484375e-01,9.281734824180603027e-01,1.185107231140136719e+00,1.081044077873229980e+00,1.004427552223205566e+00,1.169498682022094727e+00,8.038825392723083496e-01,8.260444998741149902e-01,1.071907758712768555e+00,1.012981057167053223e+00
1.323750257492065430e+00,6.801201701164245605e-01,8.655831813812255859e-01,9.873448014259338379e-01,1.068325161933898926e+00,1.077677130699157715e+00,1.090052604675292969e+00,8.703919053077697754e-01,1.086605310440063477e+00,1.113802075386047363e+00,7.885844707489013672e-01,9.167461395263671875e-01,7.799996733665466309e-01,1.025475859642028809e+00,8.920442461967468262e-01,1.254596233367919922e+00,8.674468994140625000e-01,1.223567366600036621e+00,8.528180122375488281e-01,8.129670619964599609e-01
1.182556390762329102e+00,1.180889725685119629e+00,1.042384743690490723e+00,1.536342501640319824e+00,9.579355716705322266e-01,1.116688251495361328e+00,1.249521851539611816e+00,1.304508447647094727e+00,1.151638865470886230e+00,1.120363235473632812e+00,1.334548473358154297e+00,8.239890336990356445e-01,1.096643447875976562e+00,1.454456806182861328e+00,9.089381694793701172e-01,9.456015229225158691e-01,1.178183913230895996e+00,1.016422271728515625e+00,9.949247241020202637e-01,6.899427175521850586e-01
1.041808605194091797e+00,8.685325384140014648e-01,1.347790837287902832e+00,1.214896678924560547e+00,1.138473629951477051e+00,1.057874083518981934e+00,1.110844373703002930e+00,6.888512969017028809e-01,1.383338451385498047e+00,9.940514564514160156e-01,1.048506498336791992e+00,1.083934187889099121e+00,1.081021904945373535e+00,1.211312770843505859e+00,7.915301918983459473e-01,1.243014931678771973e+00,8.213926553726196289e-01,1.387631177902221680e+00,3.425508439540863037e-01,1.134390115737915039e+00
1.626996040344238281e+00,9.219244122505187988e-01,1.309363126754760742e+00,1.125965714454650879e+00,1.135169982910156250e+00,1.406241178512573242e+00,8.348229527473449707e-01,1.158426642417907715e+00,1.183903455734252930e+00,1.441912889480590820e+00,1.338384866714477539e+00,1.303478121757507324e+00,1.279796242713928223e+00,1.375948190689086914e+00,8.918600678443908691e-01,1.126073122024536133e+00,1.186235070228576660e+00,1.397415518760681152e+00,9.364430308341979980e-01,1.252805948257446289e+00
-9.506482481956481934e-01,-1.438611984252929688e+00,-6.837369799613952637e-01,-1.074543118476867676e+00,-1.130425930023193359e+00,-9.788497686386108398e-01,-9.053049683570861816e-01,-1.118230700492858887e+00,-1.241486310958862305e+00,-7.297393679618835449e-01,-1.224291563034057617e+00,-5.325462818145751953e-01,-7.398418784141540527e-01,-1.091199040412902832e+00,-8.678517341613769531e-01,-1.053865194320678711e+00,-1.175107240676879883e+00,-1.329670548439025879e+00,-1.140656232833862305e+00,-8.701443076133728027e-01
9.343889951705932617e-01,7.990152835845947266e-01,9.382073879241943359e-01,9.522393345832824707e-01,1.134956717491149902e+00,1.227203726768493652e+00,7.139105796813964844e-01,8.011031150817871094e-01,1.003628969192504883e+00,1.129615187644958496e+00,8.273234367370605469e-01,1.024600744247436523e+00,8.658161163330078125e-01,9.143774509429931641e-01,8.136804103851318359e-01,1.174447298049926758e+00,1.399293661117553711e+00,1.083265662193298340e+00,8.724036812782287598e-01,1.014810442924499512e+00
1.207833409309387207e+00,1.303958415985107422e+00,1.356551051139831543e+00,8.918404579162597656e-01,1.043055891990661621e+00,8.952458500862121582e-01,7.743248343467712402e-01,1.075225114822387695e+00,1.152222275733947754e+00,7.957017421722412109e-01,1.217307209968566895e+00,8.936496973037719727e-01,9.851438999176025391e-01,1.103516459465026855e+00,5.902133584022521973e-01,8.645097613334655762e-01,1.042050600051879883e+00,1.110188245773315430e+00,9.695481061935424805e-01,1.507444858551025391e+00
-9.598298072814941406e-01,-1.085445880889892578e+00,-8.145672082901000977e-01,-1.501760125160217285e+00,-1.036628842353820801e+00,-9.900150299072265625e-01,-8.286265134811401367e-01,-1.362783908843994141e+00,-1.375753521919250488e+00,-1.116273164749145508e+00,-1.294161081314086914e+00,-9.096162915229797363e-01,-1.319455742835998535e+00,-1.216464757919311523e+00,-1.412006139755249023e+00,-1.022836923599243164e+00,-8.677241802215576172e-01,-1.083553671836853027e+00,-1.006329298019409180e+00,-9.739469289779663086e-01
8.682824969291687012e-01,7.603808045387268066e-01,9.205722808837890625e-01,7.592164874076843262e-01,7.921380400657653809e-01,9.893136620521545410e-01,1.137590050697326660e+00,8.151471614837646484e-01,1.119892597198486328e+00,8.566154837608337402e-01,9.344041943550109863e-01,6.621663570404052734e-01,7.780762314796447754e-01,1.111673116683959961e+00,6.662870049476623535e-01,9.559864997863769531e-01,6.491726040840148926e-01,1.119196653366088867e+00,9.612427353858947754e-01,9.929779767990112305e-01
1.267557263374328613e+00,1.136181235313415527e+00,1.159673929214477539e+00,1.094362735748291016e+00,1.028415203094482422e+00,1.414610028266906738e+00,1.300111413002014160e+00,9.357918500900268555e-01,1.023188352584838867e+00,1.134673118591308594e+00,1.327649354934692383e+00,1.270705461502075195e+00,1.091085553169250488e+00,1.187015891075134277e+00,8.090061545372009277e-01,1.060502171516418457e+00,1.030601263046264648e+00,8.332140445709228516e-01,1.043629169464111328e+00,9.350147843360900879e-01
-1.319226622581481934e+00,-8.232970237731933594e-01,-1.042502284049987793e+00,-9.622931480407714844e-01,-1.139542579650878906e+00,-9.318316578865051270e-01,-1.022453069686889648e+00,-7.804695963859558105e-01,-7.020732760429382324e-01,-8.490408062934875488e-01,-1.477167606353759766e+00,-9.399592876434326172e-01,-1.310290098190307617e+00,-6.695903539657592773e-01,-1.150850892066955566e+00,-1.204778552055358887e+00,-1.000546574592590332e+00,-1.037415027618408203e+00,-9.709019660949707031e-01,-7.077655196189880371e-01
1.094266891479492188e+00,8.422513604164123535e-01,4.759088456630706787e-01,1.213538885116577148e+00,1.051768302917480469e+00,1.169353961944580078e+00,6.465512514114379883e-01,1.027922153472900391e+00,7.761707305908203125e-01,7.801292538642883301e-01,1.164891004562377930e+00,8.806387782096862793e-01,9.991334676742553711e-01,6.867367625236511230e-01,7.694506645202636719e-01,8.615344166755676270e-01,7.879770398139953613e-01,6.915401816368103027e-01,1.018936872482299805e+00,1.100805282592773438e+00
-9.368664026260375977e-01,-8.805953860282897949e-01,-1.006730437278747559e+00,-1.076527476310729980e+00,-1.143313407897949219e+00,-1.480190992355346680e+00,-1.173702120780944824e+00,-1.029421567916870117e+00,-9.308007359504699707e-01,-1.183165788650512695e+00,-8.449558615684509277e-01,-1.106100916862487793e+00,-1.066802859306335449e+00,-1.002913832664489746e+00,-1.336241245269775391e+00,-8.175071477890014648e-01,-8.496137261390686035e-01,-9.564840793609619141e-01,-1.077764272689819336e+00,-1.094285726547241211e+00
9.502195119857788086e-01,8.138401508331298828e-01,1.159251451492309570e+00,9.908074140548706055e-01,1.050651431083679199e+00,1.037802934646606445e+00,9.476880431175231934e-01,9.437566399574279785e-01,9.492003917694091797e-01,1.108138918876647949e+00,1.068340659141540527e+00,8.525298237800598145e-01,8.474222421646118164e-01,1.300397276878356934e+00,7.160159945487976074e-01,1.032999038696289062e+00,1.159304857254028320e+00,8.376439809799194336e-01,7.975072264671325684e-01,1.035274982452392578e+00
1.143664479255676270e+00,1.193727850914001465e+00,1.415830969810485840e+00,1.056778669357299805e+00,1.005892992019653320e+00,1.063544392585754395e+00,1.590906620025634766e+00,1.017085313796997070e+00,1.181293606758117676e+00,1.137583732604980469e+00,1.274934411048889160e+00,1.006605744361877441e+00,1.429409503936767578e+00,1.890824556350708008e+00,7.183080911636352539e-01,1.197517871856689453e+00,1.295616030693054199e+00,9.606806635856628418e-01,1.250128030776977539e+00,1.385686993598937988e+00
-1.469506382942199707e+00,-1.244199514389038086e+00,-9.661874771118164062e-01,-8.387598395347595215e-01,-1.242334008216857910e+00,-7.246038913726806641e-01,-1.171893119812011719e+00,-9.090270400047302246e-01,-1.078152537345886230e+00,-9.652432799339294434e-01,-1.341277599334716797e+00,-8.432974815368652344e-01,-9.419798851013183594e-01,-1.036118388175964355e+00,-8.760332465171813965e-01,-1.048851370811462402e+00,-9.365136027336120605e-01,-9.843791723251342773e-01,-1.036389350891113281e+00,-7.760707736015319824e-01
1.336166620254516602e+00,1.048005104064941406e+00,1.170693993568420410e+00,8.214397430419921875e-01,1.017882943153381348e+00,8.400878906250000000e-01,1.347572207450866699e+00,1.136774539947509766e+00,1.017994761466979980e+00,1.062715411186218262e+00,1.044105529785156250e+00,7.643601894378662109e-01,9.904546141624450684e-01,1.544675827026367188e+00,3.241764008998870850e-01,8.675873279571533203e-01,1.102015495300292969e+00,6.854943037033081055e-01,9.112427234649658203e-01,5.441616773605346680e-01
1.103712439537048340e+00,9.185924530029296875e-01,1.133406758308410645e+00,5.370640158653259277e-01,8.483689427375793457e-01,8.811365962028503418e-01,1.130991101264953613e+00,8.848793506622314453e-01,1.411677718162536621e+00,8.641115427017211914e-01,1.265870809555053711e+00,1.066720962524414062e+00,7.899332642555236816e-01,8.689745664596557617e-01,5.798791646957397461e-01,1.155527472496032715e+00,1.161655068397521973e+00,1.284844636917114258e+00,1.265861868858337402e+00,5.905469059944152832e-01
1.361557245254516602e+00,8.905000686645507812e-01,1.563996911048889160e+00,7.442252039909362793e-01,1.095981121063232422e+00,5.670776963233947754e-01,1.262804627418518066e+00,7.804148197174072266e-01,1.107995867729187012e+00,1.270266532897949219e+00,1.536684155464172363e+00,1.406458735466003418e+00,1.105394482612609863e+00,1.353512167930603027e+00,1.012724876403808594e+00,9.298691749572753906e-01,1.117518186569213867e+00,8.797436952590942383e-01,1.158879756927490234e+00,1.244990229606628418e+00
-1.208562850952148438e+00,-9.900851249694824219e-01,-1.043385267257690430e+00,-1.224995493888854980e+00,-9.775800704956054688e-01,-9.152522683143615723e-01,-1.054025888442993164e+00,-1.073042869567871094e+00,-9.885314106941223145e-01,-9.920784235000610352e-01,-1.329963803291320801e+00,-1.061115741729736328e+00,-1.208181977272033691e+00,-8.334213495254516602e-01,-1.440697908401489258e+00,-1.054635524749755859e+00,-7.364115715026855469e-01,-1.003979682922363281e+00,-1.049699425697326660e+00,-1.327271699905395508e+00
-1.045413136482238770e+00,-1.203377962112426758e+00,-9.535164237022399902e-01,-9.171385765075683594e-01,-9.391469359397888184e-01,-7.048313617706298828e-01,-1.303041815757751465e+00,-1.111897826194763184e+00,-9.619179368019104004e-01,-1.169606566429138184e+00,-1.109956979751586914e+00,-1.093767642974853516e+00,-1.172569751739501953e+00,-1.357708215713500977e+00,-1.034479856491088867e+00,-1.096055269241333008e+00,-9.355502128601074219e-01,-9.315375089645385742e-01,-1.062661528587341309e+00,-1.330101370811462402e+00
-1.014758229255676270e+00,-9.507591128349304199e-01,-7.481346130371093750e-01,-1.115649104118347168e+00,-1.113431811332702637e+00,-7.636472582817077637e-01,-1.063852310180664062e+00,-9.185124039649963379e-01,-9.090307950973510742e-01,-1.028243780136108398e+00,-1.037099599838256836e+00,-8.467338085174560547e-01,-1.371550440788269043e+00,-1.009180665016174316e+00,-1.098255872726440430e+00,-1.064663052558898926e+00,-6.487295627593994141e-01,-1.088507175445556641e+00,-1.064537405967712402e+00,-9.968070387840270996e-01
-9.599022865295410156e-01,-1.155578374862670898e+00,-1.043469548225402832e+00,-8.468683958053588867e-01,-8.358410596847534180e-01,-8.001569509506225586e-01,-1.137404918670654297e+00,-8.402494192123413086e-01,-1.100568890571594238e+00,-9.332285523414611816e-01,-1.223363995552062988e+00,-9.247465133666992188e-01,-1.234802365303039551e+00,-8.464810252189636230e-01,-8.863657116889953613e-01,-1.076140284538269043e+00,-1.027212262153625488e+00,-1.360051155090332031e+00,-1.017850279808044434e+00,-1.014118432998657227e+00
1.193216800689697266e+00,1.197976589202880859e+00,1.033444404602050781e+00,8.970723748207092285e-01,1.150964736938476562e+00,1.263917684555053711e+00,1.108582377433776855e+00,8.579118847846984863e-01,1.255944371223449707e+00,1.123422145843505859e+00,9.959067106246948242e-01,1.080907940864562988e+00,7.170436382293701172e-01,1.149200558662414551e+00,8.089256882667541504e-01,1.357046127319335938e+00,1.051866173744201660e+00,9.731175899505615234e-01,1.037700176239013672e+00,9.546994566917419434e-01
1.221587181091308594e+00,1.024453639984130859e+00,9.732282161712646484e-01,1.004181265830993652e+00,1.061816930770874023e+00,1.172154664993286133e+00,8.675342798233032227e-01,1.111512899398803711e+00,1.141009449958801270e+00,1.037015080451965332e+00,7.565487623214721680e-01,9.723209738731384277e-01,9.175964593887329102e-01,1.099899768829345703e+00,9.680945277214050293e-01,1.089961051940917969e+00,1.038329958915710449e+00,1.139486789703369141e+00,8.246434330940246582e-01,9.530500173568725586e-01
-1.118417263031005859e+00,-7.211670279502868652e-01,-8.652270436286926270e-01,-1.054780602455139160e+00,-1.145712375640869141e+00,-1.129413485527038574e+00,-1.378477931022644043e+00,-1.214107632637023926e+00,-8.634783625602722168e-01,-1.003160953521728516e+00,-1.288919806480407715e+00,-9.737159013748168945e-01,-1.044654607772827148e+00,-9.366736412048339844e-01,-1.245358347892761230e+00,-9.212949275970458984e-01,-8.579652309417724609e-01,-1.070415616035461426e+00,-1.006771683692932129e+00,-9.097211956977844238e-01
-1.108896970748901367e+00,-9.078220129013061523e-01,-9.596746563911437988e-01,-1.038019776344299316e+00,-8.207498192787170410e-01,-6.657145619392395020e-01,-8.830914497375488281e-01,-9.736666083335876465e-01,-7.482706308364868164e-01,-1.021046400070190430e+00,-8.521557450294494629e-01,-1.045314311981201172e+00,-1.378853559494018555e+00,-1.114163160324096680e+00,-1.351306676864624023e+00,-9.756256937980651855e-01,-9.531884789466857910e-01,-1.236301183700561523e+00,-9.376631379127502441e-01,-1.163554906845092773e+00
-8.508888483047485352e-01,-8.515584468841552734e-01,-1.037532329559326172e+00,-1.042436838150024414e+00,-1.321388363838195801e+00,-1.248541474342346191e+00,-6.910400986671447754e-01,-7.950212359428405762e-01,-1.050137042999267578e+00,-1.254724979400634766e+00,-9.627822041511535645e-01,-9.430634379386901855e-01,-1.061476111412048340e+00,-1.092021703720092773e+00,-1.335087895393371582e+00,-9.652969241142272949e-01,-1.034507632255554199e+00,-7.793743610382080078e-01,-1.139616131782531738e+00,-9.658726453781127930e-01
1.437643885612487793e+00,1.024008154869079590e+00,9.704948663711547852e-01,1.262886524200439453e+00,1.371175646781921387e+00,1.013638973236083984e+00,7.097721099853515625e-01,9.475407600402832031e-01,1.163887023925781250e+00,1.131795525550842285e+00,1.087146878242492676e+00,1.216258525848388672e+00,8.427592515945434570e-01,1.190582156181335449e+00,1.115160584449768066e+00,1.134385347366333008e+00,1.017182111740112305e+00,9.959104061126708984e-01,9.855478405952453613e-01,1.103348016738891602e+00
-1.156203269958496094e+00,-1.076539278030395508e+00,-8.774327039718627930e-01,-6.019745469093322754e-01,-1.002439141273498535e+00,-9.847822785377502441e-01,-1.187451124191284180e+00,-1.071610450744628906e+00,-9.988998770713806152e-01,-8.919565081596374512e-01,-9.218833446502685547e-01,-8.940098285675048828e-01,-8.921356201171875000e-01,-8.993505835533142090e-01,-8.246643543243408203e-01,-1.292552947998046875e+00,-1.212697744369506836e+00,-1.013907909393310547e+00,-8.551517724990844727e-01,-8.085190653800964355e-01
1.332201600074768066e+00,9.614310264587402344e-01,8.526700735092163086e-01,8.663412928581237793e-01,6.576656699180603027e-01,1.059954047203063965e+00,7.289561033248901367e-01,6.755223274230957031e-01,1.193494200706481934e+00,9.856107234954833984e-01,8.480648398399353027e-01,9.299389719963073730e-01,8.426716923713684082e-01,1.086806058883666992e+00,7.757203578948974609e-01,1.001068472862243652e+00,1.206645131111145020e+00,7.444051504135131836e-01,8.354224562644958496e-01,6.835910677909851074e-01
1.295795440673828125e+00,1.282175779342651367e+00,8.672733902931213379e-01,1.469653844833374023e+00,1.096240043640136719e+00,7.750441431999206543e-01,8.310689926147460938e-01,1.140564680099487305e+00,8.672432303428649902e-01,1.209252953529357910e+00,1.228541374206542969e+00,6.887071132659912109e-01,7.601392269134521484e-01,1.276908993721008301e+00,7.269442081451416016e-01,1.080187320709228516e+00,5.315890908241271973e-01,1.275735020637512207e+00,1.026515841484069824e+00,9.766343235969543457e-01
-8.683800101280212402e-01,-9.498441219329833984e-01,-8.796388506889343262e-01,-9.718220829963684082e-01,-8.986458182334899902e-01,-8.729557394981384277e-01,-1.264907240867614746e+00,-9.623020887374877930e-01,-7.901025414466857910e-01,-9.995135068893432617e-01,-1.442508697509765625e+00,-9.039711952209472656e-01,-8.940370678901672363e-01,-8.204444646835327148e-01,-1.025809526443481445e+00,-1.249331951141357422e+00,-1.019263148307800293e+00,-1.158558845520019531e+00,-1.309869647026062012e+00,-9.503796100616455078e-01
-1.236427664756774902e+00,-6.646928787231445312e-01,-1.022197961807250977e+00,-8.795824646949768066e-01,-1.017832279205322266e+00,-9.428955912590026855e-01,-1.131083607673645020e+00,-8.405098915100097656e-01,-9.707705974578857422e-01,-9.918351173400878906e-01,-1.112555623054504395e+00,-7.898272871971130371e-01,-1.234530687332153320e+00,-6.860076189041137695e-01,-1.206485509872436523e+00,-9.289404749870300293e-01,-1.244305133819580078e+00,-8.981694579124450684e-01,-8.403607606887817383e-01,-1.162680506706237793e+00
1.111142158508300781e+00,1.289998054504394531e+00,1.093655347824096680e+00,1.324143290519714355e+00,6.780523657798767090e-01,1.179889798164367676e+00,1.389789462089538574e+00,9.547699093818664551e-01,1.173138141632080078e+00,1.225645780563354492e+00,9.465085268020629883e-01,1.098531961441040039e+00,1.133382797241210938e+00,1.625477313995361328e+00,7.939974069595336914e-01,1.141071438789367676e+00,1.138672828674316406e+00,1.252524852752685547e+00,1.356957197189331055e+00,8.941894173622131348e-01
-1.215916037559509277e+00,-6.452505588531494141e-01,-1.029185771942138672e+00,-8.098002672195434570e-01,-7.372143268585205078e-01,-1.024202942848205566e+00,-1.034891843795776367e+00,-1.056843280792236328e+00,-8.108370304107666016e-01,-1.170593142509460449e+00,-9.832483530044555664e-01,-1.063036918640136719e+00,-1.044325113296508789e+00,-7.794024348258972168e-01,-1.384534239768981934e+00,-8.870797753334045410e-01,-8.120484352111816406e-01,-1.400799870491027832e+00,-1.038948893547058105e+00,-9.759005904197692871e-01
1.494783401489257812e+00,8.084436058998107910e-01,1.436634421348571777e+00,1.039957761764526367e+00,8.092218637466430664e-01,1.034333229064941406e+00,1.261196255683898926e+00,9.489171504974365234e-01,1.265440702438354492e+00,1.364421010017395020e+00,1.206686854362487793e+00,1.137345194816589355e+00,9.126943349838256836e-01,1.037907600402832031e+00,9.316538572311401367e-01,1.086230635643005371e+00,8.830435276031494141e-01,1.291423082351684570e+00,1.007215976715087891e+00,1.167196154594421387e+00
-1.115749955177307129e+00,-9.332776665687561035e-01,-9.609568715095520020e-01,-1.072377204895019531e+00,-1.105973362922668457e+00,-6.785969734191894531e-01,-8.296972513198852539e-01,-9.425889849662780762e-01,-1.019185781478881836e+00,-1.111902832984924316e+00,-1.208632946014404297e+00,-8.734331130981445312e-01,-1.421297550201416016e+00,-1.061699986457824707e+00,-1.285535693168640137e+00,-9.736782312393188477e-01,-8.197010755538940430e-01,-7.987188696861267090e-01,-9.015412330627441406e-01,-9.945943355560302734e-01
1.122057676315307617e+00,5.538409948348999023e-01,8.012132048606872559e-01,1.224733591079711914e+00,1.401298522949218750e+00,1.078540682792663574e+00,6.793597936630249023e-01,1.016831755638122559e+00,1.127119302749633789e+00,7.380212545394897461e-01,8.564686179161071777e-01,1.295175909996032715e+00,1.124702095985412598e+00,1.392461657524108887e+00,1.169427275657653809e+00,9.521248936653137207e-01,1.318037867546081543e+00,9.986275434494018555e-01,6.631598472595214844e-01,9.579476714134216309e-01
1.133864164352416992e+00,8.243870139122009277e-01,1.213451623916625977e+00,9.363557100296020508e-01,5.818467736244201660e-01,1.149457335472106934e+00,1.107237696647644043e+00,8.646878600120544434e-01,1.408991694450378418e+00,9.124881625175476074e-01,9.400874972343444824e-01,7.342841029167175293e-01,8.147671818733215332e-01,9.058694839477539062e-01,4.865844845771789551e-01,1.193700551986694336e+00,1.020560026168823242e+00,8.953412771224975586e-01,1.350569486618041992e+00,8.822371363639831543e-01
-9.484897255897521973e-01,-6.098176836967468262e-01,-9.544987082481384277e-01,-9.544416666030883789e-01,-1.028392910957336426e+00,-7.106227874755859375e-01,-9.157360196113586426e-01,-1.083648085594177246e+00,-6.247214674949645996e-01,-8.280119895935058594e-01,-9.693446755409240723e-01,-5.903717279434204102e-01,-1.173688054084777832e+00,-9.830034375190734863e-01,-1.103666186332702637e+00,-7.610103487968444824e-01,-6.900056004524230957e-01,-1.265625596046447754e+00,-7.414126992225646973e-01,-1.012543797492980957e+00
-9.129121899604797363e-01,-9.482426643371582031e-01,-8.570938706398010254e-01,-1.413324475288391113e+00,-1.011353611946105957e+00,-1.093934774398803711e+00,-8.075585961341857910e-01,-1.210113286972045898e+00,-1.014742016792297363e+00,-9.006166458129882812e-01,-1.230705738067626953e+00,-1.127611637115478516e+00,-1.220627665519714355e+00,-8.814225792884826660e-01,-1.499531507492065430e+00,-1.084710717201232910e+00,-7.864205837249755859e-01,-7.968274354934692383e-01,-1.088816285133361816e+00,-9.113679528236389160e-01
-1.077120900154113770e+00,-1.019394278526306152e+00,-1.049285888671875000e+00,-8.103868961334228516e-01,-9.775975346565246582e-01,-1.076006412506103516e+00,-7.643765807151794434e-01,-8.609228134155273438e-01,-7.985172271728515625e-01,-1.021773338317871094e+00,-9.238088726997375488e-01,-9.565030932426452637e-01,-1.286929607391357422e+00,-9.371044039726257324e-01,-1.331134676933288574e+00,-1.129342794418334961e+00,-9.121769070625305176e-01,-6.216669082641601562e-01,-8.470898866653442383e-01,-1.202872633934020996e+00
-7.603536248207092285e-01,-9.443442225456237793e-01,-6.077950596809387207e-01,-9.788154959678649902e-01,-1.157111167907714844e+00,-7.780893445014953613e-01,-6.908775568008422852e-01,-1.162490844726562500e+00,-1.080259323120117188e+00,-1.034866690635681152e+00,-1.381197214126586914e+00,-1.026373028755187988e+00,-1.265406370162963867e+00,-6.518046855926513672e-01,-1.336744904518127441e+00,-1.044952034950256348e+00,-9.527825713157653809e-01,-1.155352592468261719e+00,-9.975929260253906250e-01,-1.122400522232055664e+00
-7.492116093635559082e-01,-9.121090173721313477e-01,-1.059621572494506836e+00,-1.123141407966613770e+00,-1.099488735198974609e+00,-8.164613246917724609e-01,-1.049677848815917969e+00,-9.909424185752868652e-01,-5.192202329635620117e-01,-1.072901964187622070e+00,-7.533889412879943848e-01,-1.162284493446350098e+00,-1.081142544746398926e+00,-6.809927225112915039e-01,-1.083417177200317383e+00,-1.120146155357360840e+00,-8.310317397117614746e-01,-8.760130405426025391e-01,-8.188590407371520996e-01,-1.198316335678100586e+00
-1.063580632209777832e+00,-8.829195499420166016e-01,-7.599846720695495605e-01,-7.475594282150268555e-01,-1.066625356674194336e+00,-9.284191727638244629e-01,-1.238957047462463379e+00,-1.034230351448059082e+00,-8.211399316787719727e-01,-1.054269433021545410e+00,-1.311279296875000000e+00,-1.265323758125305176e+00,-8.471854329109191895e-01,-9.173743724822998047e-01,-1.167369008064270020e+00,-1.083409667015075684e+00,-1.123882293701171875e+00,-1.327741622924804688e+00,-1.345284700393676758e+00,-1.298434853553771973e+00
1.150236845016479492e+00,1.019765257835388184e+00,1.172654151916503906e+00,1.077584981918334961e+00,1.362431526184082031e+00,9.532066583633422852e-01,1.080334782600402832e+00,7.017465233802795410e-01,9.590184688568115234e-01,7.278437018394470215e-01,1.124450564384460449e+00,1.280101895332336426e+00,7.593245506286621094e-01,1.159433603286743164e+00,1.191265106201171875e+00,1.065411090850830078e+00,1.149401664733886719e+00,1.280473828315734863e+00,1.267685174942016602e+00,1.171956777572631836e+00
-1.060557842254638672e+00,-8.932069540023803711e-01,-9.171916246414184570e-01,-8.664233684539794922e-01,-1.031438589096069336e+00,-7.935991287231445312e-01,-9.940109252929687500e-01,-1.153073549270629883e+00,-8.357348442077636719e-01,-8.470384478569030762e-01,-1.107993006706237793e+00,-9.982272386550903320e-01,-8.693814277648925781e-01,-9.787667393684387207e-01,-9.617090821266174316e-01,-1.228585004806518555e+00,-1.055630922317504883e+00,-9.050911068916320801e-01,-8.310367465019226074e-01,-8.980380892753601074e-01
1.292460083961486816e+00,1.158623456954956055e+00,1.433657050132751465e+00,1.267216801643371582e+00,1.121974110603332520e+00,1.421733021736145020e+00,9.082093238830566406e-01,1.055668830871582031e+00,1.082838058471679688e+00,1.163396835327148438e+00,1.027796864509582520e+00,1.163249850273132324e+00,9.410822987556457520e-01,1.573451161384582520e+00,1.022345662117004395e+00,9.897758960723876953e-01,1.352454066276550293e+00,1.093216419219970703e+00,1.290951371192932129e+00,9.474516510963439941e-01
-6.827431321144104004e-01,-8.923186659812927246e-01,-8.723431229591369629e-01,-1.236504673957824707e+00,-1.024385213851928711e+00,-7.628617882728576660e-01,-6.104602813720703125e-01,-1.517202019691467285e+00,-1.183189511299133301e+00,-8.023458719253540039e-01,-1.316051483154296875e+00,-6.877985000610351562e-01,-9.547235965728759766e-01,-1.047803878784179688e+00,-1.224984884262084961e+00,-8.221095800399780273e-01,-1.179090619087219238e+00,-1.392747163772583008e+00,-1.009080886840820312e+00,-7.663928866386413574e-01
-1.071641087532043457e+00,-7.981760501861572266e-01,-8.459246158599853516e-01,-1.092590451240539551e+00,-1.167419195175170898e+00,-8.580019474029541016e-01,-6.259012818336486816e-01,-1.221563816070556641e+00,-7.066519856452941895e-01,-1.012521147727966309e+00,-6.775693893432617188e-01,-7.642667293548583984e-01,-1.236852288246154785e+00,-9.474618434906005859e-01,-1.263710618019104004e+00,-9.921502470970153809e-01,-9.047944545745849609e-01,-1.192336916923522949e+00,-8.709676861763000488e-01,-7.187142372131347656e-01
1.290623426437377930e+00,6.337697505950927734e-01,1.347537279129028320e+00,9.301527142524719238e-01,7.153636217117309570e-01,9.559234380722045898e-01,9.764540791511535645e-01,8.706268668174743652e-01,1.118382930755615234e+00,8.741886019706726074e-01,7.050607800483703613e-01,1.282781600952148438e+00,1.377783536911010742e+00,1.370931148529052734e+00,7.526201009750366211e-01,5.091636776924133301e-01,8.143777251243591309e-01,1.382242202758789062e+00,8.723596334457397461e-01,1.023042678833007812e+00
1.052540063858032227e+00,1.103759884834289551e+00,1.109295845031738281e+00,1.292730093002319336e+00,6.128890514373779297e-01,9.502261877059936523e-01,1.020775914192199707e+00,7.928177118301391602e-01,1.358172655105590820e+00,8.369320034980773926e-01,1.638665795326232910e+00,1.035231232643127441e+00,1.127579450607299805e+00,1.629098534584045410e+00,1.022691726684570312e+00,8.856375217437744141e-01,5.484189987182617188e-01,1.005256175994873047e+00,7.985461950302124023e-01,1.069736599922180176e+00
1.474535107612609863e+00,1.043578147888183594e+00,1.061235189437866211e+00,1.092058181762695312e+00,8.832353353500366211e-01,1.312070608139038086e+00,1.126105070114135742e+00,1.030326604843139648e+00,1.280810832977294922e+00,9.853556752204895020e-01,8.392796516418457031e-01,1.138841271400451660e+00,1.131573319435119629e+00,1.486647963523864746e+00,8.739202618598937988e-01,1.371191978454589844e+00,6.301398277282714844e-01,8.723056316375732422e-01,1.369365453720092773e+00,1.296975374221801758e+00
-8.874624967575073242e-01,-8.405774831771850586e-01,-8.159127831459045410e-01,-6.976929903030395508e-01,-9.513704180717468262e-01,-8.146820664405822754e-01,-1.271433681249618530e-01,-6.573889851570129395e-01,-7.364605665206909180e-01,-5.793277621269226074e-01,-6.825236678123474121e-01,-4.354776740074157715e-01,-7.048041820526123047e-01,-8.812444806098937988e-01,-5.045375823974609375e-01,-9.274719953536987305e-01,-5.602363348007202148e-01,-9.691828489303588867e-01,-8.328565955162048340e-01,-6.319882869720458984e-01
-1.184819221496582031e+00,-8.944007754325866699e-01,-1.068058729171752930e+00,-9.501709938049316406e-01,-9.919157028198242188e-01,-1.087350845336914062e+00,-1.064249992370605469e+00,-9.400370121002197266e-01,-1.044646143913269043e+00,-1.205013394355773926e+00,-1.152368426322937012e+00,-1.083411693572998047e+00,-1.312548637390136719e+00,-9.962478280067443848e-01,-1.279316067695617676e+00,-1.083269476890563965e+00,-8.666251301765441895e-01,-1.101191520690917969e+00,-1.132297396659851074e+00,-9.642572402954101562e-01
8.761017918586730957e-01,7.900506258010864258e-01,6.696549057960510254e-01,1.089695096015930176e+00,1.027787089347839355e+00,1.172401428222656250e+00,8.029269576072692871e-01,6.695683002471923828e-01,1.012436866760253906e+00,7.667049169540405273e-01,8.422517180442810059e-01,1.068657755851745605e+00,6.287236809730529785e-01,1.132363080978393555e+00,9.036456346511840820e-01,7.908818125724792480e-01,9.861893057823181152e-01,1.104676842689514160e+00,8.905388712882995605e-01,7.545403838157653809e-01
1.506751537322998047e+00,5.180380940437316895e-01,8.374048471450805664e-01,1.117790579795837402e+00,1.242946386337280273e+00,1.278514623641967773e+00,6.862861514091491699e-01,1.143227696418762207e+00,1.038625001907348633e+00,7.401088476181030273e-01,8.503882884979248047e-01,1.304364681243896484e+00,1.080557942390441895e+00,1.371685981750488281e+00,1.404392004013061523e+00,1.528022170066833496e+00,1.140013217926025391e+00,9.404671192169189453e-01,8.585266470909118652e-01,1.062853336334228516e+00
1.321484565734863281e+00,1.054442882537841797e+00,1.050306200981140137e+00,9.887665510177612305e-01,1.065471649169921875e+00,1.359107255935668945e+00,9.657769203186035156e-01,1.094804048538208008e+00,9.706245660781860352e-01,9.027100801467895508e-01,1.181275129318237305e+00,5.799732208251953125e-01,1.153100609779357910e+00,1.219856500625610352e+00,1.219585895538330078e+00,1.059678912162780762e+00,1.011781454086303711e+00,1.551471352577209473e+00,1.241345047950744629e+00,7.872945070266723633e-01
1.306201696395874023e+00,9.399414658546447754e-01,1.316632032394409180e+00,1.048034548759460449e+00,7.999830245971679688e-01,9.668427109718322754e-01,8.763334751129150391e-01,9.834711551666259766e-01,1.221571922302246094e+00,9.929994344711303711e-01,9.909519553184509277e-01,8.378422856330871582e-01,7.535219788551330566e-01,1.240605831146240234e+00,4.885505139827728271e-01,1.145253300666809082e+00,1.004617810249328613e+00,1.083567619323730469e+00,8.986002206802368164e-01,1.222044944763183594e+00
1.111187338829040527e+00,1.099424004554748535e+00,8.587121367454528809e-01,1.006052017211914062e+00,8.927580118179321289e-01,9.811779856681823730e-01,1.007486462593078613e+00,8.301582336425781250e-01,1.017732620239257812e+00,7.955628037452697754e-01,8.893829584121704102e-01,1.194667935371398926e+00,8.077062964439392090e-01,9.062588810920715332e-01,6.256752610206604004e-01,1.124171376228332520e+00,1.021942973136901855e+00,7.212465405464172363e-01,1.064982414245605469e+00,9.638371467590332031e-01
1.267083168029785156e+00,1.071432113647460938e+00,1.326893806457519531e+00,1.045329332351684570e+00,8.090779781341552734e-01,1.351291060447692871e+00,1.351503968238830566e+00,8.699209094047546387e-01,9.415369629859924316e-01,7.740423083305358887e-01,8.103893399238586426e-01,8.820315003395080566e-01,1.138085246086120605e+00,1.638491153717041016e+00,5.411399006843566895e-01,9.905110597610473633e-01,1.219426155090332031e+00,1.315019607543945312e+00,9.881380200386047363e-01,1.319548368453979492e+00
1.161494016647338867e+00,9.127027392387390137e-01,1.076868891716003418e+00,1.119778752326965332e+00,8.832443356513977051e-01,1.152284502983093262e+00,9.662226438522338867e-01,1.016072511672973633e+00,1.001982212066650391e+00,1.038986563682556152e+00,9.432979226112365723e-01,6.708593368530273438e-01,9.216915369033813477e-01,7.667626142501831055e-01,1.096865773200988770e+00,1.180083155632019043e+00,1.041666746139526367e+00,9.467507600784301758e-01,9.654003977775573730e-01,1.058667302131652832e+00
1.712367534637451172e+00,7.575829029083251953e-01,1.329800724983215332e+00,1.021482825279235840e+00,8.090153932571411133e-01,1.020829796791076660e+00,1.211819052696228027e+00,8.027775883674621582e-01,1.491976618766784668e+00,1.287135839462280273e+00,1.133101344108581543e+00,9.924958348274230957e-01,1.055760741233825684e+00,1.407611846923828125e+00,5.655095577239990234e-01,8.274674415588378906e-01,7.954104542732238770e-01,1.127577185630798340e+00,1.049600362777709961e+00,1.020388603210449219e+00
-1.052007317543029785e+00,-9.662200212478637695e-01,-5.444322824478149414e-01,-1.130726814270019531e+00,-7.322000861167907715e-01,-6.972199678421020508e-01,-1.276018977165222168e+00,-1.361206531524658203e+00,-9.316288232803344727e-01,-9.889515638351440430e-01,-1.313083529472351074e+00,-1.082318544387817383e+00,-1.093178749084472656e+00,-8.501472473144531250e-01,-1.412843823432922363e+00,-1.111880302429199219e+00,-9.480994343757629395e-01,-1.124678134918212891e+00,-9.964869022369384766e-01,-9.371623396873474121e-01
1.123808860778808594e+00,6.263559460639953613e-01,1.416544079780578613e+00,8.722489476203918457e-01,1.214414000511169434e+00,8.759317994117736816e-01,1.486830949783325195e+00,8.182795643806457520e-01,1.195725321769714355e+00,1.086078643798828125e+00,9.658567905426025391e-01,9.943671226501464844e-01,1.001703143119812012e+00,1.265309572219848633e+00,7.680017352104187012e-01,1.131098389625549316e+00,1.279728889465332031e+00,1.378735542297363281e+00,8.934434056282043457e-01,8.202340602874755859e-01
-1.581605792045593262e+00,-9.686174392700195312e-01,-9.441964030265808105e-01,-9.378219246864318848e-01,-1.049316763877868652e+00,-1.456252098083496094e+00,-9.068241119384765625e-01,-9.303926229476928711e-01,-1.102349877357482910e+00,-1.052846908569335938e+00,-1.269506692886352539e+00,-6.339511871337890625e-01,-1.156680941581726074e+00,-8.546178340911865234e-01,-1.195296406745910645e+00,-1.044121980667114258e+00,-1.314824581146240234e+00,-1.101791739463806152e+00,-6.379988193511962891e-01,-7.517215609550476074e-01
1.241812109947204590e+00,7.849717736244201660e-01,1.062784552574157715e+00,1.144592285156250000e+00,8.889173269271850586e-01,1.030674219131469727e+00,1.299955964088439941e+00,9.962449073791503906e-01,1.334284067153930664e+00,1.021349787712097168e+00,1.554724931716918945e+00,7.614230513572692871e-01,1.276851892471313477e+00,1.528777480125427246e+00,8.398749232292175293e-01,1.076653480529785156e+00,9.455419778823852539e-01,1.232991814613342285e+00,7.383078932762145996e-01,1.113736033439636230e+00
-8.371886610984802246e-01,-7.837817668914794922e-01,-9.498137235641479492e-01,-1.103513836860656738e+00,-1.250002503395080566e+00,-1.236405968666076660e+00,-1.031835436820983887e+00,-1.072010636329650879e+00,-8.878007531166076660e-01,-9.645211100578308105e-01,-1.104243516921997070e+00,-1.061429142951965332e+00,-1.080278158187866211e+00,-8.395482897758483887e-01,-1.333079457283020020e+00,-9.323658943176269531e-01,-9.518550634384155273e-01,-9.870725274085998535e-01,-9.257095456123352051e-01,-1.210986018180847168e+00
7.327508330345153809e-01,1.056414008140563965e+00,1.082143068313598633e+00,1.065276503562927246e+00,8.031523823738098145e-01,1.140588879585266113e+00,1.096517801284790039e+00,9.033370018005371094e-01,1.016196370124816895e+00,1.036790728569030762e+00,1.068605542182922363e+00,9.701744914054870605e-01,1.088656663894653320e+00,1.039365887641906738e+00,1.040771842002868652e+00,1.361126542091369629e+00,1.085039019584655762e+00,9.949963092803955078e-01,1.105979561805725098e+00,1.302641630172729492e+00
-1.283853769302368164e+00,-8.454421758651733398e-01,-8.465313911437988281e-01,-6.824986934661865234e-01,-6.929603219032287598e-01,-6.706922054290771484e-01,-1.417565941810607910e+00,-1.038047075271606445e+00,-1.212473034858703613e+00,-8.831847906112670898e-01,-6.136317253112792969e-01,-1.317294836044311523e+00,-6.914895772933959961e-01,-1.188085198402404785e+00,-6.457166671752929688e-01,-1.040059685707092285e+00,-1.361657261848449707e+00,-7.996522188186645508e-01,-8.413319587707519531e-01,-7.555477619171142578e-01
-1.020749449729919434e+00,-1.097460389137268066e+00,-8.875832557678222656e-01,-8.225660324096679688e-01,-1.038485527038574219e+00,-1.013676881790161133e+00,-1.388636827468872070e+00,-6.528704762458801270e-01,-9.868568778038024902e-01,-1.243420362472534180e+00,-8.982771039009094238e-01,-9.750861525535583496e-01,-1.158454537391662598e+00,-8.106532692909240723e-01,-8.394098281860351562e-01,-9.737682342529296875e-01,-1.173326730728149414e+00,-1.229926109313964844e+00,-1.100326895713806152e+00,-9.343569874763488770e-01
-1.014241814613342285e+00,-7.169858217239379883e-01,-1.177264213562011719e+00,-1.206918954849243164e+00,-1.102100610733032227e+00,-7.850779294967651367e-01,-8.181126117706298828e-01,-1.021514534950256348e+00,-7.518433928489685059e-01,-1.014319896697998047e+00,-1.033823132514953613e+00,-1.197812914848327637e+00,-1.151650190353393555e+00,-9.326778054237365723e-01,-1.295795559883117676e+00,-8.337438702583312988e-01,-5.292340517044067383e-01,-1.105664134025573730e+00,-9.660131931304931641e-01,-1.004748106002807617e+00
-1.145453810691833496e+00,-1.273759722709655762e+00,-1.200368642807006836e+00,-1.127616286277770996e+00,-8.945913314819335938e-01,-9.875324368476867676e-01,-1.024291515350341797e+00,-1.039399147033691406e+00,-9.602270126342773438e-01,-1.179079532623291016e+00,-9.997313022613525391e-01,-7.014256119728088379e-01,-1.343202590942382812e+00,-1.104525923728942871e+00,-9.599059820175170898e-01,-1.253154039382934570e+00,-1.134727358818054199e+00,-1.001831650733947754e+00,-8.540900349617004395e-01,-9.045445322990417480e-01
-9.521558880805969238e-01,-1.019704818725585938e+00,-9.739981293678283691e-01,-8.510285615921020508e-01,-9.367464780807495117e-01,-7.716169953346252441e-01,-7.328183650970458984e-01,-1.105484008789062500e+00,-9.952654838562011719e-01,-9.764426350593566895e-01,-1.081004261970520020e+00,-9.475610256195068359e-01,-1.153954386711120605e+00,-1.111826181411743164e+00,-1.237661480903625488e+00,-9.934051036834716797e-01,-1.021045088768005371e+00,-8.666664958000183105e-01,-9.454237222671508789e-01,-8.526421785354614258e-01
-7.016848325729370117e-01,-6.883292794227600098e-01,-8.643881082534790039e-01,-9.309122562408447266e-01,-1.100344419479370117e+00,-7.285012006759643555e-01,-1.053891420364379883e+00,-1.133642196655273438e+00,-9.931743741035461426e-01,-7.965871691703796387e-01,-8.619435429573059082e-01,-9.889984726905822754e-01,-7.644597291946411133e-01,-6.387662291526794434e-01,-1.049808382987976074e+00,-1.109023928642272949e+00,-8.257872462272644043e-01,-8.371984958648681641e-01,-6.853777170181274414e-01,-1.154162168502807617e+00
1.271386384963989258e+00,9.070487618446350098e-01,9.110651612281799316e-01,1.184881448745727539e+00,1.504410266876220703e+00,1.176392197608947754e+00,9.917604327201843262e-01,1.163977980613708496e+00,1.028813123703002930e+00,9.819813966751098633e-01,1.164360046386718750e+00,1.079784393310546875e+00,1.200625419616699219e+00,1.071169614791870117e+00,9.963805675506591797e-01,1.229298114776611328e+00,1.029368519783020020e+00,1.044291019439697266e+00,7.943395376205444336e-01,1.117701053619384766e+00
-8.800330758094787598e-01,-1.074057936668395996e+00,-9.267477393150329590e-01,-9.190803170204162598e-01,-9.278848767280578613e-01,-7.880139350891113281e-01,-9.399811625480651855e-01,-1.087063193321228027e+00,-1.028264284133911133e+00,-1.078503251075744629e+00,-1.155961513519287109e+00,-1.131446480751037598e+00,-1.320355892181396484e+00,-8.015680909156799316e-01,-1.133976101875305176e+00,-9.899921417236328125e-01,-1.135042786598205566e+00,-1.317104101181030273e+00,-9.968398809432983398e-01,-1.218183994293212891e+00
1.243103146553039551e+00,1.006223559379577637e+00,1.051038622856140137e+00,1.114880323410034180e+00,1.249380230903625488e+00,1.128818988800048828e+00,1.245981216430664062e+00,1.034558892250061035e+00,7.756481170654296875e-01,9.979436993598937988e-01,1.292243599891662598e+00,8.219049572944641113e-01,8.371897339820861816e-01,1.228430032730102539e+00,7.014883756637573242e-01,1.125746250152587891e+00,1.329057931900024414e+00,1.152418375015258789e+00,8.476751446723937988e-01,6.444162726402282715e-01
-1.217415332794189453e+00,-9.282095432281494141e-01,-8.397722840309143066e-01,-9.317891001701354980e-01,-9.218189120292663574e-01,-6.658911108970642090e-01,-1.087702393531799316e+00,-1.010078907012939453e+00,-8.254559040069580078e-01,-1.165097832679748535e+00,-1.156193614006042480e+00,-7.495431303977966309e-01,-9.306292533874511719e-01,-8.895433545112609863e-01,-1.076726317405700684e+00,-1.273262500762939453e+00,-1.056489467620849609e+00,-1.038707256317138672e+00,-1.015376925468444824e+00,-1.058081626892089844e+00
1.130916953086853027e+00,1.047264099121093750e+00,1.622814655303955078e+00,1.573127150535583496e+00,9.503678679466247559e-01,1.006744146347045898e+00,1.008447647094726562e+00,9.912332892417907715e-01,1.148520946502685547e+00,1.211637735366821289e+00,1.036596298217773438e+00,1.087754011154174805e+00,1.173797130584716797e+00,1.681724429130554199e+00,1.225112676620483398e+00,7.364307641983032227e-01,8.003669381141662598e-01,1.348123431205749512e+00,8.420689702033996582e-01,1.071658611297607422e+00
-1.007753491401672363e+00,-1.130004048347473145e+00,-7.719690203666687012e-01,-6.721157431602478027e-01,-9.957193732261657715e-01,-7.415052652359008789e-01,-1.054107189178466797e+00,-7.662568688392639160e-01,-9.576492309570312500e-01,-9.113178253173828125e-01,-8.084949851036071777e-01,-9.133218526840209961e-01,-1.010036706924438477e+00,-6.377524733543395996e-01,-7.653395533561706543e-01,-1.428371667861938477e+00,-9.955552220344543457e-01,-1.215204954147338867e+00,-6.836418509483337402e-01,-7.368946075439453125e-01
1.348601698875427246e+00,7.360221743583679199e-01,1.152954339981079102e+00,1.177889347076416016e+00,1.020577430725097656e+00,1.635123610496520996e+00,9.967511296272277832e-01,8.921367526054382324e-01,1.212365508079528809e+00,9.416419863700866699e-01,1.197791814804077148e+00,1.466772556304931641e+00,7.888657450675964355e-01,1.271802186965942383e+00,9.899299144744873047e-01,1.147526025772094727e+00,1.049138188362121582e+00,9.427503943443298340e-01,1.213916659355163574e+00,1.330693721771240234e+00
-9.240732192993164062e-01,-9.306481480598449707e-01,-5.173913836479187012e-01,-7.078481912612915039e-01,-8.398339748382568359e-01,-1.048516273498535156e+00,-1.165833353996276855e+00,-1.309719085693359375e+00,-1.289665818214416504e+00,-9.052230715751647949e-01,-9.921122789382934570e-01,-9.243321418762207031e-01,-7.225142121315002441e-01,-9.538459181785583496e-01,-1.159409403800964355e+00,-7.709540724754333496e-01,-1.331135749816894531e+00,-5.839924216270446777e-01,-1.134034514427185059e+00,-9.839447736740112305e-01
1.298686146736145020e+00,6.002039909362792969e-01,1.411892414093017578e+00,1.345204353332519531e+00,1.190676808357238770e+00,1.465692996978759766e+00,1.277804017066955566e+00,1.195589303970336914e+00,9.090237617492675781e-01,1.449388265609741211e+00,7.800121307373046875e-01,7.794109582901000977e-01,1.321146965026855469e+00,9.212006330490112305e-01,1.041038990020751953e+00,1.095215082168579102e+00,9.425507783889770508e-01,1.010326027870178223e+00,1.104648351669311523e+00,1.106470584869384766e+00
1.473007202148437500e+00,8.569704294204711914e-01,1.006039023399353027e+00,1.541106343269348145e+00,1.201239705085754395e+00,1.093873620033264160e+00,1.078182578086853027e+00,8.682541251182556152e-01,1.309636831283569336e+00,1.242252230644226074e+00,9.805973768234252930e-01,1.611414074897766113e+00,9.694355130195617676e-01,1.321615815162658691e+00,9.702723622322082520e-01,1.001343369483947754e+00,1.119670033454895020e+00,1.127962589263916016e+00,8.026424050331115723e-01,9.442878961563110352e-01
1.148400664329528809e+00,6.300860643386840820e-01,1.030750155448913574e+00,1.548589706420898438e+00,1.203935027122497559e+00,1.312633275985717773e+00,1.098462104797363281e+00,1.094102621078491211e+00,1.478278875350952148e+00,1.374971389770507812e+00,1.063875675201416016e+00,1.449685335159301758e+00,9.714832305908203125e-01,1.568936705589294434e+00,9.222301244735717773e-01,9.287387132644653320e-01,1.227325439453125000e+00,8.786687850952148438e-01,1.132894277572631836e+00,1.129478931427001953e+00
1.095142006874084473e+00,1.312138080596923828e+00,1.520329117774963379e+00,1.457316637039184570e+00,8.677253723144531250e-01,1.281834959983825684e+00,1.248400688171386719e+00,7.805194258689880371e-01,6.636579036712646484e-01,1.191293120384216309e+00,1.122711062431335449e+00,9.391125440597534180e-01,8.697765469551086426e-01,1.330343961715698242e+00,1.072754383087158203e+00,9.016699790954589844e-01,1.264232277870178223e+00,1.446081995964050293e+00,1.031639099121093750e+00,1.294335484504699707e+00
1.751567482948303223e+00,9.423077702522277832e-01,1.193584561347961426e+00,8.636274933815002441e-01,1.005724668502807617e+00,5.827220082283020020e-01,1.419398188591003418e+00,7.672711014747619629e-01,1.103831171989440918e+00,1.288645625114440918e+00,1.301556944847106934e+00,1.227010965347290039e+00,1.072425246238708496e+00,1.385837554931640625e+00,1.262170314788818359e+00,8.227200508117675781e-01,1.264483928680419922e+00,8.011211752891540527e-01,1.517462134361267090e+00,1.061576962471008301e+00
1.231970429420471191e+00,6.039078235626220703e-01,9.637616276741027832e-01,1.133364081382751465e+00,1.097108006477355957e+00,8.706403374671936035e-01,1.384419798851013184e+00,1.021516561508178711e+00,1.060960769653320312e+00,1.246565222740173340e+00,7.363169193267822266e-01,9.252794981002807617e-01,9.971248507499694824e-01,1.176189064979553223e+00,8.979298472404479980e-01,1.185867309570312500e+00,1.067183136940002441e+00,1.131840109825134277e+00,6.713351011276245117e-01,1.315220952033996582e+00
-1.233682751655578613e+00,-1.044919133186340332e+00,-7.354953885078430176e-01,-1.042953491210937500e+00,-8.857086300849914551e-01,-1.005650401115417480e+00,-1.000795483589172363e+00,-1.317974686622619629e+00,-1.026395559310913086e+00,-1.193777441978454590e+00,-1.299666166305541992e+00,-8.988742232322692871e-01,-9.072317481040954590e-01,-9.939774870872497559e-01,-1.093194603919982910e+00,-1.224187374114990234e+00,-1.130337715148925781e+00,-1.038716673851013184e+00,-6.445432305335998535e-01,-1.120811223983764648e+00
1.096466302871704102e+00,9.540994763374328613e-01,1.102685451507568359e+00,1.155692815780639648e+00,1.383888483047485352e+00,1.361306071281433105e+00,7.753430008888244629e-01,7.008729577064514160e-01,1.150636076927185059e+00,1.015919685363769531e+00,1.136585593223571777e+00,1.337286949157714844e+00,7.843459844589233398e-01,1.234354853630065918e+00,8.399404883384704590e-01,8.933449387550354004e-01,8.117181658744812012e-01,1.161558389663696289e+00,1.211226701736450195e+00,9.910435080528259277e-01
1.227008223533630371e+00,7.474753856658935547e-01,9.992080926895141602e-01,1.441580176353454590e+00,1.094621777534484863e+00,1.001824617385864258e+00,9.255781769752502441e-01,7.317388057708740234e-01,1.406273603439331055e+00,1.184038996696472168e+00,1.078984498977661133e+00,1.084442019462585449e+00,4.408383667469024658e-01,1.040262579917907715e+00,7.855874300003051758e-01,1.089852213859558105e+00,1.006510734558105469e+00,1.316147804260253906e+00,9.802874922752380371e-01,1.101164698600769043e+00
1.339721918106079102e+00,1.313365221023559570e+00,1.274967312812805176e+00,1.415831089019775391e+00,1.312908768653869629e+00,1.086533546447753906e+00,1.221266269683837891e+00,9.990156888961791992e-01,1.237754940986633301e+00,1.425149440765380859e+00,9.071348309516906738e-01,1.110735058784484863e+00,9.069537520408630371e-01,1.457239508628845215e+00,1.207637310028076172e+00,1.084309935569763184e+00,9.560456275939941406e-01,1.316412925720214844e+00,1.286571860313415527e+00,1.318090558052062988e+00
-9.739888906478881836e-01,-1.264560341835021973e+00,-6.930286884307861328e-01,-8.288879990577697754e-01,-9.450035691261291504e-01,-7.307956218719482422e-01,-8.804489374160766602e-01,-1.108257651329040527e+00,-8.235042691230773926e-01,-1.047167301177978516e+00,-1.026967048645019531e+00,-1.020782828330993652e+00,-1.250043511390686035e+00,-1.101597428321838379e+00,-7.537958621978759766e-01,-1.019756197929382324e+00,-9.999220967292785645e-01,-1.104536652565002441e+00,-1.126524567604064941e+00,-7.900929450988769531e-01
1.138935089111328125e+00,1.070112109184265137e+00,1.201610565185546875e+00,9.501180648803710938e-01,9.710974097251892090e-01,1.444121718406677246e+00,9.370949268341064453e-01,9.584394097328186035e-01,1.062586903572082520e+00,9.154863357543945312e-01,7.780129313468933105e-01,1.200860619544982910e+00,8.850814700126647949e-01,1.290171742439270020e+00,8.463054895401000977e-01,4.623551070690155029e-01,6.515702009201049805e-01,9.582857489585876465e-01,8.973603844642639160e-01,1.461072802543640137e+00
1.085729360580444336e+00,9.179127216339111328e-01,1.159072160720825195e+00,1.104181408882141113e+00,1.081135630607604980e+00,1.207368254661560059e+00,9.982357025146484375e-01,7.003239393234252930e-01,1.167446255683898926e+00,1.230436921119689941e+00,9.898554086685180664e-01,1.429193139076232910e+00,1.223428010940551758e+00,1.216464042663574219e+00,1.043597698211669922e+00,1.524708867073059082e+00,5.880459547042846680e-01,1.101481676101684570e+00,1.376528859138488770e+00,1.499196052551269531e+00
1.448122620582580566e+00,1.183141708374023438e+00,1.308710813522338867e+00,1.089828372001647949e+00,1.174697875976562500e+00,1.007610082626342773e+00,1.080821990966796875e+00,5.537222027778625488e-01,7.574710845947265625e-01,8.722929954528808594e-01,1.329894065856933594e+00,8.209433555603027344e-01,5.957046151161193848e-01,1.010298490524291992e+00,7.173780798912048340e-01,6.311099529266357422e-01,1.210516452789306641e+00,9.674799442291259766e-01,8.399176001548767090e-01,1.143940091133117676e+00
6.865609884262084961e-01,1.274206757545471191e+00,1.110092043876647949e+00,9.289198517799377441e-01,8.039705753326416016e-01,9.752455353736877441e-01,7.529379725456237793e-01,9.254157543182373047e-01,1.203560709953308105e+00,1.189153432846069336e+00,1.017688870429992676e+00,7.542237043380737305e-01,8.481629490852355957e-01,9.210317134857177734e-01,9.044711589813232422e-01,1.043409347534179688e+00,9.775540828704833984e-01,9.956976175308227539e-01,1.094263315200805664e+00,7.191072106361389160e-01
1.230769276618957520e+00,7.212033867835998535e-01,9.212193489074707031e-01,7.175145745277404785e-01,1.070415496826171875e+00,1.238150119781494141e+00,8.749575614929199219e-01,9.725515246391296387e-01,1.453826308250427246e+00,1.060846567153930664e+00,1.063538193702697754e+00,8.271476626396179199e-01,9.413768649101257324e-01,1.270468711853027344e+00,8.964555263519287109e-01,1.286036014556884766e+00,9.800204634666442871e-01,9.708362221717834473e-01,8.988738059997558594e-01,1.020901560783386230e+00
-1.296085715293884277e+00,-8.140416741371154785e-01,-7.714710831642150879e-01,-1.086002588272094727e+00,-9.756556749343872070e-01,-8.948304653167724609e-01,-1.058644294738769531e+00,-9.748053550720214844e-01,-7.765651345252990723e-01,-1.003319978713989258e+00,-1.327936530113220215e+00,-1.235111832618713379e+00,-1.107957959175109863e+00,-1.377642989158630371e+00,-1.020536065101623535e+00,-1.132953047752380371e+00,-1.011377453804016113e+00,-9.361253380775451660e-01,-1.055495023727416992e+00,-8.113517165184020996e-01
-9.236937761306762695e-01,-1.106628894805908203e+00,-9.361734986305236816e-01,-1.140402078628540039e+00,-1.185260772705078125e+00,-8.625520467758178711e-01,-1.071054339408874512e+00,-1.222873568534851074e+00,-9.643817543983459473e-01,-1.144271016120910645e+00,-9.578298330307006836e-01,-1.077128052711486816e+00,-1.192925810813903809e+00,-9.755989909172058105e-01,-1.226112127304077148e+00,-1.126146793365478516e+00,-9.914239645004272461e-01,-8.366355299949645996e-01,-1.093877673149108887e+00,-1.118722319602966309e+00
1.491097569465637207e+00,8.633551001548767090e-01,1.204996228218078613e+00,1.326001048088073730e+00,8.108720779418945312e-01,9.099185466766357422e-01,1.335176587104797363e+00,1.033766508102416992e+00,7.909699082374572754e-01,8.940504193305969238e-01,1.118272185325622559e+00,7.994442582130432129e-01,7.578046321868896484e-01,1.059840798377990723e+00,1.034080147743225098e+00,9.042392969131469727e-01,4.907300770282745361e-01,9.721323847770690918e-01,6.000519394874572754e-01,6.363011002540588379e-01
1.072132825851440430e+00,1.122628688812255859e+00,1.168634414672851562e+00,9.631615281105041504e-01,8.563595414161682129e-01,1.420597791671752930e+00,1.073433279991149902e+00,1.342230916023254395e+00,1.269529581069946289e+00,7.202002406120300293e-01,1.028399825096130371e+00,9.474376440048217773e-01,1.303812742233276367e+00,1.251505851745605469e+00,1.260313272476196289e+00,7.418443560600280762e-01,1.215866684913635254e+00,9.576989412307739258e-01,1.180484771728515625e+00,7.299579381942749023e-01
1.445541262626647949e+00,9.256636500358581543e-01,1.123686671257019043e+00,9.963311553001403809e-01,1.145576834678649902e+00,9.986914396286010742e-01,1.117753505706787109e+00,6.499853730201721191e-01,1.436309099197387695e+00,1.158461332321166992e+00,8.993062973022460938e-01,1.009699702262878418e+00,1.117055654525756836e+00,1.206936478614807129e+00,9.054431915283203125e-01,1.239857912063598633e+00,9.589884281158447266e-01,1.123911619186401367e+00,7.619173526763916016e-01,1.399198651313781738e+00
1.480623602867126465e+00,9.915022850036621094e-01,1.375532031059265137e+00,1.137376546859741211e+00,1.111446142196655273e+00,1.072721600532531738e+00,1.179142355918884277e+00,7.052571177482604980e-01,1.182883381843566895e+00,1.043155670166015625e+00,1.366830229759216309e+00,7.540948390960693359e-01,1.225776553153991699e+00,9.552634358406066895e-01,9.863325357437133789e-01,1.088236927986145020e+00,7.406670451164245605e-01,7.164417505264282227e-01,5.492625236511230469e-01,6.082962751388549805e-01
1.114668846130371094e+00,1.157501816749572754e+00,1.344159245491027832e+00,1.601366758346557617e+00,9.271725416183471680e-01,1.051254749298095703e+00,9.940788745880126953e-01,1.208387017250061035e+00,1.196120738983154297e+00,9.943993091583251953e-01,1.220515727996826172e+00,1.247041583061218262e+00,1.034084558486938477e+00,1.380892515182495117e+00,1.006823420524597168e+00,1.097327947616577148e+00,1.246903896331787109e+00,9.729514122009277344e-01,1.168780207633972168e+00,1.076604962348937988e+00
1.347789406776428223e+00,7.905278801918029785e-01,1.076584339141845703e+00,9.074078202247619629e-01,7.582371830940246582e-01,8.391408324241638184e-01,3.766833543777465820e-01,8.954773545265197754e-01,9.246796369552612305e-01,1.076181054115295410e+00,1.079452157020568848e+00,1.137290477752685547e+00,8.613274097442626953e-01,9.487777948379516602e-01,1.212761402130126953e+00,6.247509717941284180e-01,1.064320683479309082e+00,1.091198325157165527e+00,7.772687077522277832e-01,1.119974732398986816e+00
-1.095030188560485840e+00,-9.190821051597595215e-01,-1.110505819320678711e+00,-1.033889532089233398e+00,-1.082275032997131348e+00,-9.041818976402282715e-01,-9.856351613998413086e-01,-9.669979810714721680e-01,-1.091954469680786133e+00,-1.018924713134765625e+00,-1.119337797164916992e+00,-1.003889441490173340e+00,-9.740173816680908203e-01,-8.796137571334838867e-01,-1.185410261154174805e+00,-8.868280649185180664e-01,-9.091904759407043457e-01,-7.106930017471313477e-01,-9.763823151588439941e-01,-1.203972697257995605e+00
-1.096871852874755859e+00,-8.249774575233459473e-01,-7.895337939262390137e-01,-8.261728286743164062e-01,-1.048139810562133789e+00,-1.078703641891479492e+00,-7.374602556228637695e-01,-9.301710724830627441e-01,-9.881934523582458496e-01,-8.851116895675659180e-01,-8.391200900077819824e-01,-1.220277190208435059e+00,-1.313493847846984863e+00,-9.704226851463317871e-01,-1.119482398033142090e+00,-8.411435484886169434e-01,-8.055937290191650391e-01,-9.293474555015563965e-01,-9.633325934410095215e-01,-1.173964142799377441e+00
9.902099967002868652e-01,1.009705543518066406e+00,9.779619574546813965e-01,9.535649418830871582e-01,1.028906345367431641e+00,1.010753035545349121e+00,8.963958024978637695e-01,9.134672880172729492e-01,1.338011026382446289e+00,9.712074398994445801e-01,6.676080822944641113e-01,7.687459588050842285e-01,1.131462097167968750e+00,1.063825845718383789e+00,9.627957344055175781e-01,1.056198716163635254e+00,1.261343717575073242e+00,1.151433587074279785e+00,9.330028295516967773e-01,8.804021477699279785e-01
-9.627881050109863281e-01,-8.100278377532958984e-01,-9.981275796890258789e-01,-9.256699085235595703e-01,-1.174003839492797852e+00,-9.200299382209777832e-01,-7.594029307365417480e-01,-1.297677397727966309e+00,-7.320835590362548828e-01,-9.266743063926696777e-01,-1.166798114776611328e+00,-1.083016157150268555e+00,-1.157941341400146484e+00,-8.313928842544555664e-01,-1.525367259979248047e+00,-7.777739167213439941e-01,-8.374534845352172852e-01,-8.369633555412292480e-01,-1.016019582748413086e+00,-1.181414723396301270e+00
1.381326079368591309e+00,8.852687478065490723e-01,1.161498427391052246e+00,1.243337512016296387e+00,1.543604373931884766e+00,1.088509440422058105e+00,7.431467771530151367e-01,7.562916278839111328e-01,1.243559360504150391e+00,1.280564069747924805e+00,9.886165857315063477e-01,1.180772781372070312e+00,5.535975694656372070e-01,1.235013484954833984e+00,7.128171920776367188e-01,1.095646381378173828e+00,6.063948869705200195e-01,9.881653189659118652e-01,1.045042037963867188e+00,9.635348916053771973e-01
-1.057829260826110840e+00,-7.494351863861083984e-01,-6.970593333244323730e-01,-9.954940676689147949e-01,-9.951775670051574707e-01,-1.006542801856994629e+00,-8.834383487701416016e-01,-9.635530114173889160e-01,-8.670344352722167969e-01,-9.140352606773376465e-01,-1.081758141517639160e+00,-1.139871597290039062e+00,-1.376569747924804688e+00,-1.037329316139221191e+00,-1.183863401412963867e+00,-1.139003515243530273e+00,-1.134021401405334473e+00,-9.475500583648681641e-01,-9.244174361228942871e-01,-1.054318189620971680e+00
1.358075380325317383e+00,1.193102717399597168e+00,1.315521359443664551e+00,1.156520366668701172e+00,7.978690266609191895e-01,1.273535370826721191e+00,1.087319731712341309e+00,9.976976513862609863e-01,1.100713372230529785e+00,8.298082947731018066e-01,1.098276376724243164e+00,1.028017997741699219e+00,1.082611083984375000e+00,1.282667636871337891e+00,6.507011651992797852e-01,1.123165965080261230e+00,9.358870387077331543e-01,1.169112086296081543e+00,1.051981210708618164e+00,9.009318351745605469e-01
1.617071032524108887e+00,8.191552162170410156e-01,9.800381660461425781e-01,1.459517955780029297e+00,1.298182964324951172e+00,1.029027104377746582e+00,8.617088198661804199e-01,1.174810767173767090e+00,1.091068744659423828e+00,1.361374378204345703e+00,1.209900617599487305e+00,8.367215394973754883e-01,9.555808901786804199e-01,1.473748564720153809e+00,1.017156481742858887e+00,1.370688676834106445e+00,5.415724515914916992e-01,1.156663894653320312e+00,6.528305411338806152e-01,1.201265335083007812e+00
1.178875207901000977e+00,9.910801053047180176e-01,1.367517471313476562e+00,1.438702702522277832e+00,1.016572833061218262e+00,1.126471042633056641e+00,1.134261250495910645e+00,1.325125575065612793e+00,1.073609232902526855e+00,8.676213622093200684e-01,7.592056989669799805e-01,1.030003547668457031e+00,9.515125155448913574e-01,1.712876558303833008e+00,1.300821423530578613e+00,1.136205434799194336e+00,1.098541021347045898e+00,1.268691778182983398e+00,1.131992220878601074e+00,1.312563657760620117e+00
1.137649416923522949e+00,7.978429794311523438e-01,6.565921306610107422e-01,1.064530372619628906e+00,1.121096611022949219e+00,1.042623400688171387e+00,9.042227268218994141e-01,7.395247220993041992e-01,1.131110787391662598e+00,1.198719143867492676e+00,9.156135320663452148e-01,1.132672309875488281e+00,1.291835784912109375e+00,1.667968153953552246e+00,9.322677850723266602e-01,1.081887602806091309e+00,8.660168051719665527e-01,1.004577994346618652e+00,1.031212568283081055e+00,8.863846659660339355e-01
1.090106725692749023e+00,9.664316773414611816e-01,1.031779646873474121e+00,1.157808303833007812e+00,1.146081924438476562e+00,1.191608905792236328e+00,1.115513682365417480e+00,1.096759676933288574e+00,1.252978205680847168e+00,9.962086081504821777e-01,9.031109809875488281e-01,1.020356416702270508e+00,9.226913452148437500e-01,1.326142311096191406e+00,5.736980438232421875e-01,7.154762744903564453e-01,1.125930428504943848e+00,1.140486359596252441e+00,1.285496473312377930e+00,9.264499545097351074e-01
-1.080084323883056641e+00,-7.680388689041137695e-01,-9.454814195632934570e-01,-1.247826457023620605e+00,-8.822166323661804199e-01,-8.114617466926574707e-01,-9.023629426956176758e-01,-9.954897165298461914e-01,-9.186920523643493652e-01,-8.238360285758972168e-01,-1.195479154586791992e+00,-1.096521615982055664e+00,-9.221493601799011230e-01,-8.408669233322143555e-01,-1.159455060958862305e+00,-9.469133019447326660e-01,-9.034898281097412109e-01,-1.044779419898986816e+00,-9.620501995086669922e-01,-1.107154011726379395e+00
-9.514319896697998047e-01,-1.109153389930725098e+00,-8.269008994102478027e-01,-5.573186874389648438e-01,-1.056493163108825684e+00,-8.825597763061523438e-01,-7.662618160247802734e-01,-7.378410100936889648e-01,-1.058761000633239746e+00,-1.100570321083068848e+00,-1.051413297653198242e+00,-1.165517568588256836e+00,-1.234698653221130371e+00,-6.742434501647949219e-01,-1.317027330398559570e+00,-1.110016107559204102e+00,-1.047390580177307129e+00,-9.570019245147705078e-01,-9.261206388473510742e-01,-1.006640911102294922e+00
-1.171713232994079590e+00,-1.160660862922668457e+00,-7.211861610412597656e-01,-1.108610033988952637e+00,-7.664002776145935059e-01,-7.126551866531372070e-01,-8.950876593589782715e-01,-1.086833715438842773e+00,-9.811491966247558594e-01,-8.181215524673461914e-01,-9.440538287162780762e-01,-7.356423735618591309e-01,-9.745256304740905762e-01,-1.354596972465515137e+00,-1.219756245613098145e+00,-9.982158541679382324e-01,-1.141280055046081543e+00,-9.477379918098449707e-01,-4.452467560768127441e-01,-1.011759042739868164e+00
9.015704989433288574e-01,1.276706457138061523e+00,1.046940088272094727e+00,8.617884516716003418e-01,1.124370813369750977e+00,9.897632002830505371e-01,8.020206689834594727e-01,9.364481568336486816e-01,1.322721719741821289e+00,9.646715521812438965e-01,1.430847525596618652e+00,1.197118043899536133e+00,1.230930328369140625e+00,1.658728361129760742e+00,1.336764335632324219e+00,1.002638459205627441e+00,8.200074434280395508e-01,1.246384382247924805e+00,9.253079891204833984e-01,1.145767211914062500e+00
-1.225312471389770508e+00,-1.210636496543884277e+00,-1.203987479209899902e+00,-1.028673291206359863e+00,-1.043401479721069336e+00,-7.871990799903869629e-01,-8.212063312530517578e-01,-8.871655464172363281e-01,-9.916540980339050293e-01,-9.442855119705200195e-01,-1.042717099189758301e+00,-1.241011977195739746e+00,-1.034430027008056641e+00,-1.285573840141296387e+00,-1.006702184677124023e+00,-1.429133653640747070e+00,-1.248274803161621094e+00,-8.582866787910461426e-01,-8.331087827682495117e-01,-8.589372634887695312e-01
9.883081912994384766e-01,8.134415149688720703e-01,9.863686561584472656e-01,1.043276667594909668e+00,1.107207059860229492e+00,1.483857274055480957e+00,1.026951670646667480e+00,1.148391008377075195e+00,1.037854433059692383e+00,8.654772043228149414e-01,9.282302856445312500e-01,1.423619151115417480e+00,9.854004383087158203e-01,1.000089526176452637e+00,1.148255825042724609e+00,1.100706696510314941e+00,1.001401066780090332e+00,1.347107410430908203e+00,8.462320566177368164e-01,1.027068853378295898e+00
-1.294764041900634766e+00,-1.200994014739990234e+00,-8.803154826164245605e-01,-8.619880080223083496e-01,-1.278300523757934570e+00,-8.885297179222106934e-01,-1.000236392021179199e+00,-1.247646450996398926e+00,-8.986101746559143066e-01,-1.205714225769042969e+00,-9.971789717674255371e-01,-1.045813322067260742e+00,-9.894604086875915527e-01,-8.117297291755676270e-01,-1.218883275985717773e+00,-7.502913475036621094e-01,-1.197270393371582031e+00,-8.776857256889343262e-01,-1.031400561332702637e+00,-1.018575787544250488e+00
1.034815788269042969e+00,9.479073882102966309e-01,9.963176250457763672e-01,1.195930361747741699e+00,1.214920520782470703e+00,8.038376569747924805e-01,1.008797168731689453e+00,1.103661537170410156e+00,1.068325757980346680e+00,9.445099234580993652e-01,9.648637175559997559e-01,9.343872666358947754e-01,7.499956488609313965e-01,1.206241011619567871e+00,5.425819754600524902e-01,1.136411547660827637e+00,1.188440799713134766e+00,1.442108154296875000e+00,1.091208219528198242e+00,9.316232800483703613e-01
1.418274283409118652e+00,1.045833587646484375e+00,1.122643470764160156e+00,8.570219278335571289e-01,8.991035819053649902e-01,7.149331569671630859e-01,9.480462074279785156e-01,6.051159501075744629e-01,1.120451569557189941e+00,8.995947241783142090e-01,1.434866666793823242e+00,8.680736422538757324e-01,1.019159197807312012e+00,9.065218567848205566e-01,5.165397524833679199e-01,1.090800762176513672e+00,7.384610772132873535e-01,9.315504431724548340e-01,5.412068963050842285e-01,7.674307227134704590e-01
-9.269154667854309082e-01,-9.580414891242980957e-01,-7.945834398269653320e-01,-9.530324339866638184e-01,-1.031422495841979980e+00,-7.955678701400756836e-01,-1.155731081962585449e+00,-1.214069247245788574e+00,-1.176273107528686523e+00,-1.154197335243225098e+00,-8.428617119789123535e-01,-6.569806337356567383e-01,-1.291453003883361816e+00,-1.431404948234558105e+00,-8.778672218322753906e-01,-1.028837323188781738e+00,-7.161546945571899414e-01,-1.151506662368774414e+00,-9.679355621337890625e-01,-8.260681033134460449e-01
9.157440662384033203e-01,8.013244271278381348e-01,8.771101236343383789e-01,1.153379201889038086e+00,9.167629480361938477e-01,1.555357813835144043e+00,1.151914596557617188e+00,1.448985219001770020e+00,1.320512175559997559e+00,1.005105376243591309e+00,1.040767550468444824e+00,1.045923948287963867e+00,9.617018103599548340e-01,1.220253348350524902e+00,1.075725674629211426e+00,1.139413714408874512e+00,6.975161433219909668e-01,9.283008575439453125e-01,1.030225276947021484e+00,1.181725502014160156e+00
1.358720898628234863e+00,9.426719546318054199e-01,1.282044887542724609e+00,9.326676130294799805e-01,1.160962700843811035e+00,1.160680532455444336e+00,1.170313954353332520e+00,1.023709177970886230e+00,1.130305647850036621e+00,9.338783025741577148e-01,7.865116596221923828e-01,1.239954113960266113e+00,1.192732095718383789e+00,1.699723243713378906e+00,6.991279721260070801e-01,1.139574408531188965e+00,1.032832384109497070e+00,1.207901120185852051e+00,1.344785928726196289e+00,9.511916637420654297e-01
9.348645806312561035e-01,1.164667963981628418e+00,1.547700047492980957e+00,1.145950913429260254e+00,6.304584741592407227e-01,1.343014121055603027e+00,1.256817817687988281e+00,9.818110466003417969e-01,1.445870041847229004e+00,1.188751101493835449e+00,8.742127418518066406e-01,1.038574218750000000e+00,6.696261763572692871e-01,1.432053327560424805e+00,6.890555620193481445e-01,9.729498624801635742e-01,1.046627998352050781e+00,1.134071230888366699e+00,1.473443627357482910e+00,1.028832316398620605e+00
1.210007309913635254e+00,1.145598888397216797e+00,4.558278620243072510e-01,1.132794380187988281e+00,8.336176276206970215e-01,1.187186121940612793e+00,8.504911065101623535e-01,9.618493318557739258e-01,1.219433903694152832e+00,9.588297605514526367e-01,4.114694297313690186e-01,5.256876945495605469e-01,8.219945430755615234e-01,1.499050378799438477e+00,1.157428383827209473e+00,1.229588031768798828e+00,9.629040956497192383e-01,1.109414100646972656e+00,9.986964464187622070e-01,9.148431420326232910e-01
-8.397705554962158203e-01,-7.540330290794372559e-01,-8.992340564727783203e-01,-9.169064164161682129e-01,-1.027050852775573730e+00,-6.614331007003784180e-01,-1.095885396003723145e+00,-1.268883705139160156e+00,-8.940942883491516113e-01,-8.044785857200622559e-01,-1.211098551750183105e+00,-9.345515370368957520e-01,-1.144628524780273438e+00,-7.503612637519836426e-01,-1.481728792190551758e+00,-9.573477506637573242e-01,-1.158897876739501953e+00,-1.118526697158813477e+00,-1.108364343643188477e+00,-1.281236290931701660e+00
-1.097158074378967285e+00,-9.255715012550354004e-01,-9.300366044044494629e-01,-9.629108309745788574e-01,-9.268658161163330078e-01,-6.125177741050720215e-01,-1.091394782066345215e+00,-1.105905294418334961e+00,-1.201285600662231445e+00,-1.169842958450317383e+00,-8.327320814132690430e-01,-1.097714304924011230e+00,-1.282391309738159180e+00,-1.137371659278869629e+00,-1.239827394485473633e+00,-1.325767636299133301e+00,-7.938111424446105957e-01,-1.311082005500793457e+00,-9.109767079353332520e-01,-1.087334990501403809e+00
1.283496260643005371e+00,1.081733703613281250e+00,1.194600343704223633e+00,1.212946653366088867e+00,1.186589479446411133e+00,1.108809232711791992e+00,9.900023341178894043e-01,6.527940630912780762e-01,1.289094805717468262e+00,1.272124052047729492e+00,9.791921377182006836e-01,9.745160341262817383e-01,1.147333621978759766e+00,1.326069593429565430e+00,4.523101150989532471e-01,1.292456388473510742e+00,1.185163378715515137e+00,1.232487678527832031e+00,6.593452095985412598e-01,9.717995524406433105e-01
1.465908288955688477e+00,5.270542502403259277e-01,1.010962009429931641e+00,1.355783462524414062e+00,1.304349303245544434e+00,1.764330744743347168e+00,1.046622753143310547e+00,5.088515281677246094e-01,9.819657206535339355e-01,1.129555702209472656e+00,1.249034523963928223e+00,5.925816893577575684e-01,1.150293827056884766e+00,1.158207654953002930e+00,8.400689959526062012e-01,1.216240406036376953e+00,1.154057621955871582e+00,1.885880470275878906e+00,1.246761322021484375e+00,1.283420801162719727e+00
-1.080389261245727539e+00,-8.206313252449035645e-01,-7.316507697105407715e-01,-8.778755068778991699e-01,-1.193488717079162598e+00,-9.013296961784362793e-01,-1.070145368576049805e+00,-1.078603625297546387e+00,-8.927668929100036621e-01,-7.810876965522766113e-01,-1.155472278594970703e+00,-1.047631144523620605e+00,-1.270595908164978027e+00,-1.001808643341064453e+00,-1.140418529510498047e+00,-1.004703402519226074e+00,-1.169927239418029785e+00,-1.159234523773193359e+00,-9.263187050819396973e-01,-1.014928936958312988e+00
-9.205252528190612793e-01,-1.305904388427734375e+00,-9.209954738616943359e-01,-1.018447041511535645e+00,-1.144032955169677734e+00,-7.301127314567565918e-01,-8.536892533302307129e-01,-9.645519852638244629e-01,-7.664333581924438477e-01,-6.886394023895263672e-01,-9.405506849288940430e-01,-7.614578008651733398e-01,-5.487064719200134277e-01,-6.829019188880920410e-01,-1.179379105567932129e+00,-9.158028364181518555e-01,-1.259637475013732910e+00,-9.478769302368164062e-01,-1.005623221397399902e+00,-1.076843857765197754e+00
1.163629055023193359e+00,9.158284664154052734e-01,9.698940515518188477e-01,1.166149258613586426e+00,1.254664540290832520e+00,9.080763459205627441e-01,9.413347840309143066e-01,1.006716370582580566e+00,1.332732558250427246e+00,8.517258763313293457e-01,9.640644192695617676e-01,1.269543886184692383e+00,1.322328209877014160e+00,1.325229287147521973e+00,7.932364344596862793e-01,9.536435008049011230e-01,8.835553526878356934e-01,1.132568001747131348e+00,9.021471738815307617e-01,1.040117621421813965e+00
-1.021217584609985352e+00,-9.826748967170715332e-01,-6.771615743637084961e-01,-1.098477482795715332e+00,-8.839353919029235840e-01,-8.829631805419921875e-01,-7.584355473518371582e-01,-1.105447888374328613e+00,-8.611757159233093262e-01,-9.750583767890930176e-01,-1.047381401062011719e+00,-8.437895774841308594e-01,-1.225556135177612305e+00,-9.628190398216247559e-01,-1.393369197845458984e+00,-1.123953223228454590e+00,-1.058367252349853516e+00,-1.137447714805603027e+00,-7.010249495506286621e-01,-1.170486330986022949e+00
-9.883491992950439453e-01,-1.283781886100769043e+00,-1.030457854270935059e+00,-1.011836767196655273e+00,-9.683406949043273926e-01,-8.504052758216857910e-01,-5.069102644920349121e-01,-8.178260922431945801e-01,-9.217253327369689941e-01,-9.506376981735229492e-01,-1.404707193374633789e+00,-9.909535646438598633e-01,-1.231601834297180176e+00,-7.522119879722595215e-01,-1.462651610374450684e+00,-1.143669366836547852e+00,-1.123842358589172363e+00,-9.838008284568786621e-01,-1.111584424972534180e+00,-1.023092746734619141e+00
1.633916974067687988e+00,1.040699124336242676e+00,1.164019703865051270e+00,1.071477293968200684e+00,1.348073959350585938e+00,1.005040407180786133e+00,8.697345852851867676e-01,7.877097129821777344e-01,1.319323658943176270e+00,1.131291627883911133e+00,1.475160479545593262e+00,9.164047241210937500e-01,1.082024455070495605e+00,1.515598416328430176e+00,1.140626668930053711e+00,1.052838563919067383e+00,7.412313222885131836e-01,1.045100808143615723e+00,9.157255291938781738e-01,1.191384196281433105e+00
1.103742718696594238e+00,1.148128986358642578e+00,1.027778506278991699e+00,9.957621693611145020e-01,1.116212844848632812e+00,1.041728138923645020e+00,1.286857724189758301e+00,8.588779568672180176e-01,1.270672202110290527e+00,8.891826868057250977e-01,1.237780570983886719e+00,9.437738060951232910e-01,7.241833209991455078e-01,1.273083448410034180e+00,7.789080739021301270e-01,1.216783523559570312e+00,7.020643949508666992e-01,9.828411340713500977e-01,8.445026874542236328e-01,1.201837420463562012e+00
1.512749671936035156e+00,8.114638328552246094e-01,1.372672319412231445e+00,1.227913260459899902e+00,1.180750012397766113e+00,1.052343726158142090e+00,1.293776273727416992e+00,1.153920054435729980e+00,9.696480035781860352e-01,8.276045322418212891e-01,1.329168558120727539e+00,1.385992765426635742e+00,1.159006237983703613e+00,1.620322227478027344e+00,1.012754321098327637e+00,1.209600448608398438e+00,9.690746068954467773e-01,1.467552542686462402e+00,1.046129941940307617e+00,1.201877236366271973e+00
9.950537681579589844e-01,8.858383893966674805e-01,1.399752855300903320e+00,1.188749790191650391e+00,1.326544046401977539e+00,1.372101068496704102e+00,7.842387557029724121e-01,8.677620887756347656e-01,1.463110685348510742e+00,9.151859283447265625e-01,1.159826517105102539e+00,6.847457885742187500e-01,1.006411075592041016e+00,1.148387074470520020e+00,8.584660887718200684e-01,8.948804736137390137e-01,9.012238383293151855e-01,1.156629800796508789e+00,1.045640349388122559e+00,1.187686443328857422e+00
-1.097037315368652344e+00,-9.874165654182434082e-01,-8.803927302360534668e-01,-1.063645958900451660e+00,-9.837629199028015137e-01,-9.236604571342468262e-01,-7.303978204727172852e-01,-1.224279165267944336e+00,-9.160327911376953125e-01,-1.234712481498718262e+00,-1.164982318878173828e+00,-9.322507977485656738e-01,-1.192682266235351562e+00,-1.131183505058288574e+00,-1.373848199844360352e+00,-8.859547972679138184e-01,-9.652464389801025391e-01,-1.107937932014465332e+00,-9.825973510742187500e-01,-8.872340321540832520e-01
-9.249507188796997070e-01,-9.893804788589477539e-01,-1.057639837265014648e+00,-1.220458865165710449e+00,-1.123873233795166016e+00,-7.425298690795898438e-01,-1.166639685630798340e+00,-1.073214650154113770e+00,-1.150164365768432617e+00,-1.099352717399597168e+00,-1.138213396072387695e+00,-1.205561161041259766e+00,-1.160517215728759766e+00,-9.603884816169738770e-01,-1.400304555892944336e+00,-9.518730640411376953e-01,-9.892839789390563965e-01,-1.079084038734436035e+00,-1.084838867187500000e+00,-1.195034861564636230e+00
1.179987430572509766e+00,7.871947288513183594e-01,9.733737707138061523e-01,1.221131086349487305e+00,1.232812762260437012e+00,1.056685566902160645e+00,1.334663867950439453e+00,1.177216053009033203e+00,1.359309911727905273e+00,9.343427419662475586e-01,9.004123806953430176e-01,1.018194794654846191e+00,8.665473461151123047e-01,1.065272688865661621e+00,1.130838990211486816e+00,1.098307847976684570e+00,1.293959021568298340e+00,7.521965503692626953e-01,8.001620173454284668e-01,7.924403548240661621e-01
1.410337328910827637e+00,1.061403870582580566e+00,1.418403983116149902e+00,1.292563676834106445e+00,9.632699489593505859e-01,1.281110644340515137e+00,7.719430923461914062e-01,8.013390302658081055e-01,9.768177270889282227e-01,1.148107886314392090e+00,9.471214413642883301e-01,9.840441346168518066e-01,9.684299230575561523e-01,1.336420774459838867e+00,8.125694990158081055e-01,1.169883728027343750e+00,8.607814908027648926e-01,1.131051898002624512e+00,7.706055045127868652e-01,1.074960947036743164e+00
1.340207219123840332e+00,7.661648988723754883e-01,1.064732551574707031e+00,1.073808908462524414e+00,1.181283593177795410e+00,1.120397210121154785e+00,1.035771489143371582e+00,7.836825847625732422e-01,1.293212652206420898e+00,1.091298937797546387e+00,8.898572921752929688e-01,1.147514104843139648e+00,9.218738675117492676e-01,9.276041984558105469e-01,1.219284415245056152e+00,1.309078812599182129e+00,1.223481535911560059e+00,8.185840845108032227e-01,8.039948940277099609e-01,1.140384316444396973e+00
-1.162577748298645020e+00,-1.046516895294189453e+00,-1.260492801666259766e+00,-9.721180796623229980e-01,-1.130906224250793457e+00,-6.781024932861328125e-01,-8.784096837043762207e-01,-1.364489555358886719e+00,-1.170109987258911133e+00,-1.100516915321350098e+00,-7.840104103088378906e-01,-1.254500269889831543e+00,-1.067635416984558105e+00,-1.126361250877380371e+00,-1.328995943069458008e+00,-9.916092753410339355e-01,-7.047534584999084473e-01,-8.349047899246215820e-01,-6.805182099342346191e-01,-1.009899973869323730e+00
-9.825950264930725098e-01,-1.322467088699340820e+00,-9.167073965072631836e-01,-9.357231259346008301e-01,-1.214657425880432129e+00,-1.013041138648986816e+00,-8.662025332450866699e-01,-1.080515742301940918e+00,-9.413204193115234375e-01,-6.009614467620849609e-01,-1.021629810333251953e+00,-9.145452976226806641e-01,-9.644622206687927246e-01,-1.240098953247070312e+00,-1.227381467819213867e+00,-9.889262914657592773e-01,-1.001133561134338379e+00,-8.038956522941589355e-01,-1.069206476211547852e+00,-9.178434014320373535e-01
1.123453497886657715e+00,9.107444882392883301e-01,1.780703425407409668e+00,1.140932083129882812e+00,1.309809803962707520e+00,1.392798066139221191e+00,1.007663726806640625e+00,9.547533392906188965e-01,1.314492344856262207e+00,1.284257769584655762e+00,9.109953641891479492e-01,1.383145809173583984e+00,1.098383903503417969e+00,1.042240262031555176e+00,8.476131558418273926e-01,1.100242972373962402e+00,8.320992588996887207e-01,8.828200101852416992e-01,9.469129443168640137e-01,1.123139023780822754e+00
-9.341459870338439941e-01,-9.412771463394165039e-01,-8.345186710357666016e-01,-7.919917702674865723e-01,-9.778106212615966797e-01,-1.145695447921752930e+00,-6.812313199043273926e-01,-9.518105387687683105e-01,-1.114161968231201172e+00,-8.964602947235107422e-01,-1.206149220466613770e+00,-1.131734848022460938e+00,-9.741951823234558105e-01,-5.608682632446289062e-01,-1.319314718246459961e+00,-1.101123929023742676e+00,-9.003441929817199707e-01,-8.168044686317443848e-01,-5.657113194465637207e-01,-1.121597409248352051e+00
-1.371528625488281250e+00,-9.133720993995666504e-01,-1.045037865638732910e+00,-5.988166928291320801e-01,-1.165795445442199707e+00,-6.301038265228271484e-01,-1.287397384643554688e+00,-1.304349899291992188e+00,-1.018633723258972168e+00,-9.973473548889160156e-01,-9.357389211654663086e-01,-1.499026894569396973e+00,-8.367214798927307129e-01,-1.245805740356445312e+00,-9.736701846122741699e-01,-1.087069392204284668e+00,-8.071565628051757812e-01,-9.040662050247192383e-01,-9.408679604530334473e-01,-1.046454787254333496e+00
1.114072084426879883e+00,7.255616188049316406e-01,1.271926522254943848e+00,1.127962231636047363e+00,1.109276533126831055e+00,1.225805521011352539e+00,8.075893521308898926e-01,7.050108909606933594e-01,1.315522074699401855e+00,1.250058650970458984e+00,8.534877300262451172e-01,1.137931466102600098e+00,1.062033176422119141e+00,1.112224936485290527e+00,8.760391473770141602e-01,1.151250481605529785e+00,8.216429948806762695e-01,1.226749420166015625e+00,5.695070028305053711e-01,1.172451496124267578e+00
1.059823274612426758e+00,7.999827265739440918e-01,9.385688900947570801e-01,1.092968583106994629e+00,7.531406283378601074e-01,1.145909428596496582e+00,1.225820660591125488e+00,9.198176860809326172e-01,6.614564061164855957e-01,9.434571862220764160e-01,8.820432424545288086e-01,5.749522447586059570e-01,1.057842850685119629e+00,1.013271212577819824e+00,8.213599920272827148e-01,1.134310722351074219e+00,8.739678263664245605e-01,6.512507200241088867e-01,9.326765537261962891e-01,7.576962113380432129e-01
6.423247456550598145e-01,5.844909548759460449e-01,2.360567748546600342e-01,-1.358878333121538162e-03,2.512592077255249023e-01,6.338066458702087402e-01,2.067261338233947754e-01,5.570537447929382324e-01,-4.091216251254081726e-02,1.303174495697021484e-01,4.189872145652770996e-01,1.988181173801422119e-01,8.579889684915542603e-02,6.146582961082458496e-01,-3.973003849387168884e-02,2.455983459949493408e-01,4.050865471363067627e-01,5.604819655418395996e-01,3.201154768466949463e-01,2.059663385152816772e-01
1.159403800964355469e+00,1.001374125480651855e+00,1.096808433532714844e+00,1.221792936325073242e+00,1.116724967956542969e+00,8.892019987106323242e-01,8.209099769592285156e-01,1.107136964797973633e+00,9.647682905197143555e-01,1.093648433685302734e+00,8.603981137275695801e-01,8.099569082260131836e-01,1.035413265228271484e+00,1.337823748588562012e+00,8.259256482124328613e-01,1.012452602386474609e+00,7.796711325645446777e-01,6.343132257461547852e-01,1.185100317001342773e+00,1.271690726280212402e+00
-6.799200773239135742e-01,-1.037125110626220703e+00,-9.074030518531799316e-01,-1.020109534263610840e+00,-1.070565342903137207e+00,-7.138378620147705078e-01,-9.181343913078308105e-01,-9.926107525825500488e-01,-7.320436239242553711e-01,-1.133986115455627441e+00,-9.566701054573059082e-01,-1.085448503494262695e+00,-1.071954965591430664e+00,-1.093697190284729004e+00,-1.342967987060546875e+00,-9.366952180862426758e-01,-9.200980067253112793e-01,-1.105502128601074219e+00,-7.292991280555725098e-01,-1.122955918312072754e+00
-6.284869313240051270e-01,-1.071113824844360352e+00,-1.172867298126220703e+00,-8.138927221298217773e-01,-1.270998239517211914e+00,-1.309376358985900879e+00,-1.278567910194396973e+00,-1.068472743034362793e+00,-1.276836037635803223e+00,-1.167657017707824707e+00,-8.234056234359741211e-01,-1.207590699195861816e+00,-1.038687348365783691e+00,-6.104748249053955078e-01,-1.528162121772766113e+00,-1.070243954658508301e+00,-9.934217929840087891e-01,-1.273260593414306641e+00,-8.884836435317993164e-01,-1.199769496917724609e+00
1.204193353652954102e+00,7.055419683456420898e-01,8.469514250755310059e-01,7.322939038276672363e-01,8.216538429260253906e-01,1.028995990753173828e+00,7.064718604087829590e-01,6.495392918586730957e-01,1.053501486778259277e+00,6.646172404289245605e-01,1.020244121551513672e+00,1.060001492500305176e+00,8.927095532417297363e-01,1.359319448471069336e+00,4.278654754161834717e-01,8.117892742156982422e-01,5.939031243324279785e-01,1.078387975692749023e+00,6.316284537315368652e-01,7.676014900207519531e-01
1.585667014122009277e+00,7.784772515296936035e-01,7.042454481124877930e-01,1.398514747619628906e+00,1.055030703544616699e+00,1.153801441192626953e+00,1.039481520652770996e+00,1.266144871711730957e+00,1.174982428550720215e+00,9.138613939285278320e-01,6.362231373786926270e-01,1.050464391708374023e+00,9.030268192291259766e-01,1.024155855178833008e+00,1.048306465148925781e+00,1.602007269859313965e+00,1.692215919494628906e+00,1.096783399581909180e+00,9.386435747146606445e-01,9.498806595802307129e-01
-1.108252644538879395e+00,-9.857633113861083984e-01,-7.917377352714538574e-01,-6.776847243309020996e-01,-6.622205376625061035e-01,-8.179779648780822754e-01,-1.280399680137634277e+00,-1.047256112098693848e+00,-9.230425953865051270e-01,-9.457108378410339355e-01,-1.214211940765380859e+00,-9.379470944404602051e-01,-5.857103466987609863e-01,-9.817017912864685059e-01,-1.122855663299560547e+00,-9.276965856552124023e-01,-8.608655333518981934e-01,-1.116512775421142578e+00,-6.715489625930786133e-01,-1.245744228363037109e+00
-1.165899634361267090e+00,-8.464167714118957520e-01,-7.858833670616149902e-01,-1.090756773948669434e+00,-9.218905568122863770e-01,-8.028898239135742188e-01,-8.542847633361816406e-01,-1.247110009193420410e+00,-9.284375309944152832e-01,-9.394480586051940918e-01,-1.052837133407592773e+00,-1.083045721054077148e+00,-1.390137195587158203e+00,-1.325491547584533691e+00,-1.279899954795837402e+00,-9.118615984916687012e-01,-9.487105011940002441e-01,-7.718152999877929688e-01,-9.065932631492614746e-01,-1.264244794845581055e+00
1.171154737472534180e+00,7.093372941017150879e-01,1.057653427124023438e+00,7.508332133293151855e-01,1.430593729019165039e+00,1.180291652679443359e+00,1.125321745872497559e+00,8.992252945899963379e-01,1.423346042633056641e+00,1.327633261680603027e+00,1.428321599960327148e+00,1.101472973823547363e+00,8.258917331695556641e-01,1.423501372337341309e+00,1.018680572509765625e+00,1.170418500900268555e+00,1.236986756324768066e+00,7.822844386100769043e-01,7.887694239616394043e-01,1.256926536560058594e+00
1.055763602256774902e+00,1.214505910873413086e+00,1.194816350936889648e+00,1.335531234741210938e+00,1.025040388107299805e+00,1.136785745620727539e+00,1.134093403816223145e+00,1.316929817199707031e+00,1.056264877319335938e+00,9.448176622390747070e-01,1.197500109672546387e+00,1.011855363845825195e+00,1.255772113800048828e+00,1.631819844245910645e+00,1.003141641616821289e+00,9.760996699333190918e-01,1.140768885612487793e+00,1.162949562072753906e+00,1.231921315193176270e+00,7.996170520782470703e-01
1.196199178695678711e+00,9.449991583824157715e-01,1.392849087715148926e+00,1.388730287551879883e+00,1.437923908233642578e+00,1.460925221443176270e+00,1.039129853248596191e+00,8.152253627777099609e-01,9.096983671188354492e-01,8.256560564041137695e-01,1.163625478744506836e+00,8.898670673370361328e-01,6.821984052658081055e-01,1.131977796554565430e+00,1.014147877693176270e+00,1.183668255805969238e+00,7.279114127159118652e-01,1.230210423469543457e+00,6.753842234611511230e-01,9.699959754943847656e-01
-1.045087575912475586e+00,-8.078542947769165039e-01,-9.076985120773315430e-01,-1.170766115188598633e+00,-1.249412655830383301e+00,-8.419717550277709961e-01,-8.176112771034240723e-01,-1.288407802581787109e+00,-1.030655384063720703e+00,-1.112850785255432129e+00,-1.047628283500671387e+00,-1.233628273010253906e+00,-1.185296654701232910e+00,-8.113141059875488281e-01,-1.359735012054443359e+00,-1.111549496650695801e+00,-1.198615789413452148e+00,-1.211064934730529785e+00,-1.172681808471679688e+00,-1.206900358200073242e+00
1.515560626983642578e+00,1.074858069419860840e+00,1.855956077575683594e+00,1.264494419097900391e+00,1.141187667846679688e+00,1.081042647361755371e+00,8.592199683189392090e-01,9.218350648880004883e-01,1.603537321090698242e+00,1.152818441390991211e+00,1.256453037261962891e+00,1.367345213890075684e+00,1.078063488006591797e+00,1.061917662620544434e+00,3.310270905494689941e-01,1.021119952201843262e+00,1.093998551368713379e+00,1.347045183181762695e+00,1.131374597549438477e+00,1.142376303672790527e+00
-1.124785780906677246e+00,-1.337213158607482910e+00,-7.003964185714721680e-01,-8.952419757843017578e-01,-1.170004606246948242e+00,-1.125696539878845215e+00,-7.581225037574768066e-01,-1.153470158576965332e+00,-9.175925254821777344e-01,-8.121342062950134277e-01,-1.081910610198974609e+00,-9.051911830902099609e-01,-1.237532615661621094e+00,-1.248193740844726562e+00,-1.105905652046203613e+00,-8.830964565277099609e-01,-9.996208548545837402e-01,-9.579800367355346680e-01,-1.030458092689514160e+00,-1.103803038597106934e+00
1.493923425674438477e+00,7.538366317749023438e-01,8.770095109939575195e-01,8.805972933769226074e-01,1.298108577728271484e+00,1.280886888504028320e+00,8.814983367919921875e-01,8.949928283691406250e-01,8.061299920082092285e-01,9.691534042358398438e-01,1.676822662353515625e+00,1.110585093498229980e+00,1.072528004646301270e+00,1.590037107467651367e+00,1.481960535049438477e+00,6.563830375671386719e-01,9.736210107803344727e-01,1.269355058670043945e+00,1.148366570472717285e+00,9.092056155204772949e-01
1.378183722496032715e+00,7.338450551033020020e-01,1.355433821678161621e+00,1.168027877807617188e+00,1.012729287147521973e+00,1.070540189743041992e+00,1.284892439842224121e+00,1.092398524284362793e+00,1.264843940734863281e+00,1.017663717269897461e+00,7.742391228675842285e-01,1.515214204788208008e+00,1.322360277175903320e+00,1.632844924926757812e+00,5.404211878776550293e-01,1.438127756118774414e+00,9.458536505699157715e-01,1.234751820564270020e+00,1.347540855407714844e+00,1.101302981376647949e+00
1.299537301063537598e+00,6.098796129226684570e-01,8.766735196113586426e-01,1.326605916023254395e+00,9.768794178962707520e-01,9.637830257415771484e-01,8.550946116447448730e-01,9.375154972076416016e-01,1.165728092193603516e+00,1.212127685546875000e+00,1.277786731719970703e+00,1.082836627960205078e+00,1.095995664596557617e+00,1.450950980186462402e+00,1.194669842720031738e+00,1.164921283721923828e+00,1.106404662132263184e+00,1.379811763763427734e+00,9.192304015159606934e-01,1.138017654418945312e+00
1.113928079605102539e+00,8.062016367912292480e-01,9.820762872695922852e-01,1.545697569847106934e+00,1.030603528022766113e+00,1.485703468322753906e+00,1.546459794044494629e+00,1.035373330116271973e+00,1.291991710662841797e+00,1.346303939819335938e+00,8.867639899253845215e-01,9.923395514488220215e-01,1.225699305534362793e+00,9.729554057121276855e-01,1.065992474555969238e+00,1.407385587692260742e+00,1.228269934654235840e+00,1.351695060729980469e+00,8.748405575752258301e-01,1.382806897163391113e+00
-1.037661314010620117e+00,-1.095887541770935059e+00,-1.111568570137023926e+00,-7.986681461334228516e-01,-9.360530376434326172e-01,-9.058269858360290527e-01,-1.318832993507385254e+00,-1.015299320220947266e+00,-1.052153944969177246e+00,-8.543910384178161621e-01,-1.195443749427795410e+00,-9.118618369102478027e-01,-9.150596857070922852e-01,-8.366183638572692871e-01,-9.172441959381103516e-01,-1.165114045143127441e+00,-1.226905345916748047e+00,-6.612547636032104492e-01,-1.001057744026184082e+00,-1.040893316268920898e+00
1.467056274414062500e+00,1.007968306541442871e+00,1.052178978919982910e+00,8.665634393692016602e-01,1.269327402114868164e+00,1.091890931129455566e+00,1.172066450119018555e+00,7.382562756538391113e-01,1.496142029762268066e+00,1.119087696075439453e+00,1.171725630760192871e+00,8.931735754013061523e-01,9.063937664031982422e-01,1.360875487327575684e+00,9.848579168319702148e-01,1.090568304061889648e+00,1.002335190773010254e+00,1.277971744537353516e+00,1.095966696739196777e+00,1.154527664184570312e+00
-1.024903535842895508e+00,-7.836921811103820801e-01,-8.725377321243286133e-01,-7.985623478889465332e-01,-9.679405093193054199e-01,-9.524679183959960938e-01,-9.003133773803710938e-01,-1.097189426422119141e+00,-8.473934531211853027e-01,-8.249816894531250000e-01,-8.586859107017517090e-01,-8.721580505371093750e-01,-1.177558183670043945e+00,-8.755052089691162109e-01,-1.282109498977661133e+00,-9.141893982887268066e-01,-8.812713623046875000e-01,-1.183934569358825684e+00,-8.587989211082458496e-01,-1.083118796348571777e+00
1.199240803718566895e+00,1.054752826690673828e+00,8.426194190979003906e-01,1.148021101951599121e+00,7.388171553611755371e-01,1.378079175949096680e+00,9.707525372505187988e-01,1.122202396392822266e+00,1.139952182769775391e+00,9.184910058975219727e-01,9.696205258369445801e-01,7.381776571273803711e-01,1.157770276069641113e+00,1.095838189125061035e+00,9.932709932327270508e-01,7.862188816070556641e-01,7.469543218612670898e-01,1.221447587013244629e+00,1.062768697738647461e+00,8.166152834892272949e-01
1.426267743110656738e+00,1.209932088851928711e+00,1.144853234291076660e+00,8.270602822303771973e-01,1.101009964942932129e+00,1.051309227943420410e+00,1.290144681930541992e+00,1.084466695785522461e+00,1.053460717201232910e+00,9.581021666526794434e-01,6.635208129882812500e-01,6.037421822547912598e-01,1.046756148338317871e+00,1.214984655380249023e+00,1.146445512771606445e+00,9.131734371185302734e-01,1.030730128288269043e+00,9.419974088668823242e-01,1.141210317611694336e+00,8.465211391448974609e-01
-8.688271641731262207e-01,-1.142219185829162598e+00,-8.172549605369567871e-01,-1.270315647125244141e+00,-9.536310434341430664e-01,-8.176652193069458008e-01,-9.996668100357055664e-01,-1.263832688331604004e+00,-1.151513218879699707e+00,-1.254483699798583984e+00,-7.827684283256530762e-01,-7.076529264450073242e-01,-1.111766099929809570e+00,-8.425896167755126953e-01,-9.318477511405944824e-01,-7.227559089660644531e-01,-1.130442976951599121e+00,-1.181621074676513672e+00,-8.310204744338989258e-01,-1.026546239852905273e+00
-1.301316857337951660e+00,-6.971604228019714355e-01,-7.035571336746215820e-01,-1.076019763946533203e+00,-8.146289587020874023e-01,-1.052262663841247559e+00,-1.261018276214599609e+00,-1.161264777183532715e+00,-8.995145559310913086e-01,-9.749602079391479492e-01,-1.245411276817321777e+00,-1.024847388267517090e+00,-1.344615817070007324e+00,-8.484237194061279297e-01,-1.288079738616943359e+00,-1.138008594512939453e+00,-1.143309831619262695e+00,-1.108573079109191895e+00,-1.020196676254272461e+00,-8.435494899749755859e-01
1.242855668067932129e+00,1.111287236213684082e+00,1.257838010787963867e+00,1.411087036132812500e+00,1.012382388114929199e+00,1.073392868041992188e+00,8.903642296791076660e-01,8.018535971641540527e-01,1.334257364273071289e+00,1.254637241363525391e+00,7.553460597991943359e-01,8.881916999816894531e-01,9.941937327384948730e-01,1.370170235633850098e+00,1.007423639297485352e+00,1.022004127502441406e+00,8.352652192115783691e-01,1.180692076683044434e+00,1.248888492584228516e+00,1.351154088973999023e+00
6.700863242149353027e-01,1.034492015838623047e+00,7.041674852371215820e-01,8.067753314971923828e-01,7.460431456565856934e-01,9.532644748687744141e-01,1.003717899322509766e+00,5.810492038726806641e-01,1.050274610519409180e+00,6.958171129226684570e-01,7.837883830070495605e-01,5.875602960586547852e-01,5.821686983108520508e-01,7.700362205505371094e-01,4.039811193943023682e-01,8.444163799285888672e-01,6.010040044784545898e-01,8.426485061645507812e-01,9.470821022987365723e-01,7.803598046302795410e-01
-1.052780628204345703e+00,-7.183170318603515625e-01,-9.245319366455078125e-01,-1.053541779518127441e+00,-9.770643115043640137e-01,-7.087246775627136230e-01,-1.148605585098266602e+00,-1.095443964004516602e+00,-8.399367332458496094e-01,-1.408622503280639648e+00,-1.202677369117736816e+00,-9.618152976036071777e-01,-1.276203036308288574e+00,-7.512934207916259766e-01,-1.458203434944152832e+00,-1.082540392875671387e+00,-8.787244558334350586e-01,-1.112016916275024414e+00,-9.370903968811035156e-01,-1.228440880775451660e+00
1.216871738433837891e+00,9.164945483207702637e-01,7.838121056556701660e-01,1.252645492553710938e+00,1.118541955947875977e+00,1.344977140426635742e+00,1.421680212020874023e+00,1.155545353889465332e+00,1.055691838264465332e+00,1.104445934295654297e+00,5.266491174697875977e-01,1.051341176033020020e+00,9.438338279724121094e-01,1.302320599555969238e+00,1.159811377525329590e+00,1.087446928024291992e+00,9.871830344200134277e-01,1.115826368331909180e+00,8.626735210418701172e-01,1.512078642845153809e+00
1.549374461174011230e+00,9.157405495643615723e-01,1.045226573944091797e+00,1.239854693412780762e+00,8.561696410179138184e-01,8.720125555992126465e-01,1.186869025230407715e+00,1.158678174018859863e+00,1.159534573554992676e+00,1.237710475921630859e+00,8.136912584304809570e-01,1.287735342979431152e+00,9.642554521560668945e-01,1.205194592475891113e+00,1.090924382209777832e+00,1.222201228141784668e+00,7.841390967369079590e-01,1.026398420333862305e+00,9.102199673652648926e-01,1.211367011070251465e+00
1.395841836929321289e+00,1.068702936172485352e+00,1.257797241210937500e+00,1.159461379051208496e+00,9.555036425590515137e-01,1.162457585334777832e+00,1.091054797172546387e+00,8.473593592643737793e-01,9.577587842941284180e-01,1.271960377693176270e+00,1.009044766426086426e+00,8.504236340522766113e-01,1.112787842750549316e+00,1.606264472007751465e+00,9.838561415672302246e-01,1.225146293640136719e+00,1.192258954048156738e+00,1.531346440315246582e+00,1.238432884216308594e+00,1.250867009162902832e+00
1.489220142364501953e+00,7.432223558425903320e-01,9.190312027931213379e-01,1.065584063529968262e+00,1.250605463981628418e+00,1.448816418647766113e+00,9.528020620346069336e-01,1.307188749313354492e+00,1.376996994018554688e+00,1.444720268249511719e+00,9.813231229782104492e-01,1.127702951431274414e+00,1.257543444633483887e+00,1.656841397285461426e+00,8.196682333946228027e-01,7.795640230178833008e-01,5.739291906356811523e-01,1.475160121917724609e+00,9.701563119888305664e-01,1.307425975799560547e+00
1.207425951957702637e+00,8.369148969650268555e-01,1.088054537773132324e+00,9.765845537185668945e-01,1.026113867759704590e+00,1.426082134246826172e+00,7.924577593803405762e-01,1.498834371566772461e+00,1.121352672576904297e+00,9.311194419860839844e-01,1.046568512916564941e+00,1.351232171058654785e+00,1.215296268463134766e+00,1.346132874488830566e+00,1.190932035446166992e+00,9.143515825271606445e-01,7.798683643341064453e-01,9.593175053596496582e-01,8.982982635498046875e-01,1.029895186424255371e+00
-8.500152230262756348e-01,-1.076410174369812012e+00,-7.819147109985351562e-01,-9.348694682121276855e-01,-1.076727867126464844e+00,-1.391069293022155762e+00,-9.482571482658386230e-01,-9.635028839111328125e-01,-7.772279977798461914e-01,-1.046402931213378906e+00,-8.107900023460388184e-01,-1.039214611053466797e+00,-1.198415279388427734e+00,-8.452014327049255371e-01,-1.299131512641906738e+00,-9.666869044303894043e-01,-1.187129020690917969e+00,-1.128234267234802246e+00,-9.370434880256652832e-01,-7.738876342773437500e-01
-1.162848472595214844e+00,-7.436950802803039551e-01,-8.420125842094421387e-01,-1.065302610397338867e+00,-1.140468358993530273e+00,-1.080093264579772949e+00,-1.008696675300598145e+00,-1.128125071525573730e+00,-8.611255884170532227e-01,-8.146026134490966797e-01,-1.076110839843750000e+00,-9.914797544479370117e-01,-9.843001365661621094e-01,-1.124482870101928711e+00,-1.273284435272216797e+00,-1.161341786384582520e+00,-1.055413365364074707e+00,-1.091064691543579102e+00,-6.904234290122985840e-01,-1.162880659103393555e+00
1.098951220512390137e+00,8.490007519721984863e-01,1.317029953002929688e+00,1.025542616844177246e+00,1.109316945075988770e+00,1.395744681358337402e+00,8.178694248199462891e-01,1.178602695465087891e+00,1.065287470817565918e+00,9.849185347557067871e-01,8.963882923126220703e-01,1.019294738769531250e+00,1.297281265258789062e+00,1.503977656364440918e+00,1.011282563209533691e+00,9.819151759147644043e-01,9.196672439575195312e-01,9.417811036109924316e-01,8.787632584571838379e-01,8.642233014106750488e-01
1.050343155860900879e+00,1.077496647834777832e+00,1.211691975593566895e+00,1.040046453475952148e+00,1.154360532760620117e+00,8.892090320587158203e-01,1.038790702819824219e+00,9.439257383346557617e-01,1.174166083335876465e+00,1.255534529685974121e+00,9.137182831764221191e-01,1.257120013236999512e+00,1.375051498413085938e+00,1.383357763290405273e+00,1.009168028831481934e+00,7.448425292968750000e-01,1.014724254608154297e+00,1.259292006492614746e+00,9.769297838211059570e-01,1.193278551101684570e+00
1.002133965492248535e+00,6.816188097000122070e-01,8.757408261299133301e-01,1.105720877647399902e+00,9.142407774925231934e-01,9.070888757705688477e-01,7.171166539192199707e-01,7.823582887649536133e-01,8.175987601280212402e-01,9.305801391601562500e-01,1.238290190696716309e+00,9.966213703155517578e-01,8.362663388252258301e-01,1.199860453605651855e+00,1.029102683067321777e+00,9.319360256195068359e-01,7.096943855285644531e-01,1.222837209701538086e+00,5.046344995498657227e-01,1.244358897209167480e+00
-1.122407793998718262e+00,-8.297408819198608398e-01,-1.175096273422241211e+00,-8.036880493164062500e-01,-1.048768520355224609e+00,-1.057363271713256836e+00,-9.798288941383361816e-01,-1.097219228744506836e+00,-9.517086148262023926e-01,-1.178821563720703125e+00,-1.059408664703369141e+00,-8.532819747924804688e-01,-8.819097876548767090e-01,-1.233839035034179688e+00,-1.074478745460510254e+00,-1.041247606277465820e+00,-1.071604967117309570e+00,-1.137695193290710449e+00,-9.913185238838195801e-01,-1.020514130592346191e+00
1.394613027572631836e+00,8.488163352012634277e-01,1.274374365806579590e+00,7.815406322479248047e-01,9.540706872940063477e-01,1.411332130432128906e+00,1.036234617233276367e+00,9.389285445213317871e-01,9.855143427848815918e-01,1.069371581077575684e+00,1.097774624824523926e+00,7.676578760147094727e-01,9.025230407714843750e-01,1.215897798538208008e+00,1.080511808395385742e+00,8.716042637825012207e-01,9.166029691696166992e-01,1.269975781440734863e+00,1.322494864463806152e+00,9.739378690719604492e-01
-9.603955745697021484e-01,-8.927780389785766602e-01,-8.109260201454162598e-01,-8.269056081771850586e-01,-1.227039217948913574e+00,-9.980842471122741699e-01,-1.155566573143005371e+00,-1.155603766441345215e+00,-1.032966613769531250e+00,-1.066215991973876953e+00,-1.104399442672729492e+00,-7.079779505729675293e-01,-1.270577073097229004e+00,-5.031331777572631836e-01,-1.389853835105895996e+00,-1.134379506111145020e+00,-1.058198809623718262e+00,-1.070991396903991699e+00,-1.219186186790466309e+00,-1.084998846054077148e+00
1.309769749641418457e+00,9.006279110908508301e-01,9.948098659515380859e-01,1.261469721794128418e+00,1.237965941429138184e+00,1.060626626014709473e+00,1.002457499504089355e+00,8.019571900367736816e-01,1.170432925224304199e+00,8.580010533332824707e-01,5.231659412384033203e-01,1.434134483337402344e+00,1.042914152145385742e+00,1.124509215354919434e+00,1.053182363510131836e+00,1.116086006164550781e+00,7.144414782524108887e-01,1.203185796737670898e+00,9.733521342277526855e-01,9.107053279876708984e-01
-8.123423457145690918e-01,-7.254135012626647949e-01,-1.017998695373535156e+00,-1.050417184829711914e+00,-1.213697075843811035e+00,-9.478048086166381836e-01,-9.925878047943115234e-01,-1.247226476669311523e+00,-8.085980415344238281e-01,-8.876661658287048340e-01,-9.799459576606750488e-01,-9.281452894210815430e-01,-1.221112966537475586e+00,-7.963781356811523438e-01,-1.134547948837280273e+00,-9.849545359611511230e-01,-1.215283036231994629e+00,-1.042169928550720215e+00,-1.008069038391113281e+00,-1.073145747184753418e+00
1.428918838500976562e+00,8.205274939537048340e-01,9.732241630554199219e-01,8.282989859580993652e-01,1.159079313278198242e+00,1.566464066505432129e+00,9.520522356033325195e-01,1.201436281204223633e+00,9.880987405776977539e-01,1.190441012382507324e+00,1.425081729888916016e+00,8.660421967506408691e-01,9.982748031616210938e-01,1.334987044334411621e+00,1.036886692047119141e+00,1.129103660583496094e+00,1.062508463859558105e+00,1.057351589202880859e+00,8.985157608985900879e-01,1.036954522132873535e+00
-1.010188698768615723e+00,-1.043711543083190918e+00,-8.630992174148559570e-01,-9.225055575370788574e-01,-7.209093570709228516e-01,-1.344677329063415527e+00,-1.362884521484375000e+00,-9.452770352363586426e-01,-6.695551872253417969e-01,-1.189865946769714355e+00,-1.021950006484985352e+00,-8.979086279869079590e-01,-1.149540543556213379e+00,-7.904614210128784180e-01,-1.271702289581298828e+00,-8.855704665184020996e-01,-1.330814719200134277e+00,-1.238741159439086914e+00,-1.330606102943420410e+00,-9.757508039474487305e-01
1.333954691886901855e+00,1.117279648780822754e+00,8.886345028877258301e-01,1.145686149597167969e+00,1.055510282516479492e+00,6.715118288993835449e-01,1.144651293754577637e+00,6.436493992805480957e-01,1.327353000640869141e+00,1.164740800857543945e+00,9.497714638710021973e-01,9.473137259483337402e-01,1.144896268844604492e+00,1.370993971824645996e+00,7.894466519355773926e-01,1.125178098678588867e+00,6.115809082984924316e-01,9.241921901702880859e-01,1.160695433616638184e+00,1.021669030189514160e+00
1.347757577896118164e+00,8.048226237297058105e-01,1.219452977180480957e+00,1.143477320671081543e+00,1.184138178825378418e+00,1.293443799018859863e+00,1.064276576042175293e+00,8.589618802070617676e-01,9.395742416381835938e-01,1.179352283477783203e+00,1.243334770202636719e+00,1.178874850273132324e+00,1.064506292343139648e+00,1.500698924064636230e+00,1.058331131935119629e+00,1.189241647720336914e+00,4.557731151580810547e-01,9.695555567741394043e-01,7.000955343246459961e-01,9.979488849639892578e-01
9.653456807136535645e-01,7.666556835174560547e-01,1.308296203613281250e+00,9.432216882705688477e-01,9.694535732269287109e-01,1.057580351829528809e+00,1.224355816841125488e+00,5.589142441749572754e-01,8.898269534111022949e-01,8.675129413604736328e-01,7.898777127265930176e-01,8.504688739776611328e-01,1.034246802330017090e+00,1.243484258651733398e+00,4.479950964450836182e-01,1.211465597152709961e+00,5.936686992645263672e-01,1.132741332054138184e+00,9.155289530754089355e-01,1.001355409622192383e+00
1.294548988342285156e+00,1.165789723396301270e+00,1.226410388946533203e+00,9.567693471908569336e-01,1.273656368255615234e+00,1.381407976150512695e+00,1.340628981590270996e+00,1.349921941757202148e+00,1.125765204429626465e+00,1.067545533180236816e+00,9.459916949272155762e-01,8.371552824974060059e-01,1.121340870857238770e+00,1.135398149490356445e+00,8.521870374679565430e-01,1.091209888458251953e+00,8.533124327659606934e-01,1.026349067687988281e+00,8.764406442642211914e-01,7.733872532844543457e-01
9.954028129577636719e-01,9.355802536010742188e-01,1.243285894393920898e+00,1.370762944221496582e+00,1.023985624313354492e+00,1.387549996376037598e+00,1.183406949043273926e+00,8.344386816024780273e-01,1.194834589958190918e+00,9.510236978530883789e-01,8.022553324699401855e-01,1.074060559272766113e+00,1.067353606224060059e+00,1.262550711631774902e+00,5.502576231956481934e-01,1.173308014869689941e+00,1.104285836219787598e+00,1.544363856315612793e+00,1.070647120475769043e+00,1.152750849723815918e+00
1.604346752166748047e+00,8.287131786346435547e-01,1.349021434783935547e+00,1.265057206153869629e+00,7.461175322532653809e-01,8.018207550048828125e-01,6.966524720191955566e-01,6.795886754989624023e-01,9.450384378433227539e-01,1.233102083206176758e+00,1.154492139816284180e+00,1.074126720428466797e+00,1.123117446899414062e+00,1.396994829177856445e+00,9.987465739250183105e-01,8.094927668571472168e-01,7.305066585540771484e-01,1.060534238815307617e+00,8.613047599792480469e-01,1.083030343055725098e+00
1.348831772804260254e+00,1.083016633987426758e+00,8.941304683685302734e-01,9.646737575531005859e-01,1.166950583457946777e+00,1.126352310180664062e+00,5.110179781913757324e-01,6.615023612976074219e-01,1.481548428535461426e+00,9.817832708358764648e-01,1.096970915794372559e+00,1.050449848175048828e+00,6.662569046020507812e-01,8.425900340080261230e-01,6.524845361709594727e-01,1.275720953941345215e+00,8.426152467727661133e-01,9.864840507507324219e-01,1.061958432197570801e+00,9.183411002159118652e-01
1.048469901084899902e+00,1.056957840919494629e+00,1.053883910179138184e+00,1.119828343391418457e+00,5.661928057670593262e-01,9.285423159599304199e-01,1.486408948898315430e+00,5.626703500747680664e-01,1.014738321304321289e+00,8.545391559600830078e-01,1.034881591796875000e+00,5.508134365081787109e-01,9.638774394989013672e-01,1.087997317314147949e+00,8.904823064804077148e-01,9.797852635383605957e-01,9.752932786941528320e-01,8.286246657371520996e-01,1.037069201469421387e+00,8.469834327697753906e-01
-9.114626049995422363e-01,-7.039806842803955078e-01,-1.014536261558532715e+00,-1.009484410285949707e+00,-1.161781191825866699e+00,-1.060943603515625000e+00,-1.094862461090087891e+00,-1.125784635543823242e+00,-8.122798204421997070e-01,-1.097661733627319336e+00,-1.244646549224853516e+00,-1.003563880920410156e+00,-1.120395183563232422e+00,-8.557635545730590820e-01,-1.460154414176940918e+00,-1.034188508987426758e+00,-8.791405558586120605e-01,-1.115972638130187988e+00,-9.994472265243530273e-01,-1.163403749465942383e+00
-1.005152940750122070e+00,-1.010802865028381348e+00,-1.001150131225585938e+00,-8.564494848251342773e-01,-8.138880729675292969e-01,-6.167969703674316406e-01,-9.595195651054382324e-01,-1.082718968391418457e+00,-1.073546051979064941e+00,-1.132723093032836914e+00,-1.194352269172668457e+00,-1.023105859756469727e+00,-1.140358090400695801e+00,-9.696714282035827637e-01,-1.183811664581298828e+00,-9.107521176338195801e-01,-1.001810550689697266e+00,-9.645576477050781250e-01,-1.016655683517456055e+00,-9.768245220184326172e-01
1.401831388473510742e+00,1.245561599731445312e+00,8.987706303596496582e-01,1.183345913887023926e+00,9.805020689964294434e-01,1.037739753723144531e+00,1.135530710220336914e+00,1.003129720687866211e+00,1.131211876869201660e+00,1.113655686378479004e+00,9.520029425621032715e-01,9.710054993629455566e-01,9.446392059326171875e-01,1.675125360488891602e+00,7.861305475234985352e-01,8.512129187583923340e-01,1.024393081665039062e+00,1.093141674995422363e+00,9.466618299484252930e-01,1.316230893135070801e+00
-9.876796603202819824e-01,-8.684696555137634277e-01,-7.312712669372558594e-01,-1.039240121841430664e+00,-9.167540073394775391e-01,-7.226318717002868652e-01,-1.171598911285400391e+00,-1.174406528472900391e+00,-1.049469590187072754e+00,-1.153623461723327637e+00,-1.110150933265686035e+00,-9.381125569343566895e-01,-1.267800688743591309e+00,-8.331842422485351562e-01,-1.478828430175781250e+00,-9.395026564598083496e-01,-1.208377242088317871e+00,-8.775820136070251465e-01,-1.238230466842651367e+00,-1.010776996612548828e+00
-7.500190138816833496e-01,-8.371188044548034668e-01,-9.636805653572082520e-01,-1.079364776611328125e+00,-1.025379061698913574e+00,-8.895951509475708008e-01,-9.245207905769348145e-01,-1.106366038322448730e+00,-8.890367150306701660e-01,-1.231494665145874023e+00,-1.061215877532958984e+00,-8.657057881355285645e-01,-9.764477014541625977e-01,-9.866604804992675781e-01,-1.174798011779785156e+00,-9.599668383598327637e-01,-7.212204933166503906e-01,-9.116401672363281250e-01,-9.771478176116943359e-01,-1.171145677566528320e+00
-6.815099716186523438e-01,-1.175771832466125488e+00,-1.263674139976501465e+00,-9.354599118232727051e-01,-1.034349322319030762e+00,-6.988999247550964355e-01,-9.792513251304626465e-01,-1.166907668113708496e+00,-7.100763916969299316e-01,-9.923649430274963379e-01,-8.681655526161193848e-01,-1.182894229888916016e+00,-1.305252790451049805e+00,-1.077398777008056641e+00,-1.174928069114685059e+00,-1.139139890670776367e+00,-9.988108277320861816e-01,-1.027177810668945312e+00,-8.211123347282409668e-01,-8.971018195152282715e-01
8.574874997138977051e-01,9.741890430450439453e-01,1.165622830390930176e+00,1.036663174629211426e+00,1.133802056312561035e+00,1.101340651512145996e+00,9.866104722023010254e-01,8.185895085334777832e-01,1.229431152343750000e+00,9.291242957115173340e-01,8.719714879989624023e-01,9.043960571289062500e-01,1.011206984519958496e+00,1.001332163810729980e+00,1.276317000389099121e+00,1.046507954597473145e+00,1.214445114135742188e+00,1.277157425880432129e+00,1.287087321281433105e+00,1.044913530349731445e+00
-1.374021530151367188e+00,-1.017372369766235352e+00,-8.241547346115112305e-01,-1.171155929565429688e+00,-8.871678709983825684e-01,-1.039983630180358887e+00,-1.180399775505065918e+00,-1.024508237838745117e+00,-9.308798909187316895e-01,-1.026137590408325195e+00,-1.250917553901672363e+00,-8.936899304389953613e-01,-1.176542758941650391e+00,-1.196190237998962402e+00,-1.291701316833496094e+00,-1.082865715026855469e+00,-1.124917387962341309e+00,-1.234047293663024902e+00,-1.117104768753051758e+00,-1.234891057014465332e+00
1.214658975601196289e+00,8.289008140563964844e-01,1.247715830802917480e+00,1.163176178932189941e+00,1.277145743370056152e+00,1.445569157600402832e+00,1.063049554824829102e+00,8.199582099914550781e-01,1.235151648521423340e+00,1.032975673675537109e+00,1.264426827430725098e+00,1.169778466224670410e+00,6.293894648551940918e-01,1.819144725799560547e+00,1.383763909339904785e+00,9.792172908782958984e-01,1.233780860900878906e+00,1.111296772956848145e+00,1.150326251983642578e+00,1.138816952705383301e+00
-1.045318484306335449e+00,-7.442789673805236816e-01,-6.178990006446838379e-01,-1.158888578414916992e+00,-8.797625303268432617e-01,-1.055880546569824219e+00,-1.008029937744140625e+00,-1.018007397651672363e+00,-9.409817457199096680e-01,-1.107907772064208984e+00,-1.094453692436218262e+00,-1.085741877555847168e+00,-1.083946943283081055e+00,-7.976325750350952148e-01,-1.170580625534057617e+00,-1.079158782958984375e+00,-9.367208480834960938e-01,-1.150484800338745117e+00,-1.007794737815856934e+00,-1.150045275688171387e+00
-9.702712297439575195e-01,-1.093544006347656250e+00,-9.316428899765014648e-01,-1.125874757766723633e+00,-1.165643692016601562e+00,-9.537935853004455566e-01,-1.093672394752502441e+00,-1.043231248855590820e+00,-1.175347685813903809e+00,-1.200193285942077637e+00,-9.904624819755554199e-01,-1.030066251754760742e+00,-1.314097881317138672e+00,-9.104771614074707031e-01,-1.264368057250976562e+00,-1.010821938514709473e+00,-7.795629501342773438e-01,-1.096145987510681152e+00,-7.603842020034790039e-01,-9.288937449455261230e-01
1.066349983215332031e+00,9.221559762954711914e-01,1.103707790374755859e+00,8.588221073150634766e-01,9.566611647605895996e-01,2.619279921054840088e-01,1.091241836547851562e+00,6.055303215980529785e-01,1.329702734947204590e+00,8.874164819717407227e-01,1.015261530876159668e+00,8.109235763549804688e-01,1.137783050537109375e+00,1.483739376068115234e+00,9.783471226692199707e-01,9.315972328186035156e-01,1.161581993103027344e+00,9.422595500946044922e-01,7.470285892486572266e-01,8.135366439819335938e-01
1.469609141349792480e+00,9.236218929290771484e-01,1.515778899192810059e+00,1.298351287841796875e+00,9.587951302528381348e-01,9.219599962234497070e-01,1.296922206878662109e+00,8.740192055702209473e-01,1.045627832412719727e+00,1.055856943130493164e+00,1.039761662483215332e+00,1.434733390808105469e+00,1.138117194175720215e+00,1.026180028915405273e+00,9.662938714027404785e-01,1.069905996322631836e+00,9.951801896095275879e-01,1.215306162834167480e+00,1.330747485160827637e+00,1.396257400512695312e+00
-8.679696321487426758e-01,-5.400487184524536133e-01,-8.668802380561828613e-01,-1.019584655761718750e+00,-8.625150918960571289e-01,-8.690284490585327148e-01,-7.419690489768981934e-01,-1.191851735115051270e+00,-8.492399454116821289e-01,-9.786419272422790527e-01,-1.230057954788208008e+00,-8.133053183555603027e-01,-1.033241271972656250e+00,-8.597161769866943359e-01,-1.185534119606018066e+00,-1.191963791847229004e+00,-7.010403275489807129e-01,-9.606765508651733398e-01,-8.771017193794250488e-01,-1.062344908714294434e+00
7.578610777854919434e-01,8.904988169670104980e-01,9.580774903297424316e-01,1.090715050697326660e+00,1.000052094459533691e+00,1.296987175941467285e+00,1.228837132453918457e+00,1.206314563751220703e+00,1.655264616012573242e+00,8.063206076622009277e-01,1.142106652259826660e+00,1.014202475547790527e+00,9.253838062286376953e-01,1.319603085517883301e+00,7.706651091575622559e-01,8.282787799835205078e-01,1.020124912261962891e+00,1.032618761062622070e+00,1.336935043334960938e+00,6.701310276985168457e-01
1.082067131996154785e+00,8.973717689514160156e-01,1.608933091163635254e+00,1.126286387443542480e+00,1.071794629096984863e+00,1.106951832771301270e+00,9.868708848953247070e-01,7.824472784996032715e-01,1.264396548271179199e+00,1.089320659637451172e+00,1.275378227233886719e+00,1.021027445793151855e+00,1.084198713302612305e+00,1.373456954956054688e+00,4.172560274600982666e-01,1.114634633064270020e+00,9.383001923561096191e-01,1.200293660163879395e+00,9.678626656532287598e-01,6.429365277290344238e-01
-9.759486913681030273e-01,-1.220353722572326660e+00,-9.186276793479919434e-01,-8.876895904541015625e-01,-8.506211042404174805e-01,-8.801939487457275391e-01,-1.021790862083435059e+00,-8.539307117462158203e-01,-8.549298048019409180e-01,-1.041732192039489746e+00,-9.393739104270935059e-01,-1.008536577224731445e+00,-1.100814819335937500e+00,-9.878643751144409180e-01,-1.314272403717041016e+00,-1.135681748390197754e+00,-9.629722237586975098e-01,-1.106502652168273926e+00,-1.117256879806518555e+00,-9.822860360145568848e-01
1.137860178947448730e+00,1.091987371444702148e+00,1.064683794975280762e+00,1.467429757118225098e+00,1.073779702186584473e+00,1.125413417816162109e+00,1.201249599456787109e+00,8.932693004608154297e-01,9.282832145690917969e-01,1.089333891868591309e+00,1.058589577674865723e+00,9.293725490570068359e-01,1.153246402740478516e+00,1.024528861045837402e+00,1.347230553627014160e+00,1.145989775657653809e+00,1.217374563217163086e+00,1.294961571693420410e+00,1.345738172531127930e+00,1.353915572166442871e+00
9.312826991081237793e-01,7.666114568710327148e-01,1.214991331100463867e+00,1.354813694953918457e+00,1.027890205383300781e+00,1.116165757179260254e+00,1.221055507659912109e+00,8.823763728141784668e-01,8.352870941162109375e-01,8.074466586112976074e-01,1.118720293045043945e+00,1.004245281219482422e+00,9.352903962135314941e-01,1.100368738174438477e+00,9.527290463447570801e-01,1.319438695907592773e+00,1.003945946693420410e+00,1.115085244178771973e+00,1.056894421577453613e+00,1.132528662681579590e+00
6.911349296569824219e-01,7.224006652832031250e-01,6.139917373657226562e-01,8.147262334823608398e-01,6.391088366508483887e-01,6.231299042701721191e-01,6.930764913558959961e-01,7.633062005043029785e-01,6.259238719940185547e-01,7.342293858528137207e-01,5.253300666809082031e-01,7.347056865692138672e-01,4.946427345275878906e-01,7.742440104484558105e-01,7.079713940620422363e-01,7.792037725448608398e-01,7.681969404220581055e-01,8.408282399177551270e-01,8.577780127525329590e-01,7.449848055839538574e-01
1.294637441635131836e+00,1.274083018302917480e+00,1.388128399848937988e+00,8.395434021949768066e-01,9.022322893142700195e-01,1.093098402023315430e+00,1.079732537269592285e+00,1.066985130310058594e+00,1.082284688949584961e+00,1.280473947525024414e+00,9.044950604438781738e-01,9.321315884590148926e-01,1.258530378341674805e+00,1.409556269645690918e+00,4.057264924049377441e-01,1.200973272323608398e+00,1.200271248817443848e+00,1.375151157379150391e+00,8.166130185127258301e-01,1.017223715782165527e+00
-1.000869393348693848e+00,-1.088633537292480469e+00,-1.108947634696960449e+00,-1.123217821121215820e+00,-1.276782512664794922e+00,-7.591654062271118164e-01,-1.049849271774291992e+00,-1.275982856750488281e+00,-1.126150608062744141e+00,-7.757130265235900879e-01,-1.001386880874633789e+00,-1.056446075439453125e+00,-1.148612737655639648e+00,-1.127762913703918457e+00,-1.305936574935913086e+00,-1.214794993400573730e+00,-7.963562607765197754e-01,-1.261418104171752930e+00,-8.563613891601562500e-01,-1.135890960693359375e+00
1.179820895195007324e+00,9.106737971305847168e-01,9.370080232620239258e-01,1.243851184844970703e+00,8.897023797035217285e-01,1.273992180824279785e+00,1.384877800941467285e+00,1.505894541740417480e+00,1.021480441093444824e+00,1.504507422447204590e+00,9.824183583259582520e-01,1.136404156684875488e+00,6.947702169418334961e-01,1.029332399368286133e+00,1.522820830345153809e+00,7.196453213691711426e-01,9.955042004585266113e-01,1.100799083709716797e+00,6.988385319709777832e-01,1.287898659706115723e+00
1.430644989013671875e+00,1.110347747802734375e+00,1.041140437126159668e+00,1.176210999488830566e+00,1.036667823791503906e+00,1.428778290748596191e+00,9.861849546432495117e-01,1.054989695549011230e+00,1.087500810623168945e+00,1.147248148918151855e+00,1.047964334487915039e+00,8.291984796524047852e-01,1.167093515396118164e+00,1.190418839454650879e+00,9.383952021598815918e-01,1.227582097053527832e+00,7.282401919364929199e-01,1.066286206245422363e+00,1.042656660079956055e+00,6.882445216178894043e-01
-1.135323047637939453e+00,-1.209464430809020996e+00,-1.038062691688537598e+00,-7.922781109809875488e-01,-1.059330224990844727e+00,-7.072845697402954102e-01,-1.075073122978210449e+00,-1.033115863800048828e+00,-1.226901769638061523e+00,-1.064808726310729980e+00,-1.051575422286987305e+00,-1.138711452484130859e+00,-9.949720501899719238e-01,-1.237547874450683594e+00,-1.314482450485229492e+00,-7.393453121185302734e-01,-9.479542374610900879e-01,-1.008440971374511719e+00,-9.419308900833129883e-01,-9.567078948020935059e-01
-1.044683456420898438e+00,-5.925602912902832031e-01,-6.996073126792907715e-01,-1.059854507446289062e+00,-8.566502928733825684e-01,-8.767088651657104492e-01,-9.277859330177307129e-01,-8.969287276268005371e-01,-8.329976797103881836e-01,-1.092023730278015137e+00,-1.366270899772644043e+00,-1.156778693199157715e+00,-1.189084172248840332e+00,-6.649097800254821777e-01,-1.391737818717956543e+00,-1.147173285484313965e+00,-9.407318830490112305e-01,-1.117051959037780762e+00,-1.139733791351318359e+00,-1.047046065330505371e+00
9.033839702606201172e-01,8.768494129180908203e-01,1.117899298667907715e+00,1.069968461990356445e+00,1.258130550384521484e+00,1.172367811203002930e+00,1.177449464797973633e+00,6.852985024452209473e-01,1.069519758224487305e+00,9.246978759765625000e-01,6.209464073181152344e-01,9.169986844062805176e-01,9.108568429946899414e-01,8.019956350326538086e-01,7.971638441085815430e-01,1.387704133987426758e+00,8.762274384498596191e-01,8.839399814605712891e-01,7.641012072563171387e-01,1.033526897430419922e+00
-1.030081629753112793e+00,-6.746437549591064453e-01,-8.969484567642211914e-01,-1.094449043273925781e+00,-1.104604005813598633e+00,-7.543959617614746094e-01,-8.441160321235656738e-01,-1.186563611030578613e+00,-9.618746638298034668e-01,-1.158892512321472168e+00,-1.094108819961547852e+00,-9.335388541221618652e-01,-1.190912365913391113e+00,-7.632400393486022949e-01,-1.185176968574523926e+00,-1.024279832839965820e+00,-1.078750610351562500e+00,-1.047594070434570312e+00,-8.895743489265441895e-01,-1.215563654899597168e+00
1.430389881134033203e+00,7.059954404830932617e-01,9.658054113388061523e-01,1.231999278068542480e+00,1.166163206100463867e+00,9.174430370330810547e-01,1.303284049034118652e+00,9.997467994689941406e-01,1.075211644172668457e+00,1.075445890426635742e+00,1.444218158721923828e+00,1.180737018585205078e+00,1.061566829681396484e+00,1.579245924949645996e+00,6.525667309761047363e-01,1.127699732780456543e+00,1.068432092666625977e+00,1.536764979362487793e+00,8.748762607574462891e-01,9.818101525306701660e-01
-1.558326482772827148e+00,-9.720011949539184570e-01,-6.611559391021728516e-01,-9.382748603820800781e-01,-1.055664062500000000e+00,-1.043034315109252930e+00,-1.033132910728454590e+00,-1.013792753219604492e+00,-8.175305724143981934e-01,-1.194464683532714844e+00,-8.172225952148437500e-01,-7.875107526779174805e-01,-1.075949072837829590e+00,-1.075279593467712402e+00,-1.403318643569946289e+00,-9.436450600624084473e-01,-7.738928794860839844e-01,-1.092323064804077148e+00,-1.025310754776000977e+00,-7.291334271430969238e-01
-8.703112602233886719e-01,-9.041241407394409180e-01,-7.481425404548645020e-01,-9.136344194412231445e-01,-9.259570240974426270e-01,-8.568993210792541504e-01,-9.017484188079833984e-01,-1.037065505981445312e+00,-1.032942175865173340e+00,-1.247026443481445312e+00,-1.162151336669921875e+00,-9.160309433937072754e-01,-1.253991246223449707e+00,-1.012681365013122559e+00,-1.283762812614440918e+00,-1.056777238845825195e+00,-1.080631732940673828e+00,-1.205158472061157227e+00,-9.465898871421813965e-01,-1.105276107788085938e+00
-6.810742616653442383e-01,-1.166903734207153320e+00,-5.417680144309997559e-01,-7.152123451232910156e-01,-1.069241404533386230e+00,-1.003694653511047363e+00,-8.466408848762512207e-01,-9.338538646697998047e-01,-9.045622348785400391e-01,-9.799271225929260254e-01,-1.096466898918151855e+00,-6.151716709136962891e-01,-6.871462464332580566e-01,-9.116313457489013672e-01,-6.785250306129455566e-01,-9.268007278442382812e-01,-9.073808193206787109e-01,-1.285245537757873535e+00,-1.230916023254394531e+00,-1.117596507072448730e+00
9.215558767318725586e-01,7.296245098114013672e-01,9.310017228126525879e-01,1.138667702674865723e+00,7.169286012649536133e-01,1.030591607093811035e+00,1.245488643646240234e+00,9.154727458953857422e-01,8.112015724182128906e-01,8.430705070495605469e-01,6.686561107635498047e-01,1.053546786308288574e+00,1.225778937339782715e+00,6.383485198020935059e-01,5.991340875625610352e-01,7.327232360839843750e-01,8.034363985061645508e-01,8.254281282424926758e-01,5.471184849739074707e-01,1.184606194496154785e+00
1.429517865180969238e+00,1.025521397590637207e+00,1.145550012588500977e+00,9.591385722160339355e-01,1.318609714508056641e+00,1.021284818649291992e+00,1.004010677337646484e+00,7.414353489875793457e-01,1.534054398536682129e+00,1.216767907142639160e+00,1.197378873825073242e+00,1.262848138809204102e+00,1.214552164077758789e+00,1.534445643424987793e+00,1.208301782608032227e+00,1.247696518898010254e+00,9.890211224555969238e-01,1.294209241867065430e+00,1.230903744697570801e+00,1.371367931365966797e+00
-1.005295157432556152e+00,-7.279566526412963867e-01,-8.869410753250122070e-01,-1.008570671081542969e+00,-9.664439558982849121e-01,-8.650342822074890137e-01,-9.498078227043151855e-01,-1.151172518730163574e+00,-9.399951696395874023e-01,-1.308770060539245605e+00,-1.280471563339233398e+00,-8.900688290596008301e-01,-1.312736511230468750e+00,-9.195650219917297363e-01,-1.181248664855957031e+00,-9.729658365249633789e-01,-8.813526630401611328e-01,-9.498236775398254395e-01,-9.917343258857727051e-01,-1.187378883361816406e+00
-1.072685599327087402e+00,-9.821692705154418945e-01,-1.066121816635131836e+00,-1.101027607917785645e+00,-9.974212050437927246e-01,-1.205689668655395508e+00,-1.116728425025939941e+00,-1.279266834259033203e+00,-6.720101833343505859e-01,-8.801945447921752930e-01,-1.402267813682556152e+00,-9.027555584907531738e-01,-1.013138175010681152e+00,-9.307020306587219238e-01,-1.228339910507202148e+00,-1.019931793212890625e+00,-1.197266459465026855e+00,-9.051855802536010742e-01,-7.483024001121520996e-01,-1.067000031471252441e+00
-1.099292635917663574e+00,-5.981699228286743164e-01,-8.887834548950195312e-01,-1.126695513725280762e+00,-1.112820386886596680e+00,-6.803665757179260254e-01,-9.891769289970397949e-01,-9.802969694137573242e-01,-1.036938548088073730e+00,-1.196791648864746094e+00,-1.089532256126403809e+00,-1.173263192176818848e+00,-1.133946299552917480e+00,-9.879645109176635742e-01,-1.287599205970764160e+00,-1.012396574020385742e+00,-6.541033387184143066e-01,-9.932692646980285645e-01,-6.419144868850708008e-01,-1.083974719047546387e+00
1.459553360939025879e+00,8.490349650382995605e-01,1.278194189071655273e+00,9.419139623641967773e-01,1.072660565376281738e+00,1.392074942588806152e+00,1.183013200759887695e+00,1.043848872184753418e+00,8.642881512641906738e-01,1.049725413322448730e+00,1.293184280395507812e+00,1.265966415405273438e+00,1.072951793670654297e+00,1.204214811325073242e+00,9.881915450096130371e-01,1.263970971107482910e+00,9.636656045913696289e-01,9.291637539863586426e-01,9.579997062683105469e-01,8.383136391639709473e-01
3.876856863498687744e-01,2.507099509239196777e-01,4.098077118396759033e-01,8.487892895936965942e-02,-9.223773330450057983e-02,2.988903522491455078e-01,4.006498456001281738e-01,9.332496672868728638e-02,1.661188900470733643e-01,-7.448455691337585449e-02,1.504307538270950317e-01,6.581974029541015625e-02,1.313818246126174927e-01,1.537083387374877930e-01,-1.256452053785324097e-01,1.072585061192512512e-01,4.959126561880111694e-02,7.840149104595184326e-03,1.311455070972442627e-01,-5.873830616474151611e-02
1.283678770065307617e+00,1.087596535682678223e+00,1.416574001312255859e+00,9.514488577842712402e-01,1.460594415664672852e+00,1.101542711257934570e+00,1.206726908683776855e+00,8.120658397674560547e-01,1.193235993385314941e+00,1.403396248817443848e+00,9.647742509841918945e-01,1.092474341392517090e+00,1.119886398315429688e+00,1.455991744995117188e+00,4.173997640609741211e-01,1.211988210678100586e+00,7.083030343055725098e-01,1.013780474662780762e+00,6.822623014450073242e-01,1.087296962738037109e+00
1.594707250595092773e+00,8.390738368034362793e-01,1.175304889678955078e+00,1.159518599510192871e+00,1.256457090377807617e+00,7.371128797531127930e-01,5.779559612274169922e-01,7.896763682365417480e-01,1.349320888519287109e+00,9.702033400535583496e-01,1.411810159683227539e+00,1.034481644630432129e+00,1.080271601676940918e+00,1.661525726318359375e+00,7.364424467086791992e-01,1.086969017982482910e+00,9.414723515510559082e-01,1.303148150444030762e+00,6.585369110107421875e-01,1.242451071739196777e+00
1.251903533935546875e+00,6.937429308891296387e-01,1.368068695068359375e+00,1.109655618667602539e+00,1.250829339027404785e+00,1.167341828346252441e+00,9.443470835685729980e-01,9.534463882446289062e-01,1.024849414825439453e+00,1.340288519859313965e+00,1.072601914405822754e+00,1.065699219703674316e+00,1.302949547767639160e+00,1.320917606353759766e+00,7.159470915794372559e-01,9.590921998023986816e-01,9.004418849945068359e-01,1.191268801689147949e+00,1.002740263938903809e+00,1.050703167915344238e+00
-9.896305203437805176e-01,-9.266720414161682129e-01,-1.040249586105346680e+00,-1.169952034950256348e+00,-1.146353721618652344e+00,-8.135730028152465820e-01,-8.836598992347717285e-01,-1.232539296150207520e+00,-8.461424708366394043e-01,-1.386154651641845703e+00,-1.108942270278930664e+00,-1.493407607078552246e+00,-1.070017576217651367e+00,-9.017748832702636719e-01,-1.454690337181091309e+00,-1.081999182701110840e+00,-8.522642254829406738e-01,-9.529392123222351074e-01,-1.074403882026672363e+00,-1.192614793777465820e+00
-1.063096284866333008e+00,-1.165548205375671387e+00,-1.239542841911315918e+00,-1.002125501632690430e+00,-1.112985730171203613e+00,-7.045056819915771484e-01,-1.122417449951171875e+00,-1.324348688125610352e+00,-1.157809376716613770e+00,-1.315902829170227051e+00,-1.074012279510498047e+00,-1.117792367935180664e+00,-1.161636948585510254e+00,-1.021499276161193848e+00,-1.342249035835266113e+00,-1.088536262512207031e+00,-1.232203364372253418e+00,-1.229756236076354980e+00,-8.895200490951538086e-01,-7.300853729248046875e-01
-9.399161338806152344e-01,-1.044571876525878906e+00,-8.892682790756225586e-01,-9.354361891746520996e-01,-1.269158840179443359e+00,-6.911051869392395020e-01,-7.117005586624145508e-01,-6.982588768005371094e-01,-9.159294962882995605e-01,-1.138370037078857422e+00,-1.134187459945678711e+00,-1.171654462814331055e+00,-1.078856706619262695e+00,-8.522865176200866699e-01,-1.199939370155334473e+00,-1.127004623413085938e+00,-7.336667180061340332e-01,-5.560521483421325684e-01,-1.123225688934326172e+00,-1.042192101478576660e+00
-1.026226520538330078e+00,-1.084181308746337891e+00,-9.905436635017395020e-01,-8.852185606956481934e-01,-1.305079817771911621e+00,-8.309032320976257324e-01,-8.473100662231445312e-01,-9.025302529335021973e-01,-7.896815538406372070e-01,-9.418673515319824219e-01,-1.195386528968811035e+00,-7.471827268600463867e-01,-1.262713432312011719e+00,-7.886204123497009277e-01,-8.305634260177612305e-01,-1.192239999771118164e+00,-1.154752135276794434e+00,-1.074191808700561523e+00,-1.164523720741271973e+00,-1.057153224945068359e+00
1.088980317115783691e+00,9.779214262962341309e-01,8.921090960502624512e-01,1.076720714569091797e+00,9.552295804023742676e-01,1.157306790351867676e+00,6.656854152679443359e-01,1.105733871459960938e+00,9.854256510734558105e-01,8.058466911315917969e-01,1.079517960548400879e+00,1.041020631790161133e+00,5.959962010383605957e-01,7.734273076057434082e-01,6.532156467437744141e-01,7.035871744155883789e-01,9.929159879684448242e-01,9.667336940765380859e-01,6.577110290527343750e-01,1.158862948417663574e+00
-1.025840044021606445e+00,-1.005319476127624512e+00,-6.241723299026489258e-01,-7.829530835151672363e-01,-9.793869256973266602e-01,-1.011978030204772949e+00,-1.110236287117004395e+00,-9.390774369239807129e-01,-8.473529815673828125e-01,-9.507195353507995605e-01,-1.224445581436157227e+00,-9.931102395057678223e-01,-1.113323450088500977e+00,-1.058222174644470215e+00,-1.053769230842590332e+00,-8.353382349014282227e-01,-9.907389283180236816e-01,-1.296371459960937500e+00,-7.582820653915405273e-01,-1.046895503997802734e+00
-7.607563138008117676e-01,-1.013583540916442871e+00,-4.275576770305633545e-01,-1.072198271751403809e+00,-7.955869436264038086e-01,-1.051824450492858887e+00,-1.265647530555725098e+00,-1.118814229965209961e+00,-9.896803498268127441e-01,-8.611466288566589355e-01,-1.293782234191894531e+00,-9.492766857147216797e-01,-1.019735217094421387e+00,-1.120466828346252441e+00,-1.497999429702758789e+00,-9.348998665809631348e-01,-1.110535264015197754e+00,-1.135304570198059082e+00,-1.100944757461547852e+00,-9.130484461784362793e-01
1.434415102005004883e+00,1.039611697196960449e+00,1.198165774345397949e+00,9.957352280616760254e-01,9.202687144279479980e-01,1.088572621345520020e+00,9.576221108436584473e-01,9.258864521980285645e-01,1.206970334053039551e+00,1.180436253547668457e+00,9.929001331329345703e-01,9.128042459487915039e-01,1.331490159034729004e+00,1.131806373596191406e+00,8.356660008430480957e-01,1.177443504333496094e+00,9.720250368118286133e-01,9.728808403015136719e-01,9.640274047851562500e-01,8.937865495681762695e-01
-9.922326803207397461e-01,-1.045119404792785645e+00,-1.072339057922363281e+00,-1.147049427032470703e+00,-1.182179570198059082e+00,-1.041073441505432129e+00,-1.314357042312622070e+00,-1.143423199653625488e+00,-7.946211099624633789e-01,-7.831679582595825195e-01,-1.068255662918090820e+00,-1.113039135932922363e+00,-9.536250829696655273e-01,-9.331989288330078125e-01,-1.631696820259094238e+00,-1.095014572143554688e+00,-1.144146561622619629e+00,-1.017242074012756348e+00,-1.162573456764221191e+00,-1.301750302314758301e+00
-1.061857938766479492e+00,-9.482729434967041016e-01,-8.355054855346679688e-01,-8.778677582740783691e-01,-1.340333223342895508e+00,-1.039287686347961426e+00,-9.868799448013305664e-01,-1.079907894134521484e+00,-1.157365798950195312e+00,-1.024653911590576172e+00,-1.027227759361267090e+00,-1.025961041450500488e+00,-1.152733922004699707e+00,-7.892892956733703613e-01,-1.202978968620300293e+00,-8.564387559890747070e-01,-7.959634065628051758e-01,-1.062707304954528809e+00,-1.156134366989135742e+00,-1.256221652030944824e+00
-1.031732678413391113e+00,-9.049109220504760742e-01,-9.207195639610290527e-01,-1.441793680191040039e+00,-1.194810509681701660e+00,-8.544119000434875488e-01,-1.269456028938293457e+00,-1.054851651191711426e+00,-8.343323469161987305e-01,-1.294301629066467285e+00,-1.053900480270385742e+00,-7.777598500251770020e-01,-1.484381556510925293e+00,-8.532013893127441406e-01,-9.634763598442077637e-01,-7.656415104866027832e-01,-9.932496547698974609e-01,-9.892491698265075684e-01,-9.889584779739379883e-01,-9.166174530982971191e-01
-9.126235246658325195e-01,-1.198797345161437988e+00,-9.364582896232604980e-01,-1.067628502845764160e+00,-8.856721520423889160e-01,-1.061336874961853027e+00,-7.270333766937255859e-01,-1.136109352111816406e+00,-9.309247732162475586e-01,-1.014473915100097656e+00,-1.185996174812316895e+00,-9.036388397216796875e-01,-1.087167739868164062e+00,-1.072568655014038086e+00,-1.087805867195129395e+00,-9.216257929801940918e-01,-8.777838349342346191e-01,-1.267122030258178711e+00,-9.377591013908386230e-01,-7.572831511497497559e-01
-1.309237957000732422e+00,-1.348151445388793945e+00,-9.753074049949645996e-01,-9.966789484024047852e-01,-9.568618535995483398e-01,-7.220790386199951172e-01,-1.027891635894775391e+00,-1.098703980445861816e+00,-9.641403555870056152e-01,-1.069235682487487793e+00,-1.136724233627319336e+00,-1.255784034729003906e+00,-1.458474755287170410e+00,-6.657587289810180664e-01,-1.034073472023010254e+00,-1.177141785621643066e+00,-1.445584058761596680e+00,-9.852176904678344727e-01,-1.018444180488586426e+00,-1.170111536979675293e+00
-1.069392800331115723e+00,-7.999179363250732422e-01,-8.178388476371765137e-01,-6.507659554481506348e-01,-1.064541816711425781e+00,-7.770926356315612793e-01,-1.047879576683044434e+00,-1.269306063652038574e+00,-9.760891795158386230e-01,-1.026030421257019043e+00,-1.285391926765441895e+00,-1.061064958572387695e+00,-1.057940602302551270e+00,-7.480636835098266602e-01,-1.318700313568115234e+00,-1.155529022216796875e+00,-9.065814018249511719e-01,-1.104455351829528809e+00,-1.058727502822875977e+00,-8.193555474281311035e-01
5.832895040512084961e-01,5.943464636802673340e-01,5.527349710464477539e-01,1.388150602579116821e-01,4.405184984207153320e-01,4.802486300468444824e-01,3.368586599826812744e-01,3.784986436367034912e-01,3.347901403903961182e-01,1.875146031379699707e-01,2.972080409526824951e-01,3.230704963207244873e-01,3.421705067157745361e-01,4.796140789985656738e-01,3.429423570632934570e-01,5.407279133796691895e-01,6.579155325889587402e-01,3.402085602283477783e-01,2.716772556304931641e-01,3.323038518428802490e-01
-7.548391222953796387e-01,-8.126717209815979004e-01,-7.123681306838989258e-01,-7.169575095176696777e-01,-8.840034604072570801e-01,-9.394801855087280273e-01,-8.558376431465148926e-01,-9.851607084274291992e-01,-1.080810308456420898e+00,-9.114466309547424316e-01,-1.116392850875854492e+00,-8.342592716217041016e-01,-1.191593408584594727e+00,-9.140695333480834961e-01,-1.166105389595031738e+00,-1.032991647720336914e+00,-9.568634629249572754e-01,-9.626315236091613770e-01,-9.596600532531738281e-01,-7.632808089256286621e-01
-1.172338962554931641e+00,-8.579819798469543457e-01,-8.289578557014465332e-01,-7.300388813018798828e-01,-7.847656011581420898e-01,-8.513357639312744141e-01,-9.908619523048400879e-01,-1.449513673782348633e+00,-9.636363983154296875e-01,-1.035898089408874512e+00,-1.257295608520507812e+00,-1.041424989700317383e+00,-1.352521300315856934e+00,-1.174398183822631836e+00,-1.035673975944519043e+00,-1.177296161651611328e+00,-1.065100312232971191e+00,-1.151456356048583984e+00,-1.011814236640930176e+00,-1.029878377914428711e+00
-1.284150838851928711e+00,-9.458488821983337402e-01,-9.161698222160339355e-01,-9.646657705307006836e-01,-1.072429656982421875e+00,-9.432481527328491211e-01,-9.102746844291687012e-01,-1.241955995559692383e+00,-9.898260831832885742e-01,-1.095765352249145508e+00,-1.277952194213867188e+00,-5.874975323677062988e-01,-1.088658809661865234e+00,-1.026081800460815430e+00,-1.294845819473266602e+00,-8.198378682136535645e-01,-1.021946072578430176e+00,-1.246291041374206543e+00,-1.213641643524169922e+00,-8.050531148910522461e-01
1.328164577484130859e+00,1.090407967567443848e+00,1.176536202430725098e+00,1.223969459533691406e+00,1.052522301673889160e+00,1.206105113029479980e+00,9.905005097389221191e-01,9.931684136390686035e-01,1.091430425643920898e+00,1.111992835998535156e+00,8.428586125373840332e-01,1.191169977188110352e+00,8.316599130630493164e-01,1.492515802383422852e+00,1.100300431251525879e+00,1.203134179115295410e+00,1.175780296325683594e+00,1.038888573646545410e+00,1.385430097579956055e+00,1.358885645866394043e+00
-4.833624958992004395e-01,-1.165670394897460938e+00,-1.047043919563293457e+00,-7.890786528587341309e-01,-1.227759957313537598e+00,-4.510005712509155273e-01,-1.181032538414001465e+00,-1.395170450210571289e+00,-9.847552180290222168e-01,-1.188853144645690918e+00,-1.118393659591674805e+00,-1.419855833053588867e+00,-1.146199464797973633e+00,-5.233479142189025879e-01,-1.049695134162902832e+00,-1.430234551429748535e+00,-1.114484548568725586e+00,-8.715205788612365723e-01,-9.694256186485290527e-01,-9.490820169448852539e-01
1.155351042747497559e+00,1.095642805099487305e+00,9.429770112037658691e-01,7.853456139564514160e-01,8.051603436470031738e-01,8.986495137214660645e-01,1.269923090934753418e+00,8.580035567283630371e-01,7.502228617668151855e-01,1.430365324020385742e+00,9.368605017662048340e-01,8.863384723663330078e-01,1.197245836257934570e+00,9.756561517715454102e-01,7.838389277458190918e-01,1.339149236679077148e+00,8.520298600196838379e-01,9.415953755378723145e-01,7.154839038848876953e-01,1.203201174736022949e+00
1.239128589630126953e+00,7.849358916282653809e-01,1.358770012855529785e+00,1.219728708267211914e+00,9.965093731880187988e-01,1.072898507118225098e+00,1.130720376968383789e+00,8.173854947090148926e-01,1.281183958053588867e+00,1.268033623695373535e+00,1.331476449966430664e+00,1.040606141090393066e+00,9.804699420928955078e-01,1.309225797653198242e+00,1.011987686157226562e+00,1.266626596450805664e+00,1.221894264221191406e+00,7.224760055541992188e-01,1.330359220504760742e+00,1.057474493980407715e+00
1.436908483505249023e+00,9.567312002182006836e-01,7.584014534950256348e-01,1.020388245582580566e+00,1.208652257919311523e+00,1.189403295516967773e+00,1.248195767402648926e+00,6.838573813438415527e-01,1.064085364341735840e+00,1.134901642799377441e+00,1.060405015945434570e+00,1.241391420364379883e+00,9.852305650711059570e-01,7.404392957687377930e-01,1.685001850128173828e+00,9.275807142257690430e-01,1.107898950576782227e+00,7.588891386985778809e-01,1.266744136810302734e+00,1.446262478828430176e+00
-1.059627652168273926e+00,-8.910859227180480957e-01,-9.709745049476623535e-01,-7.268354892730712891e-01,-1.101556777954101562e+00,-1.170511364936828613e+00,-6.997370719909667969e-01,-1.207080245018005371e+00,-5.214411020278930664e-01,-9.618135094642639160e-01,-1.029497861862182617e+00,-1.224946022033691406e+00,-1.149793148040771484e+00,-9.765509366989135742e-01,-1.447202801704406738e+00,-9.882254600524902344e-01,-9.711753129959106445e-01,-9.123395681381225586e-01,-1.106337666511535645e+00,-1.201736927032470703e+00
1.469221115112304688e+00,9.725773930549621582e-01,1.461503505706787109e+00,1.232650399208068848e+00,1.380653142929077148e+00,9.649718403816223145e-01,1.428569197654724121e+00,7.041627168655395508e-01,1.180086970329284668e+00,9.800888895988464355e-01,1.147929549217224121e+00,8.963746428489685059e-01,7.232806682586669922e-01,1.493801355361938477e+00,7.987388372421264648e-01,1.033648848533630371e+00,8.831211924552917480e-01,1.269872903823852539e+00,8.868047595024108887e-01,1.371903181076049805e+00
8.961524367332458496e-01,1.011891365051269531e+00,1.150550007820129395e+00,6.674477458000183105e-01,8.591385483741760254e-01,1.142196178436279297e+00,8.626697659492492676e-01,9.731292724609375000e-01,1.371906876564025879e+00,1.018259048461914062e+00,9.567339420318603516e-01,1.058435440063476562e+00,8.258246183395385742e-01,1.297615528106689453e+00,5.374009609222412109e-01,1.065689802169799805e+00,6.616717576980590820e-01,9.043127894401550293e-01,9.779119491577148438e-01,1.080023765563964844e+00
1.088311076164245605e+00,1.021914005279541016e+00,1.013184666633605957e+00,7.298148870468139648e-01,9.109197854995727539e-01,1.152521848678588867e+00,8.988423347473144531e-01,9.866967797279357910e-01,1.180806040763854980e+00,1.212081074714660645e+00,1.326272249221801758e+00,9.798481464385986328e-01,1.095668792724609375e+00,1.420344352722167969e+00,1.030288219451904297e+00,9.776782393455505371e-01,9.077605605125427246e-01,1.292582035064697266e+00,1.054677724838256836e+00,7.368653416633605957e-01
-9.192417860031127930e-01,-8.360652923583984375e-01,-9.302986264228820801e-01,-9.133621454238891602e-01,-8.633083701133728027e-01,-8.244341015815734863e-01,-9.543045759201049805e-01,-8.739807605743408203e-01,-8.652096986770629883e-01,-1.061350584030151367e+00,-1.073299169540405273e+00,-9.129812121391296387e-01,-8.361646533012390137e-01,-9.819938540458679199e-01,-9.280458092689514160e-01,-1.125080466270446777e+00,-1.212394595146179199e+00,-8.897361755371093750e-01,-1.165440082550048828e+00,-8.882865905761718750e-01
1.480710506439208984e+00,1.344477176666259766e+00,8.992490768432617188e-01,1.283968091011047363e+00,8.840994834899902344e-01,1.236077308654785156e+00,1.639121413230895996e+00,1.274901390075683594e+00,1.301144242286682129e+00,8.812488913536071777e-01,9.504410028457641602e-01,8.124579787254333496e-01,1.163138508796691895e+00,1.114963054656982422e+00,1.147561550140380859e+00,7.815081477165222168e-01,9.529665112495422363e-01,1.379023075103759766e+00,1.079297304153442383e+00,1.092578649520874023e+00
1.169949293136596680e+00,7.049747705459594727e-01,1.113022804260253906e+00,9.965968728065490723e-01,8.137947320938110352e-01,9.853933453559875488e-01,1.056722044944763184e+00,9.864674210548400879e-01,1.263324260711669922e+00,6.411015391349792480e-01,1.225801348686218262e+00,9.589061737060546875e-01,1.155434370040893555e+00,1.496333122253417969e+00,1.066732883453369141e+00,1.123777627944946289e+00,8.333180546760559082e-01,1.244196653366088867e+00,9.725704789161682129e-01,9.768141508102416992e-01
-9.127678871154785156e-01,-6.713875532150268555e-01,-1.107504606246948242e+00,-1.151154160499572754e+00,-9.994000196456909180e-01,-7.266217470169067383e-01,-9.876804947853088379e-01,-1.123052358627319336e+00,-6.325678825378417969e-01,-9.225206971168518066e-01,-1.226291060447692871e+00,-1.139424085617065430e+00,-1.192011713981628418e+00,-7.678984403610229492e-01,-1.101448535919189453e+00,-8.878495693206787109e-01,-1.112973690032958984e+00,-1.004813671112060547e+00,-9.094540476799011230e-01,-1.205859065055847168e+00
-1.352737903594970703e+00,-1.424531221389770508e+00,-9.341002702713012695e-01,-1.261255502700805664e+00,-1.039294958114624023e+00,-8.521060943603515625e-01,-6.595914363861083984e-01,-8.082797527313232422e-01,-1.298472642898559570e+00,-9.828290939331054688e-01,-9.606059193611145020e-01,-5.216578245162963867e-01,-8.168034553527832031e-01,-5.809110403060913086e-01,-7.923582196235656738e-01,-1.242466926574707031e+00,-9.282063841819763184e-01,-1.314870476722717285e+00,-1.182482600212097168e+00,-6.631916165351867676e-01
-1.112501144409179688e+00,-8.035106062889099121e-01,-9.437906146049499512e-01,-9.483984112739562988e-01,-1.002810120582580566e+00,-9.439210295677185059e-01,-1.220776557922363281e+00,-1.234935522079467773e+00,-8.326494097709655762e-01,-1.142955422401428223e+00,-1.115943551063537598e+00,-1.035499811172485352e+00,-1.257193207740783691e+00,-9.163159132003784180e-01,-1.152899742126464844e+00,-8.773465156555175781e-01,-1.014144301414489746e+00,-8.791528344154357910e-01,-9.845899343490600586e-01,-7.799274921417236328e-01
9.318340420722961426e-01,6.336423158645629883e-01,8.664504289627075195e-01,1.228774666786193848e+00,6.190890073776245117e-01,8.233051300048828125e-01,1.100543618202209473e+00,1.028133869171142578e+00,8.070024251937866211e-01,1.074219822883605957e+00,1.104558706283569336e+00,1.064932107925415039e+00,9.744502902030944824e-01,1.424913167953491211e+00,1.031593561172485352e+00,1.045076608657836914e+00,8.741601705551147461e-01,9.831350445747375488e-01,1.043007731437683105e+00,9.244181513786315918e-01
1.022671937942504883e+00,6.111678481101989746e-01,1.080060958862304688e+00,9.867952466011047363e-01,1.403861880302429199e+00,1.445438385009765625e+00,9.657059311866760254e-01,7.414242029190063477e-01,8.933469057083129883e-01,8.418463468551635742e-01,1.369367122650146484e+00,9.921900629997253418e-01,1.206107497215270996e+00,1.083578109741210938e+00,1.123184204101562500e+00,1.348995208740234375e+00,1.472357511520385742e+00,1.383777618408203125e+00,9.632283449172973633e-01,9.958552122116088867e-01
1.387896418571472168e+00,1.064280033111572266e+00,1.547766208648681641e+00,1.372281074523925781e+00,1.121495127677917480e+00,6.829039454460144043e-01,1.257844090461730957e+00,9.981289505958557129e-01,1.291889905929565430e+00,1.151755809783935547e+00,1.197350025177001953e+00,1.022819042205810547e+00,9.840574264526367188e-01,1.434720993041992188e+00,9.114612340927124023e-01,1.031431317329406738e+00,1.008494734764099121e+00,1.021746873855590820e+00,9.577490091323852539e-01,9.122909903526306152e-01
-8.895747661590576172e-01,-1.043830752372741699e+00,-8.135553598403930664e-01,-9.306240677833557129e-01,-9.668843746185302734e-01,-1.019512057304382324e+00,-7.876895070075988770e-01,-1.254801034927368164e+00,-1.191223502159118652e+00,-8.819818496704101562e-01,-1.193281054496765137e+00,-1.014150261878967285e+00,-8.791974782943725586e-01,-1.039922237396240234e+00,-1.409949302673339844e+00,-7.265381217002868652e-01,-9.792330861091613770e-01,-9.238404035568237305e-01,-1.036967277526855469e+00,-9.540672302246093750e-01
-1.139840841293334961e+00,-1.100823163986206055e+00,-1.214172124862670898e+00,-8.566131591796875000e-01,-1.164010167121887207e+00,-8.740244507789611816e-01,-8.589576482772827148e-01,-7.942023873329162598e-01,-1.035522699356079102e+00,-9.392580389976501465e-01,-1.128785133361816406e+00,-9.792608022689819336e-01,-1.402442812919616699e+00,-9.030638933181762695e-01,-1.193006873130798340e+00,-1.176955580711364746e+00,-1.079190611839294434e+00,-1.065849184989929199e+00,-1.099096894264221191e+00,-1.173632740974426270e+00
-9.814326763153076172e-01,-1.113979101181030273e+00,-8.098654150962829590e-01,-1.031523823738098145e+00,-1.037486076354980469e+00,-8.087642192840576172e-01,-9.496707916259765625e-01,-9.789804816246032715e-01,-7.974209785461425781e-01,-1.233601331710815430e+00,-9.330718517303466797e-01,-9.554883241653442383e-01,-1.248423337936401367e+00,-9.914301037788391113e-01,-1.271474361419677734e+00,-1.206823945045471191e+00,-1.248421549797058105e+00,-1.317146897315979004e+00,-1.080205321311950684e+00,-1.311402201652526855e+00
-1.172811150550842285e+00,-7.611743211746215820e-01,-6.893399953842163086e-01,-1.084437489509582520e+00,-1.073777675628662109e+00,-8.536185622215270996e-01,-9.470192193984985352e-01,-1.154428362846374512e+00,-9.915362596511840820e-01,-9.557173848152160645e-01,-1.067216515541076660e+00,-8.752477765083312988e-01,-8.031873703002929688e-01,-1.042858004570007324e+00,-1.416594624519348145e+00,-9.295071959495544434e-01,-1.274557471275329590e+00,-8.651235699653625488e-01,-8.533417582511901855e-01,-1.286614894866943359e+00
1.496582150459289551e+00,1.090848922729492188e+00,8.907189369201660156e-01,1.089872241020202637e+00,1.181103706359863281e+00,8.251097798347473145e-01,9.308983087539672852e-01,7.982905507087707520e-01,1.087250828742980957e+00,1.367376327514648438e+00,7.086033225059509277e-01,1.086633205413818359e+00,1.184804558753967285e+00,1.441112518310546875e+00,7.574399113655090332e-01,1.041245460510253906e+00,9.123032093048095703e-01,8.591369986534118652e-01,9.282999038696289062e-01,9.224069714546203613e-01
-1.101660609245300293e+00,-7.828401327133178711e-01,-1.073571443557739258e+00,-8.965179324150085449e-01,-8.982925415039062500e-01,-9.245839715003967285e-01,-1.006417155265808105e+00,-1.072678685188293457e+00,-6.933736205101013184e-01,-1.138602495193481445e+00,-9.499657750129699707e-01,-9.774739742279052734e-01,-8.771907091140747070e-01,-7.738106250762939453e-01,-1.240827798843383789e+00,-1.049933314323425293e+00,-1.068991899490356445e+00,-7.119816541671752930e-01,-8.775072097778320312e-01,-1.130414485931396484e+00
1.296699166297912598e+00,8.677543401718139648e-01,8.312846422195434570e-01,1.128868937492370605e+00,1.053072452545166016e+00,1.335095047950744629e+00,8.918590545654296875e-01,1.175772070884704590e+00,1.260304570198059082e+00,1.060504078865051270e+00,1.021304368972778320e+00,1.145127773284912109e+00,5.911951065063476562e-01,8.674658536911010742e-01,1.293070793151855469e+00,1.345281481742858887e+00,8.923816680908203125e-01,8.072849512100219727e-01,1.334884047508239746e+00,1.095112323760986328e+00
-1.149810314178466797e+00,-9.905363917350769043e-01,-7.442950606346130371e-01,-1.014956116676330566e+00,-9.482101202011108398e-01,-9.571305513381958008e-01,-8.804139494895935059e-01,-1.107652544975280762e+00,-1.064142584800720215e+00,-1.007856488227844238e+00,-1.190305113792419434e+00,-9.151725172996520996e-01,-9.283508062362670898e-01,-9.751498699188232422e-01,-1.476706624031066895e+00,-1.059991478919982910e+00,-1.136861562728881836e+00,-1.059570074081420898e+00,-1.140139460563659668e+00,-1.167100310325622559e+00
-1.212694764137268066e+00,-6.977596282958984375e-01,-9.029824733734130859e-01,-6.603894233703613281e-01,-1.002576708793640137e+00,-9.013597965240478516e-01,-8.772938847541809082e-01,-9.679574966430664062e-01,-9.551299214363098145e-01,-1.062306046485900879e+00,-8.875227570533752441e-01,-1.061097145080566406e+00,-1.160476088523864746e+00,-9.259434938430786133e-01,-1.257567882537841797e+00,-9.994162321090698242e-01,-1.110842227935791016e+00,-1.129648327827453613e+00,-1.113052725791931152e+00,-1.170407772064208984e+00
8.577315807342529297e-01,9.965670704841613770e-01,1.300630807876586914e+00,1.023825407028198242e+00,1.272656917572021484e+00,1.529919385910034180e+00,1.230874180793762207e+00,1.142444491386413574e+00,1.250615119934082031e+00,1.155484199523925781e+00,1.148066759109497070e+00,1.057534217834472656e+00,8.605073094367980957e-01,9.624013304710388184e-01,7.485348582267761230e-01,9.907830357551574707e-01,8.039178252220153809e-01,1.075998902320861816e+00,9.536805152893066406e-01,7.019784450531005859e-01
8.296121954917907715e-01,7.755222320556640625e-01,1.230018734931945801e+00,1.076008439064025879e+00,6.802150607109069824e-01,6.912239789962768555e-01,7.692950367927551270e-01,9.903756976127624512e-01,9.522921442985534668e-01,8.497033715248107910e-01,9.436011314392089844e-01,8.660157322883605957e-01,8.666028976440429688e-01,1.017019629478454590e+00,8.183932304382324219e-01,1.043970584869384766e+00,8.747837543487548828e-01,1.000584125518798828e+00,8.797250986099243164e-01,1.248460054397583008e+00
-9.869989752769470215e-01,-8.831557631492614746e-01,-7.477864623069763184e-01,-1.003579497337341309e+00,-8.873488903045654297e-01,-9.235008358955383301e-01,-1.121293425559997559e+00,-1.068510055541992188e+00,-9.977712631225585938e-01,-8.821410536766052246e-01,-1.212216019630432129e+00,-1.015207648277282715e+00,-8.988272547721862793e-01,-7.761018276214599609e-01,-1.486355185508728027e+00,-1.019259572029113770e+00,-9.037228226661682129e-01,-1.079762339591979980e+00,-7.818086743354797363e-01,-1.093221187591552734e+00
1.607681751251220703e+00,1.232957005500793457e+00,1.277038574218750000e+00,1.200438261032104492e+00,7.187421917915344238e-01,1.134101271629333496e+00,9.692235589027404785e-01,9.487159252166748047e-01,1.013971805572509766e+00,1.142744064331054688e+00,1.017403721809387207e+00,1.047002792358398438e+00,8.154565691947937012e-01,1.548884391784667969e+00,1.051497697830200195e+00,9.588478207588195801e-01,1.036084651947021484e+00,1.322578668594360352e+00,1.103857517242431641e+00,1.052930593490600586e+00
-9.673538208007812500e-01,-1.041028976440429688e+00,-8.265098929405212402e-01,-8.506106734275817871e-01,-1.208273649215698242e+00,-8.054165244102478027e-01,-9.384726285934448242e-01,-1.205307126045227051e+00,-1.065940618515014648e+00,-9.096562862396240234e-01,-1.192570328712463379e+00,-8.482996225357055664e-01,-1.094481110572814941e+00,-9.536468982696533203e-01,-1.131948828697204590e+00,-8.128527402877807617e-01,-7.940191030502319336e-01,-8.366140723228454590e-01,-7.223391532897949219e-01,-9.932911396026611328e-01
1.443102359771728516e+00,1.164888024330139160e+00,1.137954235076904297e+00,1.363495349884033203e+00,1.171836733818054199e+00,9.706385135650634766e-01,1.084271073341369629e+00,1.008942008018493652e+00,1.125998735427856445e+00,1.242143750190734863e+00,1.411698102951049805e+00,1.287314295768737793e+00,1.026131749153137207e+00,1.721998572349548340e+00,7.575035095214843750e-01,9.818142056465148926e-01,9.990636706352233887e-01,1.224842429161071777e+00,7.324113845825195312e-01,1.173312306404113770e+00
1.127661108970642090e+00,1.164629459381103516e+00,1.565450191497802734e+00,1.304206490516662598e+00,1.091820001602172852e+00,1.018703937530517578e+00,7.434316873550415039e-01,6.491729617118835449e-01,1.302175045013427734e+00,1.159306049346923828e+00,1.258169412612915039e+00,1.007892251014709473e+00,1.362237572669982910e+00,1.258365154266357422e+00,8.526448011398315430e-01,9.332534670829772949e-01,6.085714101791381836e-01,1.321752667427062988e+00,7.468672394752502441e-01,9.654460549354553223e-01
-8.112090229988098145e-01,-1.137878179550170898e+00,-1.129682421684265137e+00,-9.358161091804504395e-01,-1.366651773452758789e+00,-1.126605391502380371e+00,-1.302119016647338867e+00,-1.179267883300781250e+00,-1.192965388298034668e+00,-1.194828748703002930e+00,-1.211022615432739258e+00,-8.864023089408874512e-01,-1.321453094482421875e+00,-1.023453235626220703e+00,-1.663393616676330566e+00,-1.173755168914794922e+00,-1.236174583435058594e+00,-1.068565487861633301e+00,-1.126747846603393555e+00,-1.114555835723876953e+00
6.066274642944335938e-01,5.078536272048950195e-01,1.198609471321105957e+00,4.075433909893035889e-01,5.218014717102050781e-01,6.591258645057678223e-01,-1.119834184646606445e-01,4.589821994304656982e-01,5.351092815399169922e-01,3.881665170192718506e-01,3.058910965919494629e-01,6.875173449516296387e-01,7.558981180191040039e-01,4.181349873542785645e-01,7.382957339286804199e-01,2.587865889072418213e-01,8.060004711151123047e-01,8.287680149078369141e-01,5.230257511138916016e-01,4.171140789985656738e-01
-7.804840803146362305e-01,-1.276042938232421875e+00,-7.469207048416137695e-01,-1.075779438018798828e+00,-1.169716358184814453e+00,-9.243552684783935547e-01,-9.456821084022521973e-01,-9.416640400886535645e-01,-1.077853560447692871e+00,-9.699510931968688965e-01,-8.445428013801574707e-01,-1.126144886016845703e+00,-7.238368988037109375e-01,-6.703362464904785156e-01,-1.006264090538024902e+00,-8.928816914558410645e-01,-1.054757595062255859e+00,-1.006394863128662109e+00,-8.740773200988769531e-01,-1.187005877494812012e+00
8.123159408569335938e-01,9.341300725936889648e-01,1.030659556388854980e+00,7.533177733421325684e-01,9.943814873695373535e-01,8.730384111404418945e-01,6.883661150932312012e-01,7.295333147048950195e-01,1.019158840179443359e+00,9.419264197349548340e-01,3.661982119083404541e-01,7.907063364982604980e-01,6.936583518981933594e-01,9.718154072761535645e-01,6.607388257980346680e-01,8.996762037277221680e-01,1.165586352348327637e+00,7.985651493072509766e-01,8.926599025726318359e-01,7.746242284774780273e-01
-1.221241474151611328e+00,-6.665950417518615723e-01,-9.769470095634460449e-01,-9.603330492973327637e-01,-1.351579785346984863e+00,-6.016298532485961914e-01,-6.831081509590148926e-01,-5.308675765991210938e-01,-7.400037050247192383e-01,-1.242816567420959473e+00,-1.092234611511230469e+00,-9.681574702262878418e-01,-1.461156249046325684e+00,-1.046203017234802246e+00,-1.369125008583068848e+00,-9.897129535675048828e-01,-9.854421615600585938e-01,-7.478238940238952637e-01,-6.999647021293640137e-01,-8.136085271835327148e-01
-8.955397009849548340e-01,-9.839442968368530273e-01,-1.054282188415527344e+00,-1.032101869583129883e+00,-1.088255763053894043e+00,-6.249198317527770996e-01,-1.281922578811645508e+00,-1.197596549987792969e+00,-1.055441379547119141e+00,-9.567376375198364258e-01,-1.130237936973571777e+00,-8.228569626808166504e-01,-1.195584893226623535e+00,-1.142586231231689453e+00,-1.492082953453063965e+00,-8.508429527282714844e-01,-1.015442490577697754e+00,-8.896275162696838379e-01,-1.018478274345397949e+00,-1.088178515434265137e+00
-9.508849978446960449e-01,-1.028330326080322266e+00,-6.879039406776428223e-01,-7.611938714981079102e-01,-8.094784021377563477e-01,-1.001016259193420410e+00,-6.464504003524780273e-01,-7.717947363853454590e-01,-9.332857131958007812e-01,-8.162978291511535645e-01,-1.131349444389343262e+00,-9.191403985023498535e-01,-1.202486395835876465e+00,-1.207782030105590820e+00,-1.226940870285034180e+00,-8.771027326583862305e-01,-7.026722431182861328e-01,-9.584031701087951660e-01,-7.138698101043701172e-01,-9.971813559532165527e-01
1.321514368057250977e+00,5.943266749382019043e-01,1.028880953788757324e+00,9.016297459602355957e-01,9.093240499496459961e-01,8.499995470046997070e-01,1.167349815368652344e+00,4.342811405658721924e-01,7.208010554313659668e-01,7.350467443466186523e-01,1.043508410453796387e+00,7.345097661018371582e-01,5.569800138473510742e-01,9.987448453903198242e-01,8.111960291862487793e-01,9.848476648330688477e-01,8.845364451408386230e-01,7.675259709358215332e-01,7.763202786445617676e-01,9.348222613334655762e-01
-9.724211096763610840e-01,-8.146271705627441406e-01,-1.058074474334716797e+00,-9.366331696510314941e-01,-1.021579861640930176e+00,-1.077283024787902832e+00,-1.019451975822448730e+00,-1.229862093925476074e+00,-1.015969753265380859e+00,-9.224836826324462891e-01,-1.102545022964477539e+00,-8.346214294433593750e-01,-1.315321564674377441e+00,-8.481996655464172363e-01,-1.225859165191650391e+00,-9.239417910575866699e-01,-1.130199551582336426e+00,-9.167450666427612305e-01,-9.462525248527526855e-01,-1.121590018272399902e+00
-1.062502980232238770e+00,-9.869411587715148926e-01,-1.037596940994262695e+00,-7.422856688499450684e-01,-1.062915802001953125e+00,-1.094905972480773926e+00,-1.022082567214965820e+00,-8.959224820137023926e-01,-9.247992038726806641e-01,-7.180604338645935059e-01,-1.084041833877563477e+00,-1.326192855834960938e+00,-1.235031962394714355e+00,-8.766291737556457520e-01,-1.185313940048217773e+00,-1.075715303421020508e+00,-8.483713865280151367e-01,-1.208621144294738770e+00,-1.045754671096801758e+00,-8.290413022041320801e-01
-1.391610503196716309e+00,-1.035450816154479980e+00,-7.124131321907043457e-01,-1.039803624153137207e+00,-9.981844425201416016e-01,-9.657834172248840332e-01,-1.203541755676269531e+00,-1.181254267692565918e+00,-9.700423479080200195e-01,-1.178908944129943848e+00,-4.975498020648956299e-01,-1.004705071449279785e+00,-1.213702678680419922e+00,-1.240967631340026855e+00,-1.241079092025756836e+00,-1.140810728073120117e+00,-9.757263064384460449e-01,-1.166601896286010742e+00,-7.776554822921752930e-01,-7.406964898109436035e-01
1.144712090492248535e+00,7.996770739555358887e-01,1.300806760787963867e+00,1.289963960647583008e+00,1.177248835563659668e+00,1.166943907737731934e+00,1.212056040763854980e+00,1.167042016983032227e+00,1.208535313606262207e+00,9.777111411094665527e-01,9.241161942481994629e-01,1.137538194656372070e+00,8.895236849784851074e-01,8.905726075172424316e-01,1.224727272987365723e+00,1.005933284759521484e+00,1.307081937789916992e+00,8.296873569488525391e-01,1.184371471405029297e+00,1.127100110054016113e+00
1.342299461364746094e+00,1.089692592620849609e+00,1.381206631660461426e+00,1.530730366706848145e+00,8.843481540679931641e-01,1.169916152954101562e+00,1.272767305374145508e+00,1.330070972442626953e+00,9.918514490127563477e-01,1.233768582344055176e+00,8.890666961669921875e-01,1.151519775390625000e+00,9.410206675529479980e-01,1.210987925529479980e+00,9.490280747413635254e-01,1.455456256866455078e+00,1.216856956481933594e+00,1.170013427734375000e+00,1.263391971588134766e+00,8.954756855964660645e-01
9.362664818763732910e-01,9.025687575340270996e-01,1.113731980323791504e+00,1.086952686309814453e+00,1.132022142410278320e+00,9.715788364410400391e-01,1.188862800598144531e+00,9.739594459533691406e-01,1.051020383834838867e+00,1.041765809059143066e+00,1.170402646064758301e+00,1.127340316772460938e+00,5.380530357360839844e-01,9.588456749916076660e-01,6.101515889167785645e-01,9.925852417945861816e-01,1.078570604324340820e+00,1.337816357612609863e+00,9.208579659461975098e-01,8.023630380630493164e-01
9.350463747978210449e-01,9.326882958412170410e-01,1.209092259407043457e+00,1.042068600654602051e+00,7.063479423522949219e-01,9.971880912780761719e-01,1.054480314254760742e+00,1.018794894218444824e+00,9.103205800056457520e-01,1.166274189949035645e+00,8.238474130630493164e-01,8.699085712432861328e-01,7.756354212760925293e-01,1.072012305259704590e+00,4.631243646144866943e-01,1.045595884323120117e+00,9.836752414703369141e-01,1.073236823081970215e+00,9.590580463409423828e-01,1.083953976631164551e+00
1.405416011810302734e+00,1.078898549079895020e+00,8.906076550483703613e-01,7.886428236961364746e-01,1.228917002677917480e+00,1.174815535545349121e+00,1.129739761352539062e+00,5.955348610877990723e-01,1.279328584671020508e+00,9.051756858825683594e-01,1.340210795402526855e+00,1.066396951675415039e+00,1.063141703605651855e+00,1.600806832313537598e+00,1.084401607513427734e+00,1.140899419784545898e+00,1.450969696044921875e+00,1.444167375564575195e+00,8.777379393577575684e-01,1.108136653900146484e+00
1.296571016311645508e+00,7.110429406166076660e-01,1.118001103401184082e+00,1.082220554351806641e+00,1.298149824142456055e+00,1.008060932159423828e+00,1.360251665115356445e+00,1.039767861366271973e+00,1.056052446365356445e+00,1.286374807357788086e+00,1.238818526268005371e+00,9.605647325515747070e-01,1.373271226882934570e+00,1.313171625137329102e+00,1.052547693252563477e+00,9.961142539978027344e-01,1.519315958023071289e+00,1.368946433067321777e+00,1.217353105545043945e+00,1.220845103263854980e+00
9.206874966621398926e-01,9.953162670135498047e-01,1.487233519554138184e+00,1.063482522964477539e+00,1.450283169746398926e+00,1.224346399307250977e+00,1.172513246536254883e+00,6.456469297409057617e-01,1.166566133499145508e+00,1.384851336479187012e+00,1.022477149963378906e+00,1.167565107345581055e+00,8.147290945053100586e-01,1.224086642265319824e+00,7.310175895690917969e-01,1.227292895317077637e+00,6.898683309555053711e-01,1.103469133377075195e+00,1.038986921310424805e+00,1.008517265319824219e+00
1.251562833786010742e+00,9.074481129646301270e-01,1.283432126045227051e+00,1.390896320343017578e+00,1.434882521629333496e+00,1.145153880119323730e+00,7.625598311424255371e-01,9.895250797271728516e-01,8.600433468818664551e-01,1.084576845169067383e+00,7.015426754951477051e-01,9.459065198898315430e-01,1.100073218345642090e+00,1.094449996948242188e+00,9.811154603958129883e-01,1.019460082054138184e+00,7.996532320976257324e-01,1.349064230918884277e+00,1.170678138732910156e+00,1.035824298858642578e+00
6.737495660781860352e-01,9.270470142364501953e-01,9.521961808204650879e-01,4.610896408557891846e-01,8.445690274238586426e-01,7.393451929092407227e-01,6.488451957702636719e-01,7.487603425979614258e-01,7.739256620407104492e-01,6.320446133613586426e-01,6.635788679122924805e-01,5.465091466903686523e-01,6.605663299560546875e-01,6.144998669624328613e-01,8.310523033142089844e-01,8.067708015441894531e-01,8.570687770843505859e-01,7.739526629447937012e-01,8.277291059494018555e-01,6.648011803627014160e-01
-9.749007225036621094e-01,-8.734931945800781250e-01,-1.010283589363098145e+00,-9.533632993698120117e-01,-1.112478256225585938e+00,-9.161708950996398926e-01,-9.003869295120239258e-01,-9.116923809051513672e-01,-1.158704042434692383e+00,-1.054352283477783203e+00,-1.227769494056701660e+00,-1.142485260963439941e+00,-9.688890576362609863e-01,-8.350823521614074707e-01,-1.250295281410217285e+00,-1.098400235176086426e+00,-9.860955476760864258e-01,-1.053160905838012695e+00,-9.772651195526123047e-01,-8.369397521018981934e-01
1.418721795082092285e+00,9.162167310714721680e-01,1.066060900688171387e+00,1.355563998222351074e+00,1.158157110214233398e+00,1.169100284576416016e+00,1.029602766036987305e+00,8.283877372741699219e-01,1.143496274948120117e+00,1.116715908050537109e+00,9.508568644523620605e-01,1.142663359642028809e+00,1.154239416122436523e+00,1.638440132141113281e+00,8.450472950935363770e-01,1.145503520965576172e+00,1.126436948776245117e+00,1.047004103660583496e+00,7.144719362258911133e-01,1.043060660362243652e+00
1.191650748252868652e+00,8.877950310707092285e-01,1.164997696876525879e+00,1.137252330780029297e+00,1.169059872627258301e+00,9.321577548980712891e-01,1.490597486495971680e+00,1.009717702865600586e+00,1.057854890823364258e+00,9.495730996131896973e-01,8.585039973258972168e-01,1.260860204696655273e+00,9.446371793746948242e-01,9.757388830184936523e-01,9.494277238845825195e-01,8.553970456123352051e-01,1.179878354072570801e+00,1.236503958702087402e+00,9.001753330230712891e-01,8.587788343429565430e-01
-9.036844372749328613e-01,-9.359973073005676270e-01,-8.787756562232971191e-01,-1.014833211898803711e+00,-1.066339254379272461e+00,-7.852300405502319336e-01,-8.721437454223632812e-01,-1.188971757888793945e+00,-8.321626782417297363e-01,-9.796655774116516113e-01,-9.948835372924804688e-01,-9.040697216987609863e-01,-1.179833769798278809e+00,-8.637527823448181152e-01,-1.296176910400390625e+00,-1.359497427940368652e+00,-1.073326110839843750e+00,-9.678804874420166016e-01,-8.757014274597167969e-01,-1.211967706680297852e+00
1.375314354896545410e+00,1.160567522048950195e+00,1.069803714752197266e+00,1.314666748046875000e+00,1.096086978912353516e+00,1.318347454071044922e+00,1.128983378410339355e+00,8.072170019149780273e-01,1.442749023437500000e+00,1.013110756874084473e+00,1.091772079467773438e+00,1.422017455101013184e+00,1.216958165168762207e+00,1.434647798538208008e+00,8.591853380203247070e-01,1.116954803466796875e+00,7.443382740020751953e-01,1.316468000411987305e+00,1.018655538558959961e+00,1.305436491966247559e+00
-1.127182960510253906e+00,-7.377166748046875000e-01,-8.284685015678405762e-01,-9.422484636306762695e-01,-1.022340893745422363e+00,-6.539950966835021973e-01,-1.213935852050781250e+00,-1.306062579154968262e+00,-1.046931505203247070e+00,-1.188700318336486816e+00,-1.305987954139709473e+00,-1.240974903106689453e+00,-1.158732056617736816e+00,-8.856135606765747070e-01,-1.549412131309509277e+00,-1.148910880088806152e+00,-1.076054573059082031e+00,-1.206715822219848633e+00,-1.031808257102966309e+00,-1.104211807250976562e+00
-1.290485024452209473e+00,-8.637481927871704102e-01,-8.327437639236450195e-01,-7.752529978752136230e-01,-1.183978796005249023e+00,-9.033394455909729004e-01,-1.273413181304931641e+00,-1.222957372665405273e+00,-1.338834047317504883e+00,-7.350719571113586426e-01,-1.008308410644531250e+00,-9.085509777069091797e-01,-1.098576784133911133e+00,-1.106111764907836914e+00,-1.219599008560180664e+00,-1.054120063781738281e+00,-1.171383738517761230e+00,-1.029524207115173340e+00,-9.093561172485351562e-01,-9.837478399276733398e-01
-7.691367864608764648e-01,-8.597782254219055176e-01,-6.620056033134460449e-01,-1.020691394805908203e+00,-9.886497259140014648e-01,-8.717989921569824219e-01,-8.851365447044372559e-01,-1.052866578102111816e+00,-6.478333473205566406e-01,-9.959703683853149414e-01,-9.570187926292419434e-01,-9.193491935729980469e-01,-1.183572888374328613e+00,-1.381053447723388672e+00,-1.403805017471313477e+00,-1.276580333709716797e+00,-1.096497893333435059e+00,-1.490734338760375977e+00,-9.574433565139770508e-01,-1.205273747444152832e+00
-1.288143873214721680e+00,-1.061686635017395020e+00,-7.798797488212585449e-01,-9.226251244544982910e-01,-1.092357158660888672e+00,-7.327014803886413574e-01,-1.044476747512817383e+00,-1.003128528594970703e+00,-9.414946436882019043e-01,-8.579038381576538086e-01,-1.123205423355102539e+00,-7.124347686767578125e-01,-1.265267133712768555e+00,-7.671167254447937012e-01,-1.129867315292358398e+00,-9.022822976112365723e-01,-1.117830157279968262e+00,-1.467242121696472168e+00,-1.043318152427673340e+00,-1.241733193397521973e+00
1.124318003654479980e+00,1.021615505218505859e+00,1.040159344673156738e+00,9.063894152641296387e-01,8.802317976951599121e-01,1.015436053276062012e+00,1.255314469337463379e+00,5.406641364097595215e-01,1.169386148452758789e+00,8.777443766593933105e-01,1.032065987586975098e+00,1.626391410827636719e+00,1.250270485877990723e+00,1.101203441619873047e+00,8.661775588989257812e-01,1.234590291976928711e+00,1.103701114654541016e+00,7.607718110084533691e-01,1.284528970718383789e+00,1.176804900169372559e+00
8.650900125503540039e-01,6.074308156967163086e-01,1.081570863723754883e+00,8.950815200805664062e-01,1.044922471046447754e+00,1.084959864616394043e+00,9.007069468498229980e-01,6.908644437789916992e-01,1.056546568870544434e+00,1.145302891731262207e+00,1.014764189720153809e+00,1.144301414489746094e+00,6.389877200126647949e-01,8.879507184028625488e-01,1.032665133476257324e+00,1.004358768463134766e+00,1.192922949790954590e+00,6.394823789596557617e-01,1.146699070930480957e+00,6.975435018539428711e-01
-1.024334788322448730e+00,-8.199528455734252930e-01,-1.004160642623901367e+00,-1.165242075920104980e+00,-8.037154674530029297e-01,-9.062595963478088379e-01,-1.023329973220825195e+00,-1.295719265937805176e+00,-8.074652552604675293e-01,-8.193409442901611328e-01,-1.348493933677673340e+00,-1.212989449501037598e+00,-1.120468139648437500e+00,-7.494752407073974609e-01,-1.183620452880859375e+00,-1.213222622871398926e+00,-9.817959666252136230e-01,-1.212838530540466309e+00,-9.688819050788879395e-01,-8.551777005195617676e-01
1.041437268257141113e+00,1.056184530258178711e+00,1.053934931755065918e+00,8.725031614303588867e-01,1.000850081443786621e+00,1.134326100349426270e+00,1.147789955139160156e+00,1.004610538482666016e+00,6.570734977722167969e-01,8.051099777221679688e-01,1.075675725936889648e+00,8.956779837608337402e-01,7.580894827842712402e-01,1.287110686302185059e+00,4.814975559711456299e-01,1.077051401138305664e+00,8.499223589897155762e-01,7.871680855751037598e-01,7.697889208793640137e-01,7.540842294692993164e-01
1.478335618972778320e+00,9.858883619308471680e-01,1.065755605697631836e+00,7.612013816833496094e-01,1.459696531295776367e+00,1.354247689247131348e+00,1.202458858489990234e+00,1.283445358276367188e+00,1.303970813751220703e+00,9.926256537437438965e-01,8.884598612785339355e-01,1.140615820884704590e+00,1.288138389587402344e+00,1.285960078239440918e+00,1.008612513542175293e+00,1.131084799766540527e+00,1.049517512321472168e+00,8.345549702644348145e-01,1.031742095947265625e+00,1.061112046241760254e+00
-9.779585003852844238e-01,-8.694336414337158203e-01,-8.583905100822448730e-01,-9.997133016586303711e-01,-9.511810541152954102e-01,-9.857708215713500977e-01,-1.018472671508789062e+00,-1.055665373802185059e+00,-7.763461470603942871e-01,-1.172855019569396973e+00,-8.290979862213134766e-01,-1.125498652458190918e+00,-1.091900467872619629e+00,-7.282124757766723633e-01,-1.285576105117797852e+00,-9.726402163505554199e-01,-1.001881361007690430e+00,-1.046834588050842285e+00,-1.147900581359863281e+00,-1.071540951728820801e+00
-1.289760231971740723e+00,-6.760305762290954590e-01,-1.000826239585876465e+00,-9.907108545303344727e-01,-7.598847746849060059e-01,-7.228386402130126953e-01,-1.264823079109191895e+00,-1.198705434799194336e+00,-1.112326145172119141e+00,-5.927901268005371094e-01,-9.044792056083679199e-01,-1.070229172706604004e+00,-8.942947983741760254e-01,-8.123729825019836426e-01,-1.215241789817810059e+00,-1.100641965866088867e+00,-1.193694114685058594e+00,-9.043182730674743652e-01,-7.861122488975524902e-01,-1.099998593330383301e+00
1.110928654670715332e+00,9.731960296630859375e-01,1.303129911422729492e+00,1.354760050773620605e+00,1.138625502586364746e+00,1.576216220855712891e+00,8.434182405471801758e-01,6.723073720932006836e-01,1.393652915954589844e+00,1.369263172149658203e+00,1.189869523048400879e+00,8.128932118415832520e-01,1.010202646255493164e+00,1.024679660797119141e+00,7.282345294952392578e-01,1.209692835807800293e+00,8.374291658401489258e-01,1.263389825820922852e+00,6.206700801849365234e-01,1.138744354248046875e+00
-9.223697781562805176e-01,-8.515300154685974121e-01,-1.034342527389526367e+00,-1.182578206062316895e+00,-1.406172871589660645e+00,-9.208936095237731934e-01,-1.261976003646850586e+00,-1.127403378486633301e+00,-9.136319756507873535e-01,-1.298997640609741211e+00,-1.286010384559631348e+00,-1.147801280021667480e+00,-1.093152284622192383e+00,-7.471413016319274902e-01,-1.327273249626159668e+00,-1.279001712799072266e+00,-1.093096613883972168e+00,-1.001411318778991699e+00,-1.119307518005371094e+00,-8.852677345275878906e-01
1.214333534240722656e+00,9.344733357429504395e-01,1.333471059799194336e+00,1.334358930587768555e+00,1.212819337844848633e+00,1.343744993209838867e+00,1.483750700950622559e+00,9.830176234245300293e-01,1.116395115852355957e+00,1.050135612487792969e+00,1.097244977951049805e+00,1.137877583503723145e+00,1.125473022460937500e+00,1.093175888061523438e+00,8.443984389305114746e-01,1.229761123657226562e+00,8.699321746826171875e-01,9.282472133636474609e-01,1.028108835220336914e+00,1.128840923309326172e+00
8.182505369186401367e-01,1.110037326812744141e+00,1.235990166664123535e+00,1.045647144317626953e+00,8.622810244560241699e-01,8.217491507530212402e-01,9.274096488952636719e-01,1.159047484397888184e+00,7.839301228523254395e-01,8.215829133987426758e-01,6.332823634147644043e-01,9.113912582397460938e-01,7.260338068008422852e-01,1.133188009262084961e+00,7.745630741119384766e-01,9.573631286621093750e-01,9.824549555778503418e-01,9.705287218093872070e-01,1.006608843803405762e+00,6.061040759086608887e-01
1.057862997055053711e+00,8.222872614860534668e-01,7.762096524238586426e-01,9.791032671928405762e-01,1.084610223770141602e+00,1.360057115554809570e+00,1.228229522705078125e+00,1.053036332130432129e+00,1.137710094451904297e+00,7.064025998115539551e-01,9.796565771102905273e-01,8.702878952026367188e-01,9.325338602066040039e-01,1.223086595535278320e+00,1.029502153396606445e+00,1.064957737922668457e+00,1.173146128654479980e+00,8.435015678405761719e-01,9.559139609336853027e-01,1.074392914772033691e+00
5.019031167030334473e-01,8.928039073944091797e-01,1.423949837684631348e+00,1.449806213378906250e+00,1.018826007843017578e+00,9.171573519706726074e-01,1.287275910377502441e+00,1.039084076881408691e+00,1.287009477615356445e+00,6.201564669609069824e-01,9.161050319671630859e-01,1.075119018554687500e+00,1.275982856750488281e+00,8.591697812080383301e-01,7.197455763816833496e-01,1.221687555313110352e+00,8.475002050399780273e-01,1.434179186820983887e+00,1.280426025390625000e+00,1.072699427604675293e+00
-1.037195444107055664e+00,-1.008347511291503906e+00,-8.391814827919006348e-01,-9.850158691406250000e-01,-1.141704559326171875e+00,-4.642187952995300293e-01,-1.217928051948547363e+00,-8.691677451133728027e-01,-9.503444433212280273e-01,-1.426726579666137695e+00,-1.102001667022705078e+00,-1.214531183242797852e+00,-1.065631747245788574e+00,-6.352115869522094727e-01,-1.073953628540039062e+00,-8.885049819946289062e-01,-1.218661308288574219e+00,-1.158587694168090820e+00,-8.495597839355468750e-01,-1.029475331306457520e+00
1.379323720932006836e+00,9.689587950706481934e-01,1.347864031791687012e+00,1.081428527832031250e+00,1.174105644226074219e+00,1.424091815948486328e+00,1.137992024421691895e+00,7.468630671501159668e-01,1.138144731521606445e+00,1.291023612022399902e+00,1.307669758796691895e+00,1.170975446701049805e+00,1.189810991287231445e+00,1.209074258804321289e+00,8.013940453529357910e-01,9.917975068092346191e-01,9.614279866218566895e-01,9.816958904266357422e-01,4.770188331604003906e-01,1.084681153297424316e+00
1.564895272254943848e+00,9.304734468460083008e-01,9.435421228408813477e-01,1.357379555702209473e+00,8.762831091880798340e-01,8.799650073051452637e-01,8.685654401779174805e-01,1.048865318298339844e+00,1.472347259521484375e+00,1.051467418670654297e+00,1.412631750106811523e+00,9.289924502372741699e-01,9.273495078086853027e-01,1.202943205833435059e+00,1.171348214149475098e+00,1.195395827293395996e+00,7.619945406913757324e-01,8.829231858253479004e-01,1.016778111457824707e+00,1.012967944145202637e+00
-1.095759987831115723e+00,-8.710944056510925293e-01,-9.914122819900512695e-01,-1.047411680221557617e+00,-1.231003284454345703e+00,-1.003312110900878906e+00,-1.116643548011779785e+00,-1.045091867446899414e+00,-9.907906651496887207e-01,-1.132468819618225098e+00,-1.075499176979064941e+00,-9.987139701843261719e-01,-1.193412184715270996e+00,-1.267681598663330078e+00,-1.333400845527648926e+00,-1.373211503028869629e+00,-1.042105913162231445e+00,-1.061007618904113770e+00,-9.841528534889221191e-01,-1.156832456588745117e+00
-7.090858817100524902e-01,-8.220630884170532227e-01,-9.621798396110534668e-01,-7.099463343620300293e-01,-8.966183066368103027e-01,-9.690100550651550293e-01,-1.088489532470703125e+00,-1.025342583656311035e+00,-1.066847562789916992e+00,-6.630419492721557617e-01,-1.088785648345947266e+00,-8.837254643440246582e-01,-1.140237808227539062e+00,-6.956176161766052246e-01,-1.123024582862854004e+00,-1.255536675453186035e+00,-8.994689583778381348e-01,-1.080969214439392090e+00,-1.056639432907104492e+00,-9.459116458892822266e-01
1.344099760055541992e+00,1.033531308174133301e+00,9.515749216079711914e-01,1.036501288414001465e+00,1.420100331306457520e+00,1.192321419715881348e+00,1.090208292007446289e+00,5.746298432350158691e-01,1.237412214279174805e+00,1.103637933731079102e+00,1.286201477050781250e+00,1.273069858551025391e+00,1.219146728515625000e+00,1.533732533454895020e+00,7.425626516342163086e-01,1.199171662330627441e+00,7.174114584922790527e-01,1.051226139068603516e+00,9.348360300064086914e-01,9.267522692680358887e-01
8.522164225578308105e-01,7.704922556877136230e-01,1.610972523689270020e+00,1.236657500267028809e+00,1.310374975204467773e+00,1.242984771728515625e+00,1.130149245262145996e+00,5.223061442375183105e-01,9.571089744567871094e-01,1.161859154701232910e+00,1.093003988265991211e+00,1.164436817169189453e+00,1.282606720924377441e+00,1.686310052871704102e+00,9.817637205123901367e-01,1.347539782524108887e+00,8.098021745681762695e-01,1.139587759971618652e+00,1.049726366996765137e+00,1.400484323501586914e+00
1.531304836273193359e+00,1.241918206214904785e+00,1.283951401710510254e+00,1.235385179519653320e+00,1.066406011581420898e+00,1.394527196884155273e+00,1.112252950668334961e+00,8.827408552169799805e-01,1.024234533309936523e+00,1.228571057319641113e+00,1.087942004203796387e+00,8.760758042335510254e-01,1.035908102989196777e+00,1.507156133651733398e+00,9.870063662528991699e-01,9.828750491142272949e-01,8.050667643547058105e-01,1.407389640808105469e+00,8.760671019554138184e-01,1.041291832923889160e+00
1.268663763999938965e+00,1.023737549781799316e+00,1.094636321067810059e+00,1.108445763587951660e+00,1.108925342559814453e+00,1.184054613113403320e+00,9.857009053230285645e-01,9.702578783035278320e-01,1.113595962524414062e+00,1.305311679840087891e+00,1.300600647926330566e+00,1.255802273750305176e+00,9.137178063392639160e-01,1.528969883918762207e+00,9.269621372222900391e-01,1.373985528945922852e+00,8.447298407554626465e-01,1.024354577064514160e+00,8.952342867851257324e-01,9.262777566909790039e-01
8.482246398925781250e-01,6.425821781158447266e-01,7.845818400382995605e-01,6.160487532615661621e-01,8.241133689880371094e-01,1.073747634887695312e+00,8.459895253181457520e-01,8.504191040992736816e-01,1.161461710929870605e+00,9.884015917778015137e-01,8.285298347473144531e-01,5.257542729377746582e-01,8.789899349212646484e-01,9.444524049758911133e-01,8.145263791084289551e-01,1.077208161354064941e+00,1.064661502838134766e+00,8.187801241874694824e-01,8.322958946228027344e-01,6.097807884216308594e-01
-8.398662209510803223e-01,-8.351917266845703125e-01,-7.224465608596801758e-01,-8.441063761711120605e-01,-9.311410188674926758e-01,-6.816670894622802734e-01,-9.165973663330078125e-01,-9.885153174400329590e-01,-1.012169003486633301e+00,-6.520441174507141113e-01,-1.193819642066955566e+00,-9.033673405647277832e-01,-1.116299271583557129e+00,-8.446437120437622070e-01,-1.351290702819824219e+00,-8.783979415893554688e-01,-8.587722182273864746e-01,-9.465433955192565918e-01,-1.047909021377563477e+00,-1.021729230880737305e+00
1.527319312095642090e+00,9.967885613441467285e-01,1.041861414909362793e+00,1.491872668266296387e+00,1.322523713111877441e+00,1.101593136787414551e+00,1.179536104202270508e+00,9.429771304130554199e-01,8.303966522216796875e-01,8.131392002105712891e-01,7.365612387657165527e-01,1.196230649948120117e+00,9.503818154335021973e-01,1.130192637443542480e+00,1.137285351753234863e+00,1.080568790435791016e+00,1.246881723403930664e+00,1.283640980720520020e+00,1.336338758468627930e+00,1.199413418769836426e+00
4.428386390209197998e-01,5.886274576187133789e-01,7.583954334259033203e-01,3.310515284538269043e-01,4.327281713485717773e-01,5.193555951118469238e-01,6.528914570808410645e-01,5.887770056724548340e-01,5.552445054054260254e-01,2.309609353542327881e-01,4.387775361537933350e-01,4.301917552947998047e-01,4.193437099456787109e-01,3.221353292465209961e-01,1.800309270620346069e-01,5.714005231857299805e-01,5.214231610298156738e-01,5.185926556587219238e-01,5.522924661636352539e-01,3.162346184253692627e-01
1.480930209159851074e+00,9.904929399490356445e-01,9.576823711395263672e-01,1.257813096046447754e+00,1.004462957382202148e+00,1.393356204032897949e+00,9.044424891471862793e-01,8.792944550514221191e-01,1.155364751815795898e+00,7.893267273902893066e-01,1.258206605911254883e+00,7.621065974235534668e-01,1.067190766334533691e+00,1.546988368034362793e+00,8.944461941719055176e-01,9.257470965385437012e-01,1.043512463569641113e+00,9.712733626365661621e-01,9.987071752548217773e-01,8.304631710052490234e-01
-8.984559178352355957e-01,-1.320511460304260254e+00,-9.926689267158508301e-01,-1.548118233680725098e+00,-1.209499478340148926e+00,-1.222506880760192871e+00,-1.087900400161743164e+00,-1.049013614654541016e+00,-9.536402821540832520e-01,-1.131660103797912598e+00,-1.255904316902160645e+00,-1.156208992004394531e+00,-9.783604145050048828e-01,-8.953877687454223633e-01,-1.042312741279602051e+00,-1.037923455238342285e+00,-1.034662365913391113e+00,-1.110971689224243164e+00,-9.584311246871948242e-01,-7.707468271255493164e-01
-1.198096871376037598e+00,-1.328173518180847168e+00,-9.719928503036499023e-01,-7.995250225067138672e-01,-1.598524928092956543e+00,-7.738456130027770996e-01,-7.474518418312072754e-01,-7.782104611396789551e-01,-9.193623661994934082e-01,-9.334819912910461426e-01,-1.309204578399658203e+00,-1.470080018043518066e+00,-1.318835854530334473e+00,-1.052764892578125000e+00,-1.156558871269226074e+00,-1.282775044441223145e+00,-1.172241210937500000e+00,-1.010510563850402832e+00,-1.137663483619689941e+00,-7.738499641418457031e-01
-8.964154720306396484e-01,-9.651677608489990234e-01,-9.513500332832336426e-01,-1.136611819267272949e+00,-9.803509116172790527e-01,-9.924109578132629395e-01,-1.035886645317077637e+00,-9.613406658172607422e-01,-8.588567376136779785e-01,-8.778081536293029785e-01,-1.283847808837890625e+00,-9.714386463165283203e-01,-1.396249055862426758e+00,-9.843797683715820312e-01,-1.373843789100646973e+00,-1.094896435737609863e+00,-9.662635326385498047e-01,-9.967553019523620605e-01,-1.023775219917297363e+00,-1.086511135101318359e+00
1.193509578704833984e+00,9.857910871505737305e-01,1.227754354476928711e+00,9.917230606079101562e-01,1.275835633277893066e+00,1.408789515495300293e+00,1.009650230407714844e+00,1.010930895805358887e+00,1.365391850471496582e+00,1.116099953651428223e+00,1.322017908096313477e+00,9.655354619026184082e-01,7.021340131759643555e-01,9.459630250930786133e-01,1.061878085136413574e+00,1.128990530967712402e+00,1.060819983482360840e+00,1.445498466491699219e+00,1.116213440895080566e+00,8.506369590759277344e-01
1.075349092483520508e+00,7.828668951988220215e-01,1.175115823745727539e+00,8.140484094619750977e-01,8.995229601860046387e-01,8.561559319496154785e-01,9.700750112533569336e-01,8.116511702537536621e-01,1.289763331413269043e+00,1.083519339561462402e+00,6.157784461975097656e-01,9.027985334396362305e-01,7.914111614227294922e-01,1.031309485435485840e+00,8.587344288825988770e-01,1.188287496566772461e+00,6.507943272590637207e-01,1.019787311553955078e+00,6.281799077987670898e-01,9.173698425292968750e-01
1.365489125251770020e+00,1.049592852592468262e+00,1.327338099479675293e+00,1.234727978706359863e+00,1.393773078918457031e+00,1.149171710014343262e+00,8.616685271263122559e-01,8.733099102973937988e-01,9.323239922523498535e-01,1.333193540573120117e+00,1.512060403823852539e+00,7.779608368873596191e-01,1.047067999839782715e+00,1.159476280212402344e+00,7.027761936187744141e-01,1.207132577896118164e+00,8.988602757453918457e-01,1.008013248443603516e+00,9.624462723731994629e-01,1.581993818283081055e+00
-8.656674027442932129e-01,-8.920190334320068359e-01,-5.466902256011962891e-01,-9.881285429000854492e-01,-8.720592260360717773e-01,-9.520145654678344727e-01,-1.085636138916015625e+00,-1.311201453208923340e+00,-5.696864128112792969e-01,-9.594861865043640137e-01,-9.859466552734375000e-01,-7.642533779144287109e-01,-1.125801682472229004e+00,-1.130359292030334473e+00,-1.516702651977539062e+00,-7.868055105209350586e-01,-8.981381654739379883e-01,-9.083799123764038086e-01,-8.961706161499023438e-01,-1.294798851013183594e+00
8.491757512092590332e-01,1.009046196937561035e+00,1.151001453399658203e+00,8.602053523063659668e-01,6.947332620620727539e-01,8.331561684608459473e-01,1.062725067138671875e+00,1.210309863090515137e+00,9.739283323287963867e-01,8.662399053573608398e-01,7.403208017349243164e-01,9.355444908142089844e-01,9.520450234413146973e-01,8.981883525848388672e-01,7.580055594444274902e-01,9.407909512519836426e-01,9.601981043815612793e-01,9.874526858329772949e-01,9.272717237472534180e-01,6.756756305694580078e-01
-1.216014266014099121e+00,-1.125448107719421387e+00,-8.040977716445922852e-01,-9.731775522232055664e-01,-1.164858937263488770e+00,-1.092887639999389648e+00,-1.136289238929748535e+00,-1.060538887977600098e+00,-5.471256971359252930e-01,-9.146991968154907227e-01,-7.985206246376037598e-01,-1.292243361473083496e+00,-1.201730608940124512e+00,-5.905392765998840332e-01,-1.460086464881896973e+00,-8.852013349533081055e-01,-8.438071012496948242e-01,-1.103764653205871582e+00,-1.130897045135498047e+00,-1.127327561378479004e+00
-9.786086082458496094e-01,-1.098041892051696777e+00,-6.858659386634826660e-01,-1.004022121429443359e+00,-9.109687209129333496e-01,-9.201189279556274414e-01,-1.259741663932800293e+00,-1.305827975273132324e+00,-1.226960420608520508e+00,-1.284548521041870117e+00,-1.105072855949401855e+00,-1.226893305778503418e+00,-1.097862243652343750e+00,-1.143968939781188965e+00,-1.145794153213500977e+00,-1.244819164276123047e+00,-9.571731090545654297e-01,-1.119518041610717773e+00,-7.510907649993896484e-01,-1.133874773979187012e+00
1.463012099266052246e+00,1.059231877326965332e+00,1.066455960273742676e+00,1.171147704124450684e+00,1.197036504745483398e+00,9.763662815093994141e-01,1.265840530395507812e+00,8.264206647872924805e-01,1.020628094673156738e+00,1.194851160049438477e+00,1.338765144348144531e+00,1.076563000679016113e+00,1.126195669174194336e+00,1.613299369812011719e+00,9.701490998268127441e-01,1.336565256118774414e+00,7.486969828605651855e-01,1.201376914978027344e+00,1.141265273094177246e+00,8.123510479927062988e-01
1.002954721450805664e+00,1.050515890121459961e+00,9.260592460632324219e-01,1.138264179229736328e+00,9.215693473815917969e-01,1.122286438941955566e+00,1.050622940063476562e+00,7.819840312004089355e-01,1.038761734962463379e+00,8.903560042381286621e-01,8.438343405723571777e-01,6.483255624771118164e-01,7.957341074943542480e-01,6.845155358314514160e-01,9.542326927185058594e-01,1.022966384887695312e+00,8.991510272026062012e-01,1.382864117622375488e+00,8.386071920394897461e-01,1.142578363418579102e+00
9.448028802871704102e-01,4.376445710659027100e-01,9.198327064514160156e-01,9.096136093139648438e-01,6.061621308326721191e-01,7.746536731719970703e-01,1.024164080619812012e+00,6.706888079643249512e-01,6.336401700973510742e-01,1.082066893577575684e+00,3.343912065029144287e-01,9.899598956108093262e-01,9.097340703010559082e-01,7.263273596763610840e-01,7.399513721466064453e-01,7.953119874000549316e-01,6.396631598472595215e-01,7.851339578628540039e-01,4.341462552547454834e-01,7.281648516654968262e-01
-1.058202147483825684e+00,-9.732480049133300781e-01,-7.083899974822998047e-01,-1.056673884391784668e+00,-7.933485507965087891e-01,-1.037780761718750000e+00,-1.057446360588073730e+00,-1.250355839729309082e+00,-7.184062004089355469e-01,-9.235367774963378906e-01,-8.399624824523925781e-01,-9.750401973724365234e-01,-1.023161292076110840e+00,-8.674482107162475586e-01,-1.377470612525939941e+00,-1.181363821029663086e+00,-9.723047614097595215e-01,-1.087325811386108398e+00,-8.421108722686767578e-01,-8.721117973327636719e-01
1.284959197044372559e+00,1.093811392784118652e+00,1.325234532356262207e+00,1.393563628196716309e+00,1.121153235435485840e+00,1.129286885261535645e+00,1.016592502593994141e+00,1.098057270050048828e+00,1.147382020950317383e+00,1.091670751571655273e+00,1.122786045074462891e+00,8.709061741828918457e-01,1.085867881774902344e+00,1.295763731002807617e+00,9.060660004615783691e-01,1.068218350410461426e+00,7.302861809730529785e-01,8.088535666465759277e-01,9.007375240325927734e-01,1.184864044189453125e+00
1.363446831703186035e+00,7.669107317924499512e-01,1.252037405967712402e+00,1.135115385055541992e+00,1.291958212852478027e+00,1.409990072250366211e+00,1.251195192337036133e+00,1.266839027404785156e+00,1.348130822181701660e+00,1.170567989349365234e+00,8.302697539329528809e-01,1.140607118606567383e+00,9.250733852386474609e-01,1.728856921195983887e+00,1.019925713539123535e+00,1.043448090553283691e+00,1.053138732910156250e+00,6.030119657516479492e-01,9.933925271034240723e-01,1.187047243118286133e+00
1.089767813682556152e+00,9.672096371650695801e-01,1.145414590835571289e+00,1.674300432205200195e+00,7.010172009468078613e-01,1.237390160560607910e+00,1.098205685615539551e+00,8.526507616043090820e-01,1.440164804458618164e+00,9.140143394470214844e-01,1.133984923362731934e+00,1.012938976287841797e+00,8.665860891342163086e-01,1.076192975044250488e+00,8.804190158843994141e-01,9.752121567726135254e-01,9.871516823768615723e-01,1.241354346275329590e+00,7.032339572906494141e-01,1.057831525802612305e+00
9.624584913253784180e-01,1.528575778007507324e+00,1.084192276000976562e+00,8.508591651916503906e-01,9.455536007881164551e-01,1.238740086555480957e+00,1.189815759658813477e+00,1.479016542434692383e+00,1.023551821708679199e+00,1.072666287422180176e+00,9.217944741249084473e-01,1.038349986076354980e+00,1.071172595024108887e+00,1.126113653182983398e+00,9.698600769042968750e-01,6.802756190299987793e-01,1.206449031829833984e+00,1.152027964591979980e+00,1.379951000213623047e+00,6.426248550415039062e-01
-1.153632044792175293e+00,-6.279488801956176758e-01,-7.338823676109313965e-01,-7.817095518112182617e-01,-9.959061741828918457e-01,-7.129824757575988770e-01,-9.179896116256713867e-01,-8.624774217605590820e-01,-7.124709486961364746e-01,-1.085705876350402832e+00,-8.666888475418090820e-01,-1.011639595031738281e+00,-1.118294000625610352e+00,-1.089358210563659668e+00,-1.434156417846679688e+00,-8.962265849113464355e-01,-1.041585445404052734e+00,-1.067345976829528809e+00,-8.883107900619506836e-01,-1.128899574279785156e+00
9.653046131134033203e-01,7.341091632843017578e-01,9.710933566093444824e-01,1.399976015090942383e+00,9.110819101333618164e-01,8.801348805427551270e-01,1.177214145660400391e+00,7.657353878021240234e-01,1.181765675544738770e+00,9.390645027160644531e-01,9.139602780342102051e-01,9.672874808311462402e-01,1.158823013305664062e+00,1.346538305282592773e+00,1.137558698654174805e+00,6.278868317604064941e-01,1.297744393348693848e+00,1.083192944526672363e+00,6.218590736389160156e-01,1.374874234199523926e+00
-1.269587397575378418e+00,-9.348660111427307129e-01,-9.233874082565307617e-01,-1.041886091232299805e+00,-1.290336489677429199e+00,-9.801781177520751953e-01,-1.059488773345947266e+00,-9.454624652862548828e-01,-8.577596545219421387e-01,-7.592398524284362793e-01,-1.443158149719238281e+00,-1.070185422897338867e+00,-8.291435837745666504e-01,-7.463593482971191406e-01,-1.146853208541870117e+00,-1.000026702880859375e+00,-1.007486939430236816e+00,-1.123029232025146484e+00,-1.354339241981506348e+00,-1.118211984634399414e+00
-9.654616117477416992e-01,-9.414232373237609863e-01,-1.155740618705749512e+00,-9.353888630867004395e-01,-1.025370359420776367e+00,-1.029257774353027344e+00,-1.028807759284973145e+00,-1.182009935379028320e+00,-8.697054386138916016e-01,-1.020501136779785156e+00,-1.301072239875793457e+00,-1.062927603721618652e+00,-1.114295959472656250e+00,-9.479234218597412109e-01,-1.444470763206481934e+00,-1.144679784774780273e+00,-1.372611880302429199e+00,-9.639631509780883789e-01,-9.725360274314880371e-01,-1.140955448150634766e+00
1.281245112419128418e+00,9.925807714462280273e-01,1.067393302917480469e+00,1.363547325134277344e+00,1.058521986007690430e+00,1.249966979026794434e+00,1.093115806579589844e+00,7.941709160804748535e-01,1.312657713890075684e+00,1.125636935234069824e+00,1.212874770164489746e+00,1.384503126144409180e+00,9.493646621704101562e-01,1.401312828063964844e+00,1.033735632896423340e+00,1.019214987754821777e+00,8.585723042488098145e-01,1.280899763107299805e+00,9.439309239387512207e-01,1.026146173477172852e+00
-9.986788630485534668e-01,-9.194194078445434570e-01,-8.737514615058898926e-01,-9.118193387985229492e-01,-9.880269765853881836e-01,-6.427625417709350586e-01,-1.020302295684814453e+00,-1.173919439315795898e+00,-9.332433342933654785e-01,-1.080443739891052246e+00,-1.072554826736450195e+00,-1.275910019874572754e+00,-1.359851121902465820e+00,-1.079325318336486816e+00,-1.324528813362121582e+00,-1.126067638397216797e+00,-9.983319044113159180e-01,-1.054794430732727051e+00,-8.265229463577270508e-01,-1.142088890075683594e+00
1.857981204986572266e+00,1.089913010597229004e+00,1.374298453330993652e+00,9.942646026611328125e-01,9.856945276260375977e-01,1.350120902061462402e+00,1.528940677642822266e+00,9.726213812828063965e-01,1.068692207336425781e+00,9.419703483581542969e-01,1.195163369178771973e+00,1.112816214561462402e+00,1.187836050987243652e+00,1.389896750450134277e+00,5.249401926994323730e-01,1.091627001762390137e+00,7.707508206367492676e-01,1.187572240829467773e+00,1.120206713676452637e+00,1.188249945640563965e+00
-1.433115124702453613e+00,-8.427080512046813965e-01,-1.193506002426147461e+00,-1.164039850234985352e+00,-8.298908472061157227e-01,-9.410786628723144531e-01,-8.821004033088684082e-01,-7.672594189643859863e-01,-7.352847456932067871e-01,-1.259652018547058105e+00,-9.788458943367004395e-01,-9.696030616760253906e-01,-8.093422055244445801e-01,-8.471195101737976074e-01,-1.117045044898986816e+00,-1.016570806503295898e+00,-8.672975897789001465e-01,-1.102674841880798340e+00,-1.288412213325500488e+00,-1.427065730094909668e+00
1.445877313613891602e+00,9.720153808593750000e-01,1.280947446823120117e+00,1.160836338996887207e+00,1.151060461997985840e+00,1.267114043235778809e+00,9.708878993988037109e-01,9.283911585807800293e-01,1.326389312744140625e+00,1.287244439125061035e+00,9.450032711029052734e-01,5.050061345100402832e-01,1.237450361251831055e+00,1.337500572204589844e+00,1.261345624923706055e+00,9.893854260444641113e-01,1.381940007209777832e+00,1.287412881851196289e+00,1.216822862625122070e+00,1.171761989593505859e+00
1.082801938056945801e+00,1.132345080375671387e+00,8.223851323127746582e-01,9.659676551818847656e-01,8.425269126892089844e-01,1.450943589210510254e+00,7.874104976654052734e-01,1.185935497283935547e+00,1.274430036544799805e+00,1.257437825202941895e+00,1.290974497795104980e+00,8.841965794563293457e-01,8.705170154571533203e-01,1.349429726600646973e+00,6.906493902206420898e-01,1.175453305244445801e+00,7.907515168190002441e-01,1.050507426261901855e+00,9.390230774879455566e-01,7.387598156929016113e-01
1.332785248756408691e+00,5.292417407035827637e-01,1.136368393898010254e+00,1.129826068878173828e+00,1.180571913719177246e+00,1.156517148017883301e+00,9.126982688903808594e-01,8.279680013656616211e-01,9.670040607452392578e-01,7.468442320823669434e-01,8.674217462539672852e-01,9.606394767761230469e-01,7.202312350273132324e-01,1.494324564933776855e+00,1.043185234069824219e+00,9.695804119110107422e-01,7.910913228988647461e-01,1.425861001014709473e+00,7.769200801849365234e-01,9.204307794570922852e-01
1.244861245155334473e+00,9.648938775062561035e-01,1.021616101264953613e+00,1.399256944656372070e+00,9.721714854240417480e-01,1.295041322708129883e+00,7.964388728141784668e-01,1.000490188598632812e+00,1.337348937988281250e+00,1.147333621978759766e+00,1.026732683181762695e+00,1.364733338356018066e+00,9.755954146385192871e-01,1.558039188385009766e+00,1.050464034080505371e+00,1.613415241241455078e+00,6.083495020866394043e-01,9.081636667251586914e-01,8.687567710876464844e-01,5.785653591156005859e-01
-1.078860282897949219e+00,-6.453740596771240234e-01,-1.152494788169860840e+00,-1.000233411788940430e+00,-1.239472270011901855e+00,-6.987146735191345215e-01,-1.055051684379577637e+00,-9.917521476745605469e-01,-1.300166606903076172e+00,-7.775762081146240234e-01,-1.015194654464721680e+00,-8.848049640655517578e-01,-1.357709527015686035e+00,-1.180873274803161621e+00,-1.343934416770935059e+00,-9.673137664794921875e-01,-1.107808828353881836e+00,-1.038446426391601562e+00,-7.676276564598083496e-01,-1.125975728034973145e+00
1.127233028411865234e+00,9.995033144950866699e-01,9.273290038108825684e-01,1.321337699890136719e+00,1.299351811408996582e+00,1.299112558364868164e+00,8.313074111938476562e-01,9.983500242233276367e-01,1.107659935951232910e+00,1.262515187263488770e+00,1.098295092582702637e+00,1.100286364555358887e+00,9.628207683563232422e-01,1.248879194259643555e+00,1.030561685562133789e+00,1.322015523910522461e+00,1.012349128723144531e+00,1.345601558685302734e+00,6.401750445365905762e-01,1.004784464836120605e+00
7.503637075424194336e-01,1.120943069458007812e+00,9.103068113327026367e-01,7.107349038124084473e-01,8.597127795219421387e-01,1.029651284217834473e+00,6.575746536254882812e-01,8.758605718612670898e-01,1.104163289070129395e+00,5.310879945755004883e-01,9.475020766258239746e-01,8.346815705299377441e-01,8.232012391090393066e-01,9.884120821952819824e-01,3.881901800632476807e-01,9.275771975517272949e-01,9.420166015625000000e-01,7.393221259117126465e-01,9.857213497161865234e-01,1.028616070747375488e+00
1.466455578804016113e+00,1.118935227394104004e+00,7.455968260765075684e-01,1.100093960762023926e+00,1.184274554252624512e+00,1.109400153160095215e+00,1.174440383911132812e+00,5.791679620742797852e-01,1.085103988647460938e+00,1.106326222419738770e+00,1.015704512596130371e+00,1.069025874137878418e+00,1.169048428535461426e+00,1.583225727081298828e+00,7.769165039062500000e-01,9.520829319953918457e-01,8.330599069595336914e-01,1.058094978332519531e+00,5.806314945220947266e-01,7.126788496971130371e-01
-1.057812094688415527e+00,-8.512455224990844727e-01,-1.124282836914062500e+00,-1.172567367553710938e+00,-9.685246348381042480e-01,-7.742434144020080566e-01,-1.126249551773071289e+00,-1.279931306838989258e+00,-7.913014292716979980e-01,-1.409120798110961914e+00,-1.169413924217224121e+00,-1.177263259887695312e+00,-1.312257289886474609e+00,-9.352357387542724609e-01,-1.473926782608032227e+00,-1.366652846336364746e+00,-7.789124846458435059e-01,-9.648753404617309570e-01,-1.032710552215576172e+00,-1.517967104911804199e+00
-9.428809285163879395e-01,-8.637093901634216309e-01,-8.064175248146057129e-01,-1.083835005760192871e+00,-1.107726097106933594e+00,-8.112024664878845215e-01,-1.244935631752014160e+00,-1.355482935905456543e+00,-9.671725630760192871e-01,-1.131558418273925781e+00,-1.417443394660949707e+00,-1.142801761627197266e+00,-1.020783305168151855e+00,-8.356087803840637207e-01,-1.224365472793579102e+00,-1.024538159370422363e+00,-1.015085220336914062e+00,-1.320552587509155273e+00,-6.816287040710449219e-01,-1.077514767646789551e+00
1.471043705940246582e+00,1.081826210021972656e+00,1.112699151039123535e+00,7.568576931953430176e-01,1.401795983314514160e+00,1.362725019454956055e+00,1.012880444526672363e+00,7.691702842712402344e-01,1.170457959175109863e+00,1.215699791908264160e+00,1.258071780204772949e+00,9.276436567306518555e-01,1.155866742134094238e+00,9.408534765243530273e-01,1.170983195304870605e+00,1.104792356491088867e+00,8.245766758918762207e-01,1.123685240745544434e+00,9.870054721832275391e-01,9.687793254852294922e-01
1.079664111137390137e+00,9.451506137847900391e-01,7.545621395111083984e-01,9.967007637023925781e-01,1.103916645050048828e+00,1.165311336517333984e+00,9.062862396240234375e-01,7.327136397361755371e-01,6.935436725616455078e-01,1.028028488159179688e+00,8.405837416648864746e-01,8.895483016967773438e-01,5.976000428199768066e-01,1.095156431198120117e+00,6.260217428207397461e-01,9.505211710929870605e-01,5.421029925346374512e-01,1.029071211814880371e+00,5.752692818641662598e-01,7.254944443702697754e-01
7.491151094436645508e-01,6.618598103523254395e-01,7.167226672172546387e-01,2.950273752212524414e-01,9.604800343513488770e-01,4.299031794071197510e-01,5.752924084663391113e-01,6.668666005134582520e-01,8.244482278823852539e-01,7.261966466903686523e-01,5.122665166854858398e-01,7.078245282173156738e-01,6.841099262237548828e-01,6.101461052894592285e-01,1.133526325225830078e+00,9.643884897232055664e-01,4.717077612876892090e-01,7.279995679855346680e-01,9.033348560333251953e-01,8.945915102958679199e-01
-1.079959750175476074e+00,-1.132572174072265625e+00,-9.499233365058898926e-01,-8.220883607864379883e-01,-9.870678186416625977e-01,-7.970597743988037109e-01,-8.367208838462829590e-01,-1.444263935089111328e+00,-9.900209307670593262e-01,-1.131634116172790527e+00,-1.317218303680419922e+00,-1.054813146591186523e+00,-1.321794033050537109e+00,-1.003420352935791016e+00,-1.255718350410461426e+00,-1.050487279891967773e+00,-9.203004837036132812e-01,-8.470796346664428711e-01,-1.025078654289245605e+00,-1.242093443870544434e+00
1.052704095840454102e+00,1.150717020034790039e+00,1.035422325134277344e+00,8.829940557479858398e-01,1.046395659446716309e+00,1.152152180671691895e+00,1.206403136253356934e+00,1.127965927124023438e+00,1.054664611816406250e+00,1.151877522468566895e+00,1.085680961608886719e+00,1.104512453079223633e+00,1.374460339546203613e+00,1.032896280288696289e+00,9.822505712509155273e-01,1.168374180793762207e+00,1.298254013061523438e+00,9.110864400863647461e-01,1.254771232604980469e+00,1.188508152961730957e+00
1.170723438262939453e+00,1.021461009979248047e+00,1.440014958381652832e+00,1.247854113578796387e+00,1.129443168640136719e+00,1.129729032516479492e+00,1.164880394935607910e+00,7.013074755668640137e-01,1.223173141479492188e+00,1.017006158828735352e+00,1.146939992904663086e+00,1.083967685699462891e+00,1.286078333854675293e+00,9.552629590034484863e-01,9.339448809623718262e-01,9.391593933105468750e-01,1.288591980934143066e+00,8.831046819686889648e-01,1.115523695945739746e+00,1.106061220169067383e+00
1.452938079833984375e+00,8.658564686775207520e-01,1.291026353836059570e+00,9.358629584312438965e-01,1.247484564781188965e+00,1.072542428970336914e+00,6.857669353485107422e-01,1.308969020843505859e+00,1.152418136596679688e+00,9.256328940391540527e-01,1.113918781280517578e+00,1.181401491165161133e+00,9.062106013298034668e-01,1.599063158035278320e+00,7.943157553672790527e-01,1.299928307533264160e+00,9.019450545310974121e-01,1.232483863830566406e+00,1.344102621078491211e+00,1.189549565315246582e+00
1.188924312591552734e+00,1.075629591941833496e+00,1.139324665069580078e+00,1.185540795326232910e+00,1.264247179031372070e+00,1.299102067947387695e+00,9.738619327545166016e-01,1.417356252670288086e+00,1.236985921859741211e+00,9.568575620651245117e-01,9.418926835060119629e-01,9.650223851203918457e-01,1.004660725593566895e+00,9.072264432907104492e-01,1.187364935874938965e+00,1.301885247230529785e+00,1.132788062095642090e+00,1.144952416419982910e+00,1.297659397125244141e+00,1.145201683044433594e+00
-6.033710241317749023e-01,-8.705899119377136230e-01,-7.833063602447509766e-01,-8.468930721282958984e-01,-9.191855788230895996e-01,-8.262380361557006836e-01,-9.683657288551330566e-01,-1.003587841987609863e+00,-8.040433526039123535e-01,-8.818687796592712402e-01,-6.809329986572265625e-01,-6.213010549545288086e-01,-5.963662266731262207e-01,-6.907982230186462402e-01,-1.147779822349548340e+00,-9.932178854942321777e-01,-1.059457898139953613e+00,-1.142587304115295410e+00,-1.126839280128479004e+00,-9.626268148422241211e-01
-9.914486408233642578e-01,-9.857734441757202148e-01,-8.945034146308898926e-01,-9.711934328079223633e-01,-9.632770419120788574e-01,-9.727592468261718750e-01,-7.409320473670959473e-01,-9.347271323204040527e-01,-9.660781621932983398e-01,-1.202053785324096680e+00,-1.068150639533996582e+00,-6.963697075843811035e-01,-8.014644980430603027e-01,-8.444289565086364746e-01,-1.236745715141296387e+00,-1.059882164001464844e+00,-1.107655048370361328e+00,-9.657927155494689941e-01,-1.261215567588806152e+00,-1.216389656066894531e+00
1.122696876525878906e+00,1.129908919334411621e+00,1.093189835548400879e+00,8.122478723526000977e-01,9.888143539428710938e-01,8.656631112098693848e-01,8.140437006950378418e-01,8.070589303970336914e-01,1.184334874153137207e+00,7.248836755752563477e-01,1.131762385368347168e+00,1.052209496498107910e+00,1.153077363967895508e+00,1.187764048576354980e+00,6.535834670066833496e-01,9.734516143798828125e-01,7.809137701988220215e-01,8.360910415649414062e-01,7.744510769844055176e-01,9.525258541107177734e-01
-8.998966217041015625e-01,-1.033622741699218750e+00,-1.115679621696472168e+00,-1.109194040298461914e+00,-9.346575140953063965e-01,-8.812846541404724121e-01,-9.982826709747314453e-01,-9.329872727394104004e-01,-7.764381170272827148e-01,-1.125520825386047363e+00,-1.275169253349304199e+00,-9.603783488273620605e-01,-1.204465270042419434e+00,-1.049092173576354980e+00,-1.000200748443603516e+00,-1.293839573860168457e+00,-1.223340034484863281e+00,-1.306149959564208984e+00,-1.109603047370910645e+00,-1.088447928428649902e+00
1.456981778144836426e+00,9.411911368370056152e-01,1.154391765594482422e+00,1.289676308631896973e+00,1.409495115280151367e+00,1.265168428421020508e+00,1.200515270233154297e+00,5.334010124206542969e-01,1.186064124107360840e+00,1.293620824813842773e+00,1.088742852210998535e+00,1.094923615455627441e+00,1.152455210685729980e+00,1.524563789367675781e+00,7.784971594810485840e-01,9.606388211250305176e-01,7.214846611022949219e-01,1.261777162551879883e+00,1.163830757141113281e+00,8.577113747596740723e-01
1.194709897041320801e+00,1.013440132141113281e+00,9.344624876976013184e-01,5.955268740653991699e-01,1.243923425674438477e+00,8.060076236724853516e-01,1.228426694869995117e+00,1.026750802993774414e+00,1.030523300170898438e+00,1.138626098632812500e+00,7.730478048324584961e-01,1.230432510375976562e+00,9.332944154739379883e-01,8.715543746948242188e-01,1.075598359107971191e+00,1.270006299018859863e+00,1.056722998619079590e+00,5.494892001152038574e-01,1.330648303031921387e+00,1.153259992599487305e+00
4.210273027420043945e-01,4.079402983188629150e-01,1.991132795810699463e-01,6.037133336067199707e-01,1.453853994607925415e-01,3.885459303855895996e-01,2.769275009632110596e-01,3.022416494786739349e-02,3.867816627025604248e-01,1.476110368967056274e-01,1.820858865976333618e-01,4.027123153209686279e-01,3.407844603061676025e-01,4.320833384990692139e-01,3.083881437778472900e-01,1.934268176555633545e-01,2.955737411975860596e-01,3.312548398971557617e-01,3.201642930507659912e-01,3.570513427257537842e-02
-1.180469989776611328e+00,-1.409308195114135742e+00,-8.806300759315490723e-01,-9.308854341506958008e-01,-8.044603466987609863e-01,-7.632944583892822266e-01,-1.132068276405334473e+00,-8.786846399307250977e-01,-9.558461308479309082e-01,-8.976361751556396484e-01,-1.092421293258666992e+00,-1.149107933044433594e+00,-9.861256480216979980e-01,-1.183050990104675293e+00,-1.224771857261657715e+00,-9.409720301628112793e-01,-6.898730993270874023e-01,-1.077942132949829102e+00,-9.611119031906127930e-01,-1.207825541496276855e+00
-1.005708456039428711e+00,-9.372810125350952148e-01,-8.965508341789245605e-01,-1.188594222068786621e+00,-1.008117675781250000e+00,-1.168233036994934082e+00,-1.317603111267089844e+00,-1.086523771286010742e+00,-9.307318329811096191e-01,-1.020062327384948730e+00,-1.103716731071472168e+00,-1.536409616470336914e+00,-9.887053370475769043e-01,-6.583828330039978027e-01,-1.345642566680908203e+00,-1.095356941223144531e+00,-9.110059738159179688e-01,-9.945255517959594727e-01,-1.066686272621154785e+00,-7.651433348655700684e-01
-9.317866563796997070e-01,-1.195052385330200195e+00,-7.205777168273925781e-01,-1.097881197929382324e+00,-9.836361408233642578e-01,-1.173285722732543945e+00,-1.529741883277893066e+00,-1.075216531753540039e+00,-8.205606341361999512e-01,-1.152215719223022461e+00,-1.191159009933471680e+00,-7.939587831497192383e-01,-8.723965287208557129e-01,-1.158871889114379883e+00,-1.079109430313110352e+00,-1.303552746772766113e+00,-1.046141624450683594e+00,-8.774631023406982422e-01,-1.187264680862426758e+00,-1.142134666442871094e+00
1.262091279029846191e+00,9.708319902420043945e-01,1.148756504058837891e+00,9.800824522972106934e-01,9.212504625320434570e-01,9.169444441795349121e-01,1.298751354217529297e+00,7.560312151908874512e-01,1.265387296676635742e+00,1.171456098556518555e+00,1.637539863586425781e+00,8.332551717758178711e-01,1.012442231178283691e+00,1.374876618385314941e+00,9.571095108985900879e-01,1.433028459548950195e+00,9.441374540328979492e-01,9.780533909797668457e-01,7.382813692092895508e-01,1.244281888008117676e+00
1.446424484252929688e+00,9.184716343879699707e-01,1.024000763893127441e+00,1.069012522697448730e+00,1.090823531150817871e+00,9.376288056373596191e-01,1.171977877616882324e+00,1.153956651687622070e+00,1.292555809020996094e+00,8.181279301643371582e-01,1.435491561889648438e+00,9.823044538497924805e-01,9.352118372917175293e-01,1.137616395950317383e+00,9.024599790573120117e-01,1.266367912292480469e+00,8.462601304054260254e-01,9.067978858947753906e-01,9.251701235771179199e-01,1.032327890396118164e+00
1.490952014923095703e+00,1.026279330253601074e+00,1.106113791465759277e+00,1.592384338378906250e+00,9.267315268516540527e-01,9.678367972373962402e-01,8.678272962570190430e-01,1.152449369430541992e+00,9.895547032356262207e-01,1.001551866531372070e+00,1.222691655158996582e+00,1.032855033874511719e+00,1.132054448127746582e+00,1.530084848403930664e+00,1.209297418594360352e+00,9.516620039939880371e-01,8.136366009712219238e-01,1.063936591148376465e+00,7.869254946708679199e-01,5.472504496574401855e-01
-1.053145647048950195e+00,-5.646903514862060547e-01,-1.027601599693298340e+00,-7.738358378410339355e-01,-8.023735284805297852e-01,-8.643311262130737305e-01,-8.917673826217651367e-01,-9.498245716094970703e-01,-1.100929617881774902e+00,-8.170965909957885742e-01,-1.002894401550292969e+00,-9.331100583076477051e-01,-1.153429269790649414e+00,-1.140963196754455566e+00,-1.182946681976318359e+00,-9.846170544624328613e-01,-8.463420271873474121e-01,-1.059819698333740234e+00,-9.717143774032592773e-01,-1.137934923171997070e+00
1.241867303848266602e+00,1.064672231674194336e+00,8.171016573905944824e-01,1.163870453834533691e+00,9.862644076347351074e-01,1.182052612304687500e+00,9.602962136268615723e-01,1.122263789176940918e+00,1.156534671783447266e+00,9.762993454933166504e-01,1.192782998085021973e+00,1.087349057197570801e+00,7.923647761344909668e-01,1.290272712707519531e+00,1.030911207199096680e+00,1.570376396179199219e+00,1.020506024360656738e+00,1.029330611228942871e+00,8.209320902824401855e-01,8.623204827308654785e-01
8.452514410018920898e-01,8.836029171943664551e-01,1.003915905952453613e+00,9.527451992034912109e-01,1.070720791816711426e+00,1.340552926063537598e+00,1.264809370040893555e+00,7.713446617126464844e-01,9.970291852951049805e-01,8.809991478919982910e-01,6.592518091201782227e-01,1.015118718147277832e+00,1.084030985832214355e+00,1.405361056327819824e+00,1.088303565979003906e+00,9.306505918502807617e-01,8.455829024314880371e-01,1.004799485206604004e+00,1.043525934219360352e+00,1.105438590049743652e+00
1.170300126075744629e+00,1.049266338348388672e+00,1.418349623680114746e+00,1.106244921684265137e+00,1.087238669395446777e+00,1.025092601776123047e+00,1.535494446754455566e+00,8.591467738151550293e-01,1.049173712730407715e+00,1.187852621078491211e+00,1.135058522224426270e+00,1.051765203475952148e+00,1.079688429832458496e+00,1.216952323913574219e+00,7.736012339591979980e-01,1.199597835540771484e+00,8.406255245208740234e-01,1.086962938308715820e+00,1.177324652671813965e+00,1.220826268196105957e+00
1.371701836585998535e+00,9.934500455856323242e-01,1.137156009674072266e+00,1.141822814941406250e+00,1.110672712326049805e+00,1.402949571609497070e+00,1.421996831893920898e+00,1.114359736442565918e+00,7.734177112579345703e-01,1.356002330780029297e+00,1.216431021690368652e+00,1.016442418098449707e+00,7.031319141387939453e-01,1.240923523902893066e+00,7.938063144683837891e-01,7.287082076072692871e-01,6.373150944709777832e-01,1.145906090736389160e+00,9.413959980010986328e-01,1.199525237083435059e+00
1.007065415382385254e+00,1.210272550582885742e+00,1.245589852333068848e+00,1.354284048080444336e+00,1.168158531188964844e+00,8.290455937385559082e-01,8.357572555541992188e-01,1.253744959831237793e+00,1.091745615005493164e+00,1.190985679626464844e+00,1.001143574714660645e+00,1.259504318237304688e+00,1.262713193893432617e+00,1.394155859947204590e+00,1.042959809303283691e+00,1.218258261680603027e+00,1.201625347137451172e+00,9.708880186080932617e-01,1.061896681785583496e+00,1.033338069915771484e+00
1.063112974166870117e+00,9.439728856086730957e-01,1.135076761245727539e+00,1.207817673683166504e+00,9.263856410980224609e-01,1.010042548179626465e+00,8.605313301086425781e-01,7.342103123664855957e-01,1.259133458137512207e+00,1.330484867095947266e+00,1.459148764610290527e+00,7.509520053863525391e-01,8.171656727790832520e-01,1.197506308555603027e+00,1.299782991409301758e+00,9.782570004463195801e-01,8.899391293525695801e-01,1.045891642570495605e+00,4.989871680736541748e-01,8.666369318962097168e-01
1.267695665359497070e+00,1.090737342834472656e+00,1.271271228790283203e+00,1.221567273139953613e+00,8.254274129867553711e-01,1.216448307037353516e+00,9.203389883041381836e-01,8.836483359336853027e-01,1.205325245857238770e+00,1.023418664932250977e+00,8.920618295669555664e-01,1.351892113685607910e+00,1.267422318458557129e+00,1.122468948364257812e+00,9.223978519439697266e-01,8.489544987678527832e-01,1.266517519950866699e+00,1.100071191787719727e+00,8.952580690383911133e-01,8.196824193000793457e-01
-8.523573279380798340e-01,-9.383536577224731445e-01,-8.537025451660156250e-01,-1.099498152732849121e+00,-1.136829853057861328e+00,-9.526026844978332520e-01,-1.068323850631713867e+00,-1.087633848190307617e+00,-9.076144099235534668e-01,-1.172813773155212402e+00,-1.299109935760498047e+00,-1.006858468055725098e+00,-1.401185989379882812e+00,-1.059714674949645996e+00,-1.335294365882873535e+00,-1.121828556060791016e+00,-8.559370040893554688e-01,-1.191883206367492676e+00,-1.016165018081665039e+00,-1.038156032562255859e+00
1.294428825378417969e+00,9.830406308174133301e-01,1.213115811347961426e+00,1.286728739738464355e+00,1.043194413185119629e+00,1.197509288787841797e+00,1.174384713172912598e+00,9.855946302413940430e-01,1.564051032066345215e+00,1.196585416793823242e+00,7.707957625389099121e-01,9.026356339454650879e-01,9.065684080123901367e-01,1.393503189086914062e+00,9.918388724327087402e-01,9.363141059875488281e-01,1.016015529632568359e+00,1.173343300819396973e+00,1.104225277900695801e+00,9.663114547729492188e-01
-1.268644928932189941e+00,-1.023282885551452637e+00,-7.987070083618164062e-01,-8.575229048728942871e-01,-1.062624096870422363e+00,-8.842427134513854980e-01,-1.049531102180480957e+00,-1.269612789154052734e+00,-1.026733279228210449e+00,-8.709139823913574219e-01,-1.292512297630310059e+00,-1.226394653320312500e+00,-1.400953173637390137e+00,-9.443660974502563477e-01,-1.321230769157409668e+00,-9.098034501075744629e-01,-8.586694002151489258e-01,-1.125455498695373535e+00,-9.749776124954223633e-01,-1.309395074844360352e+00
1.221008300781250000e+00,9.810281991958618164e-01,1.009890198707580566e+00,1.168334126472473145e+00,1.298441171646118164e+00,1.010643362998962402e+00,9.334207773208618164e-01,8.128348588943481445e-01,9.471471905708312988e-01,1.013879179954528809e+00,1.413782835006713867e+00,1.089451432228088379e+00,1.094710230827331543e+00,9.459305405616760254e-01,1.291531205177307129e+00,1.279554605484008789e+00,4.940908253192901611e-01,6.061167120933532715e-01,1.023813247680664062e+00,9.684360623359680176e-01
-1.207658290863037109e+00,-8.213165998458862305e-01,-8.818694353103637695e-01,-9.050893187522888184e-01,-1.197039484977722168e+00,-9.898496866226196289e-01,-9.868742227554321289e-01,-1.255663037300109863e+00,-8.495261073112487793e-01,-9.855452179908752441e-01,-1.006700277328491211e+00,-9.805123805999755859e-01,-1.176227569580078125e+00,-1.059271097183227539e+00,-1.226701021194458008e+00,-9.462546110153198242e-01,-8.596786856651306152e-01,-7.632250189781188965e-01,-9.295354485511779785e-01,-9.631966352462768555e-01
1.112476348876953125e+00,1.061965346336364746e+00,1.191931843757629395e+00,1.033493638038635254e+00,8.797103166580200195e-01,1.128053426742553711e+00,1.223574519157409668e+00,8.269860148429870605e-01,1.078610897064208984e+00,1.217051267623901367e+00,1.359253644943237305e+00,1.232913732528686523e+00,1.102125287055969238e+00,1.236015319824218750e+00,7.585462331771850586e-01,1.084648728370666504e+00,7.610124945640563965e-01,9.881595969200134277e-01,7.411393523216247559e-01,1.122921228408813477e+00
4.809513390064239502e-01,3.493136540055274963e-02,3.229190707206726074e-01,1.264830976724624634e-01,4.749478399753570557e-01,2.920235097408294678e-01,3.952327370643615723e-01,2.053681164979934692e-01,4.605339169502258301e-01,3.484461903572082520e-01,2.281457632780075073e-01,2.941661179065704346e-01,1.363994032144546509e-01,3.525657653808593750e-01,-9.344889223575592041e-02,2.694180607795715332e-01,2.341311424970626831e-01,9.734896570444107056e-02,4.465552270412445068e-01,1.517861634492874146e-01
-1.171533107757568359e+00,-8.543819189071655273e-01,-1.099974632263183594e+00,-9.249027371406555176e-01,-1.364720702171325684e+00,-6.648082733154296875e-01,-1.303414821624755859e+00,-9.685787558555603027e-01,-8.888664841651916504e-01,-9.258560538291931152e-01,-1.118270397186279297e+00,-9.371119737625122070e-01,-1.015688776969909668e+00,-8.223493099212646484e-01,-1.119554281234741211e+00,-1.141465663909912109e+00,-1.315298676490783691e+00,-1.228811979293823242e+00,-1.050418019294738770e+00,-7.577304840087890625e-01
-9.454250931739807129e-01,-8.636432290077209473e-01,-9.968991279602050781e-01,-1.181048154830932617e+00,-9.184792637825012207e-01,-1.222246885299682617e+00,-9.766439199447631836e-01,-1.108227729797363281e+00,-1.086356878280639648e+00,-8.858448863029479980e-01,-1.236577868461608887e+00,-8.053048849105834961e-01,-1.265365839004516602e+00,-1.167113780975341797e+00,-9.886775612831115723e-01,-1.051968336105346680e+00,-1.010078191757202148e+00,-1.207798361778259277e+00,-8.211790919303894043e-01,-6.253564357757568359e-01
1.274722814559936523e+00,1.163704156875610352e+00,1.398796439170837402e+00,1.139924168586730957e+00,1.052520155906677246e+00,1.061831831932067871e+00,1.054461121559143066e+00,1.120267510414123535e+00,1.134989976882934570e+00,9.646092057228088379e-01,1.278659224510192871e+00,8.790666460990905762e-01,1.177325725555419922e+00,1.021958470344543457e+00,1.195719838142395020e+00,1.025407671928405762e+00,4.773437380790710449e-01,1.318259358406066895e+00,1.076566934585571289e+00,1.150026202201843262e+00
-9.780425429344177246e-01,-9.380254745483398438e-01,-9.444726705551147461e-01,-1.128592133522033691e+00,-1.042752504348754883e+00,-1.032204508781433105e+00,-1.013866543769836426e+00,-1.010849118232727051e+00,-9.760980606079101562e-01,-8.310723900794982910e-01,-1.102600216865539551e+00,-1.155219674110412598e+00,-1.089591622352600098e+00,-9.959011077880859375e-01,-1.488439679145812988e+00,-8.134838938713073730e-01,-1.327511191368103027e+00,-1.292824268341064453e+00,-1.181190848350524902e+00,-8.968022465705871582e-01
-8.301624655723571777e-01,-1.094918727874755859e+00,-6.683934926986694336e-01,-7.626385092735290527e-01,-8.736783266067504883e-01,-8.458355069160461426e-01,-9.532656669616699219e-01,-7.630177736282348633e-01,-8.573372364044189453e-01,-5.750793814659118652e-01,-9.382764101028442383e-01,-1.049874424934387207e+00,-1.325658798217773438e+00,-9.559887647628784180e-01,-9.386038184165954590e-01,-7.496942281723022461e-01,-8.876597285270690918e-01,-8.780018687248229980e-01,-9.514986276626586914e-01,-1.004649877548217773e+00
-1.127491474151611328e+00,-9.169217944145202637e-01,-1.152097463607788086e+00,-9.647392630577087402e-01,-1.212203025817871094e+00,-8.290852308273315430e-01,-9.907971620559692383e-01,-9.762587547302246094e-01,-8.293607234954833984e-01,-1.343168139457702637e+00,-1.085459589958190918e+00,-9.883928298950195312e-01,-1.222619652748107910e+00,-1.082709670066833496e+00,-1.243925213813781738e+00,-1.083532929420471191e+00,-1.155421495437622070e+00,-8.616527915000915527e-01,-9.354484081268310547e-01,-1.081019759178161621e+00
1.157697916030883789e+00,1.129047274589538574e+00,9.808265566825866699e-01,8.277026414871215820e-01,1.329568147659301758e+00,1.276780128479003906e+00,1.262983679771423340e+00,1.020260214805603027e+00,1.001780986785888672e+00,4.612342417240142822e-01,6.160526871681213379e-01,8.612316846847534180e-01,1.008500099182128906e+00,1.013183712959289551e+00,7.083073258399963379e-01,1.424282670021057129e+00,1.129592418670654297e+00,8.257568478584289551e-01,1.012965798377990723e+00,7.623386979103088379e-01
-7.764121294021606445e-01,-1.137986183166503906e+00,-1.347867846488952637e+00,-1.054955124855041504e+00,-1.122723937034606934e+00,-8.186823129653930664e-01,-6.065415143966674805e-01,-1.097488045692443848e+00,-9.964025020599365234e-01,-1.345343470573425293e+00,-1.237815976142883301e+00,-9.180786609649658203e-01,-1.058714628219604492e+00,-1.403889060020446777e+00,-1.320512056350708008e+00,-9.983553886413574219e-01,-1.049039363861083984e+00,-9.970614910125732422e-01,-1.078493356704711914e+00,-1.121012210845947266e+00
1.302194356918334961e+00,8.689540624618530273e-01,1.081429004669189453e+00,1.426187872886657715e+00,9.022095203399658203e-01,1.378198027610778809e+00,9.904580116271972656e-01,5.322686433792114258e-01,1.260357618331909180e+00,1.569108247756958008e+00,9.226610064506530762e-01,1.146204471588134766e+00,8.350874185562133789e-01,1.202408194541931152e+00,8.910850286483764648e-01,7.924297451972961426e-01,9.421858787536621094e-01,1.496628403663635254e+00,9.312373399734497070e-01,9.109226465225219727e-01
-9.835820198059082031e-01,-1.000006675720214844e+00,-8.908715248107910156e-01,-1.007059574127197266e+00,-8.090741038322448730e-01,-1.051350474357604980e+00,-1.019598126411437988e+00,-1.384948492050170898e+00,-1.145099163055419922e+00,-1.321629762649536133e+00,-8.703768253326416016e-01,-9.876582026481628418e-01,-1.196862459182739258e+00,-5.513791441917419434e-01,-9.756327867507934570e-01,-1.163801074028015137e+00,-1.289716601371765137e+00,-7.675811052322387695e-01,-1.004724144935607910e+00,-1.128947377204895020e+00
-7.926189899444580078e-01,-1.123916029930114746e+00,-1.224015831947326660e+00,-8.933701515197753906e-01,-1.096793413162231445e+00,-1.098185062408447266e+00,-1.162445068359375000e+00,-9.416434764862060547e-01,-7.929440140724182129e-01,-8.151223659515380859e-01,-1.210029482841491699e+00,-6.751578450202941895e-01,-1.248216271400451660e+00,-5.915957689285278320e-01,-1.090006947517395020e+00,-1.181105136871337891e+00,-1.121496677398681641e+00,-1.129473447799682617e+00,-9.897273778915405273e-01,-1.160157680511474609e+00
1.446941971778869629e+00,9.510068297386169434e-01,1.233027935028076172e+00,1.316210389137268066e+00,6.707785725593566895e-01,1.033024549484252930e+00,1.069153189659118652e+00,1.220642924308776855e+00,1.121056318283081055e+00,1.269052147865295410e+00,1.025667667388916016e+00,1.019897937774658203e+00,8.846585154533386230e-01,1.306718945503234863e+00,1.381955623626708984e+00,8.935465216636657715e-01,1.147838115692138672e+00,1.115377664566040039e+00,1.556919217109680176e+00,1.060949921607971191e+00
1.461419701576232910e+00,9.212380647659301758e-01,1.226245641708374023e+00,9.093062281608581543e-01,1.212357044219970703e+00,1.029361248016357422e+00,1.244055151939392090e+00,1.138541460037231445e+00,1.095427989959716797e+00,9.886521100997924805e-01,1.109638810157775879e+00,1.097124099731445312e+00,1.265176415443420410e+00,1.230425834655761719e+00,1.079336524009704590e+00,1.052889108657836914e+00,6.179022192955017090e-01,1.112069487571716309e+00,7.345103621482849121e-01,8.667606711387634277e-01
1.456160187721252441e+00,7.105512022972106934e-01,1.465312719345092773e+00,1.324488878250122070e+00,1.013723134994506836e+00,9.623505473136901855e-01,1.535162925720214844e+00,8.093296289443969727e-01,1.261084794998168945e+00,8.248738646507263184e-01,1.202098727226257324e+00,1.516002297401428223e+00,9.977912902832031250e-01,1.764529824256896973e+00,1.106655120849609375e+00,1.087728023529052734e+00,1.124922275543212891e+00,9.856463670730590820e-01,1.131452560424804688e+00,7.408616542816162109e-01
-9.868843555450439453e-01,-1.073449850082397461e+00,-9.965398311614990234e-01,-8.409161567687988281e-01,-1.135859966278076172e+00,-9.484925270080566406e-01,-1.199693202972412109e+00,-1.156468629837036133e+00,-1.091640472412109375e+00,-1.184705018997192383e+00,-9.811329245567321777e-01,-7.213033437728881836e-01,-1.014919996261596680e+00,-1.067899346351623535e+00,-1.594959020614624023e+00,-9.293609857559204102e-01,-7.538356781005859375e-01,-1.044199824333190918e+00,-9.959135055541992188e-01,-9.995590448379516602e-01
1.135520219802856445e+00,8.850681185722351074e-01,1.044500827789306641e+00,1.197022676467895508e+00,1.485770821571350098e+00,1.384740829467773438e+00,8.519737720489501953e-01,8.632935285568237305e-01,1.279003739356994629e+00,1.060830354690551758e+00,6.970102787017822266e-01,7.282856106758117676e-01,7.711671590805053711e-01,8.879247903823852539e-01,9.162001609802246094e-01,1.423750042915344238e+00,9.230183362960815430e-01,6.623392105102539062e-01,9.221435189247131348e-01,9.008564949035644531e-01
-1.203729510307312012e+00,-1.133467078208923340e+00,-1.028138995170593262e+00,-7.482879757881164551e-01,-1.001452326774597168e+00,-8.728482127189636230e-01,-1.297547578811645508e+00,-1.308404684066772461e+00,-7.670990228652954102e-01,-9.167739748954772949e-01,-9.274874925613403320e-01,-1.060859799385070801e+00,-7.882644534111022949e-01,-1.042792916297912598e+00,-8.729489445686340332e-01,-9.481735825538635254e-01,-1.031928062438964844e+00,-1.014933109283447266e+00,-7.750636339187622070e-01,-1.032832860946655273e+00
1.291631579399108887e+00,1.385374784469604492e+00,1.425467491149902344e+00,1.258851885795593262e+00,1.055418014526367188e+00,1.363276720046997070e+00,9.378596544265747070e-01,1.389698266983032227e+00,9.644011259078979492e-01,1.089012145996093750e+00,7.849147915840148926e-01,9.723649621009826660e-01,8.987347483634948730e-01,1.372295141220092773e+00,4.977859556674957275e-01,1.094392538070678711e+00,9.582448601722717285e-01,1.196393013000488281e+00,1.134034991264343262e+00,1.469205856323242188e+00
-6.482468247413635254e-01,-5.812033414840698242e-01,-5.263508558273315430e-01,-5.095208883285522461e-01,-7.815784215927124023e-01,-6.196222901344299316e-01,-9.923341870307922363e-01,-1.056337594985961914e+00,-5.784102678298950195e-01,-7.249975204467773438e-01,-7.591816186904907227e-01,-6.326619386672973633e-01,-1.049050688743591309e+00,-4.159367680549621582e-01,-8.662970662117004395e-01,-6.886725425720214844e-01,-9.869545698165893555e-01,-8.126413226127624512e-01,-7.953678369522094727e-01,-9.388775229454040527e-01
-1.227221608161926270e+00,-1.011480927467346191e+00,-7.995317578315734863e-01,-8.993405699729919434e-01,-1.431035876274108887e+00,-7.625645995140075684e-01,-1.149025559425354004e+00,-1.218764185905456543e+00,-8.990728855133056641e-01,-1.063888430595397949e+00,-1.126766324043273926e+00,-9.877719283103942871e-01,-1.349931478500366211e+00,-9.703067541122436523e-01,-1.226106047630310059e+00,-1.102703571319580078e+00,-8.763360381126403809e-01,-9.831386208534240723e-01,-9.481844902038574219e-01,-1.214376211166381836e+00
1.334001541137695312e+00,8.536581397056579590e-01,1.437972187995910645e+00,1.099460840225219727e+00,1.049235820770263672e+00,1.128768444061279297e+00,1.377809047698974609e+00,9.427080154418945312e-01,8.230931162834167480e-01,1.179080605506896973e+00,1.049211978912353516e+00,1.248802423477172852e+00,1.044609427452087402e+00,1.205072045326232910e+00,7.734463214874267578e-01,9.226992726325988770e-01,1.029453039169311523e+00,1.284330606460571289e+00,1.173800826072692871e+00,1.212346315383911133e+00
1.160373449325561523e+00,1.129824161529541016e+00,1.000890851020812988e+00,9.740550518035888672e-01,1.247843503952026367e+00,9.091932177543640137e-01,8.754201531410217285e-01,4.340096712112426758e-01,1.284360527992248535e+00,1.098053216934204102e+00,8.233832120895385742e-01,1.079602956771850586e+00,6.722693443298339844e-01,1.587831497192382812e+00,1.279081106185913086e+00,1.115501165390014648e+00,3.915221095085144043e-01,1.249578952789306641e+00,9.759151339530944824e-01,9.090713262557983398e-01
-8.947315812110900879e-01,-1.150098681449890137e+00,-9.273156523704528809e-01,-9.960646629333496094e-01,-1.152998089790344238e+00,-6.846964359283447266e-01,-1.016406416893005371e+00,-1.056879878044128418e+00,-1.044385790824890137e+00,-9.572539329528808594e-01,-1.110254645347595215e+00,-1.009038329124450684e+00,-8.715829849243164062e-01,-9.068481326103210449e-01,-1.221051335334777832e+00,-1.041317582130432129e+00,-1.265550255775451660e+00,-1.111691474914550781e+00,-1.145180106163024902e+00,-1.209769606590270996e+00
-1.060025811195373535e+00,-8.200392723083496094e-01,-8.720703125000000000e-01,-1.169957518577575684e+00,-1.178591132164001465e+00,-8.034058213233947754e-01,-1.114064693450927734e+00,-9.198322892189025879e-01,-8.889203667640686035e-01,-1.288474202156066895e+00,-1.166801691055297852e+00,-1.292365074157714844e+00,-1.191510915756225586e+00,-6.686128377914428711e-01,-1.268958568572998047e+00,-1.093419313430786133e+00,-8.657153844833374023e-01,-1.108997941017150879e+00,-1.046163201332092285e+00,-1.104223370552062988e+00
1.066062688827514648e+00,1.039618849754333496e+00,1.023576498031616211e+00,1.477661967277526855e+00,5.659264922142028809e-01,1.522672414779663086e+00,1.294155120849609375e+00,9.302493333816528320e-01,1.009884953498840332e+00,8.336547017097473145e-01,8.484658002853393555e-01,8.174682259559631348e-01,8.100345730781555176e-01,1.225358605384826660e+00,9.343249797821044922e-01,1.216834425926208496e+00,8.113267421722412109e-01,1.181427240371704102e+00,7.136579155921936035e-01,1.050775408744812012e+00
-8.134689331054687500e-01,-9.593540430068969727e-01,-7.642166614532470703e-01,-9.347687363624572754e-01,-1.080385088920593262e+00,-6.983867287635803223e-01,-8.240804672241210938e-01,-9.824364781379699707e-01,-6.459332704544067383e-01,-1.065463662147521973e+00,-1.146919131278991699e+00,-8.224560022354125977e-01,-1.277847409248352051e+00,-1.076448082923889160e+00,-1.051427245140075684e+00,-1.115585088729858398e+00,-1.086915850639343262e+00,-1.034390449523925781e+00,-1.140449762344360352e+00,-7.831944823265075684e-01
1.262267351150512695e+00,1.135120749473571777e+00,1.109468936920166016e+00,1.389280319213867188e+00,1.058662891387939453e+00,9.131195545196533203e-01,1.342239141464233398e+00,1.060612678527832031e+00,1.238394975662231445e+00,7.593650817871093750e-01,1.150127768516540527e+00,1.048896551132202148e+00,1.109622120857238770e+00,1.444408059120178223e+00,1.197012782096862793e+00,9.921936988830566406e-01,9.701766967773437500e-01,1.080177187919616699e+00,1.288151860237121582e+00,1.205930590629577637e+00
1.668340921401977539e+00,5.228174924850463867e-01,1.298169970512390137e+00,1.296094655990600586e+00,1.062090158462524414e+00,1.228531479835510254e+00,1.093786239624023438e+00,4.711568057537078857e-01,1.335570931434631348e+00,1.283488512039184570e+00,1.222244501113891602e+00,1.131781220436096191e+00,8.386716842651367188e-01,1.592058897018432617e+00,7.158469557762145996e-01,1.002892613410949707e+00,4.796761274337768555e-01,1.299667954444885254e+00,9.480523467063903809e-01,8.815171718597412109e-01
1.647783279418945312e+00,6.022763252258300781e-01,9.864220023155212402e-01,1.484908103942871094e+00,1.231532096862792969e+00,1.097121953964233398e+00,1.138499379158020020e+00,4.092675447463989258e-01,1.283689260482788086e+00,1.078803420066833496e+00,1.142523169517517090e+00,1.276637673377990723e+00,8.777461647987365723e-01,1.545745968818664551e+00,1.009799361228942871e+00,1.042657852172851562e+00,1.192850828170776367e+00,1.042432308197021484e+00,9.238593578338623047e-01,1.350884914398193359e+00
1.148836374282836914e+00,1.355266809463500977e+00,1.055707812309265137e+00,1.150868058204650879e+00,9.953328371047973633e-01,1.070399165153503418e+00,1.203083753585815430e+00,1.007933855056762695e+00,8.244662880897521973e-01,1.110270380973815918e+00,9.359441399574279785e-01,1.052054643630981445e+00,1.011875987052917480e+00,8.678013086318969727e-01,8.403002619743347168e-01,9.466255903244018555e-01,1.308548808097839355e+00,1.098097920417785645e+00,1.272538900375366211e+00,1.022058725357055664e+00
1.257135748863220215e+00,6.256901621818542480e-01,9.015404582023620605e-01,1.485246419906616211e+00,1.101244211196899414e+00,1.269394874572753906e+00,8.298485279083251953e-01,1.043485641479492188e+00,1.357109785079956055e+00,9.819205403327941895e-01,1.398785233497619629e+00,1.528328180313110352e+00,1.400616049766540527e+00,1.809749960899353027e+00,5.587984323501586914e-01,1.378530502319335938e+00,1.153649449348449707e+00,1.126255631446838379e+00,8.897742629051208496e-01,1.120147228240966797e+00
-1.128119707107543945e+00,-1.113304138183593750e+00,-7.429055571556091309e-01,-1.070076584815979004e+00,-8.973746895790100098e-01,-8.442052006721496582e-01,-8.411831855773925781e-01,-1.131774902343750000e+00,-1.098956465721130371e+00,-8.660383820533752441e-01,-1.116338491439819336e+00,-1.033913135528564453e+00,-1.286418914794921875e+00,-1.006151795387268066e+00,-1.414765715599060059e+00,-8.039637207984924316e-01,-9.713575243949890137e-01,-1.215957283973693848e+00,-8.290958404541015625e-01,-9.398584365844726562e-01
-1.051036834716796875e+00,-9.785329103469848633e-01,-9.626519680023193359e-01,-7.468468546867370605e-01,-1.788168907165527344e+00,-6.790136694908142090e-01,-9.612933993339538574e-01,-9.430086016654968262e-01,-1.094455242156982422e+00,-1.039373159408569336e+00,-8.233314752578735352e-01,-1.250654697418212891e+00,-8.283808827400207520e-01,-1.027468681335449219e+00,-1.048068165779113770e+00,-1.166949510574340820e+00,-1.028670787811279297e+00,-1.087469458580017090e+00,-1.296955704689025879e+00,-1.093239188194274902e+00
1.497182369232177734e+00,8.431031703948974609e-01,1.094091057777404785e+00,1.018278002738952637e+00,1.740769505500793457e+00,1.643283843994140625e+00,1.180603265762329102e+00,6.629375815391540527e-01,1.290408611297607422e+00,1.145815849304199219e+00,1.321285367012023926e+00,6.859611868858337402e-01,1.480437874794006348e+00,1.153777480125427246e+00,1.306877493858337402e+00,9.664126038551330566e-01,8.686512708663940430e-01,1.384075164794921875e+00,7.370528578758239746e-01,1.169070959091186523e+00
6.238167285919189453e-01,7.167476415634155273e-01,7.351115942001342773e-01,5.375668406486511230e-01,9.687748551368713379e-01,8.899002671241760254e-01,7.947107553482055664e-01,8.026745319366455078e-01,1.142179727554321289e+00,7.794363498687744141e-01,8.554787039756774902e-01,5.607183575630187988e-01,6.457871794700622559e-01,1.126438021659851074e+00,6.997187733650207520e-01,4.972147047519683838e-01,1.029497385025024414e+00,8.458173871040344238e-01,9.122906327247619629e-01,7.464959025382995605e-01
1.610543131828308105e+00,1.004731416702270508e+00,1.338294386863708496e+00,1.449679732322692871e+00,1.143329262733459473e+00,1.092768192291259766e+00,1.008419275283813477e+00,8.819583058357238770e-01,1.131106495857238770e+00,1.340290188789367676e+00,1.005191683769226074e+00,1.068500757217407227e+00,1.407708406448364258e+00,1.626411318778991699e+00,8.904983997344970703e-01,8.215531110763549805e-01,1.027352571487426758e+00,9.017978310585021973e-01,1.271634936332702637e+00,1.415680170059204102e+00
1.298777103424072266e+00,1.057405948638916016e+00,1.253695249557495117e+00,1.311439990997314453e+00,1.049120068550109863e+00,1.227473139762878418e+00,1.056528806686401367e+00,1.123860597610473633e+00,1.194287896156311035e+00,1.201116561889648438e+00,1.066467165946960449e+00,5.402425527572631836e-01,9.295052886009216309e-01,1.470605492591857910e+00,1.085785269737243652e+00,1.071238398551940918e+00,9.429531693458557129e-01,1.246263742446899414e+00,1.240275859832763672e+00,1.361107826232910156e+00
-3.626447916030883789e-01,-1.138246297836303711e+00,-4.386421740055084229e-01,-8.061149120330810547e-01,-7.271998524665832520e-01,-1.277894377708435059e+00,-8.725053668022155762e-01,-8.944300413131713867e-01,-8.142690062522888184e-01,-7.427709698677062988e-01,-7.861024737358093262e-01,-1.007769584655761719e+00,-9.388631582260131836e-01,-6.590733528137207031e-01,-1.027593493461608887e+00,-8.110370635986328125e-01,-1.187435269355773926e+00,-1.260128021240234375e+00,-1.104547381401062012e+00,-8.371826410293579102e-01
1.023678302764892578e+00,8.531837463378906250e-01,9.319492578506469727e-01,8.083687424659729004e-01,1.254476785659790039e+00,1.006764173507690430e+00,9.368720054626464844e-01,1.153253197669982910e+00,1.207898736000061035e+00,1.237916111946105957e+00,1.044295549392700195e+00,1.078771233558654785e+00,1.082488894462585449e+00,1.507333636283874512e+00,1.090376615524291992e+00,1.125579714775085449e+00,1.405919551849365234e+00,1.110176801681518555e+00,1.087233066558837891e+00,1.152485728263854980e+00
-1.240651011466979980e+00,-7.850135564804077148e-01,-8.313110470771789551e-01,-8.492732644081115723e-01,-1.142909288406372070e+00,-1.039180994033813477e+00,-9.106326103210449219e-01,-1.241341590881347656e+00,-1.113309741020202637e+00,-9.459456801414489746e-01,-1.077072620391845703e+00,-1.041334390640258789e+00,-1.001788020133972168e+00,-1.131975531578063965e+00,-1.460367441177368164e+00,-1.177709579467773438e+00,-9.005073904991149902e-01,-7.644963264465332031e-01,-7.054347991943359375e-01,-9.637789726257324219e-01
1.235657572746276855e+00,1.075827360153198242e+00,1.050637483596801758e+00,1.032626509666442871e+00,1.208639860153198242e+00,1.265440464019775391e+00,6.948481202125549316e-01,8.403136134147644043e-01,1.299193978309631348e+00,7.695114016532897949e-01,1.055190443992614746e+00,8.207482695579528809e-01,8.143873810768127441e-01,1.155333876609802246e+00,8.836817145347595215e-01,8.985582590103149414e-01,9.806115627288818359e-01,1.149317502975463867e+00,5.456918478012084961e-01,1.027060985565185547e+00
-7.991291284561157227e-01,-1.018012166023254395e+00,-1.051828503608703613e+00,-1.014312028884887695e+00,-8.083234429359436035e-01,-9.114311337471008301e-01,-1.214502215385437012e+00,-1.129266977310180664e+00,-6.203720569610595703e-01,-1.019076108932495117e+00,-1.032705545425415039e+00,-7.784156799316406250e-01,-1.239861011505126953e+00,-9.035865664482116699e-01,-9.426612854003906250e-01,-1.061114192008972168e+00,-1.091397404670715332e+00,-1.176434278488159180e+00,-7.025271058082580566e-01,-1.079484939575195312e+00
1.144864320755004883e+00,6.684542894363403320e-01,9.813740253448486328e-01,1.038810849189758301e+00,1.091107368469238281e+00,1.260048508644104004e+00,1.054010272026062012e+00,7.258011102676391602e-01,9.510287642478942871e-01,1.001440405845642090e+00,8.969455957412719727e-01,1.173416972160339355e+00,1.353097081184387207e+00,1.535468578338623047e+00,9.787045717239379883e-01,1.287871241569519043e+00,1.094009995460510254e+00,1.110857605934143066e+00,7.715544700622558594e-01,1.313145279884338379e+00
1.170848488807678223e+00,1.051235079765319824e+00,9.977388978004455566e-01,8.275151252746582031e-01,9.601063728332519531e-01,1.098841309547424316e+00,1.162226557731628418e+00,1.068159103393554688e+00,1.133096575736999512e+00,8.604097962379455566e-01,8.456137776374816895e-01,8.425782918930053711e-01,6.869642138481140137e-01,8.867694139480590820e-01,6.277500391006469727e-01,7.659774422645568848e-01,1.006267905235290527e+00,1.058741331100463867e+00,8.879320621490478516e-01,5.748051404953002930e-01
1.127228856086730957e+00,1.114874243736267090e+00,1.211799144744873047e+00,7.224857211112976074e-01,1.169836997985839844e+00,9.093815684318542480e-01,7.515022754669189453e-01,9.057598710060119629e-01,1.181166291236877441e+00,1.108811974525451660e+00,1.298979878425598145e+00,7.190464735031127930e-01,1.054985404014587402e+00,1.554451465606689453e+00,7.963665723800659180e-01,1.145976781845092773e+00,6.734675765037536621e-01,1.166045427322387695e+00,1.000583648681640625e+00,1.373942136764526367e+00
-1.098438739776611328e+00,-7.459423542022705078e-01,-9.676463007926940918e-01,-7.235653400421142578e-01,-7.681629657745361328e-01,-7.593681812286376953e-01,-7.844179868698120117e-01,-1.131178975105285645e+00,-7.983461022377014160e-01,-1.165325999259948730e+00,-1.185429811477661133e+00,-1.063313245773315430e+00,-1.131114006042480469e+00,-1.089868187904357910e+00,-1.128837823867797852e+00,-1.012049436569213867e+00,-1.234311819076538086e+00,-1.534465193748474121e+00,-1.240943670272827148e+00,-9.121081829071044922e-01
1.173408150672912598e+00,9.042896628379821777e-01,7.652429342269897461e-01,8.037478923797607422e-01,8.025489449501037598e-01,1.135300755500793457e+00,1.094152092933654785e+00,9.057193398475646973e-01,9.265382289886474609e-01,8.652806282043457031e-01,1.151441693305969238e+00,9.464641809463500977e-01,1.195631265640258789e+00,1.139898657798767090e+00,9.451308250427246094e-01,1.225332617759704590e+00,1.201557636260986328e+00,1.068839430809020996e+00,1.073633790016174316e+00,9.570750594139099121e-01
1.417009592056274414e+00,9.669758081436157227e-01,1.161415696144104004e+00,9.144124984741210938e-01,1.053548455238342285e+00,1.243353843688964844e+00,8.828015923500061035e-01,6.832726001739501953e-01,1.072947263717651367e+00,8.809626102447509766e-01,1.142098069190979004e+00,9.774901270866394043e-01,9.003387689590454102e-01,1.329927325248718262e+00,7.343555688858032227e-01,1.125748872756958008e+00,8.688003420829772949e-01,1.108370423316955566e+00,1.137014627456665039e+00,9.944757819175720215e-01
-1.300150990486145020e+00,-9.761673212051391602e-01,-7.162384986877441406e-01,-1.084745764732360840e+00,-1.044821262359619141e+00,-9.616869091987609863e-01,-8.488647937774658203e-01,-1.181907534599304199e+00,-1.061849355697631836e+00,-1.105367541313171387e+00,-1.287919282913208008e+00,-6.417459249496459961e-01,-1.301764726638793945e+00,-1.028555035591125488e+00,-1.230031609535217285e+00,-8.912373185157775879e-01,-9.689731001853942871e-01,-9.311625957489013672e-01,-9.672037363052368164e-01,-1.015528917312622070e+00
-1.066019058227539062e+00,-6.166847944259643555e-01,-1.176679491996765137e+00,-1.109960436820983887e+00,-8.980178833007812500e-01,-8.520750403404235840e-01,-1.140180826187133789e+00,-1.218010067939758301e+00,-1.021253824234008789e+00,-7.367764115333557129e-01,-1.165081262588500977e+00,-1.104252457618713379e+00,-1.051945090293884277e+00,-9.406129121780395508e-01,-1.451995849609375000e+00,-1.176565527915954590e+00,-1.310607314109802246e+00,-9.550112485885620117e-01,-8.638176321983337402e-01,-9.502849578857421875e-01
1.407540082931518555e+00,9.460911154747009277e-01,1.308952569961547852e+00,1.198528885841369629e+00,1.220456242561340332e+00,1.138555884361267090e+00,1.271100044250488281e+00,7.709828615188598633e-01,1.355830788612365723e+00,1.554998159408569336e+00,8.052414059638977051e-01,1.141796469688415527e+00,1.187855362892150879e+00,1.660105466842651367e+00,1.045779824256896973e+00,8.337427377700805664e-01,9.159583449363708496e-01,9.816761612892150879e-01,7.893618941307067871e-01,1.144448995590209961e+00
1.058738350868225098e+00,9.970263242721557617e-01,1.081760883331298828e+00,1.157852768898010254e+00,1.150874614715576172e+00,1.372702956199645996e+00,1.005367755889892578e+00,6.754763722419738770e-01,1.176241755485534668e+00,9.999562501907348633e-01,6.403534412384033203e-01,1.353924632072448730e+00,1.021888613700866699e+00,1.237647652626037598e+00,1.069561004638671875e+00,1.159470319747924805e+00,9.122925996780395508e-01,8.409289121627807617e-01,1.094216108322143555e+00,1.215836167335510254e+00
-1.239196062088012695e+00,-8.127665519714355469e-01,-9.827235341072082520e-01,-9.868515729904174805e-01,-1.127059340476989746e+00,-7.722781300544738770e-01,-1.007098317146301270e+00,-1.320427298545837402e+00,-8.496589660644531250e-01,-1.102842926979064941e+00,-1.196371674537658691e+00,-1.212400555610656738e+00,-1.030283093452453613e+00,-7.970802187919616699e-01,-9.975512027740478516e-01,-1.069233179092407227e+00,-1.041404962539672852e+00,-1.139322280883789062e+00,-9.254537224769592285e-01,-8.958401083946228027e-01
-1.161135911941528320e+00,-9.361959099769592285e-01,-7.999582290649414062e-01,-9.304472208023071289e-01,-9.855774641036987305e-01,-9.854937791824340820e-01,-9.850108623504638672e-01,-1.088112831115722656e+00,-7.637402415275573730e-01,-9.124580621719360352e-01,-1.146991014480590820e+00,-7.557659745216369629e-01,-8.983902931213378906e-01,-1.158328652381896973e+00,-9.928037524223327637e-01,-9.572957158088684082e-01,-9.602337479591369629e-01,-1.013918876647949219e+00,-9.387900233268737793e-01,-9.785100817680358887e-01
1.482971787452697754e+00,8.065291047096252441e-01,1.409424662590026855e+00,1.191050648689270020e+00,9.963058233261108398e-01,1.397398710250854492e+00,7.961328029632568359e-01,1.013198137283325195e+00,1.015901327133178711e+00,1.281612157821655273e+00,1.191427469253540039e+00,1.137899398803710938e+00,1.003791332244873047e+00,1.109944224357604980e+00,7.399739027023315430e-01,1.052633523941040039e+00,9.393507838249206543e-01,1.448120951652526855e+00,1.016163468360900879e+00,1.282416582107543945e+00
8.282321095466613770e-01,1.376094102859497070e+00,7.704053521156311035e-01,1.057925581932067871e+00,1.257145762443542480e+00,1.019016385078430176e+00,1.089628219604492188e+00,1.045148015022277832e+00,1.162804365158081055e+00,1.518958091735839844e+00,9.591069221496582031e-01,6.028563976287841797e-01,1.141143321990966797e+00,1.029639840126037598e+00,1.173084139823913574e+00,7.122750878334045410e-01,1.331649065017700195e+00,1.304033875465393066e+00,1.159230589866638184e+00,1.238436579704284668e+00
1.138633608818054199e+00,7.837260961532592773e-01,1.057708382606506348e+00,1.344580173492431641e+00,1.079489946365356445e+00,1.325407147407531738e+00,1.138316273689270020e+00,7.377843856811523438e-01,1.507219195365905762e+00,1.244935512542724609e+00,9.399483203887939453e-01,9.899739623069763184e-01,1.062680244445800781e+00,1.495553374290466309e+00,1.033297181129455566e+00,8.019157052040100098e-01,1.191764831542968750e+00,1.213085293769836426e+00,7.501234412193298340e-01,1.086518645286560059e+00
-9.164613485336303711e-01,-8.041372895240783691e-01,-1.050345659255981445e+00,-1.087296366691589355e+00,-1.004135608673095703e+00,-6.391503810882568359e-01,-1.115135788917541504e+00,-1.165539741516113281e+00,-9.525375366210937500e-01,-1.123449683189392090e+00,-1.440933108329772949e+00,-1.106052398681640625e+00,-1.128481268882751465e+00,-7.527783513069152832e-01,-1.546403169631958008e+00,-1.343729496002197266e+00,-1.046688199043273926e+00,-1.236764073371887207e+00,-1.004409670829772949e+00,-1.351987242698669434e+00
1.169142842292785645e+00,9.161209464073181152e-01,1.226423025131225586e+00,1.006239175796508789e+00,7.051768898963928223e-01,1.199815511703491211e+00,1.135980129241943359e+00,7.300066351890563965e-01,1.148571610450744629e+00,9.745271205902099609e-01,1.082631468772888184e+00,6.258983016014099121e-01,7.607653737068176270e-01,1.298915624618530273e+00,5.440580844879150391e-01,9.305399656295776367e-01,8.953145742416381836e-01,1.013895988464355469e+00,9.825789928436279297e-01,9.446648359298706055e-01
1.436733961105346680e+00,1.007517695426940918e+00,1.475543379783630371e+00,1.345385551452636719e+00,1.152328848838806152e+00,1.016250848770141602e+00,1.025352597236633301e+00,6.710680127143859863e-01,1.278314352035522461e+00,1.424494743347167969e+00,1.155368804931640625e+00,9.572307467460632324e-01,1.038688182830810547e+00,1.367705821990966797e+00,8.123590946197509766e-01,1.337752938270568848e+00,3.529046177864074707e-01,9.450518488883972168e-01,8.058910965919494629e-01,8.164990544319152832e-01
1.032744765281677246e+00,5.959234833717346191e-01,1.363055467605590820e+00,1.436325907707214355e+00,1.201156020164489746e+00,9.878851175308227539e-01,8.797355294227600098e-01,3.365009725093841553e-01,1.407388687133789062e+00,8.970049023628234863e-01,1.156165957450866699e+00,1.002489805221557617e+00,1.112132310867309570e+00,1.518874287605285645e+00,8.602614998817443848e-01,6.755157113075256348e-01,5.306322574615478516e-01,1.421776294708251953e+00,9.790533185005187988e-01,1.519081950187683105e+00
-1.074921369552612305e+00,-8.444167375564575195e-01,-8.503972291946411133e-01,-9.972531199455261230e-01,-9.083843827247619629e-01,-7.140500545501708984e-01,-1.069730520248413086e+00,-1.080543518066406250e+00,-5.350545644760131836e-01,-9.973889589309692383e-01,-1.247696399688720703e+00,-1.070106387138366699e+00,-1.182047843933105469e+00,-9.475464820861816406e-01,-1.199239730834960938e+00,-1.028973698616027832e+00,-1.403377652168273926e+00,-1.114053130149841309e+00,-8.934822082519531250e-01,-1.228906989097595215e+00
-1.074434161186218262e+00,-7.895393967628479004e-01,-7.127769589424133301e-01,-7.873396873474121094e-01,-8.468018770217895508e-01,-1.258517742156982422e+00,-8.661553859710693359e-01,-1.175741553306579590e+00,-1.054758548736572266e+00,-7.863647341728210449e-01,-9.500787854194641113e-01,-9.656686186790466309e-01,-1.088844537734985352e+00,-1.029692292213439941e+00,-1.147696733474731445e+00,-1.149117827415466309e+00,-1.217360973358154297e+00,-1.271130919456481934e+00,-1.043613314628601074e+00,-1.084657430648803711e+00
1.769277334213256836e+00,6.950095295906066895e-01,1.341962456703186035e+00,1.220601081848144531e+00,1.262827396392822266e+00,1.229560971260070801e+00,1.184510469436645508e+00,7.331738471984863281e-01,1.159308314323425293e+00,1.064348220825195312e+00,1.260097026824951172e+00,1.019170761108398438e+00,9.563713073730468750e-01,1.697092652320861816e+00,7.057191133499145508e-01,1.157284259796142578e+00,5.363278985023498535e-01,9.711878895759582520e-01,8.411621451377868652e-01,1.271498680114746094e+00
-1.163974404335021973e+00,-8.691728115081787109e-01,-8.441705107688903809e-01,-1.175907373428344727e+00,-1.189574241638183594e+00,-9.577355384826660156e-01,-8.746939897537231445e-01,-1.071855783462524414e+00,-1.107864260673522949e+00,-9.580669403076171875e-01,-1.137353539466857910e+00,-9.990652203559875488e-01,-6.939805746078491211e-01,-9.405825138092041016e-01,-1.418790102005004883e+00,-6.353256702423095703e-01,-1.234574437141418457e+00,-1.127630710601806641e+00,-1.090475201606750488e+00,-1.057690501213073730e+00
1.396774411201477051e+00,9.651364684104919434e-01,1.055119991302490234e+00,7.508426904678344727e-01,1.096784114837646484e+00,1.160671472549438477e+00,1.288313865661621094e+00,9.034391641616821289e-01,8.912486433982849121e-01,9.577910900115966797e-01,1.189729571342468262e+00,1.097466826438903809e+00,1.237536907196044922e+00,1.071466207504272461e+00,7.011935710906982422e-01,1.114479899406433105e+00,6.646535396575927734e-01,9.914361834526062012e-01,5.586974024772644043e-01,1.145043373107910156e+00
-1.165773749351501465e+00,-9.384447336196899414e-01,-1.005376696586608887e+00,-1.293014049530029297e+00,-1.117730617523193359e+00,-1.053979039192199707e+00,-9.437264204025268555e-01,-1.089388728141784668e+00,-8.549510836601257324e-01,-9.537402391433715820e-01,-1.129559159278869629e+00,-1.292487144470214844e+00,-9.967585206031799316e-01,-1.240478754043579102e+00,-1.317505240440368652e+00,-1.161427974700927734e+00,-6.867107152938842773e-01,-9.789981842041015625e-01,-7.719488143920898438e-01,-1.160631656646728516e+00
1.277119159698486328e+00,1.147226929664611816e+00,1.337551236152648926e+00,1.063125848770141602e+00,8.143467903137207031e-01,8.918606042861938477e-01,1.041182398796081543e+00,9.299005270004272461e-01,1.279977798461914062e+00,1.062443733215332031e+00,1.014654636383056641e+00,9.678253531455993652e-01,9.151976704597473145e-01,1.200566649436950684e+00,8.196626901626586914e-01,7.311384081840515137e-01,9.922157526016235352e-01,1.155281305313110352e+00,9.115641117095947266e-01,1.045819878578186035e+00
-7.764367461204528809e-01,-1.216885328292846680e+00,-9.556617140769958496e-01,-1.146615982055664062e+00,-1.095189929008483887e+00,-6.176578402519226074e-01,-9.077861905097961426e-01,-1.260625839233398438e+00,-1.094172000885009766e+00,-8.763529062271118164e-01,-1.085558652877807617e+00,-9.176532626152038574e-01,-1.032940983772277832e+00,-8.066542744636535645e-01,-1.480243206024169922e+00,-1.026639103889465332e+00,-8.020093441009521484e-01,-9.988439083099365234e-01,-9.821983575820922852e-01,-1.197714924812316895e+00
9.887953996658325195e-01,1.208998203277587891e+00,1.045958518981933594e+00,7.816409468650817871e-01,1.037018775939941406e+00,1.331224322319030762e+00,1.081525921821594238e+00,7.714225649833679199e-01,1.159916162490844727e+00,1.034800529479980469e+00,8.482455015182495117e-01,1.302729129791259766e+00,9.931447505950927734e-01,1.314229846000671387e+00,5.064771175384521484e-01,1.133430242538452148e+00,8.899158835411071777e-01,1.278427481651306152e+00,9.922431111335754395e-01,9.192089438438415527e-01
-1.104917526245117188e+00,-9.082602858543395996e-01,-9.891568422317504883e-01,-1.300635337829589844e+00,-9.049923419952392578e-01,-1.101080179214477539e+00,-5.695320367813110352e-01,-1.002396345138549805e+00,-7.644614577293395996e-01,-1.130668520927429199e+00,-9.661347866058349609e-01,-7.810457348823547363e-01,-1.176561236381530762e+00,-6.428164839744567871e-01,-1.190161108970642090e+00,-8.490411043167114258e-01,-1.093619465827941895e+00,-9.057283401489257812e-01,-8.853191733360290527e-01,-7.271605730056762695e-01
1.376925945281982422e+00,1.060662388801574707e+00,1.233755588531494141e+00,1.246856451034545898e+00,1.063525080680847168e+00,1.023315787315368652e+00,1.371765136718750000e+00,1.023879408836364746e+00,1.193051338195800781e+00,7.850008606910705566e-01,1.056679487228393555e+00,1.053074598312377930e+00,1.253668308258056641e+00,1.240562438964843750e+00,9.107129573822021484e-01,1.044847846031188965e+00,8.763739466667175293e-01,1.076300024986267090e+00,1.074085116386413574e+00,1.357595682144165039e+00
1.071094274520874023e+00,1.276924490928649902e+00,1.101526975631713867e+00,1.138708591461181641e+00,9.814609289169311523e-01,1.095289468765258789e+00,1.166395783424377441e+00,7.299676537513732910e-01,1.022517442703247070e+00,5.433170795440673828e-01,1.081337928771972656e+00,1.090604305267333984e+00,1.091203927993774414e+00,1.580196380615234375e+00,1.054334998130798340e+00,1.034257054328918457e+00,1.030092597007751465e+00,1.257136344909667969e+00,1.017598509788513184e+00,8.260599970817565918e-01
-9.247165918350219727e-01,-1.147127032279968262e+00,-5.665726065635681152e-01,-9.155268669128417969e-01,-1.001105904579162598e+00,-8.639109730720520020e-01,-1.141121387481689453e+00,-1.366443037986755371e+00,-8.413056135177612305e-01,-9.765866994857788086e-01,-1.166071414947509766e+00,-1.121914625167846680e+00,-1.008583903312683105e+00,-5.662040710449218750e-01,-1.008868932723999023e+00,-9.953541159629821777e-01,-9.969259500503540039e-01,-1.057150959968566895e+00,-9.959950447082519531e-01,-7.305628061294555664e-01
-6.862628459930419922e-01,-9.826314449310302734e-01,-8.581140637397766113e-01,-1.076738834381103516e+00,-9.128134250640869141e-01,-9.367106556892395020e-01,-7.395011186599731445e-01,-1.273652553558349609e+00,-6.812926530838012695e-01,-1.096845984458923340e+00,-1.057620644569396973e+00,-1.112368702888488770e+00,-1.262314915657043457e+00,-1.036382913589477539e+00,-1.190589189529418945e+00,-9.410929083824157715e-01,-8.743330836296081543e-01,-8.938512206077575684e-01,-8.684504628181457520e-01,-1.032993674278259277e+00
-8.835085630416870117e-01,-6.818678975105285645e-01,-8.821078538894653320e-01,-1.009907126426696777e+00,-1.103407859802246094e+00,-6.729356050491333008e-01,-9.058807492256164551e-01,-1.144311189651489258e+00,-9.741917848587036133e-01,-1.063932895660400391e+00,-9.993757605552673340e-01,-1.020839214324951172e+00,-9.597955942153930664e-01,-7.833704352378845215e-01,-9.493031501770019531e-01,-1.043612241744995117e+00,-1.141870021820068359e+00,-1.201954483985900879e+00,-7.942866086959838867e-01,-1.144363999366760254e+00
-1.018041849136352539e+00,-9.793460965156555176e-01,-9.290402531623840332e-01,-1.187374830245971680e+00,-1.215453386306762695e+00,-8.293054699897766113e-01,-8.521910905838012695e-01,-1.199943304061889648e+00,-9.712424278259277344e-01,-9.750989079475402832e-01,-9.550757408142089844e-01,-1.315774202346801758e+00,-1.110296368598937988e+00,-1.249091267585754395e+00,-1.018532276153564453e+00,-9.636994004249572754e-01,-1.058914184570312500e+00,-8.293664455413818359e-01,-9.023347496986389160e-01,-1.036450147628784180e+00
1.668662190437316895e+00,1.193023920059204102e+00,1.441461205482482910e+00,8.628809452056884766e-01,1.405246257781982422e+00,1.128107309341430664e+00,1.174220085144042969e+00,9.817295074462890625e-01,1.131896495819091797e+00,1.333093762397766113e+00,1.258765459060668945e+00,1.455684542655944824e+00,1.094605088233947754e+00,1.262152910232543945e+00,7.182049155235290527e-01,1.056236386299133301e+00,7.708258032798767090e-01,1.050524353981018066e+00,9.771437048912048340e-01,9.309470057487487793e-01
-1.041937708854675293e+00,-1.085615158081054688e+00,-1.238659620285034180e+00,-1.085097312927246094e+00,-9.507797360420227051e-01,-9.395630955696105957e-01,-6.937855482101440430e-01,-1.264492511749267578e+00,-1.018287658691406250e+00,-9.577991962432861328e-01,-1.193818211555480957e+00,-7.980781793594360352e-01,-1.264548778533935547e+00,-8.056117296218872070e-01,-1.312252759933471680e+00,-1.313236832618713379e+00,-1.023062229156494141e+00,-1.391134023666381836e+00,-1.004443883895874023e+00,-7.219268679618835449e-01
1.088278055191040039e+00,6.277358531951904297e-01,1.270110130310058594e+00,7.256747484207153320e-01,8.790995478630065918e-01,8.968317508697509766e-01,1.051049590110778809e+00,4.237170815467834473e-01,9.002757668495178223e-01,1.125752687454223633e+00,1.088696241378784180e+00,1.088439822196960449e+00,1.085708260536193848e+00,8.646855950355529785e-01,6.183500885963439941e-01,9.279961585998535156e-01,9.487952589988708496e-01,9.564021229743957520e-01,6.473333835601806641e-01,6.682768464088439941e-01
1.403761506080627441e+00,5.906317234039306641e-01,7.666590213775634766e-01,1.282789111137390137e+00,1.296301960945129395e+00,1.089907407760620117e+00,1.173767447471618652e+00,1.051526427268981934e+00,1.290350914001464844e+00,9.055525064468383789e-01,1.001976847648620605e+00,9.416721463203430176e-01,9.001230597496032715e-01,1.175693511962890625e+00,9.456623792648315430e-01,1.119944810867309570e+00,1.303315877914428711e+00,1.361306190490722656e+00,1.203931331634521484e+00,1.340840101242065430e+00
1.006336927413940430e+00,7.579362392425537109e-01,8.485496640205383301e-01,1.307080745697021484e+00,1.332248926162719727e+00,8.439564108848571777e-01,1.022565960884094238e+00,9.044935107231140137e-01,1.118002295494079590e+00,1.157955408096313477e+00,1.128241896629333496e+00,1.076185107231140137e+00,8.781213760375976562e-01,1.097709417343139648e+00,1.142562031745910645e+00,1.516787290573120117e+00,1.191245555877685547e+00,1.311117887496948242e+00,8.052645921707153320e-01,1.020242333412170410e+00
1.268476009368896484e+00,1.065348505973815918e+00,1.278424620628356934e+00,1.299683094024658203e+00,9.687089323997497559e-01,1.339553356170654297e+00,9.017657041549682617e-01,8.688318729400634766e-01,1.374063611030578613e+00,9.520257115364074707e-01,1.242597818374633789e+00,6.873536109924316406e-01,9.583859443664550781e-01,1.393662571907043457e+00,9.864607453346252441e-01,1.144001841545104980e+00,1.182795166969299316e+00,1.492036819458007812e+00,1.188949584960937500e+00,8.882591128349304199e-01
-9.530483484268188477e-01,-1.217289328575134277e+00,-7.877995371818542480e-01,-1.132488250732421875e+00,-8.913758993148803711e-01,-8.614755272865295410e-01,-1.219503641128540039e+00,-1.140066862106323242e+00,-8.761547207832336426e-01,-1.212604641914367676e+00,-1.252818703651428223e+00,-7.385628223419189453e-01,-1.087506294250488281e+00,-1.085625767707824707e+00,-1.298462510108947754e+00,-1.030211210250854492e+00,-1.003012895584106445e+00,-8.836989402770996094e-01,-9.191434383392333984e-01,-8.644043803215026855e-01
-1.034705281257629395e+00,-1.018926858901977539e+00,-7.313145995140075684e-01,-7.945308089256286621e-01,-1.106750965118408203e+00,-7.649868726730346680e-01,-1.157976865768432617e+00,-1.135328292846679688e+00,-1.195989966392517090e+00,-1.050081014633178711e+00,-1.066598892211914062e+00,-8.233785629272460938e-01,-1.112088084220886230e+00,-1.162800550460815430e+00,-1.568606495857238770e+00,-1.072930812835693359e+00,-9.703106880187988281e-01,-9.119708538055419922e-01,-8.216886520385742188e-01,-6.551013588905334473e-01
-8.592134118080139160e-01,-8.853183388710021973e-01,-8.454242944717407227e-01,-9.989225864410400391e-01,-1.036413908004760742e+00,-1.022001028060913086e+00,-8.281486630439758301e-01,-1.272509694099426270e+00,-5.566979646682739258e-01,-1.179030418395996094e+00,-1.088068604469299316e+00,-9.072209000587463379e-01,-9.196425676345825195e-01,-1.039272665977478027e+00,-1.058740973472595215e+00,-1.071928501129150391e+00,-9.240612983703613281e-01,-1.286517143249511719e+00,-7.133336067199707031e-01,-1.043646693229675293e+00
1.163453221321105957e+00,1.080076336860656738e+00,1.274355173110961914e+00,9.615780115127563477e-01,1.232743740081787109e+00,1.236891150474548340e+00,1.402622222900390625e+00,8.861255049705505371e-01,1.112612366676330566e+00,1.110482454299926758e+00,6.527393460273742676e-01,1.071282029151916504e+00,1.033442378044128418e+00,9.137395620346069336e-01,8.193227052688598633e-01,1.374503016471862793e+00,8.022683858871459961e-01,1.128033041954040527e+00,8.031232357025146484e-01,1.071161389350891113e+00
1.071196198463439941e+00,5.926194787025451660e-01,6.207800507545471191e-01,5.335030555725097656e-01,9.769243001937866211e-01,1.042928099632263184e+00,8.175159692764282227e-01,7.095105051994323730e-01,7.107110619544982910e-01,4.965686202049255371e-01,8.412754535675048828e-01,8.433278799057006836e-01,6.075593233108520508e-01,7.440379261970520020e-01,6.362674236297607422e-01,9.681065082550048828e-01,1.012198209762573242e+00,9.279727339744567871e-01,5.194523930549621582e-01,5.614454746246337891e-01
-9.876349568367004395e-01,-1.356245517730712891e+00,-1.127750515937805176e+00,-9.180598855018615723e-01,-1.203814744949340820e+00,-9.467709064483642578e-01,-7.741801738739013672e-01,-8.621034026145935059e-01,-8.090698122978210449e-01,-1.126646280288696289e+00,-1.157082557678222656e+00,-1.208970308303833008e+00,-1.133337736129760742e+00,-1.075854659080505371e+00,-8.355117440223693848e-01,-1.246892452239990234e+00,-9.468232989311218262e-01,-1.201245069503784180e+00,-1.036329984664916992e+00,-1.001983523368835449e+00
1.708647847175598145e+00,1.049075365066528320e+00,1.021553874015808105e+00,1.370891809463500977e+00,1.199711799621582031e+00,1.381312489509582520e+00,8.862864971160888672e-01,8.727674484252929688e-01,1.242807507514953613e+00,1.027199625968933105e+00,1.277696490287780762e+00,1.075129270553588867e+00,1.007058858871459961e+00,1.429543137550354004e+00,8.806235194206237793e-01,1.092208147048950195e+00,8.832836747169494629e-01,1.205828547477722168e+00,1.070864915847778320e+00,9.703498482704162598e-01
1.541446089744567871e+00,1.025717139244079590e+00,1.254314064979553223e+00,9.234638214111328125e-01,1.481767296791076660e+00,1.068319559097290039e+00,5.931678414344787598e-01,9.949109554290771484e-01,1.067073702812194824e+00,1.219992518424987793e+00,9.348685145378112793e-01,1.115702629089355469e+00,1.036553859710693359e+00,1.122766494750976562e+00,8.178359270095825195e-01,1.253320336341857910e+00,9.406132698059082031e-01,1.011846423149108887e+00,6.518529653549194336e-01,1.466148972511291504e+00
1.628066658973693848e+00,9.485023617744445801e-01,8.334717154502868652e-01,7.557837367057800293e-01,9.117741584777832031e-01,1.218685865402221680e+00,9.906069040298461914e-01,8.704274296760559082e-01,9.475725889205932617e-01,9.925087690353393555e-01,9.868608117103576660e-01,1.095199227333068848e+00,1.059257268905639648e+00,1.272647976875305176e+00,1.113059997558593750e+00,1.058259606361389160e+00,1.094161868095397949e+00,1.338664770126342773e+00,7.086836099624633789e-01,1.241341590881347656e+00
1.671515256166458130e-01,3.085459768772125244e-01,6.046337485313415527e-01,2.308475412428379059e-02,5.652800202369689941e-01,6.428062319755554199e-01,4.921689629554748535e-01,5.741689801216125488e-01,4.354891479015350342e-01,4.839572310447692871e-01,4.744281768798828125e-01,3.794705271720886230e-01,3.501136600971221924e-01,4.689770936965942383e-01,3.518215119838714600e-01,4.420151114463806152e-01,9.519931674003601074e-01,4.121461510658264160e-01,4.109508693218231201e-01,1.664991974830627441e-01
1.167592644691467285e+00,7.827000617980957031e-01,1.316267132759094238e+00,1.478525638580322266e+00,1.465279340744018555e+00,1.315427660942077637e+00,1.190210580825805664e+00,5.870313644409179688e-01,1.147676944732666016e+00,1.233264923095703125e+00,7.061432003974914551e-01,7.965207099914550781e-01,6.630293130874633789e-01,1.523704290390014648e+00,8.089443445205688477e-01,1.172260403633117676e+00,7.249551415443420410e-01,9.431885480880737305e-01,9.533184170722961426e-01,9.784995317459106445e-01
-1.082998752593994141e+00,-6.351426243782043457e-01,-7.122337818145751953e-01,-1.139051198959350586e+00,-8.233193159103393555e-01,-1.139876604080200195e+00,-9.355093836784362793e-01,-1.114655852317810059e+00,-7.869716882705688477e-01,-9.055355191230773926e-01,-1.270265698432922363e+00,-8.483837842941284180e-01,-1.182421445846557617e+00,-8.588663339614868164e-01,-1.134525656700134277e+00,-1.021574616432189941e+00,-1.011960983276367188e+00,-8.111975789070129395e-01,-9.174467325210571289e-01,-1.182610869407653809e+00
1.303049802780151367e+00,1.054224729537963867e+00,1.499673604965209961e+00,1.010131239891052246e+00,1.156540632247924805e+00,1.116049051284790039e+00,1.029254198074340820e+00,7.886784076690673828e-01,1.263441085815429688e+00,1.263492345809936523e+00,9.253875017166137695e-01,9.705728888511657715e-01,7.634557485580444336e-01,1.658960938453674316e+00,6.743640899658203125e-01,9.179500937461853027e-01,7.048572897911071777e-01,1.034607529640197754e+00,8.598709106445312500e-01,1.041659593582153320e+00
-1.106774449348449707e+00,-1.026290297508239746e+00,-7.575155496597290039e-01,-9.577054381370544434e-01,-9.623854756355285645e-01,-7.085162401199340820e-01,-8.548531532287597656e-01,-1.221787095069885254e+00,-1.096686601638793945e+00,-1.090017557144165039e+00,-1.208696246147155762e+00,-1.058616042137145996e+00,-1.094143152236938477e+00,-1.337787389755249023e+00,-1.385480284690856934e+00,-1.066030621528625488e+00,-1.110294461250305176e+00,-1.138293981552124023e+00,-1.214104175567626953e+00,-1.287345170974731445e+00
-9.230949282646179199e-01,-1.193328142166137695e+00,-1.150182485580444336e+00,-9.688217639923095703e-01,-9.426021575927734375e-01,-7.046163678169250488e-01,-1.286812067031860352e+00,-1.117797136306762695e+00,-7.876319289207458496e-01,-9.583050012588500977e-01,-1.045943140983581543e+00,-1.004077315330505371e+00,-1.345822334289550781e+00,-9.062747359275817871e-01,-7.700294256210327148e-01,-8.322348594665527344e-01,-8.643671870231628418e-01,-1.125076055526733398e+00,-9.585866332054138184e-01,-8.463269472122192383e-01
1.271216392517089844e+00,1.329120039939880371e+00,1.051668286323547363e+00,1.387150883674621582e+00,1.186549425125122070e+00,1.359774231910705566e+00,1.197419285774230957e+00,6.059024930000305176e-01,8.461388945579528809e-01,1.594372391700744629e+00,1.116246104240417480e+00,8.655926585197448730e-01,8.406485319137573242e-01,1.336085081100463867e+00,1.145168423652648926e+00,7.812867760658264160e-01,9.369437694549560547e-01,8.379440307617187500e-01,1.745516657829284668e+00,1.092459559440612793e+00
-1.023200988769531250e+00,-1.034753799438476562e+00,-1.119141578674316406e+00,-1.270117878913879395e+00,-9.635335803031921387e-01,-7.702873349189758301e-01,-1.091948032379150391e+00,-1.062430620193481445e+00,-1.018894910812377930e+00,-1.021324276924133301e+00,-1.186996340751647949e+00,-9.642385840415954590e-01,-7.289284467697143555e-01,-7.046325802803039551e-01,-8.574843406677246094e-01,-1.200776696205139160e+00,-1.057767987251281738e+00,-1.245012283325195312e+00,-8.620824217796325684e-01,-1.064381480216979980e+00
1.393315553665161133e+00,1.009124755859375000e+00,1.317823410034179688e+00,1.118039846420288086e+00,7.631109952926635742e-01,1.184792399406433105e+00,1.217882513999938965e+00,9.210110902786254883e-01,1.436659932136535645e+00,1.140802145004272461e+00,9.410040378570556641e-01,1.330416560173034668e+00,1.085831522941589355e+00,1.476887941360473633e+00,7.258007526397705078e-01,1.031159877777099609e+00,8.809909224510192871e-01,1.241764068603515625e+00,1.012814521789550781e+00,1.208812355995178223e+00
1.151961684226989746e+00,1.300636887550354004e+00,8.359200358390808105e-01,8.742462992668151855e-01,1.054656744003295898e+00,1.557679772377014160e+00,1.231074452400207520e+00,1.265855312347412109e+00,1.069077014923095703e+00,1.019205927848815918e+00,1.241594791412353516e+00,1.414626479148864746e+00,1.139359951019287109e+00,1.201480627059936523e+00,9.823037981986999512e-01,9.098354578018188477e-01,1.124341964721679688e+00,1.117329239845275879e+00,1.120662212371826172e+00,1.233359456062316895e+00
1.352945089340209961e+00,8.606933355331420898e-01,1.176499247550964355e+00,1.155063271522521973e+00,1.427214503288269043e+00,1.048004150390625000e+00,1.290359973907470703e+00,8.087871670722961426e-01,9.541032314300537109e-01,8.091546893119812012e-01,8.020122051239013672e-01,1.119556665420532227e+00,8.723875880241394043e-01,1.163205981254577637e+00,1.092130541801452637e+00,5.649390816688537598e-01,1.378984332084655762e+00,1.079497694969177246e+00,9.708851575851440430e-01,9.958233237266540527e-01
1.018481612205505371e+00,7.303653955459594727e-01,1.168761134147644043e+00,7.338391542434692383e-01,1.013087511062622070e+00,1.051791429519653320e+00,7.023978233337402344e-01,3.340075910091400146e-01,7.493224143981933594e-01,1.017443060874938965e+00,7.716498970985412598e-01,8.224568367004394531e-01,4.331243038177490234e-01,9.964005947113037109e-01,5.025494098663330078e-01,1.116837501525878906e+00,6.958665251731872559e-01,1.249934792518615723e+00,4.647642672061920166e-01,4.115187823772430420e-01
1.336858868598937988e+00,1.032998204231262207e+00,9.664088487625122070e-01,1.567409873008728027e+00,1.060161113739013672e+00,1.381521105766296387e+00,9.636090993881225586e-01,9.321035146713256836e-01,1.348699212074279785e+00,1.346352338790893555e+00,1.206673502922058105e+00,1.091464161872863770e+00,8.847910165786743164e-01,1.416801333427429199e+00,1.087206959724426270e+00,9.412872195243835449e-01,9.075528383255004883e-01,1.283132433891296387e+00,1.086263895034790039e+00,1.178685665130615234e+00
1.104706048965454102e+00,9.667196869850158691e-01,1.102054238319396973e+00,1.206834077835083008e+00,1.127557039260864258e+00,1.185478568077087402e+00,1.271742105484008789e+00,4.040826261043548584e-01,1.248468518257141113e+00,1.579348087310791016e+00,8.032245635986328125e-01,1.067101240158081055e+00,1.206864356994628906e+00,1.605407834053039551e+00,5.777426958084106445e-01,8.871324062347412109e-01,9.962871670722961426e-01,1.176687955856323242e+00,9.692072868347167969e-01,1.087404727935791016e+00
-1.199830651283264160e+00,-1.097654461860656738e+00,-8.865137100219726562e-01,-8.591509461402893066e-01,-8.693756461143493652e-01,-9.150624871253967285e-01,-9.890702366828918457e-01,-1.300942420959472656e+00,-9.501532912254333496e-01,-9.322782754898071289e-01,-1.356232285499572754e+00,-8.230118751525878906e-01,-1.292890906333923340e+00,-1.274793982505798340e+00,-1.238539099693298340e+00,-8.361961841583251953e-01,-1.192231059074401855e+00,-9.745439291000366211e-01,-8.662344813346862793e-01,-9.697030782699584961e-01
-1.084464669227600098e+00,-1.273856043815612793e+00,-9.609115719795227051e-01,-8.350300192832946777e-01,-8.684644699096679688e-01,-1.162092804908752441e+00,-1.004764676094055176e+00,-1.051091670989990234e+00,-8.111160397529602051e-01,-9.465813040733337402e-01,-1.052618145942687988e+00,-1.093254208564758301e+00,-1.249664068222045898e+00,-1.039308071136474609e+00,-1.246110677719116211e+00,-9.778332710266113281e-01,-1.191067218780517578e+00,-1.058769464492797852e+00,-7.036197781562805176e-01,-1.255615592002868652e+00
1.063644647598266602e+00,8.207682967185974121e-01,5.627830624580383301e-01,6.763228178024291992e-01,8.165841102600097656e-01,6.845477819442749023e-01,4.580778777599334717e-01,3.472924530506134033e-01,5.310937762260437012e-01,6.909921765327453613e-01,6.196992397308349609e-01,3.665915429592132568e-01,5.607084631919860840e-01,6.976725459098815918e-01,2.656110525131225586e-01,7.128959894180297852e-01,1.979988664388656616e-01,5.927190184593200684e-01,6.403094530105590820e-01,6.977245211601257324e-01
1.244759798049926758e+00,4.678552746772766113e-01,9.461781382560729980e-01,9.366005063056945801e-01,1.191392779350280762e+00,1.224888086318969727e+00,9.522057771682739258e-01,9.155141115188598633e-01,1.033178091049194336e+00,1.390587925910949707e+00,1.241897702217102051e+00,1.128592729568481445e+00,9.041552543640136719e-01,1.324961185455322266e+00,6.313390135765075684e-01,8.577506542205810547e-01,5.336742401123046875e-01,8.706495165824890137e-01,8.725363612174987793e-01,1.470278620719909668e+00
1.270181179046630859e+00,1.267130017280578613e+00,1.302771687507629395e+00,1.539237022399902344e+00,9.937248229980468750e-01,1.000718832015991211e+00,8.620178103446960449e-01,7.724284529685974121e-01,9.790195822715759277e-01,1.229812026023864746e+00,1.311001896858215332e+00,1.240190386772155762e+00,1.321544170379638672e+00,1.424387693405151367e+00,9.435310959815979004e-01,1.635613918304443359e+00,1.118408203125000000e+00,1.239430546760559082e+00,7.988041043281555176e-01,1.179590344429016113e+00
1.245713353157043457e+00,1.148789763450622559e+00,1.320475101470947266e+00,1.172724485397338867e+00,7.297482490539550781e-01,1.244576573371887207e+00,1.254765391349792480e+00,8.628334999084472656e-01,8.068273663520812988e-01,8.099480867385864258e-01,1.119827866554260254e+00,9.010003209114074707e-01,1.033970832824707031e+00,1.147949218750000000e+00,6.245708465576171875e-01,1.056636810302734375e+00,7.630321383476257324e-01,1.261344194412231445e+00,9.962801933288574219e-01,1.345921277999877930e+00
-8.852164745330810547e-01,-6.944833993911743164e-01,-5.028259158134460449e-01,-8.255926370620727539e-01,-6.046704649925231934e-01,-5.935143232345581055e-01,-1.183530807495117188e+00,-9.399351477622985840e-01,-8.952528238296508789e-01,-6.812836527824401855e-01,-7.123938798904418945e-01,-8.942883610725402832e-01,-6.944974064826965332e-01,-8.176664113998413086e-01,-6.386085152626037598e-01,-8.101956844329833984e-01,-8.083893060684204102e-01,-7.663310766220092773e-01,-6.547744870185852051e-01,-1.088646411895751953e+00
9.911245107650756836e-01,1.306038856506347656e+00,9.950725436210632324e-01,1.208528995513916016e+00,9.644348621368408203e-01,1.043752431869506836e+00,9.978956580162048340e-01,7.323296666145324707e-01,8.327206969261169434e-01,1.046040177345275879e+00,1.005578279495239258e+00,9.469085335731506348e-01,1.100867271423339844e+00,1.383481264114379883e+00,7.637787461280822754e-01,1.126666188240051270e+00,9.736189842224121094e-01,1.176764607429504395e+00,1.087792396545410156e+00,1.280970096588134766e+00
-9.644987583160400391e-01,-8.398787379264831543e-01,-1.033743619918823242e+00,-7.063115835189819336e-01,-1.193767309188842773e+00,-9.385814070701599121e-01,-1.083227157592773438e+00,-8.260387182235717773e-01,-1.258127093315124512e+00,-1.301205277442932129e+00,-9.888198375701904297e-01,-1.179850101470947266e+00,-1.167180776596069336e+00,-8.112232685089111328e-01,-1.118846774101257324e+00,-9.460927844047546387e-01,-1.158827900886535645e+00,-1.013718724250793457e+00,-1.008183717727661133e+00,-8.691227436065673828e-01
-1.131545305252075195e+00,-1.080342769622802734e+00,-8.112960457801818848e-01,-1.325676679611206055e+00,-1.244276642799377441e+00,-7.266275286674499512e-01,-1.113303780555725098e+00,-1.212470054626464844e+00,-6.854999661445617676e-01,-1.159918308258056641e+00,-9.849447011947631836e-01,-9.438761472702026367e-01,-1.201578259468078613e+00,-1.091037869453430176e+00,-1.074820756912231445e+00,-1.041635990142822266e+00,-9.231525659561157227e-01,-9.280844330787658691e-01,-6.650599837303161621e-01,-1.065929651260375977e+00
1.327051281929016113e+00,1.113475441932678223e+00,1.010976672172546387e+00,9.961335659027099609e-01,1.021613717079162598e+00,8.198606371879577637e-01,8.201799988746643066e-01,1.249036073684692383e+00,1.076178073883056641e+00,9.907109737396240234e-01,1.053668260574340820e+00,1.076938867568969727e+00,1.210431098937988281e+00,1.388715267181396484e+00,8.983319401741027832e-01,1.365326523780822754e+00,8.368932604789733887e-01,1.026750922203063965e+00,1.192742824554443359e+00,9.417577385902404785e-01
1.262387394905090332e+00,9.720153808593750000e-01,5.684265494346618652e-01,1.100775003433227539e+00,1.154134154319763184e+00,1.257871627807617188e+00,1.067247986793518066e+00,1.016591548919677734e+00,9.344729185104370117e-01,1.217061042785644531e+00,9.211519360542297363e-01,8.423174023628234863e-01,4.064970016479492188e-01,1.075628399848937988e+00,6.303362846374511719e-01,1.073941469192504883e+00,1.069923043251037598e+00,1.225080609321594238e+00,1.296789646148681641e+00,1.169974327087402344e+00
1.144417881965637207e+00,9.077240228652954102e-01,1.458602786064147949e+00,9.978596568107604980e-01,1.044982433319091797e+00,1.134989976882934570e+00,1.265135049819946289e+00,8.887504935264587402e-01,8.671174049377441406e-01,8.115831017494201660e-01,1.093326807022094727e+00,4.787184000015258789e-01,7.707191109657287598e-01,1.274927496910095215e+00,4.724904894828796387e-01,8.260082006454467773e-01,1.049808263778686523e+00,7.588657140731811523e-01,1.105532646179199219e+00,9.218897223472595215e-01
-1.236130237579345703e+00,-9.797123074531555176e-01,-1.089956998825073242e+00,-1.433362960815429688e+00,-1.039562940597534180e+00,-8.476094007492065430e-01,-9.312782883644104004e-01,-1.057102441787719727e+00,-1.163239121437072754e+00,-1.278659462928771973e+00,-7.168912291526794434e-01,-1.052519202232360840e+00,-1.138149619102478027e+00,-7.983815073966979980e-01,-1.083281755447387695e+00,-1.100248694419860840e+00,-1.137574076652526855e+00,-1.233133316040039062e+00,-9.604944586753845215e-01,-1.273620009422302246e+00
-8.607147932052612305e-01,-7.976877689361572266e-01,-9.109122753143310547e-01,-1.064537763595581055e+00,-1.293718099594116211e+00,-5.827952027320861816e-01,-1.067276716232299805e+00,-8.486272096633911133e-01,-9.110368490219116211e-01,-1.031035661697387695e+00,-1.022862434387207031e+00,-1.059952139854431152e+00,-1.286192059516906738e+00,-9.274877309799194336e-01,-1.384950995445251465e+00,-1.024024844169616699e+00,-1.284011602401733398e+00,-8.359492421150207520e-01,-9.918676018714904785e-01,-1.224782705307006836e+00
1.275402188301086426e+00,8.942587375640869141e-01,1.464866518974304199e+00,1.063737988471984863e+00,9.974458813667297363e-01,1.271641373634338379e+00,1.040346384048461914e+00,8.812766671180725098e-01,1.204881072044372559e+00,9.155563712120056152e-01,1.073374390602111816e+00,1.076978206634521484e+00,9.591048359870910645e-01,1.144907236099243164e+00,6.952219009399414062e-01,7.739267945289611816e-01,1.464754700660705566e+00,1.090525865554809570e+00,7.248573303222656250e-01,1.224089384078979492e+00
8.448438644409179688e-01,1.397290349006652832e+00,1.302446961402893066e+00,1.163173675537109375e+00,1.071839451789855957e+00,1.021640300750732422e+00,1.112229108810424805e+00,1.190958380699157715e+00,9.602181911468505859e-01,1.033427000045776367e+00,9.536615610122680664e-01,1.085607647895812988e+00,1.276164412498474121e+00,1.485627651214599609e+00,9.530666470527648926e-01,1.139284253120422363e+00,9.712113738059997559e-01,1.126418352127075195e+00,9.131600260734558105e-01,1.474972248077392578e+00
7.686066031455993652e-01,4.112563729286193848e-01,7.689697146415710449e-01,2.984738945960998535e-01,5.316866636276245117e-01,9.839490652084350586e-01,3.714520931243896484e-01,4.095367789268493652e-01,9.076021611690521240e-02,3.150070905685424805e-01,4.888986051082611084e-01,6.030679345130920410e-01,4.666152000427246094e-01,3.362393379211425781e-01,6.531739234924316406e-01,4.448124766349792480e-01,7.106227874755859375e-01,4.556158185005187988e-01,4.153801798820495605e-01,4.565404653549194336e-01
7.647919058799743652e-01,8.315834403038024902e-01,1.233640909194946289e+00,1.027207732200622559e+00,1.476160645484924316e+00,1.181273460388183594e+00,9.324029684066772461e-01,8.609445095062255859e-01,7.485687136650085449e-01,1.320787429809570312e+00,1.189492225646972656e+00,1.207633018493652344e+00,1.002912759780883789e+00,1.303674459457397461e+00,7.919235825538635254e-01,1.026784896850585938e+00,8.111718893051147461e-01,1.017316579818725586e+00,1.277844548225402832e+00,9.490693211555480957e-01
-1.131478309631347656e+00,-1.074316143989562988e+00,-8.698177933692932129e-01,-1.033019900321960449e+00,-7.548713088035583496e-01,-9.079936146736145020e-01,-7.507261037826538086e-01,-1.218671321868896484e+00,-8.995131850242614746e-01,-1.049183368682861328e+00,-8.792549967765808105e-01,-1.001214385032653809e+00,-1.300191640853881836e+00,-1.069883227348327637e+00,-1.141637921333312988e+00,-1.035931587219238281e+00,-1.138780474662780762e+00,-1.238548398017883301e+00,-9.010255932807922363e-01,-9.846565127372741699e-01
-1.142190575599670410e+00,-9.149770736694335938e-01,-1.146960735321044922e+00,-9.646499752998352051e-01,-1.163783192634582520e+00,-7.914271354675292969e-01,-1.036154150962829590e+00,-1.169499278068542480e+00,-8.498645424842834473e-01,-9.620990157127380371e-01,-1.128401160240173340e+00,-8.392603993415832520e-01,-1.062880635261535645e+00,-1.023416757583618164e+00,-1.399226069450378418e+00,-1.026234388351440430e+00,-9.066848754882812500e-01,-7.694175839424133301e-01,-8.966180086135864258e-01,-9.496386647224426270e-01
1.212797403335571289e+00,3.089011013507843018e-01,9.011156558990478516e-01,1.662306189537048340e+00,1.168589949607849121e+00,7.664844393730163574e-01,6.475088000297546387e-01,1.166915655136108398e+00,9.192352294921875000e-01,8.557581305503845215e-01,1.153483033180236816e+00,1.010033249855041504e+00,1.028504133224487305e+00,1.433207631111145020e+00,1.548341393470764160e+00,8.143125772476196289e-01,1.325218439102172852e+00,9.852820038795471191e-01,9.774148464202880859e-01,1.334847569465637207e+00
1.817134618759155273e+00,1.178161859512329102e+00,1.218767762184143066e+00,1.506756067276000977e+00,9.876726865768432617e-01,1.408197045326232910e+00,1.397532224655151367e+00,9.589134454727172852e-01,9.942419528961181641e-01,1.330919265747070312e+00,1.101521015167236328e+00,1.368172407150268555e+00,1.047690272331237793e+00,1.276700496673583984e+00,7.683379650115966797e-01,1.241141319274902344e+00,1.412042856216430664e+00,9.772273898124694824e-01,8.802257776260375977e-01,1.137864232063293457e+00
9.173947572708129883e-01,1.328140139579772949e+00,9.890944361686706543e-01,7.762042284011840820e-01,9.789643287658691406e-01,8.820240497589111328e-01,1.258376479148864746e+00,8.843550682067871094e-01,1.439604640007019043e+00,1.072839021682739258e+00,1.071943163871765137e+00,8.922695517539978027e-01,1.142337203025817871e+00,1.002664804458618164e+00,7.610625028610229492e-01,6.398866772651672363e-01,1.041068077087402344e+00,1.220652222633361816e+00,9.368280768394470215e-01,9.452273249626159668e-01
9.507790207862854004e-01,1.385451555252075195e+00,1.297073721885681152e+00,1.155623435974121094e+00,9.577628374099731445e-01,1.175108432769775391e+00,1.298968791961669922e+00,6.491556167602539062e-01,8.923210501670837402e-01,8.183302283287048340e-01,1.356076836585998535e+00,1.314867973327636719e+00,8.018997311592102051e-01,9.914973974227905273e-01,6.414141654968261719e-01,1.196725249290466309e+00,8.179438114166259766e-01,9.618752002716064453e-01,1.091876149177551270e+00,9.802621006965637207e-01
-9.578081965446472168e-01,-9.709280133247375488e-01,-6.812904477119445801e-01,-1.091470479965209961e+00,-6.625444889068603516e-01,-8.237946033477783203e-01,-1.008445978164672852e+00,-9.746526479721069336e-01,-1.137634396553039551e+00,-1.025066971778869629e+00,-1.015069246292114258e+00,-1.258890151977539062e+00,-1.222518682479858398e+00,-8.742295503616333008e-01,-1.389486551284790039e+00,-1.161339402198791504e+00,-1.130123019218444824e+00,-1.269410610198974609e+00,-1.081108927726745605e+00,-1.254222035408020020e+00
1.394283533096313477e+00,8.250008821487426758e-01,7.950528860092163086e-01,1.237642884254455566e+00,1.139976382255554199e+00,1.118887186050415039e+00,7.733115553855895996e-01,8.047237992286682129e-01,9.821599721908569336e-01,1.170733332633972168e+00,1.065662264823913574e+00,8.394031524658203125e-01,8.052799105644226074e-01,1.115454316139221191e+00,6.127592921257019043e-01,4.743003249168395996e-01,8.570410609245300293e-01,8.472431302070617676e-01,1.080101132392883301e+00,1.040041565895080566e+00
-1.111236333847045898e+00,-7.812818288803100586e-01,-1.058663487434387207e+00,-9.664384126663208008e-01,-9.867714643478393555e-01,-1.065378546714782715e+00,-9.887737035751342773e-01,-1.109372377395629883e+00,-8.261006474494934082e-01,-7.631449103355407715e-01,-9.888505935668945312e-01,-1.083113908767700195e+00,-1.012704014778137207e+00,-8.445851206779479980e-01,-1.204813122749328613e+00,-1.004039049148559570e+00,-9.471899271011352539e-01,-1.288151264190673828e+00,-9.251854419708251953e-01,-1.008930444717407227e+00
9.843027591705322266e-01,9.336462616920471191e-01,1.084365606307983398e+00,1.293584346771240234e+00,8.254956603050231934e-01,1.300113797187805176e+00,1.426572799682617188e+00,1.046726703643798828e+00,1.302831530570983887e+00,1.068982124328613281e+00,1.329844355583190918e+00,9.380685091018676758e-01,1.070088505744934082e+00,1.534990310668945312e+00,9.663554430007934570e-01,1.399717330932617188e+00,8.813024759292602539e-01,1.165055036544799805e+00,1.077617287635803223e+00,1.172513127326965332e+00
1.115126132965087891e+00,1.077350854873657227e+00,9.126158356666564941e-01,1.233790993690490723e+00,9.950729012489318848e-01,1.323963046073913574e+00,7.629229426383972168e-01,6.998950242996215820e-01,1.180719137191772461e+00,1.353935003280639648e+00,9.639843106269836426e-01,1.282772421836853027e+00,8.943548798561096191e-01,1.283933043479919434e+00,1.025899529457092285e+00,1.374817013740539551e+00,1.076506972312927246e+00,9.988248944282531738e-01,8.150510787963867188e-01,1.157345175743103027e+00
-8.825860619544982910e-01,-9.935013651847839355e-01,-1.093916893005371094e+00,-1.052870631217956543e+00,-1.123307228088378906e+00,-1.071266770362854004e+00,-9.573283195495605469e-01,-1.198052167892456055e+00,-1.001996755599975586e+00,-1.121983408927917480e+00,-1.192357659339904785e+00,-1.067906618118286133e+00,-1.179449439048767090e+00,-7.255013585090637207e-01,-1.544604420661926270e+00,-1.026281714439392090e+00,-9.935176372528076172e-01,-1.117670774459838867e+00,-7.637661099433898926e-01,-1.303200483322143555e+00
-6.811376214027404785e-01,-1.032427072525024414e+00,-9.659579992294311523e-01,-9.709989428520202637e-01,-1.160695195198059082e+00,-8.942342400550842285e-01,-9.357947111129760742e-01,-1.469248652458190918e+00,-8.076663017272949219e-01,-8.285046219825744629e-01,-9.336060881614685059e-01,-9.486476778984069824e-01,-1.158974885940551758e+00,-9.421254992485046387e-01,-1.258067250251770020e+00,-1.103833556175231934e+00,-1.191470384597778320e+00,-1.176183819770812988e+00,-9.672063589096069336e-01,-1.291814804077148438e+00
-8.677071928977966309e-01,-1.008744001388549805e+00,-1.162916779518127441e+00,-9.512285590171813965e-01,-1.096266746520996094e+00,-1.045478701591491699e+00,-1.023830175399780273e+00,-1.132588744163513184e+00,-7.367776036262512207e-01,-9.233881235122680664e-01,-9.511664509773254395e-01,-9.410032629966735840e-01,-1.274970054626464844e+00,-1.324966669082641602e+00,-1.318179845809936523e+00,-7.666495442390441895e-01,-1.133929848670959473e+00,-1.559652924537658691e+00,-1.159343957901000977e+00,-8.205204606056213379e-01
1.119179248809814453e+00,7.088788151741027832e-01,1.479328870773315430e+00,1.424739837646484375e+00,1.063265800476074219e+00,1.089149355888366699e+00,1.420724868774414062e+00,1.228933334350585938e+00,8.169293403625488281e-01,1.343874692916870117e+00,8.498507142066955566e-01,1.015151858329772949e+00,1.036398053169250488e+00,1.041095137596130371e+00,1.419572710990905762e+00,8.144591450691223145e-01,1.307564735412597656e+00,9.436171650886535645e-01,8.727914094924926758e-01,1.054990172386169434e+00
-1.001609086990356445e+00,-8.840636014938354492e-01,-7.625771164894104004e-01,-9.764402508735656738e-01,-9.678790569305419922e-01,-1.039333820343017578e+00,-8.594807982444763184e-01,-1.327778339385986328e+00,-1.050927639007568359e+00,-8.804570436477661133e-01,-1.221036911010742188e+00,-8.891924619674682617e-01,-1.376948118209838867e+00,-8.214567899703979492e-01,-1.383082628250122070e+00,-1.073562383651733398e+00,-1.275362491607666016e+00,-1.202244639396667480e+00,-1.000865697860717773e+00,-8.141328692436218262e-01
-8.061193823814392090e-01,-5.542295575141906738e-01,-1.047476530075073242e+00,-1.112022757530212402e+00,-9.297355413436889648e-01,-6.676517724990844727e-01,-9.359574317932128906e-01,-1.200425267219543457e+00,-8.755574822425842285e-01,-9.590318799018859863e-01,-1.080089092254638672e+00,-1.018968224525451660e+00,-1.166263103485107422e+00,-9.372167587280273438e-01,-1.199926257133483887e+00,-1.219114303588867188e+00,-7.247096896171569824e-01,-1.015967488288879395e+00,-9.832159280776977539e-01,-1.165385842323303223e+00
1.307577848434448242e+00,1.139149308204650879e+00,1.222753405570983887e+00,9.694362878799438477e-01,1.075471162796020508e+00,1.177126646041870117e+00,1.299103498458862305e+00,1.328445196151733398e+00,1.093907117843627930e+00,1.113528609275817871e+00,1.067306637763977051e+00,9.367896318435668945e-01,9.757496118545532227e-01,1.197185516357421875e+00,6.000461578369140625e-01,1.349456429481506348e+00,1.334243774414062500e+00,9.539144039154052734e-01,1.284268975257873535e+00,1.040126323699951172e+00
-9.823706150054931641e-01,-5.562222599983215332e-01,-1.170262694358825684e+00,-8.633599877357482910e-01,-1.035319447517395020e+00,-9.190592169761657715e-01,-1.060355544090270996e+00,-1.168191313743591309e+00,-8.323595523834228516e-01,-1.153566837310791016e+00,-9.326993227005004883e-01,-1.111583828926086426e+00,-1.217646956443786621e+00,-1.052702069282531738e+00,-1.549610853195190430e+00,-9.312205910682678223e-01,-8.435993790626525879e-01,-1.058848619461059570e+00,-8.844783306121826172e-01,-1.102981209754943848e+00
1.644255518913269043e+00,8.808310627937316895e-01,1.304657459259033203e+00,1.316013932228088379e+00,7.751843333244323730e-01,1.474708318710327148e+00,1.259999871253967285e+00,9.090462327003479004e-01,1.156791567802429199e+00,1.062511444091796875e+00,8.663377761840820312e-01,1.137664675712585449e+00,1.179513335227966309e+00,1.314696073532104492e+00,1.041669845581054688e+00,1.064978241920471191e+00,6.135790348052978516e-01,9.203608632087707520e-01,8.348591923713684082e-01,1.055029630661010742e+00
-1.177795410156250000e+00,-1.067635774612426758e+00,-1.014398097991943359e+00,-1.211142539978027344e+00,-1.170023202896118164e+00,-8.567215800285339355e-01,-8.743377923965454102e-01,-1.313439607620239258e+00,-9.013242721557617188e-01,-1.238220572471618652e+00,-1.168248653411865234e+00,-1.178789615631103516e+00,-1.311790943145751953e+00,-9.303544759750366211e-01,-1.416597366333007812e+00,-1.035786867141723633e+00,-7.986593842506408691e-01,-9.972995519638061523e-01,-8.461094498634338379e-01,-1.258472204208374023e+00
1.273266196250915527e+00,8.681669235229492188e-01,1.099907994270324707e+00,1.179108858108520508e+00,8.192616701126098633e-01,8.846226930618286133e-01,8.116353750228881836e-01,8.908860087394714355e-01,1.059370636940002441e+00,4.502605497837066650e-01,4.553757607936859131e-01,9.262479543685913086e-01,6.229417324066162109e-01,1.166704416275024414e+00,8.437830805778503418e-01,6.764910817146301270e-01,7.149236798286437988e-01,9.933782219886779785e-01,8.540933132171630859e-01,8.930571079254150391e-01
-8.106848597526550293e-01,-1.055600166320800781e+00,-9.859237670898437500e-01,-1.067402720451354980e+00,-1.372688889503479004e+00,-4.502055048942565918e-01,-8.014360070228576660e-01,-1.018464684486389160e+00,-1.277165532112121582e+00,-9.029464721679687500e-01,-8.689263463020324707e-01,-1.078087449073791504e+00,-1.234973311424255371e+00,-8.616724014282226562e-01,-1.306560754776000977e+00,-1.147144794464111328e+00,-1.055313110351562500e+00,-1.190018296241760254e+00,-8.812084197998046875e-01,-1.137625694274902344e+00
1.412597060203552246e+00,1.149770140647888184e+00,9.319356083869934082e-01,1.740327835083007812e+00,1.106587529182434082e+00,9.766683578491210938e-01,1.425171017646789551e+00,9.790858626365661621e-01,1.186400771141052246e+00,1.500899791717529297e+00,9.194354414939880371e-01,1.000907540321350098e+00,8.843657970428466797e-01,1.374791502952575684e+00,9.181320071220397949e-01,4.888228476047515869e-01,1.183894872665405273e+00,1.108641982078552246e+00,1.122388243675231934e+00,1.120763540267944336e+00
1.397737979888916016e+00,8.475338816642761230e-01,9.905756711959838867e-01,1.428134560585021973e+00,6.939526796340942383e-01,1.238983750343322754e+00,1.170004725456237793e+00,8.335279822349548340e-01,1.336626887321472168e+00,1.186268448829650879e+00,8.862124681472778320e-01,1.326251983642578125e+00,1.215237855911254883e+00,1.535400509834289551e+00,1.278583288192749023e+00,1.068100333213806152e+00,9.349828362464904785e-01,1.293564796447753906e+00,9.682464003562927246e-01,1.158522009849548340e+00
-1.093749642372131348e+00,-7.580417990684509277e-01,-9.888277053833007812e-01,-1.087994694709777832e+00,-1.062126874923706055e+00,-1.109587430953979492e+00,-8.941200971603393555e-01,-1.246300101280212402e+00,-1.370087623596191406e+00,-7.519690394401550293e-01,-1.144889116287231445e+00,-7.705392241477966309e-01,-1.068938612937927246e+00,-7.604627013206481934e-01,-8.170688748359680176e-01,-9.884651899337768555e-01,-9.670596718788146973e-01,-1.029814958572387695e+00,-1.102584242820739746e+00,-7.729879021644592285e-01
9.147884249687194824e-01,5.444437861442565918e-01,9.413945078849792480e-01,7.835984826087951660e-01,7.295975685119628906e-01,1.152523875236511230e+00,7.123917341232299805e-01,6.865428090095520020e-01,6.875423192977905273e-01,6.321101784706115723e-01,8.461938500404357910e-01,6.037313342094421387e-01,4.686705470085144043e-01,9.701306819915771484e-01,4.603833556175231934e-01,8.188720941543579102e-01,7.676731348037719727e-01,8.822006583213806152e-01,6.616187095642089844e-01,7.500529885292053223e-01
-1.212086558341979980e+00,-9.023873805999755859e-01,-9.648115038871765137e-01,-8.669198155403137207e-01,-1.115263223648071289e+00,-8.396081924438476562e-01,-9.350258708000183105e-01,-1.268242120742797852e+00,-9.439347982406616211e-01,-1.292598962783813477e+00,-1.098130226135253906e+00,-8.642160296440124512e-01,-1.165009856224060059e+00,-9.180778861045837402e-01,-1.332362294197082520e+00,-9.728671908378601074e-01,-1.013236641883850098e+00,-1.082959413528442383e+00,-1.187549710273742676e+00,-1.118178725242614746e+00
1.001638174057006836e+00,1.198779940605163574e+00,1.045458555221557617e+00,1.174401879310607910e+00,1.098775029182434082e+00,1.038472771644592285e+00,1.260591626167297363e+00,1.213117837905883789e+00,1.378118872642517090e+00,9.392102956771850586e-01,1.074195504188537598e+00,8.958577513694763184e-01,8.634489774703979492e-01,1.177410364151000977e+00,8.658322095870971680e-01,9.623098969459533691e-01,1.046611905097961426e+00,1.208825945854187012e+00,9.871585369110107422e-01,1.097187757492065430e+00
1.202838540077209473e+00,1.168881177902221680e+00,1.137078762054443359e+00,1.083851814270019531e+00,7.734653353691101074e-01,8.636745810508728027e-01,1.015333414077758789e+00,5.851789712905883789e-01,9.374294877052307129e-01,1.115636110305786133e+00,9.249516725540161133e-01,7.209976911544799805e-01,7.898896336555480957e-01,1.343754291534423828e+00,1.002298712730407715e+00,9.010403752326965332e-01,8.006578683853149414e-01,8.813611865043640137e-01,9.485650658607482910e-01,8.878278136253356934e-01
7.077116370201110840e-01,1.343969702720642090e+00,8.057991862297058105e-01,1.168676137924194336e+00,6.072069406509399414e-01,8.041261434555053711e-01,8.039347529411315918e-01,1.221894621849060059e+00,9.108186364173889160e-01,1.015349745750427246e+00,8.224019408226013184e-01,9.497147798538208008e-01,4.811004698276519775e-01,9.773511886596679688e-01,1.119065999984741211e+00,1.085801839828491211e+00,6.153682470321655273e-01,1.542387247085571289e+00,9.929575324058532715e-01,1.071303963661193848e+00
1.437814474105834961e+00,9.541562795639038086e-01,1.678791999816894531e+00,8.908476233482360840e-01,1.071489095687866211e+00,1.259981751441955566e+00,1.121752619743347168e+00,9.539789557456970215e-01,1.398612976074218750e+00,9.200479984283447266e-01,9.433897733688354492e-01,1.378415107727050781e+00,1.481370687484741211e+00,1.082258343696594238e+00,9.851971268653869629e-01,1.170379042625427246e+00,1.093373775482177734e+00,7.039297819137573242e-01,1.189130425453186035e+00,8.402670025825500488e-01
5.060916543006896973e-01,8.371301293373107910e-01,6.888065934181213379e-01,7.666533589363098145e-01,4.292687177658081055e-01,3.085434138774871826e-01,5.384733080863952637e-01,6.044685840606689453e-01,6.986735463142395020e-01,4.690531790256500244e-01,4.047100841999053955e-01,5.185567736625671387e-01,4.243819713592529297e-01,6.026812791824340820e-01,3.195256590843200684e-01,5.809139609336853027e-01,5.300441384315490723e-01,6.095622181892395020e-01,8.772960901260375977e-01,5.581192970275878906e-01
1.454720735549926758e+00,7.980991005897521973e-01,1.265851140022277832e+00,9.757837653160095215e-01,1.488666653633117676e+00,1.382375836372375488e+00,1.666588187217712402e+00,1.022595882415771484e+00,1.024178266525268555e+00,1.047723650932312012e+00,1.086090087890625000e+00,1.583131074905395508e+00,7.314047217369079590e-01,1.113989591598510742e+00,9.202011823654174805e-01,1.098011493682861328e+00,8.406448960304260254e-01,1.009817838668823242e+00,9.278484582901000977e-01,5.490002036094665527e-01
1.175194501876831055e+00,1.112804174423217773e+00,1.215106725692749023e+00,1.209359884262084961e+00,1.350059628486633301e+00,1.375313162803649902e+00,1.061684131622314453e+00,8.092207312583923340e-01,8.082470893859863281e-01,8.509688973426818848e-01,1.287379980087280273e+00,1.297498345375061035e+00,1.253002762794494629e+00,1.561677455902099609e+00,9.620085954666137695e-01,1.152605652809143066e+00,9.229826927185058594e-01,1.067472219467163086e+00,1.057027459144592285e+00,1.312809348106384277e+00
1.488956570625305176e+00,1.214981436729431152e+00,8.443022966384887695e-01,1.029281139373779297e+00,9.404439926147460938e-01,1.284614443778991699e+00,8.501355648040771484e-01,8.116878867149353027e-01,1.369756340980529785e+00,1.352438092231750488e+00,1.066980361938476562e+00,1.089231610298156738e+00,9.894446134567260742e-01,1.203505277633666992e+00,8.722023367881774902e-01,1.072531700134277344e+00,1.314667344093322754e+00,8.139101862907409668e-01,1.380337715148925781e+00,9.607552886009216309e-01
-1.148548245429992676e+00,-1.102860808372497559e+00,-1.029317021369934082e+00,-9.701108932495117188e-01,-9.558907747268676758e-01,-9.761573672294616699e-01,-1.541427016258239746e+00,-1.009700655937194824e+00,-6.535295844078063965e-01,-1.155033588409423828e+00,-1.033101439476013184e+00,-1.462011456489562988e+00,-1.249580621719360352e+00,-7.579777240753173828e-01,-1.420308470726013184e+00,-1.113346934318542480e+00,-8.391235470771789551e-01,-1.370380163192749023e+00,-8.159130811691284180e-01,-8.876500725746154785e-01
-9.260005950927734375e-01,-7.281403541564941406e-01,-1.169891715049743652e+00,-9.620736241340637207e-01,-1.179263234138488770e+00,-9.116225242614746094e-01,-1.306686162948608398e+00,-7.732003331184387207e-01,-9.910538196563720703e-01,-1.091420769691467285e+00,-1.104268908500671387e+00,-1.024508833885192871e+00,-1.233318448066711426e+00,-5.612441301345825195e-01,-1.382356762886047363e+00,-1.126919388771057129e+00,-9.229346513748168945e-01,-1.193579554557800293e+00,-1.111853480339050293e+00,-1.102461934089660645e+00
1.231680035591125488e+00,1.042215347290039062e+00,1.392215371131896973e+00,9.679036736488342285e-01,1.121139764785766602e+00,9.899769425392150879e-01,1.082454085350036621e+00,1.028478503227233887e+00,1.262575149536132812e+00,9.685791730880737305e-01,1.320438981056213379e+00,1.064719557762145996e+00,1.316556334495544434e+00,1.484371781349182129e+00,9.482039213180541992e-01,1.296140074729919434e+00,8.996201157569885254e-01,1.088410854339599609e+00,9.238197803497314453e-01,1.089851975440979004e+00
-1.258805274963378906e+00,-9.897512793540954590e-01,-9.275270104408264160e-01,-8.227313756942749023e-01,-1.127483725547790527e+00,-8.359376788139343262e-01,-1.033234953880310059e+00,-7.814017534255981445e-01,-9.309890866279602051e-01,-1.073123216629028320e+00,-1.209596753120422363e+00,-8.847151398658752441e-01,-1.108902573585510254e+00,-1.165406584739685059e+00,-1.413158059120178223e+00,-1.142732143402099609e+00,-8.344987630844116211e-01,-1.142056226730346680e+00,-7.333024144172668457e-01,-1.102883338928222656e+00
1.313571214675903320e+00,8.048180937767028809e-01,1.160867810249328613e+00,1.135071754455566406e+00,1.393470048904418945e+00,1.085102438926696777e+00,9.530462026596069336e-01,9.612958431243896484e-01,1.278502941131591797e+00,1.060554623603820801e+00,6.687946915626525879e-01,9.808631539344787598e-01,1.078670740127563477e+00,1.116522312164306641e+00,9.380497336387634277e-01,1.100084185600280762e+00,8.708871603012084961e-01,9.954136013984680176e-01,7.951174974441528320e-01,9.408904314041137695e-01
1.298562407493591309e+00,1.023970842361450195e+00,1.268254756927490234e+00,1.071603775024414062e+00,9.201798439025878906e-01,1.390796422958374023e+00,9.263746142387390137e-01,6.754094958305358887e-01,1.485415101051330566e+00,1.075796842575073242e+00,1.042865633964538574e+00,1.285329103469848633e+00,8.636844754219055176e-01,1.244579076766967773e+00,1.093573689460754395e+00,1.082669377326965332e+00,8.087876439094543457e-01,1.040079355239868164e+00,7.009558081626892090e-01,9.084598422050476074e-01
1.166287422180175781e+00,1.056900262832641602e+00,1.241844415664672852e+00,1.232247710227966309e+00,1.142655014991760254e+00,1.252241849899291992e+00,1.245962023735046387e+00,1.496173262596130371e+00,1.212481617927551270e+00,9.142854809761047363e-01,9.670391678810119629e-01,1.261783838272094727e+00,8.979436159133911133e-01,1.055815100669860840e+00,1.034141540527343750e+00,1.121498703956604004e+00,1.017949223518371582e+00,1.276229262351989746e+00,1.115692496299743652e+00,5.161666274070739746e-01
1.132014870643615723e+00,8.832685351371765137e-01,1.148467659950256348e+00,1.345078825950622559e+00,1.583101511001586914e+00,1.018950343132019043e+00,8.667095303535461426e-01,1.092091441154479980e+00,1.000578284263610840e+00,1.187633037567138672e+00,1.291730523109436035e+00,6.446717381477355957e-01,9.499195814132690430e-01,1.163361191749572754e+00,1.205824494361877441e+00,1.479038953781127930e+00,1.103435277938842773e+00,1.352163076400756836e+00,6.455280780792236328e-01,1.299656629562377930e+00
7.967277169227600098e-01,1.229347944259643555e+00,7.491204142570495605e-01,8.055235147476196289e-01,8.566763401031494141e-01,1.274498939514160156e+00,9.060111641883850098e-01,9.240154623985290527e-01,1.280921816825866699e+00,1.552457660436630249e-01,6.296830773353576660e-01,1.275218963623046875e+00,1.052775382995605469e+00,1.043744683265686035e+00,7.975846529006958008e-01,1.216654300689697266e+00,9.159449934959411621e-01,7.633814811706542969e-01,9.792389273643493652e-01,7.869741916656494141e-01
-1.102129101753234863e+00,-1.218052148818969727e+00,-1.163258433341979980e+00,-1.122069954872131348e+00,-1.051677107810974121e+00,-8.010320663452148438e-01,-8.520320057868957520e-01,-1.150449872016906738e+00,-1.036757469177246094e+00,-1.010691404342651367e+00,-1.305428266525268555e+00,-1.158549427986145020e+00,-1.156752943992614746e+00,-9.356580972671508789e-01,-1.245544433593750000e+00,-8.816130161285400391e-01,-8.923509716987609863e-01,-1.135406494140625000e+00,-9.864759445190429688e-01,-8.766393661499023438e-01
1.046745181083679199e+00,9.731072783470153809e-01,3.626863062381744385e-01,9.626682996749877930e-01,1.106639742851257324e+00,8.924926519393920898e-01,7.343560457229614258e-01,9.484861493110656738e-01,9.804049134254455566e-01,8.245548009872436523e-01,7.577366232872009277e-01,7.141220569610595703e-01,8.271451592445373535e-01,8.143427968025207520e-01,9.799119830131530762e-01,1.010776996612548828e+00,1.028713226318359375e+00,8.252365589141845703e-01,8.898467421531677246e-01,7.182009220123291016e-01
1.353640437126159668e+00,1.158788204193115234e+00,1.570076227188110352e+00,1.265895485877990723e+00,9.564396739006042480e-01,8.027404546737670898e-01,1.034055590629577637e+00,8.649226427078247070e-01,1.653347492218017578e+00,1.424358606338500977e+00,1.068770766258239746e+00,1.148588895797729492e+00,8.284201025962829590e-01,1.538680315017700195e+00,5.875084400177001953e-01,1.093586444854736328e+00,1.031932950019836426e+00,9.492704868316650391e-01,8.483476638793945312e-01,9.198909997940063477e-01
-1.247862935066223145e+00,-1.182610511779785156e+00,-9.664713740348815918e-01,-1.135581135749816895e+00,-7.896214723587036133e-01,-1.040106654167175293e+00,-1.204679608345031738e+00,-1.503197073936462402e+00,-1.079246044158935547e+00,-1.193334937095642090e+00,-1.301245093345642090e+00,-8.678801655769348145e-01,-1.013645172119140625e+00,-9.124885797500610352e-01,-7.469744682312011719e-01,-8.772897124290466309e-01,-1.179783225059509277e+00,-9.420936703681945801e-01,-9.725176095962524414e-01,-1.068256139755249023e+00
1.161079764366149902e+00,1.005797743797302246e+00,9.749884009361267090e-01,1.141903042793273926e+00,1.069476962089538574e+00,9.125562906265258789e-01,8.664108514785766602e-01,9.890068769454956055e-01,1.479103207588195801e+00,9.937850832939147949e-01,1.404170036315917969e+00,8.354976773262023926e-01,9.901826977729797363e-01,1.263281226158142090e+00,1.204583406448364258e+00,1.231492280960083008e+00,9.810143709182739258e-01,8.742263913154602051e-01,8.743977546691894531e-01,7.203051447868347168e-01
-8.320666551589965820e-01,-1.011224389076232910e+00,-8.233786821365356445e-01,-1.217006087303161621e+00,-8.405358791351318359e-01,-9.423663020133972168e-01,-6.766470074653625488e-01,-1.241129159927368164e+00,-8.151631951332092285e-01,-1.177144885063171387e+00,-1.075676083564758301e+00,-9.908027648925781250e-01,-1.184560656547546387e+00,-1.169445753097534180e+00,-1.344351410865783691e+00,-1.169639587402343750e+00,-1.081747770309448242e+00,-1.041323900222778320e+00,-8.524245023727416992e-01,-1.212250113487243652e+00
-1.232471108436584473e+00,-1.092618703842163086e+00,-1.170133113861083984e+00,-1.206724166870117188e+00,-8.279047012329101562e-01,-9.794353246688842773e-01,-6.540161371231079102e-01,-9.800378680229187012e-01,-7.455711364746093750e-01,-1.251201748847961426e+00,-1.225464344024658203e+00,-9.786446094512939453e-01,-1.110027194023132324e+00,-1.115423440933227539e+00,-1.184489369392395020e+00,-1.160623431205749512e+00,-1.313762545585632324e+00,-1.644161581993103027e+00,-6.953561902046203613e-01,-6.168966293334960938e-01
7.909092903137207031e-01,7.434392571449279785e-01,9.755635857582092285e-01,1.338204503059387207e+00,9.524472355842590332e-01,1.123168826103210449e+00,1.056559801101684570e+00,8.267241120338439941e-01,1.246167659759521484e+00,1.208486318588256836e+00,1.161938667297363281e+00,1.124439001083374023e+00,1.362706899642944336e+00,1.186262249946594238e+00,9.375157356262207031e-01,1.108490347862243652e+00,1.090244650840759277e+00,1.209970951080322266e+00,9.408290982246398926e-01,9.707995057106018066e-01
-9.251840710639953613e-01,-8.976894021034240723e-01,-1.060212612152099609e+00,-9.716238975524902344e-01,-9.998385310173034668e-01,-8.570967912673950195e-01,-6.900081038475036621e-01,-1.337533354759216309e+00,-7.247991561889648438e-01,-1.031066656112670898e+00,-8.130484223365783691e-01,-9.971488714218139648e-01,-9.928324222564697266e-01,-1.222848057746887207e+00,-9.816950559616088867e-01,-1.024260640144348145e+00,-7.401654124259948730e-01,-1.124362707138061523e+00,-9.237677454948425293e-01,-8.380109667778015137e-01
1.772891402244567871e+00,6.320938467979431152e-01,1.363763451576232910e+00,1.560915827751159668e+00,1.151501655578613281e+00,8.305717706680297852e-01,1.427452683448791504e+00,1.109664678573608398e+00,1.080676555633544922e+00,1.081961750984191895e+00,7.153878211975097656e-01,1.089125275611877441e+00,1.200830459594726562e+00,1.349964141845703125e+00,1.058592677116394043e+00,8.860182762145996094e-01,8.930267095565795898e-01,1.071808338165283203e+00,6.621189713478088379e-01,1.003679394721984863e+00
8.287124037742614746e-01,1.022396326065063477e+00,1.211688160896301270e+00,1.014502763748168945e+00,7.260280847549438477e-01,9.989333152770996094e-01,9.298610091209411621e-01,8.807568550109863281e-01,1.106281161308288574e+00,9.239712357521057129e-01,7.317944765090942383e-01,8.943954706192016602e-01,8.501797914505004883e-01,1.158675312995910645e+00,7.364177703857421875e-01,1.060335636138916016e+00,1.177193880081176758e+00,1.053353309631347656e+00,7.703986167907714844e-01,1.032827138900756836e+00
1.263976454734802246e+00,1.094877243041992188e+00,1.340488433837890625e+00,1.182083964347839355e+00,1.087071180343627930e+00,9.089354276657104492e-01,9.608682394027709961e-01,7.478183507919311523e-01,1.199914932250976562e+00,1.117231845855712891e+00,9.508178234100341797e-01,9.858425855636596680e-01,8.334997296333312988e-01,1.390636205673217773e+00,7.948396801948547363e-01,1.060156106948852539e+00,1.210053682327270508e+00,1.164933085441589355e+00,1.017752408981323242e+00,7.846191525459289551e-01
-9.624205827713012695e-01,-7.296761870384216309e-01,-5.546306967735290527e-01,-1.130974531173706055e+00,-8.779352903366088867e-01,-9.433568716049194336e-01,-1.057220816612243652e+00,-9.676815867424011230e-01,-9.188687205314636230e-01,-9.975069761276245117e-01,-1.354074835777282715e+00,-9.591493010520935059e-01,-1.199620008468627930e+00,-6.748354434967041016e-01,-1.060381531715393066e+00,-1.157648921012878418e+00,-7.576770186424255371e-01,-1.012931466102600098e+00,-9.831240773200988770e-01,-1.173894286155700684e+00
1.081000685691833496e+00,8.239671587944030762e-01,1.166728377342224121e+00,1.217336297035217285e+00,1.239290237426757812e+00,1.161244988441467285e+00,9.534585475921630859e-01,7.962009906768798828e-01,1.132248759269714355e+00,1.021242260932922363e+00,1.169458627700805664e+00,1.285283803939819336e+00,9.178380370140075684e-01,1.389817118644714355e+00,1.001430392265319824e+00,1.294949531555175781e+00,1.318449616432189941e+00,8.409094214439392090e-01,1.008502244949340820e+00,9.513598084449768066e-01
-8.772544860839843750e-01,-5.447031259536743164e-01,-9.217098951339721680e-01,-1.043275713920593262e+00,-9.666415452957153320e-01,-9.182323813438415527e-01,-1.022004842758178711e+00,-1.018027782440185547e+00,-8.788825273513793945e-01,-9.332813620567321777e-01,-1.096642851829528809e+00,-1.256072282791137695e+00,-1.146699547767639160e+00,-9.496752619743347168e-01,-1.270558834075927734e+00,-1.071579337120056152e+00,-1.035273432731628418e+00,-1.143151640892028809e+00,-1.032200217247009277e+00,-1.064009308815002441e+00
9.909989237785339355e-01,9.115917682647705078e-01,1.327676415443420410e+00,1.087761759757995605e+00,1.102527856826782227e+00,1.165817856788635254e+00,1.062295556068420410e+00,9.117244482040405273e-01,1.102502703666687012e+00,1.234558701515197754e+00,7.949240207672119141e-01,1.229136824607849121e+00,1.259413599967956543e+00,1.390553116798400879e+00,5.273293852806091309e-01,9.859126806259155273e-01,9.646474719047546387e-01,9.223819375038146973e-01,9.744850993156433105e-01,1.246595978736877441e+00
-8.716560006141662598e-01,-1.079936385154724121e+00,-8.413811326026916504e-01,-6.403192281723022461e-01,-1.061242103576660156e+00,-9.583927392959594727e-01,-1.092411041259765625e+00,-1.032069683074951172e+00,-1.139941811561584473e+00,-1.080307960510253906e+00,-1.097030162811279297e+00,-1.026427984237670898e+00,-1.250040769577026367e+00,-8.785316348075866699e-01,-1.457946062088012695e+00,-1.155289173126220703e+00,-9.665184020996093750e-01,-1.162294149398803711e+00,-1.146762371063232422e+00,-8.788309693336486816e-01
1.029254913330078125e+00,7.348486185073852539e-01,1.307454347610473633e+00,9.933736324310302734e-01,1.213101267814636230e+00,1.240473270416259766e+00,1.094921112060546875e+00,9.762411713600158691e-01,1.357413768768310547e+00,7.823946475982666016e-01,1.204309344291687012e+00,1.160894036293029785e+00,1.042505264282226562e+00,1.342470169067382812e+00,1.051663517951965332e+00,1.171760320663452148e+00,5.996214151382446289e-01,1.347939848899841309e+00,9.893437027931213379e-01,1.379744291305541992e+00
8.145981431007385254e-01,8.811651468276977539e-01,1.398027777671813965e+00,1.028772830963134766e+00,1.123824715614318848e+00,1.262422084808349609e+00,9.162736535072326660e-01,7.502127289772033691e-01,9.125729203224182129e-01,9.022556543350219727e-01,7.090518474578857422e-01,1.058653354644775391e+00,8.792779445648193359e-01,1.420602560043334961e+00,8.514429330825805664e-01,1.063727855682373047e+00,9.971739053726196289e-01,1.181529164314270020e+00,1.135446548461914062e+00,1.190967917442321777e+00
1.188796639442443848e+00,9.539275765419006348e-01,9.923789501190185547e-01,1.320806503295898438e+00,9.119989871978759766e-01,1.231216430664062500e+00,1.114672303199768066e+00,1.173267841339111328e+00,1.101865530014038086e+00,1.222440838813781738e+00,1.125508904457092285e+00,1.282840251922607422e+00,1.267180085182189941e+00,1.187712788581848145e+00,8.655980229377746582e-01,1.135437607765197754e+00,1.309904932975769043e+00,1.352235913276672363e+00,1.174575924873352051e+00,8.813090920448303223e-01
1.322954297065734863e+00,1.080517053604125977e+00,9.542247056961059570e-01,1.147549033164978027e+00,1.227586388587951660e+00,9.159231781959533691e-01,1.140732169151306152e+00,7.937319278717041016e-01,1.317585706710815430e+00,1.085269689559936523e+00,8.235588669776916504e-01,1.027351975440979004e+00,8.845224976539611816e-01,1.294433832168579102e+00,8.970730304718017578e-01,1.059529900550842285e+00,1.004027605056762695e+00,1.142444610595703125e+00,7.415680885314941406e-01,8.134958744049072266e-01
1.363119125366210938e+00,7.619618773460388184e-01,1.527668595314025879e+00,1.004925727844238281e+00,1.159579992294311523e+00,1.021467089653015137e+00,9.222087264060974121e-01,9.238107800483703613e-01,1.067729234695434570e+00,1.188251256942749023e+00,1.080593347549438477e+00,8.689408898353576660e-01,6.404038667678833008e-01,1.424849271774291992e+00,9.105815291404724121e-01,7.797266244888305664e-01,9.154924750328063965e-01,1.270142197608947754e+00,1.042766332626342773e+00,1.354512333869934082e+00
1.391158580780029297e+00,7.339797019958496094e-01,9.905931949615478516e-01,1.199434399604797363e+00,1.111857175827026367e+00,1.206728458404541016e+00,1.300909161567687988e+00,9.426702260971069336e-01,8.620051741600036621e-01,1.245222330093383789e+00,1.117112874984741211e+00,1.286378264427185059e+00,1.212427735328674316e+00,8.348577022552490234e-01,9.079952239990234375e-01,1.034636259078979492e+00,8.398761749267578125e-01,9.753275513648986816e-01,8.554086089134216309e-01,1.078701615333557129e+00
8.378887772560119629e-01,1.016054272651672363e+00,1.148732304573059082e+00,1.479849338531494141e+00,1.358548402786254883e+00,1.136800646781921387e+00,7.180970907211303711e-01,1.465894460678100586e+00,8.920987248420715332e-01,9.745087027549743652e-01,1.163485527038574219e+00,4.558400809764862061e-01,1.246319890022277832e+00,1.081163883209228516e+00,1.001660704612731934e+00,1.249546766281127930e+00,8.870782852172851562e-01,9.000717997550964355e-01,1.084844231605529785e+00,1.152585029602050781e+00
-1.129907011985778809e+00,-8.540052771568298340e-01,-8.463570475578308105e-01,-8.755319714546203613e-01,-9.303582906723022461e-01,-7.056828141212463379e-01,-1.169413805007934570e+00,-1.070099949836730957e+00,-1.263516545295715332e+00,-1.201964020729064941e+00,-1.093672990798950195e+00,-1.134514808654785156e+00,-1.359723091125488281e+00,-9.700483679771423340e-01,-1.252697229385375977e+00,-1.069250106811523438e+00,-1.030536174774169922e+00,-1.207483887672424316e+00,-1.096934556961059570e+00,-9.659096002578735352e-01
1.321315884590148926e+00,1.231711268424987793e+00,1.506879091262817383e+00,1.244807243347167969e+00,8.455058932304382324e-01,8.230058550834655762e-01,1.148359298706054688e+00,7.903493642807006836e-01,1.153677344322204590e+00,1.086770653724670410e+00,1.349961161613464355e+00,1.008811354637145996e+00,1.077334046363830566e+00,1.422312378883361816e+00,9.729428887367248535e-01,1.001905918121337891e+00,1.076177477836608887e+00,1.047369599342346191e+00,7.590883970260620117e-01,1.201531767845153809e+00
8.224534392356872559e-01,8.127834200859069824e-01,9.647928476333618164e-01,8.542126417160034180e-01,1.082191109657287598e+00,9.275594353675842285e-01,1.231980085372924805e+00,1.002678275108337402e+00,1.193925619125366211e+00,1.331109166145324707e+00,1.173140287399291992e+00,1.115800380706787109e+00,8.982266187667846680e-01,1.317792773246765137e+00,6.794412732124328613e-01,9.930441379547119141e-01,8.618142604827880859e-01,1.231406211853027344e+00,8.132281899452209473e-01,1.323328971862792969e+00
-9.894524216651916504e-01,-6.443958282470703125e-01,-7.950779795646667480e-01,-8.947891592979431152e-01,-1.385442614555358887e+00,-8.451228141784667969e-01,-1.010985255241394043e+00,-9.714908003807067871e-01,-9.861485362052917480e-01,-9.824237227439880371e-01,-1.189345955848693848e+00,-1.338299155235290527e+00,-1.346935868263244629e+00,-8.741317987442016602e-01,-1.176416754722595215e+00,-1.012529373168945312e+00,-1.143353462219238281e+00,-1.086030483245849609e+00,-1.069756984710693359e+00,-1.233585834503173828e+00
1.115566134452819824e+00,8.517003655433654785e-01,7.677733898162841797e-01,8.693729043006896973e-01,2.478017061948776245e-01,9.890952706336975098e-01,7.398365736007690430e-01,4.652162492275238037e-01,8.520456552505493164e-01,1.291493058204650879e+00,9.537001252174377441e-01,1.178059935569763184e+00,8.967163562774658203e-01,8.859789967536926270e-01,8.950327038764953613e-01,1.211981177330017090e+00,7.336098551750183105e-01,1.059038996696472168e+00,7.032363414764404297e-01,7.244484424591064453e-01
1.026813268661499023e+00,1.183119535446166992e+00,1.105978608131408691e+00,8.438932895660400391e-01,7.444552779197692871e-01,8.062801361083984375e-01,1.356958150863647461e+00,1.056321978569030762e+00,7.811726331710815430e-01,7.002420425415039062e-01,4.122910201549530029e-01,1.015067696571350098e+00,5.654939413070678711e-01,9.544460177421569824e-01,6.370863914489746094e-01,1.144767284393310547e+00,1.323682785034179688e+00,9.664745330810546875e-01,6.601582765579223633e-01,6.692036986351013184e-01
1.274203419685363770e+00,9.022706747055053711e-01,8.436720371246337891e-01,1.443269848823547363e+00,1.072157979011535645e+00,1.118218064308166504e+00,8.236724734306335449e-01,9.595335125923156738e-01,1.405307412147521973e+00,1.282991290092468262e+00,9.348533153533935547e-01,1.115132212638854980e+00,1.321972250938415527e+00,1.619453907012939453e+00,1.246104836463928223e+00,1.281740188598632812e+00,9.309147596359252930e-01,1.120103597640991211e+00,9.494202136993408203e-01,1.043865323066711426e+00
-9.214470386505126953e-01,-8.903922438621520996e-01,-8.059226870536804199e-01,-1.014991283416748047e+00,-1.059013724327087402e+00,-8.970616459846496582e-01,-8.261267542839050293e-01,-1.014585733413696289e+00,-9.224128723144531250e-01,-8.030732274055480957e-01,-1.088931560516357422e+00,-9.348500370979309082e-01,-1.119639515876770020e+00,-1.022710204124450684e+00,-1.360537171363830566e+00,-1.094529628753662109e+00,-8.512433171272277832e-01,-1.051048159599304199e+00,-8.970437049865722656e-01,-1.052343606948852539e+00
1.322448015213012695e+00,6.868136525154113770e-01,1.440376520156860352e+00,1.310090422630310059e+00,1.054788231849670410e+00,1.234731316566467285e+00,9.513031244277954102e-01,6.644500494003295898e-01,1.266789913177490234e+00,1.276789546012878418e+00,9.593720436096191406e-01,1.368706941604614258e+00,1.344163894653320312e+00,1.018685221672058105e+00,8.056958913803100586e-01,9.572147130966186523e-01,1.176025867462158203e+00,1.256113648414611816e+00,1.132444500923156738e+00,1.108363747596740723e+00
-1.037154793739318848e+00,-1.083118081092834473e+00,-1.085456728935241699e+00,-7.858585715293884277e-01,-9.269766807556152344e-01,-6.808983683586120605e-01,-1.003887653350830078e+00,-1.016267895698547363e+00,-6.637377142906188965e-01,-1.208094596862792969e+00,-9.815216660499572754e-01,-8.295465111732482910e-01,-1.350810289382934570e+00,-8.377745151519775391e-01,-1.056055784225463867e+00,-1.067210078239440918e+00,-7.692038416862487793e-01,-1.034846663475036621e+00,-9.076205492019653320e-01,-1.008742451667785645e+00
1.588367938995361328e+00,5.027424097061157227e-01,1.144616007804870605e+00,1.550004959106445312e+00,1.235163331031799316e+00,1.270429253578186035e+00,1.122654318809509277e+00,8.520723581314086914e-01,1.554880499839782715e+00,1.295697808265686035e+00,1.069068312644958496e+00,1.130671143531799316e+00,1.056950449943542480e+00,1.721367955207824707e+00,8.674991726875305176e-01,1.024736523628234863e+00,9.638591408729553223e-01,1.098284125328063965e+00,1.128090500831604004e+00,1.189414262771606445e+00
8.539495468139648438e-01,8.386716842651367188e-01,8.371878266334533691e-01,1.511709094047546387e+00,8.415185213088989258e-01,9.930787086486816406e-01,1.275842905044555664e+00,1.144656181335449219e+00,1.113751173019409180e+00,1.124813795089721680e+00,1.378185033798217773e+00,1.140340089797973633e+00,9.849272370338439941e-01,1.113918781280517578e+00,1.150682568550109863e+00,1.428157687187194824e+00,1.257368326187133789e+00,1.542596101760864258e+00,9.981149435043334961e-01,1.268663525581359863e+00
1.289791941642761230e+00,1.052689075469970703e+00,1.270139694213867188e+00,1.263188123703002930e+00,1.512295722961425781e+00,1.230986237525939941e+00,7.059782743453979492e-01,9.934935569763183594e-01,6.837776899337768555e-01,1.344643712043762207e+00,8.782887458801269531e-01,1.124458193778991699e+00,1.241550445556640625e+00,1.119103193283081055e+00,1.238148450851440430e+00,1.096531987190246582e+00,1.283400058746337891e+00,8.345126509666442871e-01,1.082999348640441895e+00,1.295119524002075195e+00
7.864326238632202148e-01,7.331616878509521484e-01,9.882965087890625000e-01,5.629437565803527832e-01,4.500589370727539062e-01,1.021501064300537109e+00,7.094786167144775391e-01,3.335997462272644043e-01,5.058102607727050781e-01,5.472317934036254883e-01,2.138642817735671997e-01,6.393166184425354004e-01,5.337958931922912598e-01,7.089956402778625488e-01,6.199555397033691406e-01,9.057248830795288086e-01,7.152178287506103516e-01,9.063689112663269043e-01,2.828114330768585205e-01,8.252725601196289062e-01
1.001709103584289551e+00,6.657911539077758789e-01,9.351183176040649414e-01,1.465009808540344238e+00,1.129554986953735352e+00,1.313369870185852051e+00,1.031492710113525391e+00,1.243125677108764648e+00,1.522022843360900879e+00,9.488584995269775391e-01,1.152979731559753418e+00,9.641194343566894531e-01,9.031956195831298828e-01,9.921429157257080078e-01,1.025369286537170410e+00,1.156669259071350098e+00,9.739509224891662598e-01,7.502980828285217285e-01,5.977970957756042480e-01,1.221122026443481445e+00
-9.852355122566223145e-01,-8.227928280830383301e-01,-7.592181563377380371e-01,-1.013701558113098145e+00,-9.668720364570617676e-01,-8.441407084465026855e-01,-7.412642240524291992e-01,-7.592164278030395508e-01,-1.082720518112182617e+00,-9.377440810203552246e-01,-9.395711421966552734e-01,-1.051000356674194336e+00,-1.356235504150390625e+00,-1.055854082107543945e+00,-1.309100151062011719e+00,-8.903466463088989258e-01,-8.117554187774658203e-01,-6.025469899177551270e-01,-9.215181469917297363e-01,-1.109687566757202148e+00
1.107333302497863770e+00,6.078888773918151855e-01,1.000391364097595215e+00,9.804972410202026367e-01,1.175061345100402832e+00,1.181644320487976074e+00,8.562257289886474609e-01,1.141429662704467773e+00,1.034391522407531738e+00,1.254374384880065918e+00,1.264283061027526855e+00,1.413342595100402832e+00,8.817183375358581543e-01,6.626753211021423340e-01,1.362010002136230469e+00,1.430595040321350098e+00,1.201269149780273438e+00,8.698875308036804199e-01,1.303073525428771973e+00,1.188429474830627441e+00
-1.031763076782226562e+00,-9.132405519485473633e-01,-9.735905528068542480e-01,-1.117919564247131348e+00,-1.089422464370727539e+00,-9.483140110969543457e-01,-1.049615859985351562e+00,-1.179183125495910645e+00,-9.955165982246398926e-01,-1.121502637863159180e+00,-1.224372267723083496e+00,-9.090489149093627930e-01,-1.416620492935180664e+00,-1.037109971046447754e+00,-1.215591907501220703e+00,-9.425170421600341797e-01,-1.035528898239135742e+00,-1.068093180656433105e+00,-1.089650988578796387e+00,-1.143224239349365234e+00
-1.262771844863891602e+00,-1.129943370819091797e+00,-9.145496487617492676e-01,-1.027525186538696289e+00,-8.256657123565673828e-01,-9.417730569839477539e-01,-1.074209094047546387e+00,-1.236973047256469727e+00,-9.756861925125122070e-01,-1.000334978103637695e+00,-1.156074643135070801e+00,-9.974570870399475098e-01,-1.003123998641967773e+00,-6.891027092933654785e-01,-1.093426585197448730e+00,-1.132884979248046875e+00,-1.009030580520629883e+00,-1.235177755355834961e+00,-9.608094692230224609e-01,-1.026335716247558594e+00
7.662213444709777832e-01,6.524276137351989746e-01,9.967124462127685547e-01,1.108582258224487305e+00,1.527280211448669434e+00,1.250406742095947266e+00,9.729092717170715332e-01,9.022168517112731934e-01,1.122101664543151855e+00,1.136847257614135742e+00,1.009227871894836426e+00,9.582628011703491211e-01,1.236064434051513672e+00,1.344517469406127930e+00,4.481509625911712646e-01,1.071682453155517578e+00,7.643187046051025391e-01,9.705522060394287109e-01,5.716916918754577637e-01,9.501296281814575195e-01
1.369921565055847168e+00,1.058629155158996582e+00,1.355963468551635742e+00,1.185414791107177734e+00,1.152032494544982910e+00,1.270483493804931641e+00,1.242683529853820801e+00,1.100429773330688477e+00,1.405908942222595215e+00,1.015227079391479492e+00,1.292403697967529297e+00,1.038141965866088867e+00,1.029121518135070801e+00,1.442599654197692871e+00,5.603231787681579590e-01,8.894558548927307129e-01,3.564946949481964111e-01,8.948101997375488281e-01,9.442217350006103516e-01,8.953576683998107910e-01
-1.231903195381164551e+00,-1.103989362716674805e+00,-1.004061937332153320e+00,-1.125079512596130371e+00,-1.377763390541076660e+00,-1.067722797393798828e+00,-1.328881263732910156e+00,-1.041793584823608398e+00,-1.153135657310485840e+00,-1.177342653274536133e+00,-1.038678288459777832e+00,-8.432478904724121094e-01,-7.708371877670288086e-01,-1.166795969009399414e+00,-7.356039881706237793e-01,-1.059424400329589844e+00,-1.269295215606689453e+00,-6.737389564514160156e-01,-1.099611282348632812e+00,-9.790470600128173828e-01
-7.870550751686096191e-01,-6.111052036285400391e-01,-7.213692665100097656e-01,-9.397938251495361328e-01,-9.582428336143493652e-01,-7.811090350151062012e-01,-9.600984454154968262e-01,-1.083621978759765625e+00,-6.504108309745788574e-01,-1.232965230941772461e+00,-1.240461111068725586e+00,-1.005156874656677246e+00,-1.018187284469604492e+00,-9.734294414520263672e-01,-1.362001895904541016e+00,-9.570060968399047852e-01,-1.041418671607971191e+00,-1.012961387634277344e+00,-8.128986358642578125e-01,-1.111080884933471680e+00
1.434058427810668945e+00,9.740774631500244141e-01,1.020866274833679199e+00,1.255156636238098145e+00,8.590204715728759766e-01,1.194041848182678223e+00,1.582623243331909180e+00,7.448411583900451660e-01,1.273904561996459961e+00,1.453929185867309570e+00,8.509109020233154297e-01,1.138940930366516113e+00,1.057732582092285156e+00,1.229434967041015625e+00,9.474223852157592773e-01,1.139501810073852539e+00,1.096830844879150391e+00,1.513032317161560059e+00,9.303532838821411133e-01,1.451969504356384277e+00
1.537359237670898438e+00,7.887557148933410645e-01,1.238292217254638672e+00,1.398433804512023926e+00,1.229505062103271484e+00,1.109175682067871094e+00,8.999246358871459961e-01,1.171355009078979492e+00,1.082723379135131836e+00,1.395801186561584473e+00,9.639664292335510254e-01,1.191152334213256836e+00,1.294729471206665039e+00,1.506530523300170898e+00,7.312004566192626953e-01,1.063856720924377441e+00,8.390308618545532227e-01,1.183492779731750488e+00,6.123072504997253418e-01,1.319073796272277832e+00
1.146263003349304199e+00,9.850225448608398438e-01,8.934718966484069824e-01,1.037894845008850098e+00,1.636438727378845215e+00,1.083654403686523438e+00,9.466537237167358398e-01,1.191272735595703125e+00,1.125051379203796387e+00,1.103871464729309082e+00,1.113406658172607422e+00,8.659725189208984375e-01,9.016737937927246094e-01,8.224945068359375000e-01,9.181543588638305664e-01,9.770247340202331543e-01,1.016855716705322266e+00,9.228615164756774902e-01,1.041517257690429688e+00,6.065394878387451172e-01
-9.857082366943359375e-01,-8.645420074462890625e-01,-8.757798075675964355e-01,-9.566425681114196777e-01,-8.925803899765014648e-01,-9.895319342613220215e-01,-9.131003618240356445e-01,-9.436512589454650879e-01,-8.253545165061950684e-01,-8.421489000320434570e-01,-9.488260149955749512e-01,-1.132719993591308594e+00,-1.421013951301574707e+00,-1.039543747901916504e+00,-1.453439116477966309e+00,-1.116223573684692383e+00,-5.146464705467224121e-01,-1.012662291526794434e+00,-9.427397251129150391e-01,-1.074967741966247559e+00
-9.043913483619689941e-01,-8.932896852493286133e-01,-7.737817168235778809e-01,-1.202430009841918945e+00,-1.125053882598876953e+00,-1.296489953994750977e+00,-1.438958525657653809e+00,-1.047512292861938477e+00,-8.454622626304626465e-01,-1.349564194679260254e+00,-1.256186604499816895e+00,-9.534711837768554688e-01,-8.965156674385070801e-01,-9.231889843940734863e-01,-1.406894326210021973e+00,-1.071503758430480957e+00,-6.696497201919555664e-01,-9.678889513015747070e-01,-9.682615399360656738e-01,-1.003572225570678711e+00
1.599254608154296875e+00,9.934269189834594727e-01,1.048736810684204102e+00,1.095232129096984863e+00,1.219204783439636230e+00,9.915903806686401367e-01,8.312795162200927734e-01,1.043585777282714844e+00,1.059152483940124512e+00,1.320155262947082520e+00,8.741257190704345703e-01,9.884949922561645508e-01,1.206668853759765625e+00,1.419867753982543945e+00,8.958879113197326660e-01,8.774294257164001465e-01,9.767405986785888672e-01,1.291503190994262695e+00,5.365167856216430664e-01,1.207641720771789551e+00
-8.224219083786010742e-01,-8.754289746284484863e-01,-7.848068475723266602e-01,-1.126748442649841309e+00,-9.145838618278503418e-01,-8.337134718894958496e-01,-1.151116371154785156e+00,-1.180942773818969727e+00,-7.987887859344482422e-01,-9.564151167869567871e-01,-9.504293203353881836e-01,-1.135230898857116699e+00,-1.475932002067565918e+00,-1.224114656448364258e+00,-1.339068412780761719e+00,-1.069306254386901855e+00,-1.112598776817321777e+00,-9.724364280700683594e-01,-7.145808339118957520e-01,-1.197395324707031250e+00
-5.405818223953247070e-01,-8.903226256370544434e-01,-5.296787619590759277e-01,-1.136642813682556152e+00,-1.265347719192504883e+00,-9.394342899322509766e-01,-9.938817620277404785e-01,-1.157557845115661621e+00,-7.007037997245788574e-01,-7.025260329246520996e-01,-1.260105729103088379e+00,-9.359318614006042480e-01,-1.112089276313781738e+00,-1.286227464675903320e+00,-1.372386813163757324e+00,-1.237703204154968262e+00,-9.621568918228149414e-01,-7.119399905204772949e-01,-9.457805752754211426e-01,-6.973702311515808105e-01
1.358487367630004883e+00,1.076951742172241211e+00,1.278008937835693359e+00,1.032694816589355469e+00,8.238874673843383789e-01,9.768455028533935547e-01,1.061233878135681152e+00,1.034633874893188477e+00,1.188886761665344238e+00,1.133635997772216797e+00,7.783813476562500000e-01,1.138361334800720215e+00,1.263028860092163086e+00,1.362456202507019043e+00,1.449221253395080566e+00,1.088984251022338867e+00,1.095063447952270508e+00,9.062389135360717773e-01,1.021535396575927734e+00,1.084586858749389648e+00
-8.882465958595275879e-01,-7.836239337921142578e-01,-8.384162783622741699e-01,-9.479442834854125977e-01,-9.278535246849060059e-01,-9.542302489280700684e-01,-1.047584176063537598e+00,-1.119495034217834473e+00,-8.418852686882019043e-01,-8.648952245712280273e-01,-9.878448247909545898e-01,-7.165693044662475586e-01,-1.205528855323791504e+00,-9.492741227149963379e-01,-1.401350975036621094e+00,-1.113953113555908203e+00,-6.412625908851623535e-01,-1.015502333641052246e+00,-1.167924165725708008e+00,-9.097661375999450684e-01
1.465290188789367676e+00,8.089762330055236816e-01,8.939363360404968262e-01,1.047318935394287109e+00,1.109085440635681152e+00,1.321244478225708008e+00,1.289354920387268066e+00,6.694580912590026855e-01,1.598615527153015137e+00,9.639914631843566895e-01,9.800223708152770996e-01,1.184948444366455078e+00,1.468734979629516602e+00,1.921709656715393066e+00,1.012112736701965332e+00,1.060241341590881348e+00,1.163772821426391602e+00,1.275005221366882324e+00,1.049628734588623047e+00,1.084647536277770996e+00
1.095339298248291016e+00,8.421375751495361328e-01,1.364264130592346191e+00,8.441223502159118652e-01,1.201603174209594727e+00,1.095323562622070312e+00,8.203576803207397461e-01,6.375764608383178711e-01,8.487811684608459473e-01,9.522272944450378418e-01,1.091241478919982910e+00,1.097069144248962402e+00,9.603902101516723633e-01,1.117781400680541992e+00,8.961442112922668457e-01,1.056295752525329590e+00,7.007588148117065430e-01,9.692860841751098633e-01,1.029734253883361816e+00,9.475609064102172852e-01
-9.956085085868835449e-01,-8.515107035636901855e-01,-6.003047227859497070e-01,-9.177544713020324707e-01,-8.237601518630981445e-01,-1.174726605415344238e+00,-8.903779983520507812e-01,-1.033091545104980469e+00,-8.971062302589416504e-01,-9.127112030982971191e-01,-1.016047596931457520e+00,-9.939578175544738770e-01,-1.179761171340942383e+00,-9.351678490638732910e-01,-1.293841481208801270e+00,-9.862923026084899902e-01,-1.080278992652893066e+00,-1.161261081695556641e+00,-9.780402183532714844e-01,-1.133664369583129883e+00
-1.009839773178100586e+00,-7.711699008941650391e-01,-8.940556049346923828e-01,-1.036628246307373047e+00,-9.814139008522033691e-01,-7.446581125259399414e-01,-1.103060364723205566e+00,-8.835317492485046387e-01,-1.015623927116394043e+00,-1.195246338844299316e+00,-1.042699694633483887e+00,-6.586692333221435547e-01,-1.323078989982604980e+00,-7.383828759193420410e-01,-1.572771549224853516e+00,-1.214316129684448242e+00,-7.908458709716796875e-01,-1.189742326736450195e+00,-1.150708794593811035e+00,-1.058155655860900879e+00
6.404440402984619141e-01,8.090565204620361328e-01,1.092470288276672363e+00,9.675289988517761230e-01,8.577151298522949219e-01,1.092304944992065430e+00,1.198874473571777344e+00,6.081663370132446289e-01,9.585877060890197754e-01,8.687723278999328613e-01,4.603347182273864746e-01,9.653847813606262207e-01,1.062261939048767090e+00,1.067649960517883301e+00,5.778962373733520508e-01,1.099569916725158691e+00,7.894358038902282715e-01,9.233089685440063477e-01,7.106868624687194824e-01,1.189711928367614746e+00
-9.495190978050231934e-01,-1.136438250541687012e+00,-1.299843788146972656e+00,-1.128491282463073730e+00,-8.420841693878173828e-01,-7.816205620765686035e-01,-9.382392168045043945e-01,-1.034219384193420410e+00,-1.031630158424377441e+00,-9.891606569290161133e-01,-1.298892855644226074e+00,-8.665639162063598633e-01,-1.355721950531005859e+00,-7.631072998046875000e-01,-1.262733340263366699e+00,-1.046359658241271973e+00,-1.009359598159790039e+00,-1.308250069618225098e+00,-8.570878505706787109e-01,-1.223569989204406738e+00
-1.071293830871582031e+00,-9.433845281600952148e-01,-1.042632699012756348e+00,-7.371932864189147949e-01,-1.369277715682983398e+00,-7.625610232353210449e-01,-1.186866044998168945e+00,-8.492960929870605469e-01,-1.253747224807739258e+00,-9.019359946250915527e-01,-1.066321015357971191e+00,-9.736433625221252441e-01,-1.149481654167175293e+00,-6.610946655273437500e-01,-1.204714298248291016e+00,-8.519539237022399902e-01,-1.317783117294311523e+00,-1.033959627151489258e+00,-1.167893052101135254e+00,-9.372966289520263672e-01
-9.140824079513549805e-01,-9.506028294563293457e-01,-1.010148286819458008e+00,-7.365247607231140137e-01,-1.088196039199829102e+00,-8.755635619163513184e-01,-1.103754043579101562e+00,-9.753229618072509766e-01,-9.827523231506347656e-01,-8.550980687141418457e-01,-1.127234816551208496e+00,-1.008859276771545410e+00,-6.662915945053100586e-01,-8.657817244529724121e-01,-1.495399117469787598e+00,-9.045591950416564941e-01,-1.131357192993164062e+00,-1.221348404884338379e+00,-8.727146983146667480e-01,-1.010259151458740234e+00
1.438664317131042480e+00,6.457628011703491211e-01,1.134478092193603516e+00,1.485859632492065430e+00,1.102673768997192383e+00,1.086504340171813965e+00,1.016200184822082520e+00,7.702658176422119141e-01,9.575511813163757324e-01,1.102348089218139648e+00,1.052225470542907715e+00,9.970579147338867188e-01,1.182560682296752930e+00,1.201812386512756348e+00,8.529602885246276855e-01,1.119935035705566406e+00,1.016088724136352539e+00,1.004862308502197266e+00,1.007901906967163086e+00,1.074614405632019043e+00
1.080461740493774414e+00,7.844800353050231934e-01,1.354257345199584961e+00,1.072284936904907227e+00,1.114334702491760254e+00,1.162462830543518066e+00,7.468239068984985352e-01,1.037891626358032227e+00,9.141532182693481445e-01,1.154743790626525879e+00,1.284070611000061035e+00,1.077754020690917969e+00,1.415354132652282715e+00,1.261810779571533203e+00,8.259890079498291016e-01,1.275272727012634277e+00,7.322291135787963867e-01,1.469248414039611816e+00,1.003824472427368164e+00,8.582202196121215820e-01
1.027600884437561035e+00,1.072099089622497559e+00,1.094688892364501953e+00,9.846299290657043457e-01,1.126486420631408691e+00,6.178076863288879395e-01,9.986936450004577637e-01,1.279207825660705566e+00,1.110869646072387695e+00,1.032698631286621094e+00,1.003284096717834473e+00,7.089841961860656738e-01,8.673875927925109863e-01,9.348951578140258789e-01,1.202081799507141113e+00,1.092335700988769531e+00,1.111588478088378906e+00,1.342537045478820801e+00,1.103159427642822266e+00,1.236807823181152344e+00
1.325775504112243652e+00,9.836667776107788086e-01,1.078852295875549316e+00,1.271424412727355957e+00,1.159036397933959961e+00,1.252192497253417969e+00,1.173853516578674316e+00,9.407387971878051758e-01,1.387070655822753906e+00,1.120336055755615234e+00,1.088883876800537109e+00,1.532545924186706543e+00,1.071726322174072266e+00,1.603674411773681641e+00,9.166451096534729004e-01,1.064112663269042969e+00,7.380884885787963867e-01,1.117837429046630859e+00,1.159990310668945312e+00,7.870385646820068359e-01
1.076875686645507812e+00,8.675065040588378906e-01,1.608281254768371582e+00,1.195841193199157715e+00,1.321803331375122070e+00,1.159487843513488770e+00,7.258754968643188477e-01,8.488524556159973145e-01,1.215464591979980469e+00,1.458221554756164551e+00,1.004990339279174805e+00,1.234024405479431152e+00,9.049548506736755371e-01,1.201091408729553223e+00,1.363631963729858398e+00,1.033538341522216797e+00,5.759167671203613281e-01,9.269580245018005371e-01,1.337418794631958008e+00,9.042236804962158203e-01
-9.389064311981201172e-01,-7.267183661460876465e-01,-7.092972397804260254e-01,-1.072729587554931641e+00,-9.937009811401367188e-01,-8.803890347480773926e-01,-7.684086561203002930e-01,-9.781975150108337402e-01,-7.153205871582031250e-01,-1.091214537620544434e+00,-1.108482956886291504e+00,-9.212870001792907715e-01,-8.819723129272460938e-01,-9.480963349342346191e-01,-1.120735168457031250e+00,-1.215097546577453613e+00,-1.146171569824218750e+00,-7.477057576179504395e-01,-1.054042935371398926e+00,-1.089633822441101074e+00
-1.024179816246032715e+00,-8.542011976242065430e-01,-1.016072869300842285e+00,-1.095524787902832031e+00,-7.261747121810913086e-01,-1.128001809120178223e+00,-1.206226944923400879e+00,-9.394044876098632812e-01,-1.089941620826721191e+00,-9.051288366317749023e-01,-1.175830245018005371e+00,-6.407894492149353027e-01,-6.211339235305786133e-01,-1.223273873329162598e+00,-8.585763573646545410e-01,-1.150762796401977539e+00,-1.016286730766296387e+00,-1.135486602783203125e+00,-8.238054513931274414e-01,-8.235369920730590820e-01
5.441789031028747559e-01,1.270302414894104004e+00,8.100510239601135254e-01,7.992801070213317871e-01,5.204683542251586914e-01,1.102442383766174316e+00,1.203652739524841309e+00,6.310500502586364746e-01,9.797880053520202637e-01,8.860276937484741211e-01,8.292847275733947754e-01,1.041968345642089844e+00,7.478017210960388184e-01,7.865203022956848145e-01,1.248893022537231445e+00,1.092195510864257812e+00,1.260050892829895020e+00,8.094168305397033691e-01,7.200953364372253418e-01,8.552395105361938477e-01
-1.146129131317138672e+00,-1.003608226776123047e+00,-9.333565831184387207e-01,-1.127058267593383789e+00,-1.043826460838317871e+00,-1.214275360107421875e+00,-8.019942045211791992e-01,-1.187983751296997070e+00,-1.055427193641662598e+00,-1.087026000022888184e+00,-1.298957943916320801e+00,-9.413062334060668945e-01,-1.124099731445312500e+00,-1.142915725708007812e+00,-1.272918105125427246e+00,-1.137770533561706543e+00,-7.608501911163330078e-01,-1.019622921943664551e+00,-1.008790612220764160e+00,-8.250228166580200195e-01
-7.166454195976257324e-01,-1.237329244613647461e+00,-5.309506654739379883e-01,-8.808616995811462402e-01,-1.197129726409912109e+00,-8.807302713394165039e-01,-8.727165460586547852e-01,-1.222965359687805176e+00,-1.011433839797973633e+00,-6.751489043235778809e-01,-9.147886633872985840e-01,-1.097397327423095703e+00,-1.177000999450683594e+00,-8.396431207656860352e-01,-1.442938566207885742e+00,-1.510871767997741699e+00,-8.174621462821960449e-01,-1.001083493232727051e+00,-7.557734251022338867e-01,-1.120656371116638184e+00
-8.912731409072875977e-01,-1.022725939750671387e+00,-1.154735445976257324e+00,-9.925951957702636719e-01,-1.088102340698242188e+00,-9.835333228111267090e-01,-1.168458938598632812e+00,-1.006740689277648926e+00,-1.170703291893005371e+00,-1.102599740028381348e+00,-1.105691790580749512e+00,-1.024029016494750977e+00,-1.181213140487670898e+00,-1.006243348121643066e+00,-1.407449722290039062e+00,-1.059763789176940918e+00,-1.243923664093017578e+00,-9.278885126113891602e-01,-9.462348818778991699e-01,-9.907870888710021973e-01
-7.911723852157592773e-01,-1.004619240760803223e+00,-7.627871036529541016e-01,-1.192371964454650879e+00,-1.007791519165039062e+00,-1.008416652679443359e+00,-1.044041633605957031e+00,-1.394507408142089844e+00,-1.192881822586059570e+00,-7.967525720596313477e-01,-1.335692286491394043e+00,-7.783098816871643066e-01,-8.929253220558166504e-01,-8.543926477432250977e-01,-1.253719329833984375e+00,-8.991812467575073242e-01,-8.248745799064636230e-01,-1.188996195793151855e+00,-9.628164768218994141e-01,-9.437291026115417480e-01
1.206271171569824219e+00,8.203554153442382812e-01,1.093546867370605469e+00,8.231670856475830078e-01,9.408491253852844238e-01,8.932564258575439453e-01,1.115841865539550781e+00,9.421211481094360352e-01,1.014495491981506348e+00,1.103262186050415039e+00,1.047486782073974609e+00,1.087544679641723633e+00,1.101645231246948242e+00,1.462064027786254883e+00,1.361943125724792480e+00,8.539137244224548340e-01,9.128667712211608887e-01,1.043314456939697266e+00,1.019607305526733398e+00,1.107999920845031738e+00
9.395259022712707520e-01,1.122887015342712402e+00,1.110033631324768066e+00,6.311990022659301758e-01,1.239236593246459961e+00,9.765166044235229492e-01,8.074765801429748535e-01,7.342396378517150879e-01,9.629424214363098145e-01,1.061761498451232910e+00,7.415820956230163574e-01,1.118957996368408203e+00,1.070914626121520996e+00,9.864751100540161133e-01,9.342432022094726562e-01,9.801804423332214355e-01,7.844328880310058594e-01,7.295837402343750000e-01,1.038852214813232422e+00,4.365014135837554932e-01
9.872800707817077637e-01,7.264858484268188477e-01,1.022089123725891113e+00,1.135234951972961426e+00,1.000559687614440918e+00,1.145005345344543457e+00,6.538357138633728027e-01,1.099994540214538574e+00,1.157258868217468262e+00,1.184149861335754395e+00,1.227130889892578125e+00,1.343797087669372559e+00,1.063425421714782715e+00,1.204720258712768555e+00,1.185615658760070801e+00,1.458282113075256348e+00,1.534279108047485352e+00,1.197314143180847168e+00,1.212247371673583984e+00,7.721527218818664551e-01
-1.263045310974121094e+00,-1.043880820274353027e+00,-8.288394212722778320e-01,-8.885362744331359863e-01,-1.136430621147155762e+00,-1.263603568077087402e+00,-8.949468135833740234e-01,-1.075294733047485352e+00,-8.175666332244873047e-01,-9.143373370170593262e-01,-1.288139939308166504e+00,-1.043854475021362305e+00,-1.078849196434020996e+00,-9.040567874908447266e-01,-1.396707773208618164e+00,-1.132090926170349121e+00,-8.790897727012634277e-01,-1.091995596885681152e+00,-8.638624548912048340e-01,-1.131790518760681152e+00
1.271471500396728516e+00,5.200149416923522949e-01,1.077673196792602539e+00,1.195392608642578125e+00,1.026840686798095703e+00,1.295046806335449219e+00,1.657586812973022461e+00,1.152399420738220215e+00,9.378525614738464355e-01,1.120497822761535645e+00,8.222717046737670898e-01,1.212437391281127930e+00,1.262798309326171875e+00,1.494269490242004395e+00,1.260945558547973633e+00,8.383244276046752930e-01,1.274184346199035645e+00,1.101325631141662598e+00,9.036753773689270020e-01,1.480776190757751465e+00
-8.288106322288513184e-01,-3.744282424449920654e-01,-7.872440218925476074e-01,-5.429583787918090820e-01,-5.928711891174316406e-01,-1.107630252838134766e+00,-7.441845536231994629e-01,-9.395505189895629883e-01,-6.299849748611450195e-01,-1.129854202270507812e+00,-1.104186534881591797e+00,-9.302994012832641602e-01,-8.595008850097656250e-01,-6.854099631309509277e-01,-4.658000171184539795e-01,-6.074810028076171875e-01,-6.500784754753112793e-01,-7.984917163848876953e-01,-8.589179515838623047e-01,-6.740308403968811035e-01
9.404169917106628418e-01,1.147228479385375977e+00,1.346160054206848145e+00,1.138558149337768555e+00,9.387195110321044922e-01,1.070775508880615234e+00,9.515793323516845703e-01,6.274296045303344727e-01,1.100588440895080566e+00,9.637281894683837891e-01,6.059807538986206055e-01,1.105919957160949707e+00,7.903847694396972656e-01,1.424532532691955566e+00,1.010092020034790039e+00,1.339658498764038086e+00,8.175756335258483887e-01,1.099859118461608887e+00,1.148004770278930664e+00,8.388340473175048828e-01
1.164236307144165039e+00,6.251112818717956543e-01,1.361385703086853027e+00,1.765085577964782715e+00,9.913648962974548340e-01,1.383475422859191895e+00,1.568838715553283691e+00,1.344683885574340820e+00,7.821557521820068359e-01,1.303550004959106445e+00,6.967154145240783691e-01,1.178226828575134277e+00,1.005321741104125977e+00,1.365354061126708984e+00,1.265408039093017578e+00,9.346695542335510254e-01,9.922658205032348633e-01,8.221057057380676270e-01,8.265490531921386719e-01,1.347726464271545410e+00
-1.131518006324768066e+00,-1.011175632476806641e+00,-1.296304345130920410e+00,-1.004788160324096680e+00,-9.527171850204467773e-01,-1.077516436576843262e+00,-9.712938666343688965e-01,-8.565415143966674805e-01,-1.071784615516662598e+00,-9.700046181678771973e-01,-1.044824600219726562e+00,-9.046930074691772461e-01,-1.272390007972717285e+00,-1.039720177650451660e+00,-1.215540409088134766e+00,-1.187000036239624023e+00,-1.152781367301940918e+00,-1.089306592941284180e+00,-9.846847057342529297e-01,-9.389116764068603516e-01
1.498783230781555176e+00,8.729183077812194824e-01,1.260014176368713379e+00,1.147358417510986328e+00,1.349613308906555176e+00,1.219016313552856445e+00,9.277579188346862793e-01,8.972328305244445801e-01,1.581203937530517578e+00,1.247833490371704102e+00,1.158804416656494141e+00,9.545158147811889648e-01,1.222911477088928223e+00,1.351153850555419922e+00,6.732601523399353027e-01,1.015924572944641113e+00,1.028355956077575684e+00,1.230093717575073242e+00,1.180517196655273438e+00,1.134775042533874512e+00
1.304292917251586914e+00,6.899495720863342285e-01,1.112843036651611328e+00,1.514200925827026367e+00,1.059268236160278320e+00,1.066851854324340820e+00,1.593916177749633789e+00,6.922876834869384766e-01,1.155984282493591309e+00,9.360881447792053223e-01,8.250455260276794434e-01,6.807381510734558105e-01,1.181123375892639160e+00,1.352100014686584473e+00,1.145794034004211426e+00,1.164426803588867188e+00,1.440895318984985352e+00,1.576882481575012207e+00,1.012639880180358887e+00,1.129115343093872070e+00
1.163961768150329590e+00,1.207700967788696289e+00,1.220254421234130859e+00,9.574311971664428711e-01,7.650487422943115234e-01,1.601651072502136230e+00,9.147939085960388184e-01,1.242900967597961426e+00,1.328480124473571777e+00,1.023521065711975098e+00,9.202754497528076172e-01,1.083958983421325684e+00,1.108808875083923340e+00,1.448677062988281250e+00,8.125271201133728027e-01,1.135121703147888184e+00,9.342424273490905762e-01,9.826560020446777344e-01,1.097201943397521973e+00,1.064813733100891113e+00
-8.124768137931823730e-01,-1.229686021804809570e+00,-7.110211253166198730e-01,-1.077616572380065918e+00,-1.054044485092163086e+00,-1.087123155593872070e+00,-7.898024320602416992e-01,-1.117067694664001465e+00,-8.422483801841735840e-01,-9.624022245407104492e-01,-9.237285256385803223e-01,-1.009006738662719727e+00,-1.033590197563171387e+00,-1.102572321891784668e+00,-1.421106338500976562e+00,-9.274029731750488281e-01,-5.131153464317321777e-01,-1.223146915435791016e+00,-6.395908594131469727e-01,-8.351768851280212402e-01
1.592318654060363770e+00,9.350333809852600098e-01,1.095007181167602539e+00,9.712276458740234375e-01,1.052636504173278809e+00,1.561696052551269531e+00,1.167816758155822754e+00,1.451930403709411621e+00,1.056124687194824219e+00,1.012145280838012695e+00,9.054589271545410156e-01,1.235865831375122070e+00,1.254814982414245605e+00,1.713701009750366211e+00,9.029635787010192871e-01,1.050005912780761719e+00,1.009610056877136230e+00,9.178715944290161133e-01,1.213967323303222656e+00,1.022787094116210938e+00
1.189759373664855957e+00,7.116907238960266113e-01,1.072173953056335449e+00,1.126754522323608398e+00,1.147500872611999512e+00,9.603304862976074219e-01,1.084718704223632812e+00,1.556615591049194336e+00,1.114251971244812012e+00,1.122563838958740234e+00,1.207599878311157227e+00,1.174886465072631836e+00,1.428511738777160645e+00,1.174383640289306641e+00,1.322832465171813965e+00,1.045384764671325684e+00,8.407754302024841309e-01,8.535166382789611816e-01,9.027089476585388184e-01,1.084685564041137695e+00
-1.194344997406005859e+00,-1.422125220298767090e+00,-1.276431560516357422e+00,-8.230789303779602051e-01,-1.172369480133056641e+00,-9.573093056678771973e-01,-8.183564543724060059e-01,-6.809854507446289062e-01,-9.947734475135803223e-01,-8.172634243965148926e-01,-1.154914021492004395e+00,-1.091201424598693848e+00,-9.817702174186706543e-01,-9.051190018653869629e-01,-1.031310200691223145e+00,-1.318802952766418457e+00,-1.292846798896789551e+00,-1.293907523155212402e+00,-1.052923202514648438e+00,-1.134279608726501465e+00
1.174779772758483887e+00,9.338605403900146484e-01,1.067527174949645996e+00,6.866008043289184570e-01,8.935995101928710938e-01,6.558406949043273926e-01,1.302790880203247070e+00,7.074708342552185059e-01,8.248494863510131836e-01,1.044976830482482910e+00,8.672387599945068359e-01,1.276116013526916504e+00,1.027263760566711426e+00,9.292286038398742676e-01,7.136933803558349609e-01,1.156477689743041992e+00,7.683181166648864746e-01,1.166578292846679688e+00,9.686471223831176758e-01,9.174331426620483398e-01
