-5.003230571746826172e-01,-1.015003442764282227e+00,-6.251710653305053711e-01,-1.084118127822875977e+00,-3.674901723861694336e-01
1.325438022613525391e+00,1.054333329200744629e+00,1.125069618225097656e+00,1.200927853584289551e+00,1.342656731605529785e+00
-5.424821376800537109e-01,-3.698989152908325195e-01,-7.623326182365417480e-01,-1.225324034690856934e+00,-6.694629788398742676e-01
-1.341488957405090332e+00,-1.658032178878784180e+00,-1.138450503349304199e+00,-1.690917134284973145e+00,-1.185473918914794922e+00
-1.277590751647949219e+00,-6.464177370071411133e-01,-1.628130197525024414e+00,-8.185839056968688965e-01,-1.216761589050292969e+00
-6.679363846778869629e-01,-9.403862357139587402e-01,-1.029097437858581543e+00,-1.338171482086181641e+00,-1.031504631042480469e+00
-1.405645728111267090e+00,-9.624727368354797363e-01,-1.538789987564086914e+00,-1.380520343780517578e+00,-1.157935261726379395e+00
7.551726698875427246e-01,1.242459416389465332e+00,6.856095194816589355e-01,1.337711095809936523e+00,1.082950472831726074e+00
-7.447695732116699219e-01,-1.070071578025817871e+00,-1.169490933418273926e+00,-1.499301195144653320e+00,-1.292760968208312988e+00
-1.059891581535339355e+00,-1.045597314834594727e+00,-7.775211334228515625e-01,-1.348319292068481445e+00,-9.779365658760070801e-01
1.172927737236022949e+00,8.157054185867309570e-01,1.151093125343322754e+00,1.103995203971862793e+00,1.080641388893127441e+00
1.364647388458251953e+00,6.273572444915771484e-01,1.194522261619567871e+00,1.013279438018798828e+00,1.321139812469482422e+00
-1.125528216361999512e+00,-1.085537314414978027e+00,-1.481507778167724609e+00,-1.536164402961730957e+00,-1.271024942398071289e+00
6.476418972015380859e-01,8.733210563659667969e-01,8.456547260284423828e-01,8.960776329040527344e-01,6.287548542022705078e-01
-4.222798347473144531e-01,1.778404712677001953e-01,-4.409615322947502136e-02,-2.880668044090270996e-01,-7.320547848939895630e-02
-1.323702096939086914e+00,-1.213081240653991699e+00,-1.258779287338256836e+00,-1.209568977355957031e+00,-1.152746558189392090e+00
8.048096895217895508e-01,5.996713638305664062e-01,1.349493622779846191e+00,1.159994244575500488e+00,1.480487108230590820e+00
1.324132800102233887e+00,7.465656399726867676e-01,9.952256679534912109e-01,1.098212122917175293e+00,1.075823068618774414e+00
-9.306745529174804688e-01,-1.141444683074951172e+00,-1.381157755851745605e+00,-6.775118708610534668e-01,-1.236042737960815430e+00
-1.248124361038208008e+00,-9.681379795074462891e-01,-1.145232796669006348e+00,-1.285282969474792480e+00,-1.217658758163452148e+00
1.355090379714965820e+00,9.409341216087341309e-01,8.636173009872436523e-01,1.173038125038146973e+00,1.263507604598999023e+00
1.116458535194396973e+00,1.079313755035400391e+00,9.727654457092285156e-01,1.062659978866577148e+00,1.244258522987365723e+00
-7.939883470535278320e-01,-1.023846387863159180e+00,-1.481813669204711914e+00,-8.304974436759948730e-01,-9.858012795448303223e-01
-1.235738992691040039e+00,-9.858925342559814453e-01,-1.364532947540283203e+00,-1.319645047187805176e+00,-1.131551861763000488e+00
1.255884528160095215e+00,9.220576286315917969e-01,9.462423920631408691e-01,1.319919347763061523e+00,8.323596715927124023e-01
-9.816926717758178711e-01,-2.075262308120727539e+00,-1.139310240745544434e+00,-1.819175601005554199e+00,-1.300154209136962891e+00
1.409015536308288574e+00,7.199156284332275391e-01,9.398662447929382324e-01,9.667870998382568359e-01,9.562194347381591797e-01
6.750386953353881836e-01,7.705469727516174316e-01,1.040827274322509766e+00,7.844944596290588379e-01,7.124472260475158691e-01
-1.207846760749816895e+00,-1.369897603988647461e+00,-1.102312684059143066e+00,-1.457349896430969238e+00,-1.234506487846374512e+00
1.106144070625305176e+00,1.053872585296630859e+00,1.108053326606750488e+00,7.685863971710205078e-01,1.314952015876770020e+00
1.325911760330200195e+00,8.866932392120361328e-01,8.010498285293579102e-01,1.100564479827880859e+00,1.166216611862182617e+00
-1.319981455802917480e+00,-1.031831026077270508e+00,-1.058883786201477051e+00,-1.193903923034667969e+00,-1.074429154396057129e+00
-1.106794595718383789e+00,-1.316178202629089355e+00,-8.648392558097839355e-01,-8.473083972930908203e-01,-1.167377948760986328e+00
9.677342176437377930e-01,1.129213929176330566e+00,7.552156448364257812e-01,1.449270486831665039e+00,1.010421037673950195e+00
1.241176724433898926e+00,6.002586483955383301e-01,9.061065316200256348e-01,1.038514137268066406e+00,7.835724353790283203e-01
-1.683467268943786621e+00,-8.914680480957031250e-01,-2.156543970108032227e+00,-1.388119459152221680e+00,-7.445653676986694336e-01
-7.515546679496765137e-01,-3.007859289646148682e-01,-7.277437448501586914e-01,-1.565317869186401367e+00,-6.840462684631347656e-01
-8.381499648094177246e-01,-1.756579399108886719e+00,-1.200650930404663086e+00,-1.539828062057495117e+00,-1.468729853630065918e+00
1.494100093841552734e+00,9.599466919898986816e-01,1.129642486572265625e+00,1.194049835205078125e+00,1.144233345985412598e+00
-1.028852701187133789e+00,-8.693010807037353516e-01,-8.148634433746337891e-01,-1.071097493171691895e+00,-1.043651461601257324e+00
-1.334382653236389160e+00,-1.289646744728088379e+00,-9.967537522315979004e-01,-1.461583852767944336e+00,-1.254079580307006836e+00
-1.315963506698608398e+00,-9.947848320007324219e-01,-1.120586633682250977e+00,-1.612227678298950195e+00,-1.360043048858642578e+00
1.469039916992187500e+00,7.550091147422790527e-01,9.258230924606323242e-01,7.617486715316772461e-01,1.236697554588317871e+00
-6.643657088279724121e-01,-1.494428277015686035e+00,-8.295810222625732422e-01,-1.351418614387512207e+00,-1.443400859832763672e+00
9.470682144165039062e-01,8.420521616935729980e-01,1.024215221405029297e+00,1.041212558746337891e+00,1.040838956832885742e+00
5.722421407699584961e-01,9.131555557250976562e-01,4.653874933719635010e-01,2.738147079944610596e-01,5.501058697700500488e-01
-6.626484990119934082e-01,-1.064904332160949707e+00,-9.930594563484191895e-01,-1.663372635841369629e+00,-1.561669468879699707e+00
1.001994132995605469e+00,1.183827638626098633e+00,9.590485692024230957e-01,1.076212286949157715e+00,1.102196812629699707e+00
-1.273157119750976562e+00,-1.728803634643554688e+00,-7.195019721984863281e-01,-1.729962825775146484e+00,-1.192750453948974609e+00
-1.180311918258666992e+00,-1.038083076477050781e+00,-1.444394111633300781e+00,-1.370274424552917480e+00,-1.034574866294860840e+00
-1.346305489540100098e+00,-1.543539285659790039e+00,-9.275288581848144531e-01,-1.678126811981201172e+00,-1.255692005157470703e+00
8.545106649398803711e-01,7.497900128364562988e-01,1.024571061134338379e+00,1.129457354545593262e+00,1.009714603424072266e+00
-9.636984467506408691e-01,-8.589149713516235352e-01,-1.164100289344787598e+00,-1.697833538055419922e+00,-9.341387152671813965e-01
1.325543642044067383e+00,7.407267093658447266e-01,8.181490302085876465e-01,7.647570371627807617e-01,4.249947369098663330e-01
-1.015370845794677734e+00,-9.869976043701171875e-01,-1.534389257431030273e+00,-1.467820763587951660e+00,-1.424938321113586426e+00
-9.764302968978881836e-01,-9.487584233283996582e-01,-1.323681116104125977e+00,-1.270022153854370117e+00,-1.519101500511169434e+00
-2.248712778091430664e-01,-1.390872359275817871e+00,-1.043900132179260254e+00,-1.509585022926330566e+00,-1.916291117668151855e+00
-1.364677429199218750e+00,-1.324505209922790527e+00,-1.443625569343566895e+00,-1.320292353630065918e+00,-9.693315625190734863e-01
6.414179801940917969e-01,1.243617415428161621e+00,9.388518929481506348e-01,1.079766154289245605e+00,1.021970391273498535e+00
3.032167851924896240e-01,1.170774579048156738e+00,1.073015093803405762e+00,7.400493025779724121e-01,4.660765528678894043e-01
-9.195702672004699707e-01,-9.173490405082702637e-01,-9.999356865882873535e-01,-7.404872775077819824e-01,-8.774954080581665039e-01
1.232288122177124023e+00,1.101752758026123047e+00,8.973922729492187500e-01,8.460799455642700195e-01,1.033639430999755859e+00
-1.207760572433471680e+00,-7.926810383796691895e-01,-1.362733602523803711e+00,-9.390974640846252441e-01,-1.223624229431152344e+00
1.137897610664367676e+00,8.467010855674743652e-01,9.664456248283386230e-01,5.229958891868591309e-01,8.360665440559387207e-01
-1.358741879463195801e+00,-1.266456723213195801e+00,-1.079010009765625000e+00,-1.249325513839721680e+00,-1.864213109016418457e+00
-6.728804707527160645e-01,-1.542008638381958008e+00,-1.290654659271240234e+00,-1.860836148262023926e+00,-1.209966421127319336e+00
-1.106050372123718262e+00,-1.673119306564331055e+00,-7.928299307823181152e-01,-1.135607719421386719e+00,-1.154770970344543457e+00
1.590415000915527344e+00,8.972539901733398438e-01,9.673908352851867676e-01,9.352986216545104980e-01,8.016105890274047852e-01
-1.162462353706359863e+00,-1.285926580429077148e+00,-1.334481477737426758e+00,-1.115988612174987793e+00,-1.403623104095458984e+00
1.427536129951477051e+00,9.135715365409851074e-01,8.654384613037109375e-01,1.031902313232421875e+00,7.231773138046264648e-01
1.138542532920837402e+00,7.733362317085266113e-01,1.105279088020324707e+00,1.146718144416809082e+00,1.339019775390625000e+00
-1.346928715705871582e+00,-1.350665807723999023e+00,-9.333410263061523438e-01,-1.405906558036804199e+00,-1.698100447654724121e+00
-6.716292500495910645e-01,-5.918712615966796875e-01,-7.137531638145446777e-01,-1.032463073730468750e+00,-7.284039258956909180e-01
1.335737705230712891e+00,9.873287081718444824e-01,6.948977112770080566e-01,1.207564711570739746e+00,9.719469547271728516e-01
8.296160101890563965e-01,4.301803410053253174e-01,5.546582937240600586e-01,5.752426981925964355e-01,1.301117420196533203e+00
1.544018864631652832e+00,1.198131561279296875e+00,7.078107595443725586e-01,8.251520395278930664e-01,9.933623671531677246e-01
1.488367319107055664e+00,1.158654570579528809e+00,8.036093115806579590e-01,8.569795489311218262e-01,1.109303951263427734e+00
1.143874168395996094e+00,1.063470840454101562e+00,9.154559969902038574e-01,1.739599704742431641e+00,8.835475444793701172e-01
-1.143261194229125977e+00,-1.110316395759582520e+00,-1.101623177528381348e+00,-1.497405886650085449e+00,-1.471468448638916016e+00
-8.537624478340148926e-01,-1.767369389533996582e+00,-1.437001943588256836e+00,-1.546875357627868652e+00,-1.516669988632202148e+00
1.474566817283630371e+00,8.774440288543701172e-01,1.598613500595092773e+00,8.340792059898376465e-01,1.109665036201477051e+00
8.965820670127868652e-01,6.315093636512756348e-01,8.754786849021911621e-01,9.369373321533203125e-01,1.166947960853576660e+00
8.769465088844299316e-01,1.266705989837646484e+00,1.260282039642333984e+00,9.133461713790893555e-01,8.897070288658142090e-01
-9.861790537834167480e-01,-1.273443341255187988e+00,-8.990255594253540039e-01,-1.082711338996887207e+00,-7.076547145843505859e-01
1.270135879516601562e+00,1.096970558166503906e+00,1.120358109474182129e+00,1.119713068008422852e+00,1.042986869812011719e+00
1.006145477294921875e+00,8.482767343521118164e-01,7.242791056632995605e-01,8.803112506866455078e-01,1.242461323738098145e+00
1.435594797134399414e+00,8.774804472923278809e-01,9.961225390434265137e-01,9.367718696594238281e-01,9.936290979385375977e-01
1.267926096916198730e+00,9.281357526779174805e-01,9.722582101821899414e-01,1.152091264724731445e+00,1.008982062339782715e+00
1.063731193542480469e+00,1.662271022796630859e-01,5.641434192657470703e-01,7.228209376335144043e-01,6.496768593788146973e-01
-1.162911057472229004e+00,-1.039549231529235840e+00,-1.503157973289489746e+00,-1.516641020774841309e+00,-1.016614556312561035e+00
-1.021897912025451660e+00,-1.161742329597473145e+00,-1.199290513992309570e+00,-7.942627072334289551e-01,-1.211225390434265137e+00
-5.776675939559936523e-01,-7.331827878952026367e-01,-4.321772754192352295e-01,-1.884980201721191406e-01,-2.380498796701431274e-01
1.245282888412475586e+00,7.729929685592651367e-01,1.164618730545043945e+00,1.081192255020141602e+00,1.281107902526855469e+00
-1.160671591758728027e+00,-1.261108994483947754e+00,-8.426513075828552246e-01,-1.178022742271423340e+00,-1.404103994369506836e+00
1.307882308959960938e+00,8.826066255569458008e-01,9.974730014801025391e-01,9.539984464645385742e-01,1.254375934600830078e+00
1.354611515998840332e+00,1.208222508430480957e+00,1.098793625831604004e+00,5.917862653732299805e-01,1.333783864974975586e+00
1.338003396987915039e+00,9.347494244575500488e-01,9.684029221534729004e-01,9.835024476051330566e-01,1.345803618431091309e+00
-1.032522797584533691e+00,-8.686572313308715820e-01,-1.167195081710815430e+00,-1.410270929336547852e+00,-1.231740474700927734e+00
8.989467620849609375e-01,5.102743506431579590e-01,8.170868158340454102e-01,6.016697287559509277e-01,8.473256230354309082e-01
-1.120671868324279785e+00,-1.170640230178833008e+00,-1.237991213798522949e+00,-1.336660623550415039e+00,-9.433252811431884766e-01
1.078776597976684570e+00,9.447959065437316895e-01,9.525761008262634277e-01,1.097613573074340820e+00,1.244072198867797852e+00
-4.408647119998931885e-01,-9.719814062118530273e-01,-1.002986192703247070e+00,-9.396110177040100098e-01,-1.360371351242065430e+00
1.128382563591003418e+00,8.655211329460144043e-01,1.004785418510437012e+00,5.327081084251403809e-01,7.295612096786499023e-01
-1.066603422164916992e+00,-1.127542257308959961e+00,-1.256317019462585449e+00,-1.287454485893249512e+00,-1.019426465034484863e+00
1.449887633323669434e+00,1.209343314170837402e+00,1.107085704803466797e+00,9.367957711219787598e-01,1.341657996177673340e+00
-1.050671696662902832e+00,-1.116236448287963867e+00,-1.097385764122009277e+00,-1.160267829895019531e+00,-1.042040467262268066e+00
1.316857218742370605e+00,9.392977356910705566e-01,9.662224054336547852e-01,8.711438775062561035e-01,1.211000323295593262e+00
1.100425839424133301e+00,1.101193547248840332e+00,7.426457405090332031e-01,1.276714324951171875e+00,9.419036507606506348e-01
-5.730765461921691895e-01,-7.536308169364929199e-01,-9.574435353279113770e-01,-1.188850045204162598e+00,-1.036251068115234375e+00
1.424699068069458008e+00,5.374487042427062988e-01,1.319468021392822266e+00,1.402929663658142090e+00,5.949639081954956055e-01
-1.348888397216796875e+00,-1.323216557502746582e+00,-1.230227828025817871e+00,-1.382921934127807617e+00,-1.279723286628723145e+00
-5.833086371421813965e-01,-6.566739678382873535e-01,-1.575227737426757812e+00,-1.385170459747314453e+00,-9.972918629646301270e-01
9.125508666038513184e-01,1.526569724082946777e+00,7.982053160667419434e-01,1.324254035949707031e+00,1.122863054275512695e+00
6.987741589546203613e-01,8.180484771728515625e-01,7.604413032531738281e-01,1.012914896011352539e+00,7.193124890327453613e-01
-1.313404440879821777e+00,-1.103520274162292480e+00,-8.630800843238830566e-01,-1.110123038291931152e+00,-1.076881885528564453e+00
1.302215576171875000e+00,1.025586009025573730e+00,2.541997730731964111e-01,1.682168722152709961e+00,5.981944203376770020e-01
1.008604645729064941e+00,6.463694572448730469e-01,5.645325779914855957e-01,4.897943139076232910e-01,5.321419239044189453e-01
8.740137219429016113e-01,9.343664050102233887e-01,7.515671849250793457e-01,1.048804640769958496e+00,1.100138187408447266e+00
-1.483456254005432129e+00,-1.544156074523925781e+00,-1.249497175216674805e+00,-1.406627297401428223e+00,-1.102113723754882812e+00
-1.147901773452758789e+00,-1.152857899665832520e+00,-1.302545905113220215e+00,-1.240918040275573730e+00,-1.179813623428344727e+00
9.924623966217041016e-01,5.301358699798583984e-01,1.041154742240905762e+00,8.246763348579406738e-01,1.365125894546508789e+00
-1.296053051948547363e+00,-8.089970350265502930e-01,-1.332705974578857422e+00,-1.124423503875732422e+00,-1.125187873840332031e+00
-1.327449679374694824e+00,-1.860651254653930664e+00,-1.094771265983581543e+00,-2.011441469192504883e+00,-1.159924387931823730e+00
-1.049963593482971191e+00,-1.171975493431091309e+00,-1.194145679473876953e+00,-1.306517839431762695e+00,-1.050685405731201172e+00
1.280984640121459961e+00,1.085880637168884277e+00,1.120172142982482910e+00,1.226893424987792969e+00,9.538134932518005371e-01
-1.144761443138122559e+00,-1.272662997245788574e+00,-1.175140261650085449e+00,-1.468717455863952637e+00,-1.337844252586364746e+00
6.954512000083923340e-01,8.873227238655090332e-01,1.078340649604797363e+00,8.412460088729858398e-01,1.309897899627685547e+00
-1.425786495208740234e+00,-9.307155609130859375e-01,-1.031836152076721191e+00,-1.248377561569213867e+00,-1.197338581085205078e+00
9.738661050796508789e-01,1.207362532615661621e+00,8.685373663902282715e-01,1.171099305152893066e+00,1.122271656990051270e+00
-1.012974500656127930e+00,-1.278254389762878418e+00,-1.138371467590332031e+00,-1.100156426429748535e+00,-8.588173389434814453e-01
1.543270230293273926e+00,9.538343548774719238e-01,8.895788788795471191e-01,1.116413712501525879e+00,6.610527038574218750e-01
1.215545535087585449e+00,1.099650144577026367e+00,7.828490138053894043e-01,1.310333847999572754e+00,9.765829443931579590e-01
1.023486137390136719e+00,7.822341918945312500e-01,9.666143059730529785e-01,1.150472164154052734e+00,7.808595299720764160e-01
1.429815173149108887e+00,7.572188377380371094e-01,1.219021916389465332e+00,1.049703955650329590e+00,1.164588212966918945e+00
-1.073362350463867188e+00,-1.352214336395263672e+00,-1.059447646141052246e+00,-1.044222593307495117e+00,-7.643761634826660156e-01
9.969887733459472656e-01,1.226393342018127441e+00,1.235641121864318848e+00,4.897274076938629150e-01,1.155833959579467773e+00
5.049402713775634766e-01,7.912598252296447754e-01,3.927332460880279541e-01,2.477218955755233765e-01,6.090067625045776367e-01
-7.896027565002441406e-01,-1.348460555076599121e+00,-7.837538123130798340e-01,-1.411152839660644531e+00,-9.320078492164611816e-01
-1.277798295021057129e+00,-1.438990354537963867e+00,-1.129233360290527344e+00,-2.097612857818603516e+00,-1.239286303520202637e+00
-1.141210794448852539e+00,-9.823256731033325195e-01,-1.041262149810791016e+00,-1.178800582885742188e+00,-1.243009567260742188e+00
-9.583856463432312012e-01,-1.386419057846069336e+00,-1.235157132148742676e+00,-9.043065309524536133e-01,-1.652115225791931152e+00
1.408778786659240723e+00,1.150492072105407715e+00,9.431470632553100586e-01,9.798653125762939453e-01,1.375625729560852051e+00
-1.303829789161682129e+00,-1.178197264671325684e+00,-1.283514022827148438e+00,-1.418301224708557129e+00,-1.068673729896545410e+00
1.111636400222778320e+00,9.772883653640747070e-01,7.942692637443542480e-01,9.435929059982299805e-01,2.961458265781402588e-01
-1.322913289070129395e+00,-9.999697208404541016e-01,-8.831868767738342285e-01,-1.055474877357482910e+00,-1.012906908988952637e+00
-1.710753321647644043e+00,-1.161082386970520020e+00,-1.820615172386169434e+00,-2.006346702575683594e+00,-1.680229067802429199e+00
-9.376361966133117676e-01,-7.139511704444885254e-01,-1.537154316902160645e+00,-1.009017944335937500e+00,-1.003348350524902344e+00
-1.120534181594848633e+00,-1.409691810607910156e+00,-1.386243939399719238e+00,-2.059846878051757812e+00,-1.321678042411804199e+00
1.150922060012817383e+00,8.605973720550537109e-01,7.472892999649047852e-01,6.083239316940307617e-01,9.530165195465087891e-01
-8.982245922088623047e-01,-8.676058053970336914e-01,-1.045005559921264648e+00,-1.222476959228515625e+00,-1.328518152236938477e+00
-1.212503552436828613e+00,-1.401510834693908691e+00,-1.278708338737487793e+00,-1.212229728698730469e+00,-1.478847861289978027e+00
1.150606989860534668e+00,7.729595303535461426e-01,9.023797512054443359e-01,1.077533364295959473e+00,1.059228658676147461e+00
1.079713702201843262e+00,8.579515814781188965e-01,8.309171199798583984e-01,1.051003098487854004e+00,9.903852343559265137e-01
8.360608816146850586e-01,1.143349289894104004e+00,9.441664218902587891e-01,1.417644739151000977e+00,8.928932547569274902e-01
-1.166276454925537109e+00,-1.123129844665527344e+00,-9.346616268157958984e-01,-1.517858147621154785e+00,-1.343698620796203613e+00
1.076161026954650879e+00,1.107286453247070312e+00,1.027694463729858398e+00,8.680089712142944336e-01,1.143406152725219727e+00
-1.078286647796630859e+00,-1.290517807006835938e+00,-8.162239193916320801e-01,-1.159151315689086914e+00,-1.041127443313598633e+00
-1.236127495765686035e+00,-9.440932273864746094e-01,-1.034160852432250977e+00,-8.007326722145080566e-01,-1.199760317802429199e+00
-5.530887246131896973e-01,-8.558788895606994629e-01,-1.081415414810180664e+00,-1.155377388000488281e+00,-1.001782417297363281e+00
-1.225430846214294434e+00,-1.528073668479919434e+00,-1.508184432983398438e+00,-1.383276700973510742e+00,-1.419151663780212402e+00
1.275380015373229980e+00,1.454671621322631836e+00,1.297410368919372559e+00,7.470955848693847656e-01,1.322775244712829590e+00
-1.266662836074829102e+00,-1.150408387184143066e+00,-8.748462796211242676e-01,-1.630234479904174805e+00,-1.323498725891113281e+00
-9.352593421936035156e-01,-9.342573285102844238e-01,-1.376878261566162109e+00,-1.422118782997131348e+00,-1.016093492507934570e+00
1.205231070518493652e+00,1.202456951141357422e+00,1.334094047546386719e+00,7.652126550674438477e-01,7.947294116020202637e-01
-9.280576705932617188e-01,-5.814115405082702637e-01,-9.277902841567993164e-01,-1.152997374534606934e+00,-9.169391393661499023e-01
-1.028414726257324219e+00,-8.805890083312988281e-01,-1.041991233825683594e+00,-1.486503958702087402e+00,-9.702772498130798340e-01
-1.401253819465637207e+00,-1.386750578880310059e+00,-9.293499588966369629e-01,-1.354932785034179688e+00,-1.075428843498229980e+00
-9.799138307571411133e-01,-1.042737603187561035e+00,-8.480102419853210449e-01,-1.506529092788696289e+00,-1.477941751480102539e+00
-1.238086223602294922e+00,-7.692629694938659668e-01,-1.085570096969604492e+00,-1.245391845703125000e+00,-1.268627524375915527e+00
-1.504871010780334473e+00,-1.023436188697814941e+00,-1.300497531890869141e+00,-1.192655086517333984e+00,-1.111621856689453125e+00
9.956184625625610352e-01,9.483458399772644043e-01,1.122956037521362305e+00,6.287178397178649902e-01,9.428721070289611816e-01
-5.542084202170372009e-02,-3.632252812385559082e-01,-1.618011444807052612e-01,-4.950436949729919434e-01,-4.377409443259239197e-02
1.361076712608337402e+00,8.968632221221923828e-01,1.107369184494018555e+00,1.464531779289245605e+00,9.244870543479919434e-01
-1.314115643501281738e+00,-1.051966309547424316e+00,-1.409368038177490234e+00,-1.056404471397399902e+00,-1.189238548278808594e+00
-1.205706834793090820e+00,-1.311535954475402832e+00,-9.680947065353393555e-01,-1.164028525352478027e+00,-1.497861742973327637e+00
1.545682102441787720e-01,4.883731603622436523e-01,3.777736127376556396e-01,6.702914237976074219e-01,7.904477715492248535e-01
1.285944461822509766e+00,1.040438413619995117e+00,1.121958374977111816e+00,1.481424570083618164e+00,1.048082828521728516e+00
9.158813357353210449e-01,9.036686420440673828e-01,5.520011782646179199e-01,8.926221132278442383e-01,5.369516611099243164e-01
-1.084846854209899902e+00,-1.564151287078857422e+00,-7.997566461563110352e-01,-1.412826538085937500e+00,-1.416521549224853516e+00
-1.266510486602783203e+00,-1.315236210823059082e+00,-8.978921175003051758e-01,-9.603822827339172363e-01,-1.176532745361328125e+00
-9.273204207420349121e-01,-1.561202764511108398e+00,-1.015513062477111816e+00,-9.636939167976379395e-01,-1.312906026840209961e+00
-9.917944073677062988e-01,-1.624610424041748047e+00,-1.050548076629638672e+00,-1.230457425117492676e+00,-9.141884446144104004e-01
1.129610896110534668e+00,8.081803917884826660e-01,8.204868435859680176e-01,1.193037390708923340e+00,9.786308407783508301e-01
1.340086102485656738e+00,1.302911400794982910e+00,1.062960743904113770e+00,7.878931164741516113e-01,9.731446504592895508e-01
-1.024501204490661621e+00,-6.999306082725524902e-01,-9.890591502189636230e-01,-1.187082052230834961e+00,-1.299113273620605469e+00
1.459201693534851074e+00,9.149556159973144531e-01,1.202201485633850098e+00,7.547498345375061035e-01,1.372300863265991211e+00
9.795765876770019531e-01,9.826246500015258789e-01,6.913442015647888184e-01,1.047319531440734863e+00,9.428175091743469238e-01
-1.071088433265686035e+00,-9.756569862365722656e-01,-1.176082015037536621e+00,-1.491770625114440918e+00,-1.518067240715026855e+00
-8.790158033370971680e-01,-1.033883213996887207e+00,-1.363050103187561035e+00,-1.634056091308593750e+00,-1.171716094017028809e+00
-1.061789751052856445e+00,-7.688224911689758301e-01,-1.188797354698181152e+00,-1.098563075065612793e+00,-6.166033148765563965e-01
1.417983770370483398e+00,9.224949479103088379e-01,1.213443517684936523e+00,7.114230990409851074e-01,6.518782973289489746e-01
9.753981828689575195e-01,1.306972384452819824e+00,9.885344505310058594e-01,1.129188537597656250e+00,1.267107248306274414e+00
-1.159428238868713379e+00,-1.405460357666015625e+00,-1.065657973289489746e+00,-1.724901914596557617e+00,-1.190023183822631836e+00
1.549286603927612305e+00,1.028754115104675293e+00,1.126061558723449707e+00,6.827424764633178711e-01,1.314015984535217285e+00
-1.363829016685485840e+00,-1.093649387359619141e+00,-1.559739470481872559e+00,-1.269284248352050781e+00,-9.077747464179992676e-01
5.865672826766967773e-01,5.709142088890075684e-01,1.399153564125299454e-02,1.564120501279830933e-01,4.496693611145019531e-01
-1.203934788703918457e+00,-1.470455050468444824e+00,-1.156731963157653809e+00,-1.109519362449645996e+00,-9.232734441757202148e-01
-1.112474560737609863e+00,-8.071025013923645020e-01,-7.577820420265197754e-01,-1.623085975646972656e+00,-1.580910086631774902e+00
-2.107530832290649414e+00,-7.384731173515319824e-01,-1.226250886917114258e+00,-1.390170097351074219e+00,-7.301753759384155273e-01
-1.029149889945983887e+00,-1.009850144386291504e+00,-1.695626378059387207e+00,-1.504752755165100098e+00,-1.506523251533508301e+00
7.607114315032958984e-01,6.916593909263610840e-01,1.372333168983459473e+00,8.140296936035156250e-01,1.071907520294189453e+00
1.138944864273071289e+00,1.179615855216979980e+00,1.143510103225708008e+00,1.065940260887145996e+00,1.332913994789123535e+00
1.352182865142822266e+00,1.223155856132507324e+00,6.105835437774658203e-01,9.836536049842834473e-01,1.014047861099243164e+00
-1.119864106178283691e+00,-1.253388285636901855e+00,-9.654555320739746094e-01,-1.472443819046020508e+00,-1.111686348915100098e+00
-1.217021703720092773e+00,-1.514836072921752930e+00,-1.210490465164184570e+00,-1.254842400550842285e+00,-1.438707113265991211e+00
1.260041475296020508e+00,1.112761855125427246e+00,8.733655810356140137e-01,8.195585012435913086e-01,9.361494779586791992e-01
-1.194334864616394043e+00,-1.525547981262207031e+00,-9.032270908355712891e-01,-1.656005740165710449e+00,-9.937663674354553223e-01
9.599809646606445312e-01,1.017541289329528809e+00,1.148274660110473633e+00,1.310083746910095215e+00,1.029946923255920410e+00
1.188944220542907715e+00,1.034100413322448730e+00,4.875072240829467773e-01,1.338705062866210938e+00,1.060546278953552246e+00
-1.466040730476379395e+00,-1.287647128105163574e+00,-1.279436945915222168e+00,-1.335973143577575684e+00,-1.282979369163513184e+00
-1.086961746215820312e+00,-1.105273604393005371e+00,-7.287655472755432129e-01,-1.421881079673767090e+00,-9.057714343070983887e-01
1.306264519691467285e+00,1.115623712539672852e+00,1.189651608467102051e+00,1.218890905380249023e+00,1.035168647766113281e+00
-8.538898229598999023e-01,-9.680914878845214844e-01,-1.263178706169128418e+00,-1.402958989143371582e+00,-1.308961510658264160e+00
1.307160973548889160e+00,1.034204721450805664e+00,1.454919338226318359e+00,7.625459432601928711e-01,1.082941770553588867e+00
-1.350447058677673340e+00,-1.182040333747863770e+00,-1.176743268966674805e+00,-1.029569983482360840e+00,-1.472347974777221680e+00
1.359895706176757812e+00,8.968045711517333984e-01,1.033959507942199707e+00,1.180376768112182617e+00,1.271282911300659180e+00
1.188060879707336426e+00,1.454790353775024414e+00,5.303893089294433594e-01,8.462899923324584961e-01,1.267239332199096680e+00
1.288546085357666016e+00,8.410451412200927734e-01,1.088968038558959961e+00,1.189323067665100098e+00,8.715971112251281738e-01
1.241077780723571777e+00,7.127802968025207520e-01,8.617514371871948242e-01,9.395275712013244629e-01,1.232088923454284668e+00
-7.532815933227539062e-01,-1.358751654624938965e+00,-1.133463263511657715e+00,-1.236791133880615234e+00,-1.245600700378417969e+00
1.772538423538208008e+00,1.102522492408752441e+00,1.176871061325073242e+00,8.043273091316223145e-01,1.274734377861022949e+00
1.210576415061950684e+00,1.378672838211059570e+00,4.715504646301269531e-01,1.238363623619079590e+00,1.334769010543823242e+00
-8.348084688186645508e-01,-1.660644173622131348e+00,-7.915149927139282227e-01,-1.153039693832397461e+00,-1.829218149185180664e+00
-6.447900533676147461e-01,-8.648322224617004395e-01,-1.492277264595031738e+00,-1.303718447685241699e+00,-1.526752471923828125e+00
-1.139789342880249023e+00,-9.784955978393554688e-01,-1.222620248794555664e+00,-1.135209441184997559e+00,-1.572005033493041992e+00
2.444401383399963379e-01,-5.403201580047607422e-01,-1.029896736145019531e+00,-7.495462298393249512e-01,-9.865978360176086426e-01
9.218546152114868164e-01,9.169387817382812500e-01,3.863130807876586914e-01,5.854204297065734863e-01,9.081699252128601074e-01
1.063695907592773438e+00,1.183394312858581543e+00,1.220807194709777832e+00,1.415223121643066406e+00,6.974351406097412109e-01
-1.210123300552368164e+00,-1.122519969940185547e+00,-1.315507531166076660e+00,-1.279292821884155273e+00,-9.449584484100341797e-01
9.215548634529113770e-01,9.646875262260437012e-01,6.880775690078735352e-01,6.634144783020019531e-01,7.501425147056579590e-01
5.512398481369018555e-01,1.314958810806274414e+00,8.263769149780273438e-01,1.184280633926391602e+00,6.480649113655090332e-01
8.810690045356750488e-01,1.067736506462097168e+00,1.043177247047424316e+00,1.375694990158081055e+00,9.531447291374206543e-01
1.102691292762756348e+00,9.981736540794372559e-01,9.192433357238769531e-01,8.991118669509887695e-01,6.966584920883178711e-01
1.098536372184753418e+00,1.123173952102661133e+00,9.791285395622253418e-01,1.251335740089416504e+00,6.308774948120117188e-01
-1.396123170852661133e+00,-2.004892230033874512e-01,-1.728946328163146973e+00,-1.126606106758117676e+00,-1.062677621841430664e+00
1.158508419990539551e+00,8.118612766265869141e-01,8.318381905555725098e-01,1.022530317306518555e+00,7.303894758224487305e-01
-1.071850061416625977e+00,-1.048347949981689453e+00,-1.465097188949584961e+00,-1.097515583038330078e+00,-1.299969315528869629e+00
1.374613285064697266e+00,7.474457621574401855e-01,1.307249188423156738e+00,9.604305028915405273e-01,1.338014841079711914e+00
1.511925339698791504e+00,1.119090914726257324e+00,1.021766066551208496e+00,1.188953876495361328e+00,9.123840928077697754e-01
-1.199979543685913086e+00,-1.052186250686645508e+00,-1.081663846969604492e+00,-1.410435914993286133e+00,-1.505566835403442383e+00
8.976033926010131836e-01,1.475119113922119141e+00,3.940087854862213135e-01,1.097381949424743652e+00,1.036528468132019043e+00
-8.407539129257202148e-01,-9.074283838272094727e-01,-1.065861940383911133e+00,-9.161294698715209961e-01,-8.729096651077270508e-01
-1.095966815948486328e+00,-1.512165307998657227e+00,-8.548961281776428223e-01,-1.058441996574401855e+00,-1.198354363441467285e+00
-6.957484483718872070e-01,-1.330816864967346191e+00,-1.408705830574035645e+00,-1.083146214485168457e+00,-1.302385330200195312e+00
-1.077466845512390137e+00,-1.051426887512207031e+00,-1.167014002799987793e+00,-1.575397014617919922e+00,-1.212058663368225098e+00
-1.075249791145324707e+00,-1.088877439498901367e+00,-1.356822609901428223e+00,-1.110507726669311523e+00,-7.573912143707275391e-01
-7.783844470977783203e-01,-1.406851291656494141e+00,-1.061677098274230957e+00,-1.012623786926269531e+00,-4.022944867610931396e-01
1.020078659057617188e+00,9.141185879707336426e-01,7.548750638961791992e-01,6.844453811645507812e-01,1.112395644187927246e+00
-1.410815119743347168e+00,-1.115587115287780762e+00,-1.354452252388000488e+00,-1.049294114112854004e+00,-7.379354834556579590e-01
1.122569203376770020e+00,8.872871994972229004e-01,1.003536105155944824e+00,1.072518825531005859e+00,1.042687296867370605e+00
1.073232293128967285e+00,8.879404664039611816e-01,5.787895917892456055e-01,1.013235211372375488e+00,5.791540145874023438e-01
-1.396529674530029297e+00,-1.123935461044311523e+00,-1.195572972297668457e+00,-1.072747945785522461e+00,-1.156580328941345215e+00
-1.414475560188293457e+00,-1.047620892524719238e+00,-1.229909539222717285e+00,-8.957142233848571777e-01,-1.368934035301208496e+00
-9.062959551811218262e-01,-8.732837438583374023e-01,-1.178827524185180664e+00,-1.828600287437438965e+00,-1.101230502128601074e+00
-9.703384041786193848e-01,-9.413995742797851562e-01,-1.662997484207153320e+00,-1.438610434532165527e+00,-9.533114433288574219e-01
1.060698151588439941e+00,9.802077412605285645e-01,9.669936299324035645e-01,1.073522210121154785e+00,7.477002143859863281e-01
-1.303143978118896484e+00,-1.056934714317321777e+00,-1.210229754447937012e+00,-1.312453389167785645e+00,-8.940677642822265625e-01
1.214176654815673828e+00,1.087324619293212891e+00,1.104858994483947754e+00,8.371094465255737305e-01,1.094584465026855469e+00
-9.689379334449768066e-01,-8.291920423507690430e-01,-1.274406194686889648e+00,-1.490598917007446289e+00,-1.352483510971069336e+00
8.698557615280151367e-01,1.240846395492553711e+00,1.336781740188598633e+00,1.192430138587951660e+00,7.449085116386413574e-01
-8.947914242744445801e-01,-1.432986378669738770e+00,-1.272393822669982910e+00,-1.147915244102478027e+00,-1.192338824272155762e+00
9.074899554252624512e-01,8.814005255699157715e-01,9.657262563705444336e-01,5.953382849693298340e-01,8.019759058952331543e-01
-8.501215577125549316e-01,-1.564402580261230469e+00,-1.187075734138488770e+00,-1.395223617553710938e+00,-9.006404280662536621e-01
1.288701176643371582e+00,1.020703434944152832e+00,9.334437847137451172e-01,9.970431327819824219e-01,9.613363146781921387e-01
1.092634201049804688e+00,1.222583532333374023e+00,8.832695484161376953e-01,1.099321961402893066e+00,1.270367503166198730e+00
8.704887032508850098e-01,7.624418735504150391e-01,1.104753971099853516e+00,1.175860166549682617e+00,6.755126118659973145e-01
-1.139515995979309082e+00,-1.034038782119750977e+00,-1.131455302238464355e+00,-1.178911566734313965e+00,-1.784582257270812988e+00
-5.644761919975280762e-01,-1.103106498718261719e+00,-1.516615152359008789e+00,-1.231630325317382812e+00,-1.379304885864257812e+00
-8.754051327705383301e-01,-1.033204436302185059e+00,-1.456873297691345215e+00,-8.731322884559631348e-01,-1.050328016281127930e+00
1.485098004341125488e+00,1.192862033843994141e+00,1.018607378005981445e+00,1.059301376342773438e+00,1.243569612503051758e+00
-1.251514792442321777e+00,-1.294875025749206543e+00,-1.369636058807373047e+00,-1.072214007377624512e+00,-1.419620513916015625e+00
1.344300150871276855e+00,1.109610795974731445e+00,1.133477687835693359e+00,1.072916865348815918e+00,1.102308034896850586e+00
8.759222030639648438e-01,1.219160318374633789e+00,1.029546856880187988e+00,1.526433348655700684e+00,9.228878021240234375e-01
6.605203747749328613e-01,1.104760050773620605e+00,1.035306930541992188e+00,5.810148119926452637e-01,1.255212664604187012e+00
8.628295660018920898e-01,5.425488352775573730e-01,1.035987019538879395e+00,1.006750345230102539e+00,8.758181929588317871e-01
1.125418782234191895e+00,9.687886834144592285e-01,1.282712370157241821e-01,1.264144062995910645e+00,5.211398005485534668e-01
1.251642346382141113e+00,1.026713609695434570e+00,1.429753899574279785e+00,6.398808360099792480e-01,1.090242981910705566e+00
-8.459108471870422363e-01,-3.882584571838378906e-01,-1.742636680603027344e+00,-1.242208600044250488e+00,-6.036180257797241211e-01
1.244269371032714844e+00,8.542753458023071289e-01,9.663195013999938965e-01,1.176418185234069824e+00,9.696612358093261719e-01
-1.207238554954528809e+00,-1.085754275321960449e+00,-1.304632663726806641e+00,-1.069480061531066895e+00,-4.937517046928405762e-01
-8.964610099792480469e-01,-1.108480930328369141e+00,-1.105605483055114746e+00,-1.165043711662292480e+00,-1.290598750114440918e+00
-1.331153869628906250e+00,-1.248693466186523438e+00,-1.541378498077392578e+00,-1.275997638702392578e+00,-5.812453031539916992e-01
-1.403574347496032715e+00,-1.272409796714782715e+00,-1.248940229415893555e+00,-1.463404059410095215e+00,-7.286457419395446777e-01
-7.556433677673339844e-01,-9.742827415466308594e-01,-1.378314495086669922e+00,-9.237101078033447266e-01,-1.089158296585083008e+00
9.592039585113525391e-01,6.139222979545593262e-01,7.335524559020996094e-01,9.713462591171264648e-01,9.857252836227416992e-01
9.049705266952514648e-01,1.117543458938598633e+00,8.982800245285034180e-01,7.025477290153503418e-01,1.299223542213439941e+00
1.393790960311889648e+00,8.736762404441833496e-01,1.096865892410278320e+00,1.018633604049682617e+00,1.159812927246093750e+00
-1.314127564430236816e+00,-1.014955282211303711e+00,-1.668884634971618652e+00,-1.325251340866088867e+00,-1.356270074844360352e+00
-1.199148178100585938e+00,-1.075644969940185547e+00,-1.464657902717590332e+00,-9.583176374435424805e-01,-1.043009042739868164e+00
-1.459538221359252930e+00,-1.513596057891845703e+00,-7.175604701042175293e-01,-1.981695294380187988e+00,-1.762833952903747559e+00
1.008469343185424805e+00,5.694194436073303223e-01,5.774716734886169434e-01,8.607006072998046875e-01,4.664397537708282471e-01
-9.605078101158142090e-01,-1.082148432731628418e+00,-1.308262944221496582e+00,-1.206733107566833496e+00,-1.022965788841247559e+00
1.917278528213500977e+00,9.965974092483520508e-01,1.352087140083312988e+00,1.112293839454650879e+00,1.221734523773193359e+00
-8.537917137145996094e-01,-7.666942477226257324e-01,-1.195417523384094238e+00,-2.020364284515380859e+00,-1.292075157165527344e+00
-1.053120374679565430e+00,-1.245728850364685059e+00,-1.661340594291687012e+00,-1.410275816917419434e+00,-1.373659968376159668e+00
-7.019115090370178223e-01,-1.227310895919799805e+00,-8.505125641822814941e-01,-1.822659969329833984e+00,-1.458070755004882812e+00
-1.135096907615661621e+00,-1.596314787864685059e+00,-1.282848715782165527e+00,-1.595061779022216797e+00,-1.327194213867187500e+00
7.912808060646057129e-01,9.213712215423583984e-01,1.510423421859741211e+00,8.260418772697448730e-01,1.058060169219970703e+00
-1.039922237396240234e+00,-1.184529662132263184e+00,-1.194077134132385254e+00,-1.008882761001586914e+00,-1.108036398887634277e+00
-1.436246633529663086e+00,-1.480335474014282227e+00,-2.067235946655273438e+00,-1.572488307952880859e+00,-1.190519571304321289e+00
4.923904314637184143e-02,-4.841825366020202637e-02,5.319870114326477051e-01,2.127886414527893066e-01,8.382339477539062500e-01
-1.151459217071533203e+00,-8.210886716842651367e-01,-1.184659719467163086e+00,-1.310155868530273438e+00,-1.144293189048767090e+00
-1.115635037422180176e+00,-1.034872770309448242e+00,-1.511461853981018066e+00,-7.484011054039001465e-01,-1.081467866897583008e+00
1.695430397987365723e+00,1.232450008392333984e+00,1.480180740356445312e+00,1.146172881126403809e+00,1.802892565727233887e+00
1.206376433372497559e+00,1.084361195564270020e+00,9.826182723045349121e-01,7.667407393455505371e-01,1.124203205108642578e+00
5.636377930641174316e-01,6.898603439331054688e-01,6.469791531562805176e-01,1.090253472328186035e+00,9.941006898880004883e-01
-1.300429821014404297e+00,-1.387684106826782227e+00,-1.040117502212524414e+00,-1.265335202217102051e+00,-1.056669592857360840e+00
6.412004232406616211e-01,5.070204138755798340e-01,7.915851473808288574e-01,5.081499814987182617e-01,9.634211659431457520e-01
-7.846007347106933594e-01,-9.455266594886779785e-01,-1.085185885429382324e+00,-1.201673030853271484e+00,-1.095157265663146973e+00
-1.226304411888122559e+00,-1.325100779533386230e+00,-1.166789889335632324e+00,-9.824396967887878418e-01,-1.089491367340087891e+00
1.672983527183532715e+00,5.842795372009277344e-01,1.082334518432617188e+00,8.909208178520202637e-01,7.166927456855773926e-01
1.211927294731140137e+00,1.084858536720275879e+00,1.138602495193481445e+00,1.068689942359924316e+00,1.028599143028259277e+00
1.223851799964904785e+00,1.423335433006286621e+00,5.314970016479492188e-01,1.085247755050659180e+00,1.180774450302124023e+00
1.106128573417663574e+00,1.033366084098815918e+00,8.737487792968750000e-01,9.991810917854309082e-01,9.225283265113830566e-01
1.216836333274841309e+00,1.081223964691162109e+00,1.025227546691894531e+00,9.562485814094543457e-01,1.204434871673583984e+00
-1.435683369636535645e+00,-6.329094171524047852e-01,-1.671607851982116699e+00,-1.389286279678344727e+00,-1.252419710159301758e+00
-1.067946672439575195e+00,-1.618237137794494629e+00,-7.572178244590759277e-01,-1.497375965118408203e+00,-1.927765727043151855e+00
1.157357335090637207e+00,8.300349116325378418e-01,9.875043630599975586e-01,1.172320485115051270e+00,1.376415371894836426e+00
-5.509520769119262695e-01,-1.452125310897827148e+00,-1.076562523841857910e+00,-1.150426268577575684e+00,-1.153536796569824219e+00
-1.160076856613159180e+00,-1.169358730316162109e+00,-1.394394040107727051e+00,-1.002321004867553711e+00,-1.339001655578613281e+00
-1.388610124588012695e+00,-1.021563529968261719e+00,-1.009757518768310547e+00,-1.207040548324584961e+00,-1.107585787773132324e+00
1.132707953453063965e+00,7.687106728553771973e-01,8.768872618675231934e-01,1.222689270973205566e+00,1.114205002784729004e+00
-1.436319828033447266e+00,-1.071955323219299316e+00,-1.084429621696472168e+00,-1.336256861686706543e+00,-9.942445158958435059e-01
-1.292531728744506836e+00,-1.080868721008300781e+00,-1.251955032348632812e+00,-1.260575890541076660e+00,-1.105640530586242676e+00
-9.619446992874145508e-01,-7.193214297294616699e-01,-1.459680080413818359e+00,-1.230433702468872070e+00,-1.061919569969177246e+00
1.105075716972351074e+00,1.321604251861572266e+00,7.380400300025939941e-01,1.420441627502441406e+00,6.753948926925659180e-01
1.225796341896057129e+00,6.396223902702331543e-01,1.040999531745910645e+00,7.015742063522338867e-01,1.022185444831848145e+00
3.491504788398742676e-01,9.041104912757873535e-01,5.284750461578369141e-01,3.970575630664825439e-01,8.473265171051025391e-01
-1.032399177551269531e+00,-8.381688594818115234e-01,-1.163361668586730957e+00,-7.385651469230651855e-01,-9.034767746925354004e-01
-1.289878487586975098e+00,-1.020866274833679199e+00,-9.751048684120178223e-01,-1.001898884773254395e+00,-5.150653123855590820e-01
1.403020858764648438e+00,9.683353900909423828e-01,1.114115357398986816e+00,1.026080489158630371e+00,1.113603711128234863e+00
-1.308467984199523926e+00,-1.883279204368591309e+00,-1.085766077041625977e+00,-1.712873101234436035e+00,-7.756622433662414551e-01
-1.113363146781921387e+00,-9.599556326866149902e-01,-1.514146447181701660e+00,-1.137263417243957520e+00,-1.169216036796569824e+00
-1.316247582435607910e+00,-1.209608912467956543e+00,-1.182233572006225586e+00,-1.395523190498352051e+00,-1.233046770095825195e+00
-1.127323746681213379e+00,-1.192856192588806152e+00,-1.373275995254516602e+00,-1.646332383155822754e+00,-1.279872775077819824e+00
-1.203519821166992188e+00,-1.352617979049682617e+00,-7.476711869239807129e-01,-1.305680871009826660e+00,-1.778882145881652832e+00
9.737735986709594727e-01,1.483679056167602539e+00,6.579594612121582031e-01,1.299280285835266113e+00,1.014463901519775391e+00
-1.505083799362182617e+00,-1.012532949447631836e+00,-1.101807713508605957e+00,-1.309717535972595215e+00,-1.120607256889343262e+00
-1.359179735183715820e+00,-1.228501558303833008e+00,-1.311242818832397461e+00,-1.237596750259399414e+00,-1.344084262847900391e+00
7.317008376121520996e-01,7.902866005897521973e-01,8.494154810905456543e-01,1.189593195915222168e+00,1.095544934272766113e+00
-6.094380617141723633e-01,-1.837734341621398926e+00,-6.092299818992614746e-01,-1.509062647819519043e+00,-1.040858507156372070e+00
7.623400688171386719e-01,3.165730834007263184e-01,4.258042573928833008e-01,7.749406248331069946e-02,4.112084209918975830e-01
-8.776922821998596191e-01,-9.022656679153442383e-01,-8.041273355484008789e-01,-1.614549517631530762e+00,-9.728259444236755371e-01
1.170212149620056152e+00,8.050087094306945801e-01,6.555811762809753418e-01,7.307983934879302979e-02,5.451708436012268066e-01
1.146983742713928223e+00,1.081989765167236328e+00,1.059589147567749023e+00,1.279082417488098145e+00,8.692218065261840820e-01
1.215327382087707520e+00,1.055703520774841309e+00,6.123828291893005371e-01,1.026764750480651855e+00,1.207613945007324219e+00
-9.954723715782165527e-01,-7.206379175186157227e-01,-7.182535529136657715e-01,-1.371085762977600098e+00,-7.583881616592407227e-01
-1.180270075798034668e+00,-1.331827998161315918e+00,-7.490797042846679688e-01,-1.235668659210205078e+00,-9.081299901008605957e-01
7.570546865463256836e-01,9.217072129249572754e-01,6.030448079109191895e-01,7.621327638626098633e-01,7.559193968772888184e-01
4.993782937526702881e-01,6.314004659652709961e-01,6.402353644371032715e-01,5.980832576751708984e-01,9.541364312171936035e-01
1.206321597099304199e+00,1.142557978630065918e+00,1.547407507896423340e+00,6.313524246215820312e-01,1.070120692253112793e+00
9.346472024917602539e-01,1.065897583961486816e+00,8.490184545516967773e-01,1.197098135948181152e+00,9.703288674354553223e-01
-1.236094355583190918e+00,-1.648167848587036133e+00,-7.351370453834533691e-01,-1.788632512092590332e+00,-1.034214854240417480e+00
-1.787865459918975830e-01,-2.587005198001861572e-01,-4.654469713568687439e-02,-3.694795370101928711e-01,-8.680442720651626587e-02
1.053122162818908691e+00,9.757673740386962891e-01,9.761386513710021973e-01,1.364127993583679199e+00,1.078428506851196289e+00
-1.461356639862060547e+00,-1.245324969291687012e+00,-1.462306141853332520e+00,-1.561250925064086914e+00,-1.182579159736633301e+00
-1.184515118598937988e+00,-9.688609838485717773e-01,-1.112010955810546875e+00,-1.296249032020568848e+00,-1.425750851631164551e+00
1.417232275009155273e+00,7.916418313980102539e-01,9.118722081184387207e-01,1.031801700592041016e+00,9.799737334251403809e-01
-1.382604360580444336e+00,-1.139719843864440918e+00,-1.580550909042358398e+00,-1.140594601631164551e+00,-1.269388675689697266e+00
-1.204623341560363770e+00,-1.052492141723632812e+00,-1.017349600791931152e+00,-1.231873750686645508e+00,-2.016560792922973633e+00
-2.042938023805618286e-01,-6.487337350845336914e-01,-5.587865710258483887e-01,-6.497800946235656738e-01,-6.800978183746337891e-01
-1.394271135330200195e+00,-1.025851249694824219e+00,-1.571851611137390137e+00,-8.597219586372375488e-01,-8.268579244613647461e-01
-1.062800645828247070e+00,-9.756878614425659180e-01,-8.724781274795532227e-01,-1.591067194938659668e+00,-1.100848317146301270e+00
1.167777419090270996e+00,7.639458775520324707e-01,7.662752866744995117e-01,4.554344713687896729e-01,7.766939401626586914e-01
-9.580167531967163086e-01,-8.902222514152526855e-01,-9.604530930519104004e-01,-1.295590877532958984e+00,-1.068076252937316895e+00
-1.412020683288574219e+00,-9.118442535400390625e-01,-8.415883183479309082e-01,-1.277440428733825684e+00,-1.142274737358093262e+00
-1.040360569953918457e+00,-1.536698102951049805e+00,-9.811844229698181152e-01,-1.438466310501098633e+00,-1.091536045074462891e+00
-1.280702471733093262e+00,-1.094626307487487793e+00,-1.582810759544372559e+00,-1.124353528022766113e+00,-9.407631158828735352e-01
1.467184901237487793e+00,8.656415939331054688e-01,1.253337025642395020e+00,9.455958008766174316e-01,1.070317029953002930e+00
-9.244996309280395508e-01,-1.080330491065979004e+00,-1.474685430526733398e+00,-1.207043528556823730e+00,-1.058558583259582520e+00
8.306112289428710938e-01,9.786255359649658203e-01,1.250920295715332031e+00,7.557762861251831055e-01,1.106830835342407227e+00
1.136271238327026367e+00,9.923087954521179199e-01,1.305417656898498535e+00,8.874483108520507812e-01,1.008155226707458496e+00
-1.030354499816894531e+00,-1.556631445884704590e+00,-1.441365242004394531e+00,-1.378577947616577148e+00,-1.049751758575439453e+00
-1.396778941154479980e+00,-1.033330082893371582e+00,-9.957543015480041504e-01,-1.312129259109497070e+00,-1.152902483940124512e+00
-8.073917031288146973e-01,-1.292056083679199219e+00,-1.053770422935485840e+00,-1.512774348258972168e+00,-1.413897037506103516e+00
6.823889017105102539e-01,1.492000937461853027e+00,1.314616203308105469e+00,4.961590766906738281e-01,8.083589076995849609e-01
6.959800124168395996e-01,7.627341747283935547e-01,5.532165169715881348e-01,5.556459426879882812e-01,5.683143138885498047e-01
1.140165686607360840e+00,7.303717136383056641e-01,1.026505827903747559e+00,6.188702583312988281e-01,1.152626276016235352e+00
7.168046832084655762e-01,8.135166764259338379e-01,1.299207687377929688e+00,8.439007997512817383e-01,1.437745571136474609e+00
1.106180906295776367e+00,1.083398222923278809e+00,1.063369631767272949e+00,8.149618506431579590e-01,1.164700150489807129e+00
6.480419039726257324e-01,7.331811785697937012e-01,1.042931556701660156e+00,1.080734014511108398e+00,1.027082085609436035e+00
1.106541156768798828e+00,1.324793577194213867e+00,1.083907008171081543e+00,7.721276879310607910e-01,1.036996603012084961e+00
-1.036010265350341797e+00,-1.133164882659912109e+00,-1.580712199211120605e+00,-1.549712896347045898e+00,-9.444555044174194336e-01
-5.186656117439270020e-01,-6.302779316902160645e-01,-1.230785131454467773e+00,-1.196263790130615234e+00,-1.142860293388366699e+00
1.402183771133422852e+00,8.396567106246948242e-01,1.197857499122619629e+00,7.356213927268981934e-01,9.996225833892822266e-01
1.466746330261230469e+00,9.055041670799255371e-01,8.023890256881713867e-01,9.861357212066650391e-01,1.229983210563659668e+00
1.088047027587890625e+00,1.099022746086120605e+00,1.125063896179199219e+00,8.901579380035400391e-01,9.860020279884338379e-01
1.341490507125854492e+00,8.546321988105773926e-01,9.362533688545227051e-01,8.900898694992065430e-01,8.638359308242797852e-01
-1.307292103767395020e+00,-1.216148257255554199e+00,-1.223634004592895508e+00,-1.772149920463562012e+00,-1.161278843879699707e+00
-1.224375009536743164e+00,-1.391288518905639648e+00,-1.631892919540405273e+00,-1.605705618858337402e+00,-1.113853096961975098e+00
-1.339269638061523438e+00,-1.139534592628479004e+00,-1.602356791496276855e+00,-1.627242207527160645e+00,-1.267475485801696777e+00
-1.466365694999694824e+00,-9.270970821380615234e-01,-1.563785076141357422e+00,-1.367689847946166992e+00,-1.197184085845947266e+00
1.252563118934631348e+00,8.788229227066040039e-01,1.004814147949218750e+00,1.073635339736938477e+00,1.150827050209045410e+00
-1.401639699935913086e+00,-1.466394424438476562e+00,-1.272745966911315918e+00,-1.361521720886230469e+00,-9.516400694847106934e-01
-6.946275830268859863e-01,-6.703421473503112793e-01,-9.082402586936950684e-01,-1.036771655082702637e+00,-1.180169939994812012e+00
-6.844333410263061523e-01,-1.359861254692077637e+00,-9.568910598754882812e-01,-1.559372425079345703e+00,-1.347203135490417480e+00
9.404140114784240723e-01,8.623290061950683594e-01,1.152912855148315430e+00,8.080586194992065430e-01,1.149446249008178711e+00
-8.795768618583679199e-01,-1.008003473281860352e+00,-1.752923727035522461e+00,-1.432785749435424805e+00,-1.209211230278015137e+00
1.061201333999633789e+00,1.284498453140258789e+00,6.251977086067199707e-01,1.008389949798583984e+00,1.159173607826232910e+00
-1.084481000900268555e+00,-1.258885502815246582e+00,-1.073511481285095215e+00,-1.629077911376953125e+00,-1.204678297042846680e+00
-1.549038410186767578e+00,-1.501603841781616211e+00,-1.563962578773498535e+00,-1.507053256034851074e+00,-1.007132530212402344e+00
-1.254712104797363281e+00,-1.204591035842895508e+00,-1.032827734947204590e+00,-1.387528538703918457e+00,-1.061058163642883301e+00
9.131215810775756836e-01,6.056867837905883789e-01,7.634993791580200195e-01,3.479849398136138916e-01,8.216826915740966797e-01
-1.174878954887390137e+00,-1.125616192817687988e+00,-1.036029100418090820e+00,-9.603696465492248535e-01,-1.372578501701354980e+00
-9.648400545120239258e-01,-1.003537654876708984e+00,-8.936305642127990723e-01,-1.182608366012573242e+00,-1.786230206489562988e+00
-6.244548559188842773e-01,-1.179555773735046387e+00,-1.328712224960327148e+00,-1.145580887794494629e+00,-1.146098613739013672e+00
9.531388878822326660e-01,6.416158080101013184e-01,9.263875484466552734e-01,1.071389198303222656e+00,1.199808478355407715e+00
-1.360223770141601562e+00,-1.076565504074096680e+00,-1.256749391555786133e+00,-1.584337949752807617e+00,-1.284645080566406250e+00
-1.282763719558715820e+00,-1.325637698173522949e+00,-9.375846982002258301e-01,-7.863904833793640137e-01,-1.326855301856994629e+00
-1.311867833137512207e+00,-1.247849106788635254e+00,-1.363363623619079590e+00,-1.292738676071166992e+00,-1.102089047431945801e+00
1.026878237724304199e+00,9.643650650978088379e-01,1.097429037094116211e+00,1.354699134826660156e+00,1.008386850357055664e+00
3.876834809780120850e-01,9.060390591621398926e-01,1.170327544212341309e+00,8.120474219322204590e-01,1.303585052490234375e+00
-1.103222846984863281e+00,-7.788978815078735352e-01,-9.669476747512817383e-01,-1.187425851821899414e+00,-9.957894682884216309e-01
6.521937251091003418e-01,1.035170912742614746e+00,7.635195851325988770e-01,1.149165391921997070e+00,7.879065275192260742e-01
-1.039401292800903320e+00,-1.358128190040588379e+00,-7.659449577331542969e-01,-1.283023953437805176e+00,-1.022540688514709473e+00
1.417685866355895996e+00,6.552222967147827148e-01,1.096317529678344727e+00,8.714906573295593262e-01,1.090134859085083008e+00
-1.293115019798278809e+00,-1.279846429824829102e+00,-1.210739016532897949e+00,-1.251141071319580078e+00,-6.497427821159362793e-01
8.647783398628234863e-01,8.137246370315551758e-01,5.766025185585021973e-01,8.202021718025207520e-01,5.186880230903625488e-01
1.150700688362121582e+00,1.130409479141235352e+00,7.511747479438781738e-01,9.896304011344909668e-01,1.123665690422058105e+00
-1.141133189201354980e+00,-1.338924646377563477e+00,-1.438379287719726562e+00,-1.343654632568359375e+00,-1.284848332405090332e+00
9.265082478523254395e-01,1.232835531234741211e+00,1.008129000663757324e+00,8.747094869613647461e-01,1.196578502655029297e+00
-1.280909061431884766e+00,-1.525656938552856445e+00,-8.471375107765197754e-01,-8.041374087333679199e-01,-1.032346844673156738e+00
8.524829745292663574e-01,1.125740885734558105e+00,1.118705630302429199e+00,8.807174563407897949e-01,1.314403772354125977e+00
-8.009942173957824707e-01,1.363095939159393311e-01,-1.257268786430358887e+00,-7.875188589096069336e-01,-5.400403141975402832e-01
1.161423921585083008e+00,5.777117013931274414e-01,7.071948647499084473e-01,7.632295489311218262e-01,9.289004802703857422e-01
-8.932723402976989746e-01,-1.329553127288818359e+00,-1.136559844017028809e+00,-9.232149124145507812e-01,-1.512995481491088867e+00
9.727011919021606445e-01,7.520829439163208008e-01,1.332533836364746094e+00,9.811162352561950684e-01,1.169019699096679688e+00
8.153769969940185547e-01,9.010188579559326172e-01,1.083860278129577637e+00,6.049306392669677734e-01,1.055992245674133301e+00
-1.236608743667602539e+00,-6.309722661972045898e-01,-1.065849423408508301e+00,-1.850333452224731445e+00,-1.240145206451416016e+00
-1.381338953971862793e+00,-7.788559794425964355e-01,-8.710179924964904785e-01,-1.342252016067504883e+00,-9.301426410675048828e-01
1.040629029273986816e+00,9.099247455596923828e-01,9.242848753929138184e-01,1.133906602859497070e+00,8.991088867187500000e-01
1.344202160835266113e+00,9.515260457992553711e-01,8.433341979980468750e-01,9.012215137481689453e-01,1.043091416358947754e+00
-1.072112798690795898e+00,-1.460673332214355469e+00,-1.288622617721557617e+00,-1.594699978828430176e+00,-1.414127588272094727e+00
-1.196909666061401367e+00,-1.221899032592773438e+00,-1.504311442375183105e+00,-1.516460061073303223e+00,-1.507876873016357422e+00
-9.800609350204467773e-01,-1.014156460762023926e+00,-1.114457249641418457e+00,-1.336079597473144531e+00,-1.961566925048828125e+00
-1.074339866638183594e+00,-1.122344613075256348e+00,-1.793912887573242188e+00,-1.748094677925109863e+00,-1.598415613174438477e+00
-1.175421714782714844e+00,-1.368803262710571289e+00,-1.470021247863769531e+00,-9.292356371879577637e-01,-1.404484629631042480e+00
1.198493719100952148e+00,1.036102890968322754e+00,9.065346717834472656e-01,1.125870585441589355e+00,7.693660259246826172e-01
7.075865864753723145e-01,1.331691861152648926e+00,1.304966092109680176e+00,1.400304198265075684e+00,8.231777548789978027e-01
1.137988924980163574e+00,5.592321753501892090e-01,1.413788318634033203e+00,9.554473161697387695e-01,1.234816312789916992e+00
-1.360066771507263184e+00,-1.295639395713806152e+00,-1.023241043090820312e+00,-1.187496781349182129e+00,-1.368825554847717285e+00
-1.094750404357910156e+00,-1.595497369766235352e+00,-1.093737125396728516e+00,-1.299759626388549805e+00,-9.943659901618957520e-01
-1.260649204254150391e+00,-1.174786686897277832e+00,-1.138448715209960938e+00,-1.367109417915344238e+00,-1.472907543182373047e+00
1.002760529518127441e+00,8.046355843544006348e-01,1.023213267326354980e+00,8.277338743209838867e-01,5.406095981597900391e-01
1.003345727920532227e+00,8.974756002426147461e-01,1.110347867012023926e+00,1.146806597709655762e+00,1.128742575645446777e+00
-7.913415431976318359e-01,-4.416331648826599121e-01,-5.888324379920959473e-01,-1.052411198616027832e+00,-1.132865548133850098e+00
9.343190193176269531e-01,9.514272212982177734e-01,1.300080776214599609e+00,1.114830374717712402e+00,1.112947702407836914e+00
-1.328364014625549316e+00,-1.222910642623901367e+00,-7.951264381408691406e-01,-1.404362082481384277e+00,-1.173250555992126465e+00
1.125748157501220703e+00,1.061193704605102539e+00,1.033757209777832031e+00,1.008382439613342285e+00,1.316903591156005859e+00
1.017526745796203613e+00,8.664855957031250000e-01,6.694343686103820801e-01,7.181181907653808594e-01,7.632788419723510742e-01
-1.230988860130310059e+00,-1.164155125617980957e+00,-1.234428882598876953e+00,-1.248378753662109375e+00,-1.181173443794250488e+00
1.012108087539672852e+00,1.213916063308715820e+00,1.413973450660705566e+00,9.958646297454833984e-01,6.859872937202453613e-01
-7.197729945182800293e-01,-7.493096590042114258e-01,-8.387113809585571289e-01,-7.062033414840698242e-01,-7.244582176208496094e-01
-1.164546370506286621e+00,-1.334097027778625488e+00,-1.186329364776611328e+00,-1.212390065193176270e+00,-9.099223613739013672e-01
-5.337329581379890442e-02,2.340386509895324707e-01,-3.414477705955505371e-01,-5.111781954765319824e-01,-3.831310570240020752e-01
-1.434980988502502441e+00,-1.383244633674621582e+00,-1.261845588684082031e+00,-1.024030923843383789e+00,-9.723433852195739746e-01
8.804474472999572754e-01,7.848444581031799316e-01,1.328012585639953613e+00,8.956630825996398926e-01,1.082085847854614258e+00
-8.995317816734313965e-01,-1.500597953796386719e+00,-1.474551081657409668e+00,-1.450031161308288574e+00,-1.528639316558837891e+00
1.273143887519836426e+00,1.089874863624572754e+00,1.100178837776184082e+00,1.155596971511840820e+00,1.212265968322753906e+00
-1.161969780921936035e+00,-6.261761784553527832e-01,-1.145599722862243652e+00,-1.044478893280029297e+00,-1.333911061286926270e+00
1.447615385055541992e+00,9.294634461402893066e-01,8.554762601852416992e-01,1.187467575073242188e+00,9.315599799156188965e-01
-5.848525166511535645e-01,-9.868568181991577148e-01,-1.259925484657287598e+00,-1.222496867179870605e+00,-8.770239353179931641e-01
1.275462150573730469e+00,1.213962793350219727e+00,1.176185607910156250e+00,1.083296060562133789e+00,9.443685412406921387e-01
-1.397887706756591797e+00,-1.437816262245178223e+00,-1.700131654739379883e+00,-1.414474844932556152e+00,-1.487977981567382812e+00
-8.214511871337890625e-01,-1.156398534774780273e+00,-1.488241195678710938e+00,-7.350680828094482422e-01,-1.280159592628479004e+00
-9.961703419685363770e-01,-7.126907706260681152e-01,-6.464833617210388184e-01,-8.831993937492370605e-01,-6.968278288841247559e-01
1.283862948417663574e+00,1.054459214210510254e+00,8.170621991157531738e-01,8.529400825500488281e-01,1.288169264793395996e+00
-3.412793576717376709e-01,-9.586514234542846680e-01,-7.277839183807373047e-01,-1.044879913330078125e+00,-3.149886429309844971e-01
-8.511859178543090820e-01,-1.389661073684692383e+00,-9.925634264945983887e-01,-1.438568711280822754e+00,-8.781377077102661133e-01
1.393342137336730957e+00,5.597248673439025879e-01,1.338215708732604980e+00,9.810836911201477051e-01,1.245708465576171875e+00
-1.227991819381713867e+00,-1.424558758735656738e+00,-1.008866906166076660e+00,-1.079975962638854980e+00,-9.118206501007080078e-01
6.370931267738342285e-01,1.231373071670532227e+00,1.354844421148300171e-01,5.687670111656188965e-01,6.837868690490722656e-01
1.038391232490539551e+00,7.139381766319274902e-01,1.174780726432800293e+00,1.313383221626281738e+00,1.346551656723022461e+00
-1.260300517082214355e+00,-1.353106498718261719e+00,-1.387092113494873047e+00,-1.362493276596069336e+00,-9.976461529731750488e-01
-1.246820569038391113e+00,-1.197386980056762695e+00,-1.112966775894165039e+00,-1.492984533309936523e+00,-9.848891496658325195e-01
-1.183475852012634277e+00,-1.286793112754821777e+00,-1.416508197784423828e+00,-1.037209153175354004e+00,-1.146716475486755371e+00
-1.224761724472045898e+00,-1.144011139869689941e+00,-9.011003375053405762e-01,-1.297345876693725586e+00,-1.585885763168334961e+00
-1.281479001045227051e+00,-1.008227944374084473e+00,-1.744008064270019531e+00,-1.292403817176818848e+00,-1.112982273101806641e+00
-1.593575358390808105e+00,-1.005085229873657227e+00,-1.799121379852294922e+00,-1.668108463287353516e+00,-1.120018124580383301e+00
1.096152424812316895e+00,1.341089606285095215e+00,1.350538492202758789e+00,6.363570094108581543e-01,9.282628297805786133e-01
-1.029564499855041504e+00,-6.613224148750305176e-01,-1.238839626312255859e+00,-1.011710643768310547e+00,-4.409639835357666016e-01
-1.119600415229797363e+00,-6.798055768013000488e-01,-6.919618844985961914e-01,-1.533987879753112793e+00,-1.281916260719299316e+00
-1.087643265724182129e+00,-1.180541038513183594e+00,-6.105165481567382812e-01,-1.143704295158386230e+00,-1.364798665046691895e+00
1.049518108367919922e+00,8.411403298377990723e-01,1.011191964149475098e+00,8.219355940818786621e-01,1.144859194755554199e+00
-1.062773466110229492e+00,-1.607296943664550781e+00,-1.318351984024047852e+00,-8.069337010383605957e-01,-1.538955330848693848e+00
-1.273291468620300293e+00,-1.219791054725646973e+00,-1.044060468673706055e+00,-1.098884463310241699e+00,-1.086307406425476074e+00
4.392519593238830566e-01,9.380518198013305664e-01,1.053621768951416016e+00,6.958791613578796387e-01,1.063856720924377441e+00
-1.400501251220703125e+00,-1.016299605369567871e+00,-1.302738547325134277e+00,-1.242207169532775879e+00,-1.635676860809326172e+00
6.677868366241455078e-01,3.342244923114776611e-01,8.066080212593078613e-01,9.876831769943237305e-01,8.404148221015930176e-01
1.269438147544860840e+00,9.675149917602539062e-01,1.123232841491699219e+00,1.127581715583801270e+00,1.243449807167053223e+00
-9.494169950485229492e-01,-1.200746774673461914e+00,-1.164074659347534180e+00,-1.180661082267761230e+00,-9.787012338638305664e-01
-7.232694625854492188e-01,-1.111140966415405273e+00,-1.399767637252807617e+00,-1.375440716743469238e+00,-1.347571730613708496e+00
-1.046583771705627441e+00,-1.248953819274902344e+00,-9.823017716407775879e-01,-1.015172481536865234e+00,-1.142453312873840332e+00
-8.904842734336853027e-01,-1.290271759033203125e+00,-1.231102585792541504e+00,-1.238371014595031738e+00,-1.394019007682800293e+00
-1.295300126075744629e+00,-1.280718684196472168e+00,-2.276726722717285156e+00,-1.244093179702758789e+00,-1.790800333023071289e+00
-4.638194739818572998e-01,-8.874446153640747070e-01,-1.095470786094665527e+00,-1.074224114418029785e+00,-9.215170145034790039e-01
9.625021219253540039e-01,1.094618797302246094e+00,1.100727200508117676e+00,7.525991201400756836e-01,1.243174672126770020e+00
-8.340985774993896484e-01,-1.467661738395690918e+00,-1.647406458854675293e+00,-9.566379189491271973e-01,-1.343976736068725586e+00
-1.012478709220886230e+00,-1.061558365821838379e+00,-1.028721332550048828e+00,-1.107899069786071777e+00,-1.110533714294433594e+00
-1.338515520095825195e+00,-1.039314150810241699e+00,-1.129332542419433594e+00,-1.446537613868713379e+00,-1.351850152015686035e+00
-1.384356617927551270e+00,-1.089033484458923340e+00,-1.282267928123474121e+00,-1.205774903297424316e+00,-1.278583645820617676e+00
-1.217091679573059082e+00,-1.492569804191589355e+00,-1.403078198432922363e+00,-1.642773509025573730e+00,-1.764883875846862793e+00
1.019867300987243652e+00,5.119827389717102051e-01,1.136471152305603027e+00,8.080512285232543945e-01,7.252677679061889648e-01
1.545910716056823730e+00,1.014835715293884277e+00,1.025549292564392090e+00,8.181427717208862305e-01,1.073983073234558105e+00
1.303145408630371094e+00,5.233950614929199219e-01,8.914639353752136230e-01,1.177183032035827637e+00,9.216738343238830566e-01
-9.720860719680786133e-01,-1.253997921943664551e+00,-1.206218361854553223e+00,-1.119027495384216309e+00,-1.315782070159912109e+00
-1.226925611495971680e+00,-1.384117722511291504e+00,-1.167812943458557129e+00,-7.853614687919616699e-01,-1.328254699707031250e+00
1.034325242042541504e+00,9.693518280982971191e-01,8.690280914306640625e-01,9.635457992553710938e-01,1.136889457702636719e+00
-6.141002774238586426e-01,1.936564445495605469e-01,-8.131288886070251465e-01,-8.826530575752258301e-01,-6.392506957054138184e-01
1.102706909179687500e+00,8.212740421295166016e-01,9.976068139076232910e-01,1.003229141235351562e+00,1.371942996978759766e+00
-1.201679110527038574e+00,-1.050267100334167480e+00,-1.547217011451721191e+00,-1.228848338127136230e+00,-1.249389767646789551e+00
1.099856734275817871e+00,8.184266090393066406e-01,1.019886732101440430e+00,8.846555352210998535e-01,1.096183419227600098e+00
-1.083482623100280762e+00,-1.363262891769409180e+00,-1.383380413055419922e+00,-1.099022746086120605e+00,-1.152541518211364746e+00
1.235978364944458008e+00,9.174690842628479004e-01,8.685206174850463867e-01,1.016624808311462402e+00,8.155135512351989746e-01
1.340554475784301758e+00,1.041310310363769531e+00,1.362704157829284668e+00,1.201063871383666992e+00,1.114045739173889160e+00
8.184971213340759277e-01,7.764024138450622559e-01,9.896177649497985840e-01,1.274312376976013184e+00,7.091206312179565430e-01
-1.328375458717346191e+00,-1.300524830818176270e+00,-1.359923720359802246e+00,-1.215981602668762207e+00,-9.616770744323730469e-01
-1.137366056442260742e+00,-9.503548741340637207e-01,-1.599819660186767578e+00,-1.316187739372253418e+00,-1.154171228408813477e+00
-1.217584252357482910e+00,-1.265328764915466309e+00,-9.760750532150268555e-01,-1.332421064376831055e+00,-1.020728111267089844e+00
-9.146301150321960449e-01,-1.616331577301025391e+00,-9.531589746475219727e-01,-1.185024380683898926e+00,-1.138099193572998047e+00
-1.130568146705627441e+00,-1.273047089576721191e+00,-1.186209917068481445e+00,-1.638435602188110352e+00,-1.262900471687316895e+00
-1.264169216156005859e+00,-1.056235313415527344e+00,-1.201897621154785156e+00,-1.189588427543640137e+00,-8.755844235420227051e-01
-7.862616777420043945e-01,-7.483784556388854980e-01,-1.109233975410461426e+00,-1.496346235275268555e+00,-9.343542456626892090e-01
-1.312401413917541504e+00,-9.824993610382080078e-01,-1.495345592498779297e+00,-1.209699273109436035e+00,-9.674951434135437012e-01
-9.111207127571105957e-01,-1.023045897483825684e+00,-1.404181241989135742e+00,-1.404385209083557129e+00,-1.362678289413452148e+00
1.086670160293579102e+00,1.354518532752990723e+00,7.056241631507873535e-01,7.954407334327697754e-01,1.069964289665222168e+00
-1.063749909400939941e+00,-1.237955808639526367e+00,-1.122213840484619141e+00,-1.358275055885314941e+00,-1.152310967445373535e+00
1.139976978302001953e+00,1.138014316558837891e+00,1.018527746200561523e+00,9.866069555282592773e-01,1.409472107887268066e+00
1.028564810752868652e+00,1.248487710952758789e+00,1.085934638977050781e+00,1.151137948036193848e+00,1.257999658584594727e+00
1.077236652374267578e+00,9.026472568511962891e-01,1.171052098274230957e+00,1.226698875427246094e+00,3.919636607170104980e-01
-1.189926266670227051e+00,-1.076669335365295410e+00,-1.410831212997436523e+00,-1.391729116439819336e+00,-8.552172183990478516e-01
-5.516213178634643555e-01,-1.259623169898986816e+00,-1.459090590476989746e+00,-1.575689911842346191e+00,-1.281482577323913574e+00
-2.977149747312068939e-02,1.519241183996200562e-01,-2.384673506021499634e-01,3.071641176939010620e-02,-1.181858777999877930e-01
9.469975233078002930e-01,1.311179041862487793e+00,7.428323030471801758e-01,1.132484793663024902e+00,1.277775764465332031e+00
1.293466329574584961e+00,1.132551908493041992e+00,1.020249843597412109e+00,9.602215290069580078e-01,1.236831307411193848e+00
1.269504547119140625e+00,1.198098063468933105e+00,8.894894123077392578e-01,1.058671951293945312e+00,1.127662658691406250e+00
-6.491755843162536621e-01,-9.824204444885253906e-01,-9.512399435043334961e-01,-1.558064460754394531e+00,-1.368494391441345215e+00
1.402987241744995117e+00,1.570403695106506348e+00,1.453374981880187988e+00,1.272600531578063965e+00,1.646306991577148438e+00
-1.200049638748168945e+00,-1.129173517227172852e+00,-1.612328886985778809e+00,-1.307724714279174805e+00,-8.066665530204772949e-01
-1.302933454513549805e+00,-1.122832655906677246e+00,-1.261699914932250977e+00,-1.367989063262939453e+00,-1.281934738159179688e+00
1.420125484466552734e+00,1.009847283363342285e+00,8.387816548347473145e-01,1.278668880462646484e+00,8.022727966308593750e-01
-8.894331455230712891e-01,-1.622740149497985840e+00,-1.062802910804748535e+00,-9.597527980804443359e-01,-1.182524561882019043e+00
-1.066138625144958496e+00,-1.215916514396667480e+00,-8.114268779754638672e-01,-1.530180335044860840e+00,-1.211006402969360352e+00
1.294902086257934570e+00,9.028338193893432617e-01,1.099560499191284180e+00,1.077019810676574707e+00,1.265717387199401855e+00
6.821612715721130371e-01,1.099432587623596191e+00,9.848774671554565430e-01,1.305923461914062500e+00,6.710364818572998047e-01
-1.380038499832153320e+00,-1.346088647842407227e+00,-9.118887782096862793e-01,-1.007618784904479980e+00,-1.165842175483703613e+00
-1.039334893226623535e+00,-1.208670616149902344e+00,-9.980880618095397949e-01,-1.205511093139648438e+00,-1.085160493850708008e+00
1.128417253494262695e+00,8.837921023368835449e-01,7.978827357292175293e-01,1.372745275497436523e+00,8.521500825881958008e-01
-4.933254793286323547e-02,2.054565846920013428e-01,-2.945709824562072754e-01,-1.286323219537734985e-01,-3.686126172542572021e-01
1.420584678649902344e+00,1.133846640586853027e+00,1.199957847595214844e+00,8.585793375968933105e-01,1.444357633590698242e+00
1.423468232154846191e+00,5.810977816581726074e-01,9.686138033866882324e-01,1.084089279174804688e+00,7.646711468696594238e-01
-1.578132867813110352e+00,-1.250400900840759277e+00,-1.261550426483154297e+00,-1.563260316848754883e+00,-1.117128014564514160e+00
-1.196571707725524902e+00,-9.455618262290954590e-01,-9.590345025062561035e-01,-8.686355948448181152e-01,-1.254852890968322754e+00
1.169238686561584473e+00,1.261861801147460938e+00,1.179394602775573730e+00,1.095351934432983398e+00,1.549780964851379395e+00
-1.086132645606994629e+00,-1.018534302711486816e+00,-9.503436088562011719e-01,-1.317392706871032715e+00,-1.318407297134399414e+00
1.148810744285583496e+00,9.974430799484252930e-01,1.105025768280029297e+00,1.119793534278869629e+00,1.001600027084350586e+00
-8.123204708099365234e-01,-1.074309229850769043e+00,-1.002289533615112305e+00,-1.392154216766357422e+00,-1.200396537780761719e+00
1.887051343917846680e+00,1.148384332656860352e+00,1.384395837783813477e+00,9.977887272834777832e-01,1.735343217849731445e+00
-1.272734999656677246e+00,-7.747517824172973633e-01,-1.396744847297668457e+00,-1.346433639526367188e+00,-1.597932457923889160e+00
-8.674084544181823730e-01,-1.260195374488830566e+00,-1.006735086441040039e+00,-9.840181469917297363e-01,-6.383667588233947754e-01
-1.366554856300354004e+00,-1.327646970748901367e+00,-1.379200458526611328e+00,-1.574738264083862305e+00,-1.129135608673095703e+00
9.572890996932983398e-01,8.319391012191772461e-01,1.377802968025207520e+00,9.896891713142395020e-01,9.822373986244201660e-01
-1.205378293991088867e+00,-9.679846763610839844e-01,-1.660246014595031738e+00,-1.199519276618957520e+00,-1.058561444282531738e+00
1.412891745567321777e+00,4.960228800773620605e-01,9.529726505279541016e-01,1.044131517410278320e+00,1.074396610260009766e+00
-2.739341259002685547e-01,-4.177899658679962158e-01,-7.364643216133117676e-01,-1.212222099304199219e+00,-5.427337884902954102e-01
1.390861749649047852e+00,1.224830389022827148e+00,1.021242022514343262e+00,9.723132252693176270e-01,5.961953401565551758e-01
3.873920738697052002e-01,1.013291835784912109e+00,7.211877107620239258e-01,1.042845487594604492e+00,8.997221589088439941e-01
-1.065109252929687500e+00,-1.082694411277770996e+00,-1.340298533439636230e+00,-8.517833352088928223e-01,-1.045767426490783691e+00
-1.021020174026489258e+00,-8.887134194374084473e-01,-1.563162565231323242e+00,-9.042564630508422852e-01,-7.798541188240051270e-01
1.471176862716674805e+00,8.631654381752014160e-01,9.982086420059204102e-01,9.727820754051208496e-01,6.306137442588806152e-01
1.251909255981445312e+00,1.069534897804260254e+00,9.706240892410278320e-01,9.674682617187500000e-01,6.601983904838562012e-01
-1.417954921722412109e+00,-9.836423397064208984e-01,-1.461593389511108398e+00,-1.117350101470947266e+00,-1.182740449905395508e+00
8.621839880943298340e-01,8.851090669631958008e-01,1.110993146896362305e+00,1.239954471588134766e+00,9.039754867553710938e-01
-9.724493622779846191e-01,-1.352433800697326660e+00,-1.032506108283996582e+00,-1.149185895919799805e+00,-1.070424795150756836e+00
-8.369079232215881348e-01,-1.394933462142944336e+00,-1.308634757995605469e+00,-1.399517059326171875e+00,-1.074587941169738770e+00
-1.193399786949157715e+00,-1.109337449073791504e+00,-1.480805754661560059e+00,-1.436477661132812500e+00,-9.019083976745605469e-01
1.351168394088745117e+00,8.161486387252807617e-01,1.237321615219116211e+00,1.249705672264099121e+00,1.355554819107055664e+00
8.924373984336853027e-01,5.397831797599792480e-01,1.720665693283081055e-01,1.239670395851135254e+00,5.781455039978027344e-01
8.877831697463989258e-02,-6.678031384944915771e-02,1.983895748853683472e-01,-2.749368250370025635e-01,3.610155880451202393e-01
-1.223273038864135742e+00,-1.149823665618896484e+00,-8.817709684371948242e-01,-1.161617636680603027e+00,-1.152445077896118164e+00
-1.146504878997802734e+00,-1.105273962020874023e+00,-1.415263772010803223e+00,-9.162703752517700195e-01,-6.031426191329956055e-01
-1.296625971794128418e+00,-1.318926215171813965e+00,-1.123142838478088379e+00,-9.222539067268371582e-01,-1.153483390808105469e+00
1.407691717147827148e+00,8.918414115905761719e-01,1.290155291557312012e+00,7.960624098777770996e-01,1.273069739341735840e+00
-7.948065400123596191e-01,-9.038881659507751465e-01,-1.012509703636169434e+00,-1.358186244964599609e+00,-1.255039930343627930e+00
1.051722168922424316e+00,1.220290899276733398e+00,6.640151739120483398e-01,7.437155246734619141e-01,1.020469665527343750e+00
-1.349554419517517090e+00,-1.999555468559265137e+00,-1.206349015235900879e+00,-1.605819702148437500e+00,-1.297426462173461914e+00
-9.514201879501342773e-01,-1.651268362998962402e+00,-1.373402595520019531e+00,-9.855791926383972168e-01,-1.291797161102294922e+00
1.790828406810760498e-01,-2.776232063770294189e-01,6.207105517387390137e-01,2.333266437053680420e-01,6.562167406082153320e-01
-7.169703245162963867e-01,-1.296275734901428223e+00,-1.711671948432922363e+00,-7.142996788024902344e-01,-9.364047050476074219e-01
1.365015149116516113e+00,1.479254603385925293e+00,9.811452627182006836e-01,1.037590861320495605e+00,1.163992643356323242e+00
-1.223052978515625000e+00,-1.382959127426147461e+00,-1.048687696456909180e+00,-1.450265884399414062e+00,-1.285221576690673828e+00
-8.242966532707214355e-01,-1.068688869476318359e+00,-1.285877227783203125e+00,-1.330703735351562500e+00,-1.328450322151184082e+00
-7.304275035858154297e-01,-9.395232796669006348e-01,-7.758098840713500977e-01,-1.757761716842651367e+00,-1.571022987365722656e+00
7.746584415435791016e-01,8.155512809753417969e-01,9.240148663520812988e-01,1.038286685943603516e+00,8.632813096046447754e-01
-1.389727473258972168e+00,-9.876042604446411133e-01,-1.504748463630676270e+00,-1.668785929679870605e+00,-1.703469753265380859e+00
1.405775547027587891e+00,7.179217934608459473e-01,1.063286066055297852e+00,1.314044594764709473e+00,9.263149499893188477e-01
-9.439511895179748535e-01,-1.669326901435852051e+00,-1.020003437995910645e+00,-1.354226231575012207e+00,-1.085834980010986328e+00
-4.354191422462463379e-01,-1.375853538513183594e+00,-7.014136910438537598e-01,-6.545604467391967773e-01,-7.612167000770568848e-01
-1.047905087471008301e+00,-5.570321679115295410e-01,-1.329295635223388672e+00,-1.357058405876159668e+00,-1.241525769233703613e+00
-9.224154949188232422e-01,-1.025872588157653809e+00,-1.475914478302001953e+00,-1.694110870361328125e+00,-1.326616883277893066e+00
-1.053597569465637207e+00,-1.264556765556335449e+00,-1.157704710960388184e+00,-1.700701594352722168e+00,-1.299959659576416016e+00
9.456449747085571289e-01,8.291413187980651855e-01,1.093629956245422363e+00,1.022906899452209473e+00,1.496668696403503418e+00
1.417480111122131348e+00,8.252589702606201172e-01,1.032567620277404785e+00,1.223608732223510742e+00,7.191178798675537109e-01
-9.158027172088623047e-01,-1.399973511695861816e+00,-1.200406789779663086e+00,-1.050243258476257324e+00,-5.125988721847534180e-01
-1.254166841506958008e+00,-1.177121162414550781e+00,-1.208196997642517090e+00,-1.189406514167785645e+00,-1.042877197265625000e+00
-1.280462145805358887e+00,-1.026931643486022949e+00,-8.621364235877990723e-01,-1.279819369316101074e+00,-1.115033030509948730e+00
1.477138042449951172e+00,9.978898763656616211e-01,1.160430073738098145e+00,1.044287681579589844e+00,1.270381212234497070e+00
1.384323358535766602e+00,1.280315637588500977e+00,1.204682111740112305e+00,1.028837442398071289e+00,1.093683362007141113e+00
1.095232009887695312e+00,8.711122274398803711e-01,1.145124793052673340e+00,1.571100473403930664e+00,1.028601050376892090e+00
-1.139796018600463867e+00,-1.296010017395019531e+00,-1.072456598281860352e+00,-8.978728055953979492e-01,-9.808624982833862305e-01
-1.277110338211059570e+00,-9.476644992828369141e-01,-1.176172137260437012e+00,-7.380112409591674805e-01,-9.354519844055175781e-01
6.581428050994873047e-01,1.161734223365783691e+00,1.182343721389770508e+00,8.303110599517822266e-01,9.512443542480468750e-01
1.295595645904541016e+00,9.281014800071716309e-01,1.040420651435852051e+00,1.134903073310852051e+00,1.140117168426513672e+00
-1.525500416755676270e+00,-1.023388624191284180e+00,-1.516735434532165527e+00,-1.201043844223022461e+00,-1.379330515861511230e+00
1.439118981361389160e+00,9.704837799072265625e-01,1.017385125160217285e+00,9.260751605033874512e-01,1.063723564147949219e+00
1.539542555809020996e+00,7.602082490921020508e-01,7.488884329795837402e-01,9.651646018028259277e-01,1.269442915916442871e+00
-1.331561565399169922e+00,-1.038939118385314941e+00,-9.627543091773986816e-01,-1.539799690246582031e+00,-1.447831869125366211e+00
-1.235107541084289551e+00,-1.937677502632141113e+00,-1.079585194587707520e+00,-8.924862146377563477e-01,-6.934437155723571777e-01
-1.350582718849182129e+00,-7.281354069709777832e-01,-6.495342254638671875e-01,-1.335825681686401367e+00,-7.014684081077575684e-01
1.072370052337646484e+00,1.016845703125000000e+00,1.117504954338073730e+00,1.155059576034545898e+00,8.861637115478515625e-01
-1.250097870826721191e+00,-1.020209431648254395e+00,-8.392566442489624023e-01,-7.285504341125488281e-01,-9.069650173187255859e-01
1.269975543022155762e+00,6.947392821311950684e-01,1.185364603996276855e+00,1.326705336570739746e+00,1.370363831520080566e+00
1.183272838592529297e+00,9.812605381011962891e-01,1.136360406875610352e+00,1.015823841094970703e+00,1.221541523933410645e+00
-1.445821523666381836e+00,-8.714759349822998047e-01,-1.110823750495910645e+00,-1.302829980850219727e+00,-7.780070304870605469e-01
1.134683728218078613e+00,8.118323683738708496e-01,8.936972618103027344e-01,1.229603648185729980e+00,9.207314252853393555e-01
-1.245747923851013184e+00,-1.181991457939147949e+00,-1.236248254776000977e+00,-1.065008521080017090e+00,-1.062543988227844238e+00
1.027413606643676758e+00,1.289216279983520508e+00,8.709330558776855469e-01,9.008678793907165527e-01,1.119828224182128906e+00
1.037981510162353516e+00,8.070325851440429688e-01,5.595275163650512695e-01,8.291399478912353516e-01,9.525789022445678711e-01
-1.172646999359130859e+00,-9.732182025909423828e-01,-1.173733234405517578e+00,-1.327708721160888672e+00,-1.124541521072387695e+00
-1.075703859329223633e+00,-1.285015940666198730e+00,-1.069311738014221191e+00,-1.441956520080566406e+00,-9.659655690193176270e-01
-1.089610934257507324e+00,-1.139246344566345215e+00,-1.667380332946777344e+00,-1.483630180358886719e+00,-8.912707567214965820e-01
-1.082822442054748535e+00,-9.646089076995849609e-01,-1.007615447044372559e+00,-1.181208491325378418e+00,-6.993290185928344727e-01
1.158354997634887695e+00,1.041351675987243652e+00,6.145887970924377441e-01,1.255777835845947266e+00,1.227151989936828613e+00
-8.840944766998291016e-01,-7.954422831535339355e-01,-1.441663622856140137e+00,-1.168634057044982910e+00,-9.450167417526245117e-01
-1.074931502342224121e+00,-1.301695346832275391e+00,-1.409280061721801758e+00,-1.078054785728454590e+00,-1.194488525390625000e+00
7.922698855400085449e-01,8.500557541847229004e-01,5.410277843475341797e-01,2.005300372838973999e-01,4.493151903152465820e-01
1.030430316925048828e+00,9.211268424987792969e-01,6.456003189086914062e-01,1.003960013389587402e+00,1.132153034210205078e+00
-1.022862553596496582e+00,-1.468492388725280762e+00,-1.411627650260925293e+00,-1.071561455726623535e+00,-1.988879084587097168e+00
-1.202422261238098145e+00,-9.740711450576782227e-01,-1.096186518669128418e+00,-1.419315576553344727e+00,-1.248670101165771484e+00
1.268644690513610840e+00,1.073521733283996582e+00,6.133887767791748047e-01,1.207068800926208496e+00,1.132912158966064453e+00
1.353116035461425781e+00,9.052805304527282715e-01,1.105979084968566895e+00,9.520138502120971680e-01,8.687881231307983398e-01
-7.719659805297851562e-01,-7.744087576866149902e-01,-1.143851757049560547e+00,-1.313516736030578613e+00,-1.094894170761108398e+00
-1.264335393905639648e+00,-1.229456305503845215e+00,-5.957090854644775391e-01,-1.539614796638488770e+00,-1.682728052139282227e+00
-8.902258276939392090e-01,-1.032924532890319824e+00,-1.214094877243041992e+00,-1.257533907890319824e+00,-1.074616909027099609e+00
-1.495586276054382324e+00,-1.327364325523376465e+00,-1.417864322662353516e+00,-1.459478974342346191e+00,-1.161653399467468262e+00
-1.479622483253479004e+00,-8.928949832916259766e-01,-7.901773452758789062e-01,-1.444717645645141602e+00,-1.143331885337829590e+00
1.514196276664733887e+00,9.347223043441772461e-01,9.939666390419006348e-01,7.975428700447082520e-01,9.351824522018432617e-01
-1.289388298988342285e+00,-1.531415224075317383e+00,-1.551311373710632324e+00,-1.950596451759338379e+00,-1.156583428382873535e+00
9.918681383132934570e-01,8.584799766540527344e-01,9.502144455909729004e-01,9.912726879119873047e-01,1.215847134590148926e+00
1.258600950241088867e+00,7.951185703277587891e-01,9.100483655929565430e-01,1.351187467575073242e+00,9.643064737319946289e-01
-7.765639424324035645e-01,-8.378530740737915039e-01,-1.385673761367797852e+00,-1.558393001556396484e+00,-9.373891353607177734e-01
1.719442129135131836e+00,9.870173931121826172e-01,1.332570910453796387e+00,1.147934317588806152e+00,1.472919344902038574e+00
1.085557103157043457e+00,9.829098582267761230e-01,1.048303604125976562e+00,1.122163414955139160e+00,9.340848922729492188e-01
-1.278015136718750000e+00,-1.184290289878845215e+00,-9.345015287399291992e-01,-1.570005655288696289e+00,-1.192925214767456055e+00
-1.251478433609008789e+00,-1.381371974945068359e+00,-2.023854970932006836e+00,-1.303123593330383301e+00,-1.514265179634094238e+00
-1.238921165466308594e+00,-1.366229414939880371e+00,-1.245084524154663086e+00,-1.184944391250610352e+00,-1.125787377357482910e+00
-5.011188983917236328e-01,-1.447448015213012695e+00,-1.535416126251220703e+00,-7.156205773353576660e-01,-8.387312293052673340e-01
1.039531707763671875e+00,8.461603522300720215e-01,8.256235718727111816e-01,1.091670393943786621e+00,1.041318416595458984e+00
-1.447877883911132812e+00,-1.082521557807922363e+00,-7.977385520935058594e-01,-1.282936453819274902e+00,-1.135197758674621582e+00
1.397953510284423828e+00,1.117017507553100586e+00,7.636587023735046387e-01,1.390429019927978516e+00,1.178004860877990723e+00
-1.055815815925598145e+00,-1.185108661651611328e+00,-1.159083724021911621e+00,-1.492213845252990723e+00,-1.156156301498413086e+00
-1.236980795860290527e+00,-1.173558354377746582e+00,-1.394741296768188477e+00,-1.671521425247192383e+00,-1.380608558654785156e+00
-1.099861383438110352e+00,-1.105604171752929688e+00,-1.145687103271484375e+00,-1.228707313537597656e+00,-7.732542157173156738e-01
9.128358960151672363e-01,9.808215498924255371e-01,1.107561588287353516e+00,1.336873292922973633e+00,1.545766234397888184e+00
-1.175382733345031738e+00,-1.623345375061035156e+00,-1.437844872474670410e+00,-1.896717786788940430e+00,-1.172266721725463867e+00
-1.158647179603576660e+00,-1.090043663978576660e+00,-1.127946138381958008e+00,-9.296272993087768555e-01,-7.620182633399963379e-01
-1.058744668960571289e+00,-1.471946358680725098e+00,-9.071012735366821289e-01,-1.065718054771423340e+00,-1.073922395706176758e+00
-1.423383831977844238e+00,-1.353745341300964355e+00,-8.103644847869873047e-01,-2.038219213485717773e+00,-1.277595877647399902e+00
-1.225539088249206543e+00,-1.193164229393005371e+00,-1.294318795204162598e+00,-1.617199897766113281e+00,-1.467841982841491699e+00
1.199023008346557617e+00,1.028585910797119141e+00,9.683734178543090820e-01,9.181834459304809570e-01,9.348989725112915039e-01
7.353632450103759766e-01,2.506857812404632568e-01,4.862525761127471924e-01,4.796323180198669434e-01,3.373631536960601807e-01
-1.241758942604064941e+00,-1.126150131225585938e+00,-1.043449282646179199e+00,-1.294643282890319824e+00,-1.138457775115966797e+00
-1.380290746688842773e+00,-1.023846745491027832e+00,-1.608130812644958496e+00,-1.421753525733947754e+00,-1.250125050544738770e+00
-1.411489725112915039e+00,-1.178322076797485352e+00,-1.145727753639221191e+00,-9.994015097618103027e-01,-1.131487727165222168e+00
-9.133148789405822754e-01,-9.624759554862976074e-01,-1.157634496688842773e+00,-1.142457008361816406e+00,-1.387671232223510742e+00
-1.672503352165222168e+00,-1.902808427810668945e+00,-9.061626195907592773e-01,-2.063465833663940430e+00,-8.158171176910400391e-01
-1.056389927864074707e+00,-5.627989768981933594e-01,-1.395612239837646484e+00,-1.088365554809570312e+00,-1.040471553802490234e+00
9.544265270233154297e-01,7.800300121307373047e-01,1.116431951522827148e+00,6.786955595016479492e-01,8.315013647079467773e-01
-1.305917143821716309e+00,-1.187874674797058105e+00,-1.589190959930419922e+00,-1.236815333366394043e+00,-1.397467732429504395e+00
-3.692010641098022461e-01,-6.167850494384765625e-01,-1.466336965560913086e+00,-1.124408364295959473e+00,-9.942156672477722168e-01
-1.080598354339599609e+00,-1.377822756767272949e+00,-1.035073637962341309e+00,-1.237407207489013672e+00,-1.336280465126037598e+00
1.280422806739807129e+00,7.074815034866333008e-01,8.466513752937316895e-01,9.690603613853454590e-01,8.082428574562072754e-01
-1.296263456344604492e+00,-1.006155490875244141e+00,-1.075469732284545898e+00,-9.557165503501892090e-01,-1.465826988220214844e+00
-1.392739295959472656e+00,-1.428977847099304199e+00,-1.050240635871887207e+00,-1.512568831443786621e+00,-9.071915149688720703e-01
-1.063163995742797852e+00,-9.654638767242431641e-01,-1.047345161437988281e+00,-1.091300129890441895e+00,-1.487904191017150879e+00
1.090006113052368164e+00,1.065447449684143066e+00,9.899848103523254395e-01,1.086904525756835938e+00,1.115843772888183594e+00
-1.046335816383361816e+00,-1.379751682281494141e+00,-1.055292963981628418e+00,-1.273641109466552734e+00,-1.388037681579589844e+00
7.285696864128112793e-01,7.879720926284790039e-01,1.121427297592163086e+00,9.948285818099975586e-01,1.237647414207458496e+00
-1.364472508430480957e+00,-9.481847286224365234e-01,-3.296538591384887695e-01,-1.108106136322021484e+00,-1.749121546745300293e+00
-1.017843246459960938e+00,-1.444324612617492676e+00,-8.463581204414367676e-01,-1.283294916152954102e+00,-8.462311029434204102e-01
-1.539740204811096191e+00,-1.169481754302978516e+00,-1.624477982521057129e+00,-1.263182520866394043e+00,-6.904157996177673340e-01
6.506152153015136719e-01,8.873360157012939453e-01,7.608517408370971680e-01,1.373518705368041992e+00,2.756362259387969971e-01
-1.049739718437194824e+00,-9.490490555763244629e-01,-1.174912452697753906e+00,-1.511982321739196777e+00,-1.659447312355041504e+00
1.282994747161865234e+00,1.284538149833679199e+00,1.248951196670532227e+00,8.149859309196472168e-01,1.280081510543823242e+00
-9.361641407012939453e-01,-1.067743659019470215e+00,-8.897359371185302734e-01,-1.423333764076232910e+00,-1.364790678024291992e+00
-1.161658525466918945e+00,-6.647332906723022461e-01,-1.493231296539306641e+00,-1.255656003952026367e+00,-7.241976857185363770e-01
1.389188528060913086e+00,9.412900209426879883e-01,9.449441432952880859e-01,1.127803921699523926e+00,9.190935492515563965e-01
-1.161602377891540527e+00,-9.698183536529541016e-01,-1.371036648750305176e+00,-1.105557322502136230e+00,-1.508547067642211914e+00
-1.104432821273803711e+00,-1.005573153495788574e+00,-1.382088065147399902e+00,-1.020632863044738770e+00,-1.213006734848022461e+00
1.480355501174926758e+00,7.119320034980773926e-01,1.118770480155944824e+00,8.952876925468444824e-01,1.374944686889648438e+00
-1.092317581176757812e+00,-1.149544119834899902e+00,-1.150220990180969238e+00,-9.155339598655700684e-01,-1.146038413047790527e+00
9.690998792648315430e-01,1.447570323944091797e+00,1.333860278129577637e+00,7.093869447708129883e-01,1.390983462333679199e+00
-5.562527775764465332e-01,-7.438484430313110352e-01,-1.100517988204956055e+00,-1.625628232955932617e+00,-1.022531867027282715e+00
-1.101213693618774414e+00,-9.187233448028564453e-01,-1.358679533004760742e+00,-1.259424924850463867e+00,-1.326734662055969238e+00
-6.639002561569213867e-01,-8.514589071273803711e-01,-1.312771916389465332e+00,-3.377617001533508301e-01,-1.645559787750244141e+00
-2.026904582977294922e+00,-1.918396949768066406e+00,-1.324361681938171387e+00,-1.491698861122131348e+00,-8.276216983795166016e-01
-1.478748202323913574e+00,-9.187805056571960449e-01,-1.485340714454650879e+00,-1.599080204963684082e+00,-1.871158361434936523e+00
4.751408398151397705e-01,1.071677446365356445e+00,9.174606204032897949e-01,7.912983894348144531e-01,8.768088817596435547e-01
-1.374239563941955566e+00,-1.426564574241638184e+00,-9.387501478195190430e-01,-1.522348284721374512e+00,-8.983185291290283203e-01
9.408775568008422852e-01,1.180951595306396484e+00,1.024645686149597168e+00,9.033256769180297852e-01,6.957225203514099121e-01
1.339595556259155273e+00,1.056538462638854980e+00,1.241857409477233887e+00,1.082341432571411133e+00,1.394501805305480957e+00
1.220051527023315430e+00,1.086869597434997559e+00,9.088817834854125977e-01,1.077167034149169922e+00,1.313257575035095215e+00
-1.409172534942626953e+00,-1.146291136741638184e+00,-1.106033325195312500e+00,-2.045113801956176758e+00,-1.354213356971740723e+00
-1.288259506225585938e+00,-9.751720428466796875e-01,-9.702832698822021484e-01,-9.178401231765747070e-01,-8.450905084609985352e-01
-1.367219328880310059e+00,-1.117008566856384277e+00,-1.102654457092285156e+00,-1.351889014244079590e+00,-9.842308759689331055e-01
-1.187128424644470215e+00,-1.320285558700561523e+00,-1.450718045234680176e+00,-9.442735314369201660e-01,-9.021499752998352051e-01
1.004654049873352051e+00,1.021985888481140137e+00,9.477152228355407715e-01,9.420244097709655762e-01,9.389843344688415527e-01
-1.214249610900878906e+00,-1.125100135803222656e+00,-1.198021173477172852e+00,-1.575513958930969238e+00,-1.057009458541870117e+00
-1.031192541122436523e+00,-1.116678714752197266e+00,-1.491161465644836426e+00,-1.111330509185791016e+00,-1.122129440307617188e+00
1.082308769226074219e+00,3.410477936267852783e-01,1.104221224784851074e+00,1.023947834968566895e+00,1.000859260559082031e+00
-1.183150529861450195e+00,-1.317926049232482910e+00,-1.119391322135925293e+00,-9.742308259010314941e-01,-1.335189461708068848e+00
-8.406586647033691406e-01,-1.084951043128967285e+00,-1.216147541999816895e+00,-1.360431432723999023e+00,-1.112497568130493164e+00
1.312722563743591309e+00,9.641867876052856445e-01,1.131769061088562012e+00,1.188547372817993164e+00,1.148890018463134766e+00
-4.725747108459472656e-01,-6.014103293418884277e-01,-5.256304740905761719e-01,-6.446315050125122070e-01,-3.682796061038970947e-01
-1.044618844985961914e+00,-1.566245675086975098e+00,-9.768398404121398926e-01,-1.037611484527587891e+00,-8.236292600631713867e-01
1.132220864295959473e+00,1.229688525199890137e+00,6.621888875961303711e-01,1.396979212760925293e+00,9.912902116775512695e-01
-9.297397732734680176e-01,-7.888348102569580078e-01,-1.693410992622375488e+00,-5.784516334533691406e-01,-9.157065749168395996e-01
1.280254125595092773e+00,7.780463099479675293e-01,1.169790983200073242e+00,1.004622459411621094e+00,1.104613304138183594e+00
9.710828065872192383e-01,7.540414929389953613e-01,9.710122942924499512e-01,1.196971654891967773e+00,1.166574239730834961e+00
9.363248348236083984e-01,1.004416584968566895e+00,1.036520957946777344e+00,9.262943267822265625e-01,8.449183106422424316e-01
-9.745678305625915527e-01,-1.589355230331420898e+00,-1.087291479110717773e+00,-1.070962071418762207e+00,-1.361435413360595703e+00
1.314360976219177246e+00,1.094766259193420410e+00,9.828051328659057617e-01,1.012030720710754395e+00,1.322507858276367188e+00
-1.061139345169067383e+00,-1.162943840026855469e+00,-1.064764142036437988e+00,-1.303771376609802246e+00,-1.301386952400207520e+00
-1.353903293609619141e+00,-8.582732081413269043e-01,-1.286250710487365723e+00,-1.365284085273742676e+00,-9.920977950096130371e-01
1.242960810661315918e+00,1.239424228668212891e+00,1.001314043998718262e+00,9.765530824661254883e-01,1.213062167167663574e+00
-9.239915609359741211e-01,-6.835713982582092285e-01,-1.236988067626953125e+00,-1.567574262619018555e+00,-1.059471368789672852e+00
3.989541530609130859e-01,8.274664282798767090e-01,8.809809684753417969e-01,6.763270497322082520e-01,1.020476341247558594e+00
-1.394102096557617188e+00,-5.274918079376220703e-01,-1.014206409454345703e+00,-1.093744277954101562e+00,-9.339670538902282715e-01
-1.116906285285949707e+00,-7.315960526466369629e-01,-5.893725752830505371e-01,-1.345422029495239258e+00,-1.678814053535461426e+00
2.004639357328414917e-01,2.392261624336242676e-01,3.839729428291320801e-01,-1.887387931346893311e-01,6.044506430625915527e-01
-1.350830793380737305e+00,-9.836241006851196289e-01,-1.643889427185058594e+00,-1.461451888084411621e+00,-1.048356175422668457e+00
1.247218489646911621e+00,7.116671204566955566e-01,1.115038514137268066e+00,1.061664342880249023e+00,1.138100385665893555e+00
-1.087731003761291504e+00,-7.908179759979248047e-01,-6.851508617401123047e-01,-1.648242354393005371e+00,-1.257056474685668945e+00
-9.184293150901794434e-01,-1.135914087295532227e+00,-1.332266569137573242e+00,-1.708655595779418945e+00,-9.443840980529785156e-01
-1.244740247726440430e+00,-1.446721196174621582e+00,-1.276466131210327148e+00,-1.664635419845581055e+00,-1.258736252784729004e+00
1.178617119789123535e+00,8.701223731040954590e-01,6.812577843666076660e-01,5.730104446411132812e-01,7.053425312042236328e-01
-9.883337020874023438e-01,-1.194857239723205566e+00,-1.502194643020629883e+00,-1.174994111061096191e+00,-1.477660894393920898e+00
-1.190910696983337402e+00,-1.166905164718627930e+00,-9.854457974433898926e-01,-1.627227783203125000e+00,-9.981693625450134277e-01
-1.286597490310668945e+00,-9.733511209487915039e-01,-1.304848194122314453e+00,-1.470851898193359375e+00,-1.137526392936706543e+00
1.439466357231140137e+00,9.408445954322814941e-01,1.184257745742797852e+00,9.559296369552612305e-01,8.782040476799011230e-01
-1.092959284782409668e+00,-1.025974035263061523e+00,-1.551559090614318848e+00,-1.707104325294494629e+00,-1.040173053741455078e+00
-1.527593612670898438e+00,-9.853491783142089844e-01,-1.628700256347656250e+00,-1.563813567161560059e+00,-1.126327276229858398e+00
-1.093671798706054688e+00,-1.125376820564270020e+00,-1.832701563835144043e+00,-1.570285916328430176e+00,-1.444019675254821777e+00
-1.235878705978393555e+00,-1.339769482612609863e+00,-1.244619250297546387e+00,-1.591863155364990234e+00,-1.106000542640686035e+00
-1.449448227882385254e+00,-1.444281458854675293e+00,-1.503658533096313477e+00,-1.187261223793029785e+00,-7.330597043037414551e-01
9.003050923347473145e-01,8.469569683074951172e-01,1.000773429870605469e+00,1.150963783264160156e+00,1.008804202079772949e+00
1.404153585433959961e+00,1.029031991958618164e+00,1.062736749649047852e+00,9.599742293357849121e-01,1.086174726486206055e+00
1.078554868698120117e+00,5.903809070587158203e-01,1.143387913703918457e+00,7.843497991561889648e-01,1.001694083213806152e+00
-1.114884018898010254e+00,-1.495545983314514160e+00,-9.433669447898864746e-01,-2.017834663391113281e+00,-1.137593984603881836e+00
-9.037359952926635742e-01,-1.428466200828552246e+00,-1.182891488075256348e+00,-1.111438989639282227e+00,-1.475857257843017578e+00
-1.034969687461853027e+00,-9.711617231369018555e-01,-1.416750311851501465e+00,-1.359065771102905273e+00,-1.088289022445678711e+00
-8.935472369194030762e-01,-1.075913310050964355e+00,-1.229700088500976562e+00,-1.152953386306762695e+00,-5.752166509628295898e-01
-1.064920067787170410e+00,-9.329169988632202148e-01,-1.425281047821044922e+00,-1.137101769447326660e+00,-8.207418918609619141e-01
8.249107599258422852e-01,8.500962257385253906e-01,1.281439065933227539e+00,9.993226528167724609e-01,1.285678863525390625e+00
-1.393405437469482422e+00,-1.028949618339538574e+00,-1.579069733619689941e+00,-1.450553655624389648e+00,-1.119079709053039551e+00
-1.328159570693969727e+00,-1.086209535598754883e+00,-1.493229866027832031e+00,-1.379241585731506348e+00,-7.640455365180969238e-01
1.654094934463500977e+00,1.246061563491821289e+00,1.003772139549255371e+00,7.746509909629821777e-01,1.235246181488037109e+00
1.300671935081481934e+00,1.017172098159790039e+00,1.135460019111633301e+00,1.173070192337036133e+00,8.841664195060729980e-01
5.612866878509521484e-01,3.011228144168853760e-01,4.235022068023681641e-01,5.244875550270080566e-01,4.594544470310211182e-01
6.719820499420166016e-01,8.058431148529052734e-01,7.042250633239746094e-01,8.149573802947998047e-01,1.085289359092712402e+00
-1.324562430381774902e+00,-1.124250292778015137e+00,-1.108314275741577148e+00,-1.435016393661499023e+00,-1.355135202407836914e+00
9.780633449554443359e-01,1.154964566230773926e+00,9.571669101715087891e-01,5.428801178932189941e-01,7.693302631378173828e-01
1.237308025360107422e+00,1.049995779991149902e+00,1.125894665718078613e+00,1.252885699272155762e+00,9.614462256431579590e-01
-1.084395051002502441e+00,-1.183368206024169922e+00,-1.753033399581909180e+00,-1.092348098754882812e+00,-2.006836175918579102e+00
-1.642742276191711426e+00,-1.000856757164001465e+00,-1.259159326553344727e+00,-1.292768955230712891e+00,-8.731338977813720703e-01
1.505051970481872559e+00,9.837778806686401367e-01,1.104770064353942871e+00,9.006372690200805664e-01,1.154933094978332520e+00
1.016910314559936523e+00,1.154719829559326172e+00,7.543488740921020508e-01,1.284531235694885254e+00,7.414718270301818848e-01
-1.321934461593627930e+00,-1.283967018127441406e+00,-1.098120093345642090e+00,-9.547869563102722168e-01,-1.254145622253417969e+00
1.408296227455139160e+00,9.366555213928222656e-01,1.234914541244506836e+00,9.760279059410095215e-01,1.548078656196594238e+00
-1.074499249458312988e+00,-1.001130342483520508e+00,-9.630538225173950195e-01,-1.468337178230285645e+00,-1.323089599609375000e+00
-1.245141863822937012e+00,-1.173875927925109863e+00,-7.076939344406127930e-01,-1.332733988761901855e+00,-1.453155517578125000e+00
-1.249967575073242188e+00,-1.197671294212341309e+00,-9.438536167144775391e-01,-1.287618994712829590e+00,-1.736687541007995605e+00
1.105660080909729004e+00,8.057979941368103027e-01,9.122452139854431152e-01,7.364900708198547363e-01,8.397168517112731934e-01
3.459816873073577881e-01,-7.650937139987945557e-02,1.656741201877593994e-01,-2.297557741403579712e-01,2.906194627285003662e-01
1.302498579025268555e+00,1.043288230895996094e+00,1.123681783676147461e+00,1.170444488525390625e+00,1.301018476486206055e+00
-1.084386944770812988e+00,-1.183553218841552734e+00,-8.911073207855224609e-01,-1.425925850868225098e+00,-1.209671258926391602e+00
-1.442857742309570312e+00,-1.674574851989746094e+00,-1.121504664421081543e+00,-1.172277569770812988e+00,-2.363448381423950195e+00
-1.296722054481506348e+00,-1.324859499931335449e+00,-1.025267362594604492e+00,-1.541970133781433105e+00,-9.888458847999572754e-01
9.077612161636352539e-01,7.962208986282348633e-01,1.195091605186462402e+00,1.000774145126342773e+00,1.299005627632141113e+00
1.217556357383728027e+00,9.664378762245178223e-01,1.031556725502014160e+00,1.023821234703063965e+00,1.034942269325256348e+00
6.587846279144287109e-01,1.399564385414123535e+00,1.211503863334655762e+00,1.326006531715393066e+00,1.343078613281250000e+00
1.206159353256225586e+00,9.444985985755920410e-01,8.189806342124938965e-01,1.102398276329040527e+00,8.843750357627868652e-01
-1.158367753028869629e+00,-1.163008809089660645e+00,-1.215563178062438965e+00,-1.390266776084899902e+00,-1.113832592964172363e+00
9.989600181579589844e-01,1.397873044013977051e+00,1.015762448310852051e+00,9.570099115371704102e-01,1.136172413825988770e+00
1.398841142654418945e+00,9.497200250625610352e-01,1.074337959289550781e+00,9.304072856903076172e-01,8.504691123962402344e-01
-3.410474210977554321e-02,3.037928342819213867e-01,1.600889861583709717e-01,1.126206386834383011e-02,4.596615433692932129e-01
9.421927928924560547e-01,1.059899330139160156e+00,1.193926692008972168e+00,9.001712799072265625e-01,1.357000946998596191e+00
-1.168179869651794434e+00,-1.166424632072448730e+00,-1.332498788833618164e+00,-1.380648136138916016e+00,-1.098624587059020996e+00
-1.421203136444091797e+00,-1.194453120231628418e+00,-1.182216048240661621e+00,-1.461061120033264160e+00,-1.210141539573669434e+00
-1.460396051406860352e+00,-1.138860940933227539e+00,-1.508015036582946777e+00,-1.302927851676940918e+00,-1.130587577819824219e+00
7.231042385101318359e-01,1.347521424293518066e+00,8.355674743652343750e-01,1.138961076736450195e+00,8.024357557296752930e-01
9.489492774009704590e-01,8.135511875152587891e-01,9.968019127845764160e-01,7.013742327690124512e-01,1.282545328140258789e+00
1.548688292503356934e+00,9.079177975654602051e-01,9.245274066925048828e-01,1.412890553474426270e+00,1.041205644607543945e+00
1.410622358322143555e+00,9.599660634994506836e-01,1.035160899162292480e+00,1.062592506408691406e+00,1.210929036140441895e+00
-1.613224267959594727e+00,-6.415455937385559082e-01,-1.400328159332275391e+00,-1.217608690261840820e+00,-9.677953124046325684e-01
1.389055252075195312e+00,9.636738300323486328e-01,1.019768357276916504e+00,1.003446698188781738e+00,1.135028958320617676e+00
7.367050051689147949e-01,1.311936259269714355e+00,1.175503134727478027e+00,5.850520730018615723e-01,1.071628808975219727e+00
1.236700892448425293e+00,7.904945611953735352e-01,1.067052125930786133e+00,1.155679702758789062e+00,9.444760084152221680e-01
7.358480691909790039e-01,7.534300088882446289e-01,9.626445770263671875e-01,1.078343033790588379e+00,8.924030065536499023e-01
-8.175716400146484375e-01,-2.756622135639190674e-01,-9.725099205970764160e-01,-1.309505462646484375e+00,-1.278388977050781250e+00
1.046401023864746094e+00,8.197079300880432129e-01,9.864031672477722168e-01,9.896519780158996582e-01,8.608693480491638184e-01
-1.311150550842285156e+00,-9.772658348083496094e-01,-1.290973544120788574e+00,-1.079186201095581055e+00,-7.040581703186035156e-01
-6.309825181961059570e-01,-1.265881419181823730e+00,-6.933348774909973145e-01,-9.155391454696655273e-01,-1.254134535789489746e+00
1.032471776008605957e+00,9.256063699722290039e-01,1.048056721687316895e+00,1.107197642326354980e+00,1.197431325912475586e+00
9.671075344085693359e-01,7.593054771423339844e-01,1.172776937484741211e+00,1.205896854400634766e+00,9.738587141036987305e-01
-8.619971871376037598e-01,-7.777201533317565918e-01,-1.386808991432189941e+00,-1.337846279144287109e+00,-9.418811798095703125e-01
-1.010030984878540039e+00,-8.028846979141235352e-01,-1.175640702247619629e+00,-1.206813931465148926e+00,-1.222818136215209961e+00
1.113450169563293457e+00,1.019634962081909180e+00,1.249868273735046387e+00,7.546131014823913574e-01,1.135081529617309570e+00
-1.487395644187927246e+00,-9.746578931808471680e-01,-9.465787410736083984e-01,-1.443807482719421387e+00,-1.661657691001892090e+00
1.570781826972961426e+00,1.050459861755371094e+00,9.159534573554992676e-01,8.081941604614257812e-01,1.155126690864562988e+00
-4.700316488742828369e-01,-1.211899161338806152e+00,-1.222609281539916992e+00,-5.809246897697448730e-01,-9.562562704086303711e-01
1.331211686134338379e+00,9.359070062637329102e-01,9.038041830062866211e-01,7.080963850021362305e-01,1.067194700241088867e+00
1.072480916976928711e+00,1.149139046669006348e+00,1.096218943595886230e+00,1.063344478607177734e+00,1.224417805671691895e+00
1.098255515098571777e+00,9.387921094894409180e-01,9.017410874366760254e-01,1.450165867805480957e+00,9.178438782691955566e-01
1.518558621406555176e+00,8.456500172615051270e-01,1.144675731658935547e+00,1.009171605110168457e+00,9.571213126182556152e-01
1.305786132812500000e+00,1.243377327919006348e+00,1.208108663558959961e+00,1.105552554130554199e+00,1.301718711853027344e+00
-1.536230325698852539e+00,-1.313164353370666504e+00,-1.325727939605712891e+00,-1.409025073051452637e+00,-1.079973459243774414e+00
1.393975496292114258e+00,9.354255199432373047e-01,9.506112337112426758e-01,1.374370694160461426e+00,8.210607171058654785e-01
-1.294843077659606934e+00,-1.180967926979064941e+00,-9.506611227989196777e-01,-1.173991084098815918e+00,-1.290732741355895996e+00
-9.770592451095581055e-01,-1.265110015869140625e+00,-1.353869199752807617e+00,-1.094960808753967285e+00,-1.242496371269226074e+00
-1.563641667366027832e+00,-1.032379388809204102e+00,-1.184149503707885742e+00,-1.745295047760009766e+00,-1.091886758804321289e+00
7.740628123283386230e-01,7.050623297691345215e-01,3.976262807846069336e-01,8.121360540390014648e-01,6.655241250991821289e-01
1.377759099006652832e+00,8.462788462638854980e-01,7.910988330841064453e-01,8.802293539047241211e-01,8.331584334373474121e-01
4.362336099147796631e-01,4.752439558506011963e-01,1.867625862360000610e-01,9.166967272758483887e-01,8.151835799217224121e-01
6.726084947586059570e-01,9.381808042526245117e-01,3.553298115730285645e-01,5.168141126632690430e-01,7.862083315849304199e-01
1.367792010307312012e+00,1.022813558578491211e+00,1.177329540252685547e+00,9.950121641159057617e-01,1.160465955734252930e+00
8.025751709938049316e-01,3.564281463623046875e-01,1.076365351676940918e+00,6.805352568626403809e-01,9.075003862380981445e-01
3.110525012016296387e-01,4.362906217575073242e-01,1.695274561643600464e-01,4.496296942234039307e-01,2.719673216342926025e-01
1.059456110000610352e+00,6.618859171867370605e-01,1.332903981208801270e+00,1.125677824020385742e+00,1.333523511886596680e+00
-1.078312397003173828e+00,-1.055836319923400879e+00,-1.207125544548034668e+00,-6.988701224327087402e-01,-4.398492872714996338e-01
-1.237913846969604492e+00,-1.107692241668701172e+00,-1.687719941139221191e+00,-1.232293963432312012e+00,-1.126402616500854492e+00
-1.658620715141296387e+00,-1.129949808120727539e+00,-1.478530883789062500e+00,-1.266296744346618652e+00,-9.245782494544982910e-01
-1.317002415657043457e+00,-1.520581245422363281e+00,-1.293986201286315918e+00,-1.301053166389465332e+00,-7.638781070709228516e-01
1.278944730758666992e+00,1.138699769973754883e+00,9.264126420021057129e-01,1.043025135993957520e+00,1.271744370460510254e+00
1.303974747657775879e+00,9.159067869186401367e-01,5.562550425529479980e-01,1.348650336265563965e+00,8.551730513572692871e-01
1.133462667465209961e+00,1.362687945365905762e+00,7.690177559852600098e-01,1.229217886924743652e+00,9.141438007354736328e-01
-1.006231904029846191e+00,-1.127268314361572266e+00,-1.074613690376281738e+00,-1.436806917190551758e+00,-1.316206216812133789e+00
1.118393301963806152e+00,7.608668804168701172e-01,1.041307568550109863e+00,9.186515212059020996e-01,1.182261109352111816e+00
-8.309609293937683105e-01,-1.423979163169860840e+00,-1.120145559310913086e+00,-7.137284278869628906e-01,-8.453565239906311035e-01
-1.245008468627929688e+00,-8.651992678642272949e-01,-1.159976243972778320e+00,-1.403678417205810547e+00,-1.032053470611572266e+00
-1.212247967720031738e+00,-1.283393979072570801e+00,-1.035335302352905273e+00,-1.297108530998229980e+00,-1.103495955467224121e+00
4.793572127819061279e-01,1.295227766036987305e+00,9.206830263137817383e-01,9.391589164733886719e-01,8.958426117897033691e-01
1.345117807388305664e+00,1.008936405181884766e+00,1.220682621002197266e+00,7.766530513763427734e-01,1.301536202430725098e+00
-1.420406937599182129e+00,-1.103489160537719727e+00,-1.250567913055419922e+00,-1.465432763099670410e+00,-1.282262921333312988e+00
-1.096223592758178711e+00,-1.132153868675231934e+00,-1.371399044990539551e+00,-1.245929837226867676e+00,-9.957825541496276855e-01
-1.233333945274353027e+00,-1.004478573799133301e+00,-1.564433097839355469e+00,-1.499493598937988281e+00,-1.044886708259582520e+00
-1.234273433685302734e+00,-1.367708086967468262e+00,-1.412826180458068848e+00,-1.363571166992187500e+00,-1.875191211700439453e+00
-1.526448845863342285e+00,-1.490824341773986816e+00,-1.020201206207275391e+00,-1.782584786415100098e+00,-1.182690024375915527e+00
-9.137596487998962402e-01,-1.073129415512084961e+00,-1.248756408691406250e+00,-1.068602800369262695e+00,-1.252052068710327148e+00
9.858654737472534180e-01,8.737911581993103027e-01,6.435294747352600098e-01,6.853832602500915527e-01,1.002295017242431641e+00
-8.234046101570129395e-01,-1.279204249382019043e+00,-1.523431777954101562e+00,-1.278529882431030273e+00,-8.550296425819396973e-01
4.753064215183258057e-01,6.829212307929992676e-01,5.578975677490234375e-01,5.093427896499633789e-01,6.242225170135498047e-01
-1.221188545227050781e+00,-1.437177419662475586e+00,-1.274689793586730957e+00,-1.200641274452209473e+00,-1.233117818832397461e+00
9.242728948593139648e-01,8.305523991584777832e-01,1.085516095161437988e+00,1.079409480094909668e+00,1.385416388511657715e+00
-1.655235171318054199e+00,-9.278249740600585938e-01,-1.463567495346069336e+00,-1.595382571220397949e+00,-1.366329789161682129e+00
-1.028298020362854004e+00,-1.214165091514587402e+00,-1.281005859375000000e+00,-1.255305647850036621e+00,-1.067462921142578125e+00
5.446901321411132812e-01,1.005762219429016113e+00,8.554191589355468750e-01,7.341921925544738770e-01,6.964348554611206055e-01
1.171913504600524902e+00,6.762748360633850098e-01,1.093619823455810547e+00,9.221925139427185059e-01,1.051653504371643066e+00
-1.553344130516052246e+00,-8.809971213340759277e-01,-8.920989632606506348e-01,-1.190718173980712891e+00,-1.128451347351074219e+00
-1.329173445701599121e+00,-1.082963705062866211e+00,-8.893901109695434570e-01,-9.961937069892883301e-01,-1.060947775840759277e+00
-5.550556778907775879e-01,-2.414602339267730713e-01,-9.165629744529724121e-01,-2.865935266017913818e-01,-7.001951932907104492e-01
-9.661138653755187988e-01,-9.873415231704711914e-01,-7.856844663619995117e-01,-1.010985732078552246e+00,-9.599894285202026367e-01
1.424188971519470215e+00,1.349596738815307617e+00,5.946895480155944824e-01,9.526025652885437012e-01,1.325525283813476562e+00
-1.039863228797912598e+00,-1.523267507553100586e+00,-1.101090431213378906e+00,-1.201747894287109375e+00,-9.288654923439025879e-01
-1.444324731826782227e+00,-1.495290279388427734e+00,-8.348621129989624023e-01,-1.605042457580566406e+00,-1.626795768737792969e+00
8.526418805122375488e-01,7.483122348785400391e-01,1.103605270385742188e+00,7.746659517288208008e-01,1.129800677299499512e+00
-1.444677948951721191e+00,-1.098410367965698242e+00,-1.622958540916442871e+00,-1.120126485824584961e+00,-7.985389232635498047e-01
-1.130344152450561523e+00,-1.323048353195190430e+00,-9.926305413246154785e-01,-1.330224394798278809e+00,-7.157911062240600586e-01
1.513585686683654785e+00,1.530807852745056152e+00,1.005703806877136230e+00,8.679587244987487793e-01,1.208611488342285156e+00
1.498334765434265137e+00,1.468030452728271484e+00,8.485935330390930176e-01,9.855605363845825195e-01,1.508078336715698242e+00
-1.218966960906982422e+00,-9.777662754058837891e-01,-1.146149873733520508e+00,-1.317919254302978516e+00,-1.296834707260131836e+00
-9.074902534484863281e-01,-5.905257463455200195e-01,-1.493280649185180664e+00,-1.113366842269897461e+00,-9.326308369636535645e-01
-6.279076337814331055e-01,-1.378385782241821289e+00,-1.060116052627563477e+00,-1.087262988090515137e+00,-1.050279855728149414e+00
-4.238275885581970215e-01,-4.701856970787048340e-01,-4.569962024688720703e-01,-1.677333563566207886e-02,1.726271212100982666e-01
-5.658801198005676270e-01,-8.867536783218383789e-01,-1.064214229583740234e+00,-1.222563028335571289e+00,-9.676107168197631836e-01
1.214034676551818848e+00,1.115136504173278809e+00,1.001600027084350586e+00,1.196266770362854004e+00,9.342288970947265625e-01
-1.607519268989562988e+00,-7.632594108581542969e-01,-1.647921919822692871e+00,-1.429144144058227539e+00,-1.011693358421325684e+00
-1.264321684837341309e+00,-1.118759870529174805e+00,-1.140264153480529785e+00,-1.135172247886657715e+00,-6.608783602714538574e-01
-1.412847161293029785e+00,-1.070659399032592773e+00,-8.753699660301208496e-01,-1.152219414710998535e+00,-1.362909674644470215e+00
-8.411088585853576660e-01,-1.089123487472534180e+00,-1.173796772956848145e+00,-1.493922472000122070e+00,-1.491105318069458008e+00
-1.263797640800476074e+00,-1.115144252777099609e+00,-9.331256747245788574e-01,-1.382210373878479004e+00,-1.165095448493957520e+00
-1.053583979606628418e+00,-1.143194198608398438e+00,-1.392017960548400879e+00,-1.479409933090209961e+00,-1.136227130889892578e+00
-9.552191495895385742e-01,-1.104196310043334961e+00,-1.537146806716918945e+00,-1.277812242507934570e+00,-1.576912403106689453e+00
8.810896277427673340e-01,9.402619004249572754e-01,1.213144421577453613e+00,9.462702870368957520e-01,1.155836820602416992e+00
-5.296093821525573730e-01,-4.796393513679504395e-01,-9.489533305168151855e-01,-8.831283450126647949e-01,-1.172833442687988281e+00
-1.319019317626953125e+00,-1.532518863677978516e+00,-9.467837214469909668e-01,-1.429714083671569824e+00,-1.484650373458862305e+00
-1.341830134391784668e+00,-8.140355944633483887e-01,-1.441340088844299316e+00,-1.526213526725769043e+00,-1.338988780975341797e+00
1.644310712814331055e+00,1.087251901626586914e+00,8.827968239784240723e-01,1.080852627754211426e+00,1.081435680389404297e+00
1.106714606285095215e+00,1.076751708984375000e+00,1.067764520645141602e+00,1.184238553047180176e+00,1.074705719947814941e+00
-1.564485669136047363e+00,-1.301764845848083496e+00,-1.525379419326782227e+00,-1.630415797233581543e+00,-8.070833683013916016e-01
1.429698944091796875e+00,9.243509769439697266e-01,7.838273644447326660e-01,1.117251873016357422e+00,7.413255572319030762e-01
9.296614527702331543e-01,1.346899032592773438e+00,1.000735521316528320e+00,1.278813719749450684e+00,6.800398826599121094e-01
-1.404808878898620605e+00,-1.426547169685363770e+00,-9.083397388458251953e-01,-1.522228121757507324e+00,-1.144040703773498535e+00
8.482700586318969727e-01,9.593470692634582520e-01,9.714601635932922363e-01,1.316695213317871094e+00,1.046314716339111328e+00
1.511752367019653320e+00,5.957021117210388184e-01,7.752508521080017090e-01,1.333894848823547363e+00,1.260723829269409180e+00
1.092343807220458984e+00,1.012814283370971680e+00,1.072719573974609375e+00,1.022287249565124512e+00,7.722493410110473633e-01
-8.232352733612060547e-01,-6.686399579048156738e-01,-9.813231825828552246e-01,-1.001692175865173340e+00,-9.212434887886047363e-01
1.486761927604675293e+00,8.301104903221130371e-01,9.793817996978759766e-01,1.024211406707763672e+00,1.209083557128906250e+00
-1.031065464019775391e+00,-7.582165598869323730e-01,-9.370836019515991211e-01,-8.049981594085693359e-01,-1.056019544601440430e+00
-8.089120388031005859e-01,-9.896147251129150391e-01,-1.273837447166442871e+00,-1.311734437942504883e+00,-1.251477956771850586e+00
1.468490481376647949e+00,1.192927002906799316e+00,1.238027453422546387e+00,8.773491978645324707e-01,1.388802766799926758e+00
-6.917580366134643555e-01,-1.130959868431091309e+00,-1.194191455841064453e+00,-1.292409539222717285e+00,-9.432656764984130859e-01
-1.145104289054870605e+00,-9.866948127746582031e-01,-1.132142663002014160e+00,-1.475685238838195801e+00,-1.032159447669982910e+00
-1.137207627296447754e+00,-1.327336192131042480e+00,-1.127694964408874512e+00,-1.332935214042663574e+00,-1.121690511703491211e+00
1.244484901428222656e+00,9.874646067619323730e-01,1.022305607795715332e+00,1.294357895851135254e+00,1.157168149948120117e+00
-1.333165764808654785e+00,-1.213717699050903320e+00,-1.369365096092224121e+00,-1.144594907760620117e+00,-1.226659536361694336e+00
-1.313094019889831543e+00,-1.349329113960266113e+00,-1.076021194458007812e+00,-1.156108260154724121e+00,-1.059093236923217773e+00
-1.533028364181518555e+00,-1.310929894447326660e+00,-1.052283287048339844e+00,-1.248171925544738770e+00,-1.377871274948120117e+00
1.568530440330505371e+00,5.986980795860290527e-01,8.979323506355285645e-01,1.131090760231018066e+00,1.097532391548156738e+00
9.318943321704864502e-02,1.994936764240264893e-01,4.120957106351852417e-02,3.273666799068450928e-01,4.451483488082885742e-01
1.004918098449707031e+00,3.900286853313446045e-01,6.178610324859619141e-01,7.938566803932189941e-01,4.200558364391326904e-01
7.507671713829040527e-01,1.302671432495117188e+00,1.239854454994201660e+00,7.446275949478149414e-01,8.641833662986755371e-01
7.384008169174194336e-01,1.028370857238769531e+00,1.232278823852539062e+00,8.896561861038208008e-01,8.182073235511779785e-01
-9.655469059944152832e-01,-1.514445424079895020e+00,-1.022450208663940430e+00,-1.276244878768920898e+00,-1.560121655464172363e+00
-1.047475695610046387e+00,-1.248135209083557129e+00,-1.313458085060119629e+00,-1.307088494300842285e+00,-9.407031536102294922e-01
7.267050147056579590e-01,1.180941462516784668e+00,1.192265152931213379e+00,9.824983477592468262e-01,1.392599940299987793e+00
-9.369277954101562500e-01,-9.894415140151977539e-01,-1.651310563087463379e+00,-1.045376420021057129e+00,-1.267971038818359375e+00
9.832031726837158203e-01,1.317298173904418945e+00,1.185700297355651855e+00,6.463033556938171387e-01,9.787912964820861816e-01
-1.406341910362243652e+00,-1.303808689117431641e+00,-1.298094153404235840e+00,-1.047482013702392578e+00,-1.218112826347351074e+00
9.064888358116149902e-01,6.806523799896240234e-01,1.117807030677795410e+00,7.777873277664184570e-01,7.130103111267089844e-01
1.299008727073669434e+00,9.401154518127441406e-01,9.817043542861938477e-01,1.196230292320251465e+00,1.007051825523376465e+00
1.343392372131347656e+00,1.301422834396362305e+00,7.352633476257324219e-01,1.279534816741943359e+00,1.431122303009033203e+00
-1.057675123214721680e+00,-1.164725780487060547e+00,-1.334406971931457520e+00,-1.220192790031433105e+00,-1.068570733070373535e+00
-1.088905334472656250e+00,-1.437718987464904785e+00,-1.324082612991333008e+00,-1.204876065254211426e+00,-1.331760048866271973e+00
1.061244726181030273e+00,9.033165574073791504e-01,9.146955013275146484e-01,1.140344500541687012e+00,7.982890605926513672e-01
-1.395765185356140137e+00,-1.000742673873901367e+00,-1.057940244674682617e+00,-1.309563636779785156e+00,-1.344221591949462891e+00
-1.103775024414062500e+00,-7.740014195442199707e-01,-1.137664794921875000e+00,-1.543236255645751953e+00,-1.363656282424926758e+00
-1.135802149772644043e+00,-1.373460412025451660e+00,-7.686772942543029785e-01,-1.740197896957397461e+00,-1.474186301231384277e+00
1.148364901542663574e+00,9.097335338592529297e-01,1.202861785888671875e+00,1.021947741508483887e+00,9.839788079261779785e-01
1.074230551719665527e+00,1.043091535568237305e+00,8.328832387924194336e-01,9.094851613044738770e-01,1.179237604141235352e+00
-1.062272310256958008e+00,-9.957451820373535156e-01,-7.227274775505065918e-01,-1.117305994033813477e+00,-8.806439042091369629e-01
1.019469618797302246e+00,8.555629849433898926e-01,7.627524733543395996e-01,1.009450197219848633e+00,6.764174103736877441e-01
7.721329331398010254e-01,9.758286476135253906e-01,8.512352108955383301e-01,9.774096608161926270e-01,8.001009821891784668e-01
4.102945029735565186e-01,9.198849797248840332e-01,8.885747790336608887e-01,2.147575318813323975e-01,7.766556143760681152e-01
-1.472057223320007324e+00,-1.372622966766357422e+00,-1.364010095596313477e+00,-1.374029278755187988e+00,-8.459387421607971191e-01
-1.164169669151306152e+00,-1.019612908363342285e+00,-1.219749450683593750e+00,-1.031247377395629883e+00,-1.105613112449645996e+00
-1.290406346321105957e+00,-1.254390478134155273e+00,-1.077632665634155273e+00,-1.236490845680236816e+00,-1.389680504798889160e+00
-1.546771645545959473e+00,-1.171999335289001465e+00,-1.534806132316589355e+00,-1.275971770286560059e+00,-1.187914371490478516e+00
1.003371953964233398e+00,1.063856601715087891e+00,7.493292093276977539e-01,5.486441850662231445e-01,8.345563411712646484e-01
1.150188207626342773e+00,1.464066982269287109e+00,1.300194382667541504e+00,1.181763529777526855e+00,1.100499033927917480e+00
-1.575522184371948242e+00,-1.325206518173217773e+00,-1.048570394515991211e+00,-1.219977974891662598e+00,-1.264245152473449707e+00
-1.218006610870361328e+00,-1.319097042083740234e+00,-7.277012467384338379e-01,-1.411125183105468750e+00,-1.268571496009826660e+00
1.389167070388793945e+00,1.007799267768859863e+00,9.233857989311218262e-01,9.215847849845886230e-01,1.309734225273132324e+00
-5.365524291992187500e-01,-8.067653775215148926e-01,-1.005237817764282227e+00,-7.179551124572753906e-01,-1.224350452423095703e+00
1.150436282157897949e+00,1.106728911399841309e+00,8.475052118301391602e-01,1.161393284797668457e+00,9.333046078681945801e-01
-1.145492792129516602e+00,-1.170078635215759277e+00,-9.886447787284851074e-01,-1.581819295883178711e+00,-1.453161597251892090e+00
-9.779205322265625000e-01,-1.447346448898315430e+00,-1.120796918869018555e+00,-1.232433795928955078e+00,-1.165820121765136719e+00
-1.253955364227294922e+00,-1.055581212043762207e+00,-1.217535376548767090e+00,-1.096248865127563477e+00,-1.159059524536132812e+00
9.681098461151123047e-01,1.041475534439086914e+00,5.608309507369995117e-01,6.886305212974548340e-01,6.445159316062927246e-01
-1.034858822822570801e+00,-1.180029988288879395e+00,-9.208571314811706543e-01,-8.107138872146606445e-01,-7.444120049476623535e-01
-1.244472503662109375e+00,-1.347806453704833984e+00,-1.140431761741638184e+00,-1.090522885322570801e+00,-1.410097241401672363e+00
8.067994713783264160e-01,1.035533905029296875e+00,8.283368945121765137e-01,8.032780885696411133e-01,9.398028254508972168e-01
-1.002789139747619629e+00,-1.068346738815307617e+00,-1.057988286018371582e+00,-1.074918150901794434e+00,-7.727992534637451172e-01
-1.479068994522094727e+00,-1.245350599288940430e+00,-1.385125398635864258e+00,-1.089730501174926758e+00,-1.110340356826782227e+00
1.362405061721801758e+00,1.014192461967468262e+00,8.765289783477783203e-01,9.848222732543945312e-01,9.594113826751708984e-01
-8.206089735031127930e-01,-1.247419357299804688e+00,-1.266790866851806641e+00,-1.281569957733154297e+00,-1.107848286628723145e+00
1.322977781295776367e+00,8.172935843467712402e-01,1.118439078330993652e+00,9.807532429695129395e-01,8.512371182441711426e-01
-1.024727463722229004e+00,-1.266439557075500488e+00,-1.021100282669067383e+00,-1.493375658988952637e+00,-9.343140721321105957e-01
1.508726000785827637e+00,1.071197628974914551e+00,1.378904342651367188e+00,1.033020496368408203e+00,1.061682343482971191e+00
1.371506214141845703e+00,9.137477874755859375e-01,9.101876020431518555e-01,1.281692981719970703e+00,7.079492807388305664e-01
-1.346696972846984863e+00,-8.711932897567749023e-01,-1.061154127120971680e+00,-1.090149164199829102e+00,-1.171601533889770508e+00
-1.229986667633056641e+00,-7.223057746887207031e-01,-1.178271174430847168e+00,-7.130178213119506836e-01,-3.108673691749572754e-01
8.329491615295410156e-01,1.162821173667907715e+00,9.957031607627868652e-01,6.727883219718933105e-01,9.491301774978637695e-01
1.445670723915100098e+00,1.218968391418457031e+00,1.167949080467224121e+00,8.346879482269287109e-01,1.305666446685791016e+00
1.305315136909484863e+00,6.764878034591674805e-01,6.989642977714538574e-01,1.087298393249511719e+00,9.827004671096801758e-01
-1.467945456504821777e+00,-9.619263410568237305e-01,-1.640694260597229004e+00,-1.086924433708190918e+00,-6.281683444976806641e-01
1.238180518150329590e+00,1.077028751373291016e+00,1.128535866737365723e+00,8.807816505432128906e-01,9.248853921890258789e-01
9.884710311889648438e-01,1.001761078834533691e+00,8.398670554161071777e-01,8.338157534599304199e-01,1.201029777526855469e+00
-1.341131567955017090e+00,-1.429213881492614746e+00,-7.429955601692199707e-01,-7.911464571952819824e-01,-1.156283736228942871e+00
-1.196593284606933594e+00,-1.405209898948669434e+00,-1.120035171508789062e+00,-1.072581291198730469e+00,-9.182646274566650391e-01
1.088951230049133301e+00,8.334374427795410156e-01,8.026814460754394531e-01,1.103938221931457520e+00,1.060015559196472168e+00
4.004902243614196777e-01,9.821073412895202637e-01,9.362016916275024414e-01,7.351632714271545410e-01,8.436643481254577637e-01
-3.433340787887573242e-01,-1.285429954528808594e+00,-7.052032351493835449e-01,-1.026612401008605957e+00,-1.360578417778015137e+00
-1.180499315261840820e+00,-1.021061301231384277e+00,-1.239553809165954590e+00,-1.079979896545410156e+00,-1.037058472633361816e+00
-1.044279217720031738e+00,-1.361709237098693848e+00,-1.073307156562805176e+00,-1.784414172172546387e+00,-1.114122152328491211e+00
1.225744366645812988e+00,8.029181957244873047e-01,8.752257823944091797e-01,1.010797500610351562e+00,9.972618818283081055e-01
-1.074764370918273926e+00,-1.257340431213378906e+00,-1.257014393806457520e+00,-1.250525951385498047e+00,-1.004586458206176758e+00
-9.684004783630371094e-01,-9.669358730316162109e-01,-6.884154081344604492e-01,-1.901581764221191406e+00,-1.206017255783081055e+00
-9.600703120231628418e-01,-1.018140673637390137e+00,-1.432113409042358398e+00,-1.169597268104553223e+00,-1.050245881080627441e+00
1.171499967575073242e+00,5.543104410171508789e-01,1.060183405876159668e+00,1.130928993225097656e+00,1.076658606529235840e+00
1.117962360382080078e+00,7.811825275421142578e-01,1.060245513916015625e+00,1.150987625122070312e+00,1.180444955825805664e+00
-7.191731333732604980e-01,-1.003337979316711426e+00,-1.211321830749511719e+00,-1.225790977478027344e+00,-1.344552516937255859e+00
1.126697182655334473e+00,1.061568379402160645e+00,9.012842178344726562e-01,1.247500896453857422e+00,1.162954926490783691e+00
1.090627908706665039e+00,9.284835457801818848e-01,8.811618089675903320e-01,1.084596514701843262e+00,8.668233752250671387e-01
-7.582520246505737305e-01,-1.415538668632507324e+00,-8.969871997833251953e-01,-1.469226479530334473e+00,-1.934619307518005371e+00
-1.491997718811035156e+00,-1.208901166915893555e+00,-1.478488087654113770e+00,-1.672636508941650391e+00,-1.037715792655944824e+00
1.205643177032470703e+00,1.069058537483215332e+00,6.946576237678527832e-01,1.170311808586120605e+00,1.300685644149780273e+00
7.249888777732849121e-01,1.193291068077087402e+00,8.151788711547851562e-01,1.318469285964965820e+00,1.373778581619262695e+00
-1.239466547966003418e+00,-1.198989868164062500e+00,-1.319861173629760742e+00,-1.594069838523864746e+00,-1.325948715209960938e+00
1.245347976684570312e+00,8.745983839035034180e-01,8.358217477798461914e-01,1.168355464935302734e+00,7.563624382019042969e-01
