2.953171014785766602e+00,-1.665857315063476562e+00,-2.327833890914916992e+00,-1.516719818115234375e+00,-2.180725097656250000e+00
2.606149911880493164e+00,-4.464352726936340332e-01,-2.737241506576538086e+00,1.984236836433410645e+00,-1.255730509757995605e+00
2.202331304550170898e+00,-1.698456645011901855e+00,2.390106201171875000e+00,1.022383332252502441e+00,-1.376075744628906250e+00
2.695635318756103516e+00,-2.419014930725097656e+00,1.989038825035095215e+00,1.122536182403564453e+00,2.895601689815521240e-01
1.574532985687255859e+00,-1.603089332580566406e+00,2.077517032623291016e+00,1.282323837280273438e+00,-1.207310438156127930e+00
1.255577325820922852e+00,-1.615660071372985840e+00,2.300304651260375977e+00,-9.718225598335266113e-01,-9.037645459175109863e-01
1.527640223503112793e+00,-2.143437385559082031e+00,2.660974979400634766e+00,-1.603014111518859863e+00,-1.430531740188598633e+00
2.082753181457519531e+00,-1.165032863616943359e+00,-1.731644272804260254e+00,1.186079740524291992e+00,-2.024054527282714844e+00
2.025856733322143555e+00,-1.986743211746215820e+00,2.349664211273193359e+00,1.772269248962402344e+00,-2.755107641220092773e+00
2.508937835693359375e+00,-1.544311523437500000e+00,-2.366740703582763672e+00,-1.707237482070922852e+00,-2.582269906997680664e+00
2.633723974227905273e+00,1.431491613388061523e+00,1.945205450057983398e+00,-2.418785572052001953e+00,-1.054530620574951172e+00
2.798805832862854004e-01,-1.520343303680419922e+00,2.581878662109375000e+00,-1.749598741531372070e+00,6.318538188934326172e-01
2.187020778656005859e+00,-1.675315856933593750e+00,-2.225332736968994141e+00,-1.373261213302612305e+00,4.817000031471252441e-01
1.728284239768981934e+00,-3.851469159126281738e-01,-2.575916528701782227e+00,1.642717242240905762e+00,-7.267228960990905762e-01
2.698829412460327148e+00,-2.946775197982788086e+00,2.109714031219482422e+00,1.221139669418334961e+00,-8.186927437782287598e-01
2.348726511001586914e+00,-1.601831316947937012e+00,-2.604850053787231445e+00,-2.020925760269165039e+00,1.527571916580200195e+00
1.822292447090148926e+00,4.996362924575805664e-01,2.751530170440673828e+00,-2.070874452590942383e+00,-7.689375877380371094e-01
2.593083381652832031e+00,-2.426105260848999023e+00,2.415238857269287109e+00,-9.623329639434814453e-01,2.047766447067260742e-01
2.197252988815307617e+00,-1.542096734046936035e+00,-2.990155696868896484e+00,2.237336397171020508e+00,-1.324400186538696289e+00
1.937454462051391602e+00,2.476016521453857422e+00,2.432939291000366211e+00,2.837526321411132812e+00,-1.011160373687744141e+00
2.659087181091308594e+00,-2.035396814346313477e+00,-1.698523521423339844e+00,1.234213590621948242e+00,-5.429753065109252930e-01
-5.155360698699951172e-02,-2.317082643508911133e+00,2.857240676879882812e+00,1.149966716766357422e+00,-5.524933934211730957e-01
1.790389299392700195e+00,-2.117148637771606445e+00,2.248635768890380859e+00,1.023822307586669922e+00,1.203791797161102295e-01
2.507568597793579102e+00,-1.092144370079040527e+00,2.537825822830200195e+00,-2.084677696228027344e+00,-7.107361555099487305e-01
4.811685085296630859e-01,-9.943521618843078613e-01,2.361602544784545898e+00,-1.544376134872436523e+00,-1.443074226379394531e+00
1.928669452667236328e+00,-1.586305141448974609e+00,-2.099423885345458984e+00,-1.291136145591735840e+00,4.876559376716613770e-01
2.798035621643066406e+00,-2.212652206420898438e+00,-2.827551364898681641e+00,-1.558936357498168945e+00,2.018656283617019653e-01
2.670729875564575195e+00,-1.306208014488220215e+00,2.385202407836914062e+00,-1.718845844268798828e+00,-2.498371839523315430e+00
1.279586195945739746e+00,-2.101291179656982422e+00,2.047976970672607422e+00,1.007951378822326660e+00,1.508628427982330322e-01
1.836289644241333008e+00,-1.075551629066467285e+00,2.704140901565551758e+00,-1.911410927772521973e+00,-4.694397151470184326e-01
2.507168054580688477e+00,-2.476295948028564453e+00,-1.783813476562500000e+00,-1.383068323135375977e+00,-1.849696487188339233e-01
2.461770057678222656e+00,-2.688334465026855469e+00,-2.139358520507812500e+00,1.570346474647521973e+00,1.083002328872680664e+00
2.911628484725952148e+00,-2.522612333297729492e+00,-2.487965583801269531e+00,-1.695747852325439453e+00,-2.091009616851806641e+00
1.791912078857421875e+00,-1.182321667671203613e+00,-2.774628400802612305e+00,-1.909597635269165039e+00,-3.951776325702667236e-01
1.723780155181884766e+00,-1.461721658706665039e+00,2.581993341445922852e+00,1.900596976280212402e+00,-2.345189332962036133e+00
2.051833629608154297e+00,-1.460983514785766602e+00,2.220901489257812500e+00,1.332109212875366211e+00,-1.667852103710174561e-01
2.270274758338928223e-01,-1.194619774818420410e+00,-2.867958068847656250e+00,1.762380480766296387e+00,-2.211966514587402344e+00
2.243833065032958984e+00,-1.204442501068115234e+00,2.648456811904907227e+00,-1.825510740280151367e+00,-6.412618160247802734e-01
2.898683786392211914e+00,-2.264268398284912109e+00,1.529825210571289062e+00,-1.226485967636108398e+00,-1.269266843795776367e+00
2.849778890609741211e+00,-2.193722963333129883e+00,-2.149708747863769531e+00,-1.274460196495056152e+00,-1.029726505279541016e+00
1.868166923522949219e+00,-2.866137623786926270e-01,-2.848434925079345703e+00,-2.519027709960937500e+00,-2.548637390136718750e+00
1.359341382980346680e+00,-1.588056564331054688e+00,-2.498263359069824219e+00,1.466529011726379395e+00,-8.318548798561096191e-01
2.124332904815673828e+00,-1.181245923042297363e+00,-1.894304037094116211e+00,1.498455762863159180e+00,-1.594248890876770020e+00
2.464667797088623047e+00,-1.158161759376525879e-01,2.369952201843261719e+00,1.960928797721862793e+00,-1.890636324882507324e+00
1.486021041870117188e+00,-1.701356768608093262e+00,-2.478336811065673828e+00,8.683816194534301758e-01,-4.516196250915527344e-01
2.923472642898559570e+00,-7.740916013717651367e-01,-2.080982923507690430e+00,1.574132680892944336e+00,-3.080725967884063721e-01
8.745214343070983887e-01,-9.812119603157043457e-01,2.904895782470703125e+00,1.536889791488647461e+00,-2.286848545074462891e+00
1.639527082443237305e-01,-2.366684198379516602e+00,2.577496051788330078e+00,-1.381608486175537109e+00,1.406165838241577148e+00
2.806688308715820312e+00,-2.147949695587158203e+00,2.081429958343505859e+00,-1.942922353744506836e+00,5.181555747985839844e-01
2.324074745178222656e+00,-2.193933248519897461e+00,-2.682730674743652344e+00,1.471103906631469727e+00,-7.895604372024536133e-01
2.757897138595581055e+00,-1.774177074432373047e+00,-2.170597791671752930e+00,-1.358892917633056641e+00,-1.412555694580078125e+00
1.953785061836242676e+00,-1.406066179275512695e+00,-2.634452342987060547e+00,-1.173444032669067383e+00,-1.776289224624633789e+00
1.930991649627685547e+00,-8.301342278718948364e-02,2.028978109359741211e+00,2.068629741668701172e+00,-2.239702224731445312e+00
2.081265926361083984e+00,-2.036617755889892578e+00,2.480438709259033203e+00,2.151496171951293945e+00,-7.443687915802001953e-01
1.211450099945068359e+00,-1.714414596557617188e+00,-2.529213905334472656e+00,1.200072526931762695e+00,2.603636980056762695e-01
2.838671207427978516e+00,1.501127928495407104e-01,2.395406246185302734e+00,2.854180097579956055e+00,-2.150432109832763672e+00
2.380503177642822266e+00,-1.234754920005798340e+00,2.360148668289184570e+00,-1.300633549690246582e+00,-4.489969015121459961e-01
1.693299055099487305e+00,-1.178777337074279785e+00,-2.915014028549194336e+00,-1.285664200782775879e+00,3.353182077407836914e-01
2.687136173248291016e+00,-2.882386922836303711e+00,-2.016495704650878906e+00,1.411803960800170898e+00,2.866637110710144043e-01
1.218291044235229492e+00,-1.674995779991149902e+00,-2.532289028167724609e+00,-9.576564431190490723e-01,1.170577108860015869e-01
2.279990673065185547e+00,-1.244544029235839844e+00,2.496518135070800781e+00,-1.696197271347045898e+00,-2.699128866195678711e+00
2.017433643341064453e+00,4.161375761032104492e-01,2.990116119384765625e+00,2.418709993362426758e+00,-1.294031858444213867e+00
1.435829281806945801e+00,-1.149786949157714844e+00,-2.366582870483398438e+00,1.515328884124755859e+00,-1.438249945640563965e+00
2.530387639999389648e+00,-1.384606838226318359e+00,2.549929141998291016e+00,-2.170516490936279297e+00,-8.819273114204406738e-01
2.216623783111572266e+00,-5.672723054885864258e-01,-2.410211086273193359e+00,1.795303821563720703e+00,-2.567841053009033203e+00
2.721039295196533203e+00,-1.367123603820800781e+00,2.593099355697631836e+00,-1.448618412017822266e+00,-1.101354837417602539e+00
2.228467464447021484e+00,-1.692034482955932617e+00,-2.805347681045532227e+00,2.093756914138793945e+00,-1.117788553237915039e+00
2.345221042633056641e+00,-4.805473387241363525e-01,1.937626481056213379e+00,1.772869825363159180e+00,-2.752481460571289062e+00
2.386036634445190430e+00,-2.787489414215087891e+00,2.908980369567871094e+00,-1.937349438667297363e+00,-1.773420929908752441e+00
1.984732270240783691e+00,-1.437451720237731934e+00,-2.514433622360229492e+00,-1.529400706291198730e+00,-2.322793245315551758e+00
1.929377913475036621e+00,-2.917486667633056641e+00,2.075752735137939453e+00,1.626451492309570312e+00,1.159860968589782715e+00
2.226300239562988281e+00,-1.705052971839904785e+00,2.362468004226684570e+00,1.513213157653808594e+00,-2.285227537155151367e+00
2.805685043334960938e+00,-1.131781458854675293e+00,-1.642695903778076172e+00,-1.333283305168151855e+00,-1.327893257141113281e+00
2.503449916839599609e+00,-1.689207792282104492e+00,-2.353307723999023438e+00,-1.075654864311218262e+00,-9.466920495033264160e-01
1.909042716026306152e+00,-8.920083045959472656e-01,2.411082267761230469e+00,-2.242964029312133789e+00,-1.211638331413269043e+00
1.428054213523864746e+00,-6.420221924781799316e-01,2.452398538589477539e+00,-1.885192632675170898e+00,-1.004631042480468750e+00
1.676368951797485352e+00,-5.583167076110839844e-01,2.215071916580200195e+00,2.026011705398559570e+00,-1.875346422195434570e+00
1.143191933631896973e+00,-1.039107799530029297e+00,2.457192659378051758e+00,1.358049750328063965e+00,-9.207303524017333984e-01
1.868005990982055664e+00,-1.243525266647338867e+00,1.922047734260559082e+00,1.071262836456298828e+00,-1.170691847801208496e-01
2.325758695602416992e+00,-1.501635074615478516e+00,2.193979263305664062e+00,-1.773013830184936523e+00,-2.001329183578491211e+00
1.804286360740661621e+00,-1.276641249656677246e+00,-2.646003484725952148e+00,-1.936564803123474121e+00,-2.675343751907348633e-01
9.435076713562011719e-01,-2.894732713699340820e+00,-2.329819917678833008e+00,-1.610037565231323242e+00,2.934799790382385254e-01
2.585098028182983398e+00,-6.861988306045532227e-01,2.742139577865600586e+00,1.711198329925537109e+00,-2.049567222595214844e+00
1.948150634765625000e+00,-1.195999383926391602e+00,2.372838497161865234e+00,1.945697903633117676e+00,-2.566270589828491211e+00
1.631786108016967773e+00,-3.519992232322692871e-01,2.555932998657226562e+00,-1.682411909103393555e+00,-6.959249973297119141e-01
2.034397363662719727e+00,-2.888902664184570312e+00,-2.201699256896972656e+00,-1.719327211380004883e+00,-1.229766368865966797e+00
2.818117618560791016e+00,5.667851567268371582e-01,-2.792743682861328125e+00,2.004163503646850586e+00,-4.872028231620788574e-01
1.708089351654052734e+00,-1.524238586425781250e+00,2.017226696014404297e+00,-1.462495207786560059e+00,-2.214269638061523438e+00
2.452373504638671875e+00,-2.315403223037719727e+00,2.921928167343139648e+00,1.839909434318542480e+00,-1.975496411323547363e+00
2.393230438232421875e+00,-2.720256090164184570e+00,-2.634849786758422852e+00,1.467968106269836426e+00,-9.871897101402282715e-01
2.190732479095458984e+00,-1.376078367233276367e+00,2.908753633499145508e+00,-2.105122089385986328e+00,-1.322768926620483398e+00
2.525905370712280273e+00,-9.581580758094787598e-01,2.163740158081054688e+00,-1.642161726951599121e+00,-2.201216936111450195e+00
1.887071728706359863e+00,-1.972201228141784668e+00,2.793547391891479492e+00,2.119965791702270508e+00,-5.024846792221069336e-01
2.023621320724487305e+00,-1.618022441864013672e+00,-1.988122105598449707e+00,-1.110257387161254883e+00,-7.839253544807434082e-01
2.721632957458496094e+00,-9.828239679336547852e-01,-2.391376018524169922e+00,2.112876653671264648e+00,-1.173782348632812500e+00
1.941907644271850586e+00,-5.887238979339599609e-01,-2.794824361801147461e+00,2.135420799255371094e+00,-1.237945795059204102e+00
2.875240564346313477e+00,-1.742857694625854492e+00,-1.477471351623535156e+00,-9.573709368705749512e-01,-1.301603555679321289e+00
2.591798543930053711e+00,-1.500336766242980957e+00,2.153641223907470703e+00,-9.074541330337524414e-01,-7.552069425582885742e-01
2.889981031417846680e+00,-2.778778791427612305e+00,-1.781949639320373535e+00,-1.793521523475646973e+00,-1.331682085990905762e+00
2.396005392074584961e+00,-4.474303722381591797e-01,2.027619123458862305e+00,2.359889030456542969e+00,-2.370764732360839844e+00
1.015961647033691406e+00,-1.537543654441833496e+00,-2.853891372680664062e+00,-1.847751140594482422e+00,-1.523798584938049316e+00
1.854004621505737305e+00,-1.279126405715942383e+00,2.374821186065673828e+00,-1.560551524162292480e+00,-2.432546854019165039e+00
2.067156076431274414e+00,-1.851321339607238770e+00,-2.105704545974731445e+00,-1.430132627487182617e+00,-1.299066185951232910e+00
1.714907646179199219e+00,-1.282749414443969727e+00,2.566645622253417969e+00,-2.180388689041137695e+00,-2.699348449707031250e+00
2.314382314682006836e+00,-1.737923860549926758e+00,2.396100282669067383e+00,-1.949864149093627930e+00,-5.434468388557434082e-01
1.885849237442016602e+00,-7.933278679847717285e-01,-2.315282583236694336e+00,-1.757587075233459473e+00,-2.226923704147338867e+00
2.495178461074829102e+00,-2.071039438247680664e+00,2.649642467498779297e+00,2.292861938476562500e+00,-5.332859754562377930e-01
1.965829014778137207e+00,-1.236157655715942383e+00,2.310041904449462891e+00,1.254342794418334961e+00,-1.012240409851074219e+00
4.557340145111083984e-01,-1.889536380767822266e+00,-2.098590850830078125e+00,-1.085873842239379883e+00,-4.200952947139739990e-01
2.354354619979858398e+00,2.478908300399780273e-01,2.237419128417968750e+00,-2.316609621047973633e+00,-2.056180477142333984e+00
2.272956848144531250e+00,-1.531107664108276367e+00,2.332066535949707031e+00,2.342856407165527344e+00,-2.628907203674316406e+00
2.392113447189331055e+00,-1.180841207504272461e+00,-2.220705509185791016e+00,1.802403450012207031e+00,-3.839084506034851074e-02
2.236474990844726562e+00,-9.805070757865905762e-01,-1.885494351387023926e+00,-1.809566736221313477e+00,4.702312052249908447e-01
8.370468616485595703e-01,-1.118990659713745117e+00,2.630498409271240234e+00,1.861492037773132324e+00,-1.874363064765930176e+00
1.698639512062072754e+00,-4.917961359024047852e-01,-2.552310466766357422e+00,1.971442937850952148e+00,-1.430187821388244629e+00
2.287126541137695312e+00,-2.064046859741210938e+00,2.544399738311767578e+00,1.765056014060974121e+00,4.317444264888763428e-01
2.882506608963012695e+00,-6.208432316780090332e-01,2.300992250442504883e+00,2.806946754455566406e+00,-6.907884478569030762e-01
2.604144573211669922e+00,-2.808466911315917969e+00,2.138695001602172852e+00,1.886697649955749512e+00,3.560493886470794678e-02
4.459961056709289551e-01,5.133789777755737305e-01,2.419095277786254883e+00,1.857604026794433594e+00,-1.636597156524658203e+00
1.428228735923767090e+00,-1.538474798202514648e+00,-2.146419763565063477e+00,1.718140959739685059e+00,-1.046671628952026367e+00
-1.166103959083557129e+00,-2.432709693908691406e+00,-2.400503158569335938e+00,-9.416307210922241211e-01,3.933309018611907959e-02
1.472154855728149414e+00,-1.541043281555175781e+00,-1.880703330039978027e+00,1.400231838226318359e+00,-6.220839023590087891e-01
1.489673137664794922e+00,-2.201956510543823242e+00,1.727808594703674316e+00,1.035793662071228027e+00,3.105373680591583252e-01
8.656236529350280762e-01,-5.839495658874511719e-01,-2.633104562759399414e+00,-1.768761992454528809e+00,-2.199942588806152344e+00
2.711577653884887695e+00,-1.174591541290283203e+00,1.647853136062622070e+00,-1.845786690711975098e+00,4.718483388423919678e-01
5.624040961265563965e-01,-2.118244171142578125e+00,2.859157800674438477e+00,1.782150864601135254e+00,7.558058500289916992e-01
1.806750059127807617e+00,-1.268625617027282715e+00,-2.711004495620727539e+00,1.507515668869018555e+00,-1.803454160690307617e+00
2.217347145080566406e+00,4.273891448974609375e-01,1.740841627120971680e+00,-1.594391465187072754e+00,-9.847707748413085938e-01
2.319931507110595703e+00,-2.534142136573791504e-01,-2.591459035873413086e+00,1.348158121109008789e+00,-1.653987526893615723e+00
8.833300471305847168e-01,-2.961362302303314209e-01,2.955373048782348633e+00,1.780332684516906738e+00,-2.485210657119750977e+00
2.071754932403564453e+00,-1.996518731117248535e+00,-2.055012702941894531e+00,1.171283006668090820e+00,-1.494561553001403809e+00
2.657787084579467773e+00,-4.033083915710449219e-01,1.690225124359130859e+00,-1.367173671722412109e+00,-1.586877584457397461e+00
2.795640707015991211e+00,-1.699742794036865234e+00,-2.320356369018554688e+00,-1.892312049865722656e+00,-2.754303693771362305e+00
1.626792311668395996e+00,-2.842278957366943359e+00,2.462930679321289062e+00,1.780392169952392578e+00,-9.041168093681335449e-01
2.549528598785400391e+00,-1.433284401893615723e+00,-2.732591629028320312e+00,-2.025409936904907227e+00,-2.591561794281005859e+00
7.969257235527038574e-01,-1.569503545761108398e+00,2.440779924392700195e+00,-2.104269981384277344e+00,-2.695227622985839844e+00
1.700722455978393555e+00,-1.994515776634216309e+00,2.171466112136840820e+00,1.355841517448425293e+00,-1.094529151916503906e+00
2.223743438720703125e+00,-1.336250066757202148e+00,2.183711051940917969e+00,-1.487350821495056152e+00,-2.510079145431518555e+00
1.677788496017456055e+00,-2.418475151062011719e+00,1.930822849273681641e+00,1.265481233596801758e+00,-1.198501348495483398e+00
1.865960955619812012e+00,-1.377990841865539551e+00,2.354063987731933594e+00,-1.381143689155578613e+00,-2.028828382492065430e+00
2.342020273208618164e+00,-1.509962081909179688e+00,-2.211002826690673828e+00,2.156105995178222656e+00,-1.222392559051513672e+00
2.888053655624389648e+00,-8.937304019927978516e-01,-2.009892463684082031e+00,-2.058336496353149414e+00,-1.825674533843994141e+00
1.849185585975646973e+00,-7.769294381141662598e-01,-1.940567255020141602e+00,-1.496930599212646484e+00,-2.151303529739379883e+00
2.151495933532714844e+00,-1.503634214401245117e+00,2.311823606491088867e+00,1.117024064064025879e+00,-1.163843870162963867e+00
4.416349530220031738e-01,-9.629338383674621582e-01,-2.769020557403564453e+00,1.839587330818176270e+00,-2.548173904418945312e+00
1.731977224349975586e+00,-2.548929214477539062e+00,-2.241840124130249023e+00,-1.120329737663269043e+00,5.191093683242797852e-02
1.891654491424560547e+00,-7.006508111953735352e-01,2.373505115509033203e+00,2.423877000808715820e+00,-1.595339894294738770e+00
2.012566804885864258e+00,-1.876459598541259766e+00,1.992221593856811523e+00,-1.734927296638488770e+00,-9.135905653238296509e-02
1.211589574813842773e+00,-6.684961915016174316e-01,-2.261331081390380859e+00,1.638656497001647949e+00,-1.499168872833251953e+00
2.080380201339721680e+00,-2.444519042968750000e+00,1.823264122009277344e+00,-1.098246812820434570e+00,6.594252586364746094e-01
1.468731880187988281e+00,-1.854045629501342773e+00,2.359102487564086914e+00,-2.014138221740722656e+00,-8.177248835563659668e-01
2.677503585815429688e+00,-2.323701381683349609e+00,-2.580535888671875000e+00,-2.071776628494262695e+00,-1.117255091667175293e+00
2.870931148529052734e+00,-1.704296112060546875e+00,-2.308543205261230469e+00,-1.548566102981567383e+00,-1.356673240661621094e+00
2.576547622680664062e+00,-2.357785701751708984e-01,2.454491853713989258e+00,2.255206823348999023e+00,-1.599372744560241699e+00
1.750961780548095703e+00,-2.348376989364624023e+00,-2.634183406829833984e+00,-1.945084452629089355e+00,-1.479483127593994141e+00
2.955759763717651367e-01,-1.869397163391113281e+00,-2.829306364059448242e+00,-1.787827730178833008e+00,-5.734742283821105957e-01
2.161067247390747070e+00,-8.760713934898376465e-01,-2.062174081802368164e+00,1.742079615592956543e+00,-2.467948675155639648e+00
1.427898287773132324e+00,-1.948148727416992188e+00,1.776741623878479004e+00,1.123379588127136230e+00,-1.778006553649902344e-02
2.312395572662353516e+00,5.257416516542434692e-02,2.333971977233886719e+00,-2.784234285354614258e+00,-1.622119784355163574e+00
2.359564781188964844e+00,-2.622593879699707031e+00,-2.479139089584350586e+00,2.113879203796386719e+00,2.805547714233398438e-01
2.342350006103515625e+00,-5.757386684417724609e-01,-2.519914627075195312e+00,-2.350870370864868164e+00,-2.400112628936767578e+00
2.039056062698364258e+00,-2.486636638641357422e+00,-1.704954981803894043e+00,-1.245550990104675293e+00,-4.510309994220733643e-01
1.257266759872436523e+00,-8.449662327766418457e-01,2.261388778686523438e+00,1.888439774513244629e+00,-2.449976205825805664e+00
2.400156259536743164e+00,-1.118483662605285645e+00,-1.884384632110595703e+00,-2.093952655792236328e+00,-4.615741074085235596e-01
2.813462734222412109e+00,-1.781727075576782227e+00,-2.454775094985961914e+00,2.619636297225952148e+00,-2.520140886306762695e+00
1.979333281517028809e+00,-1.514456510543823242e+00,-2.673181533813476562e+00,-2.241380453109741211e+00,-1.873153686523437500e+00
2.693082809448242188e+00,-9.031187295913696289e-01,-2.933974266052246094e+00,-2.093466043472290039e+00,-1.556165695190429688e+00
1.189437866210937500e+00,-2.133441686630249023e+00,2.363583803176879883e+00,1.799528360366821289e+00,-4.362549781799316406e-01
2.823236465454101562e+00,2.965533137321472168e-01,-1.610798478126525879e+00,2.184073925018310547e+00,-1.973768711090087891e+00
2.174229383468627930e+00,-1.184759497642517090e+00,2.128646373748779297e+00,-1.481721162796020508e+00,-1.655052185058593750e+00
2.321531057357788086e+00,-1.022108435630798340e+00,2.155051231384277344e+00,1.995172023773193359e+00,-6.263700723648071289e-01
2.867419242858886719e+00,-8.928354382514953613e-01,2.855095386505126953e+00,1.480965495109558105e+00,-4.035922288894653320e-01
2.674002408981323242e+00,-9.130359292030334473e-01,1.399458408355712891e+00,-1.363629937171936035e+00,-1.928979754447937012e+00
1.251550436019897461e+00,-1.272303462028503418e+00,-2.217433929443359375e+00,1.854344606399536133e+00,-1.188077688217163086e+00
1.797979593276977539e+00,-4.109321832656860352e-01,2.678206682205200195e+00,-1.939661145210266113e+00,-3.633560538291931152e-01
2.883939981460571289e+00,-1.926425218582153320e+00,-2.160583972930908203e+00,-2.555540561676025391e+00,-7.829632759094238281e-01
-3.886996805667877197e-01,-2.534761905670166016e+00,2.811760902404785156e+00,-1.216983318328857422e+00,9.651084542274475098e-01
1.841759324073791504e+00,-1.198412775993347168e+00,-2.013525485992431641e+00,1.393351435661315918e+00,-2.492291688919067383e+00
2.370552062988281250e+00,-1.102296829223632812e+00,-1.959856033325195312e+00,-1.360027074813842773e+00,-3.096765279769897461e-01
2.591433525085449219e+00,-1.545585393905639648e+00,2.606446981430053711e+00,1.672816634178161621e+00,-2.697091579437255859e+00
-5.183005332946777344e-02,-4.959082007408142090e-01,-2.709187746047973633e+00,-1.797745466232299805e+00,-2.149962425231933594e+00
2.655912876129150391e+00,-1.027338624000549316e+00,-1.833254814147949219e+00,-1.526203870773315430e+00,-1.800510406494140625e+00
2.009539365768432617e+00,-2.771709442138671875e+00,-2.301645517349243164e+00,2.004069805145263672e+00,-3.392789959907531738e-01
2.241746902465820312e+00,-1.791940808296203613e+00,-1.704790830612182617e+00,-1.575067281723022461e+00,9.639111757278442383e-01
1.188790082931518555e+00,-2.549777746200561523e+00,2.816477775573730469e+00,-2.250771045684814453e+00,8.513745069503784180e-01
1.726594924926757812e+00,-1.396772027015686035e+00,2.833586215972900391e+00,-2.231179714202880859e+00,-1.492369413375854492e+00
2.298207759857177734e+00,-2.467057704925537109e+00,2.137444019317626953e+00,1.985005497932434082e+00,-1.445716321468353271e-01
2.642099142074584961e+00,-1.267795205116271973e+00,-2.732513189315795898e+00,2.008188486099243164e+00,-3.980374634265899658e-01
2.425032854080200195e+00,-1.079141020774841309e+00,2.390704154968261719e+00,1.329450011253356934e+00,-4.985058903694152832e-01
3.423961699008941650e-01,-2.222453594207763672e+00,2.634623050689697266e+00,-1.343977689743041992e+00,1.043615341186523438e+00
1.737170100212097168e+00,-1.184575781226158142e-01,-2.402295827865600586e+00,2.341144561767578125e+00,-2.616106033325195312e+00
1.537446737289428711e+00,-9.070049524307250977e-01,2.450946807861328125e+00,-1.956213712692260742e+00,-2.537718534469604492e+00
1.757356882095336914e+00,-4.992136359214782715e-01,-2.472256422042846680e+00,1.865950226783752441e+00,-2.416879892349243164e+00
1.744164824485778809e+00,-7.595199346542358398e-01,-2.635561704635620117e+00,1.342956185340881348e+00,-2.591182589530944824e-01
1.091516375541687012e+00,-2.293799877166748047e+00,-1.793949007987976074e+00,-1.082262277603149414e+00,-4.109018743038177490e-01
1.695604085922241211e+00,1.252859085798263550e-01,2.996893882751464844e+00,-2.264816045761108398e+00,-1.086372971534729004e+00
2.598498344421386719e+00,-4.159326851367950439e-01,-2.292000055313110352e+00,-2.099725961685180664e+00,-2.357348442077636719e+00
2.626167535781860352e+00,-6.073127985000610352e-01,-2.641115665435791016e+00,-2.161066532135009766e+00,-1.224415183067321777e+00
2.209186315536499023e+00,-2.334955453872680664e+00,-1.929039835929870605e+00,-1.613798141479492188e+00,-1.064696788787841797e+00
2.072838068008422852e+00,-1.668263077735900879e+00,-2.207172870635986328e+00,1.395104527473449707e+00,-5.295262932777404785e-01
1.257182598114013672e+00,1.019204497337341309e+00,-2.650113821029663086e+00,-2.893604040145874023e+00,-2.357999801635742188e+00
4.728056788444519043e-01,-2.099364757537841797e+00,-2.565312385559082031e+00,-1.770000696182250977e+00,6.609596610069274902e-01
2.398412704467773438e+00,-1.289088010787963867e+00,-2.332132577896118164e+00,-2.009023904800415039e+00,-2.007838964462280273e+00
1.833693027496337891e+00,-1.092670559883117676e+00,-2.090197801589965820e+00,-1.694267034530639648e+00,-1.786460041999816895e+00
1.711311221122741699e+00,-7.483938932418823242e-01,-2.444862365722656250e+00,2.138031482696533203e+00,-2.000841140747070312e+00
8.234632015228271484e-01,-1.450488567352294922e+00,2.884122371673583984e+00,-1.922453641891479492e+00,-2.397331237792968750e+00
2.807915925979614258e+00,-2.345365285873413086e+00,1.458279728889465332e+00,1.286071896553039551e+00,-5.673543736338615417e-02
2.148892641067504883e+00,-2.516748666763305664e+00,1.867282986640930176e+00,-1.235888600349426270e+00,-1.696299165487289429e-01
2.797040939331054688e+00,-2.094555139541625977e+00,1.387174129486083984e+00,1.146671175956726074e+00,-1.477548480033874512e+00
2.138551473617553711e+00,-2.662716388702392578e+00,2.716169357299804688e+00,2.017574787139892578e+00,-1.859381675720214844e+00
1.451708436012268066e+00,-1.841104030609130859e+00,1.978243708610534668e+00,1.520245909690856934e+00,-4.650927782058715820e-01
1.243390440940856934e+00,-1.119611620903015137e+00,-2.246898889541625977e+00,-1.784101009368896484e+00,-1.861813664436340332e+00
2.927908182144165039e+00,-2.058836460113525391e+00,-1.577959775924682617e+00,1.268960475921630859e+00,-1.375845313072204590e+00
2.985397100448608398e+00,3.486860692501068115e-01,2.886564493179321289e+00,2.633057355880737305e+00,-9.944372177124023438e-01
2.756662607192993164e+00,-2.136385917663574219e+00,-1.234370231628417969e+00,-8.341488242149353027e-01,-9.472463130950927734e-01
1.942414283752441406e+00,-6.217198967933654785e-01,2.469786882400512695e+00,-1.654578566551208496e+00,-1.877673983573913574e+00
2.289034843444824219e+00,1.624754369258880615e-01,2.630079746246337891e+00,2.153092861175537109e+00,-8.529131412506103516e-01
2.452687263488769531e+00,5.634604096412658691e-01,2.357147693634033203e+00,-2.190363645553588867e+00,-2.531995534896850586e+00
2.766792535781860352e+00,-2.591629981994628906e+00,1.544999718666076660e+00,1.528961300849914551e+00,-1.726014852523803711e+00
2.035771608352661133e+00,-1.583474159240722656e+00,-2.825291872024536133e+00,1.788744807243347168e+00,-2.679494380950927734e+00
1.499902009963989258e+00,-2.482242345809936523e+00,-2.614296674728393555e+00,2.144582271575927734e+00,-2.207621097564697266e+00
2.694661617279052734e+00,-1.741729617118835449e+00,2.190428495407104492e+00,2.490808010101318359e+00,1.709291785955429077e-01
2.295607328414916992e+00,-3.760281801223754883e-01,-2.565940141677856445e+00,-2.034612178802490234e+00,-1.167317390441894531e+00
2.283693313598632812e+00,1.000204324722290039e+00,2.775103092193603516e+00,2.983291864395141602e+00,-1.607701539993286133e+00
2.697607755661010742e+00,3.749313652515411377e-01,-2.439593076705932617e+00,-2.757641792297363281e+00,-2.304614305496215820e+00
2.286827325820922852e+00,2.418019473552703857e-01,-2.067319393157958984e+00,2.095300912857055664e+00,-1.358595848083496094e+00
2.180212020874023438e+00,-1.453222393989562988e+00,1.707200050354003906e+00,1.195981979370117188e+00,-7.622778415679931641e-01
9.655365347862243652e-01,-1.984804272651672363e+00,2.862680912017822266e+00,-1.382407069206237793e+00,-3.319246768951416016e-01
2.808234930038452148e+00,4.466819763183593750e-01,-2.324119329452514648e+00,2.653167009353637695e+00,-2.053089857101440430e+00
2.472564697265625000e+00,-1.369590520858764648e+00,2.385379552841186523e+00,1.327173471450805664e+00,-5.760473012924194336e-01
2.791616201400756836e+00,3.544391989707946777e-01,-1.546087503433227539e+00,1.861981153488159180e+00,-1.967213869094848633e+00
2.740940332412719727e+00,2.736575305461883545e-01,-2.404618024826049805e+00,-2.538406848907470703e+00,-1.746346235275268555e+00
2.370730876922607422e+00,-1.343222498893737793e+00,-1.954627394676208496e+00,1.330937385559082031e+00,-2.313914537429809570e+00
1.720480203628540039e+00,-1.078979730606079102e+00,-1.943920135498046875e+00,1.104801416397094727e+00,-1.873711109161376953e+00
2.046244859695434570e+00,-1.294856071472167969e+00,2.247915983200073242e+00,2.199546575546264648e+00,-1.080923438072204590e+00
2.938003301620483398e+00,-1.223228573799133301e+00,1.844989418983459473e+00,1.202081441879272461e+00,-9.302343130111694336e-01
2.496903419494628906e+00,1.003358244895935059e+00,-2.443114280700683594e+00,-2.907400369644165039e+00,-2.483623743057250977e+00
2.629193782806396484e+00,-2.026968002319335938e-01,-1.987868547439575195e+00,-1.308735728263854980e+00,-8.461734056472778320e-01
2.272703647613525391e+00,-7.120865583419799805e-02,-2.156757116317749023e+00,-2.382488250732421875e+00,-1.625363707542419434e+00
2.603451013565063477e+00,-1.453604936599731445e+00,-1.662994503974914551e+00,-1.128032207489013672e+00,-1.425652503967285156e+00
1.855489611625671387e+00,-1.280233383178710938e+00,2.374507188796997070e+00,1.157689809799194336e+00,-1.438437581062316895e+00
1.500684022903442383e+00,-1.285710692405700684e+00,-2.957711935043334961e+00,-1.651078939437866211e+00,-1.507344007492065430e+00
1.170016527175903320e+00,-2.245276927947998047e+00,2.276802062988281250e+00,1.925998806953430176e+00,1.912073969841003418e+00
2.586501121520996094e+00,-1.567004680633544922e+00,-2.065889120101928711e+00,1.690727233886718750e+00,-2.701584815979003906e+00
2.793662309646606445e+00,-1.149681448936462402e+00,1.984277248382568359e+00,-2.576792001724243164e+00,-3.598569035530090332e-01
2.588516235351562500e+00,-1.594747424125671387e+00,2.578529357910156250e+00,-1.265725255012512207e+00,1.441799521446228027e+00
1.663474678993225098e+00,9.528883099555969238e-01,2.965784788131713867e+00,-2.963181018829345703e+00,-1.239999890327453613e+00
2.766212224960327148e+00,-6.823961138725280762e-01,1.996647119522094727e+00,-1.988735795021057129e+00,-2.095004081726074219e+00
1.547202348709106445e+00,-1.812068462371826172e+00,-2.378785133361816406e+00,-2.165018081665039062e+00,6.415870040655136108e-02
2.200177192687988281e+00,-2.136888980865478516e+00,2.231836318969726562e+00,-1.757790088653564453e+00,1.184114217758178711e+00
2.714970111846923828e+00,7.122894525527954102e-01,1.737153887748718262e+00,-2.018527507781982422e+00,-2.002521991729736328e+00
2.797033786773681641e+00,-2.120888471603393555e+00,-1.311806201934814453e+00,1.379784345626831055e+00,-1.003478392958641052e-01
2.992546319961547852e+00,-5.862244963645935059e-01,1.487540245056152344e+00,-1.332027554512023926e+00,-9.109078645706176758e-01
1.589701533317565918e+00,-1.768294692039489746e+00,2.132939815521240234e+00,-1.587217807769775391e+00,1.698578447103500366e-01
1.610197544097900391e+00,-1.320418238639831543e+00,2.528814315795898438e+00,-1.274469137191772461e+00,-1.526709198951721191e+00
1.821750402450561523e+00,7.262907028198242188e-01,2.146416664123535156e+00,-2.207317113876342773e+00,-2.770890712738037109e+00
2.560651302337646484e+00,-2.337529182434082031e+00,-2.035070657730102539e+00,-2.210652828216552734e+00,1.327678680419921875e+00
-7.175384461879730225e-02,-1.946683883666992188e+00,-2.584458112716674805e+00,9.614943861961364746e-01,9.807528555393218994e-02
1.658672571182250977e+00,-5.882060527801513672e-01,-2.552162647247314453e+00,1.921186447143554688e+00,-2.326303720474243164e+00
1.730414271354675293e+00,-8.935003280639648438e-01,1.784085631370544434e+00,-1.430816888809204102e+00,-7.962860465049743652e-01
1.452078342437744141e+00,4.149320721626281738e-02,-2.392468452453613281e+00,1.991981267929077148e+00,-9.349461197853088379e-01
1.676431894302368164e+00,-1.001604273915290833e-01,-2.073286771774291992e+00,2.249737262725830078e+00,-2.715208768844604492e+00
2.377569198608398438e+00,5.819913148880004883e-01,2.137975215911865234e+00,1.737103104591369629e+00,-6.384344696998596191e-01
1.309976339340209961e+00,-9.847882390022277832e-02,-2.760204553604125977e+00,-1.902401447296142578e+00,-1.321641802787780762e+00
1.327743411064147949e+00,3.937912285327911377e-01,2.135337829589843750e+00,-1.766032934188842773e+00,-1.660752654075622559e+00
1.403577566146850586e+00,7.781687974929809570e-01,2.557926893234252930e+00,-2.317496776580810547e+00,-1.232582569122314453e+00
4.060093164443969727e-01,-5.466810464859008789e-01,-2.618408918380737305e+00,-1.747179150581359863e+00,-2.569077968597412109e+00
2.119265317916870117e+00,7.284777760505676270e-01,2.934406518936157227e+00,-2.077960252761840820e+00,-2.878021597862243652e-01
1.602226972579956055e+00,1.091470360755920410e+00,2.724123716354370117e+00,-2.719920158386230469e+00,-2.024671554565429688e+00
2.193286418914794922e+00,-1.011279582977294922e+00,2.177082061767578125e+00,1.663269639015197754e+00,-2.907728433609008789e+00
2.039085149765014648e+00,-8.120919466018676758e-01,-1.969243526458740234e+00,-1.529050230979919434e+00,-2.373412132263183594e+00
2.594506740570068359e+00,-3.214309811592102051e-01,2.480491876602172852e+00,2.199661254882812500e+00,-1.892064452171325684e+00
2.598072052001953125e+00,1.458794236183166504e+00,2.087061882019042969e+00,-2.572214841842651367e+00,-1.713956475257873535e+00
1.383451938629150391e+00,-1.441557407379150391e+00,2.129592657089233398e+00,-1.256107807159423828e+00,-8.003671765327453613e-01
2.478632450103759766e+00,1.174252480268478394e-01,1.859657168388366699e+00,1.805188298225402832e+00,-1.030233144760131836e+00
1.320010423660278320e+00,-2.331191062927246094e+00,2.021177291870117188e+00,1.553306102752685547e+00,-2.629655227065086365e-02
2.141726732254028320e+00,3.846592009067535400e-01,2.387985229492187500e+00,2.502219200134277344e+00,-1.740634322166442871e+00
2.603467464447021484e+00,-1.649940133094787598e+00,-2.045011043548583984e+00,9.271302819252014160e-01,4.992142319679260254e-01
2.137307882308959961e+00,-8.771657943725585938e-01,-2.556203603744506836e+00,2.323864221572875977e+00,-2.011569023132324219e+00
2.924372434616088867e+00,-6.767759919166564941e-01,-1.260912418365478516e+00,-1.166760563850402832e+00,-1.524808526039123535e+00
-4.886209964752197266e-02,-2.339598178863525391e+00,-2.982010841369628906e+00,-1.746829509735107422e+00,-1.596093893051147461e+00
2.442094087600708008e+00,2.294194698333740234e-01,-1.829389333724975586e+00,1.888141393661499023e+00,-2.723432540893554688e+00
1.120003938674926758e+00,2.040649801492691040e-01,2.911518573760986328e+00,2.215101718902587891e+00,-1.149403214454650879e+00
1.805330038070678711e+00,-1.512387275695800781e+00,-2.523624658584594727e+00,1.688855171203613281e+00,3.595824837684631348e-01
-2.377264946699142456e-01,-5.045334696769714355e-01,2.960342884063720703e+00,-2.047923564910888672e+00,-1.288511037826538086e+00
2.533346652984619141e+00,-1.378710269927978516e-01,-1.784980177879333496e+00,-1.727800011634826660e+00,-2.353512287139892578e+00
4.992070198059082031e-01,-1.787909507751464844e+00,2.074203491210937500e+00,1.262169122695922852e+00,-7.550040483474731445e-01
1.939988732337951660e+00,-1.600436568260192871e-01,-2.961982011795043945e+00,2.501310586929321289e+00,-5.174450278282165527e-01
2.398491621017456055e+00,-7.759452462196350098e-01,2.535163879394531250e+00,-2.860368013381958008e+00,-1.126590967178344727e+00
1.002880334854125977e+00,-5.923709645867347717e-02,-2.590348482131958008e+00,2.001219034194946289e+00,-1.610110521316528320e+00
2.563790559768676758e+00,-1.000880956649780273e+00,1.458584308624267578e+00,-1.135184288024902344e+00,-2.335143327713012695e+00
6.160777807235717773e-01,-2.157071113586425781e+00,2.510126590728759766e+00,1.572355628013610840e+00,-1.235289454460144043e+00
2.482099771499633789e+00,-1.045579910278320312e+00,-1.755916833877563477e+00,1.107903838157653809e+00,-2.599167346954345703e+00
1.636191129684448242e+00,-7.456356287002563477e-02,-2.128399610519409180e+00,-1.778731822967529297e+00,-1.196976661682128906e+00
9.218349456787109375e-01,-2.880150079727172852e-01,2.632194757461547852e+00,-2.106043577194213867e+00,-2.895464420318603516e+00
1.131233572959899902e+00,-2.156805992126464844e+00,-2.719048738479614258e+00,2.043627738952636719e+00,-1.377162218093872070e+00
1.163004040718078613e+00,-2.395834922790527344e+00,2.304836034774780273e+00,-1.804631829261779785e+00,-2.233048528432846069e-01
2.375721693038940430e+00,-2.764417171478271484e+00,1.862824082374572754e+00,-1.744708657264709473e+00,-5.094995722174644470e-02
1.669575452804565430e+00,-1.139559000730514526e-01,2.110120534896850586e+00,1.865324974060058594e+00,-2.795628547668457031e+00
1.922774076461791992e+00,-1.062721848487854004e+00,1.976366400718688965e+00,-1.750450730323791504e+00,-1.921865463256835938e+00
2.404961347579956055e+00,-6.016743779182434082e-01,2.068254470825195312e+00,1.414930820465087891e+00,-2.427052736282348633e+00
2.359739065170288086e+00,-1.101132296025753021e-02,1.994251251220703125e+00,2.250020027160644531e+00,-1.748712778091430664e+00
3.931035399436950684e-01,-1.897682905197143555e+00,2.225596666336059570e+00,1.190191149711608887e+00,-1.176851987838745117e-02
2.398222208023071289e+00,1.203357815742492676e+00,2.068662643432617188e+00,2.829865455627441406e+00,-2.692182064056396484e+00
1.921950697898864746e+00,-6.509397029876708984e-01,2.057722806930541992e+00,-1.552396535873413086e+00,-4.329587221145629883e-01
2.538774013519287109e+00,1.108273983001708984e+00,-2.093734741210937500e+00,-1.392471551895141602e+00,-3.003590404987335205e-01
3.186011075973510742e+00,-6.847915053367614746e-02,-1.741858959197998047e+00,-1.931002020835876465e+00,-1.895559906959533691e+00
3.400306224822998047e+00,-1.196971178054809570e+00,-2.067913293838500977e+00,1.893600583076477051e+00,-2.345477104187011719e+00
3.128745555877685547e+00,-2.140226602554321289e+00,-2.022713661193847656e+00,1.171218514442443848e+00,-1.895134150981903076e-02
1.278875589370727539e+00,-2.991234779357910156e+00,-3.106626033782958984e+00,-1.708659410476684570e+00,-2.600466012954711914e-01
3.560822010040283203e+00,9.371175765991210938e-01,1.646071910858154297e+00,2.683609247207641602e+00,-1.625908613204956055e+00
1.004899978637695312e+00,-2.335165500640869141e+00,-3.067184448242187500e+00,-1.130254268646240234e+00,5.468113422393798828e-01
2.825578451156616211e+00,-1.206308484077453613e+00,3.126903772354125977e+00,-2.185335397720336914e+00,3.814458101987838745e-02
1.849639534950256348e+00,9.738469123840332031e-01,2.883173704147338867e+00,2.769513130187988281e+00,-3.084990739822387695e+00
3.788998603820800781e+00,-1.551192522048950195e+00,1.273792386054992676e+00,1.365972280502319336e+00,-1.712290644645690918e+00
3.125828504562377930e+00,-1.357763409614562988e+00,1.377470850944519043e+00,1.497362017631530762e+00,6.900113821029663086e-01
-8.985319137573242188e-01,-3.114234447479248047e+00,-2.878175258636474609e+00,-1.428064823150634766e+00,5.589324235916137695e-01
3.038756370544433594e+00,-1.204740405082702637e+00,2.543677806854248047e+00,1.741937398910522461e+00,4.833691120147705078e-01
4.357447624206542969e-01,-1.710685968399047852e+00,3.001621961593627930e+00,-1.255910634994506836e+00,-9.962512254714965820e-01
3.162320375442504883e+00,-1.269862294197082520e+00,1.590510845184326172e+00,-1.566367745399475098e+00,-1.658133864402770996e+00
-4.995759427547454834e-01,-3.161375284194946289e+00,2.503432512283325195e+00,1.825158238410949707e+00,1.254809856414794922e+00
1.027241945266723633e+00,-2.155860424041748047e+00,-3.221671819686889648e+00,-2.199677944183349609e+00,-1.100601315498352051e+00
3.381433486938476562e+00,-1.333989024162292480e+00,-1.786870241165161133e+00,-2.403118610382080078e+00,-2.693556785583496094e+00
3.021405935287475586e+00,-1.209284782409667969e+00,-2.205690860748291016e+00,1.425531029701232910e+00,-1.744244575500488281e+00
1.275434732437133789e+00,-2.105295896530151367e+00,-3.385160446166992188e+00,-1.822236657142639160e+00,-1.386697173118591309e+00
3.254959106445312500e+00,-1.513956189155578613e+00,2.120169162750244141e+00,-1.755166411399841309e+00,-2.149770259857177734e+00
3.763579368591308594e+00,-1.436411142349243164e+00,-1.544320464134216309e+00,1.182648301124572754e+00,-2.054225206375122070e+00
3.319104671478271484e+00,-1.604140996932983398e+00,1.568072080612182617e+00,1.106047272682189941e+00,-3.048185825347900391e+00
1.440883040428161621e+00,-5.133224725723266602e-01,3.239293098449707031e+00,2.396331310272216797e+00,-3.556415557861328125e+00
3.229449033737182617e+00,-1.761570692062377930e+00,-1.818739652633666992e+00,-1.141695737838745117e+00,-9.040826559066772461e-01
3.084069728851318359e+00,-1.287541389465332031e+00,2.814792394638061523e+00,-2.845059156417846680e+00,8.853262662887573242e-01
1.677871465682983398e+00,-2.121160477399826050e-01,3.071958303451538086e+00,-2.510546445846557617e+00,-1.264149188995361328e+00
-2.041357755661010742e-02,-1.436380386352539062e+00,3.193308115005493164e+00,-1.992288470268249512e+00,-2.068638324737548828e+00
3.498932361602783203e+00,-1.370859861373901367e+00,1.308614015579223633e+00,1.009395241737365723e+00,-2.498892068862915039e+00
3.325284719467163086e+00,-2.762432575225830078e+00,-1.908761978149414062e+00,2.165302038192749023e+00,-1.787271201610565186e-01
7.810588479042053223e-01,-8.568561077117919922e-01,-3.199588775634765625e+00,1.579979419708251953e+00,-1.466594815254211426e+00
3.158065795898437500e+00,-4.156911373138427734e-02,-2.032946109771728516e+00,-2.135222911834716797e+00,-2.477554798126220703e+00
1.370723843574523926e+00,-3.053240776062011719e+00,2.066235303878784180e+00,1.239323973655700684e+00,-6.082570552825927734e-02
3.742660760879516602e+00,3.220881223678588867e-01,1.278207063674926758e+00,1.856636881828308105e+00,-5.941163897514343262e-01
3.145496845245361328e+00,-1.872876167297363281e+00,2.697384595870971680e+00,1.342933654785156250e+00,9.494950771331787109e-01
3.226040840148925781e+00,7.734791636466979980e-01,1.865882396697998047e+00,-2.571570158004760742e+00,-1.637903571128845215e+00
3.126630306243896484e+00,5.945546030998229980e-01,2.427477121353149414e+00,-1.941028594970703125e+00,-8.607521057128906250e-01
2.082594633102416992e+00,-1.178870558738708496e+00,-2.102180004119873047e+00,-1.561473369598388672e+00,-3.004517793655395508e+00
3.087003946304321289e+00,-2.614978551864624023e+00,-2.581424713134765625e+00,1.931561827659606934e+00,-1.696633934974670410e+00
1.791819691658020020e+00,-6.464343070983886719e-01,-2.624758005142211914e+00,-1.953544974327087402e+00,-3.393513917922973633e+00
8.783071041107177734e-01,-8.814532756805419922e-01,3.012882947921752930e+00,2.083346366882324219e+00,-2.741243124008178711e+00
1.611424446105957031e+00,-1.606227159500122070e+00,-3.166429519653320312e+00,1.299439430236816406e+00,2.585754990577697754e-01
2.174158334732055664e+00,6.178338527679443359e-01,2.460224866867065430e+00,-2.657831907272338867e+00,-3.294379234313964844e+00
3.699926614761352539e+00,-1.210735321044921875e+00,1.863821506500244141e+00,1.183515787124633789e+00,-1.361537575721740723e+00
1.778679847717285156e+00,-8.696906566619873047e-01,-2.896273612976074219e+00,-3.269681930541992188e+00,-2.562346935272216797e+00
2.046644449234008789e+00,-1.432080864906311035e+00,2.430976152420043945e+00,1.093373537063598633e+00,-8.631971478462219238e-01
2.385541200637817383e+00,-1.438740849494934082e+00,-2.419494867324829102e+00,-1.393487572669982910e+00,-9.858994483947753906e-01
1.999252557754516602e+00,-1.515801429748535156e+00,-1.919335484504699707e+00,-7.428463697433471680e-01,-1.705694794654846191e-01
2.812420129776000977e+00,-1.527005076408386230e+00,-1.529232978820800781e+00,-9.842699170112609863e-01,-7.056951522827148438e-01
1.614010334014892578e+00,-1.529799580574035645e+00,2.536629438400268555e+00,-1.220990419387817383e+00,-1.411989688873291016e+00
2.310021638870239258e+00,-1.017169713973999023e+00,2.688392162322998047e+00,1.252486944198608398e+00,-1.971372246742248535e+00
1.606150269508361816e+00,-1.407849788665771484e+00,-1.635092258453369141e+00,-9.119211435317993164e-01,-8.346803188323974609e-01
2.216798305511474609e+00,-1.311054706573486328e+00,2.121461629867553711e+00,1.219340085983276367e+00,-1.212909817695617676e+00
1.450771808624267578e+00,-1.114590644836425781e+00,2.860527992248535156e+00,1.179635167121887207e+00,-1.716460943222045898e+00
2.336157798767089844e+00,1.347734332084655762e-01,2.208637952804565430e+00,2.625985383987426758e+00,-2.279634714126586914e+00
1.169461727142333984e+00,-1.405356526374816895e+00,-2.082823753356933594e+00,1.032253265380859375e+00,4.431660175323486328e-01
2.087887287139892578e+00,-7.202405929565429688e-01,2.405898571014404297e+00,2.089610338211059570e+00,-2.259958744049072266e+00
1.623114228248596191e+00,-6.712055206298828125e-01,-2.216837406158447266e+00,1.384717345237731934e+00,-2.283542633056640625e+00
2.265702247619628906e+00,-2.367901325225830078e+00,2.385276317596435547e+00,1.582305073738098145e+00,2.363240420818328857e-01
2.811321735382080078e+00,-1.001126170158386230e+00,-1.204570889472961426e+00,-8.611701130867004395e-01,-1.833945035934448242e+00
1.567044734954833984e+00,-2.303340673446655273e+00,-2.004524946212768555e+00,1.657278895378112793e+00,1.510102987289428711e+00
2.168485164642333984e+00,-2.213382124900817871e-01,-1.748719215393066406e+00,-1.971560597419738770e+00,-1.468818545341491699e+00
2.503403663635253906e+00,-1.087298631668090820e+00,-2.486846446990966797e+00,-1.760439157485961914e+00,-9.224749803543090820e-01
2.627962112426757812e+00,-7.638448476791381836e-01,1.801280498504638672e+00,-1.806408643722534180e+00,-1.896581292152404785e+00
1.885619878768920898e+00,-2.224950313568115234e+00,2.765604019165039062e+00,-2.442839384078979492e+00,1.823009729385375977e+00
2.713878750801086426e-01,-8.724337220191955566e-01,-2.677513599395751953e+00,1.030526399612426758e+00,-6.547046899795532227e-01
1.783565759658813477e+00,-1.436213135719299316e+00,1.817657351493835449e+00,-1.206195116043090820e+00,1.332096606492996216e-01
2.225970268249511719e+00,-9.649885296821594238e-01,2.091286420822143555e+00,-1.275871396064758301e+00,-2.137122869491577148e+00
2.909502267837524414e+00,-3.739069104194641113e-01,1.442632198333740234e+00,-2.729530811309814453e+00,-2.308056831359863281e+00
2.552398204803466797e+00,-9.939234852790832520e-01,-1.680346488952636719e+00,2.034721851348876953e+00,-2.923263788223266602e+00
1.439903140068054199e+00,-4.422486722469329834e-01,2.725696086883544922e+00,-1.604410171508789062e+00,-6.212793588638305664e-01
2.325705766677856445e+00,-1.620685219764709473e+00,2.193009853363037109e+00,-1.583672761917114258e+00,1.576597809791564941e+00
2.621166706085205078e+00,-1.444604635238647461e+00,2.503522396087646484e+00,-1.664751768112182617e+00,-1.719133108854293823e-01
1.667670965194702148e+00,-9.895684719085693359e-01,-1.860197782516479492e+00,-1.203993320465087891e+00,-1.229373574256896973e+00
2.195019721984863281e+00,-9.184687733650207520e-01,-2.312062025070190430e+00,-1.538751244544982910e+00,-2.191091299057006836e+00
2.652971982955932617e+00,-1.177970051765441895e+00,1.858771681785583496e+00,2.294250965118408203e+00,1.401283621788024902e+00
2.758766412734985352e+00,-7.972778081893920898e-01,1.489342808723449707e+00,1.845038652420043945e+00,2.405472993850708008e-01
2.205890655517578125e+00,-1.091831207275390625e+00,-2.089946269989013672e+00,-9.111084938049316406e-01,-2.482040524482727051e-01
1.552134394645690918e+00,-9.965547919273376465e-01,-1.993915081024169922e+00,-1.296912193298339844e+00,-1.606948733329772949e+00
1.845782995223999023e+00,-1.290477871894836426e+00,2.697960376739501953e+00,8.917617797851562500e-01,-7.192745208740234375e-01
2.730550765991210938e+00,-1.082542181015014648e+00,2.008619308471679688e+00,1.197581291198730469e+00,1.303175330162048340e+00
2.690483570098876953e+00,-1.787119269371032715e+00,-2.250425100326538086e+00,-2.495801448822021484e+00,-1.222100853919982910e+00
1.729086637496948242e+00,-1.651537060737609863e+00,2.422852039337158203e+00,1.039307951927185059e+00,5.934104323387145996e-01
2.515399456024169922e+00,-1.130837440490722656e+00,1.895546197891235352e+00,1.635627746582031250e+00,-9.639188647270202637e-01
2.271036148071289062e+00,-5.219892263412475586e-01,-2.127246856689453125e+00,2.233999967575073242e+00,-2.858805894851684570e+00
2.034371137619018555e+00,-5.153577327728271484e-01,-2.915177106857299805e+00,2.419746637344360352e+00,-1.497374415397644043e+00
2.528592824935913086e+00,-1.211072444915771484e+00,-1.244208574295043945e+00,-1.068540573120117188e+00,-1.351940631866455078e+00
2.013328790664672852e+00,-1.196364521980285645e+00,2.897979021072387695e+00,9.296937584877014160e-01,1.002646327018737793e+00
1.469266176223754883e+00,-3.249953985214233398e-01,2.294471740722656250e+00,1.927645444869995117e+00,-2.687124013900756836e+00
1.915127038955688477e+00,-8.797497749328613281e-01,2.084585428237915039e+00,-1.441749095916748047e+00,-2.053118944168090820e+00
2.775670766830444336e+00,-9.131702184677124023e-01,-1.237879276275634766e+00,1.131340265274047852e+00,1.260944008827209473e-01
2.176680803298950195e+00,-1.251590847969055176e+00,-2.200608253479003906e+00,-1.404457688331604004e+00,1.359359741210937500e+00
1.539328455924987793e+00,-1.500428438186645508e+00,-2.186512947082519531e+00,1.631159543991088867e+00,1.353427648544311523e+00
2.619426965713500977e+00,-8.217198252677917480e-01,-1.798731803894042969e+00,-2.024143934249877930e+00,-1.102326512336730957e+00
1.784397840499877930e+00,-1.176244139671325684e+00,2.932778835296630859e+00,1.655259966850280762e+00,8.552120327949523926e-01
2.294550657272338867e+00,-1.301782131195068359e+00,2.413126707077026367e+00,-1.530861616134643555e+00,-4.564812779426574707e-02
2.479382991790771484e+00,-4.483827948570251465e-01,2.270294189453125000e+00,1.996365904808044434e+00,-2.398219823837280273e+00
1.006807923316955566e+00,-1.923416376113891602e+00,2.662223339080810547e+00,1.543858408927917480e+00,-1.218588471412658691e+00
2.907274246215820312e+00,-1.259493827819824219e-01,1.239268541336059570e+00,-2.151685714721679688e+00,-2.068607568740844727e+00
2.992569208145141602e+00,-1.204134464263916016e+00,1.647502303123474121e+00,8.510072827339172363e-01,-5.300379395484924316e-01
2.978473663330078125e+00,-1.889146089553833008e+00,-1.929640293121337891e+00,-1.735252380371093750e+00,-1.795897960662841797e+00
2.704068660736083984e+00,3.345532417297363281e-01,-2.320915460586547852e+00,-2.489982128143310547e+00,-2.455192089080810547e+00
2.395996570587158203e+00,-9.725710153579711914e-01,2.502330303192138672e+00,-9.491561055183410645e-01,-1.362672805786132812e+00
2.654462337493896484e+00,-1.023652315139770508e+00,-2.418090820312500000e+00,-2.618310928344726562e+00,1.351340770721435547e+00
2.565098047256469727e+00,-6.536125540733337402e-01,2.673202037811279297e+00,-2.213692665100097656e+00,-2.519520998001098633e+00
1.018512964248657227e+00,-1.225156664848327637e+00,2.468038558959960938e+00,-8.950889110565185547e-01,-4.037493467330932617e-01
2.963446617126464844e+00,-7.661651372909545898e-01,1.092154026031494141e+00,1.471432447433471680e+00,-1.555951595306396484e+00
1.464162349700927734e+00,-1.544551610946655273e+00,2.193701744079589844e+00,1.099095463752746582e+00,7.389665842056274414e-01
2.518376350402832031e+00,-1.143187165260314941e+00,2.136487245559692383e+00,1.899021744728088379e+00,1.458019018173217773e+00
2.229981660842895508e+00,-7.993599772453308105e-01,1.553894996643066406e+00,1.220302224159240723e+00,-9.738816022872924805e-01
1.590619564056396484e+00,-1.148698568344116211e+00,-2.570889234542846680e+00,1.672372460365295410e+00,1.369921684265136719e+00
1.960479021072387695e+00,-2.009016036987304688e+00,2.617826461791992188e+00,1.211263060569763184e+00,-1.172301769256591797e+00
2.229978561401367188e+00,-2.020883560180664062e+00,2.621309518814086914e+00,1.177974104881286621e+00,-1.338477134704589844e+00
1.965805292129516602e+00,-7.201149463653564453e-01,-1.838028192520141602e+00,-1.514015674591064453e+00,-2.988905191421508789e+00
2.836287021636962891e+00,-1.175937891006469727e+00,-1.945904970169067383e+00,1.384150505065917969e+00,-1.176774144172668457e+00
2.797856330871582031e+00,-1.187769055366516113e+00,-2.086953639984130859e+00,1.259276747703552246e+00,1.179510235786437988e+00
2.170926094055175781e+00,1.853120028972625732e-01,-2.165028572082519531e+00,-2.894931077957153320e+00,-2.875058174133300781e+00
2.348496913909912109e+00,-8.982949256896972656e-01,-2.141166925430297852e+00,-2.618746757507324219e+00,5.873990058898925781e-02
1.499333381652832031e+00,-1.601170659065246582e+00,-2.437717199325561523e+00,1.870667338371276855e+00,2.818332910537719727e-01
2.150641202926635742e+00,-2.342783451080322266e+00,2.589271545410156250e+00,1.175625562667846680e+00,3.914436697959899902e-01
2.195276975631713867e+00,-1.192349791526794434e+00,-2.487177371978759766e+00,1.210683584213256836e+00,8.141264319419860840e-01
1.880017518997192383e+00,-7.343209385871887207e-01,-2.180795192718505859e+00,-1.259021520614624023e+00,1.732814610004425049e-01
2.956295013427734375e+00,3.142425417900085449e-02,-1.367352008819580078e+00,-2.124436616897583008e+00,-2.356730461120605469e+00
1.558252811431884766e+00,-4.583972692489624023e-01,2.281447410583496094e+00,1.249264478683471680e+00,-1.363214254379272461e-01
2.654811382293701172e+00,-1.264855980873107910e+00,-1.230264902114868164e+00,7.812063694000244141e-01,-1.176825881004333496e+00
1.160573363304138184e+00,-1.426109313964843750e+00,2.289194583892822266e+00,1.102760910987854004e+00,4.269227385520935059e-01
1.105313539505004883e+00,-9.074580669403076172e-01,2.211534976959228516e+00,-1.051187157630920410e+00,-1.601484179496765137e+00
2.806526899337768555e+00,-4.163965880870819092e-01,-1.356161594390869141e+00,1.782811999320983887e+00,-1.519713282585144043e+00
2.147239208221435547e+00,-1.889420151710510254e-01,-2.414677858352661133e+00,-1.853884696960449219e+00,-2.157515287399291992e+00
2.429959535598754883e+00,-3.100551068782806396e-01,-2.095128774642944336e+00,2.277346849441528320e+00,-2.479037046432495117e+00
2.278923749923706055e+00,-7.358348965644836426e-01,-1.809545516967773438e+00,-1.666965126991271973e+00,-1.499316573143005371e+00
2.851135492324829102e+00,5.065529346466064453e-01,-1.684466958045959473e+00,-2.848079681396484375e+00,-1.208467960357666016e+00
1.690627455711364746e+00,-9.585074782371520996e-01,-2.304069280624389648e+00,-1.431244015693664551e+00,-5.913531780242919922e-01
7.363799214363098145e-02,-1.535348534584045410e+00,2.531015396118164062e+00,-9.179911613464355469e-01,-1.382878422737121582e-02
1.767609000205993652e+00,-1.521330475807189941e+00,-1.658227682113647461e+00,8.857689499855041504e-01,3.946890234947204590e-01
2.446606159210205078e+00,-1.459015130996704102e+00,-1.210040688514709473e+00,7.809916734695434570e-01,1.873981952667236328e-02
2.898643493652343750e+00,-3.240565955638885498e-01,1.745115876197814941e+00,-2.756415367126464844e+00,-2.537997007369995117e+00
2.323815584182739258e+00,-1.933321952819824219e+00,-2.218333005905151367e+00,1.267938137054443359e+00,-3.832246065139770508e-01
2.864731073379516602e+00,-1.333612322807312012e+00,-2.021712303161621094e+00,-1.504022955894470215e+00,8.324655294418334961e-01
1.886188507080078125e+00,-1.992308259010314941e+00,-2.189481973648071289e+00,1.036382555961608887e+00,-7.744011282920837402e-01
2.933232784271240234e+00,-5.125387310981750488e-01,1.808440446853637695e+00,2.059316396713256836e+00,-2.147805690765380859e+00
2.292153358459472656e+00,-1.230787754058837891e+00,-2.701323270797729492e+00,2.020890712738037109e+00,-2.840149879455566406e+00
2.090756893157958984e+00,-1.417625546455383301e+00,-1.260498046875000000e+00,-8.880087137222290039e-01,2.409424185752868652e-01
1.249013900756835938e+00,-6.553391218185424805e-01,-2.931623458862304688e+00,8.359087705612182617e-01,1.011183261871337891e-01
2.144320249557495117e+00,-1.418470501899719238e+00,-2.092545270919799805e+00,1.511074304580688477e+00,1.057302951812744141e+00
2.850845098495483398e+00,-1.763280630111694336e+00,2.818470239639282227e+00,-1.572668790817260742e+00,-1.418558239936828613e+00
2.922003984451293945e+00,-2.140181064605712891e-01,-1.431781291961669922e+00,-1.066254377365112305e+00,-1.159074068069458008e+00
2.397291660308837891e+00,-1.878072977066040039e+00,2.317945003509521484e+00,-1.775346755981445312e+00,1.124172329902648926e+00
1.339244604110717773e+00,-2.238914012908935547e+00,-1.900541663169860840e+00,1.217711925506591797e+00,5.461027622222900391e-01
1.475413680076599121e+00,-1.024935722351074219e+00,-2.771672010421752930e+00,1.089777469635009766e+00,-5.346596240997314453e-01
2.868153810501098633e+00,-5.767353773117065430e-01,1.020752191543579102e+00,-1.414724230766296387e+00,-1.641136050224304199e+00
4.648141860961914062e-01,-1.212915182113647461e+00,-2.982154130935668945e+00,9.141061305999755859e-01,8.293856382369995117e-01
1.462803244590759277e+00,-1.770621538162231445e+00,2.027618646621704102e+00,-1.585336804389953613e+00,1.342549204826354980e+00
1.559848427772521973e+00,-2.088937282562255859e+00,-2.992343187332153320e+00,-2.253052234649658203e+00,8.834728598594665527e-01
2.077086687088012695e+00,-9.219407439231872559e-01,-2.666226863861083984e+00,-2.127171754837036133e+00,-2.475016832351684570e+00
1.517079114913940430e+00,-1.970066189765930176e+00,-2.655990123748779297e+00,-1.206096529960632324e+00,-5.535652637481689453e-01
1.317813396453857422e+00,-1.287910938262939453e+00,-2.633182525634765625e+00,1.335541725158691406e+00,-1.131745815277099609e+00
2.034489393234252930e+00,-8.313420414924621582e-01,-2.607546091079711914e+00,1.897106885910034180e+00,-1.781517267227172852e-01
2.917749881744384766e+00,-1.270377159118652344e+00,8.339949846267700195e-01,7.801768183708190918e-01,-1.259415745735168457e+00
2.279028177261352539e+00,-2.202394485473632812e+00,1.835516214370727539e+00,1.205196380615234375e+00,-6.832993030548095703e-01
1.726484537124633789e+00,-1.788249611854553223e+00,-2.633859157562255859e+00,-1.289837002754211426e+00,-1.439027667045593262e+00
2.471277236938476562e+00,-8.710160851478576660e-01,-1.957739472389221191e+00,1.257634758949279785e+00,8.659037351608276367e-01
2.095411300659179688e+00,-1.638359189033508301e+00,-1.813378810882568359e+00,-1.546988368034362793e+00,3.256689310073852539e-01
1.865325212478637695e+00,-2.229150533676147461e+00,-2.375132560729980469e+00,-1.298229694366455078e+00,1.798009276390075684e-01
2.348806619644165039e+00,-1.368594646453857422e+00,-1.122882604598999023e+00,6.850611567497253418e-01,-1.168415307998657227e+00
2.628348112106323242e+00,-4.527306258678436279e-01,2.073098182678222656e+00,2.228979587554931641e+00,-2.874491214752197266e-01
2.563176870346069336e+00,-9.136294126510620117e-01,-1.906084299087524414e+00,1.834054231643676758e+00,-1.620268940925598145e+00
3.597126007080078125e-01,-4.593503475189208984e-02,2.998749256134033203e+00,-1.948236703872680664e+00,-1.762085914611816406e+00
1.403895497322082520e+00,-9.499849081039428711e-01,2.650385141372680664e+00,1.658341288566589355e+00,-1.063557863235473633e+00
2.382145404815673828e+00,-1.105543613433837891e+00,1.617377161979675293e+00,-1.071974992752075195e+00,-1.672787785530090332e+00
1.827229499816894531e+00,-1.447514176368713379e+00,2.675645828247070312e+00,-1.234644651412963867e+00,-5.210378170013427734e-01
2.225323677062988281e+00,-8.144880533218383789e-01,2.120174407958984375e+00,-1.747649431228637695e+00,-2.366808414459228516e+00
1.150842189788818359e+00,-2.141404151916503906e+00,-2.364013195037841797e+00,-1.997950434684753418e+00,-1.265259981155395508e+00
2.605505228042602539e+00,-1.302275657653808594e+00,-1.829474091529846191e+00,-1.554395198822021484e+00,1.127937793731689453e+00
3.931574523448944092e-01,-1.581833481788635254e+00,-2.342494249343872070e+00,1.239146471023559570e+00,7.413156032562255859e-01
2.898815631866455078e+00,-7.388883233070373535e-01,9.745884537696838379e-01,-1.595526218414306641e+00,-1.670698761940002441e+00
2.452657222747802734e+00,-1.237535595893859863e+00,-1.355259060859680176e+00,-7.683602571487426758e-01,-1.379198789596557617e+00
1.797781944274902344e+00,-1.914782822132110596e-02,-2.949697256088256836e+00,-2.231770515441894531e+00,-1.703024387359619141e+00
2.826243400573730469e+00,-1.344217211008071899e-01,2.307007074356079102e+00,2.569931507110595703e+00,-4.679770767688751221e-01
1.322157859802246094e+00,-1.114433884620666504e+00,-2.965282917022705078e+00,1.540776014328002930e+00,1.140597105026245117e+00
2.998744964599609375e+00,-2.220855712890625000e+00,1.243922472000122070e+00,1.643659949302673340e+00,5.373584628105163574e-01
4.777719974517822266e-01,-1.125463247299194336e+00,-2.956079483032226562e+00,2.271203041076660156e+00,-1.266333103179931641e+00
2.495696067810058594e+00,-1.399331092834472656e+00,1.753496885299682617e+00,-1.450565814971923828e+00,-1.117329716682434082e+00
1.940956592559814453e+00,-1.161303997039794922e+00,2.038188934326171875e+00,1.139185667037963867e+00,-2.157314538955688477e+00
1.656777858734130859e+00,-8.668485879898071289e-01,-2.675517559051513672e+00,-2.113017797470092773e+00,-2.260168790817260742e+00
1.751132369041442871e+00,3.758447170257568359e-01,2.716598749160766602e+00,2.991019248962402344e+00,-1.961143016815185547e+00
2.319917201995849609e+00,-1.822196722030639648e+00,1.958257555961608887e+00,1.257357239723205566e+00,-1.322436928749084473e+00
2.944098711013793945e+00,-5.225616097450256348e-01,-1.577216029167175293e+00,-1.419711112976074219e+00,-2.361723423004150391e+00
2.695611715316772461e+00,-2.514252424240112305e+00,1.874106645584106445e+00,-2.122438907623291016e+00,4.691618978977203369e-01
2.773344516754150391e+00,-2.289312839508056641e+00,-2.470870494842529297e+00,-2.326580286026000977e+00,5.502175092697143555e-01
1.643021941184997559e+00,-8.363001942634582520e-01,1.649878025054931641e+00,1.259544014930725098e+00,-1.669233560562133789e+00
2.111290454864501953e+00,-9.536222219467163086e-01,1.939021944999694824e+00,1.126983880996704102e+00,-6.964343786239624023e-01
1.175726294517517090e+00,-1.123484373092651367e+00,-2.117025613784790039e+00,-7.884126901626586914e-01,-4.328066706657409668e-01
1.477424263954162598e+00,-1.578313350677490234e+00,2.073536396026611328e+00,-1.342421174049377441e+00,2.018195688724517822e-01
1.343963384628295898e+00,-1.036137819290161133e+00,-2.582567930221557617e+00,1.643823027610778809e+00,-6.838577985763549805e-01
1.602277636528015137e+00,-8.792423009872436523e-01,2.157901287078857422e+00,1.012808084487915039e+00,-1.596718668937683105e+00
2.326905965805053711e+00,-1.137886285781860352e+00,-1.408062458038330078e+00,1.088169217109680176e+00,-1.245305180549621582e+00
2.294096708297729492e+00,-8.396778702735900879e-01,-2.539046764373779297e+00,-1.062388181686401367e+00,-1.935309529304504395e+00
2.277061700820922852e+00,-1.492174148559570312e+00,2.035235166549682617e+00,1.493668198585510254e+00,1.644061684608459473e+00
1.219759464263916016e+00,-8.279976844787597656e-01,-2.816175699234008789e+00,2.467435359954833984e+00,-1.986995935440063477e+00
2.820197343826293945e+00,-8.707963228225708008e-01,-2.242434024810791016e+00,-1.963618278503417969e+00,1.427750229835510254e+00
2.444761991500854492e+00,6.678570061922073364e-03,-2.331171512603759766e+00,-2.654433965682983398e+00,-2.763965129852294922e+00
2.360613107681274414e+00,-3.003775179386138916e-01,-1.584891200065612793e+00,-1.421916604042053223e+00,-2.383151292800903320e+00
2.878983020782470703e+00,9.197971224784851074e-02,2.395951509475708008e+00,-1.682738780975341797e+00,-7.560430467128753662e-02
1.839105367660522461e+00,-1.437175273895263672e+00,-2.451204299926757812e+00,-2.138926506042480469e+00,1.229578614234924316e+00
2.300966024398803711e+00,-8.386916518211364746e-01,-1.856119990348815918e+00,1.416201233863830566e+00,-2.345288515090942383e+00
2.639664173126220703e+00,-1.832608699798583984e+00,-1.105497360229492188e+00,-9.040073156356811523e-01,2.268740236759185791e-01
2.231331348419189453e+00,-1.374252796173095703e+00,1.456847548484802246e+00,9.676791429519653320e-01,-1.453866958618164062e+00
2.895313501358032227e+00,-1.560112714767456055e+00,1.025333046913146973e+00,-1.039725422859191895e+00,4.451268315315246582e-01
2.767746686935424805e+00,-1.088072299957275391e+00,-1.557916283607482910e+00,2.542428016662597656e+00,1.547041893005371094e+00
6.493217349052429199e-01,-2.257729053497314453e+00,-2.640413999557495117e+00,-1.777703523635864258e+00,9.572238922119140625e-01
2.598358631134033203e+00,-6.539841890335083008e-01,-1.505062580108642578e+00,1.190452337265014648e+00,-2.679585456848144531e+00
1.905246734619140625e+00,-1.993079781532287598e+00,-2.656180143356323242e+00,-1.410746812820434570e+00,-5.338981151580810547e-01
1.684528112411499023e+00,-1.131445884704589844e+00,-2.891759157180786133e+00,-1.171996355056762695e+00,5.315768718719482422e-01
2.202312231063842773e+00,-7.044755816459655762e-01,1.656684041023254395e+00,-1.472801804542541504e+00,-1.490612864494323730e+00
2.817586183547973633e+00,-8.522080183029174805e-01,1.222004771232604980e+00,-1.795092821121215820e+00,-1.920869588851928711e+00
2.517948627471923828e+00,1.274470210075378418e+00,-2.303526163101196289e+00,-2.436983108520507812e+00,-2.331775724887847900e-01
2.976123571395874023e+00,-5.232659578323364258e-01,1.729773163795471191e+00,1.212458610534667969e+00,-2.358169555664062500e+00
1.265639543533325195e+00,-1.173775911331176758e+00,-2.673363447189331055e+00,-1.781619906425476074e+00,4.843243360519409180e-01
-4.128377139568328857e-01,-1.345768690109252930e+00,-2.919908761978149414e+00,-1.020325541496276855e+00,-5.791602134704589844e-01
2.612566709518432617e+00,9.166951179504394531e-01,-1.745030164718627930e+00,-2.587617635726928711e+00,-7.488415241241455078e-01
8.416315913200378418e-01,-1.444262027740478516e+00,2.098999500274658203e+00,1.095966815948486328e+00,-6.616077423095703125e-01
2.505479335784912109e+00,-4.406861960887908936e-02,2.069214582443237305e+00,-1.135876774787902832e+00,-3.192956745624542236e-01
1.984117627143859863e+00,-1.292928576469421387e+00,1.742139220237731934e+00,-1.498654007911682129e+00,6.975920796394348145e-01
2.368449211120605469e+00,-5.366777181625366211e-01,2.066955566406250000e+00,-1.199439883232116699e+00,-1.398030877113342285e+00
2.679408788681030273e+00,-5.723488926887512207e-01,2.061789989471435547e+00,-9.252696633338928223e-01,-2.022062689065933228e-01
1.548274397850036621e+00,-6.815473437309265137e-01,2.924370050430297852e+00,-1.315630555152893066e+00,-2.133071899414062500e+00
1.687128424644470215e+00,-6.926475465297698975e-02,2.597401142120361328e+00,1.269863009452819824e+00,-4.628894031047821045e-01
2.632101535797119141e+00,-1.657748341560363770e+00,2.224350214004516602e+00,-2.220552206039428711e+00,-2.498542785644531250e+00
2.706031799316406250e+00,6.713841557502746582e-01,-1.782720088958740234e+00,-2.257872819900512695e+00,-9.099739193916320801e-01
2.242403745651245117e+00,1.099807262420654297e+00,2.055060625076293945e+00,2.674909353256225586e+00,-1.455739259719848633e+00
2.833434820175170898e+00,-7.297897934913635254e-01,1.029291510581970215e+00,9.545410275459289551e-01,-1.983539223670959473e+00
1.760325908660888672e+00,-1.843016266822814941e+00,2.798988580703735352e+00,-2.580826282501220703e+00,1.260064840316772461e+00
2.863204956054687500e+00,-7.727307677268981934e-01,-1.394286394119262695e+00,1.095725417137145996e+00,6.157701611518859863e-01
7.500424385070800781e-01,-1.022049859166145325e-01,-2.968807697296142578e+00,1.810246944427490234e+00,-1.303644895553588867e+00
1.844361662864685059e+00,-7.346866726875305176e-01,-2.159716367721557617e+00,1.445475101470947266e+00,1.167477607727050781e+00
2.413605451583862305e+00,-8.056915998458862305e-01,2.092619895935058594e+00,2.108061313629150391e+00,-2.481859736144542694e-02
1.981525063514709473e+00,2.146251499652862549e-01,2.905241966247558594e+00,2.271250724792480469e+00,-1.838657498359680176e+00
2.401380777359008789e+00,-9.309083223342895508e-01,1.962131857872009277e+00,1.689628362655639648e+00,9.552888274192810059e-01
2.368225574493408203e+00,-4.372411370277404785e-01,2.597548484802246094e+00,-1.449630498886108398e+00,-1.397372603416442871e+00
2.412628889083862305e+00,-7.664712071418762207e-01,-1.466051459312438965e+00,-1.099334716796875000e+00,-2.892198562622070312e+00
2.158055782318115234e+00,-7.022398710250854492e-01,2.418007612228393555e+00,-1.699579238891601562e+00,-1.728905677795410156e+00
2.815073490142822266e+00,1.750461161136627197e-01,-1.350704073905944824e+00,-1.909632205963134766e+00,-2.888111352920532227e+00
2.262333393096923828e+00,-2.076638936996459961e+00,-2.238194465637207031e+00,1.757384300231933594e+00,-2.378681182861328125e+00
2.303062915802001953e+00,-1.037870883941650391e+00,-1.806107997894287109e+00,-2.175249814987182617e+00,2.059975266456604004e-02
2.634687900543212891e+00,-2.803469896316528320e-01,-2.033413410186767578e+00,1.329281568527221680e+00,-3.279606997966766357e-01
2.151614189147949219e+00,-1.075386524200439453e+00,-1.350678205490112305e+00,8.309316635131835938e-01,-3.783695101737976074e-01
2.807467460632324219e+00,-7.054569721221923828e-01,-1.061421990394592285e+00,9.487475156784057617e-01,-2.719188690185546875e+00
2.895709276199340820e+00,4.098286032676696777e-01,-1.202052950859069824e+00,-1.642082929611206055e+00,-9.549769759178161621e-01
2.782038211822509766e+00,1.071756124496459961e+00,-1.581548929214477539e+00,-2.602819204330444336e+00,-1.399071455001831055e+00
2.787510871887207031e+00,4.086154997348785400e-01,-2.255862951278686523e+00,-2.047421455383300781e+00,-1.939877867698669434e-02
7.703109383583068848e-01,-2.366342306137084961e+00,-2.562268733978271484e+00,-2.268812417984008789e+00,1.256380796432495117e+00
2.220009326934814453e+00,-1.121322989463806152e+00,-1.725002646446228027e+00,1.410181760787963867e+00,-2.641241788864135742e+00
2.129973411560058594e+00,-6.268652677536010742e-01,-2.376559734344482422e+00,-1.709255933761596680e+00,-2.227441072463989258e+00
1.725737810134887695e+00,-1.785234212875366211e+00,-2.199127435684204102e+00,1.893679738044738770e+00,1.968001484870910645e+00
2.254678010940551758e+00,-9.936134815216064453e-01,-1.533222675323486328e+00,-1.092366576194763184e+00,-1.085454821586608887e+00
1.280194401741027832e+00,-1.491179466247558594e+00,-2.454266786575317383e+00,-1.266504049301147461e+00,6.561032533645629883e-01
1.676686286926269531e+00,-2.073105573654174805e+00,-2.894732713699340820e+00,2.404094219207763672e+00,-5.614498257637023926e-01
1.507364749908447266e+00,-1.514192104339599609e+00,-2.043512105941772461e+00,9.634935855865478516e-01,3.748564720153808594e-01
1.309584379196166992e+00,-1.339260101318359375e+00,-2.102952241897583008e+00,-8.798844218254089355e-01,-6.150312423706054688e-01
1.676130175590515137e+00,-2.243129968643188477e+00,2.162337303161621094e+00,-1.923936963081359863e+00,1.580667853355407715e+00
2.646044492721557617e+00,-9.381586909294128418e-01,2.697874546051025391e+00,1.338997721672058105e+00,-3.350455760955810547e-01
2.520835638046264648e+00,-1.343547254800796509e-01,2.762844800949096680e+00,1.563074707984924316e+00,-3.261367380619049072e-01
2.646021604537963867e+00,6.363251805305480957e-01,1.479833960533142090e+00,-2.125073194503784180e+00,-1.068213820457458496e+00
2.868399381637573242e+00,-9.783062338829040527e-02,1.513070940971374512e+00,-2.476605892181396484e+00,-1.459588885307312012e+00
1.909382820129394531e+00,-3.306027352809906006e-01,-2.154614210128784180e+00,-1.667078375816345215e+00,-1.823941469192504883e+00
2.278025150299072266e+00,-1.191939115524291992e+00,-1.603682518005371094e+00,1.537903189659118652e+00,3.712496161460876465e-02
1.692555069923400879e+00,-1.373851895332336426e+00,1.714664340019226074e+00,8.709048032760620117e-01,-6.818422079086303711e-01
2.132307529449462891e+00,-1.966614365577697754e+00,-2.054069519042968750e+00,-1.201652884483337402e+00,-2.376959323883056641e-01
1.880688309669494629e+00,-1.596891641616821289e+00,-2.363559246063232422e+00,-2.358695983886718750e+00,-8.357854485511779785e-01
2.080438852310180664e+00,-1.334588646888732910e+00,2.053199768066406250e+00,1.393099546432495117e+00,-1.673889398574829102e+00
2.032608509063720703e+00,-1.529724836349487305e+00,-1.331258654594421387e+00,1.327376484870910645e+00,-1.708930253982543945e+00
2.824341773986816406e+00,-2.731653451919555664e-01,1.214164495468139648e+00,1.979202866554260254e+00,-2.007915258407592773e+00
-1.982389688491821289e-01,-1.657548308372497559e+00,2.729504346847534180e+00,-8.342016935348510742e-01,-4.874791204929351807e-02
2.789710283279418945e+00,6.425173878669738770e-01,-2.345467805862426758e+00,-2.587255954742431641e+00,-1.714143514633178711e+00
1.937689781188964844e+00,-8.934560418128967285e-01,1.873203039169311523e+00,-1.339694738388061523e+00,1.119848370552062988e+00
2.618406057357788086e+00,-1.832286953926086426e+00,1.427513718605041504e+00,1.630000710487365723e+00,-1.604068636894226074e+00
1.744155764579772949e+00,-1.393828153610229492e+00,2.025545358657836914e+00,2.161974906921386719e+00,6.242632269859313965e-01
2.745701074600219727e+00,-1.123844504356384277e+00,-8.937987089157104492e-01,-6.798846721649169922e-01,-5.061727166175842285e-01
2.118224859237670898e+00,-8.969514369964599609e-01,1.767077326774597168e+00,1.774593472480773926e+00,-1.837648034095764160e+00
2.941799640655517578e+00,-7.372089624404907227e-01,-1.064960718154907227e+00,1.027009129524230957e+00,-1.568238258361816406e+00
1.965738892555236816e+00,-1.051571726799011230e+00,2.436676740646362305e+00,-7.653992772102355957e-01,-4.454951286315917969e-01
2.414189577102661133e+00,-1.090634584426879883e+00,1.832813978195190430e+00,1.188329815864562988e+00,-2.505219936370849609e+00
2.484678983688354492e+00,2.698121666908264160e-01,-1.386911511421203613e+00,-1.902206063270568848e+00,-1.683918714523315430e+00
9.246809482574462891e-01,-1.359840393066406250e+00,2.445630550384521484e+00,-1.462592482566833496e+00,-2.053998947143554688e+00
2.733385086059570312e+00,-4.045554399490356445e-01,-1.824075102806091309e+00,-2.064473152160644531e+00,-2.447070837020874023e+00
2.615343332290649414e+00,3.651591241359710693e-01,1.849679946899414062e+00,-1.777962446212768555e+00,-2.309909105300903320e+00
1.550749540328979492e+00,-1.191512703895568848e+00,-1.679556727409362793e+00,9.735180735588073730e-01,-9.863269925117492676e-01
2.311567306518554688e+00,1.263964083045721054e-02,1.895961046218872070e+00,-1.695229411125183105e+00,-7.985619306564331055e-01
2.963500022888183594e+00,-1.963809877634048462e-01,-1.685821175575256348e+00,2.211021661758422852e+00,-1.426315307617187500e+00
2.745090961456298828e+00,-5.546594262123107910e-01,-1.586726307868957520e+00,1.808052301406860352e+00,-2.481946468353271484e+00
2.206152975559234619e-01,-2.023784399032592773e+00,2.723493337631225586e+00,1.837490558624267578e+00,1.933968782424926758e+00
1.046186685562133789e+00,-1.294934034347534180e+00,2.045734643936157227e+00,1.206591129302978516e+00,7.825465798377990723e-01
2.444524526596069336e+00,-6.947193145751953125e-01,1.580370783805847168e+00,-1.367828488349914551e+00,-2.217375278472900391e+00
9.184013009071350098e-01,-2.148905038833618164e+00,-2.383852005004882812e+00,-1.543226242065429688e+00,1.053991436958312988e+00
2.926685094833374023e+00,-2.563661336898803711e-01,-1.078712105751037598e+00,-1.332310795783996582e+00,-7.976180911064147949e-01
2.101910829544067383e+00,-4.439639449119567871e-01,-1.971423387527465820e+00,-1.497553348541259766e+00,-1.792442560195922852e+00
1.624981045722961426e+00,5.105384439229965210e-02,2.708451032638549805e+00,2.123059511184692383e+00,-1.397620081901550293e+00
2.355730056762695312e+00,-8.197212219238281250e-01,1.608239769935607910e+00,9.309909343719482422e-01,-2.234717607498168945e+00
2.193961620330810547e+00,8.382861018180847168e-01,-2.336800813674926758e+00,-2.406039476394653320e+00,-7.716875076293945312e-01
2.778667449951171875e+00,-1.470476686954498291e-01,-2.249271392822265625e+00,1.221082210540771484e+00,3.708280622959136963e-02
1.922372937202453613e+00,-4.962248206138610840e-01,2.106272220611572266e+00,2.105532407760620117e+00,-2.193483352661132812e+00
2.542129755020141602e+00,-6.154828071594238281e-01,1.581069588661193848e+00,-1.236645340919494629e+00,-1.394093990325927734e+00
2.841014385223388672e+00,-4.618415832519531250e-01,1.338021993637084961e+00,1.387220621109008789e+00,-2.072316169738769531e+00
2.718060255050659180e+00,-2.876523256301879883e+00,-2.731081247329711914e+00,2.057706117630004883e+00,-1.317136883735656738e+00
1.878169417381286621e+00,9.203484058380126953e-01,2.205646991729736328e+00,2.257902622222900391e+00,-8.004298210144042969e-01
2.022826194763183594e+00,-1.689959764480590820e+00,1.764791846275329590e+00,1.556483387947082520e+00,-9.676008671522140503e-02
-5.641387104988098145e-01,-1.955046057701110840e-01,2.693782567977905273e+00,-1.893302202224731445e+00,-2.905567169189453125e+00
2.137268066406250000e+00,-8.621099591255187988e-01,1.714532732963562012e+00,1.037531852722167969e+00,-2.405939817428588867e+00
1.822525620460510254e+00,1.235269546508789062e+00,1.979064822196960449e+00,-2.474591732025146484e+00,9.040542840957641602e-01
1.923833131790161133e+00,-1.501932144165039062e+00,1.975617527961730957e+00,-2.085515737533569336e+00,-1.522583007812500000e+00
1.939284563064575195e+00,-2.600165456533432007e-02,2.632494211196899414e+00,-2.266644477844238281e+00,-1.399577975273132324e+00
1.448115944862365723e+00,-8.926925063133239746e-02,2.487542390823364258e+00,1.599985718727111816e+00,-8.380687236785888672e-01
2.832043170928955078e+00,-2.374818086624145508e+00,1.189065575599670410e+00,1.353248476982116699e+00,-7.150890231132507324e-01
1.009291529655456543e+00,-3.896691799163818359e-01,-2.762055158615112305e+00,1.561085939407348633e+00,-2.589677095413208008e+00
1.854177594184875488e+00,-1.021876335144042969e+00,-2.066380500793457031e+00,-1.884141087532043457e+00,-9.966624379158020020e-01
8.814337849617004395e-01,-1.984256744384765625e+00,2.553154706954956055e+00,2.591068506240844727e+00,3.513543307781219482e-01
2.239822864532470703e+00,3.267016708850860596e-01,1.805342912673950195e+00,2.180812835693359375e+00,-2.477585315704345703e+00
1.778810501098632812e+00,-1.989572346210479736e-01,-2.007229566574096680e+00,-2.219308853149414062e+00,-2.732096672058105469e+00
1.659403204917907715e+00,-9.332060217857360840e-01,-2.344994306564331055e+00,2.406422138214111328e+00,-2.667194843292236328e+00
1.857275128364562988e+00,-2.065093755722045898e+00,1.535938143730163574e+00,-1.188845634460449219e+00,-2.244678884744644165e-01
1.530710697174072266e+00,-1.383277475833892822e-01,2.061942577362060547e+00,1.529335260391235352e+00,-1.977732181549072266e+00
2.229979991912841797e+00,-5.005472153425216675e-02,-1.551521778106689453e+00,-1.591138720512390137e+00,-1.692159414291381836e+00
1.487581372261047363e+00,2.517718672752380371e-01,2.367547750473022461e+00,-2.424121379852294922e+00,-2.046999216079711914e+00
1.359341979026794434e+00,-4.264806210994720459e-02,-3.115503549575805664e+00,-1.993839025497436523e+00,-6.988512277603149414e-01
3.365357637405395508e+00,-1.276076078414916992e+00,1.177786588668823242e+00,-1.422677278518676758e+00,-2.416270971298217773e+00
1.544437170028686523e+00,-4.405496716499328613e-01,3.146957635879516602e+00,1.727324604988098145e+00,-1.474056363105773926e+00
3.047132492065429688e+00,8.125466108322143555e-01,1.546826601028442383e+00,-2.430483341217041016e+00,-7.731189727783203125e-01
3.177761554718017578e+00,-8.840717077255249023e-01,-1.422049283981323242e+00,1.273755431175231934e+00,-1.259789228439331055e+00
2.434645652770996094e+00,-6.856448650360107422e-01,-3.107601881027221680e+00,-1.398080229759216309e+00,-1.492674946784973145e+00
1.765196681022644043e+00,-5.883057713508605957e-01,3.258674860000610352e+00,1.027829170227050781e+00,-1.518718302249908447e-01
3.223554611206054688e+00,-1.414439082145690918e+00,-1.290844798088073730e+00,-9.557994008064270020e-01,-1.748140156269073486e-01
2.294228553771972656e+00,-9.124161005020141602e-01,3.764759302139282227e+00,1.768869280815124512e+00,-1.141627073287963867e+00
3.207510948181152344e+00,-1.272822260856628418e+00,1.052302002906799316e+00,-9.967459440231323242e-01,-1.070068359375000000e+00
3.017204523086547852e+00,-1.049140691757202148e+00,-2.704108238220214844e+00,1.150812864303588867e+00,-2.137594938278198242e+00
3.031694412231445312e+00,-2.029406785964965820e+00,1.011235594749450684e+00,8.859553337097167969e-01,-6.562206149101257324e-01
3.113958358764648438e+00,-7.360036373138427734e-01,7.812823057174682617e-01,-1.067814350128173828e+00,-6.241530179977416992e-01
3.010542869567871094e+00,-1.271157383918762207e+00,-1.289115667343139648e+00,8.553064465522766113e-01,2.051893472671508789e-01
3.009090900421142578e+00,-7.965888082981109619e-02,-1.791245341300964355e+00,2.547274112701416016e+00,-1.236166715621948242e+00
3.129656553268432617e+00,-2.468026161193847656e+00,-1.387636661529541016e+00,-2.790441513061523438e+00,8.567341566085815430e-01
2.185995817184448242e+00,-4.262283444404602051e-03,2.779772758483886719e+00,-3.008743524551391602e+00,-2.825206041336059570e+00
2.780119657516479492e+00,-9.001285433769226074e-01,-2.950725078582763672e+00,-1.751519441604614258e+00,-3.420435190200805664e+00
3.174711942672729492e+00,-5.612597465515136719e-01,-1.958464145660400391e+00,-1.470684885978698730e+00,-6.698021292686462402e-01
4.059998393058776855e-01,-1.552222490310668945e+00,3.078226566314697266e+00,1.284188508987426758e+00,3.581827282905578613e-01
3.318003654479980469e+00,1.897724419832229614e-01,1.272261142730712891e+00,1.910506606101989746e+00,-4.846249818801879883e-01
6.725798845291137695e-01,4.277693033218383789e-01,3.021711111068725586e+00,2.030697107315063477e+00,-7.070071697235107422e-01
3.154827356338500977e+00,-1.451294302940368652e+00,-1.338089227676391602e+00,1.830448627471923828e+00,-6.921035647392272949e-01
3.034620046615600586e+00,-1.073362112045288086e+00,-1.859090209007263184e+00,1.157181859016418457e+00,4.791484177112579346e-01
1.593342065811157227e+00,-2.348698616027832031e+00,3.219228267669677734e+00,2.098351001739501953e+00,-7.281289696693420410e-01
3.015563488006591797e+00,-1.585070729255676270e+00,-2.688909769058227539e+00,1.659396409988403320e+00,-2.486169099807739258e+00
2.163797855377197266e+00,-2.042165040969848633e+00,-2.563663244247436523e+00,-1.841342687606811523e+00,-2.574083805084228516e+00
2.781254053115844727e+00,-4.463028609752655029e-01,1.935565948486328125e+00,2.274251461029052734e+00,-2.105207204818725586e+00
1.371775150299072266e+00,8.515155315399169922e-02,-2.827331066131591797e+00,2.666627883911132812e+00,-2.284520626068115234e+00
1.053039312362670898e+00,-1.328697323799133301e+00,2.710670709609985352e+00,-1.808928728103637695e+00,-6.921222209930419922e-01
2.060903072357177734e+00,-4.599450826644897461e-01,-2.214951276779174805e+00,-2.354055404663085938e+00,-2.840861320495605469e+00
8.889990448951721191e-01,-1.616287827491760254e+00,2.368204593658447266e+00,-1.587454319000244141e+00,-2.168528795242309570e+00
2.968455076217651367e+00,-2.059927940368652344e+00,2.861009120941162109e+00,-1.755921363830566406e+00,-1.487479925155639648e+00
7.017362117767333984e-01,-2.478420495986938477e+00,2.336467742919921875e+00,-1.375346422195434570e+00,-1.756777763366699219e-01
1.353698253631591797e+00,-8.185436725616455078e-01,-2.254290819168090820e+00,-1.869088292121887207e+00,-1.953253984451293945e+00
1.906222343444824219e+00,-1.517662048339843750e+00,-1.648594260215759277e+00,1.267185688018798828e+00,-1.646762490272521973e+00
2.928172111511230469e+00,-2.618959188461303711e+00,1.869731903076171875e+00,2.154361486434936523e+00,-1.045258522033691406e+00
2.290703773498535156e+00,-2.167365074157714844e+00,2.259418487548828125e+00,-2.488313913345336914e+00,-1.664266705513000488e+00
2.549606323242187500e+00,-2.803463459014892578e+00,2.823516845703125000e+00,-2.728594303131103516e+00,-2.109943628311157227e+00
1.466182708740234375e+00,6.984593868255615234e-01,-2.151992082595825195e+00,2.329319238662719727e+00,-2.960212469100952148e+00
2.909543991088867188e+00,-1.886024713516235352e+00,2.470924139022827148e+00,-2.146642208099365234e+00,-1.289212465286254883e+00
6.845059394836425781e-01,-1.260230660438537598e+00,2.186586856842041016e+00,-1.136992335319519043e+00,-5.576804280281066895e-01
1.886802077293395996e+00,-1.570590019226074219e+00,2.936705112457275391e+00,-2.564259767532348633e+00,-1.572218418121337891e+00
-1.035525441169738770e+00,-1.508157968521118164e+00,-2.463466644287109375e+00,-1.242199540138244629e+00,-1.180409431457519531e+00
2.366012573242187500e+00,1.966934919357299805e+00,-2.043098211288452148e+00,-2.752642154693603516e+00,-1.876082897186279297e+00
1.573113083839416504e+00,2.456043720245361328e+00,2.108351469039916992e+00,-2.798900365829467773e+00,-2.015934467315673828e+00
2.905266761779785156e+00,-5.044896900653839111e-02,1.855505585670471191e+00,1.931438803672790527e+00,-1.467607140541076660e+00
2.380432844161987305e+00,-1.914090156555175781e+00,1.929525256156921387e+00,1.724209547042846680e+00,-1.691761136054992676e+00
2.611296892166137695e+00,-1.595817685127258301e+00,-1.389483571052551270e+00,1.270571470260620117e+00,-1.677565813064575195e+00
2.552270650863647461e+00,-5.169744491577148438e-01,1.829316616058349609e+00,1.650444030761718750e+00,-6.503564119338989258e-01
1.419589757919311523e+00,-2.258467197418212891e+00,2.206802606582641602e+00,2.322514057159423828e+00,-2.470252364873886108e-01
1.707632303237915039e+00,-2.023257017135620117e+00,-1.981693506240844727e+00,-1.446111917495727539e+00,-1.364582419395446777e+00
1.836406826972961426e+00,-2.600637912750244141e+00,-2.473529815673828125e+00,1.158172249794006348e+00,6.706548333168029785e-01
2.620164155960083008e-01,-2.107421875000000000e+00,2.587502002716064453e+00,1.466107845306396484e+00,-3.727583885192871094e-01
9.976928830146789551e-01,-9.893668293952941895e-01,2.806357145309448242e+00,-2.441859722137451172e+00,-2.106037378311157227e+00
2.324877977371215820e+00,-1.640493154525756836e+00,1.974213957786560059e+00,1.710162639617919922e+00,-2.708010196685791016e+00
2.704759597778320312e+00,-1.993230581283569336e+00,-1.655040025711059570e+00,1.449055671691894531e+00,-2.225166559219360352e+00
2.033182382583618164e+00,-1.610719561576843262e+00,1.994302272796630859e+00,-1.640464067459106445e+00,-1.056578397750854492e+00
1.656790852546691895e+00,4.136068820953369141e-01,2.648245096206665039e+00,2.983808279037475586e+00,-1.970153808593750000e+00
2.855398178100585938e+00,-9.723723530769348145e-01,-2.062381267547607422e+00,-2.309950113296508789e+00,-2.084133148193359375e+00
-6.626811623573303223e-01,8.429934382438659668e-01,-2.379044055938720703e+00,-2.156743049621582031e+00,-2.645124435424804688e+00
1.032794475555419922e+00,-2.249487638473510742e+00,-2.366693973541259766e+00,-1.416451692581176758e+00,-5.317326784133911133e-01
1.557768821716308594e+00,-1.160366415977478027e+00,2.191804409027099609e+00,1.764804840087890625e+00,-1.573939681053161621e+00
2.108027458190917969e+00,8.314921855926513672e-01,2.068669319152832031e+00,2.174149751663208008e+00,-5.978019833564758301e-01
1.432600855827331543e+00,-5.807255506515502930e-01,1.968722343444824219e+00,-1.897835016250610352e+00,-1.482808828353881836e+00
1.277353644371032715e+00,5.003821477293968201e-02,-2.286635160446166992e+00,1.948694586753845215e+00,-1.195247650146484375e+00
2.478283882141113281e+00,-2.175729274749755859e+00,2.245648145675659180e+00,2.052321195602416992e+00,-2.674704313278198242e+00
2.027624368667602539e+00,-1.608819484710693359e+00,2.670132398605346680e+00,2.004778861999511719e+00,-2.419631004333496094e+00
1.783597469329833984e+00,-2.725766181945800781e+00,2.598028182983398438e+00,1.300606727600097656e+00,6.806600093841552734e-01
1.508288741111755371e+00,-2.184029579162597656e+00,-2.483189582824707031e+00,1.256965160369873047e+00,-8.795485496520996094e-01
2.670214414596557617e+00,2.853093445301055908e-01,-2.283733367919921875e+00,2.234031677246093750e+00,-1.143707513809204102e+00
2.782980203628540039e+00,-2.017698049545288086e+00,-2.163686037063598633e+00,2.315337419509887695e+00,-1.113254070281982422e+00
-4.197073280811309814e-01,-5.253965258598327637e-01,-2.676345348358154297e+00,-1.842339515686035156e+00,-1.978212118148803711e+00
2.889183521270751953e+00,-2.420161962509155273e+00,1.678209781646728516e+00,1.497940540313720703e+00,-2.356863260269165039e+00
1.437490940093994141e+00,-1.276922583580017090e+00,-2.174032926559448242e+00,1.034810185432434082e+00,-5.127133131027221680e-01
2.104611396789550781e+00,-1.762916088104248047e+00,2.665198326110839844e+00,-1.998798131942749023e+00,-2.477037668228149414e+00
2.357328653335571289e+00,-2.183566808700561523e+00,2.336421489715576172e+00,2.021914005279541016e+00,-1.573415756225585938e+00
2.920826673507690430e+00,-1.952991843223571777e+00,1.506042957305908203e+00,1.219748735427856445e+00,-1.024608612060546875e+00
1.373005390167236328e+00,-6.117677092552185059e-01,-2.965945959091186523e+00,-1.973798871040344238e+00,-3.548873960971832275e-02
2.244758844375610352e+00,-1.764692425727844238e+00,-2.177209377288818359e+00,1.402366399765014648e+00,-9.528990387916564941e-01
1.069109439849853516e+00,-2.297165155410766602e+00,2.565383434295654297e+00,-1.702784061431884766e+00,-1.787118166685104370e-01
2.150826930999755859e+00,-7.346195578575134277e-01,-2.180188179016113281e+00,-1.929616212844848633e+00,-1.230161786079406738e+00
1.159635066986083984e+00,-2.417369365692138672e+00,-2.296649932861328125e+00,1.183892250061035156e+00,-2.421193718910217285e-01
2.887511968612670898e+00,-2.543337821960449219e+00,-2.889588594436645508e+00,2.396822452545166016e+00,-1.978399753570556641e+00
1.973933815956115723e+00,-1.141640663146972656e+00,-1.945954680442810059e+00,1.935988783836364746e+00,-1.474085807800292969e+00
2.406097888946533203e+00,-1.849845409393310547e+00,-1.577644944190979004e+00,1.512723445892333984e+00,-1.893930673599243164e+00
2.185045003890991211e+00,-1.050743579864501953e+00,-2.464026212692260742e+00,-2.054369211196899414e+00,-6.988837718963623047e-01
2.975700855255126953e+00,-1.360174536705017090e+00,-2.486857652664184570e+00,-1.788091301918029785e+00,-2.155221223831176758e+00
5.909267663955688477e-01,-9.577393531799316406e-01,-2.942755699157714844e+00,1.766337394714355469e+00,-6.100385189056396484e-01
1.433015704154968262e+00,-2.719128370285034180e+00,-2.678705215454101562e+00,-1.683151841163635254e+00,-5.897835493087768555e-01
2.224726378917694092e-01,-1.919788837432861328e+00,2.442853212356567383e+00,1.763388872146606445e+00,-1.738483786582946777e+00
-1.327037513256072998e-01,-6.770893931388854980e-01,-2.623956203460693359e+00,-1.912409901618957520e+00,-2.735816478729248047e+00
2.397645950317382812e+00,-2.340068101882934570e+00,-2.473471403121948242e+00,1.795438647270202637e+00,-8.465477824211120605e-01
2.407618999481201172e+00,-2.056549072265625000e+00,2.613884210586547852e+00,2.295609474182128906e+00,-1.192682504653930664e+00
2.968337297439575195e+00,-2.009662628173828125e+00,-1.448779821395874023e+00,-1.567310690879821777e+00,-1.326278567314147949e+00
1.388553380966186523e+00,-1.088265061378479004e+00,2.531043052673339844e+00,2.440314769744873047e+00,-1.793086171150207520e+00
2.073055267333984375e+00,-2.067250490188598633e+00,-2.554383039474487305e+00,1.703431487083435059e+00,-1.734273791313171387e+00
1.273317337036132812e+00,1.477684140205383301e+00,2.186520099639892578e+00,2.512930870056152344e+00,-2.320570468902587891e+00
2.297169923782348633e+00,-1.538653969764709473e+00,-2.385869741439819336e+00,-1.341955184936523438e+00,-5.374082326889038086e-01
1.080410242080688477e+00,-1.815879225730895996e+00,-2.816167831420898438e+00,-1.255439043045043945e+00,-5.135848522186279297e-01
2.187943220138549805e+00,4.903130531311035156e-01,-2.738335847854614258e+00,2.570111751556396484e+00,-2.397192865610122681e-01
2.608046293258666992e+00,-1.363372445106506348e+00,-2.731134891510009766e+00,-1.709519386291503906e+00,-3.254902660846710205e-01
2.032894611358642578e+00,-1.105389595031738281e+00,2.402589559555053711e+00,-2.569570541381835938e+00,-2.657570362091064453e+00
2.392967700958251953e+00,-1.710363149642944336e+00,2.599501132965087891e+00,2.664957046508789062e+00,-1.238602995872497559e+00
1.806902289390563965e+00,-2.657361745834350586e+00,2.151236534118652344e+00,1.706032395362854004e+00,-2.716800272464752197e-01
2.128468751907348633e+00,3.343727588653564453e-01,2.425416707992553711e+00,-2.799707889556884766e+00,-1.323403239250183105e+00
1.843429684638977051e+00,-2.212697029113769531e+00,2.643974542617797852e+00,1.883765220642089844e+00,-1.416486144065856934e+00
1.139820575714111328e+00,4.558503627777099609e-02,2.989888191223144531e+00,-2.597110271453857422e+00,-1.310385107994079590e+00
1.744210720062255859e+00,-8.337412476539611816e-01,-2.409239768981933594e+00,-1.791075944900512695e+00,-1.212125197052955627e-01
3.369195759296417236e-02,-1.611099481582641602e+00,-2.639437913894653320e+00,-1.810951232910156250e+00,-1.083659648895263672e+00
1.976290225982666016e+00,-1.029830932617187500e+00,-1.830845117568969727e+00,1.711046338081359863e+00,-1.072537779808044434e+00
1.375548958778381348e+00,-2.162440538406372070e+00,-1.965494394302368164e+00,-1.343986272811889648e+00,-9.324561357498168945e-01
2.400099754333496094e+00,1.865506887435913086e+00,-1.966609001159667969e+00,2.876681566238403320e+00,-1.922706127166748047e+00
2.084067344665527344e+00,-7.594869136810302734e-01,2.188929319381713867e+00,-1.782748460769653320e+00,-2.052658319473266602e+00
2.775001525878906250e-01,-2.060593128204345703e+00,-2.124893665313720703e+00,-1.071484804153442383e+00,-6.290692687034606934e-01
1.447345852851867676e+00,-1.072844147682189941e+00,-1.944159269332885742e+00,1.773247718811035156e+00,-2.612007379531860352e+00
2.156916379928588867e+00,-1.885668516159057617e+00,-2.199703693389892578e+00,-1.185879468917846680e+00,-3.095653653144836426e-01
2.343361139297485352e+00,-1.014440774917602539e+00,2.281260967254638672e+00,1.913186788558959961e+00,-1.187281608581542969e+00
9.806473255157470703e-01,-2.141375541687011719e+00,-2.352570056915283203e+00,-1.727100014686584473e+00,-2.132215499877929688e+00
2.031117439270019531e+00,-7.761878371238708496e-01,-2.259640216827392578e+00,-2.045412063598632812e+00,-2.002164602279663086e+00
2.299939155578613281e+00,-1.893683791160583496e+00,-1.877064228057861328e+00,-1.810827970504760742e+00,-1.531834602355957031e+00
2.219195842742919922e+00,-1.416523337364196777e+00,2.818197727203369141e+00,2.924573898315429688e+00,-1.426635026931762695e+00
1.996050000190734863e+00,-2.226577043533325195e+00,2.252656459808349609e+00,-1.371518969535827637e+00,-1.051590800285339355e+00
2.180150508880615234e+00,-2.010730504989624023e+00,-2.228585243225097656e+00,-1.086042404174804688e+00,1.937797665596008301e-01
2.059154748916625977e+00,-2.268339395523071289e+00,2.233090639114379883e+00,1.009342312812805176e+00,-6.868738532066345215e-01
2.916750669479370117e+00,-1.784234046936035156e+00,1.711649894714355469e+00,1.258759498596191406e+00,-7.021523118019104004e-01
1.408937811851501465e+00,-1.814034938812255859e+00,-2.941766977310180664e+00,2.144265174865722656e+00,-1.734786629676818848e+00
7.873564958572387695e-01,-6.537557840347290039e-01,-2.766188621520996094e+00,1.912746667861938477e+00,-1.258408188819885254e+00
2.738892555236816406e+00,-1.821040153503417969e+00,-2.023528337478637695e+00,-1.832520484924316406e+00,-2.660522460937500000e+00
2.951123237609863281e+00,-2.115778684616088867e+00,-1.967410683631896973e+00,1.842866659164428711e+00,-1.798679471015930176e+00
2.733270168304443359e+00,-1.334569931030273438e+00,1.359798431396484375e+00,-1.671399354934692383e+00,-1.274012684822082520e+00
1.644246339797973633e+00,-1.399054646492004395e+00,1.748457312583923340e+00,-1.400684952735900879e+00,-1.918176412582397461e+00
2.292903065681457520e-01,-5.945419073104858398e-01,-2.658053159713745117e+00,-1.702178359031677246e+00,-9.927315711975097656e-01
2.881473302841186523e+00,-1.669957041740417480e-01,-1.459617614746093750e+00,-1.717892885208129883e+00,-8.635644912719726562e-01
1.683224916458129883e+00,-1.771984219551086426e+00,-2.347391128540039062e+00,1.517142295837402344e+00,-8.130426406860351562e-01
1.773066163063049316e+00,-9.844618439674377441e-01,-1.937683582305908203e+00,-1.854132175445556641e+00,-1.601713776588439941e+00
1.612933516502380371e+00,-7.846405506134033203e-01,-1.757489204406738281e+00,1.760538816452026367e+00,-2.281580209732055664e+00
1.369677066802978516e+00,-9.158349633216857910e-01,-1.777408242225646973e+00,1.512849211692810059e+00,-1.680247306823730469e+00
2.125215530395507812e+00,4.623498916625976562e-01,-2.157354593276977539e+00,2.286283731460571289e+00,-1.499532938003540039e+00
4.601984024047851562e-01,-1.062907695770263672e+00,-2.312734365463256836e+00,1.560194492340087891e+00,-1.709480524063110352e+00
1.289326071739196777e+00,-1.699800014495849609e+00,2.505939006805419922e+00,-1.558599948883056641e+00,-1.232035040855407715e+00
2.372923851013183594e+00,-2.141726255416870117e+00,-1.759513497352600098e+00,-1.412417173385620117e+00,2.682742103934288025e-02
2.837963104248046875e+00,4.265668988227844238e-01,1.907253384590148926e+00,-2.436241388320922852e+00,-2.807952880859375000e+00
2.838129043579101562e+00,-6.450743079185485840e-01,-2.488023519515991211e+00,2.453090906143188477e+00,-1.415867567062377930e+00
2.566318273544311523e+00,-2.317548274993896484e+00,1.162232875823974609e+00,8.724410533905029297e-01,-1.041110396385192871e+00
2.421432733535766602e+00,-1.292096138000488281e+00,2.244761466979980469e+00,2.548957109451293945e+00,-2.368713617324829102e+00
2.540491342544555664e+00,-1.029983043670654297e+00,-2.309797525405883789e+00,1.719424605369567871e+00,-5.093933939933776855e-01
2.407812595367431641e+00,-1.191350340843200684e+00,-1.969054460525512695e+00,-2.114964485168457031e+00,-1.434050679206848145e+00
1.744590044021606445e+00,-1.004709124565124512e+00,-2.824313163757324219e+00,1.691556572914123535e+00,-6.523273587226867676e-01
3.447924852371215820e-01,-1.415697693824768066e+00,2.314158678054809570e+00,-1.468208670616149902e+00,-1.423982858657836914e+00
-7.337562441825866699e-01,-1.561549901962280273e+00,2.557331323623657227e+00,-1.683844208717346191e+00,-1.679677367210388184e+00
2.965858459472656250e+00,-1.066202640533447266e+00,2.154857158660888672e+00,2.187233209609985352e+00,-2.207654714584350586e+00
1.843360424041748047e+00,-2.079203605651855469e+00,-2.155232667922973633e+00,-1.351232528686523438e+00,-1.456179499626159668e+00
1.023337602615356445e+00,-1.619157314300537109e+00,2.098697662353515625e+00,1.648671865463256836e+00,-2.234530210494995117e+00
2.235340118408203125e+00,-2.834732770919799805e+00,2.129353761672973633e+00,1.422382116317749023e+00,-6.379473209381103516e-01
8.982067704200744629e-01,-1.591296792030334473e+00,-2.940215587615966797e+00,-2.690058231353759766e+00,1.255580425262451172e+00
3.548879027366638184e-01,-8.310592174530029297e-01,-1.992442011833190918e+00,-1.604284286499023438e+00,-1.330099344253540039e+00
1.621092557907104492e-01,-1.384003400802612305e+00,-2.748936653137207031e+00,-1.366820573806762695e+00,-5.972180366516113281e-01
2.576287269592285156e+00,-1.626134991645812988e+00,1.978453397750854492e+00,1.770984411239624023e+00,-1.755224704742431641e+00
1.732228994369506836e+00,1.453505754470825195e+00,2.549872398376464844e+00,-2.811999797821044922e+00,-1.903149247169494629e+00
2.873185873031616211e+00,-2.512625217437744141e+00,-1.525929331779479980e+00,-1.292720198631286621e+00,-1.691320657730102539e+00
1.691123843193054199e+00,-1.551138281822204590e+00,2.640665531158447266e+00,-1.444532394409179688e+00,-4.742615520954132080e-01
1.489171743392944336e+00,-2.053989648818969727e+00,-1.973946809768676758e+00,-8.941010832786560059e-01,-5.330066084861755371e-01
1.083223938941955566e+00,-2.852881699800491333e-02,-2.707466125488281250e+00,-2.213226079940795898e+00,-1.229500055313110352e+00
1.616450428962707520e+00,-1.443240165710449219e+00,2.069345474243164062e+00,-1.576964616775512695e+00,-2.614072322845458984e+00
-2.394627928733825684e-01,-2.672870635986328125e+00,-2.473958015441894531e+00,-1.062246561050415039e+00,3.567719459533691406e-01
1.096681833267211914e+00,-2.962422132492065430e+00,2.974314928054809570e+00,-1.999903798103332520e+00,-1.647050082683563232e-01
6.905897259712219238e-01,-1.494505405426025391e+00,2.648868799209594727e+00,-1.592066407203674316e+00,-1.305270910263061523e+00
2.403524398803710938e+00,-1.078970730304718018e-01,1.782307505607604980e+00,2.008821487426757812e+00,-2.416351079940795898e+00
2.879022359848022461e+00,-1.427196502685546875e+00,2.846982717514038086e+00,2.191663742065429688e+00,-1.420482635498046875e+00
3.929526507854461670e-01,6.418145895004272461e-01,-2.778932332992553711e+00,2.488496303558349609e+00,-2.046201705932617188e+00
1.527775764465332031e+00,-1.676114320755004883e+00,-2.769841432571411133e+00,2.042479276657104492e+00,4.038893580436706543e-01
1.224317193031311035e+00,-1.675657749176025391e+00,1.962797045707702637e+00,-1.459723591804504395e+00,-8.617858886718750000e-01
2.127982139587402344e+00,-1.615785598754882812e+00,-2.947825193405151367e+00,2.489847421646118164e+00,-2.137208461761474609e+00
-1.410896539688110352e+00,-3.336325883865356445e-01,-2.771905660629272461e+00,2.148576974868774414e+00,-2.417006731033325195e+00
1.816614389419555664e+00,-1.648320198059082031e+00,-1.994768142700195312e+00,-1.447294235229492188e+00,-1.940738439559936523e+00
1.959090232849121094e+00,-6.242939233779907227e-01,1.888448834419250488e+00,1.868683338165283203e+00,-2.323079109191894531e+00
7.543962001800537109e-01,-1.135903358459472656e+00,-2.534539461135864258e+00,2.036964178085327148e+00,-2.478006124496459961e+00
1.647727251052856445e+00,-3.507969379425048828e-01,-2.139702320098876953e+00,1.794682383537292480e+00,-9.336261153221130371e-01
2.918135881423950195e+00,-2.570484161376953125e+00,1.950119972229003906e+00,1.305725216865539551e+00,-6.760243177413940430e-01
2.387910366058349609e+00,1.343103885650634766e+00,-2.106967210769653320e+00,-2.495300054550170898e+00,-1.093624830245971680e+00
2.927794456481933594e+00,-1.777948737144470215e+00,-1.874942302703857422e+00,-2.774243593215942383e+00,-1.852965593338012695e+00
2.438499689102172852e+00,-2.979215383529663086e+00,2.199308156967163086e+00,1.389356732368469238e+00,-1.218132138252258301e+00
-5.741554498672485352e-02,-1.615399360656738281e+00,2.421145915985107422e+00,-1.376679182052612305e+00,-1.529718875885009766e+00
2.297873973846435547e+00,-1.502372622489929199e+00,2.383852958679199219e+00,2.440256595611572266e+00,-7.395464181900024414e-01
2.063774585723876953e+00,-1.482280611991882324e+00,1.555041193962097168e+00,1.199787378311157227e+00,-1.874367713928222656e+00
2.498092174530029297e+00,-1.194963932037353516e+00,-1.545836448669433594e+00,1.153259396553039551e+00,-1.905588269233703613e+00
-6.521949768066406250e-01,-2.507670164108276367e+00,-2.807999134063720703e+00,-1.337693452835083008e+00,-5.250484943389892578e-01
2.719310522079467773e+00,-1.046746969223022461e-03,1.692358493804931641e+00,-1.880599617958068848e+00,-1.571090340614318848e+00
1.101586818695068359e+00,-2.143931388854980469e+00,-1.731269478797912598e+00,-9.637221097946166992e-01,-4.105902910232543945e-01
2.452364683151245117e+00,1.086129903793334961e+00,2.227425575256347656e+00,2.701465368270874023e+00,-1.541249275207519531e+00
2.105670794844627380e-02,-1.602779626846313477e+00,-2.958752870559692383e+00,1.640186429023742676e+00,-1.059668302536010742e+00
2.212548255920410156e+00,-1.213504314422607422e+00,-2.018558979034423828e+00,-1.447534918785095215e+00,-1.704523563385009766e+00
1.681522011756896973e+00,-4.398512244224548340e-01,2.199453592300415039e+00,-2.051342964172363281e+00,-2.087380170822143555e+00
9.966709613800048828e-01,-2.783467292785644531e+00,2.294720172882080078e+00,-2.607297182083129883e+00,-1.354892730712890625e+00
2.196331024169921875e+00,-2.236624240875244141e+00,1.916134357452392578e+00,1.820356726646423340e+00,-1.443174004554748535e+00
7.041271924972534180e-01,-5.063918232917785645e-01,2.447274923324584961e+00,-1.953518629074096680e+00,-2.379270076751708984e+00
2.254094600677490234e+00,-2.023909986019134521e-01,2.828387498855590820e+00,1.538245201110839844e+00,-1.784138381481170654e-01
-2.902750968933105469e-01,-2.748586177825927734e+00,-2.538851737976074219e+00,-1.889492392539978027e+00,-1.110713362693786621e+00
1.055767774581909180e+00,1.342609763145446777e+00,2.668223857879638672e+00,-2.819015026092529297e+00,-2.488583803176879883e+00
1.986259698867797852e+00,-1.638513088226318359e+00,-2.832597494125366211e+00,2.456123352050781250e+00,-2.538448095321655273e+00
1.568532228469848633e+00,-2.092353820800781250e+00,-2.475815296173095703e+00,1.710744380950927734e+00,-1.323698520660400391e+00
2.610855579376220703e+00,-2.966382026672363281e+00,2.606596231460571289e+00,-1.563682198524475098e+00,4.714724421501159668e-02
1.217676401138305664e+00,6.868719458580017090e-01,-2.323934555053710938e+00,-2.401996135711669922e+00,-2.905289173126220703e+00
1.861258745193481445e+00,-1.734022855758666992e+00,-1.966155886650085449e+00,1.260220289230346680e+00,-1.341236591339111328e+00
1.365592598915100098e+00,-2.620458126068115234e+00,2.656002283096313477e+00,-2.329309940338134766e+00,-2.246690034866333008e+00
2.261191129684448242e+00,-1.554593086242675781e+00,-2.905498981475830078e+00,2.092889308929443359e+00,-2.132547378540039062e+00
2.983231306076049805e+00,1.051637530326843262e+00,1.847650051116943359e+00,2.270479202270507812e+00,-7.290970087051391602e-01
1.089288115501403809e+00,9.442536830902099609e-01,-2.911303520202636719e+00,-2.460925817489624023e+00,-1.051682949066162109e+00
1.486929893493652344e+00,-1.831454753875732422e+00,2.684934616088867188e+00,2.216574668884277344e+00,-1.256155967712402344e+00
1.976290464401245117e+00,-8.671328425407409668e-01,-2.887519598007202148e+00,-2.824936151504516602e+00,-1.011989951133728027e+00
8.845688104629516602e-01,2.240666002035140991e-01,-2.438582897186279297e+00,-2.015641927719116211e+00,-1.733268260955810547e+00
-2.724661827087402344e-01,-4.233441352844238281e-01,-2.302898883819580078e+00,1.734473466873168945e+00,-2.608029842376708984e+00
2.254761457443237305e+00,-2.092324018478393555e+00,-2.137910127639770508e+00,-1.714696884155273438e+00,-1.613211393356323242e+00
3.210321068763732910e-03,-2.886106729507446289e+00,2.337432861328125000e+00,1.442648291587829590e+00,-5.515201091766357422e-01
1.133334636688232422e+00,-1.970275878906250000e+00,-2.151576519012451172e+00,1.445962429046630859e+00,-1.991557717323303223e+00
2.091836452484130859e+00,1.518009543418884277e+00,2.325423717498779297e+00,-2.601281404495239258e+00,-1.367887973785400391e+00
-2.084687948226928711e-01,-1.089669346809387207e+00,-2.917559623718261719e+00,-1.988565683364868164e+00,-1.521914362907409668e+00
2.154311418533325195e+00,-2.331162691116333008e+00,-2.661781549453735352e+00,-1.448600053787231445e+00,-1.730158805847167969e+00
2.595725536346435547e+00,-1.707158327102661133e+00,1.417625308036804199e+00,1.185621857643127441e+00,-2.590584754943847656e+00
2.153121471405029297e+00,9.119983762502670288e-02,2.036442756652832031e+00,-2.136930465698242188e+00,-1.147336721420288086e+00
2.709388732910156250e+00,6.020639538764953613e-01,1.806230545043945312e+00,2.068292379379272461e+00,-9.465610980987548828e-01
2.846092224121093750e+00,-2.008879661560058594e+00,1.383891463279724121e+00,-1.179913640022277832e+00,-2.075367212295532227e+00
2.400052785873413086e+00,-1.796342134475708008e+00,2.596260547637939453e+00,-1.937242746353149414e+00,8.746158480644226074e-01
2.325370550155639648e+00,-2.079637050628662109e+00,-2.948411464691162109e+00,1.709030151367187500e+00,-3.475427329540252686e-01
8.673710227012634277e-01,-1.621763467788696289e+00,-2.665462970733642578e+00,-1.343953132629394531e+00,-1.245120525360107422e+00
2.712105274200439453e+00,-2.340361595153808594e+00,-1.910980582237243652e+00,2.097456932067871094e+00,-6.700754761695861816e-01
1.022926449775695801e+00,-1.518238663673400879e+00,2.012868404388427734e+00,-1.174092650413513184e+00,-4.356725215911865234e-01
6.243462562561035156e-01,-2.548180103302001953e+00,2.709819316864013672e+00,1.846235752105712891e+00,-1.732028484344482422e+00
1.418877124786376953e+00,-1.903499841690063477e+00,-2.886199951171875000e+00,-2.560709953308105469e+00,-7.667599320411682129e-01
1.874000310897827148e+00,-2.273903131484985352e+00,2.374528169631958008e+00,1.900758385658264160e+00,-1.976495742797851562e+00
1.787331700325012207e+00,-1.343048930168151855e+00,-1.760119915008544922e+00,-1.352342009544372559e+00,-1.902821302413940430e+00
1.440771222114562988e+00,-2.027992486953735352e+00,-2.455854415893554688e+00,-2.050502538681030273e+00,-6.982495784759521484e-01
1.934936046600341797e+00,6.695505976676940918e-01,-1.969063282012939453e+00,2.336797714233398438e+00,-2.445932626724243164e+00
2.543608427047729492e+00,-2.109203100204467773e+00,-2.257014751434326172e+00,1.835139036178588867e+00,4.380398094654083252e-01
2.014036417007446289e+00,-1.639445424079895020e+00,2.984338521957397461e+00,-2.149533510208129883e+00,-7.913886010646820068e-02
2.339400291442871094e+00,-1.862650156021118164e+00,-1.317388057708740234e+00,-1.034571886062622070e+00,-2.117677450180053711e+00
1.684090614318847656e+00,1.042971253395080566e+00,-2.014533758163452148e+00,-2.066928386688232422e+00,-1.679277181625366211e+00
2.488070726394653320e+00,-2.952357292175292969e+00,-1.785478234291076660e+00,-1.778966426849365234e+00,5.081499814987182617e-01
2.995475053787231445e+00,-9.013674259185791016e-01,2.352340221405029297e+00,-1.627439618110656738e+00,-1.789812564849853516e+00
2.373631238937377930e+00,-1.234852433204650879e+00,-2.263608694076538086e+00,-2.158853769302368164e+00,-2.506246328353881836e+00
2.047550678253173828e+00,-1.038940191268920898e+00,-2.478797674179077148e+00,-2.826890945434570312e+00,-2.140195608139038086e+00
2.043877124786376953e+00,-2.684175968170166016e+00,-1.832790970802307129e+00,-2.157897710800170898e+00,-1.109987020492553711e+00
2.063811779022216797e+00,-5.737200975418090820e-01,-2.553665637969970703e+00,-2.853829860687255859e+00,-2.504767894744873047e+00
1.341566801071166992e+00,-2.593181371688842773e+00,-1.974119544029235840e+00,1.410990357398986816e+00,-1.034838318824768066e+00
1.488177061080932617e+00,-1.343154788017272949e+00,-2.967128515243530273e+00,2.252151012420654297e+00,2.354510873556137085e-01
8.811111450195312500e-01,-2.391462087631225586e+00,-2.049746036529541016e+00,1.434360384941101074e+00,-9.415510892868041992e-01
2.033763885498046875e+00,-1.757845520973205566e+00,2.104564189910888672e+00,1.271994471549987793e+00,-1.752854108810424805e+00
9.424023628234863281e-01,-1.112174272537231445e+00,2.733252048492431641e+00,-2.022132396697998047e+00,-1.590393781661987305e+00
1.707290410995483398e+00,2.278552949428558350e-02,-2.296370983123779297e+00,1.929284214973449707e+00,-5.705282688140869141e-01
2.430250406265258789e+00,-2.461369276046752930e+00,-1.856078863143920898e+00,1.292790055274963379e+00,6.873637437820434570e-03
1.848308920860290527e+00,-2.377557754516601562e+00,1.978828430175781250e+00,-1.602393984794616699e+00,-1.837051033973693848e+00
1.595353126525878906e+00,-2.683822870254516602e+00,2.234096050262451172e+00,1.923744082450866699e+00,4.276334941387176514e-01
4.574269354343414307e-01,5.173210501670837402e-01,2.778393745422363281e+00,-1.890806436538696289e+00,-3.358045220375061035e-01
1.968086004257202148e+00,-1.498147249221801758e+00,2.489714384078979492e+00,-1.566547393798828125e+00,-1.341512918472290039e+00
-5.932224988937377930e-01,2.189432084560394287e-01,2.671078920364379883e+00,-2.296044349670410156e+00,-2.621028184890747070e+00
2.985193967819213867e+00,-1.730732917785644531e+00,-2.482393503189086914e+00,2.324145078659057617e+00,-2.738050460815429688e+00
2.582845926284790039e+00,-1.956687867641448975e-01,-1.699351429939270020e+00,1.573773145675659180e+00,-1.132951498031616211e+00
2.036616325378417969e+00,-2.402933835983276367e+00,1.809622645378112793e+00,1.155847787857055664e+00,-8.283793926239013672e-02
1.679501056671142578e+00,3.342820703983306885e-01,2.025057792663574219e+00,-2.236094474792480469e+00,-5.912021398544311523e-01
2.428698301315307617e+00,2.904814481735229492e-02,1.667396306991577148e+00,1.661578655242919922e+00,-9.445013999938964844e-01
1.339707016944885254e+00,-2.159363269805908203e+00,-2.326376438140869141e+00,-1.774370908737182617e+00,-1.326837301254272461e+00
7.069973945617675781e-01,-1.306967973709106445e+00,-2.724471092224121094e+00,-1.626082658767700195e+00,-1.713779449462890625e+00
2.211169481277465820e+00,-2.189596652984619141e+00,1.922273159027099609e+00,2.547196626663208008e+00,3.699522614479064941e-01
7.741507291793823242e-01,-1.196092963218688965e-01,2.706032276153564453e+00,-1.799606919288635254e+00,-1.352036476135253906e+00
2.347468137741088867e+00,-2.264479398727416992e+00,-2.150829792022705078e+00,-2.809573650360107422e+00,-3.863025903701782227e-01
1.082048654556274414e+00,-2.510887622833251953e+00,-1.913413763046264648e+00,-1.096527934074401855e+00,-7.341400384902954102e-01
1.820916891098022461e+00,-2.374920368194580078e+00,1.992011547088623047e+00,-2.025405406951904297e+00,-1.342911958694458008e+00
2.866259813308715820e+00,-7.549717426300048828e-01,-2.591792106628417969e+00,-2.875412225723266602e+00,-4.340671300888061523e-01
2.266110420227050781e+00,-1.984373450279235840e+00,1.826173782348632812e+00,2.312833786010742188e+00,-1.372097730636596680e+00
2.458944082260131836e+00,-3.393681049346923828e-01,2.412597894668579102e+00,1.628955364227294922e+00,-7.665433287620544434e-01
2.631654500961303711e+00,-1.416486144065856934e+00,-2.233010768890380859e+00,-1.830013871192932129e+00,-2.306877613067626953e+00
2.293975591659545898e+00,-2.443461656570434570e+00,1.845400810241699219e+00,1.983316421508789062e+00,-1.392900466918945312e+00
1.604943513870239258e+00,-5.142426490783691406e-01,2.535354614257812500e+00,2.426798820495605469e+00,-1.648381590843200684e+00
2.677557468414306641e+00,-1.910634756088256836e+00,2.823560476303100586e+00,-2.855517387390136719e+00,6.323189735412597656e-01
1.920779943466186523e-01,-2.783878803253173828e+00,2.580649375915527344e+00,1.770341992378234863e+00,-1.114581227302551270e+00
1.099884510040283203e+00,-2.036647796630859375e+00,2.012037754058837891e+00,1.384365797042846680e+00,-8.341728448867797852e-01
1.149941086769104004e+00,-1.967024326324462891e+00,2.575702428817749023e+00,1.539686918258666992e+00,-1.647344589233398438e+00
1.180370807647705078e+00,-1.900438666343688965e+00,1.962777853012084961e+00,2.196232318878173828e+00,-9.038278460502624512e-01
6.698564887046813965e-01,8.283665031194686890e-02,2.824772596359252930e+00,-1.679005742073059082e+00,-3.481307625770568848e-01
8.402991890907287598e-01,-5.095259547233581543e-01,-1.786190629005432129e+00,-1.379160881042480469e+00,-2.666172266006469727e+00
2.233238220214843750e+00,-6.873247623443603516e-01,2.695619821548461914e+00,-2.108088016510009766e+00,-1.863308906555175781e+00
1.662115931510925293e+00,-1.860684394836425781e+00,-2.686077117919921875e+00,-2.317549943923950195e+00,-1.890089154243469238e+00
2.033578872680664062e+00,-1.537464380264282227e+00,-1.774814844131469727e+00,1.658442139625549316e+00,5.926095247268676758e-01
2.511489868164062500e+00,-1.771464824676513672e+00,1.537153959274291992e+00,1.358281254768371582e+00,-1.922636985778808594e+00
7.960127592086791992e-01,-2.744605541229248047e+00,-1.955582261085510254e+00,1.510918259620666504e+00,-1.017591238021850586e+00
2.925471305847167969e+00,-1.574633121490478516e+00,2.652679681777954102e+00,2.805571556091308594e+00,-1.654341220855712891e+00
2.843391895294189453e+00,-2.093404769897460938e+00,-1.069211840629577637e+00,-1.200279712677001953e+00,-6.333207488059997559e-01
2.003123044967651367e+00,-2.107957601547241211e+00,-2.978994369506835938e+00,2.138395786285400391e+00,4.385671317577362061e-01
2.079862117767333984e+00,1.041067719459533691e+00,-2.331160545349121094e+00,2.761113643646240234e+00,-2.745585918426513672e+00
1.591886758804321289e+00,-5.751554965972900391e-01,-2.125484466552734375e+00,-2.099452733993530273e+00,-2.250578165054321289e+00
2.533049345016479492e+00,-1.270041465759277344e-01,-2.350862503051757812e+00,2.849120855331420898e+00,-2.224992752075195312e+00
2.145582675933837891e+00,-2.785053253173828125e-01,2.445785522460937500e+00,2.749211549758911133e+00,-1.695947289466857910e+00
2.006192684173583984e+00,-1.209705352783203125e+00,-2.678911924362182617e+00,2.788670539855957031e+00,-2.491704702377319336e+00
2.408318281173706055e+00,-1.559571504592895508e+00,1.787706136703491211e+00,-1.543029904365539551e+00,-1.981795191764831543e+00
2.159768342971801758e+00,-2.289052009582519531e+00,-2.378582715988159180e+00,2.101655244827270508e+00,-1.665451765060424805e+00
1.696867704391479492e+00,-8.527576327323913574e-01,2.348317861557006836e+00,2.946982145309448242e+00,-2.001366853713989258e+00
2.464168310165405273e+00,-4.227563440799713135e-01,2.426554918289184570e+00,-2.551198959350585938e+00,-1.864532709121704102e+00
3.565523922443389893e-01,-7.100327610969543457e-01,-2.730640411376953125e+00,-2.152210235595703125e+00,-1.962021708488464355e+00
2.557296276092529297e+00,-2.014077186584472656e+00,1.669030785560607910e+00,1.559264183044433594e+00,-2.167057991027832031e+00
2.106453895568847656e+00,-1.266472935676574707e+00,-1.919592738151550293e+00,-1.753643274307250977e+00,-1.845091700553894043e+00
1.698306202888488770e+00,-2.250176906585693359e+00,-2.420071840286254883e+00,1.469489097595214844e+00,8.079007863998413086e-01
2.346013069152832031e+00,-2.778855323791503906e+00,-2.125055313110351562e+00,-2.179667234420776367e+00,-1.219329595565795898e+00
1.262749671936035156e+00,-6.983183622360229492e-01,2.581150293350219727e+00,-1.736337423324584961e+00,-1.596626400947570801e+00
2.647559642791748047e+00,-1.531527638435363770e+00,2.239883184432983398e+00,-1.424046993255615234e+00,-1.172853946685791016e+00
2.583875894546508789e+00,-1.662557721138000488e-01,2.809028863906860352e+00,-2.482402801513671875e+00,-1.378127336502075195e-01
1.011165857315063477e+00,-1.536969542503356934e+00,2.126181125640869141e+00,1.484658002853393555e+00,-1.599726676940917969e+00
6.601042747497558594e-01,-1.938210487365722656e+00,-2.101125955581665039e+00,1.350662946701049805e+00,-7.621510028839111328e-01
2.155864953994750977e+00,-6.156562566757202148e-01,-2.485328435897827148e+00,2.468380928039550781e+00,-1.487517118453979492e+00
1.232858657836914062e+00,-1.711788892745971680e+00,-2.725340366363525391e+00,-1.917393445968627930e+00,-1.752345204353332520e+00
-1.755774497985839844e+00,-8.554127216339111328e-01,-2.797808885574340820e+00,2.092207431793212891e+00,-2.098197698593139648e+00
2.543056249618530273e+00,-1.919972419738769531e+00,1.946975350379943848e+00,-1.382106542587280273e+00,-2.058700084686279297e+00
9.854869246482849121e-01,-8.107743859291076660e-01,-2.549003601074218750e+00,2.126617908477783203e+00,-1.836858272552490234e+00
1.575113773345947266e+00,1.135481148958206177e-01,2.338225364685058594e+00,-2.452363014221191406e+00,-2.385955572128295898e+00
2.672761678695678711e+00,-1.261475205421447754e+00,-2.590490341186523438e+00,-2.488968133926391602e+00,-2.283841848373413086e+00
1.869588196277618408e-01,-2.303640365600585938e+00,2.418678760528564453e+00,-2.264197349548339844e+00,-1.377693772315979004e+00
2.020906209945678711e+00,-1.860826611518859863e+00,2.309276580810546875e+00,-1.920480132102966309e+00,-2.038593053817749023e+00
2.761532068252563477e+00,-2.254882097244262695e+00,2.667850494384765625e+00,-1.688068032264709473e+00,-1.116396039724349976e-01
2.310630321502685547e+00,-2.242599248886108398e+00,2.024128198623657227e+00,-1.476999878883361816e+00,-9.711616039276123047e-01
7.409374713897705078e-01,-2.328993320465087891e+00,-2.369830846786499023e+00,1.881484508514404297e+00,-8.274989724159240723e-01
2.977475225925445557e-01,-1.933897733688354492e+00,2.588084697723388672e+00,2.297488451004028320e+00,-2.261711120605468750e+00
1.842325091361999512e+00,-1.544142842292785645e+00,2.179565191268920898e+00,-1.949202299118041992e+00,-2.102849483489990234e+00
5.932555198669433594e-01,-1.075993061065673828e+00,2.939439773559570312e+00,2.521851778030395508e+00,-2.177808284759521484e+00
1.866095185279846191e+00,-1.332159042358398438e+00,-2.116261959075927734e+00,2.158565044403076172e+00,-9.386939406394958496e-01
-3.336711823940277100e-01,2.161583751440048218e-01,-2.602365732192993164e+00,2.243964433670043945e+00,-1.876919984817504883e+00
2.699311971664428711e+00,-6.963133811950683594e-02,1.716084718704223633e+00,2.393606662750244141e+00,-1.897230029106140137e+00
7.649176716804504395e-01,-1.109801054000854492e+00,2.776995420455932617e+00,1.691116809844970703e+00,-1.713092207908630371e+00
2.326400756835937500e+00,-1.322484493255615234e+00,-1.956742644309997559e+00,1.604834556579589844e+00,-2.824933528900146484e+00
2.378390312194824219e+00,-2.012150526046752930e+00,2.353309869766235352e+00,-8.998329043388366699e-01,-5.757369995117187500e-01
2.223869323730468750e+00,-2.873840093612670898e+00,1.881482362747192383e+00,1.738259673118591309e+00,-3.668907880783081055e-01
1.919900774955749512e+00,-1.785694122314453125e+00,2.837469100952148438e+00,2.629302263259887695e+00,-1.557409644126892090e+00
2.031279087066650391e+00,-1.143034219741821289e+00,1.781058788299560547e+00,1.467368483543395996e+00,-2.918406009674072266e+00
2.819401264190673828e+00,-1.854093909263610840e+00,-2.071015596389770508e+00,1.658575892448425293e+00,-2.940375804901123047e+00
1.982758522033691406e+00,-3.255149722099304199e-01,2.539161920547485352e+00,-1.876947879791259766e+00,-1.167456269264221191e+00
1.643417716026306152e+00,-2.221793889999389648e+00,1.927223324775695801e+00,-1.177723884582519531e+00,-9.689359068870544434e-01
8.933657407760620117e-01,-1.774925589561462402e+00,-2.917817831039428711e+00,-1.681313872337341309e+00,-6.829565763473510742e-01
2.955393791198730469e+00,-1.984403580427169800e-01,-1.969583392143249512e+00,-2.485992193222045898e+00,-1.745480775833129883e+00
2.233718872070312500e+00,-1.977750539779663086e+00,-2.651171684265136719e+00,-1.751638412475585938e+00,-1.295845508575439453e+00
1.059821248054504395e+00,-1.451866865158081055e+00,2.759995937347412109e+00,-2.008318424224853516e+00,-1.703394293785095215e+00
1.570815205574035645e+00,-2.383046388626098633e+00,1.444679975509643555e+00,1.058739900588989258e+00,-4.499709010124206543e-01
-1.513119339942932129e-01,-1.173338651657104492e+00,1.865694046020507812e+00,-1.283635616302490234e+00,-1.626700401306152344e+00
4.279409050941467285e-01,-1.042874336242675781e+00,2.773587942123413086e+00,1.477552294731140137e+00,-1.794573664665222168e+00
1.425294399261474609e+00,-1.147507905960083008e+00,2.927770376205444336e+00,2.263400554656982422e+00,-2.537692070007324219e+00
2.082984924316406250e+00,-1.872094869613647461e+00,1.654080033302307129e+00,-1.438672542572021484e+00,-2.324113607406616211e+00
6.406508684158325195e-01,5.766631364822387695e-01,-2.771743774414062500e+00,-2.814788818359375000e+00,-2.421878337860107422e+00
-2.068984985351562500e+00,-2.074233055114746094e+00,2.976151466369628906e+00,-1.211112380027770996e+00,-7.341147661209106445e-01
1.698688149452209473e+00,-2.218079805374145508e+00,-2.117283582687377930e+00,-1.601999044418334961e+00,-1.383930206298828125e+00
2.348360776901245117e+00,-1.237427949905395508e+00,-2.231969118118286133e+00,-1.634167194366455078e+00,-2.527748107910156250e+00
2.488116264343261719e+00,-1.161257982254028320e+00,-1.882892370223999023e+00,1.557792544364929199e+00,-2.720446825027465820e+00
2.852282047271728516e+00,-6.529644727706909180e-01,-1.853469491004943848e+00,1.370236515998840332e+00,-8.214870691299438477e-01
1.745366930961608887e+00,-5.367112755775451660e-01,2.036699533462524414e+00,-2.443711280822753906e+00,-2.744960308074951172e+00
2.626666545867919922e+00,-2.889842987060546875e+00,-2.192553043365478516e+00,-2.571262359619140625e+00,-5.661463737487792969e-01
1.441687941551208496e+00,9.284193515777587891e-01,2.081146955490112305e+00,2.499323844909667969e+00,-1.263927578926086426e+00
5.935534834861755371e-01,-1.671430945396423340e+00,-2.631426572799682617e+00,-2.030876159667968750e+00,-1.336820363998413086e+00
1.398790717124938965e+00,-1.616521358489990234e+00,2.751908302307128906e+00,1.873335242271423340e+00,-5.791012644767761230e-01
2.476480484008789062e+00,-2.786482810974121094e+00,-2.096352338790893555e+00,-2.118580341339111328e+00,4.923285245895385742e-01
2.513422250747680664e+00,-1.487921118736267090e+00,-2.009858608245849609e+00,-1.132783293724060059e+00,-1.096084356307983398e+00
1.204048871994018555e+00,-1.101715087890625000e+00,-1.990496158599853516e+00,1.770727872848510742e+00,-1.943809866905212402e+00
7.442712783813476562e-01,-1.233681678771972656e+00,2.146013498306274414e+00,-1.788032770156860352e+00,-2.733851909637451172e+00
2.199484109878540039e+00,-1.724287509918212891e+00,2.765144348144531250e+00,1.284020304679870605e+00,1.320554614067077637e-01
1.561828613281250000e+00,-1.026984214782714844e+00,-2.353487968444824219e+00,-1.559842109680175781e+00,-2.218981266021728516e+00
4.845165610313415527e-01,-1.984078168869018555e+00,2.530226945877075195e+00,-1.608765602111816406e+00,-1.971060782670974731e-01
5.721693634986877441e-01,-1.182788848876953125e+00,2.841633081436157227e+00,2.280753135681152344e+00,-2.259435653686523438e+00
2.146398782730102539e+00,2.977225184440612793e-02,-2.845535516738891602e+00,2.576602458953857422e+00,-7.778752446174621582e-01
2.808274745941162109e+00,1.459527730941772461e+00,-1.795143008232116699e+00,-2.754585504531860352e+00,-2.723861455917358398e+00
1.865974545478820801e+00,-6.662495136260986328e-01,2.566286325454711914e+00,-2.910843133926391602e+00,-1.825404882431030273e+00
2.002042770385742188e+00,8.544614911079406738e-02,1.730184197425842285e+00,-1.733394265174865723e+00,-2.363236904144287109e+00
2.602638721466064453e+00,-1.329696536064147949e+00,1.570267081260681152e+00,-1.467379689216613770e+00,-1.722932696342468262e+00
2.572794675827026367e+00,-2.374183416366577148e+00,2.008064031600952148e+00,9.884752035140991211e-01,-1.714801490306854248e-01
1.039625763893127441e+00,-1.211524128913879395e+00,2.596102952957153320e+00,-2.300784587860107422e+00,-2.043289422988891602e+00
2.551364660263061523e+00,-1.856546700000762939e-01,-1.777340173721313477e+00,-2.013534784317016602e+00,-1.198756098747253418e+00
2.265283823013305664e+00,-2.220252752304077148e-01,-2.468052148818969727e+00,-2.113680124282836914e+00,-1.167302727699279785e+00
5.169367790222167969e-01,-1.916947603225708008e+00,2.855662822723388672e+00,-1.355739355087280273e+00,-6.213398575782775879e-01
-3.914470970630645752e-01,-2.619429111480712891e+00,-2.589446544647216797e+00,1.404635190963745117e+00,-7.344151735305786133e-01
2.204647779464721680e+00,-5.587897896766662598e-01,2.640732526779174805e+00,-1.580100059509277344e+00,-4.324488043785095215e-01
1.774147629737854004e+00,1.777235746383666992e+00,-2.398741245269775391e+00,-2.911739826202392578e+00,-2.036176443099975586e+00
2.112514734268188477e+00,-1.289614081382751465e+00,2.378586769104003906e+00,1.501160264015197754e+00,-5.082467198371887207e-01
2.003392219543457031e+00,-1.609301447868347168e+00,2.707089185714721680e+00,1.105181813240051270e+00,-2.832343578338623047e-01
2.004039287567138672e+00,-5.031883716583251953e-01,2.345904111862182617e+00,1.996237516403198242e+00,-1.239602565765380859e+00
2.077575445175170898e+00,-2.274418115615844727e+00,1.730274438858032227e+00,-1.407306909561157227e+00,-1.289101362228393555e+00
1.258094191551208496e+00,-5.901983976364135742e-01,2.614261865615844727e+00,1.964024543762207031e+00,-1.380819082260131836e+00
2.675007343292236328e+00,5.673677325248718262e-01,2.231508731842041016e+00,2.545919179916381836e+00,-1.236584305763244629e+00
1.970303803682327271e-01,-6.750257015228271484e-01,2.966512441635131836e+00,-2.261473417282104492e+00,-1.024280667304992676e+00
1.635946393013000488e+00,-1.434919714927673340e+00,2.692370176315307617e+00,-1.880426645278930664e+00,-1.153931021690368652e+00
1.552055835723876953e+00,-8.913048505783081055e-01,-2.342388629913330078e+00,-1.855537533760070801e+00,-6.202067136764526367e-01
1.115130424499511719e+00,-1.820209145545959473e+00,-2.485481739044189453e+00,-1.608132839202880859e+00,-1.844503164291381836e+00
2.120960235595703125e+00,-7.750970721244812012e-01,2.181563377380371094e+00,2.462078571319580078e+00,-1.834193587303161621e+00
1.388870358467102051e+00,-1.719031929969787598e+00,-2.529250621795654297e+00,1.685666799545288086e+00,-1.892596006393432617e+00
1.307036638259887695e+00,-1.086895093321800232e-01,2.284783840179443359e+00,-2.258389949798583984e+00,-1.736947059631347656e+00
2.645252943038940430e+00,6.509965658187866211e-01,2.335692167282104492e+00,-2.706698894500732422e+00,-6.471812725067138672e-01
2.350791931152343750e+00,-1.310238957405090332e+00,-2.016132593154907227e+00,-1.776554346084594727e+00,-1.907536149024963379e+00
1.924260616302490234e+00,-2.145924419164657593e-02,2.243410348892211914e+00,1.593021392822265625e+00,-1.526713371276855469e+00
1.349021315574645996e+00,-9.512003064155578613e-01,-2.333502292633056641e+00,2.114458799362182617e+00,-2.391604661941528320e+00
2.774240732192993164e+00,-2.600881099700927734e+00,1.352227330207824707e+00,-1.058641195297241211e+00,-2.840078771114349365e-01
3.117883205413818359e-02,-7.526208162307739258e-01,-2.658948421478271484e+00,2.211302995681762695e+00,-5.976879596710205078e-01
1.867636799812316895e+00,-1.210988998413085938e+00,-2.431446075439453125e+00,-1.764495968818664551e+00,-4.216256141662597656e-01
2.311942100524902344e+00,-1.352738976478576660e+00,1.737159371376037598e+00,1.464274287223815918e+00,-1.505711555480957031e+00
1.856606364250183105e+00,-7.905404567718505859e-01,1.940049171447753906e+00,1.927001714706420898e+00,-2.692576646804809570e+00
1.470740675926208496e+00,-1.913200974464416504e+00,-2.467104673385620117e+00,-1.698283314704895020e+00,-1.861104726791381836e+00
2.449250459671020508e+00,-2.697656631469726562e+00,2.690492153167724609e+00,1.960062861442565918e+00,1.266539573669433594e+00
2.782599687576293945e+00,-1.670246243476867676e+00,2.081307411193847656e+00,1.308132290840148926e+00,-4.316696524620056152e-01
1.486532807350158691e+00,-1.442324876785278320e+00,2.223101615905761719e+00,-1.710977077484130859e+00,-1.432810544967651367e+00
2.040242433547973633e+00,-2.797587513923645020e-01,2.580146551132202148e+00,2.266364097595214844e+00,-2.162255048751831055e+00
1.257051527500152588e-02,-2.310007572174072266e+00,-2.443282842636108398e+00,1.474546670913696289e+00,-1.152977228164672852e+00
1.368330240249633789e+00,-1.219295188784599304e-01,2.218216419219970703e+00,2.471992015838623047e+00,-1.897776842117309570e+00
1.187731623649597168e+00,5.789654254913330078e-01,-2.425844907760620117e+00,-2.216383695602416992e+00,-1.090168595314025879e+00
6.896332502365112305e-01,1.202457308769226074e+00,2.545908689498901367e+00,2.559239387512207031e+00,-1.498821258544921875e+00
2.325133323669433594e+00,-3.915117979049682617e-01,1.980705261230468750e+00,2.688516378402709961e+00,-8.303771018981933594e-01
1.666534245014190674e-01,-4.529594182968139648e-01,-2.337645769119262695e+00,-1.990440130233764648e+00,-2.027722835540771484e+00
1.689782857894897461e+00,-2.304869592189788818e-01,2.692986965179443359e+00,-2.407323360443115234e+00,-1.373894333839416504e+00
2.580649852752685547e+00,-5.428224802017211914e-01,-1.779208183288574219e+00,-1.755251526832580566e+00,-2.141724109649658203e+00
1.362292289733886719e+00,-2.244717359542846680e+00,2.078179597854614258e+00,1.160127639770507812e+00,-1.179832339286804199e+00
2.250560283660888672e+00,-1.158568263053894043e+00,1.967062830924987793e+00,-1.546427011489868164e+00,-2.515910625457763672e+00
9.705302119255065918e-01,-1.266248226165771484e+00,2.352406501770019531e+00,-1.535767078399658203e+00,-6.884547472000122070e-01
2.599050521850585938e+00,4.785086512565612793e-01,1.706397294998168945e+00,2.343616008758544922e+00,-2.907627582550048828e+00
2.235153198242187500e+00,-1.142449617385864258e+00,-1.625076413154602051e+00,-1.320544004440307617e+00,-1.340860843658447266e+00
1.869807243347167969e+00,-5.933545827865600586e-01,-2.076135396957397461e+00,2.100002527236938477e+00,-2.882074356079101562e+00
-1.025642156600952148e+00,-9.169080257415771484e-01,2.559646844863891602e+00,1.845468997955322266e+00,-1.483027338981628418e+00
2.777744531631469727e+00,-1.010520219802856445e+00,1.677670240402221680e+00,1.332188010215759277e+00,-1.065898180007934570e+00
-7.472580671310424805e-01,1.173188567161560059e+00,2.747173070907592773e+00,-2.709733247756958008e+00,-2.561221122741699219e+00
1.578371882438659668e+00,2.692337334156036377e-02,2.477885484695434570e+00,2.002888679504394531e+00,-1.443880200386047363e+00
1.068341255187988281e+00,-5.332077145576477051e-01,2.721230506896972656e+00,-2.196856021881103516e+00,-2.027179718017578125e+00
2.769435346126556396e-01,-2.418258666992187500e+00,-2.332262039184570312e+00,-1.125017166137695312e+00,-2.215061783790588379e-01
1.582416415214538574e+00,-8.995586633682250977e-01,2.317519426345825195e+00,1.599102258682250977e+00,-1.776446461677551270e+00
1.579855561256408691e+00,-1.179759263992309570e+00,-2.105275392532348633e+00,-1.609433770179748535e+00,-2.631570577621459961e+00
2.362876892089843750e+00,2.085737287998199463e-01,1.806691646575927734e+00,2.116803169250488281e+00,-2.562438488006591797e+00
2.190795421600341797e+00,-1.785417795181274414e+00,-1.774616241455078125e+00,-1.131452918052673340e+00,-1.502288579940795898e+00
7.704898118972778320e-01,-3.240341842174530029e-01,2.371083974838256836e+00,-2.054302930831909180e+00,-9.992506504058837891e-01
2.765794754028320312e+00,-7.889268398284912109e-01,-1.588235020637512207e+00,1.373816967010498047e+00,-3.154151737689971924e-01
2.679801464080810547e+00,-1.608498096466064453e+00,-1.810004115104675293e+00,-1.418416857719421387e+00,-1.182309865951538086e+00
2.261647224426269531e+00,-2.494421958923339844e+00,-1.654578566551208496e+00,-1.528824329376220703e+00,7.740551978349685669e-02
2.103567361831665039e+00,6.016319990158081055e-01,2.392532110214233398e+00,-2.841633796691894531e+00,-1.932460069656372070e+00
1.368718862533569336e+00,2.978135943412780762e-01,2.376855134963989258e+00,2.107863903045654297e+00,-1.262812733650207520e+00
2.655183315277099609e+00,1.647735834121704102e+00,1.669918298721313477e+00,-2.448241949081420898e+00,-2.165472030639648438e+00
-2.509362064301967621e-02,-1.725126028060913086e+00,2.964659929275512695e+00,1.742395997047424316e+00,-1.741776108741760254e+00
2.039040088653564453e+00,-1.608355522155761719e+00,1.756568789482116699e+00,-1.351211905479431152e+00,-2.393474340438842773e+00
1.583055019378662109e+00,-1.575456023216247559e+00,2.076367139816284180e+00,1.249900698661804199e+00,-1.705355942249298096e-01
-9.567841291427612305e-01,-2.427418231964111328e+00,2.833528518676757812e+00,1.839833974838256836e+00,7.696892023086547852e-01
1.420570850372314453e+00,-9.622798562049865723e-01,-2.553177595138549805e+00,1.665653705596923828e+00,-8.705648779869079590e-01
2.231060981750488281e+00,-3.957218527793884277e-01,-1.756134867668151855e+00,-1.943945646286010742e+00,-1.138664007186889648e+00
2.705730676651000977e+00,2.038627564907073975e-01,2.811726093292236328e+00,-2.731782913208007812e+00,-2.634477138519287109e+00
2.356359720230102539e+00,-2.894061207771301270e-01,-2.091913700103759766e+00,2.239576816558837891e+00,-2.039509057998657227e+00
1.970126032829284668e+00,1.612067222595214844e-03,-1.806961417198181152e+00,-1.802686810493469238e+00,-1.473088979721069336e+00
2.719262599945068359e+00,-2.077646493911743164e+00,2.308192968368530273e+00,-2.976495981216430664e+00,1.576100230216979980e+00
1.713505983352661133e+00,-1.264815926551818848e-01,1.917735576629638672e+00,2.333354473114013672e+00,-1.403948903083801270e+00
4.757346212863922119e-01,-9.343333244323730469e-01,-2.709431171417236328e+00,-2.037673473358154297e+00,-1.890794396400451660e+00
2.367672443389892578e+00,-9.696406871080398560e-02,1.782104015350341797e+00,1.922367811203002930e+00,-2.391994714736938477e+00
2.320563554763793945e+00,-1.551536917686462402e+00,-2.438510894775390625e+00,2.611503601074218750e+00,-1.784716725349426270e+00
2.946907758712768555e+00,-3.414893448352813721e-01,1.753515362739562988e+00,1.979922175407409668e+00,-2.494163662195205688e-01
1.665456414222717285e+00,-5.592725276947021484e-01,-1.646226406097412109e+00,1.637542366981506348e+00,-2.464782238006591797e+00
1.501772284507751465e+00,-1.605813026428222656e+00,-2.220168828964233398e+00,1.493267536163330078e+00,-2.085966587066650391e+00
1.383381366729736328e+00,-1.669584393501281738e+00,-2.356546401977539062e+00,-1.878625750541687012e+00,-2.459317445755004883e+00
2.058626651763916016e+00,-5.225818753242492676e-01,1.705251932144165039e+00,-1.557829856872558594e+00,-1.580989360809326172e+00
1.121552705764770508e+00,-1.665103197097778320e+00,2.444294929504394531e+00,1.315581917762756348e+00,-1.625962972640991211e+00
2.489109992980957031e+00,-4.468235373497009277e-01,-1.380420923233032227e+00,-1.511257171630859375e+00,-1.941359519958496094e+00
2.080011367797851562e+00,6.057549640536308289e-02,-1.780484080314636230e+00,-1.804608702659606934e+00,-2.127407550811767578e+00
-8.310913443565368652e-01,3.229065835475921631e-01,2.965640783309936523e+00,2.297639369964599609e+00,-2.282948970794677734e+00
2.611846685409545898e+00,8.664234280586242676e-01,-1.634676575660705566e+00,2.181599617004394531e+00,-2.098227024078369141e+00
1.834107875823974609e+00,-5.795193314552307129e-01,-1.981153249740600586e+00,1.821514368057250977e+00,-2.338865756988525391e+00
2.196881294250488281e+00,4.089557528495788574e-01,-1.682493805885314941e+00,-2.005718469619750977e+00,-2.355675697326660156e+00
2.175032138824462891e+00,-6.450225114822387695e-01,2.503695249557495117e+00,-2.566385030746459961e+00,-2.541114568710327148e+00
1.393614172935485840e+00,-4.714519381523132324e-01,2.557860851287841797e+00,-2.108425855636596680e+00,-1.428770542144775391e+00
1.134404540061950684e+00,-1.999686241149902344e+00,2.765681505203247070e+00,2.249406576156616211e+00,-2.947871685028076172e-01
2.616394281387329102e+00,-2.893684506416320801e-01,2.151340961456298828e+00,-1.425193428993225098e+00,-1.635905355215072632e-01
3.167343139648437500e-01,-4.802135229110717773e-01,2.744474172592163086e+00,-1.785403132438659668e+00,-9.301204681396484375e-01
2.750874280929565430e+00,-3.154696524143218994e-01,1.639240145683288574e+00,-1.534611821174621582e+00,-6.059075593948364258e-01
6.680255532264709473e-01,-1.163089036941528320e+00,2.582295656204223633e+00,-1.908745527267456055e+00,-1.307314515113830566e+00
2.400509357452392578e+00,1.497535109519958496e+00,1.927652120590209961e+00,2.424011707305908203e+00,-1.668220281600952148e+00
1.869916439056396484e+00,-2.881107330322265625e+00,2.797485351562500000e+00,-2.416801452636718750e+00,1.502701163291931152e+00
1.527873992919921875e+00,-1.520732164382934570e+00,-2.000207185745239258e+00,-1.736174106597900391e+00,-2.371315240859985352e+00
-1.752286791801452637e+00,-1.722338080406188965e+00,2.973357677459716797e+00,1.559435248374938965e+00,-1.499063014984130859e+00
2.319392681121826172e+00,-2.461824417114257812e+00,1.498793363571166992e+00,-1.143214106559753418e+00,-6.747139096260070801e-01
2.022533178329467773e+00,-2.593338251113891602e+00,-1.992276072502136230e+00,1.402137994766235352e+00,-1.614398956298828125e+00
2.748977422714233398e+00,-2.557354211807250977e+00,-1.794338464736938477e+00,-1.323175191879272461e+00,4.220747947692871094e-01
2.808534622192382812e+00,-1.686304330825805664e+00,1.504657506942749023e+00,1.261288166046142578e+00,-1.529457092285156250e+00
2.195723801851272583e-01,-2.521133899688720703e+00,2.829208612442016602e+00,1.647141814231872559e+00,-4.864091277122497559e-01
1.344178795814514160e+00,-1.579661369323730469e+00,-2.077494382858276367e+00,1.364815235137939453e+00,-1.490552663803100586e+00
1.770969152450561523e+00,8.709325790405273438e-01,-2.203544378280639648e+00,2.498368501663208008e+00,-2.892266988754272461e+00
1.835503578186035156e+00,2.495400905609130859e-01,2.090720891952514648e+00,2.030941486358642578e+00,-1.205852031707763672e+00
1.398387193679809570e+00,-1.113394021987915039e+00,-1.751386165618896484e+00,1.880097270011901855e+00,-1.330149769783020020e+00
1.047240018844604492e+00,-9.650922417640686035e-01,-1.906401276588439941e+00,-1.663826227188110352e+00,-9.848260879516601562e-01
2.077293395996093750e+00,-2.024935960769653320e+00,2.166883468627929688e+00,-2.833682298660278320e+00,-4.292907416820526123e-01
9.366892576217651367e-01,-1.900800943374633789e+00,2.264554023742675781e+00,1.208258032798767090e+00,-1.066929340362548828e+00
1.557834386825561523e+00,-2.534470558166503906e+00,2.296353340148925781e+00,-1.274988770484924316e+00,5.867850184440612793e-01
1.614971756935119629e+00,-5.206918716430664062e-01,-2.186192989349365234e+00,-1.647711753845214844e+00,-1.153117656707763672e+00
1.449320554733276367e+00,-1.423549652099609375e+00,-2.884013414382934570e+00,-2.585971832275390625e+00,-2.669248104095458984e+00
2.019475698471069336e+00,-9.878514409065246582e-01,1.915368199348449707e+00,1.373555660247802734e+00,-1.879223585128784180e+00
-1.012744069099426270e+00,-1.954745173454284668e+00,-2.475371837615966797e+00,1.035420894622802734e+00,-8.341492414474487305e-01
2.876826047897338867e+00,-9.941850900650024414e-01,2.476270914077758789e+00,-2.138105869293212891e+00,-2.603626966476440430e+00
-5.151597261428833008e-01,-2.380315303802490234e+00,2.724114656448364258e+00,-2.265306711196899414e+00,-7.414521574974060059e-01
1.941372752189636230e+00,5.846921205520629883e-01,2.481890678405761719e+00,2.513197422027587891e+00,-1.428027272224426270e+00
1.914572715759277344e+00,-8.814267516136169434e-01,1.859532594680786133e+00,1.433732151985168457e+00,-2.094212770462036133e+00
2.404881477355957031e+00,-1.655601978302001953e+00,-2.001320600509643555e+00,2.063832044601440430e+00,-8.300367593765258789e-01
1.653244614601135254e+00,8.199907541275024414e-01,2.200031757354736328e+00,-2.196063041687011719e+00,-1.185214638710021973e+00
4.816244244575500488e-01,5.731345415115356445e-01,-2.330444335937500000e+00,-1.990565180778503418e+00,-1.412647008895874023e+00
9.935564398765563965e-01,-6.549129486083984375e-01,-2.330367326736450195e+00,1.759779930114746094e+00,-2.008513689041137695e+00
2.637943267822265625e+00,1.068294048309326172e-03,1.554815649986267090e+00,-2.087082386016845703e+00,-1.666410446166992188e+00
2.106531381607055664e+00,-2.855514764785766602e+00,2.176128149032592773e+00,1.561879873275756836e+00,-4.483055323362350464e-02
2.745951414108276367e+00,5.050336718559265137e-01,-1.274709105491638184e+00,-1.668596744537353516e+00,-1.856421113014221191e+00
8.810039758682250977e-01,-4.367985725402832031e-01,2.092008113861083984e+00,1.462398052215576172e+00,-1.537822246551513672e+00
1.893790960311889648e+00,-1.042785167694091797e+00,2.706513166427612305e+00,2.591601371765136719e+00,-1.166311979293823242e+00
2.345003604888916016e+00,-4.097170233726501465e-01,-2.018803119659423828e+00,-1.554069757461547852e+00,-5.162804126739501953e-01
5.008941292762756348e-01,3.953445851802825928e-01,-2.991528034210205078e+00,-2.810125827789306641e+00,-2.796530961990356445e+00
2.729212760925292969e+00,3.420529067516326904e-01,2.094927787780761719e+00,-1.813897490501403809e+00,-7.146139144897460938e-01
2.783612728118896484e+00,7.731922268867492676e-01,-1.804795861244201660e+00,-2.026327848434448242e+00,-9.442888498306274414e-01
3.031693696975708008e-01,-7.910859584808349609e-02,-2.674658536911010742e+00,2.351431846618652344e+00,-2.475384235382080078e+00
2.654293060302734375e+00,4.810726344585418701e-01,2.423650979995727539e+00,1.913289070129394531e+00,-8.319308757781982422e-01
9.716857075691223145e-01,-2.640366554260253906e+00,-2.059327125549316406e+00,-2.287471532821655273e+00,-6.918658018112182617e-01
1.442963719367980957e+00,4.995141923427581787e-02,-2.552358150482177734e+00,1.779684066772460938e+00,-5.000094771385192871e-01
1.629781126976013184e+00,7.648020237684249878e-02,-2.300879001617431641e+00,1.976246118545532227e+00,-7.988180518150329590e-01
2.286501169204711914e+00,-1.148032665252685547e+00,2.766278505325317383e+00,2.425125122070312500e+00,1.235857248306274414e+00
1.914545178413391113e+00,-9.449088573455810547e-01,1.995676875114440918e+00,-1.722866058349609375e+00,-2.847232103347778320e+00
2.245385646820068359e+00,7.458549737930297852e-01,-2.684084892272949219e+00,-2.340794324874877930e+00,-1.010935783386230469e+00
2.574185609817504883e+00,2.236238718032836914e+00,-1.903208613395690918e+00,-2.781969070434570312e+00,-1.977685093879699707e+00
1.801381707191467285e+00,2.247598320245742798e-01,2.282578706741333008e+00,-2.336980581283569336e+00,-1.861530303955078125e+00
2.763041496276855469e+00,-2.219324260950088501e-01,2.348767995834350586e+00,-1.191344380378723145e+00,-3.692748546600341797e-01
1.331812143325805664e+00,-1.539314150810241699e+00,-2.710798501968383789e+00,-9.893721938133239746e-01,1.239962577819824219e-01
1.344632387161254883e+00,-1.102724194526672363e+00,-2.217168331146240234e+00,1.773206710815429688e+00,-7.002789378166198730e-01
2.460819721221923828e+00,-4.794420897960662842e-01,-1.611085057258605957e+00,-1.743183493614196777e+00,-1.593790769577026367e+00
2.061440706253051758e+00,-3.334451913833618164e-01,2.558236837387084961e+00,-1.798294425010681152e+00,-1.527379870414733887e+00
2.420935153961181641e+00,-4.298225641250610352e-01,2.315337657928466797e+00,-2.689819335937500000e+00,-2.647371292114257812e+00
-2.175855159759521484e+00,-1.329572439193725586e+00,2.990503311157226562e+00,-1.770061731338500977e+00,-1.415651202201843262e+00
2.305244922637939453e+00,-1.656749248504638672e+00,1.717087745666503906e+00,-1.352102994918823242e+00,-2.392676353454589844e+00
1.324969887733459473e+00,3.642905950546264648e-01,-2.066760063171386719e+00,-2.181208372116088867e+00,-2.209941148757934570e+00
2.833295822143554688e+00,5.746896266937255859e-01,1.631020188331604004e+00,-2.101581573486328125e+00,-1.967448353767395020e+00
1.771695256233215332e+00,3.270890712738037109e-01,-2.178982257843017578e+00,1.764959096908569336e+00,-8.642390370368957520e-01
2.611811637878417969e+00,-2.267912149429321289e+00,-1.664726376533508301e+00,-1.571390986442565918e+00,-6.233904361724853516e-01
1.793986320495605469e+00,-1.135097295045852661e-01,2.781205415725708008e+00,2.613547086715698242e+00,-2.774005889892578125e+00
2.406443595886230469e+00,-3.870579600334167480e-01,-2.129835605621337891e+00,-1.771018981933593750e+00,-1.991477966308593750e+00
-1.549060583114624023e+00,-9.993867874145507812e-01,-2.598398208618164062e+00,-1.624725699424743652e+00,-8.526569604873657227e-01
2.265264987945556641e+00,8.985454440116882324e-01,-2.626584053039550781e+00,-2.098915338516235352e+00,-4.345045685768127441e-01
2.753823280334472656e+00,-7.280705571174621582e-01,-1.863620996475219727e+00,-2.135983943939208984e+00,-2.421412706375122070e+00
1.570477008819580078e+00,-1.576911330223083496e+00,1.704794645309448242e+00,1.294960737228393555e+00,-1.873356580734252930e+00
2.789984941482543945e+00,-1.767192333936691284e-01,1.948747396469116211e+00,1.534805297851562500e+00,-3.192552924156188965e-01
2.672149658203125000e+00,3.504554629325866699e-01,1.767763733863830566e+00,2.060258150100708008e+00,-1.394517064094543457e+00
1.712085604667663574e+00,-1.286317825317382812e+00,-1.961076736450195312e+00,-1.306234955787658691e+00,-8.658254146575927734e-01
1.244457244873046875e+00,-2.328862249851226807e-02,2.380338668823242188e+00,2.045686006546020508e+00,-1.598425149917602539e+00
2.053754091262817383e+00,1.592657685279846191e+00,-2.592102527618408203e+00,2.544580698013305664e+00,-8.273759484291076660e-01
2.973620653152465820e+00,1.501983642578125000e+00,2.746836185455322266e+00,2.155663251876831055e+00,-1.964396238327026367e-01
1.976564645767211914e+00,-1.647642016410827637e+00,-1.617735028266906738e+00,-1.458878159523010254e+00,-8.076523542404174805e-01
2.522750139236450195e+00,-4.850260615348815918e-01,-1.793058514595031738e+00,2.150452136993408203e+00,-1.997353076934814453e+00
1.636021494865417480e+00,-1.755010962486267090e+00,1.838905692100524902e+00,-1.269423246383666992e+00,-1.130813837051391602e+00
2.575291156768798828e+00,-1.050448417663574219e+00,2.158266782760620117e+00,1.923633575439453125e+00,-2.595057010650634766e+00
1.360479235649108887e+00,6.053358316421508789e-01,2.927830219268798828e+00,-2.675814867019653320e+00,-2.386621952056884766e+00
2.984541654586791992e-01,-6.372390985488891602e-01,2.897250652313232422e+00,2.720240354537963867e+00,-2.660097360610961914e+00
2.606264591217041016e+00,1.624445915222167969e+00,-1.757148623466491699e+00,2.153562068939208984e+00,-7.120724916458129883e-01
2.057248950004577637e-01,-7.583286762237548828e-01,-2.164826154708862305e+00,1.726742148399353027e+00,-2.725455045700073242e+00
2.396946191787719727e+00,-1.899424791336059570e+00,2.542275428771972656e+00,1.013143181800842285e+00,2.734324038028717041e-01
2.092295646667480469e+00,4.733922183513641357e-01,-1.565875649452209473e+00,-1.833137869834899902e+00,-2.614577293395996094e+00
4.740550816059112549e-01,8.326612710952758789e-01,1.986167550086975098e+00,1.905566096305847168e+00,-2.039201259613037109e+00
2.431049108505249023e+00,-2.193772077560424805e+00,-1.740412473678588867e+00,-1.945563435554504395e+00,-1.713835820555686951e-02
2.761829137802124023e+00,-2.020722627639770508e+00,2.327033758163452148e+00,-1.078338980674743652e+00,4.610141515731811523e-01
6.218602061271667480e-01,-2.133227825164794922e+00,2.084933280944824219e+00,-1.371792435646057129e+00,-1.376566290855407715e+00
2.909335136413574219e+00,-4.430274665355682373e-01,-1.943546891212463379e+00,2.547901630401611328e+00,-2.444139719009399414e+00
2.292465448379516602e+00,-3.007910251617431641e-01,-2.525482177734375000e+00,2.566376924514770508e+00,-2.186121791601181030e-01
1.535921454429626465e+00,-6.492264270782470703e-01,-2.419751644134521484e+00,-1.576451539993286133e+00,-9.073471426963806152e-01
2.039077281951904297e+00,-1.237850189208984375e+00,-1.580516099929809570e+00,1.122654557228088379e+00,-1.155916571617126465e+00
2.819557189941406250e+00,-1.762947440147399902e+00,-1.644640564918518066e+00,1.336321711540222168e+00,-4.497362375259399414e-01
5.464814901351928711e-01,-1.790074229240417480e+00,2.801030635833740234e+00,1.704504013061523438e+00,-1.261653006076812744e-01
1.128484606742858887e+00,-7.130439281463623047e-01,2.098525285720825195e+00,-1.795591711997985840e+00,-9.271830916404724121e-01
1.888755798339843750e+00,-9.929316043853759766e-01,-2.297418832778930664e+00,2.459938287734985352e+00,-2.682082653045654297e+00
2.593669891357421875e+00,-1.535552740097045898e+00,1.827139139175415039e+00,-1.766887664794921875e+00,-1.825230240821838379e+00
2.429081916809082031e+00,-1.008631467819213867e+00,-1.560073375701904297e+00,-1.322212338447570801e+00,-8.760704994201660156e-01
2.062414884567260742e+00,-1.578233838081359863e-01,2.950665950775146484e+00,2.167330026626586914e+00,-1.276280641555786133e+00
5.543103814125061035e-01,-9.480628967285156250e-01,-2.633553028106689453e+00,1.800028562545776367e+00,-2.865931034088134766e+00
2.738980293273925781e+00,-1.257194519042968750e+00,2.277184247970581055e+00,-2.131925582885742188e+00,-7.615688443183898926e-02
7.032813429832458496e-01,-1.077516198158264160e+00,1.840647459030151367e+00,1.127233028411865234e+00,-1.040012001991271973e+00
2.943068742752075195e+00,-4.392783343791961670e-01,2.373453617095947266e+00,2.564538002014160156e+00,9.491531252861022949e-01
4.101023375988006592e-01,-7.198834419250488281e-01,-2.446155786514282227e+00,1.532703042030334473e+00,-1.344350814819335938e+00
1.718246579170227051e+00,-9.726061820983886719e-01,2.072875738143920898e+00,-2.344958066940307617e+00,-1.206106424331665039e+00
2.747750520706176758e+00,-4.022770822048187256e-01,1.972375273704528809e+00,-2.753870248794555664e+00,-1.848756313323974609e+00
2.029461383819580078e+00,-1.132528305053710938e+00,-2.215884208679199219e+00,1.918669581413269043e+00,-2.482003927230834961e+00
1.339024901390075684e-01,-2.318171977996826172e+00,-2.705546140670776367e+00,1.182233452796936035e+00,1.914213895797729492e-01
7.433823347091674805e-01,-1.609542131423950195e+00,-1.862998247146606445e+00,-1.326620578765869141e+00,-1.558018922805786133e+00
8.603180646896362305e-01,-6.822739243507385254e-01,-2.169558525085449219e+00,-1.857111930847167969e+00,-2.813092947006225586e+00
2.215955495834350586e+00,1.206686735153198242e+00,2.103289842605590820e+00,-2.793886661529541016e+00,-2.751105546951293945e+00
1.132117390632629395e+00,-1.653074622154235840e-01,2.368600368499755859e+00,2.466835498809814453e+00,-1.832710385322570801e+00
1.545253634452819824e+00,1.643595248460769653e-01,-2.230428695678710938e+00,-2.548896551132202148e+00,-1.818126559257507324e+00
1.905236601829528809e+00,-1.383514165878295898e+00,2.319169998168945312e+00,-1.659184098243713379e+00,-2.088555097579956055e+00
1.383419156074523926e+00,-1.492518186569213867e+00,-2.385723829269409180e+00,-2.260691404342651367e+00,-2.262356758117675781e+00
8.193839192390441895e-01,-1.438985347747802734e+00,2.393738985061645508e+00,-2.116174697875976562e+00,-1.015959382057189941e+00
1.638971924781799316e+00,-2.884799242019653320e-01,-2.681293725967407227e+00,1.900965213775634766e+00,-2.071885585784912109e+00
1.712687849998474121e+00,-1.242958009243011475e-01,1.871191263198852539e+00,1.589006543159484863e+00,-2.532698154449462891e+00
-5.698012113571166992e-01,-1.826414346694946289e+00,-2.952157497406005859e+00,-2.251678705215454102e+00,-6.781076192855834961e-01
2.280100584030151367e+00,-9.811729192733764648e-03,2.110765695571899414e+00,2.569746017456054688e+00,-2.470358371734619141e+00
4.789485037326812744e-01,-2.220083624124526978e-01,2.304092884063720703e+00,1.712589144706726074e+00,-1.854501008987426758e+00
1.062306523323059082e+00,-2.244868040084838867e+00,2.668583869934082031e+00,-1.302471041679382324e+00,4.575000703334808350e-02
2.595677614212036133e+00,1.209874987602233887e+00,1.843295812606811523e+00,2.239086151123046875e+00,-1.203311085700988770e+00
2.832306623458862305e+00,-9.866030812263488770e-01,-1.967519879341125488e+00,2.112381458282470703e+00,4.081181883811950684e-01
2.458699464797973633e+00,-1.061790823936462402e+00,-2.713386774063110352e+00,-2.597137928009033203e+00,-6.324008107185363770e-02
2.818522214889526367e+00,8.364423513412475586e-01,2.713433742523193359e+00,-2.389513969421386719e+00,-8.539581298828125000e-02
1.442542672157287598e+00,-8.523288369178771973e-01,-1.800874352455139160e+00,-1.288108587265014648e+00,-1.401119351387023926e+00
1.647326350212097168e+00,1.382056474685668945e+00,2.272038459777832031e+00,-2.795823812484741211e+00,-2.272999286651611328e+00
2.532743453979492188e+00,-1.871110796928405762e-01,2.514436483383178711e+00,-2.127439737319946289e+00,-2.382082700729370117e+00
1.959927082061767578e+00,-1.155702769756317139e-01,-2.467967271804809570e+00,2.179994344711303711e+00,-2.104195356369018555e+00
2.237506389617919922e+00,-1.535951614379882812e+00,1.839230418205261230e+00,1.856977105140686035e+00,-1.873514771461486816e+00
2.433550596237182617e+00,7.886663675308227539e-01,1.635978937149047852e+00,1.851420164108276367e+00,-1.213914871215820312e+00
1.391978025436401367e+00,-2.558822393417358398e+00,-1.578220605850219727e+00,-1.270184040069580078e+00,-5.316842198371887207e-01
1.743991494178771973e+00,3.038245141506195068e-01,2.151332378387451172e+00,-2.700806379318237305e+00,-2.944201946258544922e+00
9.282936900854110718e-02,-1.721019983291625977e+00,-2.744524478912353516e+00,-1.397833585739135742e+00,-4.399490952491760254e-01
2.878532171249389648e+00,1.368815660476684570e+00,-2.321092367172241211e+00,-2.641376733779907227e+00,-1.252520084381103516e+00
7.640956640243530273e-01,-3.986888527870178223e-01,2.759261608123779297e+00,-2.680070161819458008e+00,-2.419148236513137817e-01
2.365574121475219727e+00,-1.644635319709777832e+00,-1.807927250862121582e+00,1.432890057563781738e+00,-2.175547927618026733e-01
2.663280487060546875e+00,8.416879773139953613e-01,1.670157313346862793e+00,-1.892556071281433105e+00,-1.080176830291748047e+00
2.217129707336425781e+00,3.318496048450469971e-01,1.686458826065063477e+00,1.696856021881103516e+00,-1.678530693054199219e+00
1.374251127243041992e+00,5.326322913169860840e-01,1.970421671867370605e+00,2.262383937835693359e+00,-2.480061769485473633e+00
1.186886548995971680e+00,-2.664603710174560547e+00,1.976238846778869629e+00,2.199896574020385742e+00,2.597993314266204834e-01
1.820221304893493652e+00,-2.397533655166625977e+00,1.636390686035156250e+00,1.279724836349487305e+00,-2.452103495597839355e-01
2.821027994155883789e+00,-1.969368100166320801e+00,-1.369309067726135254e+00,1.313913226127624512e+00,-5.626838207244873047e-01
2.238237380981445312e+00,-6.870954036712646484e-01,1.952695608139038086e+00,2.450833082199096680e+00,-2.580438613891601562e+00
2.381838560104370117e+00,-7.616744190454483032e-02,-1.944926142692565918e+00,-2.390263557434082031e+00,-2.535147666931152344e+00
2.165004730224609375e+00,-1.498198151588439941e+00,1.714681506156921387e+00,1.713489413261413574e+00,-3.859090805053710938e-01
7.099978923797607422e-01,-1.956973791122436523e+00,-2.362797260284423828e+00,-2.200889110565185547e+00,-1.954133868217468262e+00
1.658644556999206543e+00,-8.172419667243957520e-02,2.511460065841674805e+00,-1.862879157066345215e+00,-2.141059041023254395e-01
7.960464358329772949e-01,-1.370502829551696777e+00,-2.612582683563232422e+00,1.580145716667175293e+00,-2.150312185287475586e+00
1.601700544357299805e+00,4.335065484046936035e-01,-2.117741584777832031e+00,-2.455607414245605469e+00,-1.149244189262390137e+00
2.879864931106567383e+00,-2.832305908203125000e+00,1.064953804016113281e+00,1.187952995300292969e+00,-1.171510890126228333e-01
2.262337446212768555e+00,2.837293222546577454e-02,-2.123406648635864258e+00,-1.999492645263671875e+00,-1.677962064743041992e+00
2.768198251724243164e+00,-2.245091199874877930e-01,1.300192236900329590e+00,1.619777441024780273e+00,-1.342331647872924805e+00
1.424284577369689941e+00,-2.612032175064086914e+00,2.103060245513916016e+00,1.719715833663940430e+00,2.385796606540679932e-01
6.919187307357788086e-01,8.455831408500671387e-01,-2.068743228912353516e+00,1.990108609199523926e+00,-2.414685964584350586e+00
-1.029939413070678711e+00,1.596191048622131348e+00,-2.740315914154052734e+00,1.817056775093078613e+00,-8.483250737190246582e-01
2.774895668029785156e+00,1.357799053192138672e+00,-1.736668229103088379e+00,-2.898952484130859375e+00,-1.963119506835937500e+00
6.520141959190368652e-01,2.460510134696960449e-01,-2.324462652206420898e+00,-2.509771108627319336e+00,-2.653977155685424805e+00
1.478632092475891113e-01,-1.027730226516723633e+00,2.833236455917358398e+00,2.719646930694580078e+00,-2.286013126373291016e+00
1.047936558723449707e+00,-1.991068482398986816e+00,-1.694543242454528809e+00,-1.545634269714355469e+00,-1.853036880493164062e+00
1.621688127517700195e+00,-7.303734868764877319e-02,-2.334991931915283203e+00,2.852543354034423828e+00,-2.223147392272949219e+00
2.032275676727294922e+00,-5.768695473670959473e-01,-1.904169917106628418e+00,-1.673197627067565918e+00,-2.073072433471679688e+00
1.412699341773986816e+00,-6.633391380310058594e-01,2.621568918228149414e+00,-1.852855205535888672e+00,1.692083030939102173e-01
2.471005678176879883e+00,6.276915073394775391e-01,2.426210641860961914e+00,2.074046611785888672e+00,-1.835165023803710938e-01
1.799097418785095215e+00,3.524494171142578125e-01,-1.870456457138061523e+00,2.467683076858520508e+00,-2.644359588623046875e+00
1.167390346527099609e+00,-9.571713209152221680e-01,2.133566141128540039e+00,1.311864495277404785e+00,-1.747639894485473633e+00
7.284899950027465820e-01,-7.866870760917663574e-01,-2.353366613388061523e+00,-1.631916046142578125e+00,-2.787128448486328125e+00
6.162506341934204102e-01,-2.223860979080200195e+00,-2.878020763397216797e+00,-2.682953834533691406e+00,1.940475106239318848e+00
1.881802082061767578e+00,-1.245242133736610413e-01,-1.591844677925109863e+00,1.637094140052795410e+00,-2.557388544082641602e+00
1.836749911308288574e+00,-2.547548413276672363e-01,-3.196325302124023438e+00,-1.630812644958496094e+00,-2.375910133123397827e-01
3.173372030258178711e+00,-3.124615669250488281e+00,-1.993903040885925293e+00,-2.318140029907226562e+00,-1.445777535438537598e+00
1.014163136482238770e+00,-7.237051129341125488e-01,2.325625896453857422e+00,-1.970128655433654785e+00,-3.275112152099609375e+00
1.136632442474365234e+00,-3.241401195526123047e+00,-2.797578811645507812e+00,-1.409452199935913086e+00,1.039883494377136230e-01
1.317188024520874023e+00,-3.259727478027343750e+00,-2.265122413635253906e+00,1.155951976776123047e+00,-4.854161143302917480e-01
3.586720228195190430e+00,-2.051571846008300781e+00,-1.284696578979492188e+00,1.222846269607543945e+00,-1.939375042915344238e+00
3.109432220458984375e+00,-1.581912517547607422e+00,1.281455755233764648e+00,1.550263524055480957e+00,-1.840405225753784180e+00
3.376077175140380859e+00,4.513302445411682129e-01,-1.642179131507873535e+00,2.260316610336303711e+00,-3.495595455169677734e-01
3.301277399063110352e+00,-8.904371857643127441e-01,-2.045987367630004883e+00,2.042208671569824219e+00,1.046961069107055664e+00
1.646321296691894531e+00,3.032660782337188721e-01,2.512116193771362305e+00,-3.002752780914306641e+00,-1.972833871841430664e+00
1.030247330665588379e+00,-3.181220769882202148e+00,-1.864428877830505371e+00,-1.319639563560485840e+00,-1.479084044694900513e-01
2.556194782257080078e+00,-7.905411720275878906e-01,-2.168601036071777344e+00,2.077821731567382812e+00,-3.196004867553710938e+00
3.212799072265625000e+00,-1.424112319946289062e+00,2.363287925720214844e+00,-2.069183588027954102e+00,-2.221763849258422852e+00
3.111749649047851562e+00,5.916190147399902344e-01,-1.768149733543395996e+00,-1.682803511619567871e+00,-6.342029571533203125e-01
3.491132736206054688e+00,-1.014687418937683105e+00,-1.515332579612731934e+00,2.465737581253051758e+00,-1.895698547363281250e+00
4.216758310794830322e-01,-4.898479282855987549e-01,-2.675219058990478516e+00,-2.320867061614990234e+00,-3.358186721801757812e+00
3.221853017807006836e+00,1.606937348842620850e-01,-2.573054075241088867e+00,-1.639006614685058594e+00,-2.639970183372497559e-01
-2.339857816696166992e-02,-1.979220986366271973e+00,3.016010522842407227e+00,-2.309030294418334961e+00,-2.320550680160522461e+00
1.729851961135864258e+00,-3.282883167266845703e+00,2.750572204589843750e+00,1.969549179077148438e+00,1.417761683464050293e+00
2.536574840545654297e+00,-1.990602612495422363e+00,2.458992004394531250e+00,2.036828517913818359e+00,-3.022944927215576172e+00
2.027854681015014648e+00,-7.891221046447753906e-01,3.335163116455078125e+00,-1.158166885375976562e+00,-4.793474078178405762e-01
3.031160831451416016e+00,-1.550679922103881836e+00,-1.709255576133728027e+00,-2.284729242324829102e+00,-1.959585070610046387e+00
3.110392093658447266e+00,-1.929566264152526855e+00,-1.957222223281860352e+00,2.313494682312011719e+00,-1.276145279407501221e-01
3.101638793945312500e+00,-2.732742786407470703e+00,2.323979616165161133e+00,2.115036010742187500e+00,-2.814346551895141602e+00
2.144618034362792969e+00,-1.201053023338317871e+00,-3.432829618453979492e+00,-2.102262020111083984e+00,-1.711161613464355469e+00
1.747331500053405762e+00,-3.134433507919311523e+00,-2.575104713439941406e+00,-1.433751940727233887e+00,-6.108955144882202148e-01
1.521274566650390625e+00,-3.057643890380859375e+00,2.887834310531616211e+00,-1.890869021415710449e+00,-1.091454029083251953e-01
3.004335165023803711e+00,-8.839149475097656250e-01,-2.249843120574951172e+00,2.436874866485595703e+00,-3.222936391830444336e+00
2.094830989837646484e+00,-1.173345446586608887e+00,2.835415124893188477e+00,2.418312072753906250e+00,-3.035890102386474609e+00
3.026911497116088867e+00,-1.331565856933593750e+00,2.678822994232177734e+00,2.023696899414062500e+00,-6.437615156173706055e-01
3.130040645599365234e+00,-8.090934753417968750e-01,-2.267627239227294922e+00,2.360125780105590820e+00,-4.753640890121459961e-01
2.247732877731323242e+00,-1.542978405952453613e+00,3.190695762634277344e+00,2.895435094833374023e+00,-1.464427232742309570e+00
3.466515064239501953e+00,1.018078684806823730e+00,1.472573041915893555e+00,-2.113496065139770508e+00,-1.820561766624450684e+00
2.559274673461914062e+00,-3.135589361190795898e-01,3.250253677368164062e+00,-1.431806921958923340e+00,-3.642061352729797363e-01
3.005925893783569336e+00,-1.254609942436218262e+00,2.320136308670043945e+00,2.797913551330566406e+00,-1.794485569000244141e+00
3.362308740615844727e+00,-8.729841709136962891e-01,-1.269566893577575684e+00,-1.933993935585021973e+00,-1.440450072288513184e+00
1.568216323852539062e+00,-1.421437740325927734e+00,-3.037743568420410156e+00,-2.314736843109130859e+00,-2.561053752899169922e+00
-9.198158383369445801e-01,-3.186159133911132812e+00,-2.794010162353515625e+00,-1.294155240058898926e+00,4.136602282524108887e-01
2.638499736785888672e+00,-3.141494274139404297e+00,1.171385288238525391e+00,-1.073020696640014648e+00,-7.599873542785644531e-01
2.149357050657272339e-01,-9.932905435562133789e-01,-2.986465454101562500e+00,3.601695060729980469e+00,-9.681480526924133301e-01
1.609172224998474121e+00,-3.222710609436035156e+00,-2.209763288497924805e+00,1.820702552795410156e+00,-1.093231201171875000e+00
3.079806089401245117e+00,-1.830927133560180664e+00,1.351058244705200195e+00,-1.320015549659729004e+00,-2.846483230590820312e+00
-1.303266763687133789e+00,-1.340731739997863770e+00,-3.115739822387695312e+00,1.949621081352233887e+00,-1.260666012763977051e+00
-2.381281852722167969e+00,-2.421396017074584961e+00,3.119447469711303711e+00,1.333568215370178223e+00,-9.795065224170684814e-02
-6.164290904998779297e-01,-1.064544558525085449e+00,3.139750242233276367e+00,1.666670083999633789e+00,-3.990980982780456543e-01
3.096016407012939453e+00,1.510024964809417725e-01,1.863950014114379883e+00,2.298128843307495117e+00,-8.044605255126953125e-01
2.487767219543457031e+00,-2.496798038482666016e-01,1.620960354804992676e+00,-1.926485538482666016e+00,-3.370831251144409180e+00
2.312889099121093750e+00,-1.283085465431213379e+00,2.718888282775878906e+00,-2.539833545684814453e+00,-3.072492599487304688e+00
-2.177164077758789062e+00,6.064894795417785645e-01,-3.017914295196533203e+00,-2.237686157226562500e+00,-2.491092443466186523e+00
1.002683997154235840e+00,-1.139415860176086426e+00,-2.351861953735351562e+00,1.834560751914978027e+00,-3.034826278686523438e+00
8.210762143135070801e-01,-2.112005352973937988e-01,2.807427883148193359e+00,-3.078688144683837891e+00,-2.033414125442504883e+00
3.078247308731079102e+00,-2.644720554351806641e+00,2.374435663223266602e+00,-2.796828269958496094e+00,-2.087147951126098633e+00
2.028261661529541016e+00,-1.107352375984191895e+00,-1.773770689964294434e+00,1.509337425231933594e+00,-3.514018058776855469e+00
3.376070976257324219e+00,-1.764288306236267090e+00,-9.399234056472778320e-01,8.509760499000549316e-01,-2.962807416915893555e+00
2.096443176269531250e+00,-8.594287633895874023e-01,2.580766916275024414e+00,-2.726688861846923828e+00,-3.141579627990722656e+00
2.068590641021728516e+00,-1.367243289947509766e+00,3.118554830551147461e+00,1.564092040061950684e+00,-8.222476243972778320e-01
2.096023082733154297e+00,-1.598186254501342773e+00,3.204796552658081055e+00,1.669359683990478516e+00,2.682997584342956543e-01
3.320030450820922852e+00,-2.469652652740478516e+00,1.671623706817626953e+00,-1.589649558067321777e+00,3.952918648719787598e-01
3.097254037857055664e+00,3.530291616916656494e-01,-1.642895102500915527e+00,2.261758089065551758e+00,-1.782720327377319336e+00
3.515018939971923828e+00,-7.729844450950622559e-01,-1.589555025100708008e+00,2.284323215484619141e+00,-2.321923017501831055e+00
1.693447351455688477e+00,-6.061533093452453613e-02,-1.819244503974914551e+00,-1.728694558143615723e+00,-3.259744644165039062e+00
2.328592538833618164e+00,6.231162548065185547e-01,-2.778142929077148438e+00,3.014699220657348633e+00,-1.013970613479614258e+00
1.741152882575988770e+00,-8.992124199867248535e-01,-3.034491300582885742e+00,1.209678769111633301e+00,-6.342630386352539062e-01
3.325827121734619141e+00,-1.414003849029541016e+00,-1.716444730758666992e+00,1.533719897270202637e+00,-1.699969053268432617e+00
3.278534412384033203e+00,-1.322221279144287109e+00,1.710331439971923828e+00,1.534169912338256836e+00,-2.020673990249633789e+00
3.274009227752685547e+00,-2.599605321884155273e+00,2.337470531463623047e+00,-3.626284122467041016e+00,-1.321403861045837402e+00
2.866894960403442383e+00,-2.059192419052124023e+00,3.009010791778564453e+00,1.033659934997558594e+00,-3.869023919105529785e-01
2.296535491943359375e+00,1.840841531753540039e+00,-2.013324499130249023e+00,3.180976629257202148e+00,-6.213513612747192383e-01
6.393550634384155273e-01,1.356307268142700195e+00,-1.454586148262023926e+00,-1.891904115676879883e+00,-2.352938413619995117e+00
6.847737431526184082e-01,1.420882701873779297e+00,-2.108022689819335938e+00,-2.321224689483642578e+00,4.334275722503662109e-01
6.311681866645812988e-01,1.571984052658081055e+00,-2.173770189285278320e+00,2.520940065383911133e+00,-2.676723957061767578e+00
2.433511912822723389e-01,1.474919438362121582e+00,-1.551037430763244629e+00,-1.388071537017822266e+00,-1.616623401641845703e+00
8.272738456726074219e-01,1.335640668869018555e+00,1.605266690254211426e+00,1.376215457916259766e+00,-2.628671169281005859e+00
1.027675509452819824e+00,1.359262228012084961e+00,2.737106800079345703e+00,1.618787527084350586e+00,-9.903547763824462891e-01
5.217851996421813965e-01,1.774658918380737305e+00,1.421965599060058594e+00,-1.329084038734436035e+00,-1.011958956718444824e+00
1.057116150856018066e+00,1.179611682891845703e+00,1.830738186836242676e+00,1.735565066337585449e+00,4.186892509460449219e-01
3.682690858840942383e-01,9.202839732170104980e-01,-2.422982931137084961e+00,-2.966161966323852539e+00,1.212524175643920898e+00
6.480312943458557129e-01,3.625026345252990723e-01,-2.469312191009521484e+00,2.247466564178466797e+00,-3.090556263923645020e-01
9.678707122802734375e-01,1.133162975311279297e+00,1.682452559471130371e+00,-2.445942401885986328e+00,-2.993011474609375000e+00
2.040856182575225830e-01,1.585227370262145996e+00,-1.757736802101135254e+00,1.378297328948974609e+00,-2.296791791915893555e+00
3.995290994644165039e-01,1.712352752685546875e+00,-1.875166296958923340e+00,1.518879890441894531e+00,-1.831422567367553711e+00
8.209084272384643555e-01,9.188070893287658691e-01,-1.746037483215332031e+00,-2.300610542297363281e+00,-2.357006072998046875e-01
5.860211253166198730e-01,7.630659937858581543e-01,-3.676300525665283203e+00,-3.034665584564208984e+00,-1.333986222743988037e-02
